segment_id,road_name,road_type,human_segment_id,internal_id,start_lat,start_lon,end_lat,end_lon,length_m,start_km,end_km,road_risk_score,ai_risk_label,ai_risk_probability,prob_low_risk,prob_medium_risk,prob_high_risk,prob_critical_risk,ai_recommended_speed,recommended_safe_speed,road_function_score,infrastructure_score,exposure_score,human_tolerance_limit,operating_speed_score,crash_risk_score,posted_speed_limit,pedestrian_exposure_score,blackspot_flag,crash_count,fatal_crashes,schools_count,lighting_quality,roadside_hazards,intersection_density,speed_compliance_rate,speed_violation_score,hotspot_score,hotspot_category,speed_safety_score,original_safe_speed,misalignment_score,misalignment_category,speed_p85,ptw_share_pct,exposure_tier,urban_rural_flag,lane_count,median_presence,land_use_type,top_ai_factors,congestion_index,congestion_category,congestion_smoothed,operating_speed_mean,minor_crashes,major_crashes,risk_category,final_safe_speed,corridor_base,corridor_seq
92,17th Cross Road,Urban Road,URB-00092,92,12.9589,77.722,12.9559,77.7218,339.4,36.8,37.139,38.6221,Moderate Misalignment,0.9411,0.0579,0.9568,-0.0063,-0.0117,65.7796,65.8104,83.0179,43.3607,29.6793,71.6389,96.8482,0.113,49.3172,20.1307,No,0.0,0.0041,0.0105,Good,Medium,1.5353,10.0,30.4287,25.527,Moderate Risk,68.6421,65.9428,31.7628,Moderate Misalignment,64.6429,64.5654,Separated Traffic,Urban,2.818,True,Mixed,Meets Safe System Standards,0.146,Light,False,52.4603,0.0023,0.0057,Moderate Misalignment,65,17th Cross Road,4
93,17th Main (S. Nijalingappa Road),Urban Road,URB-00093,93,12.99,77.5525,12.9951,77.5528,569.7,37.2,37.77,48.169,High Misalignment,0.5407,0.3884,0.1152,0.5595,0.0058,77.94,79.916,99.7283,0.0,14.6477,77.7651,84.4122,0.2306,59.5778,0.8045,No,0.0,-0.0021,-0.0343,Good,Low,0.2739,10.0,14.3933,37.1178,Moderate Risk,45.4712,80.7835,57.459,High Misalignment,117.9388,42.5947,Separated Traffic,Rural,4.8478,True,Industrial,Speed Limit Misaligned | Poor Infrastructure | Above Human Tolerance Limit,0.1677,Light,False,89.4212,-0.0026,-0.0044,High Misalignment,79,17th Main (S. Nijali,1
94,17th Main Road,Urban Road,URB-00094,94,12.9103,77.5914,12.9168,77.5916,730.9,37.6,38.331,11.4223,Aligned,0.9717,0.9432,-0.0013,0.0122,0.0123,24.3809,25.282,54.0804,0.5668,21.9859,50.7652,86.1108,0.0925,31.264,10.1294,No,0.0,-0.0001,-0.0457,Good,High,2.0584,10.0,10.1578,22.9853,Safe,67.3733,23.2175,20.8823,Aligned,25.5363,52.7695,Side Impact Potential,Peri-Urban,4.0955,False,Commercial,Poor Infrastructure,0.0005,,False,21.5135,-0.0026,0.004,Aligned,25,17th Main Road,1
95,17th Main Road,Urban Road,URB-00095,95,12.9092,77.6414,12.9055,77.6413,418.6,38.0,38.419,12.4121,Aligned,0.9646,0.9644,0.0149,-0.0073,-0.0051,35.1072,36.3602,55.5561,22.1706,25.0448,49.1923,83.3814,0.0,39.8908,17.3064,No,0.0,0.0016,-0.0213,Poor,Low,3.0668,10.0,10.0,22.3668,Safe,72.058,37.379,18.8699,Aligned,36.333,56.486,Side Impact Potential,Urban,1.9852,True,Commercial,Poor Infrastructure,0.0134,,False,28.9859,0.0073,0.0109,Aligned,34,17th Main Road,2
96,17th Main Road,Urban Road,URB-00096,96,12.9405,77.5481,12.9486,77.5494,917.3,38.4,39.317,42.5008,Moderate Misalignment,0.9391,-0.0081,0.9291,0.0596,0.0257,49.5959,48.6661,100.0,1.2545,19.5842,50.6512,97.0945,0.1736,60.0,12.4956,No,0.0,-0.0101,0.0361,Good,Medium,0.347,10.0,22.8205,34.4543,Moderate Risk,52.0294,47.1737,47.0619,Moderate Misalignment,72.0282,50.5381,Side Impact Potential,Peri-Urban,5.9622,False,Industrial,Poor Infrastructure | Above Human Tolerance Limit,-0.0338,,False,59.6414,-0.0051,-0.0096,Moderate Misalignment,50,17th Main Road,3
97,18th Cross Road,Urban Road,URB-00097,97,13.009,77.5623,13.0085,77.5703,1127.2,38.8,39.927,25.0564,Moderate Misalignment,0.5549,0.4392,0.5598,0.0102,0.0069,51.542,49.643,77.8974,35.826,34.3362,49.5634,93.7313,0.2069,49.2097,30.0996,No,0.0,0.0054,0.0438,Good,Low,1.9652,10.0,27.0388,28.6636,Moderate Risk,66.7326,51.6647,33.9015,Moderate Misalignment,63.5954,59.6514,Side Impact Potential,Urban,3.0255,True,Commercial,Meets Safe System Standards,0.0014,,False,55.2272,-0.0153,-0.0084,Moderate Misalignment,52,18th Cross Road,1
98,18th Cross Road,Urban Road,URB-00098,98,12.9744,77.5381,12.9755,77.5385,126.5,39.2,39.327,10.9914,Aligned,0.9954,0.968,-0.0091,0.0118,-0.0109,27.2938,28.5989,27.4195,2.8717,17.0074,51.5139,88.1076,0.0158,27.4713,8.3301,No,0.0,0.0001,0.0003,Poor,High,1.3412,10.0,10.0079,21.0242,Safe,68.1939,28.5792,17.0397,Aligned,30.7072,37.5461,Side Impact Potential,Rural,0.9439,False,Residential,Poor Infrastructure,0.1875,Light,False,22.3056,-0.0046,0.0076,Aligned,29,18th Cross Road,2
99,18th Cross Road,Urban Road,URB-00099,99,12.9295,77.5146,12.9253,77.5231,2285.9,39.6,41.886,33.9539,Moderate Misalignment,0.7847,0.2053,0.7533,-0.0057,0.0003,50.6384,50.905,49.0563,32.3935,43.6173,49.3653,94.2193,0.0544,38.3227,50.9828,No,0.0,-0.0027,0.9684,Good,Medium,2.0095,10.0,29.3832,33.0016,Moderate Risk,64.3545,48.981,36.5552,Moderate Misalignment,49.9827,60.8521,Side Impact Potential,Peri-Urban,1.76,False,Residential,Poor Infrastructure,-0.0305,,False,45.7155,0.0005,-0.0069,Moderate Misalignment,51,18th Cross Road,3
100,18th Cross Road,Urban Road,URB-00100,100,12.9757,77.5386,12.9796,77.5392,435.7,40.0,40.436,11.6391,Aligned,0.9633,0.9803,-0.0118,0.0097,-0.0035,49.5017,46.4706,69.4207,64.4765,33.7443,51.205,85.522,0.1404,49.6438,28.3832,No,0.0,0.0008,-0.0365,Poor,High,1.9268,10.0,10.0,18.6612,Safe,82.7551,47.316,15.9608,Aligned,47.9732,58.7535,Side Impact Potential,Urban,2.0214,False,Industrial,Meets Safe System Standards,0.0202,,False,44.7629,-0.0026,-0.0004,Aligned,49,18th Cross Road,4
101,18th Main Road,Urban Road,URB-00101,101,12.9169,77.5895,12.9217,77.5895,1760.1,40.4,42.16,12.7082,Aligned,0.9449,0.9531,0.049,0.0121,0.0076,29.3188,30.3908,79.3647,22.3361,22.575,49.8066,54.3753,0.2139,40.3988,11.7202,No,0.0,-0.0038,0.0167,Poor,Low,1.6767,10.0,10.0,21.2306,Safe,73.933,30.262,17.7545,Aligned,27.7412,56.6225,Side Impact Potential,Urban,6.1966,False,Residential,Active Congestion | Poor Infrastructure,0.6921,Severe,False,11.8248,-0.0009,-0.009,Aligned,28,18th Main Road,1
102,18th Main Road,Urban Road,URB-00102,102,12.9367,77.6203,12.9412,77.6241,656.2,40.8,41.456,39.1813,Moderate Misalignment,0.9431,0.0236,0.9654,0.0205,-0.0017,81.0583,80.6442,100.0,36.9588,29.5413,80.5895,10.3396,0.0,59.2393,22.2502,No,0.0,0.0016,0.0099,Poor,Medium,0.3144,10.0,10.0,30.3366,Moderate Risk,61.0631,80.291,44.7955,Moderate Misalignment,96.5371,49.4091,Separated Traffic,Peri-Urban,7.9786,True,Commercial,Active Congestion | Above Human Tolerance Limit,0.8009,Severe,False,23.1009,-0.002,0.0029,Moderate Misalignment,78,18th Main Road,2
103,18th Main Road,Urban Road,URB-00103,103,12.9184,77.5552,12.9117,77.5522,817.6,41.2,42.018,32.6919,Moderate Misalignment,0.7884,0.2983,0.7559,-0.0011,0.0011,49.842,49.7117,71.5335,8.7788,22.0028,50.995,100.0,0.0503,49.2742,11.0541,No,0.0,-0.0001,-0.0384,Poor,High,1.9145,10.0,26.8654,27.4442,Moderate Risk,62.3744,50.6652,34.3975,Moderate Misalignment,63.7392,52.6958,Side Impact Potential,Peri-Urban,2.2789,False,Residential,Poor Infrastructure,0.1818,Light,False,49.0861,-0.004,-0.0036,Moderate Misalignment,51,18th Main Road,3
104,18th Main Road,Urban Road,URB-00104,104,12.9006,77.5602,12.903,77.5564,488.1,41.6,42.088,39.5213,Moderate Misalignment,0.8301,0.0667,0.8257,0.1,-0.0004,30.1479,29.6455,80.8248,36.639,43.2571,30.5621,81.6347,0.0,39.814,39.6557,No,0.0,0.0062,1.967,Poor,Medium,2.0713,10.0,10.0,32.4749,Moderate Risk,65.4743,29.8317,35.9781,Moderate Misalignment,36.0206,67.8408,Significant Pedestrian Interaction,Urban,6.1897,False,Commercial,High Pedestrian Interaction | Poor Infrastructure | Above Human Tolerance Limit,0.1557,Light,False,25.6007,-0.0006,0.0052,Moderate Misalignment,29,18th Main Road,4
105,19th Cross Road,Urban Road,URB-00105,105,13.038,77.5534,13.0386,77.5498,420.8,42.0,42.421,15.7095,Aligned,0.8529,0.8205,0.1112,0.039,0.0021,48.5578,39.6027,100.0,34.4866,28.335,81.7008,64.669,40.4963,58.1962,16.4161,Yes,0.0,1.0025,-0.054,Poor,Low,0.5912,10.0,10.0,31.0068,Moderate Risk,69.0962,47.6887,18.6109,Aligned,47.699,68.3354,Separated Traffic,Urban,4.9904,True,Industrial,Meets Safe System Standards,0.1521,Light,False,37.3716,-0.0082,0.005,Aligned,48,19th Cross Road,1
106,19th Cross Road,Urban Road,URB-00106,106,13.1111,77.5908,13.1103,77.593,318.2,42.4,42.718,9.3059,Aligned,0.9983,0.974,0.0357,-0.0071,0.0121,24.5692,25.1524,28.3602,13.9507,15.9618,49.9188,84.0401,0.1135,30.8889,5.8959,No,0.0,0.0046,-0.0817,Poor,High,1.4529,10.0,10.3088,19.5105,Safe,73.2944,26.1755,17.4543,Aligned,24.5407,39.969,Side Impact Potential,Rural,1.019,False,Residential,Poor Infrastructure,0.1886,Light,False,17.7112,-0.0038,-0.0039,Aligned,25,19th Cross Road,2
107,"19th Cross, Kaggadasapura",Urban Road,URB-00107,107,12.984,77.6791,12.9771,77.674,1096.0,42.8,43.896,9.8207,Aligned,0.9737,0.9884,0.0106,0.0155,-0.0051,18.8778,20.899,32.4789,17.1565,24.3343,50.159,78.5332,0.2331,31.1515,16.8197,No,0.0,-0.0007,-0.0113,Good,Medium,1.998,10.0,10.0,21.9609,Safe,72.0812,21.7044,19.4521,Aligned,22.208,48.1012,Side Impact Potential,Peri-Urban,1.9933,False,Residential,Poor Infrastructure,0.188,Light,False,15.5486,0.0172,-0.0073,Aligned,20,"19th Cross, Kaggadas",1
108,19th Main Road,Urban Road,URB-00108,108,12.9047,77.6444,12.9121,77.6446,2110.5,43.2,45.311,12.4304,Aligned,0.8716,0.8808,0.1542,0.0186,-0.0008,42.4601,41.3049,100.0,15.0892,15.9861,80.7436,59.9422,0.0,58.1952,5.5134,No,0.0,0.0002,0.0188,Poor,High,0.1738,10.0,10.2663,18.7011,Safe,73.1936,41.7281,15.6314,Aligned,45.204,37.8711,Separated Traffic,Rural,4.013,True,Residential,Poor Infrastructure,0.1657,Light,False,33.4213,-0.0078,-0.0054,Aligned,43,19th Main Road,1
109,19th Main Road,Urban Road,URB-00109,109,13.004,77.55,12.9952,77.5516,998.7,43.6,44.599,11.6291,Aligned,0.9781,0.9776,0.0119,-0.0008,-0.0049,21.2541,21.7865,62.3423,0.478,21.5312,50.0362,80.277,0.3083,30.3052,2.3905,No,0.0,0.0086,0.0741,Poor,Medium,3.5294,10.0,10.3388,23.2187,Safe,67.9979,23.0243,19.6118,Aligned,19.8698,63.4523,Side Impact Potential,Urban,3.037,True,Commercial,Poor Infrastructure,-0.0079,,False,18.4073,0.0062,0.0042,Aligned,22,19th Main Road,2
110,19th Main Road,Urban Road,URB-00110,110,13.0394,77.6279,13.0395,77.6294,234.3,44.0,44.234,12.8757,Aligned,0.9465,1.0092,0.0412,0.0165,-0.0154,53.8374,52.0895,100.0,12.4901,18.4688,80.9403,13.2542,0.0405,60.0,12.1318,No,0.0,0.0032,-0.0127,Good,High,0.1693,10.0,10.0,20.0032,Safe,70.7201,52.429,17.6041,Aligned,50.4995,38.9424,Separated Traffic,Rural,4.1957,True,Residential,Active Congestion | Poor Infrastructure,0.742,Severe,False,14.7757,0.0015,0.0078,Aligned,54,19th Main Road,3
111,1st A Cross Road,Urban Road,URB-00111,111,12.9334,77.6233,12.9359,77.6153,986.1,44.4,45.386,9.7687,Aligned,0.9533,0.9597,0.0956,-0.0138,-0.002,28.9087,30.1933,28.901,1.7093,13.1211,50.1307,94.5531,0.0,30.1095,4.5965,No,0.0,-0.0099,0.0006,Good,Low,1.1784,10.0,10.0,20.4632,Safe,69.5457,28.65,16.6552,Aligned,29.7969,33.9668,Side Impact Potential,Rural,2.1719,False,Residential,Poor Infrastructure,0.0009,,False,25.7783,0.0194,-0.0014,Aligned,29,1st A Cross Road,1
112,1st A Cross Road,Urban Road,URB-00112,112,13.0089,77.5402,13.007,77.5398,223.2,44.8,45.023,35.6451,Moderate Misalignment,0.7666,0.24,0.7658,-0.0054,-0.0012,49.1565,49.3326,69.4583,8.7868,22.4933,48.8827,99.9142,0.0,47.6202,12.9517,No,0.0,0.0062,0.0225,Poor,High,1.7866,10.0,26.3548,28.1594,Moderate Risk,61.3564,48.6881,34.4453,Moderate Misalignment,61.592,53.8095,Side Impact Potential,Peri-Urban,2.0938,False,Residential,Poor Infrastructure,0.1646,Light,False,49.9494,0.0055,-0.0099,Moderate Misalignment,49,1st A Cross Road,2
113,1st A Cross Road,Urban Road,URB-00113,113,12.8855,77.579,12.8858,77.5807,185.5,45.2,45.386,11.816,Aligned,0.976,0.9349,0.0468,-0.0008,-0.0011,38.1264,37.9638,82.0832,13.1715,23.0269,49.1519,78.6441,0.0,49.8103,8.5886,No,0.0,-0.0011,0.0095,Good,Low,2.0369,10.0,10.0,21.8644,Safe,71.2252,36.5636,19.2298,Aligned,39.793,61.8891,Side Impact Potential,Urban,6.1282,False,Industrial,Poor Infrastructure,-0.0147,,False,35.9399,-0.0109,-0.0028,Aligned,39,1st A Cross Road,3
114,1st A Cross Road,Urban Road,URB-00114,114,12.9722,77.6553,12.9732,77.6553,108.4,45.6,45.708,14.6123,Aligned,0.8745,0.8333,0.1332,-0.0046,0.0041,44.2279,43.9826,99.8408,0.0,15.7955,80.2211,63.9061,0.1812,58.5845,9.1183,No,0.0,0.0076,-0.0359,Good,Medium,0.1132,10.0,10.0,21.4268,Safe,68.4616,44.4074,18.5063,Aligned,45.8349,35.6487,Separated Traffic,Rural,4.8491,True,Residential,Poor Infrastructure,0.0075,,False,34.6035,-0.0037,0.0002,Aligned,43,1st A Cross Road,4
115,1st A Cross,Urban Road,URB-00115,115,12.9192,77.5524,12.9188,77.5539,163.7,46.0,46.164,33.1379,Moderate Misalignment,0.769,0.1822,0.816,-0.0027,-0.0042,49.379,51.8319,70.7328,59.0647,46.9472,48.5212,47.6607,0.0,47.9039,46.5931,No,0.0,0.0081,2.004,Good,Medium,2.3043,10.0,25.6368,29.6379,Moderate Risk,70.0397,49.1534,33.8576,Moderate Misalignment,61.6233,66.6408,Side Impact Potential,Urban,1.8374,False,Mixed,Active Congestion,0.7925,Severe,False,14.1185,0.0073,0.0026,Moderate Misalignment,50,1st A Cross,1
116,1st A Main Road,Urban Road,URB-00116,116,13.0991,77.5849,13.0935,77.5825,678.7,46.4,47.079,69.8281,High Misalignment,0.893,0.0777,0.0619,0.8895,-0.0009,77.6244,79.8547,100.0,0.5349,11.941,79.2631,26.7832,0.0365,59.6854,0.0,No,0.0,0.0038,0.0364,Poor,Low,0.0853,10.0,24.1204,34.5148,Moderate Risk,48.4156,81.1062,52.9544,High Misalignment,110.8413,39.6059,Separated Traffic,Rural,4.1596,True,Residential,Speed Limit Misaligned | Active Congestion | Poor Infrastructure,0.6388,Severe,False,41.9164,-0.0136,0.0127,High Misalignment,81,1st A Main Road,1
117,1st A Main Road,Urban Road,URB-00117,117,12.9143,77.6027,12.9136,77.6027,81.3,46.8,46.881,18.3536,Aligned,0.6802,0.6446,0.2703,-0.005,0.0016,49.3508,47.787,74.2198,18.2787,32.8717,48.5535,88.741,0.0,49.411,23.2774,No,0.0,-0.0001,0.9668,Good,Low,1.9222,10.0,18.6713,28.3582,Moderate Risk,65.5158,50.2871,30.6452,Moderate Misalignment,56.6847,67.4393,Side Impact Potential,Urban,3.8906,False,Industrial,Poor Infrastructure,0.1859,Light,False,43.3971,-0.0019,0.0045,Aligned,50,1st A Main Road,2
118,1st A Road,Urban Road,URB-00118,118,12.9772,77.7182,12.9732,77.7179,448.7,47.2,47.649,26.7179,Moderate Misalignment,0.506,0.4716,0.5301,0.0079,-0.0075,78.0913,82.186,98.6789,28.5328,24.801,80.9262,73.9086,0.5903,60.0,14.9295,No,0.0,-0.0052,-0.0963,Poor,Low,0.584,10.0,10.401,24.9455,Moderate Risk,66.419,81.1879,29.6937,Moderate Misalignment,85.1677,53.9336,Separated Traffic,Peri-Urban,6.1358,True,Residential,Poor Infrastructure | Above Human Tolerance Limit,-0.0072,,False,73.4443,-0.0185,0.0004,Moderate Misalignment,79,1st A Road,1
119,1st Cross Road,Urban Road,URB-00119,119,13.0377,77.5222,13.0438,77.5253,804.1,47.6,48.404,9.9226,Aligned,0.9553,0.9276,0.0781,-0.0175,-0.0001,22.6499,19.2949,54.46,19.5538,21.1538,49.3618,76.0504,0.0,28.835,18.3685,No,0.0,0.0065,0.0343,Good,Low,0.6717,10.0,10.0,20.4927,Safe,73.7712,19.6921,16.2274,Aligned,19.0095,36.906,Side Impact Potential,Rural,3.0724,False,Industrial,Poor Infrastructure,0.2183,Light,False,16.9273,0.0031,0.0076,Aligned,21,1st Cross Road,1
120,1st Cross Road,Urban Road,URB-00120,120,12.9751,77.5449,12.9766,77.5454,181.7,48.0,48.182,24.4024,Aligned,0.7249,0.7629,0.1086,0.1835,-0.0011,61.3724,58.8156,99.4573,11.2037,20.3696,80.4741,82.3577,0.0,60.0,5.4884,No,0.0,-0.0008,-0.0011,Good,Low,0.3235,10.0,10.1562,21.151,Safe,71.8762,61.373,16.0291,Aligned,59.078,56.0399,Separated Traffic,Peri-Urban,7.1185,True,Residential,Poor Infrastructure,-0.0094,,False,47.5529,-0.0094,0.0008,Aligned,60,1st Cross Road,2
121,1st Cross Road,Urban Road,URB-00121,121,13.0258,77.5208,13.0351,77.5274,1359.5,48.4,49.76,14.341,Aligned,0.9091,0.8998,0.1287,-0.0083,0.009,40.5612,38.0271,99.9346,23.0871,24.4794,81.5934,60.959,0.1793,60.0,19.8312,No,0.0,-0.0153,0.0126,Good,High,0.367,10.0,10.2567,21.0979,Safe,73.522,40.6964,16.9003,Aligned,40.4051,48.7604,Separated Traffic,Peri-Urban,3.8576,True,Residential,Poor Infrastructure,0.0032,,False,35.4214,-0.0012,0.0167,Aligned,38,1st Cross Road,3
122,1st Cross Road,Urban Road,URB-00122,122,12.8923,77.5956,12.8922,77.5943,167.5,48.8,48.968,8.9805,Aligned,0.9467,0.9111,0.0196,0.0106,-0.0013,46.8778,49.145,72.8883,24.7543,30.7989,50.1136,87.4354,0.4402,51.1332,24.9054,No,0.0,0.0033,0.0251,Good,Medium,2.1501,10.0,10.0,25.2641,Moderate Risk,68.9297,48.8897,23.063,Aligned,53.6183,60.4094,Side Impact Potential,Urban,2.9227,False,Commercial,Poor Infrastructure,0.1996,Light,False,39.8168,-0.0102,-0.0106,Aligned,49,1st Cross Road,4
123,1st Cross Road,Urban Road,URB-00123,123,12.9996,77.5326,12.9981,77.5365,502.6,49.2,49.703,28.2272,Moderate Misalignment,0.5876,0.3834,0.5751,0.059,0.0035,64.5627,64.0596,100.0,33.7928,29.2346,80.0731,38.5343,0.1033,60.0,24.9145,No,0.0,0.0012,-0.0383,Poor,High,0.5623,10.0,10.0,26.5959,Moderate Risk,68.5398,63.7086,31.9289,Moderate Misalignment,61.9943,56.9339,Separated Traffic,Urban,6.8575,True,Residential,Poor Infrastructure | Above Human Tolerance Limit,0.1506,Light,False,48.5461,0.0026,0.0006,Moderate Misalignment,66,1st Cross Road,5
124,1st Cross Road,Urban Road,URB-00124,124,12.9192,77.5524,12.9199,77.5514,176.2,49.6,49.776,10.2325,Aligned,0.9426,0.9825,0.052,-0.0098,-0.0056,40.5043,39.9265,78.2881,26.8856,29.7834,50.1584,68.4824,0.1921,47.572,18.5274,No,0.0,-0.0045,-0.0371,Good,Low,2.043,10.0,10.0244,22.783,Safe,74.0375,40.0074,20.829,Aligned,40.9853,66.5488,Side Impact Potential,Urban,5.8783,False,Residential,Poor Infrastructure,0.2257,Light,False,25.266,0.0021,0.0009,Aligned,39,1st Cross Road,6
125,1st Cross Road,Urban Road,URB-00125,125,12.9605,77.5694,12.9589,77.5695,179.0,50.0,50.179,14.498,Aligned,0.9039,0.8927,0.1302,0.0101,-0.0007,45.2654,44.2382,100.0,40.9108,30.0375,79.7134,68.1855,0.0,59.626,23.7165,No,0.0,0.0098,0.9531,Good,Medium,0.5669,10.0,10.0,20.9005,Safe,76.889,45.5059,18.6453,Aligned,46.2476,58.5192,Separated Traffic,Urban,6.129,True,Mixed,Meets Safe System Standards,0.0048,,False,36.7283,0.0002,-0.0054,Aligned,44,1st Cross Road,7
126,1st Cross Road,Urban Road,URB-00126,126,12.9481,77.5422,12.9421,77.5446,938.2,50.4,51.338,11.1226,Aligned,0.9735,0.9886,0.0499,0.0037,0.0071,36.5216,36.568,83.5891,59.5197,34.7061,50.4329,75.5688,0.0,52.3312,25.8313,No,0.0,-0.0007,-0.0353,Good,Medium,1.7414,10.0,10.0243,19.1507,Safe,81.8314,36.4871,15.0925,Aligned,36.5053,66.4894,Side Impact Potential,Urban,5.0722,True,Commercial,Meets Safe System Standards,0.0038,,False,35.2787,0.0025,-0.0041,Aligned,37,1st Cross Road,8
127,1st Cross Road,Urban Road,URB-00127,127,12.8922,77.5819,12.8914,77.576,652.0,50.8,51.452,11.216,Aligned,0.9655,0.9365,0.0491,0.0033,-0.0034,34.8405,36.6236,80.8674,9.0146,23.6339,50.1761,76.944,0.1478,50.0555,8.9536,No,0.0,-0.0,0.0153,Good,Low,2.0683,10.0,10.0246,21.9255,Safe,70.4351,39.332,18.7016,Aligned,40.6353,61.6811,Side Impact Potential,Urban,5.9204,False,Industrial,Poor Infrastructure,-0.0161,,False,36.7602,-0.0102,0.0051,Aligned,38,1st Cross Road,9
128,1st Cross Road,Urban Road,URB-00128,128,12.8709,77.5766,12.8708,77.5796,363.6,51.2,51.564,12.4206,Aligned,0.9404,0.9889,0.0375,0.0032,0.0105,61.0773,59.2238,99.3331,0.4042,13.0225,79.1748,59.5841,0.0316,59.2842,3.0521,No,0.0,-0.0015,-0.0479,Poor,High,0.2328,10.0,10.0,20.3459,Safe,69.5506,60.8251,17.4456,Aligned,58.5569,39.959,Separated Traffic,Rural,3.724,True,Residential,Poor Infrastructure,0.2152,Light,False,42.5898,0.0065,0.0021,Aligned,61,1st Cross Road,10
129,1st Cross Road,Urban Road,URB-00129,129,12.9294,77.6162,12.9281,77.6195,393.2,51.6,51.993,11.8411,Aligned,0.9723,0.9882,0.0403,-0.0221,0.0101,43.3464,38.8128,74.4973,11.9296,24.9203,50.18,74.7151,0.1658,49.6558,15.0646,No,0.0,-0.0034,0.0391,Poor,Medium,1.8166,10.0,10.1544,23.4257,Safe,69.8167,39.0351,20.8562,Aligned,41.3691,57.041,Side Impact Potential,Urban,3.9687,False,Mixed,Poor Infrastructure,-0.0091,,False,32.9902,-0.0074,0.0054,Aligned,42,1st Cross Road,11
130,1st Cross Road,Urban Road,URB-00130,130,12.9606,77.7172,12.9591,77.7177,235.2,52.0,52.235,11.6906,Aligned,0.8795,0.8869,0.1037,0.0017,-0.0036,57.4797,57.925,98.7131,0.0,19.2694,79.3636,68.5335,0.1181,58.4442,5.2371,No,0.0,-0.0162,-0.0173,Poor,High,0.4805,10.0,10.9746,22.0895,Safe,68.2695,56.3913,19.9597,Aligned,55.5982,51.7596,Separated Traffic,Peri-Urban,4.0088,True,Industrial,Poor Infrastructure,-0.0214,,False,49.3978,-0.0106,-0.0185,Aligned,55,1st Cross Road,12
131,1st Cross Road,Urban Road,URB-00131,131,12.9879,77.5631,12.9877,77.5651,211.4,52.4,52.611,38.5508,Aligned,0.3797,0.3999,0.2838,0.2987,-0.003,57.2111,56.0086,100.0,0.5721,17.0223,79.0038,44.9458,0.658,60.0,8.4772,No,0.0,0.0034,-0.0228,Poor,Low,0.2647,10.0,10.3063,21.4675,Safe,68.1735,55.2658,16.993,Aligned,58.5183,38.5838,Separated Traffic,Rural,8.0013,True,Industrial,Poor Infrastructure,0.1487,Light,False,43.0327,0.0002,0.0078,Aligned,58,1st Cross Road,13
132,1st Cross Road,Urban Road,URB-00132,132,13.0354,77.6286,13.036,77.6313,302.2,52.8,53.102,16.8499,Aligned,0.6897,0.6705,0.3353,-0.003,0.0059,32.4652,31.0831,56.053,27.524,37.1446,49.8091,91.8044,0.4275,59.6867,38.2839,No,0.0,0.0123,1.0284,Poor,High,2.2702,10.0,10.0931,25.8765,Moderate Risk,72.2388,31.4398,24.031,Aligned,31.968,62.7396,Side Impact Potential,Urban,4.047,False,Residential,Poor Infrastructure,0.131,Light,False,25.0989,-0.0007,-0.0031,Aligned,33,1st Cross Road,14
133,1st Cross Road,Urban Road,URB-00133,133,12.9341,77.5504,12.9352,77.5497,135.3,53.2,53.335,48.7714,Moderate Misalignment,0.7205,0.0114,0.7571,0.2692,0.0286,48.3753,51.0015,100.0,26.4139,25.5119,50.327,96.6257,0.0208,58.7336,10.8908,No,0.0,-0.0104,0.0266,Poor,Low,0.4883,10.0,23.1833,31.3537,Moderate Risk,58.9319,49.6837,45.2235,Moderate Misalignment,74.7809,61.0571,Side Impact Potential,Urban,7.8014,False,Commercial,Poor Infrastructure | Above Human Tolerance Limit,-0.0112,,False,63.763,-0.0125,0.0044,Moderate Misalignment,50,1st Cross Road,15
134,1st Cross Road,Urban Road,URB-00134,134,12.9721,77.658,12.9722,77.6553,296.5,53.6,53.897,11.9794,Aligned,0.9418,0.9692,0.082,0.0101,-0.0028,33.4566,31.0864,51.7887,10.8863,25.7893,49.4999,76.6529,0.0,40.8376,17.5223,No,0.0,0.0058,0.001,Poor,Low,2.1565,10.0,10.0,23.3575,Safe,70.1149,33.0619,20.4261,Aligned,30.6266,51.5156,Side Impact Potential,Peri-Urban,2.9697,False,Industrial,Poor Infrastructure,0.1916,Light,False,25.6414,-0.0032,0.0045,Aligned,33,1st Cross Road,16
135,1st F Cross Road,Urban Road,URB-00135,135,12.9969,77.5381,12.9954,77.5376,175.2,54.0,54.175,16.3296,Aligned,0.7332,0.7014,0.2614,0.0094,0.0053,30.6065,29.8751,64.153,32.6613,36.5165,48.0307,92.8434,0.3001,29.5331,27.1876,No,0.0,-0.0119,0.0527,Poor,Low,2.8278,10.0,10.0,24.5086,Safe,74.0193,29.4144,22.1808,Aligned,31.5173,67.1065,Side Impact Potential,Urban,4.0389,True,Residential,Poor Infrastructure,0.0134,,False,24.4537,0.0025,-0.0028,Aligned,30,1st F Cross Road,1
136,1st Main Mico Layout,Urban Road,URB-00136,136,12.8873,77.5917,12.8854,77.5915,783.3,54.4,55.183,10.6387,Aligned,0.9825,1.0345,-0.0155,0.0066,0.0023,17.3132,18.6146,27.8709,0.0,15.0948,49.8162,89.6026,0.0,21.4677,3.8865,No,0.0,0.0114,0.0085,Poor,High,1.8618,10.0,10.0767,20.5081,Safe,69.5178,15.1508,18.8184,Aligned,16.0328,41.6127,Side Impact Potential,Rural,1.8907,False,Industrial,Poor Infrastructure,0.2195,Light,False,12.4203,-0.0064,-0.0029,Aligned,17,1st Main Mico Layout,1