segment_id,road_name,road_type,human_segment_id,internal_id,start_lat,start_lon,end_lat,end_lon,length_m,start_km,end_km,road_risk_score,ai_risk_label,ai_risk_probability,prob_low_risk,prob_medium_risk,prob_high_risk,prob_critical_risk,ai_recommended_speed,recommended_safe_speed,road_function_score,infrastructure_score,exposure_score,human_tolerance_limit,operating_speed_score,crash_risk_score,posted_speed_limit,pedestrian_exposure_score,blackspot_flag,crash_count,fatal_crashes,schools_count,lighting_quality,roadside_hazards,intersection_density,speed_compliance_rate,speed_violation_score,hotspot_score,hotspot_category,speed_safety_score,original_safe_speed,misalignment_score,misalignment_category,speed_p85,ptw_share_pct,exposure_tier,urban_rural_flag,lane_count,median_presence,land_use_type,top_ai_factors,congestion_index,congestion_category,congestion_smoothed,operating_speed_mean,minor_crashes,major_crashes,risk_category,final_safe_speed,corridor_base,corridor_seq
137,1st Main Road,Urban Road,URB-00137,137,12.9742,77.5092,12.972,77.5127,458.2,54.8,55.258,14.1012,Aligned,0.8935,0.9282,0.0874,-0.0116,-0.0125,50.7242,53.9579,100.0,0.5886,15.3272,79.6783,59.6828,0.0,60.0,8.9914,No,0.0,0.005,0.0763,Poor,Low,0.1031,10.0,10.0,21.0013,Safe,68.5114,51.7293,18.3011,Aligned,55.0155,36.1153,Separated Traffic,Rural,7.0124,True,Industrial,Approach to Congestion (Tapered) | Poor Infrastructure,-0.0069,,True,44.332,0.0004,-0.0,Aligned,52,1st Main Road,1
138,1st Main Road,Urban Road,URB-00138,138,12.9843,77.729,12.9882,77.7317,593.3,55.2,55.793,68.6987,High Misalignment,0.78,0.0291,0.204,0.8129,0.0074,31.9035,31.2067,77.0348,51.1151,50.1479,27.9158,70.6804,0.0344,60.0,57.8145,No,0.0,-0.0141,0.9987,Good,Medium,1.734,10.0,10.0,42.307,Moderate Risk,53.5849,29.1394,63.73,High Misalignment,46.6865,58.4401,Significant Pedestrian Interaction,Urban,2.0265,True,Mixed,Speed Limit Misaligned | High Pedestrian Interaction | Above Human Tolerance Limit,-0.0263,,False,40.1313,0.0102,-0.0055,High Misalignment,30,1st Main Road,2
139,1st Main Road,Urban Road,URB-00139,139,13.0129,77.5581,13.0114,77.5589,3496.0,55.6,59.096,13.5317,Aligned,0.9134,0.9647,0.0403,-0.0035,0.0039,26.4703,22.383,57.1723,29.7589,27.2834,49.1994,88.7799,0.4344,31.1143,20.0017,No,0.0,0.0031,0.0037,Poor,Low,1.6794,10.0,10.0,21.7055,Safe,74.7612,24.0364,19.2156,Aligned,26.824,49.638,Side Impact Potential,Peri-Urban,4.0657,False,Industrial,Poor Infrastructure,-0.0007,,False,24.3093,0.0102,0.0062,Aligned,28,1st Main Road,3
140,1st Main Road,Urban Road,URB-00140,140,12.9981,77.6634,12.9973,77.6629,137.6,56.0,56.138,9.2322,Aligned,0.9909,0.9969,0.0006,0.0018,0.0084,14.0073,19.2347,21.7176,36.9068,32.7188,28.244,91.2416,0.225,59.5743,25.2725,No,0.0,-0.013,1.0172,Good,Medium,2.803,10.0,10.0,22.515,Safe,75.5449,14.0398,19.0044,Aligned,18.5053,59.2437,Significant Pedestrian Interaction,Peri-Urban,1.0269,False,Mixed,High Pedestrian Interaction,-0.0223,,False,16.713,0.0087,-0.0099,Aligned,14,1st Main Road,4
141,1st Main Road,Urban Road,URB-00141,141,12.9665,77.5446,12.9688,77.5367,897.8,56.4,57.298,10.1779,Aligned,0.9774,0.9675,0.0541,-0.0029,-0.0013,40.5599,40.959,84.9805,31.9625,44.8385,50.719,72.258,0.2086,51.556,43.3078,No,0.0,-0.0053,1.0496,Poor,Low,1.8768,10.0,10.4252,28.2244,Moderate Risk,71.4006,40.3214,25.38,Aligned,39.4274,65.6032,Side Impact Potential,Urban,4.8286,True,Residential,Poor Infrastructure,0.113,Light,False,31.2265,0.0011,-0.0145,Aligned,40,1st Main Road,5
142,1st Main Road,Urban Road,URB-00142,142,12.9637,77.5304,12.9709,77.5311,814.4,56.8,57.614,8.3335,Aligned,0.9965,1.0046,-0.0519,-0.0008,-0.0032,36.4831,38.619,54.6908,4.3343,15.8218,51.1202,81.4968,0.0927,39.1717,9.8961,No,0.0,0.0011,-0.0437,Poor,Low,1.3305,10.0,10.0,20.9044,Safe,70.3075,38.6116,18.4266,Aligned,38.8462,38.9548,Side Impact Potential,Rural,3.759,False,Residential,Poor Infrastructure,0.2184,Light,False,28.0294,0.0015,-0.0037,Aligned,37,1st Main Road,6
143,1st Main Road,Urban Road,URB-00143,143,12.8841,77.6385,12.8848,77.6424,461.2,57.2,57.661,14.4336,Aligned,0.8492,0.8702,0.1596,0.009,-0.0121,35.3901,37.9874,78.4822,26.1664,27.5019,50.5251,90.0028,0.4311,40.9458,17.5823,No,0.0,-0.0014,-0.0022,Good,Low,1.8862,10.0,10.0,21.9455,Safe,73.9394,36.1639,18.1497,Aligned,34.5291,56.0974,Side Impact Potential,Urban,5.8734,False,Industrial,Poor Infrastructure,0.0087,,False,33.4412,-0.0001,-0.0112,Aligned,39,1st Main Road,7
144,1st Main Road,Urban Road,URB-00144,144,12.9315,77.5926,12.9329,77.5861,732.5,57.6,58.333,9.748,Aligned,0.9755,0.9892,0.0181,0.0103,-0.0012,21.6611,19.8325,30.357,15.7215,23.5889,49.9492,77.8866,0.3125,31.23,16.1307,No,0.0,0.0008,-0.039,Good,Medium,2.0885,10.0,10.0,21.9769,Safe,71.9614,21.3221,19.3979,Aligned,20.4325,48.42,Side Impact Potential,Peri-Urban,2.3186,False,Residential,Poor Infrastructure,0.1981,Light,False,16.0064,0.0109,0.0045,Aligned,22,1st Main Road,8
145,1st Main Road,Urban Road,URB-00145,145,12.9293,77.6347,12.9293,77.6347,1006.8,58.0,59.007,15.1348,Aligned,0.8491,0.8523,0.166,0.0,-0.0036,36.9967,36.2999,82.6953,29.6667,24.8966,50.214,90.3018,0.0798,41.2,19.4208,No,0.0,0.0057,-0.0033,Good,Low,1.882,10.0,10.0,21.2459,Safe,74.5136,37.819,19.6863,Aligned,36.3133,56.2627,Side Impact Potential,Urban,5.9238,False,Industrial,Poor Infrastructure,0.0089,,False,33.0502,-0.0015,0.0061,Aligned,39,1st Main Road,9
146,1st Main Road,Urban Road,URB-00146,146,12.9267,77.6005,12.9309,77.6067,1025.7,58.4,59.426,42.699,Moderate Misalignment,0.8451,0.0369,0.8475,0.0981,0.009,44.2133,41.1888,100.0,9.8267,17.9584,49.4292,66.7837,0.462,60.0,5.8777,No,0.0,-0.0007,-0.0113,Poor,Low,0.4022,10.0,10.3045,25.4893,Moderate Risk,63.6601,43.1327,29.9378,Moderate Misalignment,45.689,48.8165,Side Impact Potential,Peri-Urban,7.31,False,Industrial,Poor Infrastructure | Above Human Tolerance Limit,-0.0127,,False,34.0657,0.0057,-0.0159,Moderate Misalignment,45,1st Main Road,10
147,1st Main Road,Urban Road,URB-00147,147,12.9318,77.5445,12.9277,77.5514,875.2,58.8,59.675,16.7813,Aligned,0.768,0.8105,0.177,0.0024,-0.005,43.583,45.9587,48.6961,19.5724,22.2146,51.3722,95.0387,0.3686,40.7854,8.814,No,0.0,-0.008,0.0033,Good,Medium,2.0195,10.0,10.0,22.2416,Safe,69.3665,44.9586,21.237,Aligned,45.2713,58.3734,Side Impact Potential,Peri-Urban,1.8083,False,Residential,Poor Infrastructure,-0.0087,,False,39.0198,0.0042,0.0042,Aligned,43,1st Main Road,11
148,1st Main Road,Urban Road,URB-00148,148,12.9998,77.5998,13.0,77.5949,542.7,59.2,59.743,34.7552,Moderate Misalignment,0.915,0.0719,0.9245,-0.0147,0.0132,48.5576,46.895,76.5494,34.2359,32.0763,49.7269,99.467,0.0,39.5274,19.3926,No,0.0,0.0065,0.0479,Poor,Low,2.6294,10.0,20.6275,25.4179,Moderate Risk,71.9076,49.8051,26.8554,Moderate Misalignment,46.5216,65.0192,Side Impact Potential,Urban,5.058,False,Residential,Poor Infrastructure,0.0059,,False,38.6981,0.0041,0.0002,Moderate Misalignment,48,1st Main Road,12
149,1st Main Road,Urban Road,URB-00149,149,13.0379,77.5701,13.046,77.5728,1189.8,59.6,60.79,12.6505,Aligned,0.9494,0.9723,0.0773,0.0266,-0.0021,37.4274,36.6363,54.8131,15.2958,26.2165,48.7792,90.4722,0.2001,40.7148,18.017,No,0.0,-0.0044,0.0798,Good,Medium,1.8611,10.0,10.0,23.9488,Safe,70.9028,36.5563,19.694,Aligned,38.0615,54.5909,Side Impact Potential,Peri-Urban,3.8896,False,Residential,Poor Infrastructure,-0.0133,,False,32.0341,-0.0106,0.0224,Aligned,36,1st Main Road,13
150,1st Main Road,Urban Road,URB-00150,150,13.0347,77.5718,13.037,77.5716,270.8,60.0,60.271,25.1089,Aligned,0.5608,0.5886,0.3919,0.0193,-0.0043,49.609,51.6106,52.6157,57.2958,34.9462,50.7434,91.6465,0.3827,38.8886,34.2177,No,0.0,0.013,-0.0205,Good,Low,2.1256,10.0,26.4067,24.5301,Moderate Risk,74.8085,48.215,29.4032,Moderate Misalignment,52.7248,56.633,Side Impact Potential,Urban,2.7649,False,Industrial,Meets Safe System Standards,0.022,,False,47.1559,0.0165,0.0114,Aligned,51,1st Main Road,14
151,1st Main Road,Urban Road,URB-00151,151,13.0579,77.5879,13.0637,77.5868,655.7,60.4,61.056,33.2593,Moderate Misalignment,0.5782,0.3401,0.5482,0.1128,-0.0061,59.0166,62.0567,100.0,30.2032,24.09,82.1462,91.9475,0.2456,60.0,15.9999,No,0.0,-0.0033,0.0144,Poor,High,0.5925,10.0,10.3922,20.5297,Safe,75.7613,57.6102,15.9249,Aligned,58.6242,52.2376,Separated Traffic,Peri-Urban,6.7588,True,Industrial,Poor Infrastructure,0.0069,,False,54.2774,-0.0114,0.0067,Moderate Misalignment,60,1st Main Road,15
152,1st Main Road,Urban Road,URB-00152,152,12.9353,77.6157,12.9339,77.6128,348.9,60.8,61.149,36.7244,Moderate Misalignment,0.9195,0.0902,0.9287,0.0116,0.0167,31.3918,32.6845,56.9248,43.738,44.5289,49.4319,96.7462,0.0,29.6091,50.8973,No,0.0,-0.0025,0.9602,Good,Low,3.5228,10.0,10.0173,27.1078,Moderate Risk,73.0566,32.9544,25.8457,Moderate Misalignment,33.0928,57.6085,Side Impact Potential,Urban,2.0122,True,Commercial,Meets Safe System Standards,-0.0048,,False,26.9576,0.0073,0.0152,Moderate Misalignment,32,1st Main Road,16
153,1st Main Road,Urban Road,URB-00153,153,12.9359,77.6153,12.9365,77.6149,78.5,61.2,61.279,17.8103,Aligned,0.7794,0.7886,0.1587,0.0594,0.0003,57.4889,56.6079,99.4522,9.5166,19.4691,79.1748,83.7437,0.2519,58.2031,6.5621,No,0.0,-0.0036,0.0386,Poor,High,0.3468,10.0,10.0,20.7176,Safe,70.8063,57.3011,18.946,Aligned,58.4518,53.8979,Separated Traffic,Peri-Urban,8.1146,True,Commercial,Poor Infrastructure,-0.0173,,False,50.9947,-0.0028,-0.0128,Aligned,59,1st Main Road,17
154,1st Main Road,Urban Road,URB-00154,154,12.8927,77.6198,12.8865,77.6153,1179.9,61.6,62.78,11.8797,Aligned,0.9861,0.9701,0.048,-0.0015,-0.0054,23.5227,23.8212,56.753,0.0641,11.6787,50.7183,83.4427,0.2441,29.1063,1.7226,No,0.0,0.0035,0.056,Poor,High,0.8184,10.0,10.3519,20.4254,Safe,69.5185,25.1461,18.4763,Aligned,23.5287,37.8431,Side Impact Potential,Rural,4.1835,False,Industrial,Poor Infrastructure,0.1694,Light,False,18.9987,0.0019,0.005,Aligned,24,1st Main Road,18
155,1st Main Road,Urban Road,URB-00155,155,12.9441,77.4947,12.9465,77.487,888.5,62.0,62.889,13.3249,Aligned,0.8838,0.8907,0.075,0.0019,0.0023,37.9815,37.6575,76.6373,47.7511,45.8399,50.3022,88.2124,0.1591,38.0775,51.9431,No,0.0,0.0008,0.9154,Good,High,2.1627,10.0,10.3784,25.7278,Moderate Risk,76.2204,36.8885,21.8636,Aligned,37.0361,61.6127,Side Impact Potential,Urban,1.8116,True,Mixed,Meets Safe System Standards,-0.0259,,False,29.1687,0.0028,0.0064,Aligned,36,1st Main Road,19
156,1st Main Road,Urban Road,URB-00156,156,12.9712,77.5519,12.9755,77.5535,523.8,62.4,62.924,9.2079,Aligned,0.951,0.9724,0.0277,0.0015,0.0005,14.6779,20.9698,29.4205,13.4427,24.3412,48.766,90.9078,0.2733,20.0,23.5389,No,0.0,0.0045,1.0311,Poor,High,2.0482,10.0,10.2216,23.3906,Safe,71.1954,16.4237,20.6532,Aligned,15.6452,38.1126,Side Impact Potential,Rural,1.3692,False,Residential,Poor Infrastructure,0.0021,,False,14.9844,-0.0108,-0.0041,Aligned,14,1st Main Road,20
157,1st Main Road,Urban Road,URB-00157,157,12.9309,77.6098,12.9313,77.6074,296.7,62.8,63.097,34.1122,Moderate Misalignment,0.744,0.264,0.7114,0.0088,-0.0027,51.3908,51.0478,84.9125,12.4088,24.0834,50.611,92.5906,0.5959,42.8943,12.1104,No,0.0,-0.0036,0.0098,Poor,Medium,2.4276,10.0,30.7235,27.8419,Moderate Risk,63.5871,51.0445,33.6885,Moderate Misalignment,51.4667,63.0451,Side Impact Potential,Urban,4.9294,True,Residential,Poor Infrastructure,-0.0033,,False,45.8417,-0.0124,-0.0109,Moderate Misalignment,50,1st Main Road,21
158,1st Main Road,Urban Road,URB-00158,158,12.9327,77.5161,12.9299,77.5208,599.4,63.2,63.799,41.1267,Moderate Misalignment,0.9478,0.0277,0.9302,0.035,0.0082,80.1542,80.5264,99.8791,35.9688,26.4656,78.9555,10.831,0.3097,60.0,22.9455,No,0.0,-0.0154,1.0255,Poor,Medium,0.3144,10.0,10.1791,26.1915,Moderate Risk,69.364,78.9813,32.0034,Moderate Misalignment,81.3107,48.4221,Separated Traffic,Peri-Urban,7.8516,True,Industrial,Active Congestion | Poor Infrastructure | Above Human Tolerance Limit,0.6431,Severe,False,29.1224,0.0158,-0.0264,Moderate Misalignment,81,1st Main Road,22
159,1st Main Road,Urban Road,URB-00159,159,12.9195,77.5521,12.9141,77.5499,667.3,63.6,64.267,16.5796,Aligned,0.7857,0.791,0.1972,0.0252,-0.0047,79.5546,77.9276,99.0403,1.343,13.0278,78.3982,81.7582,0.2612,60.0,5.675,No,0.0,-0.0072,-0.016,Poor,High,0.0881,10.0,10.398,23.1846,Safe,65.4166,77.2106,24.0042,Aligned,86.6096,34.5893,Separated Traffic,Rural,7.0116,True,Mixed,Approach to Congestion (Tapered) | Poor Infrastructure,0.159,Light,True,65.9006,0.0219,-0.0088,Aligned,76,1st Main Road,23
160,1st Main Road,Urban Road,URB-00160,160,13.0319,77.5204,13.0286,77.5197,377.7,64.0,64.378,11.6006,Aligned,0.9621,0.9942,0.0299,-0.002,-0.0004,21.5595,22.2488,56.1581,10.4689,21.6771,51.4442,78.1574,0.1811,30.9429,14.5258,No,0.0,-0.002,-0.0113,Poor,Low,2.7353,10.0,10.0,22.748,Safe,70.7104,20.0988,18.7797,Aligned,22.3482,50.1324,Side Impact Potential,Peri-Urban,4.2147,False,Industrial,Poor Infrastructure,0.2037,Light,False,17.1572,-0.0079,0.0043,Aligned,22,1st Main Road,24
161,1st Main Road,Urban Road,URB-00161,161,13.0212,77.6235,13.0211,77.6287,575.2,64.4,64.975,34.7353,Moderate Misalignment,0.8363,0.2001,0.8152,0.011,-0.0008,47.2605,48.7414,61.386,13.7853,24.8873,51.6655,99.372,0.0,41.0842,13.4959,No,0.0,0.0147,0.0614,Good,Low,1.9723,10.0,22.9358,24.9689,Moderate Risk,66.0952,49.7676,28.5786,Moderate Misalignment,55.0816,52.4426,Side Impact Potential,Peri-Urban,3.8494,True,Residential,Poor Infrastructure,0.1486,Light,False,39.4465,-0.0062,-0.0095,Moderate Misalignment,49,1st Main Road,25
162,1st Main Road,Urban Road,URB-00162,162,12.9598,77.7014,12.957,77.7016,325.6,64.8,65.126,11.3886,Aligned,0.9609,1.0007,0.0459,0.0001,0.0026,30.4098,28.9099,62.0006,21.668,36.3228,50.3516,76.9472,0.2817,41.699,33.8622,No,0.0,0.0117,0.9314,Poor,Medium,1.8793,10.0,10.0,26.3413,Moderate Risk,70.2769,28.8409,22.9263,Aligned,30.2076,62.1007,Side Impact Potential,Peri-Urban,2.7716,True,Residential,Poor Infrastructure,0.1486,Light,False,23.4265,-0.0029,0.0055,Aligned,28,1st Main Road,26
163,1st Main Road,Urban Road,URB-00163,163,12.9651,77.7019,12.9602,77.7013,579.9,65.2,65.78,25.4481,Aligned,0.5148,0.5351,0.4725,0.0028,-0.0059,35.9058,37.8456,32.2206,10.1537,25.1102,48.1512,98.2849,0.0,30.4554,12.4996,No,0.0,0.0058,0.0371,Poor,Medium,2.995,10.0,22.9616,26.3842,Moderate Risk,65.8024,35.3524,29.1028,Moderate Misalignment,37.5034,58.3588,Side Impact Potential,Peri-Urban,2.1844,False,Residential,Poor Infrastructure,0.0122,,False,31.7872,0.0031,-0.001,Aligned,38,1st Main Road,27
164,1st Main Road,Urban Road,URB-00164,164,13.0365,77.5104,13.0351,77.518,844.0,65.6,66.444,39.5559,Moderate Misalignment,0.8765,0.0805,0.8548,0.0444,-0.0037,80.211,81.71,96.8712,0.14,11.9444,80.8476,81.2122,0.4832,59.682,4.4538,No,0.0,-0.0051,-0.0368,Poor,Medium,0.1652,10.0,32.9554,30.2409,Moderate Risk,53.4725,81.4241,44.1029,Moderate Misalignment,107.318,31.842,Separated Traffic,Rural,6.8299,True,Residential,Poor Infrastructure,-0.0105,,False,92.2838,-0.0038,0.0076,Moderate Misalignment,80,1st Main Road,28
165,1st Main Road,Urban Road,URB-00165,165,13.1037,77.5757,13.1042,77.57,616.1,66.0,66.616,37.847,Moderate Misalignment,0.8476,0.161,0.8302,0.0505,0.0056,29.6692,31.4474,79.1701,39.3789,36.9757,28.6967,76.2057,0.0,49.7414,34.6369,No,0.0,0.005,0.9478,Poor,Medium,1.4038,10.0,10.0,33.0355,Moderate Risk,60.6148,30.3095,46.2286,Moderate Misalignment,38.4266,60.2415,Significant Pedestrian Interaction,Urban,5.9167,False,Mixed,High Pedestrian Interaction | Above Human Tolerance Limit,0.0103,,False,35.8417,-0.0094,-0.0075,Moderate Misalignment,28,1st Main Road,29
166,1st Main Road,Urban Road,URB-00166,166,12.9478,77.5444,12.9483,77.5433,143.9,66.4,66.544,12.0076,Aligned,0.8955,0.8478,0.0912,0.0246,0.0063,55.3996,59.1861,100.0,3.4434,18.6234,77.9574,67.4834,0.0,60.0,8.2666,No,0.0,0.0017,0.0334,Poor,High,0.421,10.0,10.0,22.6167,Safe,67.4383,56.4471,20.2591,Aligned,58.7026,45.8863,Separated Traffic,Rural,8.0341,True,Residential,Poor Infrastructure,0.0077,,False,49.1125,-0.0019,-0.0123,Aligned,58,1st Main Road,30
167,1st Main Road,Urban Road,URB-00167,167,13.0291,77.6313,13.032,77.6218,1083.3,66.8,67.883,43.0164,Moderate Misalignment,0.977,-0.0303,1.0063,0.0167,-0.002,29.3892,29.2127,91.2264,55.4672,46.8163,28.9895,100.0,0.0,40.7906,60.5019,No,0.0,0.0024,2.0411,Good,High,1.8522,10.0,13.1551,32.1815,Moderate Risk,66.6496,30.6357,40.4892,Moderate Misalignment,47.2652,52.8905,Significant Pedestrian Interaction,Peri-Urban,5.8563,True,Residential,High Pedestrian Interaction | Above Human Tolerance Limit,-0.0013,,False,41.5349,-0.0111,0.0034,Moderate Misalignment,29,1st Main Road,31
168,1st Main Road,Urban Road,URB-00168,168,12.9409,77.5928,12.9459,77.5956,669.6,67.2,67.87,34.2671,Moderate Misalignment,0.7989,0.2372,0.8502,0.0077,0.0049,49.6547,48.6405,52.5009,12.9002,26.1545,48.9771,94.5169,0.2589,40.7311,13.4837,No,0.0,0.0012,0.0171,Good,Medium,3.5822,10.0,23.549,27.5186,Moderate Risk,65.4443,47.799,29.9965,Moderate Misalignment,47.34,63.0529,Side Impact Potential,Urban,1.9545,False,Commercial,Poor Infrastructure,0.1709,Light,False,38.5304,-0.0057,0.005,Moderate Misalignment,49,1st Main Road,32
169,1st Main Road,Urban Road,URB-00169,169,12.8917,77.6045,12.8888,77.6032,369.3,67.6,67.969,11.0154,Aligned,0.9381,0.933,0.0584,0.0092,-0.0028,31.5779,28.1727,81.5105,21.2876,28.9667,48.5832,77.467,0.2726,40.2163,20.9397,No,0.0,0.0003,0.0509,Poor,Medium,2.1854,10.0,10.4617,23.3824,Safe,72.3062,30.9591,20.3727,Aligned,31.1476,55.3468,Side Impact Potential,Urban,4.8002,True,Commercial,Poor Infrastructure,-0.0044,,False,25.4253,-0.0198,-0.0181,Aligned,31,1st Main Road,33
170,1st Main Road,Urban Road,URB-00170,170,12.876,77.5143,12.8787,77.515,310.3,68.0,68.31,11.5515,Aligned,0.9557,0.9778,0.0279,-0.0038,0.0108,33.6566,34.9587,52.5104,12.8419,23.1217,48.3965,77.1423,0.731,37.8411,26.014,No,0.0,-0.0007,0.9696,Poor,Medium,1.8783,10.0,10.0,21.9563,Safe,70.8507,33.3478,18.0547,Aligned,32.5396,34.3367,Side Impact Potential,Rural,3.9374,False,Residential,Poor Infrastructure,0.2037,Light,False,24.7251,0.0029,0.0094,Aligned,34,1st Main Road,34
171,1st Main Road,Urban Road,URB-00171,171,13.0422,77.5827,13.0367,77.5819,614.5,68.4,69.015,12.7166,Aligned,0.9736,0.9682,0.0272,0.0098,-0.0023,15.2879,20.7349,29.3073,21.7002,35.3328,28.3601,89.4277,0.7718,20.6806,29.5263,No,0.0,0.0126,1.0272,Poor,High,3.6041,10.0,10.0,25.3663,Moderate Risk,69.7789,14.6937,21.9871,Aligned,15.8892,59.1019,Significant Pedestrian Interaction,Peri-Urban,1.9712,False,Mixed,High Pedestrian Interaction | Poor Infrastructure,0.1953,Light,False,12.7035,-0.0213,0.0088,Aligned,16,1st Main Road,35
172,1st Main Road,Urban Road,URB-00172,172,12.9935,77.5512,12.9934,77.5457,595.3,68.8,69.395,10.9492,Aligned,0.9965,0.9835,0.024,0.0196,0.0108,32.384,30.723,29.2754,33.7496,20.717,51.8181,93.2972,0.5173,28.5526,15.7822,No,0.0,-0.0007,-0.0548,Poor,High,2.1779,10.0,10.0,19.1352,Safe,75.7667,32.1275,17.6745,Aligned,32.8725,38.5164,Side Impact Potential,Rural,1.8375,False,Residential,Poor Infrastructure,0.1593,Light,False,23.1266,0.003,0.0089,Aligned,32,1st Main Road,36
173,1st Main Road,Urban Road,URB-00173,173,12.9968,77.5282,12.9978,77.5243,433.7,69.2,69.634,11.2746,Aligned,0.9797,0.9569,0.0686,0.0265,0.0056,18.0058,19.4617,28.5566,9.8272,21.476,51.4954,90.6537,0.1658,20.0,10.5536,No,0.0,0.001,-0.0135,Good,Medium,2.2157,10.0,10.1404,21.668,Safe,71.1131,18.5674,18.1157,Aligned,19.674,49.5323,Side Impact Potential,Peri-Urban,0.9883,False,Industrial,Poor Infrastructure,-0.0052,,False,14.1786,-0.0051,-0.0126,Aligned,17,1st Main Road,37
174,1st Main Road,Urban Road,URB-00174,174,12.958,77.6166,12.9585,77.6121,493.2,69.6,70.093,26.472,Moderate Misalignment,0.5198,0.4672,0.5296,0.0271,-0.0026,71.3021,73.2829,97.7183,0.0053,13.0422,81.6092,45.6403,0.0,60.0,2.0554,No,0.0,0.0011,-0.0011,Good,Low,0.2574,10.0,10.2161,25.7531,Moderate Risk,62.6173,69.4889,30.2335,Moderate Misalignment,69.6374,41.4711,Separated Traffic,Rural,7.1253,True,Residential,Approach to Congestion (Tapered) | Poor Infrastructure | Above Human Tolerance Limit,0.1594,Light,True,54.6158,0.0128,-0.0066,Moderate Misalignment,70,1st Main Road,38
175,1st Main Road,Urban Road,URB-00175,175,12.9727,77.5253,12.9738,77.5256,125.2,70.0,70.125,38.843,Moderate Misalignment,0.86,0.1038,0.8457,0.0037,-0.0021,78.925,78.5897,97.6278,0.4396,12.2634,79.1992,82.5519,0.0,59.9224,4.4058,No,0.0,-0.0053,-0.0321,Poor,Medium,0.0032,10.0,31.1743,30.2033,Moderate Risk,54.1169,78.8359,44.5972,Moderate Misalignment,107.2735,32.8336,Separated Traffic,Rural,6.7555,True,Residential,Poor Infrastructure,-0.0183,,False,92.0818,-0.0036,-0.0008,Moderate Misalignment,80,1st Main Road,39
176,1st Main Road,Urban Road,URB-00176,176,12.9721,77.6254,12.9729,77.6267,172.8,70.4,70.573,12.4963,Aligned,0.9559,0.9736,0.0158,0.0099,0.002,45.7456,44.7403,78.0153,26.5256,21.7894,49.8683,81.806,0.0148,49.3176,10.4802,No,0.0,-0.0033,-0.0502,Poor,Low,1.7073,10.0,10.4074,19.4082,Safe,74.8475,46.2142,17.2396,Aligned,45.441,51.0944,Side Impact Potential,Peri-Urban,5.9324,False,Residential,Poor Infrastructure,0.1668,Light,False,36.6558,-0.0181,-0.0071,Aligned,48,1st Main Road,40
177,1st Main Road,Urban Road,URB-00177,177,13.0297,77.5897,13.0295,77.5927,327.3,70.8,71.127,9.7885,Aligned,1.0141,0.9612,0.0067,0.002,0.0008,35.1483,34.6668,29.1027,1.5245,17.3055,49.2874,89.729,0.2098,29.3393,7.2539,No,0.0,-0.0006,-0.0307,Good,Low,2.1687,10.0,10.2338,22.128,Safe,67.6292,34.4643,21.6505,Aligned,34.1802,40.7612,Side Impact Potential,Rural,2.2351,False,Residential,Poor Infrastructure,0.232,Light,False,24.6779,0.0209,0.0055,Aligned,35,1st Main Road,41
178,1st Main Road,Urban Road,URB-00178,178,12.9719,77.6581,12.9721,77.658,84.7,71.2,71.285,15.9061,Aligned,0.8202,0.8018,0.1599,-0.0042,0.0114,37.3313,34.9136,80.4998,23.0584,24.7798,51.2047,87.1114,0.0,42.1032,12.2695,No,0.0,-0.0103,0.0096,Good,Low,1.8844,10.0,10.578,21.8603,Safe,73.7644,36.6234,19.9312,Aligned,36.7393,61.6843,Side Impact Potential,Urban,4.2818,True,Residential,Poor Infrastructure,0.0072,,False,33.1854,0.0079,0.004,Aligned,37,1st Main Road,42
179,1st Main Road,Urban Road,URB-00179,179,12.907,77.5994,12.9105,77.599,390.6,71.6,71.991,20.6421,Aligned,0.5902,0.5372,0.4428,-0.0129,-0.0039,30.7453,28.4049,55.5088,38.4595,35.5472,47.9288,94.0222,0.0,29.7706,30.6889,No,0.0,-0.0036,0.0161,Good,Medium,2.2306,10.0,10.0,22.4145,Safe,75.0944,28.1298,20.2525,Aligned,30.3848,67.2682,Side Impact Potential,Urban,3.8886,False,Residential,Meets Safe System Standards,0.0034,,False,25.0625,0.0027,-0.0171,Aligned,30,1st Main Road,43
180,1st Main road BSK 5th stage,Urban Road,URB-00180,180,12.8969,77.5566,12.895,77.555,276.9,72.0,72.277,10.0536,Aligned,0.9918,1.0133,0.0649,-0.0002,0.009,20.2904,19.4593,55.3731,0.055,19.9263,49.1362,83.2715,0.1159,38.6254,5.9534,No,0.0,0.0044,0.0255,Poor,Low,2.4027,10.0,10.4667,23.4934,Safe,67.6105,21.4283,19.4703,Aligned,17.62,59.6172,Side Impact Potential,Peri-Urban,4.0491,False,Residential,Poor Infrastructure,0.0139,,False,19.2144,-0.0208,-0.0079,Aligned,20,1st Main road BSK 5t,1
181,1st Main road,Urban Road,URB-00181,181,12.8766,77.5772,12.8854,77.5755,1020.2,72.4,73.42,25.9682,Aligned,0.4745,0.5062,0.4297,0.064,-0.0155,80.8153,79.6497,98.1988,8.7057,15.5841,79.7686,90.0745,0.0,60.0,1.4381,No,0.0,0.0031,-0.0268,Poor,Medium,-0.0139,10.0,30.1034,28.3156,Moderate Risk,56.024,81.4877,40.0945,Moderate Misalignment,91.029,43.2241,Separated Traffic,Rural,4.9995,True,Residential,Poor Infrastructure,-0.0092,,False,77.515,-0.0119,-0.0056,Aligned,80,1st Main road,1