segment_id,road_name,road_type,human_segment_id,internal_id,start_lat,start_lon,end_lat,end_lon,length_m,start_km,end_km,road_risk_score,ai_risk_label,ai_risk_probability,prob_low_risk,prob_medium_risk,prob_high_risk,prob_critical_risk,ai_recommended_speed,recommended_safe_speed,road_function_score,infrastructure_score,exposure_score,human_tolerance_limit,operating_speed_score,crash_risk_score,posted_speed_limit,pedestrian_exposure_score,blackspot_flag,crash_count,fatal_crashes,schools_count,lighting_quality,roadside_hazards,intersection_density,speed_compliance_rate,speed_violation_score,hotspot_score,hotspot_category,speed_safety_score,original_safe_speed,misalignment_score,misalignment_category,speed_p85,ptw_share_pct,exposure_tier,urban_rural_flag,lane_count,median_presence,land_use_type,top_ai_factors,congestion_index,congestion_category,congestion_smoothed,operating_speed_mean,minor_crashes,major_crashes,risk_category,final_safe_speed,corridor_base,corridor_seq
182,20th A Main Road,Urban Road,URB-00182,182,12.8572,77.5735,12.8552,77.5803,773.8,72.8,73.574,19.3758,Aligned,0.7427,0.7196,0.2188,-0.0024,-0.0063,49.6373,50.9604,55.1128,15.661,28.2826,51.3627,89.5436,0.059,39.121,22.3114,No,0.0,0.0072,-0.003,Good,Medium,1.8131,10.0,31.3088,28.3042,Moderate Risk,63.9499,51.3043,33.1066,Moderate Misalignment,51.435,56.8249,Side Impact Potential,Peri-Urban,3.027,False,Residential,Poor Infrastructure,-0.0016,,False,47.9164,0.0088,-0.0008,Aligned,50,20th A Main Road,1
183,20th Cross Road,Urban Road,URB-00183,183,13.0647,77.5839,13.0663,77.5852,225.5,73.2,73.425,67.3991,High Misalignment,0.7894,0.0282,0.2361,0.7861,0.0072,31.8523,29.6204,100.0,62.8199,43.1707,29.7905,75.9773,0.0,59.2598,58.7265,No,0.0,-0.0007,2.0249,Poor,Medium,0.4905,10.0,10.0,39.4442,Moderate Risk,56.0417,30.1877,61.9041,High Misalignment,62.2083,53.2338,Significant Pedestrian Interaction,Peri-Urban,7.947,False,Residential,Speed Limit Misaligned | High Pedestrian Interaction | Above Human Tolerance Limit,0.2129,Light,False,44.2377,-0.0073,-0.0111,High Misalignment,31,20th Cross Road,1
184,20th Cross Road,Urban Road,URB-00184,184,13.0592,77.5812,13.0589,77.5811,1260.9,73.6,74.861,18.344,Aligned,0.6921,0.6264,0.2909,-0.0193,-0.0041,38.4834,39.4819,54.4975,9.8664,23.2905,49.5286,90.9359,0.3032,40.2142,11.8641,No,0.0,0.0009,0.0612,Good,High,2.736,10.0,28.6912,25.2547,Moderate Risk,65.3229,36.9238,26.9653,Moderate Misalignment,35.7193,52.1936,Side Impact Potential,Peri-Urban,3.1446,False,Mixed,Poor Infrastructure,-0.0098,,False,35.9863,0.0017,-0.0113,Aligned,39,20th Cross Road,2
185,20th Cross Road,Urban Road,URB-00185,185,12.9753,77.5111,12.9747,77.5133,239.5,74.0,74.24,11.8373,Aligned,0.9328,0.9604,0.0791,0.0062,-0.0073,32.893,32.9651,77.7927,45.4008,40.8841,51.5547,69.9705,0.0,50.7363,38.4873,No,0.0,-0.0048,1.9754,Good,Low,1.8528,10.0,10.132,23.9136,Safe,76.0173,35.024,20.8094,Aligned,34.2051,63.8515,Side Impact Potential,Urban,6.2861,False,Mixed,Meets Safe System Standards,0.0058,,False,27.1804,-0.003,0.0053,Aligned,35,20th Cross Road,3
186,20th Main Road,Urban Road,URB-00186,186,12.9166,77.6124,12.9196,77.613,342.7,74.4,74.743,33.5903,Moderate Misalignment,0.8317,0.1336,0.8251,0.0113,-0.0059,44.7319,45.7195,53.7371,21.666,27.5133,49.5601,94.5654,0.0,40.1276,17.0306,No,0.0,-0.003,-0.0387,Good,Medium,2.7801,10.0,13.4801,24.2146,Safe,69.0474,45.5746,26.5391,Moderate Misalignment,46.249,59.822,Side Impact Potential,Peri-Urban,3.0964,False,Residential,Poor Infrastructure,-0.0062,,False,36.7821,0.0129,-0.0113,Moderate Misalignment,46,20th Main Road,1
187,20th Main Road,Urban Road,URB-00187,187,12.9688,77.5367,12.97,77.5317,554.0,74.8,75.354,26.9632,Moderate Misalignment,0.5486,0.4136,0.5488,0.0278,0.001,52.0525,49.6402,76.4172,35.7279,34.1031,49.1518,92.8749,0.0,49.5903,28.9459,No,0.0,0.0066,0.0227,Good,Low,1.9193,10.0,26.5878,28.0835,Moderate Risk,67.2536,53.5166,34.5173,Moderate Misalignment,61.9749,61.321,Side Impact Potential,Urban,2.9329,True,Commercial,Meets Safe System Standards,-0.0015,,False,55.3419,-0.0075,-0.0062,Moderate Misalignment,53,20th Main Road,2
188,20th Main Road,Urban Road,URB-00188,188,12.9996,77.55,12.9976,77.5504,228.5,75.2,75.428,39.9295,Moderate Misalignment,0.9,0.0768,0.9052,0.0535,0.0031,51.4138,49.9659,100.0,29.3859,24.7568,50.1707,75.4371,0.0217,60.0,16.8937,No,0.0,-0.0085,0.0124,Good,Medium,0.6816,10.0,10.0,30.8928,Moderate Risk,60.2052,50.9988,43.5912,Moderate Misalignment,60.7255,54.6584,Side Impact Potential,Urban,7.2154,False,Commercial,Poor Infrastructure | Above Human Tolerance Limit,0.008,,False,53.8828,-0.0119,-0.0042,Moderate Misalignment,49,20th Main Road,3
189,20th Main Road,Urban Road,URB-00189,189,12.9966,77.5507,12.9954,77.5509,150.3,75.6,75.75,13.2483,Aligned,0.9336,1.0023,0.0731,0.0133,0.0057,36.204,37.6153,84.3296,25.5327,30.891,50.924,51.0177,0.083,37.3927,24.9729,No,0.0,-0.006,-0.0446,Poor,High,2.488,10.0,10.0,23.1813,Safe,72.8051,35.1825,21.1927,Aligned,38.2038,59.5732,Side Impact Potential,Urban,5.9874,True,Residential,Active Congestion | Poor Infrastructure,0.804,Severe,False,10.7366,0.0095,-0.0013,Aligned,36,20th Main Road,4
190,20th Main Road,Urban Road,URB-00190,190,13.0677,77.5833,13.0663,77.5852,255.0,76.0,76.255,11.2409,Aligned,0.9951,0.9894,-0.0285,0.0302,0.0042,30.7691,34.3277,29.6583,33.8224,20.5165,49.7454,93.3113,0.052,28.2794,17.0108,No,0.0,0.0058,0.0073,Poor,High,2.1293,10.0,10.0,19.0553,Safe,76.5004,33.4777,17.0682,Aligned,35.0434,39.4494,Side Impact Potential,Rural,2.0411,False,Residential,Poor Infrastructure,0.158,Light,False,25.389,0.0177,-0.0052,Aligned,32,20th Main Road,5
191,20th Main Road,National Highway,NH-00191,191,12.9064,77.5827,12.9064,77.5876,534.5,76.4,76.934,15.4542,Aligned,0.7915,0.7971,0.1963,0.0212,-0.0045,37.6912,37.5427,73.3399,32.6487,29.5763,48.4424,37.1278,0.0,60.0,16.3377,No,0.0,-0.0038,-0.0917,Good,Medium,1.8485,10.0,10.2033,22.0167,Safe,75.7016,33.631,18.7146,Aligned,38.4189,64.7132,Side Impact Potential,Urban,3.9019,False,Commercial,Active Congestion | Poor Infrastructure,0.775,Severe,False,11.6973,0.0018,0.0079,Aligned,39,20th Main Road,6
192,21st Main Road,Urban Road,URB-00192,192,12.9104,77.5877,12.9064,77.5876,454.5,76.8,77.255,67.6503,High Misalignment,0.7926,0.011,0.2018,0.7971,0.0091,30.7752,31.3455,75.9952,53.1886,50.7379,29.5202,69.6795,0.0735,60.0,58.0037,No,0.0,-0.0079,0.9878,Good,Medium,1.8309,10.0,10.1811,42.2047,Moderate Risk,53.393,29.1988,63.338,High Misalignment,45.9933,60.1657,Significant Pedestrian Interaction,Urban,2.0989,True,Mixed,Speed Limit Misaligned | High Pedestrian Interaction | Above Human Tolerance Limit,-0.0342,,False,38.9932,0.0192,-0.0004,High Misalignment,29,21st Main Road,1
193,22nd Cross Road,Urban Road,URB-00193,193,12.9329,77.5848,12.9329,77.5861,137.7,77.2,77.338,15.7993,Aligned,0.7875,0.7953,0.1307,0.0093,-0.009,50.2889,50.6765,98.7992,32.2,26.6753,80.7764,56.2121,0.1435,60.0,17.1098,No,0.0,0.0073,0.021,Good,Low,0.3505,10.0,10.0005,19.6911,Safe,75.4511,51.402,17.3955,Aligned,49.5385,58.7194,Separated Traffic,Urban,6.8456,True,Industrial,Poor Infrastructure,0.0093,,False,41.0996,0.0159,-0.0089,Aligned,49,22nd Cross Road,1
194,22nd Cross Road,Urban Road,URB-00194,194,12.9324,77.5861,12.933,77.5839,294.9,77.6,77.895,9.4916,Aligned,0.9817,0.9772,0.0629,-0.0014,0.0025,25.2,26.664,53.2099,23.5252,27.9987,49.408,87.1785,0.0,29.3228,16.6006,No,0.0,0.005,-0.0551,Good,Low,2.2082,10.0,10.1924,22.4397,Safe,72.5767,27.1771,19.7068,Aligned,26.4737,64.5056,Side Impact Potential,Urban,2.6913,False,Commercial,Poor Infrastructure,-0.0078,,False,21.3755,0.0036,-0.0054,Aligned,26,22nd Cross Road,2
195,22nd Cross Road,Urban Road,URB-00195,195,12.9093,77.638,12.9085,77.6518,1500.3,78.0,79.5,11.371,Aligned,0.9849,0.9693,0.0539,0.014,-0.0027,33.4547,35.7827,79.2405,30.603,33.2913,51.7519,87.2065,0.231,41.3573,29.7393,No,0.0,0.0054,0.9786,Good,Low,1.9456,10.0,10.0,23.7398,Safe,73.6258,35.6307,22.5675,Aligned,34.0209,63.5836,Side Impact Potential,Urban,5.8083,False,Residential,Poor Infrastructure,0.0149,,False,32.8144,-0.0115,-0.0134,Aligned,35,22nd Cross Road,3
196,22nd Main Road,Urban Road,URB-00196,196,12.9386,77.5532,12.9419,77.5536,376.7,78.4,78.777,9.9549,Aligned,1.0059,0.9459,-0.0155,-0.003,0.0078,47.8166,47.853,25.2473,11.7526,16.3546,51.88,94.0494,0.3372,40.8322,5.6893,No,0.0,0.0058,0.0272,Poor,Medium,1.6149,10.0,21.211,22.7485,Safe,66.5942,49.0338,23.3252,Moderate Misalignment,50.951,42.3543,Side Impact Potential,Rural,1.1109,False,Industrial,Poor Infrastructure,0.0002,,False,44.4225,0.0104,-0.0081,Aligned,49,22nd Main Road,1
197,23rd Cross Road,Urban Road,URB-00197,197,12.8984,77.5188,12.9026,77.5199,492.6,78.8,79.293,15.4436,Aligned,0.818,0.8268,0.1576,0.0281,0.0066,54.0715,54.8222,99.6076,19.3399,23.5756,80.9448,75.8172,0.2026,60.0,14.1854,No,0.0,-0.0028,-0.0052,Poor,High,0.2496,10.0,10.5938,21.2502,Safe,72.9257,55.9699,18.0527,Aligned,53.616,51.8707,Separated Traffic,Peri-Urban,4.2162,True,Residential,Poor Infrastructure,0.1434,Light,False,44.198,-0.0035,0.0153,Aligned,53,23rd Cross Road,1
198,23rd Cross Road,Urban Road,URB-00198,198,12.9969,77.5513,12.9969,77.5528,166.5,79.2,79.367,10.7224,Aligned,0.9972,0.9911,0.011,-0.0138,-0.0009,15.4085,19.4548,26.8911,0.0,14.7268,52.5543,91.1202,0.0,40.9206,3.3719,No,0.0,-0.0008,-0.0064,Poor,High,1.921,10.0,10.04,21.1588,Safe,69.0478,15.5762,17.3151,Aligned,16.1372,41.5874,Side Impact Potential,Rural,2.0025,False,Industrial,Poor Infrastructure,0.1917,Light,False,13.4159,-0.0041,0.0007,Aligned,16,23rd Cross Road,2
199,24th Cross Road,Urban Road,URB-00199,199,12.929,77.5652,12.9235,77.5702,1163.7,79.6,80.764,8.6744,Aligned,0.9849,1.0148,0.021,-0.0064,-0.0036,27.5404,28.1063,28.2462,23.8462,16.8615,49.4053,85.3921,0.0,30.1758,5.6718,No,0.0,-0.0044,0.0665,Poor,Low,0.8973,10.0,10.4999,18.698,Safe,74.026,27.4193,16.4187,Aligned,28.0431,45.5481,Side Impact Potential,Rural,1.0863,False,Residential,Poor Infrastructure,-0.0015,,False,23.0454,0.0003,-0.0085,Aligned,27,24th Cross Road,1
200,24th Main Road,Urban Road,URB-00200,200,12.9105,77.5857,12.9105,77.5857,4693.8,80.0,84.694,8.2362,Aligned,0.9707,0.9889,0.0046,0.0078,0.0,37.6449,37.7865,86.3492,59.3682,34.5709,50.7769,73.2135,0.0932,49.3297,23.501,No,0.0,0.004,0.0406,Good,Medium,1.7789,10.0,10.0,18.3817,Safe,81.7938,38.4197,17.4916,Aligned,37.8838,68.479,Side Impact Potential,Urban,4.9778,True,Commercial,Meets Safe System Standards,0.0069,,False,32.6801,0.0038,0.0056,Aligned,37,24th Main Road,1
201,24th Main Road,Urban Road,URB-00201,201,12.8995,77.6488,12.924,77.6498,2743.6,80.4,83.144,24.5701,Moderate Misalignment,0.4938,0.4643,0.4898,0.0243,-0.0049,58.0216,58.342,100.0,7.8213,13.5126,78.5163,92.44,0.1295,57.6691,2.8131,No,0.0,-0.0085,-0.0385,Poor,Medium,0.197,10.0,10.4801,18.7785,Safe,72.4475,57.8812,15.086,Aligned,60.9186,39.0134,Separated Traffic,Rural,4.1595,True,Industrial,Poor Infrastructure,-0.0237,,False,53.0483,0.0009,-0.0182,Moderate Misalignment,59,24th Main Road,2
202,25th Main Road,Urban Road,URB-00202,202,12.9169,77.5926,12.9206,77.5935,452.1,80.8,81.252,31.5837,Moderate Misalignment,0.746,0.2403,0.7597,0.0067,-0.0057,36.1111,33.7685,27.9977,18.7103,26.415,49.092,98.9886,0.4441,31.4714,15.9108,No,0.0,-0.0059,0.0071,Good,High,3.1698,10.0,19.9651,24.5367,Moderate Risk,67.5114,36.0192,26.0468,Moderate Misalignment,36.9064,58.5914,Side Impact Potential,Peri-Urban,2.0817,False,Industrial,Poor Infrastructure,-0.026,,False,29.1928,-0.0084,0.0205,Moderate Misalignment,35,25th Main Road,1
203,25th Main Road,Urban Road,URB-00203,203,12.907,77.5851,12.9105,77.585,383.0,81.2,81.583,8.5102,Aligned,0.9982,0.9913,0.0132,-0.0018,-0.0047,22.1817,21.1795,24.4508,8.7414,21.7269,51.6707,80.6954,0.1852,31.1869,8.4453,No,0.0,0.0023,-0.0294,Poor,Medium,2.7844,10.0,10.0,22.4561,Safe,69.3179,21.4059,21.0346,Aligned,22.1894,58.9134,Side Impact Potential,Peri-Urban,0.7717,False,Commercial,Poor Infrastructure,0.1427,Light,False,17.4213,-0.012,-0.0076,Aligned,20,25th Main Road,2
204,26th Main Road,Urban Road,URB-00204,204,12.927,77.5935,12.927,77.5935,1781.2,81.6,83.381,37.477,Moderate Misalignment,0.8929,0.1008,0.8783,0.0216,0.0119,48.6523,49.2762,73.6614,30.636,28.5703,48.4426,99.0849,0.4135,50.632,17.4401,No,0.0,0.0032,-0.0092,Good,Low,1.5016,10.0,10.9473,21.4861,Safe,73.5401,51.8782,20.9159,Aligned,49.6977,65.6778,Side Impact Potential,Urban,2.9101,False,Mixed,Poor Infrastructure,-0.0033,,False,48.4533,-0.0086,0.0056,Moderate Misalignment,50,26th Main Road,1
205,27th Cross Road,Urban Road,URB-00205,205,12.921,77.5736,12.9209,77.5745,944.3,82.0,82.944,9.3428,Aligned,1.0143,0.9957,0.0363,0.0315,-0.0046,11.0963,20.8208,26.8872,1.3697,17.2334,50.396,89.0304,0.1146,21.2917,2.9445,No,0.0,-0.0009,0.0082,Poor,High,2.1735,10.0,10.1647,21.6724,Safe,68.5787,12.9585,18.8191,Aligned,16.5567,46.4303,Side Impact Potential,Rural,0.945,False,Industrial,Poor Infrastructure,-0.0008,,False,11.5149,-0.0018,-0.0066,Aligned,11,27th Cross Road,1
206,27th Cross Road,Urban Road,URB-00206,206,12.9055,77.6413,12.9047,77.6444,347.3,82.4,82.747,20.2929,Aligned,0.6791,0.6336,0.3331,0.0125,-0.0028,65.9337,63.4099,98.9512,4.3336,14.31,78.9859,69.5928,0.235,59.8636,7.0775,No,0.0,-0.0032,-0.0021,Poor,Low,0.2836,10.0,10.2229,20.0853,Safe,70.7143,69.3646,17.7799,Aligned,63.383,34.3039,Separated Traffic,Rural,3.8992,True,Residential,Poor Infrastructure,0.0024,,False,58.2519,0.008,-0.0148,Aligned,65,27th Cross Road,2
207,27th Cross Road,Urban Road,URB-00207,207,12.9308,77.5781,12.9308,77.5801,1921.1,82.8,84.721,10.1003,Aligned,0.9703,0.9373,0.0393,0.0107,-0.013,34.0027,32.8896,51.9521,31.6616,27.9845,48.8906,75.8128,0.2335,39.7863,19.7272,No,0.0,-0.0019,0.0052,Poor,High,3.0069,10.0,10.0,20.9474,Safe,75.2915,31.4139,19.2218,Aligned,30.5884,58.8155,Side Impact Potential,Urban,2.9365,False,Mixed,Poor Infrastructure,0.1476,Light,False,22.5653,0.0111,0.0026,Aligned,32,27th Cross Road,3
208,27th Main Road,Urban Road,URB-00208,208,12.9035,77.6488,12.9243,77.6518,2516.3,83.2,85.716,13.4299,Aligned,0.8707,0.838,0.1079,-0.0077,0.0029,46.6244,50.1564,99.3142,1.314,18.6624,78.165,71.8783,0.0,58.7212,9.0573,No,0.0,-0.0052,0.0817,Poor,High,0.0368,10.0,10.0525,22.4555,Safe,67.3153,47.3948,20.3125,Aligned,48.3279,47.6939,Separated Traffic,Rural,7.8691,True,Residential,Poor Infrastructure,0.01,,False,40.6522,-0.0009,0.0165,Aligned,46,27th Main Road,1
209,28th Cross Road,Urban Road,URB-00209,209,12.9951,77.5528,12.9952,77.5516,120.2,83.6,83.72,15.6563,Aligned,0.7884,0.7579,0.2145,-0.0075,-0.0043,28.4769,29.734,51.6616,2.5277,17.6038,50.8334,93.6793,0.0,29.8949,8.9792,No,0.0,0.0012,-0.0138,Poor,Medium,1.3602,10.0,10.0,21.2163,Safe,68.2849,26.9057,20.3088,Aligned,29.4468,46.5734,Side Impact Potential,Rural,2.7167,False,Mixed,Poor Infrastructure,0.0023,,False,24.3855,0.0158,-0.0251,Aligned,29,28th Cross Road,1
210,28th Main Road,Urban Road,URB-00210,210,12.9169,77.5951,12.9285,77.5954,1288.3,84.0,85.288,36.5225,Aligned,0.3861,0.4186,0.2757,0.2803,-0.0131,56.4494,55.2793,100.0,0.5476,16.6337,78.0377,45.863,0.0,59.4097,7.8917,No,0.0,-0.0069,-0.0088,Poor,Low,0.2495,10.0,10.4906,21.4364,Safe,67.9076,53.4479,18.9785,Aligned,56.272,40.0897,Separated Traffic,Rural,7.9704,True,Industrial,Poor Infrastructure,0.1574,Light,False,44.4472,-0.0124,0.0057,Aligned,55,28th Main Road,1
211,29th Main Road,Urban Road,URB-00211,211,12.9056,77.6059,12.9055,77.6094,4568.0,84.4,88.968,35.9995,Moderate Misalignment,0.8945,0.1108,0.9189,-0.0077,0.0177,34.7873,33.4218,47.7476,49.0121,44.1534,50.0039,98.429,0.5712,30.81,53.5077,No,0.0,0.0012,0.9714,Poor,Medium,2.5454,10.0,14.8126,27.9048,Moderate Risk,73.3704,33.4477,28.1945,Moderate Misalignment,33.7313,60.1556,Side Impact Potential,Urban,2.1314,False,Industrial,Meets Safe System Standards,-0.0107,,False,34.2164,0.0052,0.0065,Moderate Misalignment,34,29th Main Road,1
212,2nd Cross Road,State Highway,SH-00212,212,12.9605,77.6434,12.9609,77.6434,41.4,84.8,84.841,10.8784,Aligned,0.9709,0.9827,0.0536,0.0157,-0.0001,41.0431,43.0992,77.8863,1.1041,23.2116,50.571,72.3541,0.2707,50.5562,9.5009,No,0.0,0.0078,0.0117,Poor,Low,2.4809,10.0,10.3868,24.2181,Safe,68.1983,41.319,20.3528,Aligned,42.4341,56.1752,Side Impact Potential,Urban,3.9961,False,Commercial,Poor Infrastructure,0.1928,Light,False,32.514,0.0031,0.0186,Aligned,39,2nd Cross Road,1
213,2nd Cross Road,Urban Road,URB-00213,213,13.0161,77.6361,13.0178,77.6298,716.5,85.2,85.916,40.8755,Moderate Misalignment,0.9511,0.0332,0.9852,0.0392,0.0083,29.4036,28.1309,84.5274,68.4767,49.4848,29.7193,48.0817,0.4231,50.2267,65.5279,No,0.0,0.0109,1.9806,Good,High,1.3339,10.0,10.0066,36.6589,Moderate Risk,62.2999,29.9355,51.1701,High Misalignment,52.4885,56.9383,Significant Pedestrian Interaction,Urban,3.8368,True,Mixed,Speed Limit Misaligned | High Pedestrian Interaction | Active Congestion,0.7256,Severe,False,16.3171,0.0079,-0.0133,Moderate Misalignment,29,2nd Cross Road,2
214,2nd Cross Road,Urban Road,URB-00214,214,13.002,77.6598,13.0037,77.6631,403.0,85.6,86.003,11.2663,Aligned,0.9548,0.927,0.0537,-0.0136,-0.0091,51.2393,49.734,81.4555,14.7524,28.0736,48.5569,81.5913,0.0,59.8947,17.6587,No,0.0,-0.0008,0.972,Good,Low,2.1631,10.0,10.0,25.3592,Moderate Risk,68.2768,51.7531,23.4192,Aligned,52.8919,58.5531,Side Impact Potential,Urban,6.0323,False,Commercial,Poor Infrastructure,0.2129,Light,False,38.4206,-0.0078,0.0012,Aligned,49,2nd Cross Road,3
215,2nd Cross Road,Urban Road,URB-00215,215,12.9771,77.5757,12.9768,77.58,462.8,86.0,86.463,7.2129,Aligned,0.9985,0.9732,0.0218,-0.0072,-0.0001,17.6318,20.6457,35.0856,12.6308,17.8117,50.3131,91.6736,0.0,58.7752,5.2235,No,0.0,0.0119,-0.0564,Poor,Medium,3.1256,10.0,10.0,20.0506,Safe,71.5614,16.6333,19.0661,Aligned,18.3767,52.2175,Side Impact Potential,Peri-Urban,1.0804,True,Mixed,Poor Infrastructure,-0.0025,,False,14.0804,0.004,0.0051,Aligned,18,2nd Cross Road,4
216,2nd Cross Road,Urban Road,URB-00216,216,12.905,77.5994,12.9051,77.595,472.6,86.4,86.873,12.4549,Aligned,0.9214,0.924,0.0973,-0.0095,-0.0036,59.8103,57.2984,100.0,16.0516,23.5533,81.2661,68.3137,0.3557,60.0,9.1007,No,0.0,0.0029,0.0324,Good,High,0.3148,10.0,10.0,21.0905,Safe,71.018,56.3699,17.5317,Aligned,58.5955,59.1918,Separated Traffic,Peri-Urban,6.1977,True,Residential,Poor Infrastructure,0.0003,,False,47.0893,-0.0047,0.003,Aligned,58,2nd Cross Road,5
217,2nd Cross Road,Urban Road,URB-00217,217,13.0158,77.6394,13.0153,77.6428,1790.1,86.8,88.59,35.5898,Moderate Misalignment,0.9258,0.0541,0.9285,0.0107,0.0042,78.384,81.0619,97.5551,5.5168,12.9619,80.3987,93.7352,0.0,60.0,3.1088,No,0.0,0.0093,0.0204,Poor,High,0.2244,10.0,10.9614,23.3061,Safe,64.5055,79.3589,25.2236,Moderate Misalignment,87.2578,34.6266,Separated Traffic,Rural,7.9397,True,Commercial,Poor Infrastructure,0.0114,,False,75.5569,0.0103,0.0164,Moderate Misalignment,80,2nd Cross Road,6
218,2nd Cross Road,Urban Road,URB-00218,218,12.9985,77.6767,12.9934,77.6751,642.3,87.2,87.842,11.3631,Aligned,0.9748,1.0281,0.0351,0.0218,0.004,41.0261,40.5894,83.5096,32.5557,31.4228,71.1424,77.922,0.4907,52.1512,22.3425,No,0.0,-0.0051,0.0103,Good,Low,1.4869,10.0,10.3809,23.7232,Safe,74.0559,42.5829,19.3881,Aligned,42.1062,67.5041,Separated Traffic,Urban,5.0221,True,Mixed,Poor Infrastructure,-0.0036,,False,34.4575,0.0085,-0.0143,Aligned,42,2nd Cross Road,7
219,2nd Cross Road,Urban Road,URB-00219,219,12.8894,77.5859,12.8911,77.5818,490.5,87.6,88.091,10.8347,Aligned,0.9971,1.0084,0.0128,0.0048,0.0092,30.9199,28.9451,55.8816,0.5368,13.4961,49.7475,71.4617,0.1272,41.8338,7.0676,No,0.0,0.0003,-0.0042,Poor,High,1.2827,10.0,10.4303,20.5493,Safe,69.62,27.4346,17.6878,Aligned,29.1109,33.3116,Side Impact Potential,Rural,3.8801,False,Residential,Poor Infrastructure,0.1837,Light,False,19.2588,0.0013,-0.0037,Aligned,30,2nd Cross Road,8
220,2nd Cross Road,Urban Road,URB-00220,220,12.9809,77.5586,12.9758,77.5603,632.5,88.0,88.632,40.4869,Moderate Misalignment,0.9377,0.0452,0.9222,0.0453,-0.0148,81.8592,80.4517,100.0,1.072,15.0246,79.7157,95.9188,0.2438,60.0,9.9774,No,0.0,0.0034,-0.0371,Poor,High,0.3453,10.0,28.9792,36.8826,Moderate Risk,45.3976,79.719,57.6824,High Misalignment,114.943,37.2809,Separated Traffic,Rural,5.0097,True,Residential,Speed Limit Misaligned | Poor Infrastructure | Above Human Tolerance Limit,0.1684,Light,False,87.7114,-0.0055,0.0184,Moderate Misalignment,81,2nd Cross Road,9
221,2nd Cross Road,Urban Road,URB-00221,221,12.8873,77.5917,12.8871,77.5969,559.4,88.4,88.959,12.8638,Aligned,0.9595,0.9673,0.0501,0.0005,0.0079,79.726,80.41,97.8405,1.8948,18.1245,80.3118,15.8894,0.0,59.7673,11.786,No,0.0,0.0045,-0.0044,Poor,Medium,0.2059,10.0,10.6169,23.6483,Safe,65.051,80.5748,22.8673,Aligned,84.5909,32.6375,Separated Traffic,Rural,4.8815,True,Industrial,Active Congestion | Poor Infrastructure,0.7157,Severe,False,25.6956,-0.0075,0.0099,Aligned,80,2nd Cross Road,10
222,2nd Cross Road,Urban Road,URB-00222,222,13.0304,77.5327,13.0285,77.5361,431.3,88.8,89.231,34.8107,Moderate Misalignment,0.7758,0.2,0.8052,0.0003,-0.0062,48.5659,51.8444,67.5135,8.7051,21.168,50.7671,98.9647,0.0863,49.4008,13.1306,No,0.0,-0.0006,0.0506,Poor,High,1.7212,10.0,27.8752,27.8459,Moderate Risk,61.2342,49.3123,34.5946,Moderate Misalignment,61.3467,52.1452,Side Impact Potential,Peri-Urban,1.9606,False,Residential,Poor Infrastructure,0.16,Light,False,49.365,-0.017,0.0087,Moderate Misalignment,48,2nd Cross Road,11
223,2nd Cross Road,Urban Road,URB-00223,223,12.9393,77.564,12.9394,77.5667,291.4,89.2,89.491,14.7887,Aligned,0.7864,0.7703,0.184,-0.004,0.0043,39.1443,35.5778,74.6831,31.3768,27.5569,50.1221,37.6643,0.1394,48.9738,16.0612,No,0.0,-0.0045,-0.0299,Good,Medium,1.9227,10.0,10.0,21.5283,Safe,73.9765,35.9367,17.9729,Aligned,39.4947,63.8631,Side Impact Potential,Urban,4.2936,False,Commercial,Active Congestion | Poor Infrastructure,0.7371,Severe,False,10.9442,-0.0082,-0.0026,Aligned,37,2nd Cross Road,12
224,2nd Cross Road,Urban Road,URB-00224,224,12.9877,77.5666,12.9877,77.5651,160.6,89.6,89.761,69.6331,High Misalignment,0.8911,0.0205,0.0874,0.8791,-0.0039,49.4328,48.9854,97.0859,5.4415,21.5811,48.3251,43.047,0.57,60.0,7.4698,No,0.0,-0.0028,-0.0113,Poor,Low,0.3694,10.0,10.0,43.2936,Moderate Risk,38.0922,50.324,71.191,High Misalignment,70.7784,55.0184,Side Impact Potential,Peri-Urban,6.1707,False,Residential,Speed Limit Misaligned | Poor Infrastructure | Above Human Tolerance Limit,0.1957,Light,False,50.8831,0.0121,-0.0037,High Misalignment,49,2nd Cross Road,13
225,2nd Cross Road,Urban Road,URB-00225,225,12.961,77.6359,12.9614,77.6358,46.6,90.0,90.047,12.4662,Aligned,0.9195,0.9212,0.0386,-0.011,-0.0077,37.2833,38.8755,47.7517,15.651,21.8623,50.057,85.072,0.0,38.387,10.9889,No,0.0,-0.0052,0.0359,Poor,Low,1.7943,10.0,10.0,21.3176,Safe,71.833,38.9571,15.6917,Aligned,39.1675,54.6419,Side Impact Potential,Peri-Urban,2.1054,False,Residential,Poor Infrastructure,0.177,Light,False,29.2089,-0.0029,0.0025,Aligned,39,2nd Cross Road,14
226,2nd Cross Road,Urban Road,URB-00226,226,12.9964,77.5428,12.9977,77.5406,279.5,90.4,90.68,11.0912,Aligned,0.9876,0.9938,0.0053,0.0163,-0.0023,31.4311,31.926,77.8944,36.1481,30.812,69.5832,79.8452,0.0,60.0,18.8136,No,0.0,0.0072,-0.0084,Good,Low,1.4153,10.0,10.0,21.2709,Safe,76.7469,32.9552,18.1544,Aligned,31.5724,64.8371,Separated Traffic,Urban,2.996,True,Commercial,Meets Safe System Standards,0.1459,Light,False,22.4138,0.008,0.0231,Aligned,34,2nd Cross Road,15