segment_id,road_name,road_type,human_segment_id,internal_id,start_lat,start_lon,end_lat,end_lon,length_m,start_km,end_km,road_risk_score,ai_risk_label,ai_risk_probability,prob_low_risk,prob_medium_risk,prob_high_risk,prob_critical_risk,ai_recommended_speed,recommended_safe_speed,road_function_score,infrastructure_score,exposure_score,human_tolerance_limit,operating_speed_score,crash_risk_score,posted_speed_limit,pedestrian_exposure_score,blackspot_flag,crash_count,fatal_crashes,schools_count,lighting_quality,roadside_hazards,intersection_density,speed_compliance_rate,speed_violation_score,hotspot_score,hotspot_category,speed_safety_score,original_safe_speed,misalignment_score,misalignment_category,speed_p85,ptw_share_pct,exposure_tier,urban_rural_flag,lane_count,median_presence,land_use_type,top_ai_factors,congestion_index,congestion_category,congestion_smoothed,operating_speed_mean,minor_crashes,major_crashes,risk_category,final_safe_speed,corridor_base,corridor_seq
227,2nd Cross Road,Urban Road,URB-00227,227,12.9498,77.5478,12.9504,77.5465,157.8,90.8,90.958,9.8691,Aligned,0.9523,0.9725,0.0433,0.0035,0.0059,38.9563,35.9713,52.611,54.4222,36.1952,49.8669,88.4663,19.7684,40.5347,31.8991,No,0.0,-0.0066,0.0258,Good,High,2.7548,10.0,10.0,25.5447,Moderate Risk,76.5569,38.411,18.3303,Aligned,38.9638,62.6541,Side Impact Potential,Urban,2.8577,False,Commercial,Meets Safe System Standards,0.1556,Light,False,29.9202,0.0009,1.0018,Aligned,41,2nd Cross Road,16
228,2nd Main Road,Urban Road,URB-00228,228,13.0101,77.6575,12.9981,77.6634,1477.1,91.2,92.677,13.9958,Aligned,0.9931,0.9799,0.0138,0.0209,-0.0031,39.9061,39.2186,30.2938,20.5754,21.8161,50.8579,91.1158,0.7957,40.1612,8.7419,No,0.0,-0.0055,0.0541,Good,High,3.5532,10.0,10.0,20.6588,Safe,71.7594,41.157,18.4414,Aligned,41.6068,54.1758,Side Impact Potential,Peri-Urban,1.9715,False,Residential,Poor Infrastructure,-0.0165,,False,33.8239,-0.0001,-0.007,Aligned,40,2nd Main Road,1
229,2nd Main Road,Urban Road,URB-00229,229,12.9289,77.5663,12.9378,77.5684,1037.1,91.6,92.637,11.4081,Aligned,0.956,0.984,0.0312,0.0058,0.003,37.8876,34.664,50.6276,12.5021,28.5068,48.686,80.369,0.4619,39.6218,21.9113,No,0.0,-0.0014,1.0281,Good,Low,2.179,10.0,10.0,24.2133,Safe,69.9841,36.4116,22.1064,Aligned,32.3133,55.416,Side Impact Potential,Peri-Urban,3.3695,False,Residential,Poor Infrastructure,0.1882,Light,False,27.5601,-0.0013,0.0014,Aligned,39,2nd Main Road,2
230,2nd Main Road,Urban Road,URB-00230,230,13.0141,77.5328,13.0216,77.5353,890.2,92.0,92.89,12.6368,Aligned,0.9882,0.9608,-0.0115,-0.0042,-0.0026,21.5702,25.5122,27.8163,0.0,12.3391,51.3825,85.237,0.1938,31.2143,1.0808,No,0.0,0.0015,-0.0092,Poor,Medium,2.3779,10.0,10.0,19.8419,Safe,70.7959,25.4491,15.447,Aligned,26.062,36.5978,Side Impact Potential,Rural,1.0398,False,Residential,Poor Infrastructure,0.0054,,False,20.1914,0.0061,-0.0043,Aligned,24,2nd Main Road,3
231,2nd Main Road,Urban Road,URB-00231,231,12.9174,77.5778,12.9308,77.5781,1497.3,92.4,93.897,39.2118,Moderate Misalignment,0.9152,0.0248,0.9131,0.0615,-0.0031,49.2684,49.1575,96.2496,0.0419,20.3634,49.2857,70.6296,0.0,60.0,9.7969,No,0.0,-0.0002,0.0024,Poor,Medium,0.0941,10.0,10.0,27.9739,Moderate Risk,60.4423,49.2269,34.594,Moderate Misalignment,49.4618,45.901,Side Impact Potential,Rural,4.1386,False,Residential,Poor Infrastructure | Above Human Tolerance Limit,0.1418,Light,False,41.3481,0.0084,-0.0087,Moderate Misalignment,51,2nd Main Road,4
232,2nd Main Road,Urban Road,URB-00232,232,12.9385,77.6974,12.9427,77.6993,516.7,92.8,93.317,24.273,Moderate Misalignment,0.4882,0.5366,0.5114,0.0256,0.0172,80.4021,79.6295,100.0,26.5098,23.3323,81.0138,76.7223,0.0,60.0,14.9804,No,0.0,-0.006,-0.0412,Poor,Low,0.4792,10.0,10.4306,25.6383,Moderate Risk,66.766,77.1778,30.7796,Moderate Misalignment,86.7777,55.1784,Separated Traffic,Peri-Urban,6.0845,True,Residential,Poor Infrastructure | Above Human Tolerance Limit,0.0161,,False,73.5023,-0.0178,0.0049,Moderate Misalignment,79,2nd Main Road,5
233,2nd Main Road,Urban Road,URB-00233,233,12.884,77.6405,12.8781,77.6464,995.6,93.2,94.196,9.807,Aligned,0.9716,1.0274,0.0305,-0.0015,0.0026,50.8999,52.0423,79.8718,13.8634,37.2652,50.6954,79.5274,0.163,59.2721,35.6255,No,0.0,0.0037,1.0404,Good,High,1.392,10.0,10.0,32.2109,Moderate Risk,60.3836,49.6387,36.798,Moderate Misalignment,51.4202,60.6489,Side Impact Potential,Urban,5.8452,False,Residential,Poor Infrastructure | Above Human Tolerance Limit,-0.005,,False,47.4202,0.0006,0.0032,Aligned,49,2nd Main Road,6
234,2nd Main Road,Urban Road,URB-00234,234,12.9584,77.6383,12.9582,77.6413,320.3,93.6,93.92,23.2489,Aligned,0.5821,0.5993,0.3966,0.0374,0.0041,62.7993,62.1121,99.8374,0.793,13.5301,78.8025,45.5034,0.0718,59.1476,0.0,No,0.0,0.0,-0.0608,Poor,Medium,0.0663,10.0,10.0,25.4885,Moderate Risk,60.9862,62.4249,30.7008,Moderate Misalignment,65.6439,41.215,Separated Traffic,Rural,7.9476,True,Residential,Poor Infrastructure | Above Human Tolerance Limit,0.0169,,False,51.1582,-0.0039,-0.0115,Aligned,64,2nd Main Road,7
235,2nd Main Road,Urban Road,URB-00235,235,13.0048,77.5462,12.9976,77.5492,863.2,94.0,94.863,11.3112,Aligned,0.9413,0.9622,0.0434,0.0029,-0.0062,40.1972,40.682,78.9109,24.693,32.1663,50.0918,65.9932,0.0624,50.6844,19.2736,No,0.0,-0.0004,0.0123,Good,Low,2.0599,10.0,10.3919,24.127,Safe,72.6188,40.7674,19.9518,Aligned,39.598,67.0667,Side Impact Potential,Urban,5.9492,False,Residential,Poor Infrastructure,0.2355,Light,False,27.3527,0.0038,-0.0143,Aligned,38,2nd Main Road,8
236,2nd Main Road,Urban Road,URB-00236,236,13.0235,77.547,13.0215,77.5508,465.9,94.4,94.866,37.5114,Moderate Misalignment,0.82,0.154,0.8322,0.0608,-0.0063,73.6892,73.6476,98.4497,0.3742,16.3968,79.7787,91.4989,0.0518,60.0,12.6094,No,0.0,0.0041,-0.0299,Poor,Low,0.3292,10.0,22.5899,27.2782,Moderate Risk,59.8364,72.022,34.21,Moderate Misalignment,72.675,33.8947,Separated Traffic,Rural,7.9729,True,Residential,Poor Infrastructure,0.0124,,False,65.5586,-0.0181,-0.0071,Moderate Misalignment,73,2nd Main Road,9
237,2nd Main Road,Urban Road,URB-00237,237,12.8875,77.597,12.8866,77.603,695.4,94.8,95.495,11.4069,Aligned,0.9705,0.9449,0.0293,-0.0022,0.0026,43.3652,43.5667,69.3907,14.5557,28.7047,47.1814,80.2108,4.6391,50.3401,16.492,No,0.0,-0.0007,-0.0988,Good,Medium,2.3269,10.0,10.2343,25.5129,Moderate Risk,69.5216,42.8667,20.677,Aligned,45.4616,65.3264,Side Impact Potential,Urban,3.0339,False,Industrial,Poor Infrastructure,0.1675,Light,False,34.7611,0.9976,0.0022,Aligned,43,2nd Main Road,10
238,2nd Main Road,Urban Road,URB-00238,238,12.9894,77.5734,12.9923,77.5748,362.4,95.2,95.562,39.9174,Moderate Misalignment,0.9636,0.0404,0.9582,0.0017,0.0046,34.5289,37.5547,55.0419,28.4148,35.3497,49.976,98.3589,0.6184,30.2495,45.4834,No,0.0,0.0001,1.0529,Poor,High,1.3589,10.0,19.7721,28.0965,Moderate Risk,68.2107,36.2827,27.3399,Moderate Misalignment,37.9733,36.9851,Side Impact Potential,Rural,4.0442,False,Residential,Poor Infrastructure,-0.0119,,False,26.5372,-0.0059,0.0126,Moderate Misalignment,36,2nd Main Road,11
239,2nd Main Road,Urban Road,URB-00239,239,12.9697,77.7321,12.9699,77.735,329.8,95.6,95.93,13.4977,Aligned,0.8642,0.8163,0.1085,0.0137,-0.0024,34.6647,34.6026,85.523,18.1559,29.8571,67.5926,85.9226,0.0,39.656,17.4067,No,0.0,-0.0029,0.0241,Poor,Low,1.6755,10.0,10.0,24.2474,Safe,69.9821,33.7669,21.24,Aligned,34.4191,66.7689,Separated Traffic,Urban,4.8309,True,Industrial,Poor Infrastructure,-0.0161,,False,32.5908,0.013,-0.0013,Aligned,35,2nd Main Road,12
240,2nd Main Road,Urban Road,URB-00240,240,12.9826,77.5627,12.9879,77.5631,587.8,96.0,96.588,12.9591,Aligned,0.8543,0.8567,0.1246,0.0068,0.0044,16.9945,20.4599,30.2611,0.0,15.4005,50.5962,91.1761,0.1352,21.5184,8.2184,No,0.0,0.003,-0.022,Good,Medium,2.0096,10.0,10.0864,21.073,Safe,69.3676,16.1102,18.2449,Aligned,14.4495,34.4588,Side Impact Potential,Rural,1.907,False,Residential,Poor Infrastructure,-0.003,,False,12.6401,0.0232,-0.0226,Aligned,16,2nd Main Road,13
241,2nd Main Road,Urban Road,URB-00241,241,12.934,77.5477,12.9388,77.5524,780.2,96.4,97.18,37.9672,Moderate Misalignment,0.8873,0.094,0.8719,0.0234,-0.0028,81.8779,81.5816,100.0,1.6813,11.9993,79.1929,80.5767,0.3396,59.841,4.654,No,0.0,-0.0013,-0.0429,Poor,Medium,0.1948,10.0,32.7692,30.6006,Moderate Risk,52.8967,80.4219,43.1185,Moderate Misalignment,105.4348,32.947,Separated Traffic,Rural,6.911,True,Residential,Poor Infrastructure,-0.0066,,False,91.9425,0.0093,-0.0051,Moderate Misalignment,81,2nd Main Road,14
242,2nd Main Road,Urban Road,URB-00242,242,13.1062,77.582,13.1053,77.5812,124.2,96.8,96.924,30.1813,Moderate Misalignment,0.6137,0.405,0.6096,-0.009,0.0023,28.4274,29.2026,48.4092,45.7594,47.4839,50.3807,92.2282,0.0992,31.2903,53.6761,No,0.0,-0.0013,1.0161,Poor,Low,2.8391,10.0,10.0,26.3039,Moderate Risk,75.6722,29.1944,23.8555,Aligned,29.4638,57.3848,Side Impact Potential,Urban,1.9844,False,Mixed,Meets Safe System Standards,0.0374,,False,25.3927,-0.002,-0.008,Moderate Misalignment,28,2nd Main Road,15
243,2nd Main Road,Urban Road,URB-00243,243,13.0193,77.5923,13.0162,77.5977,764.2,97.2,97.964,39.9918,Moderate Misalignment,0.9435,0.0403,0.9416,0.001,-0.0043,51.3943,48.9297,84.6878,4.9479,21.3911,51.8338,97.3806,0.0,50.6779,9.9884,No,0.0,0.0099,0.001,Good,High,1.8885,10.0,17.5918,25.1475,Moderate Risk,64.2737,50.7711,27.1084,Moderate Misalignment,57.5105,53.3981,Side Impact Potential,Peri-Urban,5.0633,True,Industrial,Poor Infrastructure,-0.0146,,False,48.5555,-0.0232,-0.0044,Moderate Misalignment,54,2nd Main Road,16
244,2nd Main Road,Urban Road,URB-00244,244,12.9822,77.6376,12.9824,77.6406,332.5,97.6,97.933,12.8568,Aligned,0.8772,0.8757,0.1262,-0.0117,0.0065,61.9491,62.2901,100.0,7.3798,13.7405,79.4359,58.5869,0.0,60.0,7.5671,No,0.0,0.0045,-0.0147,Poor,High,0.3095,10.0,10.3058,20.288,Safe,70.6971,63.2119,17.1441,Aligned,62.8525,32.9766,Separated Traffic,Rural,5.0559,True,Residential,Poor Infrastructure,-0.0128,,False,52.1298,0.0049,-0.0088,Aligned,62,2nd Main Road,17
245,2nd Main Road,Urban Road,URB-00245,245,12.9918,77.5637,12.991,77.5579,667.0,98.0,98.667,24.8604,Moderate Misalignment,0.5068,0.5188,0.5129,0.0142,0.0008,78.9492,78.0671,100.0,0.0,9.5767,79.2433,86.7538,0.0,59.4164,0.8321,No,0.0,0.0018,-0.012,Poor,Low,0.2273,10.0,10.2098,24.7197,Safe,62.3041,79.983,30.6542,Moderate Misalignment,88.1907,34.1239,Separated Traffic,Rural,6.7316,True,Industrial,Poor Infrastructure | Above Human Tolerance Limit,-0.027,,False,79.9114,-0.004,0.003,Moderate Misalignment,79,2nd Main Road,18
246,2nd Main Road,Urban Road,URB-00246,246,12.9808,77.5068,12.9778,77.506,347.2,98.4,98.747,12.9424,Aligned,0.9722,0.9844,-0.0134,0.0129,-0.0103,41.3458,41.5724,70.8408,36.0867,43.3993,50.1129,83.1099,0.0937,50.1938,46.0565,No,0.0,-0.0007,0.961,Good,High,1.9666,10.0,10.0,25.9861,Moderate Risk,72.7932,40.4367,24.3825,Aligned,40.912,60.7199,Side Impact Potential,Urban,2.9296,False,Industrial,Approach to Congestion (Tapered),-0.0136,,True,38.6721,0.0067,-0.0127,Aligned,42,2nd Main Road,19
247,2nd Main Road,Urban Road,URB-00247,247,13.007,77.5398,13.0069,77.5403,48.5,98.8,98.849,10.0664,Aligned,0.9788,1.0141,0.0356,0.0112,0.003,20.701,21.7784,55.7202,23.423,24.0578,51.3091,82.4893,0.1388,29.8911,16.4367,No,0.0,0.0029,-0.0458,Good,Low,2.2336,10.0,10.0,20.1697,Safe,74.2781,21.8102,19.0813,Aligned,19.5567,51.9347,Side Impact Potential,Peri-Urban,3.7556,False,Industrial,Poor Infrastructure,-0.0267,,False,19.1494,-0.0139,-0.0031,Aligned,20,2nd Main Road,20
248,2nd Main Road,Urban Road,URB-00248,248,12.9563,77.6941,12.9583,77.696,400.5,99.2,99.6,10.9237,Aligned,0.969,0.9575,0.0705,-0.0063,-0.0076,23.5591,23.6018,46.8541,12.5131,25.9913,49.0611,85.1766,0.1167,30.7646,12.4697,No,0.0,-0.0088,-0.0028,Good,Medium,1.8073,10.0,10.0,22.8132,Safe,70.9239,24.644,19.8183,Aligned,23.3805,59.2682,Side Impact Potential,Peri-Urban,1.9615,False,Industrial,Poor Infrastructure,0.0012,,False,20.526,0.0154,0.0114,Aligned,25,2nd Main Road,21
249,2nd Road,State Highway,SH-00249,249,12.9781,77.7096,12.9766,77.7102,1168.2,99.6,100.768,7.5951,Aligned,0.9865,1.0094,-0.0035,-0.0113,0.0124,17.9578,20.6378,33.6528,0.0,24.4939,49.8376,85.1717,20.1358,40.0,13.0881,No,0.0,-0.0102,-0.0346,Poor,High,2.8104,10.0,10.0,28.9528,Moderate Risk,62.4705,20.808,20.0186,Aligned,20.4628,56.9183,Side Impact Potential,Peri-Urban,1.8668,False,Industrial,Poor Infrastructure,0.0122,,False,18.6479,0.0336,0.983,Aligned,19,2nd Road,1
250,2nd Road,Urban Road,URB-00250,250,12.9776,77.7149,12.9777,77.7149,3331.8,100.0,103.332,17.059,Aligned,0.8349,0.8167,0.1255,0.0358,-0.0045,53.6266,51.6719,99.2745,48.8354,34.7094,77.624,49.6765,0.1788,59.5977,32.4308,No,0.0,-0.0016,0.9651,Good,Medium,0.6346,10.0,10.0,21.1765,Safe,79.5074,54.0037,18.4788,Aligned,54.1551,57.8924,Separated Traffic,Urban,5.7719,True,Mixed,Meets Safe System Standards,0.021,,False,44.9125,-0.0038,-0.0039,Aligned,53,2nd Road,2
251,3 Main Road,Urban Road,URB-00251,251,12.9308,77.5797,12.9172,77.5798,1508.7,100.4,101.909,11.407,Aligned,0.9869,0.9805,0.0041,0.0144,-0.0005,30.8382,31.0443,76.4795,48.2994,26.0309,49.9766,78.0439,0.0,60.0,20.2971,No,0.0,0.002,-0.061,Good,High,2.0919,10.0,10.0,18.7992,Safe,80.1373,30.2929,15.4921,Aligned,29.3117,57.7078,Side Impact Potential,Urban,2.1723,True,Commercial,Meets Safe System Standards,-0.0064,,False,27.6676,0.0019,-0.0062,Aligned,29,3 Main Road,1
252,30 Cross Road,Urban Road,URB-00252,252,12.9286,77.5861,12.9287,77.5838,242.4,100.8,101.042,23.6007,Aligned,0.5139,0.5123,0.4871,-0.0073,-0.0011,42.0879,43.2741,86.9095,37.398,28.0369,47.5914,95.0988,0.4894,39.0297,19.6439,No,0.0,0.0047,0.0365,Poor,Low,1.6454,10.0,10.0,22.5404,Safe,74.203,39.9298,19.0789,Aligned,39.6532,63.2783,Side Impact Potential,Urban,5.13,True,Industrial,Meets Safe System Standards,0.009,,False,36.7475,-0.0015,-0.0081,Aligned,42,30 Cross Road,1
253,30th Cross Road,Urban Road,URB-00253,253,12.9287,77.5802,12.9287,77.5838,392.2,101.2,101.592,15.9939,Aligned,0.778,0.8083,0.1829,-0.0013,0.0041,37.4231,34.0998,72.728,32.0704,28.2493,51.8941,37.4983,0.3624,50.2532,16.1406,No,0.0,-0.0054,0.0452,Good,Medium,1.9726,10.0,10.0213,21.246,Safe,75.3232,35.1419,17.9656,Aligned,39.4092,64.6659,Side Impact Potential,Urban,4.116,False,Commercial,Active Congestion | Poor Infrastructure,0.7362,Severe,False,10.9614,-0.02,0.0027,Aligned,37,30th Cross Road,1
254,30th Cross Road,Urban Road,URB-00254,254,12.9278,77.5882,12.9278,77.5882,955.8,101.6,102.556,10.6691,Aligned,0.9562,0.9453,0.0757,0.0106,-0.0019,36.7395,35.4585,36.7442,15.1741,15.7826,48.2135,98.235,0.0636,29.7505,12.3283,No,0.0,0.0093,1.0263,Good,Low,2.2208,10.0,17.9031,22.5485,Safe,68.8825,35.0975,21.7505,Aligned,33.4466,36.1868,Side Impact Potential,Rural,1.9598,True,Industrial,Poor Infrastructure,0.1384,Light,False,28.8755,-0.0098,0.0021,Aligned,36,30th Cross Road,2
255,30th Cross Road,Urban Road,URB-00255,255,12.9288,77.5768,12.9287,77.5801,362.5,102.0,102.362,11.3484,Aligned,0.9812,0.9739,0.0099,0.0022,-0.0029,20.5182,21.6638,46.92,39.4947,35.8952,50.3305,78.0466,0.0439,39.7831,32.2742,No,0.0,-0.0092,0.9862,Poor,High,3.0131,10.0,10.0906,22.1302,Safe,76.4291,19.8746,19.4362,Aligned,22.562,58.9102,Side Impact Potential,Urban,1.9801,False,Industrial,Meets Safe System Standards,0.1474,Light,False,16.2801,0.0023,-0.0033,Aligned,21,30th Cross Road,3
256,30th Cross Road,Urban Road,URB-00256,256,12.9292,77.5875,12.9286,77.5895,239.7,102.4,102.64,11.6142,Aligned,0.9802,0.9686,0.0118,-0.016,-0.0033,36.5587,37.489,80.3745,52.4917,35.7162,50.5652,67.2142,0.2033,49.6157,36.4688,No,0.0,-0.0069,-0.1226,Poor,Low,2.0065,10.0,10.4103,21.0612,Safe,80.6258,34.2358,18.4434,Aligned,32.6295,57.6055,Side Impact Potential,Urban,5.903,False,Residential,Meets Safe System Standards,0.0055,,False,28.1299,0.0,0.0122,Aligned,36,30th Cross Road,4
257,"30th Main road, Banashankari 2nd Stage",Urban Road,URB-00257,257,12.922,77.5602,12.9218,77.5602,41.0,102.8,102.841,39.6669,Moderate Misalignment,0.9604,0.0378,1.0063,-0.0023,-0.0084,41.4514,43.2921,90.6306,22.0639,41.0641,49.3662,93.7342,0.0,41.4162,44.2891,No,0.0,0.0007,1.0159,Good,Low,1.6011,10.0,10.2987,28.4215,Moderate Risk,68.6965,41.5606,24.4527,Moderate Misalignment,41.1222,56.4636,Side Impact Potential,Urban,6.1601,True,Commercial,Poor Infrastructure,0.0134,,False,36.0585,0.006,0.0151,Moderate Misalignment,38,"30th Main road, Bana",1
258,"30th Main road, Banashankari 2nd Stage",Urban Road,URB-00258,258,12.9261,77.561,12.9292,77.5639,2046.1,103.2,105.246,10.4849,Aligned,0.9658,0.9936,0.015,-0.0015,-0.0004,27.9366,29.547,78.123,43.134,41.4646,48.5846,72.8423,0.2149,41.3698,45.633,No,0.0,0.0103,2.8938,Poor,Low,1.3954,10.0,10.0,24.8496,Safe,75.2264,28.3025,20.1274,Aligned,29.0212,58.4314,Side Impact Potential,Peri-Urban,5.159,False,Residential,Meets Safe System Standards,-0.0081,,False,23.5603,-0.0052,-0.0172,Aligned,29,"30th Main road, Bana",2
259,30th Main road,Urban Road,URB-00259,259,12.9222,77.5603,12.922,77.5602,932.6,103.6,104.533,16.846,Aligned,0.7992,0.7674,0.1701,0.0119,-0.0084,58.1823,58.4392,100.0,7.0645,22.8109,80.8319,54.891,0.2262,59.8337,5.5844,No,0.0,-0.0166,-0.0561,Good,High,0.5716,10.0,10.1014,23.196,Safe,68.6544,57.3617,20.9698,Aligned,57.9153,66.3619,Separated Traffic,Urban,5.8733,True,Commercial,Poor Infrastructure,0.0019,,False,49.8217,-0.0137,-0.0095,Aligned,58,30th Main road,1
260,32nd Cross Road,Urban Road,URB-00260,260,12.927,77.5935,12.9269,77.5954,1639.7,104.0,105.64,15.0004,Aligned,0.7603,0.7192,0.1998,-0.0095,-0.0058,49.5802,48.7139,77.2996,11.1175,23.6047,48.958,94.7253,0.1145,53.2995,9.774,No,0.0,-0.0106,0.0423,Good,Low,1.8556,10.0,10.0,22.4616,Safe,70.4547,48.8566,19.7726,Aligned,50.188,62.6326,Side Impact Potential,Urban,3.9124,False,Commercial,Poor Infrastructure,-0.001,,False,48.0182,0.0092,-0.0097,Aligned,51,32nd Cross Road,1
261,32nd Cross Road,Urban Road,URB-00261,261,12.9273,77.5769,12.9273,77.5802,356.5,104.4,104.757,12.6856,Aligned,0.9487,0.938,0.0024,0.0025,-0.0025,17.2516,18.1794,30.8489,13.2592,23.4185,53.1133,90.7067,0.0,39.4066,23.3952,No,0.0,-0.0069,1.0345,Poor,Low,1.5984,10.0,10.0,22.9625,Safe,70.6084,17.2843,19.8367,Aligned,18.5531,40.8756,Side Impact Potential,Rural,2.306,False,Residential,Poor Infrastructure,0.1483,Light,False,13.4288,-0.0005,-0.0055,Aligned,17,32nd Cross Road,2
262,33rd Cross Road,Urban Road,URB-00262,262,12.9264,77.5803,12.9263,77.586,624.0,104.8,105.424,23.8527,Aligned,0.5532,0.5825,0.395,0.0085,0.0029,51.088,51.162,52.567,56.4252,35.0913,51.1892,91.0075,0.1935,38.5973,34.6285,No,0.0,0.0131,-0.124,Good,Low,2.112,10.0,26.4069,25.0722,Moderate Risk,73.9753,48.0098,29.4015,Moderate Misalignment,51.565,57.2154,Side Impact Potential,Urban,2.9007,False,Industrial,Meets Safe System Standards,0.0095,,False,47.1857,0.011,0.0031,Aligned,52,33rd Cross Road,1
263,33rd Main Road,Urban Road,URB-00263,263,12.9042,77.5803,12.9071,77.5804,327.8,105.2,105.528,36.8297,Moderate Misalignment,0.9063,0.0877,0.9301,0.0246,-0.0092,45.6623,48.0507,68.9273,20.0845,26.121,50.3548,100.0,0.355,38.2521,11.3257,No,0.0,0.0113,-0.0407,Good,Medium,1.5608,10.0,18.0529,24.1825,Moderate Risk,67.8651,47.1202,26.6539,Moderate Misalignment,47.2175,66.1048,Side Impact Potential,Urban,1.8967,False,Industrial,Approach to Congestion (Tapered) | Poor Infrastructure,-0.0119,,True,36.7479,0.0037,0.0176,Moderate Misalignment,46,33rd Main Road,1
264,35th Cross Road,Urban Road,URB-00264,264,12.9076,77.5605,12.9087,77.5585,263.0,105.6,105.863,10.2586,Aligned,0.9729,1.0004,-0.0016,-0.0006,0.0115,25.6041,24.0872,30.1092,56.0441,36.1401,32.4147,87.7244,0.2371,29.7539,39.1639,No,0.0,0.0132,2.0131,Poor,Low,2.1578,10.0,10.1602,20.8911,Safe,81.0456,25.0592,16.9848,Aligned,25.0482,57.1735,Significant Pedestrian Interaction,Peri-Urban,1.1334,False,Mixed,High Pedestrian Interaction,-0.0253,,False,20.9595,-0.0086,-0.0042,Aligned,24,35th Cross Road,1
265,36 Cross Road,Urban Road,URB-00265,265,12.9232,77.5935,12.9231,77.6002,724.9,106.0,106.725,19.2722,Aligned,0.6105,0.6202,0.4102,0.0162,0.0133,80.8218,78.1526,98.1411,21.5233,18.6449,80.17,56.0853,0.0,60.0,6.4467,No,0.0,-0.0054,0.0162,Poor,High,0.151,10.0,10.0,24.4019,Safe,66.6415,79.7649,30.8578,Moderate Misalignment,81.9326,47.6251,Separated Traffic,Rural,7.8968,True,Industrial,Poor Infrastructure | Above Human Tolerance Limit,0.2284,Light,False,60.5935,-0.01,-0.0139,Aligned,81,36 Cross Road,1
266,36th Cross Road,Urban Road,URB-00266,266,12.9235,77.5762,12.9234,77.5807,1417.1,106.4,107.817,35.2073,Aligned,0.5577,0.5578,0.0397,0.3836,-0.0006,79.4194,77.7747,98.5492,4.8885,16.5236,80.6591,71.1568,0.1169,59.168,7.7036,No,0.0,-0.0011,-0.016,Poor,Low,0.1753,10.0,30.9994,37.4728,Moderate Risk,44.7088,79.6108,60.2756,High Misalignment,117.9421,42.8507,Separated Traffic,Rural,4.8587,True,Commercial,Speed Limit Misaligned | Poor Infrastructure | Above Human Tolerance Limit,-0.0095,,False,112.2633,0.0086,0.0023,Aligned,81,36th Cross Road,1
267,36th Cross Road,Urban Road,URB-00267,267,12.9233,77.5896,12.9233,77.5896,1212.2,106.8,108.012,14.9086,Aligned,0.8409,0.813,0.1291,0.0033,0.0124,48.0533,48.9231,99.6674,8.4684,22.9679,79.1628,55.3228,0.0,60.0,15.9865,No,0.0,0.0003,0.0861,Poor,High,0.4138,10.0,10.0,21.7039,Safe,70.6693,47.1311,17.9412,Aligned,49.2993,48.5087,Separated Traffic,Peri-Urban,7.9871,True,Mixed,Poor Infrastructure,-0.0032,,False,40.0189,-0.0144,0.0007,Aligned,51,36th Cross Road,2
268,36th Cross Road,Urban Road,URB-00268,268,12.9922,77.557,12.9916,77.5545,299.9,107.2,107.5,45.9577,Moderate Misalignment,0.843,0.0059,0.8236,0.1568,-0.0003,30.3875,29.3958,75.958,51.9835,52.8094,30.3365,95.081,0.0491,41.7168,60.0411,No,0.0,-0.0033,0.9753,Good,High,1.676,10.0,14.5192,35.8943,Moderate Risk,63.9393,30.0745,43.9017,Moderate Misalignment,51.1559,68.7228,Significant Pedestrian Interaction,Urban,1.8743,True,Residential,High Pedestrian Interaction | Above Human Tolerance Limit,0.0155,,False,38.7588,-0.0041,-0.004,Moderate Misalignment,30,36th Cross Road,3
269,38th Cross Road,Urban Road,URB-00269,269,12.9218,77.5803,12.9216,77.5934,1424.5,107.6,109.025,11.8819,Aligned,0.9307,0.9268,0.048,-0.0279,0.007,15.7568,22.258,26.1916,0.4168,12.4976,49.5849,87.2756,0.2292,20.0,4.7371,No,0.0,-0.0045,0.0396,Poor,Medium,1.5851,10.0,10.4798,20.2201,Safe,70.2009,15.7295,16.3354,Aligned,15.5957,36.0326,Side Impact Potential,Rural,0.917,False,Residential,Poor Infrastructure,0.1506,Light,False,12.7073,0.0033,-0.008,Aligned,16,38th Cross Road,1
270,38th Cross Road,Urban Road,URB-00270,270,12.9218,77.5748,12.9218,77.5798,540.7,108.0,108.541,13.3068,Aligned,0.8701,0.8684,0.1095,0.0098,0.0032,58.7265,59.3201,99.6602,0.0915,15.3992,80.3242,28.1465,0.0533,59.8131,8.4746,No,0.0,-0.0006,0.0159,Poor,Medium,0.253,10.0,10.0,20.9419,Safe,68.735,57.3166,19.7589,Aligned,56.6309,37.7186,Separated Traffic,Rural,5.1337,True,Residential,Active Congestion | Poor Infrastructure,0.6312,Severe,False,20.6632,0.0061,-0.001,Aligned,57,38th Cross Road,2
271,38th Cross Road,Urban Road,URB-00271,271,12.9216,77.5935,12.9216,77.597,376.9,108.4,108.777,13.6316,Aligned,0.9007,0.8846,0.0858,0.0182,0.0154,48.4863,45.7867,99.6341,38.1047,31.6405,81.3409,67.0081,0.1722,60.0,23.7455,No,0.0,0.0074,1.0536,Good,Medium,0.6217,10.0,10.3092,21.1318,Safe,77.0321,47.1294,18.9941,Aligned,46.3013,56.5259,Separated Traffic,Urban,5.6424,True,Mixed,Meets Safe System Standards,0.0023,,False,37.8166,-0.0024,-0.0078,Aligned,47,38th Cross Road,3