segment_id,road_name,road_type,human_segment_id,internal_id,start_lat,start_lon,end_lat,end_lon,length_m,start_km,end_km,road_risk_score,ai_risk_label,ai_risk_probability,prob_low_risk,prob_medium_risk,prob_high_risk,prob_critical_risk,ai_recommended_speed,recommended_safe_speed,road_function_score,infrastructure_score,exposure_score,human_tolerance_limit,operating_speed_score,crash_risk_score,posted_speed_limit,pedestrian_exposure_score,blackspot_flag,crash_count,fatal_crashes,schools_count,lighting_quality,roadside_hazards,intersection_density,speed_compliance_rate,speed_violation_score,hotspot_score,hotspot_category,speed_safety_score,original_safe_speed,misalignment_score,misalignment_category,speed_p85,ptw_share_pct,exposure_tier,urban_rural_flag,lane_count,median_presence,land_use_type,top_ai_factors,congestion_index,congestion_category,congestion_smoothed,operating_speed_mean,minor_crashes,major_crashes,risk_category,final_safe_speed,corridor_base,corridor_seq
361,5th Main Road,Urban Road,URB-00361,361,13.014,77.6393,13.0255,77.6399,1273.6,144.4,145.674,11.8764,Aligned,0.9801,1.011,0.0242,-0.0177,-0.0109,41.2027,41.6686,69.141,14.3618,27.0211,48.4304,75.7991,0.0504,50.8811,15.6332,No,0.0,0.007,1.0522,Good,Medium,1.9299,10.0,10.0,23.4136,Safe,69.722,38.8619,20.0322,Aligned,42.7633,67.3062,Side Impact Potential,Urban,2.2076,False,Commercial,Poor Infrastructure,0.0282,,False,35.7061,0.0075,-0.0086,Aligned,44,5th Main Road,4
362,5th Main Road,Urban Road,URB-00362,362,12.9308,77.5806,12.9172,77.5808,1507.6,144.8,146.308,39.4378,Moderate Misalignment,0.9388,0.0477,0.9558,0.0106,-0.0084,64.4521,64.6758,83.8596,44.437,30.6506,68.8851,98.4223,0.0,51.6004,21.3965,No,0.0,-0.0013,0.0612,Good,Medium,1.7405,10.0,29.4471,26.9618,Moderate Risk,69.7505,66.0661,33.432,Moderate Misalignment,66.7176,64.5665,Separated Traffic,Urban,2.9213,True,Mixed,Meets Safe System Standards,0.1291,Light,False,52.5073,0.0093,0.0146,Moderate Misalignment,67,5th Main Road,5
363,5th Main Road,Urban Road,URB-00363,363,12.9996,77.5991,13.0017,77.5953,774.8,145.2,145.975,11.8915,Aligned,0.9634,1.0081,0.0387,0.004,0.0016,26.9665,27.5807,57.7556,1.9628,17.8143,49.6242,88.6273,0.0414,29.2317,2.8643,No,0.0,-0.0059,-0.0003,Poor,Low,2.0891,10.0,10.1978,22.4945,Safe,68.9403,28.2866,18.0942,Aligned,29.9456,56.9414,Side Impact Potential,Peri-Urban,4.003,False,Mixed,Poor Infrastructure,-0.0017,,False,24.7892,0.0043,0.0181,Aligned,27,5th Main Road,6
364,5th Main Road,Urban Road,URB-00364,364,13.1044,77.5701,13.1051,77.5664,408.8,145.6,146.009,8.8308,Aligned,0.9454,0.9514,0.0425,0.0049,0.0048,33.1617,33.5782,74.6988,0.0,25.0137,49.2139,73.0064,0.1303,47.4475,16.9765,No,0.0,0.0105,0.0254,Poor,Medium,1.7177,10.0,10.0,24.8014,Safe,67.2248,32.755,22.7311,Aligned,33.3522,56.5126,Side Impact Potential,Peri-Urban,4.0482,False,Residential,Poor Infrastructure,-0.0041,,False,28.9589,-0.0092,0.0131,Aligned,33,5th Main Road,7
365,5th Main Road,Urban Road,URB-00365,365,12.9771,77.674,12.974,77.6729,361.2,146.0,146.361,10.6444,Aligned,0.9607,0.9316,0.0301,-0.0099,-0.0044,32.7303,34.265,59.5301,21.8142,26.6377,48.5097,82.2281,0.0,39.3967,16.1222,No,0.0,0.0032,0.0045,Poor,Low,2.9355,10.0,10.0885,22.3135,Safe,71.9956,35.0721,20.127,Aligned,35.9647,57.1738,Side Impact Potential,Urban,2.0109,True,Commercial,Poor Infrastructure,0.0116,,False,26.5577,0.0092,-0.0124,Aligned,34,5th Main Road,8
366,5th Main Road,Urban Road,URB-00366,366,12.8912,77.594,12.8894,77.5938,218.0,146.4,146.618,19.2001,Aligned,0.6845,0.6734,0.3143,-0.0126,0.0024,30.7282,32.2149,54.3628,30.0633,38.6076,48.0898,88.6313,0.0,30.5531,41.5341,No,0.0,0.0026,1.0331,Poor,High,2.2668,10.0,10.0,25.8855,Moderate Risk,72.0111,30.3914,21.8411,Aligned,29.3536,62.5742,Side Impact Potential,Urban,4.0506,False,Residential,Poor Infrastructure,0.1209,Light,False,25.0806,0.0143,-0.0029,Aligned,33,5th Main Road,9
367,5th Main Road,Urban Road,URB-00367,367,13.0008,77.5462,12.9975,77.5464,371.1,146.8,147.171,46.3782,High Misalignment,0.4775,0.3918,0.1106,0.4947,0.0104,60.4371,60.5921,100.0,26.2792,21.88,79.321,80.4651,0.1492,59.4162,13.4366,No,0.0,0.0127,0.047,Good,Low,0.5833,10.0,10.0,20.078,Safe,74.5194,60.1322,17.8342,Aligned,60.7959,54.2811,Separated Traffic,Peri-Urban,6.0002,True,Residential,Poor Infrastructure,-0.0076,,False,50.4584,-0.0128,0.012,High Misalignment,62,5th Main Road,10
368,5th Main Road,Urban Road,URB-00368,368,12.9941,77.5677,12.9848,77.568,1036.8,147.2,148.237,13.5303,Aligned,0.9091,0.8809,0.047,0.0021,0.0184,26.4516,26.1087,50.7456,10.8731,29.5334,49.2173,92.3525,0.4465,28.2036,17.0664,No,0.0,0.0073,-0.0286,Good,High,2.7265,10.0,10.0,25.1633,Moderate Risk,68.4427,26.2743,22.3613,Aligned,23.8159,68.1768,Side Impact Potential,Urban,1.9634,False,Commercial,Poor Infrastructure,-0.0054,,False,24.7648,0.0051,-0.0014,Aligned,28,5th Main Road,11
369,5th Main Road,Urban Road,URB-00369,369,12.9109,77.4802,12.9133,77.4794,404.3,147.6,148.004,65.637,High Misalignment,0.7769,0.0307,0.2091,0.7668,-0.0033,28.6264,30.4973,79.1579,53.2011,49.9327,28.7775,93.4608,0.0,40.8646,67.3183,No,0.0,0.0043,0.9866,Poor,Medium,1.8208,10.0,10.0,33.0605,Moderate Risk,66.766,32.9779,38.967,Moderate Misalignment,44.821,58.7004,Significant Pedestrian Interaction,Urban,1.9457,True,Commercial,High Pedestrian Interaction | Above Human Tolerance Limit,0.1253,Light,False,35.2764,0.0065,-0.0096,High Misalignment,29,5th Main Road,12
370,5th Road,Urban Road,URB-00370,370,12.977,77.7218,12.9804,77.7218,396.4,148.0,148.396,38.3744,Moderate Misalignment,0.8577,0.1324,0.8629,0.0253,-0.0007,29.3307,29.8813,79.664,42.4556,37.8162,28.832,75.9011,0.0,49.7042,34.3736,No,0.0,0.0007,1.0011,Poor,Medium,1.3638,10.0,10.2514,33.1806,Moderate Risk,61.1003,29.8516,46.0595,Moderate Misalignment,38.6023,60.5402,Significant Pedestrian Interaction,Urban,5.8189,False,Mixed,High Pedestrian Interaction | Above Human Tolerance Limit,0.0024,,False,35.718,-0.0191,-0.0096,Moderate Misalignment,31,5th Road,1
371,6 E Main Road,Urban Road,URB-00371,371,12.8854,77.5755,12.8855,77.579,437.3,148.4,148.837,36.1324,Moderate Misalignment,0.8478,0.1598,0.8301,-0.0021,0.0091,43.5533,48.566,54.5568,0.7302,20.465,50.497,100.0,0.1795,59.448,10.0171,No,0.0,0.0009,0.0037,Good,Low,2.1545,10.0,12.9216,24.9143,Moderate Risk,63.531,44.321,24.2339,Moderate Misalignment,44.8872,48.1708,Side Impact Potential,Peri-Urban,3.9515,False,Commercial,Poor Infrastructure,0.0087,,False,41.9465,-0.0079,0.0032,Moderate Misalignment,42,6 E Main Road,1
372,60 Feet Main Road,Urban Road,URB-00372,372,12.9787,77.5017,12.9778,77.506,474.1,148.8,149.274,13.365,Aligned,0.9494,0.9867,0.0812,0.0044,-0.0003,36.2119,36.852,70.2492,24.6428,26.7223,51.3192,86.0108,0.0638,39.793,11.8576,No,0.0,0.0041,-0.0282,Good,Low,1.7456,10.0,10.0,21.9323,Safe,73.8126,38.0275,19.3419,Aligned,37.5064,63.1914,Side Impact Potential,Urban,2.0226,False,Industrial,Poor Infrastructure,0.1425,Light,False,30.7042,0.0001,-0.0023,Aligned,37,60 Feet Main Road,1
373,"60 Feet Road, Pattegarara Palya Main Road",Urban Road,URB-00373,373,12.9766,77.5229,12.9766,77.5227,31.3,149.2,149.231,10.1895,Aligned,0.9591,0.9656,0.0393,0.0098,-0.0026,35.8921,34.7819,84.0739,32.896,38.2745,49.6484,81.0287,0.0,60.0,39.95,No,0.0,0.0104,0.985,Good,Medium,1.4747,10.0,10.107,24.8445,Moderate Risk,73.3447,35.4113,21.3438,Aligned,36.8013,58.5573,Side Impact Potential,Urban,4.0575,True,Commercial,Poor Infrastructure,0.171,Light,False,25.9503,-0.0069,-0.0057,Aligned,37,"60 Feet Road, Patteg",1
374,60 Feet Road,Urban Road,URB-00374,374,12.9666,77.505,12.967,77.5041,114.5,149.6,149.714,13.3466,Aligned,0.9006,0.9216,0.0687,0.01,0.0023,39.6677,37.16,85.5771,24.9039,43.9537,48.9331,71.3104,0.1361,48.5815,47.8454,No,0.0,0.011,0.985,Good,Low,2.1055,10.0,10.0351,29.1219,Moderate Risk,70.1739,37.6961,25.2108,Moderate Misalignment,36.6164,65.2664,Side Impact Potential,Urban,5.2242,True,Mixed,Approach to Congestion (Tapered) | Poor Infrastructure,-0.0129,,True,33.9097,0.0163,0.0001,Aligned,38,60 Feet Road,1
375,60 Feet Road,Urban Road,URB-00375,375,12.9723,77.6989,12.9719,77.6962,296.8,150.0,150.297,16.2734,Aligned,0.8155,0.832,0.1468,0.0128,-0.0055,28.0217,28.4816,49.9545,26.1667,26.6629,49.8178,94.0387,0.0148,31.0544,17.6398,No,0.0,0.0024,-0.0392,Poor,Low,3.132,10.0,10.0,21.7918,Safe,74.35,29.6946,20.319,Aligned,32.3233,61.218,Side Impact Potential,Urban,2.0003,False,Commercial,Poor Infrastructure,-0.0176,,False,25.867,-0.0083,-0.0007,Aligned,29,60 Feet Road,2
376,60 Feet Road,Urban Road,URB-00376,376,12.968,77.4814,12.9661,77.4877,729.4,150.4,151.129,12.9328,Aligned,0.8715,0.8643,0.0686,-0.0053,0.0115,54.0973,50.9931,98.2672,8.9322,17.3461,78.1243,73.4096,0.1191,60.0,6.1288,No,0.0,-0.0018,-0.0495,Poor,High,0.2759,10.0,10.0,20.2401,Safe,71.9728,54.1314,16.4847,Aligned,52.7607,46.1958,Separated Traffic,Rural,3.9232,True,Residential,Poor Infrastructure,0.1136,Light,False,44.1451,-0.0086,-0.0013,Aligned,53,60 Feet Road,3
377,60 Feet Road,Urban Road,URB-00377,377,13.0003,77.4849,13.0012,77.4799,1402.4,150.8,152.202,10.8423,Aligned,0.9592,0.9725,0.0189,-0.0089,-0.0018,36.4451,37.2177,77.2285,19.0402,29.9219,51.7151,72.0082,0.0,48.3289,21.4814,No,0.0,-0.0009,0.0385,Good,High,1.6997,10.0,10.566,24.6977,Safe,70.356,39.6434,21.117,Aligned,37.102,62.6546,Side Impact Potential,Urban,1.8159,True,Commercial,Poor Infrastructure,-0.024,,False,30.7401,0.0017,0.0013,Aligned,39,60 Feet Road,4
378,60 Feet Road,Urban Road,URB-00378,378,12.9641,77.7131,12.9648,77.7182,565.8,151.2,151.766,10.2406,Aligned,0.9836,0.9659,0.0348,-0.0045,-0.003,42.1714,41.2054,71.9849,37.1811,27.9333,51.4076,76.0953,0.0,49.8199,22.3545,No,0.0,0.0002,-0.0393,Poor,High,1.9064,10.0,10.2769,20.8356,Safe,75.9286,41.0032,18.4853,Aligned,42.0829,56.8718,Side Impact Potential,Urban,3.0405,False,Commercial,Meets Safe System Standards,0.0158,,False,34.2512,0.0297,0.0158,Aligned,42,60 Feet Road,5
379,60 Feet Road,Urban Road,URB-00379,379,13.037,77.5716,13.0367,77.5819,1113.8,151.6,152.714,12.1125,Aligned,0.9691,0.9645,0.0267,-0.0118,0.0055,26.8275,26.4404,29.5235,12.0984,18.6729,51.0808,89.3025,0.5969,30.4494,7.1927,No,0.0,0.0021,0.0084,Good,High,2.7924,10.0,10.67,19.8348,Safe,72.5863,27.1149,18.2659,Aligned,26.9509,51.4701,Side Impact Potential,Peri-Urban,2.2777,False,Residential,Poor Infrastructure,-0.0007,,False,23.1274,-0.0045,-0.0022,Aligned,25,60 Feet Road,6
380,60 Feet Road,Urban Road,URB-00380,380,13.0637,77.5868,13.0625,77.5932,716.8,152.0,152.717,43.5277,Moderate Misalignment,0.8022,0.0496,0.8107,0.1543,0.0019,45.8829,44.9495,99.4706,17.9455,17.0116,49.5021,66.5133,0.2137,58.1768,9.8054,No,0.0,0.0106,-0.0439,Good,Medium,-0.0599,10.0,10.5263,24.7639,Safe,66.2451,46.1665,29.5826,Moderate Misalignment,47.8021,43.6742,Side Impact Potential,Rural,7.9902,False,Industrial,Poor Infrastructure | Above Human Tolerance Limit,-0.0022,,False,37.0744,0.0013,0.0135,Moderate Misalignment,46,60 Feet Road,7
381,60 Feet Road,Urban Road,URB-00381,381,12.9679,77.5022,12.9628,77.4988,687.0,152.4,153.087,36.1041,Moderate Misalignment,0.8284,0.1585,0.845,-0.005,-0.0036,31.7955,30.522,51.6105,58.8016,48.3641,30.2145,95.5726,0.1218,40.065,50.1312,No,0.0,-0.0064,1.011,Good,Low,3.9265,10.0,10.0,29.918,Moderate Risk,70.8064,30.6576,33.3665,Moderate Misalignment,40.1614,68.9465,Significant Pedestrian Interaction,Urban,2.965,False,Mixed,High Pedestrian Interaction | Above Human Tolerance Limit,0.0005,,False,35.7067,0.0098,0.007,Moderate Misalignment,30,60 Feet Road,8
382,60 Feet Road,Urban Road,URB-00382,382,12.8832,77.6438,12.8861,77.6494,721.8,152.8,153.522,21.8356,Aligned,0.5637,0.5979,0.4322,0.0112,-0.0038,49.8455,47.6021,51.7317,6.7804,27.0108,52.0004,92.6827,0.0,40.9848,13.4863,No,0.0,0.0008,-0.0298,Poor,Medium,3.6623,10.0,30.305,30.2851,Moderate Risk,60.8313,51.1298,34.1458,Moderate Misalignment,56.8383,64.4356,Side Impact Potential,Urban,1.9349,False,Industrial,Poor Infrastructure,-0.0162,,False,43.7286,0.0052,0.0029,Aligned,49,60 Feet Road,9
383,60 Feet Road,Urban Road,URB-00383,383,12.8618,77.5503,12.8617,77.5582,999.6,153.2,154.2,41.4258,Moderate Misalignment,0.8817,0.0597,0.9023,0.0748,0.0099,29.5233,30.1773,79.2155,68.0818,49.1168,30.9215,83.8844,0.6513,40.0687,61.6151,No,0.0,0.0094,1.9599,Good,Medium,1.4872,10.0,33.1842,35.1369,Moderate Risk,63.988,30.6967,49.453,Moderate Misalignment,54.4168,56.677,Significant Pedestrian Interaction,Urban,1.9176,True,Commercial,High Pedestrian Interaction | Above Human Tolerance Limit,-0.0074,,False,49.5878,-0.0104,0.0028,Moderate Misalignment,30,60 Feet Road,10
384,60 feet road,Urban Road,URB-00384,384,13.06,77.5069,13.063,77.4999,1039.5,153.6,154.64,12.1906,Aligned,0.977,0.9854,-0.0036,-0.0099,0.0059,30.4383,33.355,71.769,25.1011,34.7237,50.1413,81.0218,0.5296,39.8082,32.7263,No,0.0,0.0024,0.9463,Good,Low,1.6803,10.0,10.0,25.3624,Safe,71.3892,31.7239,22.2488,Aligned,32.2715,58.355,Side Impact Potential,Urban,2.9999,False,Residential,Poor Infrastructure,0.0034,,False,28.2858,0.0011,-0.0009,Aligned,32,60 feet road,1
385,6th A Cross Road,Urban Road,URB-00385,385,13.0493,77.5149,13.0501,77.512,332.3,154.0,154.332,13.9491,Aligned,0.9269,0.9353,0.0705,-0.0089,-0.0011,39.146,38.4588,82.1259,27.2676,33.8968,50.0263,41.6769,0.0321,50.1858,27.4611,No,0.0,0.0007,0.036,Good,Medium,1.7971,10.0,10.0,24.117,Safe,72.5169,39.0705,20.1148,Aligned,40.3483,62.3921,Side Impact Potential,Urban,5.9295,False,Commercial,Active Congestion | Poor Infrastructure,0.7187,Severe,False,10.1047,0.0095,0.0033,Aligned,37,6th A Cross Road,1
386,6th A Main Road,Urban Road,URB-00386,386,12.9756,77.5097,12.9753,77.5111,158.3,154.4,154.558,12.9692,Aligned,0.9108,0.9252,0.1216,0.0033,-0.0045,49.4252,51.4569,79.3785,30.7417,33.6941,50.573,85.6415,0.0134,50.0744,30.6016,No,0.0,0.0081,0.9921,Poor,High,1.9345,10.0,10.0,25.3077,Moderate Risk,69.4508,50.0444,24.4578,Moderate Misalignment,55.0061,56.4146,Side Impact Potential,Urban,2.7893,True,Residential,Poor Infrastructure,0.1932,Light,False,40.6121,0.0154,0.0101,Aligned,50,6th A Main Road,1
387,6th B Main Road,Urban Road,URB-00387,387,13.0998,77.5839,13.0955,77.5795,676.8,154.8,155.477,13.1323,Aligned,0.8349,0.8758,0.1675,-0.0014,0.0117,47.6358,48.8504,96.917,3.4932,21.9852,80.1751,78.3154,0.0,58.7226,10.8873,No,0.0,-0.0021,-0.026,Poor,Medium,0.4547,10.0,10.4709,22.4055,Safe,68.7336,49.2291,20.2371,Aligned,50.1907,53.398,Separated Traffic,Peri-Urban,8.0491,True,Commercial,Poor Infrastructure,0.0088,,False,43.9849,-0.0054,0.0058,Aligned,50,6th B Main Road,1
388,6th Cross Road,Urban Road,URB-00388,388,12.9059,77.6017,12.906,77.6039,235.6,155.2,155.436,39.6196,Moderate Misalignment,0.9564,0.0004,0.945,0.032,0.001,75.3394,74.8748,99.5964,25.3201,30.3531,80.6368,92.7347,0.0304,60.0,29.8702,No,0.0,-0.0077,1.0461,Good,High,0.2654,10.0,29.2753,30.6193,Moderate Risk,61.8126,76.6292,38.1665,Moderate Misalignment,74.728,50.7512,Separated Traffic,Peri-Urban,5.1199,True,Industrial,Poor Infrastructure,0.2062,Light,False,58.5377,-0.0036,0.0015,Moderate Misalignment,77,6th Cross Road,1
389,6th Cross Road,Urban Road,URB-00389,389,12.9598,77.6491,12.9684,77.6506,984.9,155.6,156.585,11.2225,Aligned,0.963,0.9451,0.0209,0.0177,0.0085,35.318,36.6454,80.0543,53.1998,35.8643,50.6066,68.5287,0.4778,50.6261,35.1734,No,0.0,0.002,-0.0027,Poor,Low,2.1425,10.0,10.0,20.5739,Safe,79.6039,34.2477,18.8449,Aligned,33.4498,56.73,Side Impact Potential,Urban,5.9377,False,Residential,Meets Safe System Standards,0.0069,,False,26.1825,0.0137,0.0105,Aligned,35,6th Cross Road,2
390,6th Cross Road,Urban Road,URB-00390,390,12.9361,77.6254,12.9397,77.6223,523.2,156.0,156.523,16.772,Aligned,0.8185,0.7946,0.2558,-0.0043,0.0007,31.5667,27.9246,60.4686,40.8185,37.2812,49.1515,89.869,0.0,29.3849,30.3757,No,0.0,-0.0016,0.992,Good,Low,3.1776,10.0,10.0,23.7695,Safe,75.0419,30.2747,22.8651,Aligned,31.2959,67.6449,Side Impact Potential,Urban,3.0057,True,Residential,Meets Safe System Standards,0.1773,Light,False,23.7859,-0.0098,-0.0114,Aligned,33,6th Cross Road,3
391,6th Cross Road,Urban Road,URB-00391,391,12.9789,77.5814,12.979,77.5751,693.5,156.4,157.094,13.2229,Aligned,0.9442,0.9119,0.0491,-0.0008,-0.0022,46.6036,49.5841,57.6451,26.1163,30.2771,47.4099,90.8558,0.112,52.303,22.3039,No,0.0,-0.0019,0.9733,Poor,Low,3.2575,10.0,10.2821,23.6598,Safe,73.2507,49.7247,19.7529,Aligned,46.6711,66.6265,Side Impact Potential,Urban,1.8289,True,Mixed,Poor Infrastructure,-0.0056,,False,44.1746,0.0006,-0.0055,Aligned,46,6th Cross Road,4
392,6th Cross Road,Urban Road,URB-00392,392,12.9637,77.5304,12.9605,77.5297,364.4,156.8,157.164,39.811,Moderate Misalignment,0.8418,0.1026,0.8398,0.0874,0.0039,28.9081,27.7975,77.4151,34.5056,42.1653,30.607,80.501,0.0,40.3059,40.0856,No,0.0,0.006,1.9842,Poor,Medium,2.05,10.0,10.099,31.6582,Moderate Risk,64.4309,29.7163,35.8937,Moderate Misalignment,33.054,67.4958,Significant Pedestrian Interaction,Urban,6.1716,False,Commercial,High Pedestrian Interaction | Poor Infrastructure | Above Human Tolerance Limit,0.1715,Light,False,28.1385,0.0055,-0.007,Moderate Misalignment,30,6th Cross Road,5
393,6th Cross Road,Urban Road,URB-00393,393,12.9566,77.5186,12.957,77.5158,305.1,157.2,157.505,14.9458,Aligned,0.8918,0.9175,0.1262,-0.0089,-0.002,38.1309,37.3563,56.7052,21.105,38.9103,49.5109,89.6747,0.2021,40.8537,34.8291,No,0.0,-0.0022,1.0241,Good,Medium,2.5472,10.0,10.0,27.4411,Moderate Risk,69.402,36.5182,21.7037,Aligned,38.6208,69.1923,Side Impact Potential,Urban,1.7772,True,Mixed,Poor Infrastructure,-0.0124,,False,31.7349,0.0034,-0.0079,Aligned,38,6th Cross Road,6
394,6th Cross Road,Urban Road,URB-00394,394,12.9912,77.5678,12.9915,77.5638,438.3,157.6,158.038,12.615,Aligned,0.979,1.0114,0.0097,-0.005,-0.0122,30.7785,33.4633,78.3573,28.4601,36.6551,49.7196,81.5375,0.114,40.2271,32.136,No,0.0,0.0036,0.9459,Poor,Medium,1.6754,10.0,10.0828,25.1669,Moderate Risk,72.9837,34.1317,20.7346,Aligned,33.6063,66.2321,Side Impact Potential,Urban,5.1047,False,Commercial,Poor Infrastructure,0.0038,,False,29.9449,-0.0086,-0.0069,Aligned,33,6th Cross Road,7
395,6th Cross,Urban Road,URB-00395,395,12.9849,77.6749,12.9813,77.676,627.5,158.0,158.627,9.9822,Aligned,1.0037,1.0304,0.0009,-0.0068,0.0013,33.2753,33.1738,27.8989,0.2063,17.2263,51.7524,68.4629,0.0,32.5724,9.0642,No,0.0,-0.0001,-0.0125,Good,Medium,0.9102,10.0,10.0741,21.7893,Safe,67.2945,32.3416,20.2387,Aligned,29.141,41.8827,Side Impact Potential,Rural,1.0358,False,Residential,Active Congestion | Poor Infrastructure,0.6533,Severe,False,10.0,0.0035,0.006,Aligned,34,6th Cross,1
396,6th Main Road,Urban Road,URB-00396,396,13.0059,77.5422,13.0035,77.5436,301.7,158.4,158.702,10.7265,Aligned,0.9673,0.9646,0.0182,-0.0012,-0.0066,54.6633,55.9077,85.7012,21.3689,26.4112,68.8194,74.6394,0.0149,59.3799,25.5321,No,0.0,-0.0,0.0256,Poor,High,1.4082,10.0,10.0,22.7736,Safe,72.5356,55.3012,19.7113,Aligned,54.4068,48.1767,Separated Traffic,Peri-Urban,4.9975,True,Industrial,Poor Infrastructure,0.0108,,False,46.729,-0.0093,0.0181,Aligned,54,6th Main Road,1
397,6th Main Road,Urban Road,URB-00397,397,13.0301,77.5627,13.0381,77.5647,1009.6,158.8,159.81,11.8668,Aligned,0.8969,0.8983,0.0643,0.0165,0.0047,55.9427,57.4447,100.0,20.31,29.282,80.5694,62.4755,0.0,60.0,18.7804,No,0.0,0.0015,0.0345,Good,Low,0.5788,10.0,10.0,22.8404,Safe,72.114,56.136,21.3895,Aligned,57.3029,66.27,Separated Traffic,Urban,3.7343,True,Commercial,Poor Infrastructure,0.1488,Light,False,43.7426,-0.0107,0.0063,Aligned,56,6th Main Road,2
398,6th Main Road,Urban Road,URB-00398,398,12.9782,77.4987,12.97,77.4966,963.4,159.2,160.163,12.0094,Aligned,0.9701,0.9983,-0.0029,0.0042,-0.0029,33.5879,31.5456,80.2495,31.1033,26.6043,70.9739,80.987,0.0566,40.5248,14.6936,No,0.0,0.0058,-0.0812,Good,Low,1.4251,10.0,10.3143,20.6727,Safe,75.2454,34.9885,17.363,Aligned,30.2743,62.1092,Separated Traffic,Urban,2.9692,True,Mixed,Poor Infrastructure,0.1383,Light,False,27.3913,-0.0061,0.0029,Aligned,31,6th Main Road,3
399,6th Main Road,Urban Road,URB-00399,399,12.9642,77.6581,12.9673,77.6578,402.1,159.6,160.002,9.1047,Aligned,1.0109,0.9708,0.0052,0.0022,-0.0058,16.3142,17.8912,52.769,0.0,16.3758,48.8484,81.8717,0.4952,29.1233,11.4019,No,0.0,-0.0004,-0.0134,Poor,Low,0.786,10.0,10.0,21.9921,Safe,69.4029,20.7757,19.8243,Aligned,22.1876,36.5474,Side Impact Potential,Rural,4.1115,False,Residential,Poor Infrastructure,0.005,,False,16.7354,0.0193,0.0071,Aligned,17,6th Main Road,4
400,6th Main Road,Urban Road,URB-00400,400,12.9737,77.5385,12.9751,77.5443,651.3,160.0,160.651,29.1494,Moderate Misalignment,0.578,0.4001,0.5572,0.0429,0.0071,65.0941,65.0677,99.9008,33.1079,30.0212,79.9982,37.7841,0.2941,60.0,22.8992,No,0.0,0.0094,-0.011,Poor,High,0.6959,10.0,10.0,26.9971,Moderate Risk,68.03,61.7637,31.6694,Moderate Misalignment,61.8406,58.0345,Separated Traffic,Urban,6.8268,True,Residential,Poor Infrastructure | Above Human Tolerance Limit,0.1746,Light,False,49.2175,-0.004,-0.0026,Moderate Misalignment,65,6th Main Road,5
401,6th Main Road,Urban Road,URB-00401,401,12.9739,77.6411,12.974,77.6468,625.6,160.4,161.026,12.4923,Aligned,0.875,0.9402,0.1112,0.0064,-0.0033,68.5428,69.9437,99.3981,1.9956,15.0274,80.6558,60.8437,0.4126,59.7987,10.7304,No,0.0,0.0014,-0.0268,Poor,Medium,0.0683,10.0,10.01,21.0774,Safe,69.1086,68.4273,19.1645,Aligned,66.4924,33.0604,Separated Traffic,Rural,5.2306,True,Industrial,Poor Infrastructure,-0.0084,,False,57.526,-0.0069,0.0089,Aligned,70,6th Main Road,6
402,6th Main Road,Urban Road,URB-00402,402,12.8987,77.6056,12.9032,77.6064,628.6,160.8,161.429,10.8353,Aligned,0.9682,0.9555,0.0577,0.0018,-0.0034,39.0912,38.5355,76.1718,14.2708,26.4351,48.9375,65.9501,0.1966,49.1135,14.0045,No,0.0,-0.0015,-0.0522,Poor,Medium,1.7379,10.0,10.0,23.3276,Safe,70.3993,36.6117,19.4238,Aligned,38.9591,66.4283,Side Impact Potential,Urban,5.0121,False,Residential,Poor Infrastructure,0.2146,Light,False,27.7515,0.0117,0.007,Aligned,39,6th Main Road,7
403,6th Main Road,Urban Road,URB-00403,403,12.8848,77.5809,12.8858,77.5807,116.9,161.2,161.317,34.144,Moderate Misalignment,0.781,0.2177,0.7929,0.0149,0.0073,51.4617,50.5654,72.3752,40.6258,27.8774,49.5933,95.4504,0.1145,59.0174,20.9914,No,0.0,-0.0016,-0.0528,Good,High,1.9517,10.0,19.0986,28.5779,Moderate Risk,62.928,49.3754,42.1122,Moderate Misalignment,70.8999,55.8463,Side Impact Potential,Urban,2.8919,False,Mixed,Above Human Tolerance Limit,-0.0235,,False,61.9149,0.0064,0.0067,Moderate Misalignment,52,6th Main Road,8
404,6th Main Road,Urban Road,URB-00404,404,12.9728,77.539,12.9722,77.5409,210.1,161.6,161.81,38.0127,Moderate Misalignment,0.9209,0.0821,0.9161,0.0307,0.0037,66.3517,67.2559,82.6363,42.8224,30.3726,70.9467,97.2677,0.0,46.7128,20.2056,No,0.0,-0.0109,0.0172,Good,Medium,1.5033,10.0,29.5812,26.1852,Moderate Risk,68.6929,64.1841,33.197,Moderate Misalignment,63.8225,63.9363,Separated Traffic,Urban,3.1015,True,Mixed,Meets Safe System Standards,0.1645,Light,False,53.7303,-0.0057,0.0158,Moderate Misalignment,64,6th Main Road,9
405,6th Main Road,Urban Road,URB-00405,405,12.9161,77.4797,12.9254,77.4831,1101.4,162.0,163.101,9.3863,Aligned,0.999,1.0143,0.0205,-0.002,0.0021,18.0093,18.021,27.8359,8.0303,18.9027,49.1606,91.9757,0.0,20.0,10.2721,No,0.0,0.0012,-0.0578,Poor,Low,1.5393,10.0,10.0,21.4341,Safe,69.9871,18.8166,17.9478,Aligned,17.9749,47.2083,Side Impact Potential,Rural,0.9372,False,Mixed,Poor Infrastructure,0.1317,Light,False,12.314,0.0082,0.0098,Aligned,18,6th Main Road,10