segment_id,road_name,road_type,human_segment_id,internal_id,start_lat,start_lon,end_lat,end_lon,length_m,start_km,end_km,road_risk_score,ai_risk_label,ai_risk_probability,prob_low_risk,prob_medium_risk,prob_high_risk,prob_critical_risk,ai_recommended_speed,recommended_safe_speed,road_function_score,infrastructure_score,exposure_score,human_tolerance_limit,operating_speed_score,crash_risk_score,posted_speed_limit,pedestrian_exposure_score,blackspot_flag,crash_count,fatal_crashes,schools_count,lighting_quality,roadside_hazards,intersection_density,speed_compliance_rate,speed_violation_score,hotspot_score,hotspot_category,speed_safety_score,original_safe_speed,misalignment_score,misalignment_category,speed_p85,ptw_share_pct,exposure_tier,urban_rural_flag,lane_count,median_presence,land_use_type,top_ai_factors,congestion_index,congestion_category,congestion_smoothed,operating_speed_mean,minor_crashes,major_crashes,risk_category,final_safe_speed,corridor_base,corridor_seq
406,71st Cross Road,Urban Road,URB-00406,406,12.9054,77.5628,12.9045,77.5648,241.6,162.4,162.642,39.2256,Moderate Misalignment,0.9664,0.0322,0.9527,0.0146,-0.0008,26.6287,26.1647,49.8615,54.1068,57.1778,30.7295,75.5093,0.1717,40.757,71.6935,No,0.0,-0.0102,1.0457,Good,Low,3.6452,10.0,10.5121,33.7893,Moderate Risk,67.6294,26.4778,38.95,Moderate Misalignment,29.6404,57.8044,Significant Pedestrian Interaction,Urban,1.9709,False,Residential,High Pedestrian Interaction | Above Human Tolerance Limit,-0.0016,,False,24.3565,0.0109,0.0109,Moderate Misalignment,28,71st Cross Road,1
407,72nd Cross Road,Urban Road,URB-00407,407,12.9808,77.5491,12.9806,77.5551,645.1,162.8,163.445,31.0144,Moderate Misalignment,0.6843,0.3146,0.6958,-0.003,-0.0011,40.0878,38.8684,52.0789,8.5,14.2206,49.6023,95.9624,0.0,29.5609,5.7819,No,0.0,-0.0036,-0.0043,Poor,Low,1.459,10.0,31.721,23.5891,Safe,65.9261,39.3804,25.9301,Moderate Misalignment,41.6769,34.6572,Side Impact Potential,Rural,2.9113,False,Residential,Poor Infrastructure,-0.0053,,False,31.486,-0.0126,-0.0103,Moderate Misalignment,39,72nd Cross Road,1
408,7th B Main Road,Urban Road,URB-00408,408,13.0961,77.5789,13.1,77.5837,680.0,163.2,163.88,9.6207,Aligned,0.9724,0.9838,0.0193,-0.0019,0.0128,41.1569,41.337,83.0141,30.3634,31.9746,69.8397,77.9984,0.0,52.509,19.7743,No,0.0,-0.0055,0.0494,Good,Low,1.4204,10.0,10.0,22.922,Safe,75.6443,41.857,19.4639,Aligned,39.2816,66.2566,Separated Traffic,Urban,5.0754,True,Mixed,Poor Infrastructure,-0.0132,,False,35.9846,-0.0076,0.0034,Aligned,41,7th B Main Road,1
409,7th Cross Road,Urban Road,URB-00409,409,12.9055,77.6038,12.9055,77.6019,211.8,163.6,163.812,38.0494,Aligned,0.3893,0.3804,0.3321,0.3073,-0.0003,55.174,55.6128,100.0,1.198,16.8184,79.9655,45.4369,0.0,60.0,9.2888,No,0.0,0.0009,0.008,Poor,Low,0.3588,10.0,10.0857,21.439,Safe,69.0824,58.1914,19.9208,Aligned,55.602,40.6252,Separated Traffic,Rural,7.9708,True,Industrial,Poor Infrastructure,0.1632,Light,False,44.4272,-0.0111,-0.0087,Aligned,54,7th Cross Road,1
410,7th Cross Road,Urban Road,URB-00410,410,12.9564,77.6379,12.961,77.6387,526.7,164.0,164.527,18.8181,Aligned,0.6737,0.6773,0.3029,0.0091,-0.001,40.0727,39.3223,48.5867,13.0763,22.9516,50.8724,95.0067,0.2113,29.8847,13.1816,No,0.0,0.0104,-0.0679,Good,High,2.7368,10.0,29.797,26.1037,Moderate Risk,65.9897,38.0972,28.3482,Moderate Misalignment,39.8409,52.5813,Side Impact Potential,Peri-Urban,3.0645,False,Mixed,Poor Infrastructure,-0.0087,,False,36.6434,0.0,0.0009,Aligned,37,7th Cross Road,2
411,7th Cross Road,Urban Road,URB-00411,411,12.9136,77.6062,12.9136,77.6027,1233.7,164.4,165.634,9.1057,Aligned,0.9868,0.9609,0.022,-0.0455,-0.0091,42.7934,40.8832,84.2901,29.8302,31.0077,71.417,76.9853,0.0,59.8146,22.9333,No,0.0,-0.003,0.0044,Good,Low,1.5757,10.0,10.3537,22.6856,Safe,74.7868,41.941,18.7047,Aligned,37.8533,66.0602,Separated Traffic,Urban,4.9941,True,Mixed,Poor Infrastructure,0.0017,,False,36.9888,-0.001,0.0181,Aligned,42,7th Cross Road,3
412,7th Cross Road,Urban Road,URB-00412,412,12.9315,77.6226,12.9298,77.6331,1189.3,164.8,165.989,12.9123,Aligned,0.9548,0.9877,0.0883,-0.0057,-0.0114,19.6405,19.7635,32.5255,22.4761,34.779,29.5994,86.6448,0.2873,40.2574,31.3711,No,0.0,0.0009,1.0437,Poor,High,3.648,10.0,10.0,25.321,Moderate Risk,70.2214,15.1768,22.7566,Aligned,14.7122,59.4747,Significant Pedestrian Interaction,Peri-Urban,2.0697,False,Mixed,High Pedestrian Interaction | Poor Infrastructure,0.1993,Light,False,14.41,-0.0024,-0.016,Aligned,16,7th Cross Road,4
413,7th Cross Road,Urban Road,URB-00413,413,12.9198,77.6431,12.9197,77.6516,932.1,165.2,166.132,15.6649,Aligned,0.9105,0.9048,0.0887,0.0476,-0.0053,38.968,41.9971,75.5716,0.0,26.0141,49.0853,44.694,0.0,50.7138,10.4178,No,0.0,0.0034,-0.0207,Good,Low,1.8749,10.0,10.0,25.0156,Moderate Risk,66.7177,39.9235,21.033,Aligned,41.8876,63.3197,Side Impact Potential,Urban,2.9512,False,Commercial,Active Congestion | Poor Infrastructure,0.7053,Severe,False,12.2899,-0.0079,0.0029,Aligned,39,7th Cross Road,5
414,7th Cross Road,Urban Road,URB-00414,414,12.9617,77.562,12.957,77.5621,522.3,165.6,166.122,12.8878,Aligned,0.9202,0.9218,0.0739,0.0031,-0.0027,32.9943,31.3747,24.5208,6.4689,19.143,46.1107,98.341,0.0,30.2234,5.816,No,0.0,0.006,-0.0377,Poor,High,3.1914,10.0,10.0,22.7527,Safe,67.9552,33.0088,21.0667,Aligned,32.5221,50.9294,Side Impact Potential,Peri-Urban,1.1435,False,Residential,Poor Infrastructure,0.0127,,False,30.3175,-0.0046,0.0055,Aligned,36,7th Cross Road,6
415,7th Cross Road,Urban Road,URB-00415,415,13.0108,77.5591,13.0085,77.5545,562.4,166.0,166.562,8.359,Aligned,0.9991,1.0034,0.0271,-0.0081,-0.0046,13.568,17.0638,31.3744,0.0,15.34,49.3942,86.6026,0.5227,21.3492,5.7001,No,0.0,0.0025,-0.0318,Poor,Low,0.8605,10.0,10.0,20.8378,Safe,68.4433,12.3451,19.8553,Aligned,13.8592,38.151,Side Impact Potential,Rural,1.7667,False,Industrial,Poor Infrastructure,0.0102,,False,10.7613,-0.025,0.006,Aligned,12,7th Cross Road,7
416,7th Main Road,Urban Road,URB-00416,416,13.0153,77.6428,13.0139,77.6425,3364.3,166.4,169.764,10.3713,Aligned,0.9787,1.02,0.0092,0.0018,0.0153,25.976,25.428,27.5749,57.0855,36.0584,30.5247,88.0444,0.0115,29.797,40.2258,No,0.0,0.0141,1.992,Poor,Low,2.2188,10.0,10.0,21.0087,Safe,80.828,25.0752,17.3951,Aligned,22.8128,58.1403,Significant Pedestrian Interaction,Peri-Urban,1.0922,False,Mixed,High Pedestrian Interaction,-0.0193,,False,22.1799,0.0029,-0.0058,Aligned,25,7th Main Road,1
417,7th Main Road,Urban Road,URB-00417,417,12.9935,77.5651,12.9934,77.5684,360.1,166.8,167.16,35.2621,Moderate Misalignment,0.8297,0.1636,0.8557,-0.003,-0.0094,30.2178,27.4111,48.3142,36.1228,44.2436,28.8161,94.4078,0.2939,39.5941,50.9926,No,0.0,-0.0017,2.0698,Poor,Low,2.6263,10.0,23.9778,29.6289,Moderate Risk,69.3708,27.0419,32.15,Moderate Misalignment,38.6695,57.0811,Significant Pedestrian Interaction,Urban,3.0221,False,Mixed,High Pedestrian Interaction,0.0045,,False,36.4088,-0.0057,0.0099,Moderate Misalignment,29,7th Main Road,2
418,7th Main Road,Urban Road,URB-00418,418,12.9171,77.5819,12.9163,77.5836,249.1,167.2,167.449,9.417,Aligned,0.9765,0.9967,-0.0222,0.0107,0.0116,19.2684,21.394,30.5183,16.6162,22.9672,50.5946,76.3628,0.0,59.5916,15.4544,No,0.0,-0.0021,-0.0446,Good,Medium,2.0484,10.0,10.0,21.684,Safe,73.1043,20.1243,18.1641,Aligned,17.9234,48.214,Side Impact Potential,Peri-Urban,1.9914,False,Residential,Poor Infrastructure,0.1808,Light,False,15.2422,0.0173,0.0074,Aligned,20,7th Main Road,3
419,7th Main Road,Urban Road,URB-00419,419,12.9166,77.606,12.9056,77.6059,1223.5,167.6,168.824,38.6882,Moderate Misalignment,0.8541,0.0974,0.8826,0.0239,0.0054,70.9945,71.4726,98.3818,13.7677,17.3131,81.5095,88.5029,0.0529,59.8018,10.2277,No,0.0,0.0041,0.0676,Poor,Medium,0.1468,10.0,17.8109,24.7261,Safe,65.216,71.3866,27.9009,Moderate Misalignment,69.2197,47.3661,Separated Traffic,Rural,3.8765,True,Mixed,Poor Infrastructure,0.1593,Light,False,53.4674,-0.0059,-0.008,Moderate Misalignment,73,7th Main Road,4
420,7th Main Road,Urban Road,URB-00420,420,12.9461,77.6025,12.9468,77.6006,228.5,168.0,168.228,15.1268,Aligned,0.8178,0.8466,0.1546,-0.0081,-0.0093,32.9855,31.5667,60.0886,40.9656,35.674,49.8396,91.1024,0.0,28.2299,31.886,No,0.0,0.0058,0.996,Good,Low,3.183,10.0,10.0232,23.9465,Safe,75.098,31.4001,23.5142,Aligned,32.5391,67.6093,Side Impact Potential,Urban,3.1895,True,Residential,Meets Safe System Standards,0.1782,Light,False,24.6203,-0.0132,-0.0019,Aligned,34,7th Main Road,5
421,7th Main Road,Urban Road,URB-00421,421,12.971,77.6343,12.9717,77.636,198.3,168.4,168.598,11.3738,Aligned,0.9875,1.0136,0.0138,0.0204,0.0003,28.3326,30.7351,55.1411,28.6059,27.7154,47.476,79.8838,0.0,37.3158,17.4295,No,0.0,0.0033,-0.0184,Good,Low,2.9055,10.0,10.1993,21.2989,Safe,74.1886,30.9504,17.6988,Aligned,30.8357,56.4229,Side Impact Potential,Urban,3.9311,False,Industrial,Poor Infrastructure,-0.0106,,False,24.1564,0.0057,-0.0004,Aligned,31,7th Main Road,6
422,7th Main Road,Urban Road,URB-00422,422,13.0116,77.5441,13.0086,77.5435,341.1,168.8,169.141,14.3094,Aligned,0.9414,0.9204,0.068,0.0005,0.0044,29.5532,27.4939,90.7311,30.0584,38.1755,47.9251,68.6407,0.3298,41.2267,33.8915,No,0.0,-0.0066,0.9257,Poor,Low,1.6742,10.0,10.0,25.9574,Moderate Risk,73.0323,27.8301,20.9969,Aligned,27.4504,69.1253,Side Impact Potential,Urban,5.8326,True,Residential,Poor Infrastructure,0.222,Light,False,16.8914,0.0067,-0.008,Aligned,29,7th Main Road,7
423,7th Main Road,Urban Road,URB-00423,423,12.9872,77.5679,12.9935,77.5664,897.0,169.2,170.097,9.6782,Aligned,0.969,0.9847,0.0111,-0.0128,0.0086,48.0357,49.8825,79.9587,13.615,36.091,49.4622,79.615,0.2067,60.0,34.6241,No,0.0,0.0135,1.108,Good,High,1.3805,10.0,10.0,32.5834,Moderate Risk,60.6286,48.6969,36.377,Moderate Misalignment,51.3336,60.1863,Side Impact Potential,Urban,5.8496,False,Residential,Poor Infrastructure | Above Human Tolerance Limit,0.0051,,False,46.6312,-0.0063,0.002,Aligned,49,7th Main Road,8
424,7th Main Road,Urban Road,URB-00424,424,12.9392,77.5509,12.9399,77.5511,84.0,169.6,169.684,27.3256,Moderate Misalignment,0.5219,0.4607,0.5744,0.015,-0.0156,48.6771,48.7037,47.959,2.2035,25.1846,49.7625,93.1256,0.0513,38.967,15.0004,No,0.0,-0.0057,-0.0352,Poor,Medium,4.3234,10.0,30.4296,30.4877,Moderate Risk,59.3663,47.8987,33.1232,Moderate Misalignment,51.0239,56.18,Side Impact Potential,Urban,1.8013,False,Commercial,Poor Infrastructure,-0.0013,,False,45.2404,-0.0002,0.0082,Moderate Misalignment,49,7th Main Road,9
425,7th Main Road,Urban Road,URB-00425,425,12.9514,77.6213,12.9503,77.618,454.7,170.0,170.455,9.6675,Aligned,1.0066,0.9556,0.0261,0.0016,-0.0036,28.0129,25.847,24.7642,0.0,16.055,50.4472,83.0831,0.1005,60.0,12.7746,No,0.0,-0.0044,0.0287,Poor,Medium,1.6382,10.0,10.0,21.6528,Safe,69.2987,26.7204,17.8624,Aligned,28.1512,35.3694,Side Impact Potential,Rural,1.0002,False,Industrial,Poor Infrastructure,0.233,Light,False,20.893,0.0081,0.0111,Aligned,26,7th Main Road,10
426,7th Road,Urban Road,URB-00426,426,12.9822,77.7174,12.9802,77.7274,1276.2,170.4,171.676,13.0159,Aligned,0.922,0.9798,0.102,0.0084,-0.0005,35.5674,35.8472,87.294,25.3238,31.03,51.4927,51.5215,0.0685,37.1636,24.1534,No,0.0,-0.0078,-0.0152,Poor,High,2.5403,10.0,10.3006,23.2687,Safe,72.646,35.3524,20.62,Aligned,38.206,59.9298,Side Impact Potential,Urban,5.9903,True,Residential,Active Congestion | Poor Infrastructure,0.8144,Severe,False,10.0,0.0128,-0.0095,Aligned,35,7th Road,1
427,80 Feet Main Road,State Highway,SH-00427,427,13.011,77.6247,13.0146,77.6272,4210.1,170.8,175.01,14.7916,Aligned,0.8169,0.8192,0.2073,0.0251,0.0021,58.9842,57.2743,98.0479,7.3864,20.507,81.3622,54.5497,0.0,59.6877,5.2776,No,0.0,-0.0051,-0.037,Good,High,0.4878,10.0,10.0,22.4372,Safe,69.6638,57.7347,17.4038,Aligned,58.1906,66.3579,Separated Traffic,Urban,5.8689,True,Commercial,Poor Infrastructure,-0.0281,,False,50.1018,0.0173,0.0055,Aligned,59,80 Feet Main Road,1
428,80 Feet Road,Urban Road,URB-00428,428,12.8928,77.5226,12.8928,77.5226,8049.2,171.2,179.249,38.8825,Moderate Misalignment,0.9555,0.0386,0.9478,0.0108,-0.0008,65.9022,67.6437,79.346,43.1383,30.9759,68.8032,97.2251,0.1446,51.4905,19.5024,No,0.0,0.0064,0.0564,Good,Medium,1.5653,10.0,30.5673,26.4365,Moderate Risk,68.5178,63.0375,34.1531,Moderate Misalignment,64.4461,64.0969,Separated Traffic,Urban,3.0578,True,Mixed,Meets Safe System Standards,0.1455,Light,False,49.6522,0.0067,-0.002,Moderate Misalignment,66,80 Feet Road,1
429,80 Feet Road,Urban Road,URB-00429,429,13.0258,77.6279,13.0258,77.6279,2270.8,171.6,173.871,39.5119,Aligned,0.3837,0.3862,0.3259,0.3181,0.0059,58.2757,53.786,99.49,0.3007,15.8961,79.8349,47.2015,0.1566,59.603,6.712,No,0.0,0.0008,-0.0426,Poor,Low,0.2165,10.0,10.0638,21.5534,Safe,68.0687,58.7397,18.3757,Aligned,56.1557,39.1001,Separated Traffic,Rural,8.1107,True,Industrial,Poor Infrastructure,0.1535,Light,False,45.8242,-0.0043,0.0192,Aligned,57,80 Feet Road,2
430,80 Feet Road,Urban Road,URB-00430,430,12.9348,77.6293,12.9348,77.6293,3234.9,172.0,175.235,9.6884,Aligned,0.9675,0.9769,0.031,-0.0013,0.0058,31.6193,30.4394,77.971,50.1788,25.9252,50.7033,78.5174,0.0,38.6421,18.0773,No,0.0,-0.0035,0.0362,Good,High,1.8937,10.0,10.2299,17.8404,Safe,80.3706,30.2573,17.0329,Aligned,31.7635,57.0398,Side Impact Potential,Urban,1.9835,True,Commercial,Meets Safe System Standards,0.0262,,False,27.7908,-0.0054,-0.01,Aligned,30,80 Feet Road,3
431,80 Feet Road,Urban Road,URB-00431,431,12.8842,77.6,12.8844,77.5965,2108.8,172.4,174.509,11.8479,Aligned,0.959,0.9697,0.0514,0.0191,0.0018,25.2549,25.0074,27.1269,2.4162,15.376,51.3006,76.9931,0.1348,21.4529,3.7481,No,0.0,-0.0015,-0.0021,Poor,Low,0.9601,10.0,19.4364,22.622,Safe,66.0625,25.8017,22.6535,Aligned,21.9568,41.6178,Side Impact Potential,Rural,0.9512,False,Industrial,Active Congestion | Poor Infrastructure,0.7858,Severe,False,10.0502,0.0031,-0.0076,Aligned,24,80 Feet Road,4
432,80 Feet Road,Urban Road,URB-00432,432,12.9786,77.6466,12.9786,77.6466,4069.1,172.8,176.869,11.9106,Aligned,0.9832,0.9797,0.0215,0.0222,0.0074,29.3263,32.498,54.1275,29.8254,28.6277,46.3658,78.7724,0.0,38.5402,16.9942,No,0.0,0.0018,-0.0469,Good,Low,2.9539,10.0,10.1457,21.7341,Safe,74.2647,31.406,17.1858,Aligned,30.4757,55.6055,Side Impact Potential,Urban,3.7309,False,Industrial,Poor Infrastructure,0.0002,,False,24.866,0.0147,-0.0027,Aligned,30,80 Feet Road,5
433,80 Feet Road,Urban Road,URB-00433,433,12.8708,77.576,12.8692,77.5758,1306.8,173.2,174.507,71.8139,High Misalignment,0.9183,0.0092,0.0415,0.9408,-0.0019,29.4999,31.1406,53.103,75.1996,54.1611,29.2874,98.9481,0.2334,49.3134,61.1724,No,0.0,-0.0039,0.9631,Poor,Low,3.2558,10.0,18.9994,39.1845,Moderate Risk,60.2777,29.654,56.7582,High Misalignment,59.9794,64.567,Significant Pedestrian Interaction,Urban,3.9845,False,Commercial,Speed Limit Misaligned | High Pedestrian Interaction | Above Human Tolerance Limit,0.0142,,False,49.7936,-0.0037,-0.0014,High Misalignment,30,80 Feet Road,6
434,80 Feet Road,Urban Road,URB-00434,434,12.9359,77.6153,12.9378,77.6186,3079.5,173.6,176.68,42.2233,Moderate Misalignment,0.8077,0.0777,0.805,0.1203,-0.001,78.2396,80.5198,100.0,0.2595,15.6389,81.5273,94.8202,0.5842,60.0,10.4387,No,0.0,-0.0007,0.0195,Poor,Medium,0.3233,10.0,28.3847,29.9981,Moderate Risk,56.1179,80.5177,40.0952,Moderate Misalignment,90.6106,33.4089,Separated Traffic,Rural,3.9327,True,Residential,Poor Infrastructure,0.014,,False,72.5282,-0.0111,-0.0102,Moderate Misalignment,79,80 Feet Road,7
435,80 Feet Road,Urban Road,URB-00435,435,12.9304,77.5434,12.9306,77.5435,4014.4,174.0,178.014,29.556,Moderate Misalignment,0.5925,0.4332,0.5705,0.0355,-0.0028,66.7692,65.2805,97.7915,0.4813,18.2466,81.1927,41.2264,0.4838,60.0,0.3921,No,0.0,0.0005,0.0281,Good,Low,0.3035,10.0,10.0,27.2579,Moderate Risk,60.2263,65.6787,32.9611,Moderate Misalignment,66.4324,60.6915,Separated Traffic,Peri-Urban,3.725,True,Mixed,Poor Infrastructure | Above Human Tolerance Limit,0.1211,Light,False,52.7495,-0.0006,0.0044,Moderate Misalignment,67,80 Feet Road,8
436,80 Feet Road,Urban Road,URB-00436,436,12.946,77.6186,12.9466,77.6189,1406.2,174.4,175.806,10.3313,Aligned,1.0126,1.0362,-0.0127,-0.0023,-0.0015,24.8846,26.6233,31.3803,10.6878,17.5907,49.2843,87.1981,0.0,28.1469,6.662,No,0.0,-0.0062,-0.0273,Poor,Medium,2.8953,10.0,10.0,19.8752,Safe,72.2838,26.8544,17.0065,Aligned,26.1677,50.6018,Side Impact Potential,Peri-Urban,1.1192,False,Residential,Poor Infrastructure,-0.0009,,False,20.67,0.012,0.0083,Aligned,25,80 Feet Road,9
437,80 Feet Road,Urban Road,URB-00437,437,12.9149,77.5207,12.9149,77.5207,3334.2,174.8,178.134,13.9947,Aligned,0.8628,0.8573,0.1095,-0.0129,0.0089,47.5374,44.8479,98.7442,0.7199,18.8738,80.4322,74.5988,0.2502,57.6834,8.6878,No,0.0,-0.001,-0.0437,Poor,High,0.2452,10.0,10.2473,22.4926,Safe,67.7365,49.2288,18.8348,Aligned,47.9525,45.419,Separated Traffic,Rural,8.1799,True,Residential,Poor Infrastructure,-0.0219,,False,42.4743,-0.0072,0.0037,Aligned,48,80 Feet Road,10
438,80 Feet Road,Urban Road,URB-00438,438,12.9591,77.5237,12.9591,77.5237,1972.2,175.2,177.172,38.233,Moderate Misalignment,0.9609,0.0604,0.936,-0.0086,0.0011,66.0842,68.6893,99.2371,0.7673,14.4879,78.7308,93.8582,0.0,59.5057,4.3086,No,0.0,-0.0169,0.0052,Good,Medium,0.2495,10.0,12.5621,23.2717,Safe,65.1045,66.1159,25.7015,Moderate Misalignment,67.8495,41.3762,Separated Traffic,Rural,8.0432,True,Residential,Poor Infrastructure,-0.0022,,False,55.6337,-0.0038,0.0136,Moderate Misalignment,67,80 Feet Road,11
439,80 Feet Road,Urban Road,URB-00439,439,12.9837,77.5603,12.9829,77.5602,95.7,175.6,175.696,37.1769,Moderate Misalignment,0.9814,0.0324,0.9512,0.0035,-0.0018,80.4669,81.6037,100.0,0.0,14.5513,80.5096,10.0,0.0,60.0,0.0,No,0.0,0.0056,-0.0366,Poor,Low,-0.0067,10.0,10.1246,28.9325,Moderate Risk,56.2172,78.4699,38.163,Moderate Misalignment,98.1804,46.1013,Separated Traffic,Rural,6.8966,True,Residential,Active Congestion | Poor Infrastructure | Above Human Tolerance Limit,0.78,Severe,False,21.9918,0.014,0.0115,Moderate Misalignment,82,80 Feet Road,12
440,80 Feet Road,Urban Road,URB-00440,440,12.86,77.5481,12.8618,77.5469,2650.7,176.0,178.651,9.238,Aligned,0.9645,0.9945,0.0979,0.0026,-0.0089,21.6978,23.991,52.969,43.4803,35.4011,51.2626,85.0354,0.0,30.1639,38.8369,No,0.0,0.0052,0.9986,Good,High,2.049,10.0,10.434,22.3448,Safe,76.9706,22.4701,20.5351,Aligned,24.3899,51.9155,Side Impact Potential,Peri-Urban,4.1883,False,Residential,Meets Safe System Standards,-0.0019,,False,19.3939,0.0068,0.0074,Aligned,22,80 Feet Road,13
441,80 Feet Road,Urban Road,URB-00441,441,12.9254,77.4831,12.9249,77.4847,1371.3,176.4,177.771,9.0676,Aligned,0.9639,0.9547,0.0829,-0.0041,-0.0059,29.6042,30.6698,88.9985,20.4591,28.8227,51.2664,76.9088,0.1977,41.1828,21.4787,No,0.0,-0.0007,0.0306,Poor,Medium,2.3253,10.0,10.4013,22.3109,Safe,73.2111,31.5059,20.6573,Aligned,32.0828,53.8096,Side Impact Potential,Urban,5.3334,True,Commercial,Poor Infrastructure,0.0012,,False,25.218,-0.003,0.0011,Aligned,29,80 Feet Road,14
442,80 Feet Road,Urban Road,URB-00442,442,12.9411,77.5388,12.9406,77.5473,925.4,176.8,177.725,9.3169,Aligned,0.9854,0.9644,0.0253,0.0038,-0.0004,30.7824,31.6076,48.5832,0.2101,17.8621,46.9681,85.9772,0.3016,41.0811,7.9234,No,0.0,-0.002,-0.0907,Good,Low,1.352,10.0,10.4972,21.2057,Safe,68.4155,32.4217,18.7299,Aligned,30.085,47.2718,Side Impact Potential,Rural,1.8806,False,Residential,Poor Infrastructure,0.0161,,False,30.2334,-0.0166,-0.0004,Aligned,30,80 Feet Road,15
443,80 Feet Road,Urban Road,URB-00443,443,13.0284,77.5713,13.0269,77.5798,948.7,177.2,178.149,15.047,Aligned,0.855,0.8643,0.1296,0.0132,-0.0115,44.945,43.0594,96.2012,0.0,15.3292,77.919,62.3452,0.1582,60.0,9.1121,No,0.0,-0.0012,-0.0012,Good,Medium,0.2677,10.0,10.0,21.0091,Safe,68.9802,42.813,18.0777,Aligned,41.4973,35.2918,Separated Traffic,Rural,5.1235,True,Residential,Poor Infrastructure,0.0124,,False,33.3874,-0.0066,0.0034,Aligned,45,80 Feet Road,16
444,80 Feet Road,Urban Road,URB-00444,444,13.0176,77.543,13.0246,77.5472,1120.7,177.6,178.721,28.5177,Moderate Misalignment,0.6228,0.3083,0.6547,0.0042,-0.0,78.0796,77.159,99.7339,14.2417,14.9592,81.4239,59.2666,0.0,59.7355,6.3432,No,0.0,0.0006,-0.0365,Poor,Medium,0.3117,10.0,10.3317,24.5774,Safe,64.7615,77.9704,30.8981,Moderate Misalignment,79.4277,39.2803,Separated Traffic,Rural,4.7825,True,Residential,Poor Infrastructure | Above Human Tolerance Limit,0.1346,Light,False,62.8742,-0.0047,0.0031,Moderate Misalignment,79,80 Feet Road,17
445,80 feet road,Urban Road,URB-00445,445,12.9399,77.5511,12.941,77.5401,1208.9,178.0,179.209,10.8276,Aligned,0.963,0.9995,0.0117,0.0065,0.0008,40.9052,40.7435,78.1985,0.0,23.4044,50.5233,72.4299,0.0,49.2074,10.5099,No,0.0,0.0115,-0.0055,Poor,Low,2.5244,10.0,10.0,23.5506,Safe,68.1525,42.6062,19.9178,Aligned,39.0638,56.7224,Side Impact Potential,Urban,3.9661,False,Commercial,Poor Infrastructure,0.1788,Light,False,31.77,-0.0002,0.0088,Aligned,41,80 feet road,1
446,8th B Cross Road,Urban Road,URB-00446,446,12.9922,77.5421,12.9951,77.5429,331.9,178.4,178.732,38.3069,Moderate Misalignment,0.9716,0.0463,0.93,0.0034,0.0138,77.5848,79.6277,98.7561,23.8673,26.9462,78.712,95.1454,0.2443,60.0,12.7862,No,0.0,0.0041,0.0331,Good,High,0.2783,10.0,17.7301,27.813,Moderate Risk,64.6269,78.8606,33.5042,Moderate Misalignment,94.6734,62.2314,Separated Traffic,Peri-Urban,5.9551,True,Residential,Poor Infrastructure,0.006,,False,82.7156,0.0011,0.0197,Moderate Misalignment,80,8th B Cross Road,1
447,8th B Cross,Urban Road,URB-00447,447,13.097,77.584,13.1005,77.5809,534.5,178.8,179.335,14.465,Aligned,0.8297,0.8632,0.1498,0.0058,0.0082,37.7532,36.8757,82.1941,19.0551,23.7605,48.811,85.849,0.0,40.8717,11.9697,No,0.0,-0.0024,0.0105,Good,Medium,1.7986,10.0,10.4431,22.0545,Safe,72.0048,35.0201,18.5296,Aligned,34.4704,59.9215,Side Impact Potential,Urban,4.0858,True,Commercial,Poor Infrastructure,0.0038,,False,30.5378,-0.0009,0.0075,Aligned,37,8th B Cross,1
448,8th B Main Road,Urban Road,URB-00448,448,12.9922,77.5421,12.9921,77.546,459.6,179.2,179.66,10.747,Aligned,0.9791,0.9644,-0.0041,0.0124,0.0022,28.3873,30.2264,77.3994,50.6538,26.5429,48.3375,75.8078,0.0,39.8382,20.5771,No,0.0,0.001,-0.005,Good,High,2.03,10.0,10.0,17.9109,Safe,80.82,31.403,15.6645,Aligned,27.7452,57.627,Side Impact Potential,Urban,2.2474,True,Commercial,Meets Safe System Standards,-0.0163,,False,27.5383,-0.0083,0.0167,Aligned,28,8th B Main Road,1
449,8th Cross Road,Urban Road,URB-00449,449,12.9738,77.5422,12.9785,77.5426,526.4,179.6,180.126,35.238,Moderate Misalignment,0.7919,0.1685,0.8123,0.0129,-0.0159,49.7495,50.2226,77.9438,37.0948,45.3091,50.5303,91.3648,0.0,37.9747,47.017,No,0.0,-0.0097,0.9826,Poor,Medium,1.3463,10.0,25.0079,30.5085,Moderate Risk,67.605,47.6281,34.4564,Moderate Misalignment,45.4149,62.8978,Side Impact Potential,Urban,6.0806,False,Mixed,Meets Safe System Standards,-0.021,,False,44.4097,-0.002,0.0045,Moderate Misalignment,50,8th Cross Road,1
450,8th Cross Road,Urban Road,URB-00450,450,12.8988,77.5576,12.8986,77.558,47.0,180.0,180.047,16.7834,Aligned,0.7795,0.7779,0.2256,-0.0016,0.0011,21.1403,21.7189,32.3226,0.0,20.9179,50.7917,92.9905,0.0,20.7395,5.7022,No,0.0,-0.0054,0.0319,Good,Low,2.7294,10.0,10.0,23.803,Safe,67.7306,20.6231,20.7984,Aligned,21.9852,57.8455,Side Impact Potential,Peri-Urban,1.9413,False,Industrial,Poor Infrastructure,0.1719,Light,False,15.9147,-0.0103,-0.0061,Aligned,21,8th Cross Road,2
451,8th Cross Road,Urban Road,URB-00451,451,12.9196,77.613,12.9196,77.613,1107.0,180.4,181.507,14.1536,Aligned,0.8861,0.899,0.033,0.0066,-0.0113,64.9265,65.3752,99.1697,0.0,14.7227,80.2825,62.9166,0.4132,60.0,10.7661,No,0.0,0.0045,0.005,Poor,Medium,0.2394,10.0,10.6811,21.2365,Safe,69.2551,67.2291,18.267,Aligned,66.2758,32.3635,Separated Traffic,Rural,4.9663,True,Industrial,Poor Infrastructure,0.0102,,False,55.6202,-0.0007,0.0008,Aligned,67,8th Cross Road,3