segment_id,road_name,road_type,human_segment_id,internal_id,start_lat,start_lon,end_lat,end_lon,length_m,start_km,end_km,road_risk_score,ai_risk_label,ai_risk_probability,prob_low_risk,prob_medium_risk,prob_high_risk,prob_critical_risk,ai_recommended_speed,recommended_safe_speed,road_function_score,infrastructure_score,exposure_score,human_tolerance_limit,operating_speed_score,crash_risk_score,posted_speed_limit,pedestrian_exposure_score,blackspot_flag,crash_count,fatal_crashes,schools_count,lighting_quality,roadside_hazards,intersection_density,speed_compliance_rate,speed_violation_score,hotspot_score,hotspot_category,speed_safety_score,original_safe_speed,misalignment_score,misalignment_category,speed_p85,ptw_share_pct,exposure_tier,urban_rural_flag,lane_count,median_presence,land_use_type,top_ai_factors,congestion_index,congestion_category,congestion_smoothed,operating_speed_mean,minor_crashes,major_crashes,risk_category,final_safe_speed,corridor_base,corridor_seq
452,8th Cross Road,Urban Road,URB-00452,452,12.9992,77.5648,12.9993,77.5732,904.2,180.8,181.704,11.6432,Aligned,0.9329,0.9468,0.0408,-0.0066,-0.0046,21.7837,23.8222,33.2367,0.0,15.9396,48.6455,95.894,0.3989,20.3055,9.3682,No,0.0,0.0039,-0.0108,Poor,Low,1.104,10.0,20.704,23.3549,Safe,65.6464,26.6028,23.5431,Aligned,22.1228,36.9045,Side Impact Potential,Rural,1.912,False,Industrial,Poor Infrastructure,0.1835,Light,False,18.8544,-0.0062,0.0053,Aligned,22,8th Cross Road,4
453,8th Cross Road,Urban Road,URB-00453,453,13.0244,77.5109,13.021,77.5167,739.6,181.2,181.94,19.178,Aligned,0.6763,0.7251,0.3126,-0.0066,-0.0084,32.4903,32.221,55.9543,29.5919,38.3739,50.9932,93.3584,0.0563,29.6457,38.1673,No,0.0,-0.0081,0.9742,Poor,High,2.3967,10.0,10.1066,26.0581,Moderate Risk,72.365,32.7091,23.2823,Aligned,31.8165,62.3677,Side Impact Potential,Urban,3.9062,False,Residential,Poor Infrastructure,0.1599,Light,False,23.8942,-0.0134,-0.0118,Aligned,34,8th Cross Road,5
454,8th Cross Road,Urban Road,URB-00454,454,12.9352,77.5497,12.9361,77.5488,138.0,181.6,181.738,20.5779,Aligned,0.6371,0.6216,0.3554,0.0189,-0.0015,67.0477,68.4906,98.1563,19.7221,24.7144,78.7928,55.918,0.0,59.7403,12.257,No,0.0,0.0057,-0.0277,Poor,High,0.5714,10.0,10.0841,27.4525,Moderate Risk,65.8311,67.0143,30.905,Moderate Misalignment,67.5224,58.3175,Separated Traffic,Urban,6.9203,True,Commercial,Poor Infrastructure | Above Human Tolerance Limit,-0.0272,,False,59.6391,0.0142,-0.0066,Aligned,69,8th Cross Road,6
455,8th Main Road,Urban Road,URB-00455,455,13.0185,77.5578,13.0187,77.5576,2913.6,182.0,184.914,63.2278,High Misalignment,0.674,0.0477,0.3075,0.7081,0.0057,48.4507,48.1755,97.7343,14.402,17.1257,50.1789,48.143,0.2889,60.0,10.6601,No,0.0,-0.0001,-0.0158,Poor,Medium,0.3006,10.0,10.5066,34.4444,Moderate Risk,50.1295,48.5198,55.2189,High Misalignment,53.5821,35.0132,Side Impact Potential,Rural,6.1001,False,Residential,Speed Limit Misaligned | Poor Infrastructure | Above Human Tolerance Limit,0.0074,,False,44.0447,0.0287,-0.0042,High Misalignment,49,8th Main Road,1
456,8th Main Road,Urban Road,URB-00456,456,12.9144,77.595,12.9064,77.595,1773.2,182.4,184.173,13.0723,Aligned,0.9613,0.9281,0.0685,0.0045,-0.0036,16.5492,19.4655,30.8407,12.6895,23.7883,54.2191,90.725,0.0126,40.5986,24.0033,No,0.0,-0.0091,1.0108,Poor,Low,1.6301,10.0,10.1497,22.9077,Safe,70.801,17.2622,20.9021,Aligned,19.0249,40.5799,Side Impact Potential,Rural,2.0546,False,Residential,Poor Infrastructure,0.1626,Light,False,13.9686,0.0104,0.0032,Aligned,19,8th Main Road,2
457,8th Main Road,Urban Road,URB-00457,457,13.0778,77.553,13.0734,77.5667,1644.4,182.8,184.444,11.7733,Aligned,0.9834,0.9762,0.0376,0.0029,0.0061,42.9534,44.3407,72.0583,0.0,23.8219,49.3175,74.6803,0.4654,50.9124,11.5817,No,0.0,0.0012,-0.0158,Poor,Low,2.5052,10.0,10.0,24.2777,Safe,67.0735,42.6287,21.4315,Aligned,39.9161,56.3254,Side Impact Potential,Urban,4.1827,False,Commercial,Poor Infrastructure,0.1731,Light,False,33.9432,0.0104,-0.0093,Aligned,42,8th Main Road,3
458,8th Main Road,Urban Road,URB-00458,458,12.9352,77.6244,12.9245,77.6283,1419.6,183.2,184.62,18.3595,Aligned,0.6895,0.7213,0.287,-0.0128,-0.0129,68.3664,71.2145,98.8565,1.0252,15.71,80.305,75.6969,0.0013,60.0,8.991,No,0.0,-0.0162,0.0439,Poor,Low,0.4316,10.0,10.0533,20.6046,Safe,68.6747,70.7083,18.2432,Aligned,71.255,33.9917,Separated Traffic,Rural,5.9434,True,Industrial,Poor Infrastructure,0.1401,Light,False,54.8928,0.009,0.0086,Aligned,69,8th Main Road,4
459,8th Main Road,Urban Road,URB-00459,459,12.9367,77.5827,12.9437,77.5828,778.4,183.6,184.378,13.6228,Aligned,0.9689,0.9849,0.0547,-0.0012,0.0046,33.9288,31.8575,80.4305,31.7404,25.7543,68.4225,80.5559,0.1752,40.2739,12.4384,No,0.0,0.0041,-0.039,Good,Low,1.3735,10.0,10.3579,20.6116,Safe,76.1695,32.5653,17.9552,Aligned,30.4608,63.4193,Separated Traffic,Urban,2.9992,True,Mixed,Poor Infrastructure,0.1453,Light,False,26.381,-0.0027,0.0106,Aligned,35,8th Main Road,5
460,8th Main Road,Urban Road,URB-00460,460,12.9285,77.5925,12.9409,77.5928,1390.2,184.0,185.39,8.935,Aligned,1.0054,0.9855,-0.0125,0.0022,-0.0028,27.4326,28.2399,24.7609,17.0656,16.4911,50.9824,84.1543,0.0,30.3823,6.3959,No,0.0,0.0025,-0.0193,Poor,Low,2.4756,10.0,10.6197,19.0189,Safe,73.8315,26.4405,15.8551,Aligned,25.0238,39.2351,Side Impact Potential,Rural,1.3359,False,Residential,Poor Infrastructure,0.1982,Light,False,18.7709,0.0001,0.0108,Aligned,28,8th Main Road,6
461,8th Main Road,Urban Road,URB-00461,461,12.9926,77.5316,12.991,77.5429,1231.4,184.4,185.631,15.7456,Aligned,0.7953,0.8207,0.1642,0.0459,0.0015,38.4361,38.0688,75.8432,30.5948,29.0487,48.7269,39.7847,0.0,50.3874,18.2293,No,0.0,-0.0097,0.0181,Good,Medium,2.0458,10.0,10.0,21.3438,Safe,74.8769,35.0783,17.8519,Aligned,34.0071,64.1079,Side Impact Potential,Urban,4.0372,False,Commercial,Active Congestion | Poor Infrastructure,0.7913,Severe,False,10.0,0.0123,-0.0053,Aligned,36,8th Main Road,7
462,8th Main Road,Urban Road,URB-00462,462,13.0323,77.5536,13.0394,77.5499,1530.4,184.8,186.33,10.344,Aligned,0.9854,1.0098,-0.0004,0.0009,-0.0084,29.5814,27.0051,71.7889,29.3156,30.3123,50.4837,77.2615,0.1478,39.3783,24.5029,No,0.0,-0.0126,2.0185,Good,Medium,1.6821,10.0,10.4196,23.1627,Safe,74.1066,27.437,19.7223,Aligned,27.3651,60.7183,Side Impact Potential,Urban,2.9427,False,Commercial,Poor Infrastructure,0.0065,,False,24.8805,-0.0153,-0.0038,Aligned,28,8th Main Road,8
463,8th Main Road,Urban Road,URB-00463,463,12.9921,77.5945,12.9931,77.5889,611.5,185.2,185.812,97.9054,Critical Misalignment,0.9706,0.0042,0.014,-0.0025,0.9847,28.8443,28.3727,76.0185,55.3866,54.032,29.9722,90.6235,4.8277,60.0,66.3436,No,0.0,-0.0061,1.1101,Good,Medium,2.216,10.0,24.7512,51.1198,High Risk,42.5732,28.441,77.236,Critical Misalignment,74.1277,65.8097,Significant Pedestrian Interaction,Urban,1.821,True,Mixed,Speed Limit Misaligned | High Pedestrian Interaction | Above Human Tolerance Limit,-0.0139,,False,69.2867,1.0091,0.0077,Critical Misalignment,28,8th Main Road,9
464,8th Main Road,Urban Road,URB-00464,464,13.0087,77.5431,13.0121,77.544,404.7,185.6,186.005,12.8577,Aligned,0.9059,0.903,0.0927,-0.0067,0.0059,55.5746,57.0935,100.0,14.3664,22.577,79.1627,68.4736,0.0,58.7101,10.7734,No,0.0,0.0075,-0.0147,Good,High,0.2552,10.0,10.1106,21.8229,Safe,72.2564,57.0414,18.0804,Aligned,55.5408,60.9124,Separated Traffic,Peri-Urban,6.0765,True,Residential,Poor Infrastructure,0.0059,,False,48.7824,-0.0004,0.0059,Aligned,58,8th Main Road,10
465,8th Main Road,Urban Road,URB-00465,465,13.0782,77.5873,13.088,77.5892,1107.5,186.0,187.107,9.7036,Aligned,0.9935,0.995,-0.038,-0.0009,-0.0028,35.9544,38.9531,57.2267,5.1585,16.3482,50.4362,79.9192,0.288,39.2988,9.9233,No,0.0,0.0017,-0.0021,Poor,Low,1.3631,10.0,10.0,21.1564,Safe,70.3043,40.4579,19.2214,Aligned,36.6277,37.2794,Side Impact Potential,Rural,3.7809,False,Residential,Poor Infrastructure,0.2305,Light,False,27.5983,0.0167,-0.012,Aligned,38,8th Main Road,11
466,8th Main Road,Urban Road,URB-00466,466,13.0505,77.512,13.0516,77.5079,471.6,186.4,186.872,21.1368,Aligned,0.6153,0.6023,0.3676,0.0275,0.0046,31.5038,32.2504,48.5911,63.9751,45.9689,31.4276,97.396,4.755,39.7172,54.284,No,0.0,0.003,2.0351,Good,Low,4.1633,10.0,10.0,26.7899,Moderate Risk,76.7261,28.6272,24.1303,Aligned,31.713,58.6626,Significant Pedestrian Interaction,Urban,2.0956,False,Mixed,High Pedestrian Interaction,-0.0052,,False,29.5237,0.9956,-0.0001,Aligned,31,8th Main Road,12
467,8th Main Road,Urban Road,URB-00467,467,12.9569,77.5593,12.9553,77.5574,270.6,186.8,187.071,14.9683,Aligned,0.858,0.825,0.1755,0.0229,0.0059,23.9204,27.2083,29.7094,1.1218,10.1751,48.5791,99.0221,0.0431,21.4218,1.3218,No,0.0,0.0005,0.0549,Poor,Medium,0.96,10.0,17.7878,20.6856,Safe,67.7597,23.0587,19.9908,Aligned,23.1503,32.127,Side Impact Potential,Rural,2.0487,False,Mixed,Poor Infrastructure,0.14,Light,False,16.8118,-0.0044,0.0009,Aligned,24,8th Main Road,13
468,8th Main Road,Urban Road,URB-00468,468,12.9468,77.6006,12.9513,77.5952,837.0,187.2,188.037,38.7469,Moderate Misalignment,0.8717,0.0521,0.8735,0.0663,-0.0084,30.2443,28.7944,79.3976,39.1926,40.6518,29.4356,71.6441,4.6416,51.6634,44.9175,No,0.0,0.0028,1.0268,Good,High,1.6042,10.0,10.3014,36.6865,Moderate Risk,56.8568,31.7188,47.384,Moderate Misalignment,40.097,55.527,Significant Pedestrian Interaction,Urban,2.1401,True,Residential,High Pedestrian Interaction | Above Human Tolerance Limit,0.1682,Light,False,30.4203,0.9928,0.0017,Moderate Misalignment,29,8th Main Road,14
469,8th Main Road,Urban Road,URB-00469,469,13.0418,77.5489,13.0423,77.549,50.7,187.6,187.651,13.3165,Aligned,0.9049,0.9023,0.0822,-0.0164,0.0006,40.5354,41.877,53.6206,30.9982,28.836,51.2307,92.194,0.0,40.1431,23.8884,No,0.0,0.0034,-0.0081,Good,Medium,2.2493,10.0,10.0,22.7103,Safe,73.8854,42.3386,19.2091,Aligned,42.3471,56.8639,Side Impact Potential,Urban,2.1603,False,Mixed,Poor Infrastructure,-0.0004,,False,33.975,-0.0038,-0.01,Aligned,41,8th Main Road,15
470,8th Main Road,Urban Road,URB-00470,470,13.0094,77.5757,13.009,77.5838,880.6,188.0,188.881,30.5738,Moderate Misalignment,0.6813,0.3078,0.6907,-0.0164,0.0057,29.6681,30.3798,48.9929,9.6809,24.416,49.5101,95.6329,0.5327,28.2115,19.3404,No,0.0,0.0088,0.0151,Good,Low,2.2606,10.0,10.2129,23.3283,Safe,70.099,32.1814,20.8508,Aligned,31.1377,48.218,Side Impact Potential,Peri-Urban,3.205,False,Residential,Poor Infrastructure,0.0084,,False,29.1784,-0.0113,0.0105,Moderate Misalignment,30,8th Main Road,16
471,8th Main Road,Urban Road,URB-00471,471,12.9591,77.7177,12.9589,77.722,462.4,188.4,188.862,35.0585,Moderate Misalignment,0.8839,0.1337,0.8301,0.004,-0.01,51.1266,52.1436,78.7116,21.305,23.0184,51.0427,98.2098,0.0,39.4993,17.5053,No,0.0,-0.0034,-0.0251,Good,Medium,1.4242,10.0,30.1738,26.0354,Moderate Risk,66.9169,49.6159,30.8709,Moderate Misalignment,51.2934,49.0292,Side Impact Potential,Peri-Urban,5.975,False,Mixed,Poor Infrastructure,0.1739,Light,False,42.0107,0.005,0.0006,Moderate Misalignment,52,8th Main Road,17
472,8th Main Road,Urban Road,URB-00472,472,12.9724,77.5381,12.9697,77.546,900.7,188.8,189.701,16.9876,Aligned,0.796,0.8046,0.2186,0.0084,0.0016,37.7636,37.9661,75.2257,31.9613,29.2106,48.5512,37.1849,0.0,51.2329,16.2385,No,0.0,-0.013,-0.063,Good,Medium,1.8467,10.0,10.1115,21.9942,Safe,75.5778,33.9812,17.9829,Aligned,36.9229,64.1324,Side Impact Potential,Urban,3.9365,False,Commercial,Active Congestion | Poor Infrastructure,0.7849,Severe,False,10.7586,-0.0027,0.0125,Aligned,38,8th Main Road,18
473,8th Main Road,Urban Road,URB-00473,473,12.9478,77.5549,12.9504,77.5555,306.1,189.2,189.506,32.93,Moderate Misalignment,0.8274,0.117,0.8169,0.0091,0.0018,46.5392,45.9628,54.6631,17.9722,28.229,50.6418,95.2894,0.3427,40.723,17.081,No,0.0,-0.0066,-0.0095,Good,Medium,2.7136,10.0,14.4176,24.3986,Safe,69.4786,44.8153,26.2534,Moderate Misalignment,43.2478,60.1086,Side Impact Potential,Peri-Urban,3.0082,False,Residential,Poor Infrastructure,-0.0149,,False,37.0824,0.007,-0.0114,Moderate Misalignment,47,8th Main Road,19
474,8th Main,Urban Road,URB-00474,474,12.909,77.5951,12.9144,77.595,613.3,189.6,190.213,11.378,Aligned,0.9786,1.0157,0.0168,-0.0028,0.0079,24.1294,25.6977,76.6,29.0505,29.6029,68.7437,71.5208,0.0414,41.9561,16.9664,No,0.0,0.0037,0.0119,Poor,Low,1.4445,10.0,10.0,21.3254,Safe,74.6213,25.7258,19.5172,Aligned,26.0783,65.7529,Separated Traffic,Urban,2.0627,True,Mixed,Poor Infrastructure,0.0018,,False,22.8174,0.006,0.0033,Aligned,28,8th Main,1
475,8th Road,Urban Road,URB-00475,475,12.9773,77.7272,12.9773,77.7272,1955.5,190.0,191.956,13.2098,Aligned,0.9371,0.922,0.0818,-0.0076,-0.005,32.6704,32.5743,86.7402,25.5572,28.0913,46.972,65.5196,0.1285,49.8978,19.2764,No,0.0,0.0122,0.9868,Good,Medium,1.8622,10.0,10.0915,22.172,Safe,73.5288,32.9594,18.8236,Aligned,34.5463,60.0926,Side Impact Potential,Urban,4.9125,True,Residential,Poor Infrastructure,0.0014,,False,25.7816,-0.0057,-0.0006,Aligned,32,8th Road,1
476,9 Main Road,Urban Road,URB-00476,476,12.9163,77.5836,12.9171,77.5836,89.5,190.4,190.489,12.6056,Aligned,0.9777,0.9622,-0.0265,0.0195,-0.0026,38.5959,36.7694,83.6578,62.8615,34.7706,50.5534,75.0221,0.0503,50.3237,25.8027,No,0.0,-0.0013,0.0078,Good,Medium,1.6923,10.0,10.0,19.4459,Safe,81.4177,34.4188,16.6792,Aligned,41.3714,68.0545,Side Impact Potential,Urban,4.9706,True,Commercial,Meets Safe System Standards,-0.0031,,False,33.2393,0.0044,0.0105,Aligned,36,9 Main Road,1
477,91st Main Road,Urban Road,URB-00477,477,12.9051,77.5656,12.9095,77.5656,667.5,190.8,191.468,11.678,Aligned,0.8959,0.8368,0.0923,-0.0014,-0.0038,51.3437,52.925,100.0,2.5025,17.5723,80.716,61.5056,0.0,60.0,7.9045,No,0.0,-0.0096,0.025,Poor,Medium,0.3634,10.0,10.0,21.842,Safe,68.5116,53.4854,18.339,Aligned,53.7979,42.7065,Separated Traffic,Rural,3.7248,True,Mixed,Poor Infrastructure,-0.0021,,False,42.7552,0.0033,-0.0036,Aligned,51,91st Main Road,1
478,9th A Main Road,Urban Road,URB-00478,478,12.9167,77.6053,12.9211,77.6054,488.7,191.2,191.689,10.2962,Aligned,0.9866,0.9936,-0.0123,-0.0132,0.0086,22.6034,20.6852,25.3032,1.2625,24.9279,50.6026,79.0187,0.0,29.2399,12.2985,No,0.0,0.007,0.0659,Poor,Medium,2.8569,10.0,10.1064,24.6672,Safe,68.4777,20.3802,22.4577,Aligned,24.2876,59.2697,Side Impact Potential,Peri-Urban,1.0341,False,Mixed,Poor Infrastructure,0.1765,Light,False,15.8707,-0.0003,0.0121,Aligned,22,9th A Main Road,1
479,9th Cross Road,State Highway,SH-00479,479,12.9569,77.5593,12.9611,77.5592,465.8,191.6,192.066,14.912,Aligned,0.8708,0.8271,0.1123,0.0002,-0.0044,19.8332,20.47,29.6454,0.4378,15.0558,49.5165,91.8619,0.0,40.0,3.9572,No,0.0,-0.0033,-0.0279,Poor,High,1.8573,10.0,10.0,19.7469,Safe,68.7367,19.0576,17.1472,Aligned,20.7684,43.8051,Side Impact Potential,Rural,2.2232,False,Residential,Poor Infrastructure,0.2316,Light,False,11.83,-0.0133,0.0021,Aligned,19,9th Cross Road,1
480,9th Cross Road,Urban Road,URB-00480,480,12.911,77.5785,12.911,77.5785,5840.3,192.0,197.84,38.437,Moderate Misalignment,0.8558,0.166,0.8883,0.0006,-0.0039,48.2549,48.5012,57.4468,13.5315,21.6669,49.4321,96.9933,0.2924,38.6788,6.8413,No,0.0,0.0018,-0.0249,Good,High,2.2932,10.0,30.6107,25.9809,Moderate Risk,64.9757,48.3133,30.1875,Moderate Misalignment,50.7801,57.7219,Side Impact Potential,Peri-Urban,3.7805,False,Industrial,Poor Infrastructure,0.0039,,False,41.1143,-0.0014,-0.0101,Moderate Misalignment,49,9th Cross Road,2
481,9th Cross Road,Urban Road,URB-00481,481,12.9857,77.5424,12.9785,77.5426,806.1,192.4,193.206,39.5377,Moderate Misalignment,0.7955,0.1645,0.822,0.049,0.0136,80.4078,80.2409,100.0,19.7227,18.7953,79.1687,84.9476,0.0,60.0,10.0724,No,0.0,-0.0113,-0.0309,Poor,Medium,0.3018,10.0,10.1486,24.5088,Safe,66.3544,79.6841,29.1175,Moderate Misalignment,87.1085,42.546,Separated Traffic,Rural,5.0297,True,Residential,Poor Infrastructure | Above Human Tolerance Limit,-0.0006,,False,79.5298,-0.0085,-0.0029,Moderate Misalignment,80,9th Cross Road,3
482,9th Cross Road,Urban Road,URB-00482,482,12.961,77.5272,12.9583,77.5264,318.7,192.8,193.119,14.4174,Aligned,0.8652,0.8517,0.132,0.0054,0.0081,51.0173,49.1205,77.1738,17.1976,24.4025,51.4885,90.1511,0.2145,50.3515,9.5505,No,0.0,0.0028,-0.0415,Good,Medium,2.2752,10.0,23.6696,26.1241,Moderate Risk,65.1944,50.0613,33.4025,Moderate Misalignment,59.4115,66.4408,Side Impact Potential,Urban,5.07,False,Residential,Poor Infrastructure,0.018,,False,56.5882,-0.0038,-0.0049,Aligned,49,9th Cross Road,4
483,9th Cross Road,Urban Road,URB-00483,483,12.953,77.5546,12.9578,77.5535,551.8,193.2,193.752,12.3978,Aligned,0.9934,0.9988,0.0199,0.001,0.0065,21.9947,22.638,54.3113,20.9237,22.2007,49.8309,83.3223,0.1641,32.3752,19.6425,No,0.0,-0.0048,0.0419,Poor,Low,1.326,10.0,10.7191,20.0835,Safe,74.2264,22.2921,18.0195,Aligned,23.6966,41.098,Side Impact Potential,Rural,4.1436,False,Residential,Approach to Congestion (Tapered) | Poor Infrastructure,-0.0095,,True,20.2119,-0.0154,0.005,Aligned,23,9th Cross Road,5
484,9th Cross Road,Urban Road,URB-00484,484,12.9486,77.5967,12.9511,77.5989,359.8,193.6,193.96,76.112,High Misalignment,0.9892,0.022,0.0084,1.016,0.0016,48.2008,48.923,99.3046,12.5854,26.8957,49.2943,10.0,0.2291,59.8302,10.2206,No,0.0,0.0132,-0.0458,Good,High,0.6444,10.0,10.4873,39.2909,Moderate Risk,45.8513,52.077,59.8327,High Misalignment,65.2945,69.633,Side Impact Potential,Urban,4.1426,False,Residential,Speed Limit Misaligned | Active Congestion | Poor Infrastructure,0.7614,Severe,False,15.3006,-0.0041,0.0074,High Misalignment,48,9th Cross Road,6
485,9th Cross Road,Urban Road,URB-00485,485,13.0247,77.5947,13.0205,77.5936,492.2,194.0,194.492,12.9787,Aligned,0.9718,0.9718,0.0162,0.0066,-0.0025,32.7386,33.8407,86.3176,18.7536,27.8794,49.6742,80.6146,0.0955,39.6386,14.9481,No,0.0,-0.0088,-0.0285,Good,Medium,1.6984,10.0,10.0611,23.378,Safe,69.9106,33.0764,20.8012,Aligned,30.8149,65.1742,Side Impact Potential,Urban,4.1662,True,Commercial,Poor Infrastructure,-0.0046,,False,25.0406,0.0021,-0.0134,Aligned,32,9th Cross Road,7
486,9th Cross Road,Urban Road,URB-00486,486,12.933,77.5491,12.934,77.5477,189.0,194.4,194.589,27.6037,Moderate Misalignment,0.5115,0.4692,0.4943,0.0295,-0.0104,60.4088,57.6043,100.0,7.5563,13.5425,80.2948,91.6629,0.0921,60.0,3.7317,No,0.0,-0.008,-0.0213,Poor,Medium,0.1018,10.0,10.3342,19.241,Safe,72.4358,58.4032,17.3106,Aligned,59.0361,40.0698,Separated Traffic,Rural,3.8378,True,Industrial,Poor Infrastructure,-0.0002,,False,53.4935,0.0064,-0.0015,Moderate Misalignment,60,9th Cross Road,8
487,9th Cross Tatanagar,Urban Road,URB-00487,487,13.0545,77.5694,13.0535,77.5753,679.6,194.8,195.48,38.6397,Aligned,0.3794,0.4061,0.303,0.3068,0.0048,57.5516,55.5772,99.8053,0.0,16.4711,80.7576,47.2994,0.0552,60.0,5.1608,No,0.0,0.0051,-0.0739,Poor,Low,0.1722,10.0,10.1113,21.1902,Safe,68.5807,56.314,19.2684,Aligned,56.1814,40.0522,Separated Traffic,Rural,8.1069,True,Industrial,Poor Infrastructure,0.1602,Light,False,44.8505,-0.0031,0.0035,Aligned,57,9th Cross Tatanagar,1
488,9th Main Road,Urban Road,URB-00488,488,12.9199,77.5837,12.9217,77.5837,3577.3,195.2,198.777,22.5591,Aligned,0.5577,0.5675,0.4187,0.0018,0.008,51.0995,52.2101,53.9869,6.6812,27.8802,52.2631,92.545,0.0612,39.8819,14.842,No,0.0,-0.0059,-0.02,Poor,Medium,3.7498,10.0,30.5269,30.3553,Moderate Risk,60.9621,49.7453,33.3759,Moderate Misalignment,53.5594,65.0956,Side Impact Potential,Urban,1.7911,False,Industrial,Poor Infrastructure,0.0108,,False,44.4159,-0.001,0.009,Aligned,51,9th Main Road,1
489,9th Main Road,Urban Road,URB-00489,489,12.9249,77.5705,12.9296,77.5681,2820.8,195.6,198.421,32.8589,Moderate Misalignment,0.7774,0.2326,0.7795,-0.0032,0.0068,50.9391,51.8428,50.3741,34.5711,43.4692,50.2307,97.3255,0.0,40.5048,49.1797,No,0.0,0.009,0.9722,Good,Medium,2.0325,10.0,29.8064,32.5872,Moderate Risk,65.0453,48.0616,36.5959,Moderate Misalignment,50.9187,61.2162,Side Impact Potential,Peri-Urban,1.8899,False,Residential,Poor Infrastructure,0.0198,,False,46.6548,0.005,0.0032,Moderate Misalignment,51,9th Main Road,2
490,9th Main Road,Urban Road,URB-00490,490,12.9226,77.5184,12.9273,77.5179,523.7,196.0,196.524,17.6841,Aligned,0.7471,0.7802,0.2436,0.015,-0.003,51.6733,49.2149,94.4256,12.6069,25.7249,79.2443,77.8787,0.0,59.3717,25.2012,No,0.0,0.0022,0.9516,Poor,Medium,0.1395,10.0,10.2962,23.1542,Safe,71.029,49.116,18.9471,Aligned,51.7307,46.148,Separated Traffic,Rural,6.9329,True,Residential,Poor Infrastructure,-0.029,,False,44.5596,-0.0081,-0.0059,Aligned,52,9th Main Road,3
491,9th Main Road,Urban Road,URB-00491,491,13.0115,77.6464,13.0224,77.6474,1223.3,196.4,197.623,29.2201,Moderate Misalignment,0.6385,0.375,0.6638,0.0167,0.0065,77.4634,76.9866,100.0,0.6591,14.9462,79.0297,52.7002,0.4822,60.0,8.0788,No,0.0,-0.0022,-0.0961,Poor,Low,0.0921,10.0,10.2327,26.2798,Moderate Risk,61.6969,73.5638,30.7838,Moderate Misalignment,76.188,36.6422,Separated Traffic,Rural,3.8478,True,Industrial,Poor Infrastructure | Above Human Tolerance Limit,0.1122,Light,False,59.5994,-0.0079,0.0027,Moderate Misalignment,76,9th Main Road,4
492,9th Main Road,Urban Road,URB-00492,492,12.9073,77.6351,12.9161,77.6354,980.5,196.8,197.781,10.3613,Aligned,0.9811,1.0167,0.0174,-0.0081,0.0058,37.5757,37.34,56.7776,14.315,19.6833,50.7483,86.3674,0.2741,42.149,5.3862,No,0.0,0.0011,-0.0145,Poor,High,3.1059,10.0,10.2087,21.0905,Safe,72.0408,38.4326,18.0083,Aligned,39.8317,56.4017,Side Impact Potential,Urban,4.1043,False,Commercial,Poor Infrastructure,-0.0102,,False,30.3381,-0.0055,0.002,Aligned,37,9th Main Road,5
493,9th Main Road,Urban Road,URB-00493,493,12.8795,77.6396,12.8825,77.6382,373.6,197.2,197.574,9.4811,Aligned,0.9807,1.006,0.0845,-0.0058,0.0019,25.57,27.1118,53.46,23.6918,27.2575,49.1047,87.7423,0.0078,28.1219,15.7815,No,0.0,-0.0004,-0.0933,Good,Low,2.2658,10.0,10.756,22.2591,Safe,73.4245,28.239,18.7846,Aligned,25.7911,64.7616,Side Impact Potential,Urban,2.7847,False,Commercial,Poor Infrastructure,-0.0003,,False,21.9474,0.0052,0.0018,Aligned,25,9th Main Road,6
494,A K Gopalan Main Road,Urban Road,URB-00494,494,12.9825,77.7582,12.9767,77.7571,651.4,197.6,198.251,16.4993,Aligned,0.7968,0.8054,0.1348,0.003,-0.0068,52.0747,50.7313,99.5324,32.6096,27.2844,80.9339,57.7057,0.4013,60.0,16.7495,No,0.0,0.0056,0.0024,Good,Low,0.4963,10.0,10.5177,20.7952,Safe,75.5697,49.9459,19.7491,Aligned,49.2954,59.5735,Separated Traffic,Urban,6.8249,True,Industrial,Poor Infrastructure,0.0189,,False,39.7904,0.0159,-0.0155,Aligned,50,A K Gopalan Main Roa,1
495,A Narayanapura Main Road,Urban Road,URB-00495,495,12.9961,77.6774,12.9934,77.6751,427.9,198.0,198.428,33.9701,Moderate Misalignment,0.7871,0.2254,0.7262,0.0098,-0.0002,49.6019,51.4865,70.8441,8.6582,23.3237,48.0981,99.3491,0.0655,48.0145,10.8279,No,0.0,0.0016,-0.0121,Poor,High,1.9352,10.0,27.0044,28.3726,Moderate Risk,61.5119,52.5816,33.841,Moderate Misalignment,63.4886,52.5609,Side Impact Potential,Peri-Urban,2.0951,False,Residential,Poor Infrastructure,0.1702,Light,False,49.5888,-0.0032,-0.0067,Moderate Misalignment,48,A Narayanapura Main ,1
496,A P J Abdul Kalam Road,Urban Road,URB-00496,496,13.0327,77.6202,13.0346,77.6134,1164.6,198.4,199.565,14.7718,Aligned,0.8694,0.8588,0.1544,0.0084,-0.0142,36.5883,37.143,80.2471,28.0902,28.098,51.0338,90.8114,0.0,38.5426,18.2792,No,0.0,-0.0064,-0.016,Good,Low,1.8476,10.0,10.0,21.8431,Safe,75.3613,37.7669,20.3949,Aligned,36.3925,55.8989,Side Impact Potential,Urban,6.0884,False,Industrial,Poor Infrastructure,-0.0092,,False,32.2645,0.0032,-0.007,Aligned,36,A P J Abdul Kalam Ro,1