segment_id,road_name,road_type,human_segment_id,internal_id,start_lat,start_lon,end_lat,end_lon,length_m,start_km,end_km,road_risk_score,ai_risk_label,ai_risk_probability,prob_low_risk,prob_medium_risk,prob_high_risk,prob_critical_risk,ai_recommended_speed,recommended_safe_speed,road_function_score,infrastructure_score,exposure_score,human_tolerance_limit,operating_speed_score,crash_risk_score,posted_speed_limit,pedestrian_exposure_score,blackspot_flag,crash_count,fatal_crashes,schools_count,lighting_quality,roadside_hazards,intersection_density,speed_compliance_rate,speed_violation_score,hotspot_score,hotspot_category,speed_safety_score,original_safe_speed,misalignment_score,misalignment_category,speed_p85,ptw_share_pct,exposure_tier,urban_rural_flag,lane_count,median_presence,land_use_type,top_ai_factors,congestion_index,congestion_category,congestion_smoothed,operating_speed_mean,minor_crashes,major_crashes,risk_category,final_safe_speed,corridor_base,corridor_seq
497,AECS Layout Main Road,Urban Road,URB-00497,497,12.8895,77.6492,12.8789,77.6538,1443.8,198.8,200.244,38.5233,Moderate Misalignment,0.9573,0.053,0.9521,0.0144,-0.006,78.155,80.2809,100.0,0.0,15.0436,79.9208,10.0,0.035,59.9632,0.0,No,0.0,-0.0105,0.0557,Poor,Low,0.0471,10.0,10.0,28.638,Moderate Risk,57.4512,78.9463,37.8097,Moderate Misalignment,98.0779,46.5524,Separated Traffic,Rural,7.1779,True,Residential,Active Congestion | Poor Infrastructure | Above Human Tolerance Limit,0.7786,Severe,False,24.8537,-0.007,0.0193,Moderate Misalignment,79,AECS Layout Main Roa,1
498,AM Road,Urban Road,URB-00498,498,12.9882,77.607,12.9876,77.6101,344.4,199.2,199.544,30.2455,Aligned,0.6051,0.5878,0.1566,0.2311,0.0021,67.7082,68.7098,100.0,11.452,22.4375,79.7168,82.1228,0.0,60.0,15.6334,No,0.0,0.0003,-0.0557,Poor,High,0.0411,10.0,10.2972,22.015,Safe,70.4656,67.9925,20.8073,Aligned,69.8428,46.4135,Separated Traffic,Rural,3.9931,True,Commercial,Poor Infrastructure,0.007,,False,58.0353,0.0032,0.0131,Aligned,66,AM Road,1
499,Abbigere Main Road,Urban Road,URB-00499,499,13.0688,77.5299,13.0737,77.5191,1431.6,199.6,201.032,22.3435,Aligned,0.6106,0.6603,0.3553,0.0328,0.0091,67.9447,66.5269,100.0,20.4524,21.6562,79.4479,55.9003,0.0,60.0,11.2236,No,0.0,-0.0097,0.0222,Poor,High,0.5107,10.0,10.378,26.3894,Moderate Risk,65.2614,66.5507,31.3478,Moderate Misalignment,66.4532,55.2235,Separated Traffic,Urban,7.1278,True,Commercial,Poor Infrastructure | Above Human Tolerance Limit,-0.0096,,False,61.1447,0.0063,-0.0042,Aligned,67,Abbigere Main Road,1
500,Abbigere Road,Urban Road,URB-00500,500,13.0737,77.5191,13.0677,77.5159,767.6,200.0,200.768,23.9703,Aligned,0.5492,0.5276,0.4563,0.0252,0.0002,58.7834,57.7414,100.0,0.0,15.3216,80.5075,76.3772,0.1823,60.0,1.9872,No,0.0,0.0055,0.0518,Good,Medium,0.2299,10.0,10.0,21.3581,Safe,68.7272,59.4177,17.1897,Aligned,60.6165,42.8775,Separated Traffic,Rural,8.03,True,Residential,Approach to Congestion (Tapered) | Poor Infrastructure,-0.0131,,True,53.0459,-0.0021,0.0088,Aligned,58,Abbigere Road,1
501,Acharya Govind Vittal Bhave Road,Urban Road,URB-00501,501,12.9882,77.5771,12.9878,77.5743,319.8,200.4,200.72,100.0,Critical Misalignment,0.9846,-0.0284,-0.0333,-0.0055,0.9803,30.9957,29.1995,99.8183,62.2899,45.7393,29.4806,81.8637,0.0,59.8365,52.0873,No,0.0,-0.0043,1.0202,Good,Low,0.421,10.0,10.5794,54.4518,High Risk,31.8073,29.9834,97.0063,Critical Misalignment,85.777,58.6071,Significant Pedestrian Interaction,Urban,4.7288,True,Commercial,Speed Limit Misaligned | High Pedestrian Interaction | Above Human Tolerance Limit,0.0022,,False,77.7596,-0.0094,0.0042,Critical Misalignment,29,Acharya Govind Vitta,1
502,Adugodi Main Rd,Urban Road,URB-00502,502,12.9409,77.6184,12.9413,77.6187,45.3,200.8,200.845,11.7263,Aligned,0.9657,0.9825,-0.0127,0.0121,-0.0041,22.9138,18.1592,54.3845,35.3895,28.2834,50.1254,65.5406,0.0,31.4659,28.3203,No,0.0,0.0031,-0.0758,Good,Medium,2.9566,10.0,10.2154,22.7925,Safe,76.303,19.6321,19.4375,Aligned,19.0364,55.759,Side Impact Potential,Urban,4.068,False,Residential,Active Congestion,0.7174,Severe,False,10.0,-0.0208,0.0009,Aligned,20,Adugodi Main Rd,1
503,Agrahara Layout Main Road,Urban Road,URB-00503,503,13.0917,77.6358,13.0981,77.6183,2110.2,201.2,203.31,35.6014,Moderate Misalignment,0.6597,0.1934,0.6615,0.0805,-0.0042,47.2978,48.6318,100.0,0.3604,12.3996,51.2131,63.6735,5.0202,59.9724,0.8621,No,0.0,0.0072,0.0062,Poor,Medium,0.1925,10.0,10.3984,31.0638,Moderate Risk,53.299,49.7348,43.7572,Moderate Misalignment,64.3825,39.3458,Side Impact Potential,Rural,6.8719,False,Residential,Poor Infrastructure | Above Human Tolerance Limit,0.2267,Light,False,45.8723,1.0052,-0.0084,Moderate Misalignment,50,Agrahara Layout Main,1
504,Air Force Range Pipeline Road,Urban Road,URB-00504,504,13.055,77.5431,13.0638,77.5347,1336.5,201.6,202.937,10.399,Aligned,0.966,0.9169,0.0341,-0.0013,0.0078,19.2765,21.1534,54.7523,36.0018,29.9746,50.5691,62.4991,0.1696,31.0752,28.0908,No,0.0,-0.0039,-0.0931,Good,Medium,2.8632,10.0,10.0,22.6807,Safe,75.4158,21.8673,18.403,Aligned,20.3687,57.2622,Side Impact Potential,Urban,3.9162,False,Residential,Active Congestion,0.7413,Severe,False,10.0,0.004,0.0034,Aligned,20,Air Force Range Pipe,1
505,Ajantha Road,Urban Road,URB-00505,505,12.9826,77.6154,12.9829,77.6129,274.2,202.0,202.274,14.4757,Aligned,0.9243,0.9026,0.0625,-0.0075,0.0044,38.1399,38.2129,82.6035,28.9614,33.4908,50.9983,43.4184,0.1231,49.7242,26.7487,No,0.0,-0.0011,0.0612,Good,Medium,1.7337,10.0,10.3617,24.6961,Safe,73.6238,37.5174,17.8301,Aligned,40.204,61.9945,Side Impact Potential,Urban,5.7839,False,Commercial,Active Congestion | Poor Infrastructure,0.7187,Severe,False,10.0648,0.0145,-0.0071,Aligned,39,Ajantha Road,1
506,Ali Asker Road,Urban Road,URB-00506,506,12.9857,77.5933,12.987,77.5905,983.4,202.4,203.383,40.1496,Moderate Misalignment,0.9352,0.0751,0.9194,-0.0009,0.0086,30.1643,29.3442,84.5023,79.909,42.1717,30.4054,88.5614,0.1537,59.2689,42.7486,No,0.0,0.0017,-0.0166,Good,Low,1.6862,10.0,12.4601,31.7915,Moderate Risk,67.0165,28.2318,47.4563,Moderate Misalignment,58.0058,63.2136,Significant Pedestrian Interaction,Urban,5.1268,True,Residential,High Pedestrian Interaction | Above Human Tolerance Limit,0.177,Light,False,39.9565,0.0045,0.0245,Moderate Misalignment,32,Ali Asker Road,1
507,Allalasandra Main Road Flyover,Urban Road,URB-00507,507,13.0866,77.5937,13.087,77.5924,161.2,202.8,202.961,14.2695,Aligned,0.9146,0.9287,0.0786,-0.0005,0.0068,40.3282,40.8784,51.7453,19.9713,29.2567,48.0695,89.0509,0.0342,38.2994,21.5948,No,0.0,-0.0031,0.0408,Poor,Low,1.5343,10.0,10.0,22.5655,Safe,70.998,42.2666,21.7312,Aligned,36.6863,58.7528,Side Impact Potential,Peri-Urban,3.1771,False,Residential,Poor Infrastructure,0.0001,,False,31.2295,0.0032,0.0108,Aligned,39,Allalasandra Main Ro,1
508,Allalasandra Main Road,Urban Road,URB-00508,508,13.088,77.5892,13.0885,77.5939,726.3,203.2,203.926,12.1575,Aligned,0.886,0.9109,0.1109,0.0208,0.007,30.2022,30.038,76.5407,4.8825,25.9553,48.6807,52.7288,0.0,39.9172,12.8967,No,0.0,-0.0062,0.039,Good,Medium,1.3897,10.0,10.2323,23.9828,Safe,68.6464,26.4509,20.6323,Aligned,27.7494,56.0979,Side Impact Potential,Peri-Urban,4.7769,False,Residential,Active Congestion | Poor Infrastructure,0.6758,Severe,False,11.0902,0.0045,0.0038,Aligned,29,Allalasandra Main Ro,2
509,Alpine Eco Road,Urban Road,URB-00509,509,12.9748,77.6978,12.9731,77.699,1202.8,203.6,204.803,11.8779,Aligned,0.9132,0.947,0.0715,0.002,-0.0073,65.7896,65.3756,99.8045,0.0,13.4191,79.9693,69.3574,0.0,59.9681,4.1954,No,0.0,-0.0033,-0.0478,Good,Medium,0.3221,10.0,10.0,19.8331,Safe,69.5739,66.0392,18.1765,Aligned,66.3561,37.6427,Separated Traffic,Rural,6.0742,True,Residential,Poor Infrastructure,0.2037,Light,False,52.0246,0.0159,0.0037,Aligned,65,Alpine Eco Road,1
510,Aluri Venkata Rao Road,Urban Road,URB-00510,510,12.9605,77.5686,12.9602,77.5568,2652.9,204.0,206.653,12.6034,Aligned,0.9802,0.9491,0.0405,0.0087,0.0008,40.8002,41.9514,72.5082,17.05,25.7266,50.4979,77.8736,0.0,52.066,17.9174,No,0.0,0.0002,1.0417,Good,High,1.2868,10.0,10.0,23.2836,Safe,71.3986,41.2936,19.6719,Aligned,36.1297,50.2202,Side Impact Potential,Peri-Urban,3.8389,False,Industrial,Approach to Congestion (Tapered) | Poor Infrastructure,0.0192,,True,35.0537,0.0023,0.0101,Aligned,41,Aluri Venkata Rao Ro,1
511,Amba Bhavani Road,Urban Road,URB-00511,511,13.0882,77.5467,13.1004,77.5469,1375.5,204.4,205.775,55.2934,High Misalignment,0.6153,0.0763,0.2626,0.61,-0.01,29.526,18.2105,75.8223,39.1868,37.9537,29.3186,90.1246,70.2265,60.0,47.1002,Yes,0.0,-0.001,0.9808,Poor,High,1.6827,10.0,10.0,54.2814,High Risk,42.5211,31.5697,51.1737,High Misalignment,56.6336,51.0496,Significant Pedestrian Interaction,Peri-Urban,1.714,True,Mixed,Speed Limit Misaligned | High Pedestrian Interaction | Above Human Tolerance Limit,0.1569,Light,False,43.784,1.9946,3.0163,High Misalignment,29,Amba Bhavani Road,1
512,Amma Ashrama Main Road,Urban Road,URB-00512,512,12.9495,77.4888,12.9421,77.485,948.7,204.8,205.749,17.8908,Aligned,0.7684,0.7767,0.2081,-0.0142,-0.0049,40.0398,40.6438,83.1994,14.1219,24.823,48.3657,87.9261,0.0,42.632,10.8423,No,0.0,0.0014,-0.0057,Poor,Medium,1.6159,10.0,10.0,22.6233,Safe,70.1454,40.4585,19.0248,Aligned,42.1582,58.8498,Side Impact Potential,Urban,3.909,True,Residential,Poor Infrastructure,0.1591,Light,False,30.0125,-0.0088,0.0009,Aligned,40,Amma Ashrama Main Ro,1
513,Amrutahalli Main Road,Urban Road,URB-00513,513,13.0667,77.6099,13.0673,77.5933,2250.6,205.2,207.451,21.3783,Aligned,0.548,0.5431,0.4501,-0.0058,-0.0019,60.5508,56.7125,99.5231,0.0899,14.7124,80.8093,78.2352,0.0,59.5934,4.3619,No,0.0,0.0109,-0.0115,Good,Medium,0.3125,10.0,10.0,21.1833,Safe,68.3482,60.2552,19.9612,Aligned,59.8789,43.1294,Separated Traffic,Rural,8.0794,True,Residential,Approach to Congestion (Tapered) | Poor Infrastructure,-0.0197,,True,52.5402,0.0234,0.0077,Aligned,59,Amrutahalli Main Roa,1
514,Amruth Nagar Main Road,Urban Road,URB-00514,514,12.8867,77.5661,12.8855,77.5668,6813.0,205.6,212.413,14.4136,Aligned,0.918,0.9003,0.0745,0.0035,0.0062,52.9788,52.4032,100.0,0.0,12.6468,82.0567,65.1671,0.2426,59.6933,5.0769,No,0.0,-0.0053,0.0456,Good,Low,0.0897,10.0,10.0,20.8586,Safe,69.098,52.5045,17.2017,Aligned,54.2667,32.8733,Separated Traffic,Rural,4.9585,True,Residential,Poor Infrastructure,0.2629,Light,False,39.4506,0.0104,0.0051,Aligned,50,Amruth Nagar Main Ro,1
515,Amruth Nagar Main Road,Urban Road,URB-00515,515,13.0657,77.6008,13.0559,77.5979,1268.7,206.0,207.269,10.0301,Aligned,0.9763,0.9647,-0.0081,0.0071,-0.0047,25.056,25.8888,52.6633,0.0,15.4602,47.9511,84.2154,0.0,29.8939,4.527,No,0.0,-0.0008,-0.0624,Poor,Medium,1.1995,10.0,10.4444,20.947,Safe,69.1129,23.4017,17.2523,Aligned,26.3323,43.7113,Side Impact Potential,Rural,4.1497,False,Industrial,Poor Infrastructure,0.1751,Light,False,17.8022,0.0023,-0.0094,Aligned,24,Amruth Nagar Main Ro,2
516,Ananda Rao Flyover Ramp,State Highway,SH-00516,516,12.9802,77.5727,12.9805,77.5732,70.4,206.4,206.47,40.5192,Moderate Misalignment,0.9708,0.026,1.0174,-0.0147,-0.01,46.9538,44.5308,85.212,25.9263,32.4233,69.8193,99.8404,0.0627,40.4208,23.7798,No,0.0,-0.0002,0.0125,Good,Medium,1.5443,10.0,11.6404,26.4233,Moderate Risk,68.5714,45.5502,27.1053,Moderate Misalignment,43.7154,64.364,Separated Traffic,Urban,4.9513,True,Industrial,Poor Infrastructure,0.0028,,False,38.9108,-0.0138,-0.0045,Moderate Misalignment,48,Ananda Rao Flyover R,1
517,Ananda Rao Flyover Ramp,Urban Road,URB-00517,517,12.9807,77.5742,12.982,77.5755,212.2,206.8,207.012,9.9725,Aligned,1.0052,0.9905,0.0247,-0.005,-0.0035,37.646,37.6814,27.8975,16.5046,17.3196,47.5403,88.8185,0.1097,39.4106,4.5231,No,0.0,-0.0145,-0.0545,Poor,Low,3.8999,10.0,10.0,19.637,Safe,71.5955,37.5455,15.4066,Aligned,38.3536,51.3395,Side Impact Potential,Peri-Urban,0.8719,False,Mixed,Poor Infrastructure,0.0147,,False,30.3168,-0.0037,0.0048,Aligned,37,Ananda Rao Flyover R,2
518,Ananda Rao Flyover,State Highway,SH-00518,518,12.9804,77.5725,12.9805,77.5791,725.3,207.2,207.925,16.3028,Aligned,0.8276,0.7756,0.1694,0.0058,0.01,36.4388,35.7201,82.0797,23.5775,25.6823,49.7063,88.3825,0.4558,40.0,12.1974,No,0.0,-0.0053,-0.0184,Good,Low,1.6662,10.0,10.0,21.429,Safe,72.5526,37.1634,19.2662,Aligned,36.362,63.3568,Side Impact Potential,Urban,4.2495,True,Residential,Poor Infrastructure,-0.0183,,False,30.3665,-0.004,-0.0027,Aligned,36,Ananda Rao Flyover,1
519,Anandnagar Main Road,Urban Road,URB-00519,519,13.0297,77.5897,13.0336,77.5884,597.7,207.6,208.198,13.1441,Aligned,0.9371,1.0029,0.0162,0.0253,0.0082,29.9288,30.5404,84.6362,35.2834,29.3763,48.6799,52.7935,0.3195,39.061,20.7276,No,0.0,-0.0013,-0.0232,Good,Medium,1.8159,10.0,10.3126,21.0455,Safe,75.9213,29.2573,19.0896,Aligned,30.1711,61.4662,Side Impact Potential,Urban,6.0578,True,Commercial,Active Congestion,0.7142,Severe,False,10.0,-0.0005,-0.0064,Aligned,28,Anandnagar Main Road,1
520,Ananthapura - Atturu Road,Urban Road,URB-00520,520,13.1024,77.5669,13.1148,77.5671,1497.3,208.0,209.497,11.0749,Aligned,0.9224,0.9455,0.0633,0.0047,-0.0062,30.8347,31.1836,27.4428,3.4307,18.1404,51.4098,97.544,0.3179,29.5034,6.5825,No,0.0,-0.0055,0.0045,Poor,High,3.0721,10.0,10.0,23.0129,Safe,68.2546,32.2349,21.4118,Aligned,34.3326,49.563,Side Impact Potential,Peri-Urban,0.8264,False,Residential,Poor Infrastructure,0.0093,,False,26.5233,-0.0207,-0.0017,Aligned,34,Ananthapura - Atturu,1
521,Ananthapura Main Road,Urban Road,URB-00521,521,13.1145,77.5704,13.1148,77.579,936.2,208.4,209.336,16.0847,Aligned,0.8387,0.8396,0.1783,-0.0136,-0.0134,39.1077,37.4209,28.9177,10.0229,14.5817,50.348,97.5796,0.271,29.7294,6.6161,No,0.0,0.0071,0.0031,Good,Medium,2.2225,10.0,27.5639,21.6972,Safe,67.3107,40.4166,25.0029,Aligned,37.2531,32.9349,Side Impact Potential,Rural,1.0241,False,Residential,Poor Infrastructure,0.0272,,False,32.1388,0.0048,0.0212,Aligned,38,Ananthapura Main Roa,1
522,Ananthapura Main Road,Urban Road,URB-00522,522,13.1148,77.5671,13.1145,77.5702,347.7,208.8,209.148,27.2308,Moderate Misalignment,0.6324,0.3149,0.5946,0.0012,-0.0029,51.2927,50.6596,71.6303,6.0876,20.4824,51.0859,95.0613,0.0173,37.6745,4.6184,No,0.0,-0.0051,-0.0159,Poor,Medium,1.4314,10.0,24.3418,26.2854,Moderate Risk,63.854,52.5982,31.06,Moderate Misalignment,51.3548,61.4371,Side Impact Potential,Urban,3.9624,False,Mixed,Poor Infrastructure,0.1932,Light,False,37.1086,0.0051,-0.01,Moderate Misalignment,52,Ananthapura Main Roa,2
523,Andhrahalli Main Road - Peenya 2nd Stage,Urban Road,URB-00523,523,13.0099,77.5062,13.0083,77.5001,794.7,209.2,209.995,37.3312,Moderate Misalignment,0.9859,0.0362,0.9671,0.0021,0.0012,51.008,51.3678,74.7637,45.4315,35.9265,48.0112,97.286,0.0,50.4271,32.7724,No,0.0,-0.0054,0.0262,Poor,Low,1.8717,10.0,19.9248,27.1549,Moderate Risk,70.8195,50.4293,29.2923,Moderate Misalignment,59.0568,60.685,Side Impact Potential,Urban,4.0908,False,Mixed,Meets Safe System Standards,0.0252,,False,50.9991,-0.0005,0.0068,Moderate Misalignment,51,Andhrahalli Main Roa,1
524,Andrahalli Main Road,Urban Road,URB-00524,524,13.0006,77.4886,13.0457,77.5055,6729.5,209.6,216.33,31.7487,Moderate Misalignment,0.6979,0.3334,0.7034,-0.0021,-0.0088,50.9922,50.4054,54.243,9.6618,23.8713,50.8796,96.6571,0.0,40.4093,15.7512,No,0.0,-0.0169,0.0115,Good,High,1.9034,10.0,23.9361,26.5913,Moderate Risk,64.2332,52.7066,28.0742,Moderate Misalignment,49.9067,49.5191,Side Impact Potential,Peri-Urban,3.8975,False,Mixed,Poor Infrastructure,-0.0122,,False,41.7632,-0.0106,0.0021,Moderate Misalignment,52,Andrahalli Main Road,1
525,Andrahalli Main Road,Urban Road,URB-00525,525,12.9905,77.4899,12.9916,77.4877,426.1,210.0,210.426,38.9905,Moderate Misalignment,0.9661,0.029,0.9682,0.0208,0.0061,80.4453,79.1996,100.0,24.0313,25.9351,80.4373,95.8917,0.0,59.1063,12.9473,No,0.0,-0.0033,-0.0189,Good,High,0.2687,10.0,16.7481,27.5558,Moderate Risk,65.6228,79.1049,33.1246,Moderate Misalignment,89.9261,59.7714,Separated Traffic,Peri-Urban,5.962,True,Residential,Poor Infrastructure,-0.0039,,False,81.6917,-0.0047,-0.0194,Moderate Misalignment,80,Andrahalli Main Road,2
526,Andrahalli Main Road,Urban Road,URB-00526,526,13.0055,77.5051,13.0082,77.4896,2096.1,210.4,212.496,9.5316,Aligned,0.9851,0.9467,0.0005,0.0006,0.015,22.0006,23.1678,26.8989,6.4795,22.9144,51.5424,81.897,0.0,30.541,8.2556,No,0.0,0.0025,0.0072,Poor,Medium,2.864,10.0,10.6462,22.4562,Safe,68.6385,20.3488,18.4386,Aligned,23.3492,58.0882,Side Impact Potential,Peri-Urban,0.9573,False,Commercial,Poor Infrastructure,0.1471,Light,False,17.8869,0.0148,0.0075,Aligned,22,Andrahalli Main Road,3
527,Anepalaya Main Road,Urban Road,URB-00527,527,12.956,77.6118,12.9519,77.6052,1306.5,210.8,212.107,13.0049,Aligned,0.9137,0.9674,0.0553,-0.0072,0.0005,22.911,22.834,29.6728,0.0,15.8359,50.0562,95.2027,0.0,21.009,8.1609,No,0.0,-0.0014,0.0551,Poor,Low,1.1108,10.0,20.9048,23.0369,Safe,66.1287,24.6833,23.5678,Aligned,22.3178,36.7841,Side Impact Potential,Rural,1.9934,False,Industrial,Poor Infrastructure,0.1789,Light,False,17.8803,-0.0101,-0.0008,Aligned,22,Anepalaya Main Road,1
528,Anjanapura 60 Feet Road,Urban Road,URB-00528,528,12.874,77.561,12.8728,77.5666,626.3,211.2,211.826,11.9444,Aligned,0.8434,0.8652,0.1233,0.0065,0.0106,15.178,19.4606,28.9988,0.9485,15.6559,53.0071,90.0,0.4571,20.0124,8.4672,No,0.0,-0.0072,0.0099,Good,Medium,2.0409,10.0,10.0303,20.5389,Safe,69.361,17.2453,18.5364,Aligned,13.205,32.8673,Side Impact Potential,Rural,1.8731,False,Residential,Poor Infrastructure,-0.0148,,False,13.4125,0.0092,0.0056,Aligned,16,Anjanapura 60 Feet R,1
529,Annapoorneshwarinagar Main Road,Urban Road,URB-00529,529,12.9797,77.5107,12.9808,77.5068,439.5,211.6,212.04,28.4285,Moderate Misalignment,0.4955,0.427,0.4634,0.0386,-0.0022,60.8594,59.1484,97.9707,10.107,13.4272,79.4085,91.422,0.2737,59.83,3.6477,No,0.0,-0.0085,-0.0086,Poor,Medium,0.1762,10.0,10.0,19.2394,Safe,72.6353,61.1299,17.1806,Aligned,58.8444,39.0308,Separated Traffic,Rural,3.9105,True,Industrial,Poor Infrastructure,-0.0131,,False,53.6092,0.0041,0.0051,Moderate Misalignment,60,Annapoorneshwarinaga,1
530,Annaswamy Mudaliar Road,Urban Road,URB-00530,530,12.9813,77.6156,12.9824,77.6156,125.1,212.0,212.125,12.2741,Aligned,0.91,0.9574,0.068,0.0016,0.001,48.5119,50.7684,99.1768,7.0669,20.481,78.6883,68.2378,0.4578,60.0,12.9751,No,0.0,0.0032,-0.0022,Poor,Low,0.1285,10.0,10.2107,20.4387,Safe,71.1208,49.4537,17.9627,Aligned,49.9978,36.0138,Separated Traffic,Rural,6.7393,True,Residential,Poor Infrastructure,0.1516,Light,False,38.0082,-0.0026,-0.0103,Aligned,50,Annaswamy Mudaliar R,1
531,Annaswamy Mudaliar Road,Urban Road,URB-00531,531,12.9866,77.6196,12.9828,77.6159,579.6,212.4,212.98,11.5797,Aligned,0.9864,0.996,-0.0084,0.0082,0.0085,26.6409,26.77,27.9459,23.0299,18.0015,48.1739,87.1506,0.0202,60.0,8.6984,No,0.0,-0.0086,0.0326,Poor,Low,1.06,10.0,10.0,19.2504,Safe,74.2982,22.8423,15.1195,Aligned,24.2828,44.9129,Side Impact Potential,Rural,0.8849,False,Residential,Poor Infrastructure,-0.0141,,False,21.2755,0.0029,-0.0061,Aligned,25,Annaswamy Mudaliar R,2
532,Apparao Road,Urban Road,URB-00532,532,12.9552,77.5674,12.955,77.5657,194.5,212.8,212.995,10.4106,Aligned,0.9955,0.9693,0.0766,-0.0017,0.001,41.3934,40.717,72.6701,34.1711,28.6624,51.3033,75.3402,0.51,52.8616,21.7344,No,0.0,-0.0044,-0.0706,Poor,High,2.0423,10.0,10.0,20.8377,Safe,76.0549,42.7759,17.9427,Aligned,40.9954,56.674,Side Impact Potential,Urban,3.077,False,Commercial,Meets Safe System Standards,0.0006,,False,32.4785,0.0049,0.0121,Aligned,42,Apparao Road,1
533,Arabic College Main Road,Urban Road,URB-00533,533,13.0259,77.6199,13.0085,77.6133,2096.4,213.2,215.296,36.7886,Moderate Misalignment,0.9062,0.0525,0.8832,-0.0005,0.0027,49.8805,49.6948,55.9595,25.8674,33.8928,50.6624,99.3221,0.0,41.0698,24.4916,No,0.0,-0.0013,-0.0032,Poor,Low,2.9414,10.0,27.6938,28.3032,Moderate Risk,65.7974,47.6858,31.7605,Moderate Misalignment,50.8889,58.6237,Side Impact Potential,Urban,3.8684,False,Mixed,Poor Infrastructure,0.1476,Light,False,41.7455,-0.0089,0.0096,Moderate Misalignment,52,Arabic College Main ,1
534,Arakere MICO Layout Main Road,Urban Road,URB-00534,534,12.8905,77.5986,12.8906,77.5977,98.3,213.6,213.698,13.7793,Aligned,0.8814,0.9112,0.1186,0.0111,0.0055,30.1425,32.4648,60.9589,33.2328,32.0619,50.2561,96.3405,0.505,30.912,24.2467,No,0.0,0.0056,0.0214,Good,Medium,3.9035,10.0,10.195,23.5071,Safe,72.8768,31.7588,20.7283,Aligned,30.1117,60.988,Side Impact Potential,Urban,3.8965,True,Mixed,Poor Infrastructure,-0.0023,,False,26.5531,0.0219,0.0085,Aligned,31,Arakere MICO Layout ,1
535,Aralu Mallige Parthasarathy Road,Urban Road,URB-00535,535,12.9388,77.5481,12.938,77.5497,213.7,214.0,214.214,12.3985,Aligned,0.8974,0.9212,0.103,0.0183,0.0058,40.4522,39.9628,100.0,22.8098,23.4126,80.7668,60.0755,0.2372,60.0,17.9898,No,0.0,0.0025,0.026,Good,High,0.2922,10.0,10.0,20.8067,Safe,74.5826,40.5005,17.2699,Aligned,39.0374,48.0824,Separated Traffic,Peri-Urban,4.0299,True,Residential,Poor Infrastructure,-0.0293,,False,36.4385,0.0154,0.0094,Aligned,39,Aralu Mallige Partha,1
536,Arehalli Main Road,Urban Road,URB-00536,536,12.9086,77.5386,12.9278,77.5461,2428.5,214.4,216.829,10.5765,Aligned,0.9737,1.0123,-0.0081,-0.001,-0.0064,47.5547,48.5037,67.8362,65.6997,32.4346,49.3454,84.4914,0.1897,51.4045,28.2783,No,0.0,0.0051,-0.0141,Poor,High,1.7038,10.0,10.3103,18.3236,Safe,84.061,47.9235,15.3225,Aligned,49.617,59.3235,Side Impact Potential,Urban,2.1514,False,Industrial,Meets Safe System Standards,0.0043,,False,39.1009,-0.0048,-0.0071,Aligned,49,Arehalli Main Road,1
537,Arekere Main Road,Urban Road,URB-00537,537,12.8847,77.6024,12.8905,77.5982,1082.2,214.8,215.882,24.0592,Moderate Misalignment,0.4993,0.4878,0.5238,0.0194,0.0059,79.7021,78.1197,97.8701,2.9473,10.4275,80.3025,88.9255,0.0964,59.0688,2.5463,No,0.0,0.0028,-0.0158,Poor,Low,0.3679,10.0,11.1155,24.845,Safe,62.3852,81.789,30.2771,Moderate Misalignment,84.2673,35.7834,Separated Traffic,Rural,6.9942,True,Industrial,Poor Infrastructure | Above Human Tolerance Limit,0.0061,,False,81.4759,0.008,-0.0163,Moderate Misalignment,80,Arekere Main Road,1
538,Arekere Mico Layout Main Road,Urban Road,URB-00538,538,12.8905,77.5982,12.8919,77.5856,1435.3,215.2,216.635,9.6966,Aligned,0.9542,0.9242,0.0388,-0.0076,0.0002,27.5962,27.2034,28.6429,39.985,22.948,51.4646,95.2062,0.0,20.684,15.2137,No,0.0,-0.0036,-0.0314,Poor,Low,3.3329,10.0,29.3215,20.1175,Safe,74.4095,23.9739,19.9381,Aligned,27.6629,51.3239,Side Impact Potential,Peri-Urban,0.8244,False,Residential,Meets Safe System Standards,-0.0146,,False,25.0113,0.0123,0.0004,Aligned,27,Arekere Mico Layout ,1
539,Arkavathy Layout Main Road,Urban Road,URB-00539,539,13.0726,77.604,13.0726,77.604,4333.7,215.6,219.934,39.5328,Moderate Misalignment,0.9685,0.0471,0.966,0.0058,0.0009,53.1566,51.1228,81.9571,42.7037,45.1286,50.388,96.4924,0.0,49.861,48.0522,No,0.0,0.0132,0.9459,Poor,High,2.3483,10.0,28.4378,31.2592,Moderate Risk,66.8582,47.4411,37.8751,Moderate Misalignment,63.6559,64.0664,Side Impact Potential,Urban,4.0625,True,Commercial,Meets Safe System Standards,-0.0083,,False,53.2763,0.0055,-0.0093,Moderate Misalignment,51,Arkavathy Layout Mai,1