segment_id,road_name,road_type,human_segment_id,internal_id,start_lat,start_lon,end_lat,end_lon,length_m,start_km,end_km,road_risk_score,ai_risk_label,ai_risk_probability,prob_low_risk,prob_medium_risk,prob_high_risk,prob_critical_risk,ai_recommended_speed,recommended_safe_speed,road_function_score,infrastructure_score,exposure_score,human_tolerance_limit,operating_speed_score,crash_risk_score,posted_speed_limit,pedestrian_exposure_score,blackspot_flag,crash_count,fatal_crashes,schools_count,lighting_quality,roadside_hazards,intersection_density,speed_compliance_rate,speed_violation_score,hotspot_score,hotspot_category,speed_safety_score,original_safe_speed,misalignment_score,misalignment_category,speed_p85,ptw_share_pct,exposure_tier,urban_rural_flag,lane_count,median_presence,land_use_type,top_ai_factors,congestion_index,congestion_category,congestion_smoothed,operating_speed_mean,minor_crashes,major_crashes,risk_category,final_safe_speed,corridor_base,corridor_seq
540,Armstrong Road,Urban Road,URB-00540,540,12.9893,77.6127,12.9848,77.6105,568.4,216.0,216.568,11.9988,Aligned,0.9784,0.9389,0.0458,0.0076,-0.0003,24.7434,24.1988,55.1622,48.7111,35.937,49.4762,80.7762,0.0947,29.9898,30.7427,No,0.0,0.0049,-0.0339,Good,High,2.3664,10.0,10.4678,21.1245,Safe,78.3846,23.3499,16.9346,Aligned,25.2467,62.4036,Side Impact Potential,Urban,3.0278,False,Commercial,Meets Safe System Standards,0.1599,Light,False,19.143,0.009,-0.0042,Aligned,24,Armstrong Road,1
541,Artillery Road,Urban Road,URB-00541,541,12.9721,77.6254,12.9731,77.6224,476.3,216.4,216.876,9.5953,Aligned,1.0057,0.975,0.0331,-0.0015,0.0017,36.296,36.9766,28.539,15.3477,17.682,47.9414,86.1179,0.0068,41.0097,5.2644,No,0.0,-0.0135,-0.0145,Poor,Low,3.7543,10.0,10.0,19.9426,Safe,72.1769,37.4435,15.7952,Aligned,37.8151,50.4006,Side Impact Potential,Peri-Urban,0.9654,False,Mixed,Poor Infrastructure,0.0018,,False,29.8333,-0.0031,0.0112,Aligned,38,Artillery Road,1
542,Arumugam Mudaliar Road,Urban Road,URB-00542,542,12.9616,77.5777,12.9577,77.5821,660.9,216.8,217.461,36.7315,Moderate Misalignment,0.9585,0.0134,0.9766,0.0128,0.0053,36.3594,35.9024,56.868,22.4693,27.5902,50.0794,98.44,0.0,31.349,14.6961,No,0.0,0.0,0.039,Good,Medium,3.1856,10.0,23.0014,24.5063,Moderate Risk,68.3675,35.9445,26.9051,Moderate Misalignment,36.6689,61.7166,Side Impact Potential,Urban,3.8041,False,Commercial,Poor Infrastructure,0.004,,False,29.3878,0.0288,-0.0056,Moderate Misalignment,38,Arumugam Mudaliar Ro,1
543,Arvind Avenue,Urban Road,URB-00543,543,12.9641,77.7131,12.9563,77.7149,894.4,217.2,218.094,15.8869,Aligned,0.8687,0.8766,0.1284,0.0002,-0.0063,45.493,47.9588,98.4621,27.8776,30.8556,78.772,70.9137,0.0,60.0,18.084,No,0.0,-0.0068,-0.0416,Good,Low,0.5514,10.0,10.0,21.7188,Safe,73.7158,47.4473,21.3357,Aligned,45.6983,69.7681,Separated Traffic,Urban,8.0141,True,Mixed,Poor Infrastructure,0.0257,,False,41.3467,0.0066,-0.0024,Aligned,46,Arvind Avenue,1
544,Ashok Puram Main Road,Urban Road,URB-00544,544,13.0174,77.5471,13.0128,77.5468,532.8,217.6,218.133,11.3663,Aligned,1.004,0.9881,0.0394,0.0267,-0.0009,36.3893,35.2761,81.1166,32.4914,33.3005,51.6847,89.2631,0.0,41.0941,27.2122,No,0.0,0.0105,1.0007,Good,Low,1.7649,10.0,10.0,24.3344,Safe,73.8067,35.5502,21.3977,Aligned,32.9129,64.4845,Side Impact Potential,Urban,5.9281,False,Residential,Poor Infrastructure,0.0345,,False,31.8885,-0.008,-0.0089,Aligned,33,Ashok Puram Main Roa,1
545,Ashoka Pillar Circle,Urban Road,URB-00545,545,12.9438,77.5851,12.9436,77.5853,52.4,218.0,218.052,43.5415,Moderate Misalignment,0.8339,-0.014,0.8369,0.1578,-0.002,30.7214,30.7511,78.6402,52.1154,51.2949,29.594,95.8704,0.0,39.3642,60.6998,No,0.0,0.0019,1.0421,Good,High,1.6443,10.0,15.5767,35.5994,Moderate Risk,64.3628,30.2088,43.8599,Moderate Misalignment,45.3989,68.8582,Significant Pedestrian Interaction,Urban,2.0705,True,Residential,High Pedestrian Interaction | Above Human Tolerance Limit,-0.0153,,False,38.8547,0.0075,-0.0018,Moderate Misalignment,30,Ashoka Pillar Circle,1
546,Assayee Road,Urban Road,URB-00546,546,12.9944,77.618,12.9944,77.618,2124.5,218.4,220.525,99.9774,Critical Misalignment,0.9779,-0.0266,0.0259,0.0114,0.9793,29.2036,27.9898,77.6451,53.8742,55.0839,27.9711,88.8769,4.8889,58.7455,65.7888,No,0.0,-0.0006,1.0557,Good,Medium,2.2794,10.0,24.2003,50.2392,High Risk,43.0256,28.5931,78.3545,Critical Misalignment,74.444,65.9406,Significant Pedestrian Interaction,Urban,1.7858,True,Mixed,Speed Limit Misaligned | High Pedestrian Interaction | Above Human Tolerance Limit,0.0119,,False,67.5306,0.9979,-0.0098,Critical Misalignment,27,Assayee Road,1
547,Atturu Road,Urban Road,URB-00547,547,13.0978,77.567,13.1024,77.5669,511.3,218.8,219.311,100.0,Critical Misalignment,0.9608,-0.0336,-0.0044,0.0221,0.9663,51.2918,50.2459,96.969,11.6242,30.2485,49.2303,90.3233,0.0,60.0,27.4332,No,0.0,0.0107,1.0424,Poor,Medium,0.6258,10.0,27.0227,49.7917,Moderate Risk,32.8037,49.7808,84.2479,Critical Misalignment,101.5308,57.3734,Side Impact Potential,Peri-Urban,7.1165,False,Industrial,Speed Limit Misaligned | Poor Infrastructure | Above Human Tolerance Limit,0.0128,,False,89.8346,-0.0067,0.0014,Critical Misalignment,49,Atturu Road,1
548,Aurobindo Marg,Urban Road,URB-00548,548,12.933,77.5839,12.9329,77.5848,103.6,219.2,219.304,15.8507,Aligned,0.8286,0.7836,0.1769,0.01,-0.0003,48.2577,48.2207,97.5998,0.5316,15.5726,80.1167,67.1351,0.0,60.0,8.1125,No,0.0,0.0096,-0.0038,Good,Low,0.2549,10.0,10.0,21.2592,Safe,69.6892,46.6503,18.5425,Aligned,48.0723,33.5316,Separated Traffic,Rural,6.0478,True,Industrial,Poor Infrastructure,0.1959,Light,False,39.2713,-0.0049,0.0222,Aligned,49,Aurobindo Marg,1
549,Avalahalli Main Road,Urban Road,URB-00549,549,12.9446,77.5538,12.9451,77.5488,541.7,219.6,220.142,36.3255,Moderate Misalignment,0.848,0.0917,0.8444,0.0093,-0.0109,70.7412,74.1061,100.0,13.6383,18.6616,79.4282,92.2288,0.0,60.0,8.737,No,0.0,0.0022,0.0603,Poor,Medium,0.2786,10.0,19.0105,24.5454,Safe,64.9652,71.3628,30.1024,Moderate Misalignment,70.3961,48.1205,Separated Traffic,Rural,4.2445,True,Mixed,Poor Infrastructure,0.1655,Light,False,55.431,0.0173,0.003,Moderate Misalignment,71,Avalahalli Main Road,1
550,Avenue Road,Urban Road,URB-00550,550,12.9642,77.5769,12.9732,77.5811,1102.8,220.0,221.103,11.8966,Aligned,0.9817,0.9663,0.0137,-0.0136,-0.0019,23.3625,21.2107,25.6387,14.0112,15.3148,50.5339,66.2526,0.1843,59.0608,12.7642,No,0.0,0.011,0.0881,Poor,Low,1.1437,10.0,10.0,20.2348,Safe,73.6691,22.5953,17.1724,Aligned,21.1496,34.1224,Side Impact Potential,Rural,1.0856,False,Commercial,Active Congestion | Poor Infrastructure,0.6466,Severe,False,12.0098,-0.008,0.0085,Aligned,24,Avenue Road,1
551,Ayodhyarama Road,Urban Road,URB-00551,551,12.911,77.5785,12.9171,77.5794,695.3,220.4,221.095,13.8401,Aligned,0.8918,0.9207,0.0988,0.008,0.003,69.9844,70.2377,100.0,0.0,15.0467,81.0222,72.1733,0.1889,60.0,2.9402,No,0.0,0.0031,-0.0061,Poor,Low,0.2292,10.0,10.0,19.7912,Safe,69.6991,68.2655,18.4,Aligned,71.9416,45.9417,Separated Traffic,Rural,3.9264,True,Mixed,Poor Infrastructure,0.0177,,False,61.149,-0.0136,-0.0142,Aligned,69,Ayodhyarama Road,1
552,Ayyappa Nagar - Battarahalli Road,Urban Road,URB-00552,552,13.0194,77.7085,13.0043,77.71,1718.9,220.8,222.519,38.4129,Moderate Misalignment,0.9167,0.1138,0.9424,0.0083,0.0051,31.1288,33.4973,55.2783,42.2458,45.1763,47.1449,96.6843,0.0765,27.3884,50.2413,No,0.0,-0.0056,0.9678,Good,Low,3.4834,10.0,10.2097,27.85,Moderate Risk,72.6994,33.8489,26.0435,Moderate Misalignment,31.1225,58.2568,Side Impact Potential,Urban,1.8572,True,Commercial,Meets Safe System Standards,0.0091,,False,27.7785,0.0197,-0.0053,Moderate Misalignment,32,Ayyappa Nagar - Batt,1
553,B Channasandra Main Road,Urban Road,URB-00553,553,13.0092,77.6501,13.0124,77.6622,1522.0,221.2,222.722,9.9047,Aligned,1.0002,0.9825,0.0548,0.0016,0.0138,27.9606,26.1647,28.9757,17.8035,20.7882,50.9866,93.1644,0.0,30.6156,13.4826,No,0.0,0.0019,-0.0077,Poor,Low,2.0611,10.0,10.1926,19.9161,Safe,74.1733,28.5829,16.8227,Aligned,28.9045,43.2724,Side Impact Potential,Rural,2.0143,False,Industrial,Poor Infrastructure,-0.0014,,False,25.3219,0.0001,0.0155,Aligned,29,B Channasandra Main ,1
554,B P Wadia Road,Urban Road,URB-00554,554,12.9437,77.5737,12.9436,77.5769,355.1,221.6,221.955,12.0596,Aligned,0.9957,0.9772,0.0163,0.007,-0.0125,26.2509,26.7685,52.9873,51.7124,32.424,49.147,71.5699,0.4341,39.902,25.2741,No,0.0,0.0059,-0.0268,Good,Medium,2.9617,10.0,10.0,20.5255,Safe,79.1795,25.5824,16.9623,Aligned,26.7741,64.9159,Side Impact Potential,Urban,2.9702,False,Residential,Meets Safe System Standards,0.1715,Light,False,21.3884,-0.0058,-0.0096,Aligned,26,B P Wadia Road,1
555,B Road,Urban Road,URB-00555,555,12.9233,77.5226,12.9253,77.5231,232.0,222.0,222.232,22.9999,Aligned,0.6052,0.5914,0.3179,0.0366,0.0075,29.1549,28.8523,52.0784,60.5812,48.3973,29.8991,95.2835,4.8084,31.0344,49.8377,No,0.0,-0.0044,2.0188,Good,Low,4.1216,10.0,10.447,26.294,Moderate Risk,77.0006,29.9657,24.4649,Aligned,30.9823,58.3477,Significant Pedestrian Interaction,Urban,1.9647,False,Mixed,High Pedestrian Interaction,-0.0049,,False,30.4126,1.0192,0.0018,Aligned,28,B Road,1
556,B Srinivas Murthy Road,Urban Road,URB-00556,556,13.038,77.5534,13.0328,77.5543,603.8,222.4,223.004,27.3439,Moderate Misalignment,0.5344,0.4469,0.577,0.0167,0.0099,49.4461,47.7554,47.5052,0.0,24.6683,50.3258,93.7688,0.076,40.8484,14.9881,No,0.0,-0.003,0.0123,Poor,Medium,4.0472,10.0,29.238,30.0164,Moderate Risk,59.5932,48.2733,36.5278,Moderate Misalignment,52.883,58.0927,Side Impact Potential,Urban,1.839,False,Commercial,Poor Infrastructure,0.0023,,False,42.361,0.0004,0.0047,Moderate Misalignment,49,B Srinivas Murthy Ro,1
557,B. Narayana Swamappa Road,Urban Road,URB-00557,557,13.0211,77.5561,13.0309,77.56,1455.1,222.8,224.255,10.3969,Aligned,0.9995,0.9992,0.0265,0.0008,-0.0023,26.2511,26.8739,25.4582,1.8687,17.1863,50.8152,82.6951,0.4838,60.0,11.029,No,0.0,0.0003,-0.0816,Poor,Medium,1.585,10.0,10.0,21.2106,Safe,68.6556,27.0926,18.2964,Aligned,26.9608,35.1002,Side Impact Potential,Rural,0.8635,False,Industrial,Poor Infrastructure,0.2563,Light,False,18.6308,0.0029,-0.0048,Aligned,26,B. Narayana Swamappa,1
558,B.V.K. Iyengar Road,Urban Road,URB-00558,558,12.9684,77.5748,12.9698,77.5758,2355.5,223.2,225.556,15.5737,Aligned,0.9535,0.9171,0.0708,0.0,0.0009,19.2683,20.5286,27.4926,26.5127,25.2731,52.1968,95.5885,0.171,20.226,15.0032,No,0.0,-0.0001,-0.0622,Poor,Medium,2.0908,10.0,10.209,21.412,Safe,74.1346,20.6959,19.6361,Aligned,22.7054,57.9603,Side Impact Potential,Peri-Urban,1.0122,False,Residential,Poor Infrastructure,0.1304,Light,False,18.3442,0.0228,-0.0093,Aligned,20,B.V.K. Iyengar Road,1
559,BBMP Park Road,Urban Road,URB-00559,559,13.0514,77.6077,13.0552,77.6019,830.7,223.6,224.431,100.0,Critical Misalignment,0.9799,-0.0155,-0.0223,0.0092,0.9609,51.7371,50.3927,98.6459,11.3625,31.4578,50.2899,88.3523,0.114,60.0,28.4032,No,0.0,0.0054,0.9863,Poor,Medium,0.6072,10.0,27.0634,50.0041,Moderate Risk,33.5979,49.8513,82.9004,Critical Misalignment,103.9668,57.3727,Side Impact Potential,Peri-Urban,7.0017,False,Industrial,Speed Limit Misaligned | Poor Infrastructure | Above Human Tolerance Limit,0.0056,,False,88.642,-0.0047,-0.0046,Critical Misalignment,49,BBMP Park Road,1
560,BDA Main Road,Urban Road,URB-00560,560,12.9593,77.6574,12.9642,77.6581,574.0,224.0,224.574,15.712,Aligned,0.9325,0.9302,0.0782,-0.0121,-0.0016,27.7425,28.7903,56.5507,48.9646,28.8429,50.118,93.6368,0.0,30.8032,21.088,No,0.0,0.008,0.0416,Poor,High,3.2967,10.0,10.4636,18.7916,Safe,81.2108,28.2631,16.4998,Aligned,26.8255,55.8777,Side Impact Potential,Urban,3.8315,False,Industrial,Meets Safe System Standards,-0.0156,,False,26.1231,-0.0179,0.0019,Aligned,30,BDA Main Road,1
561,BEL Road,State Highway,SH-00561,561,13.0577,77.5464,13.0455,77.5565,2322.1,224.4,226.722,12.1066,Aligned,0.9525,0.9462,0.0994,-0.024,-0.0036,34.9938,35.4765,70.9942,25.2317,24.1579,50.0826,67.235,0.0,49.3277,13.0126,No,0.0,-0.0081,-0.029,Good,Medium,1.8283,10.0,10.095,21.2512,Safe,74.6553,33.9275,18.9285,Aligned,38.3949,55.7964,Side Impact Potential,Urban,3.0935,False,Commercial,Poor Infrastructure,0.1506,Light,False,28.1298,-0.0062,-0.0072,Aligned,37,BEL Road,1
562,BGS Flyover,Urban Road,URB-00562,562,12.9633,77.5674,12.9649,77.5682,230.6,224.8,225.031,9.7298,Aligned,0.9787,0.9824,-0.0031,0.0192,-0.0045,49.6018,49.4041,76.816,33.4034,27.6224,51.4946,81.0961,0.0388,49.6051,19.0099,No,0.0,0.0007,-0.0124,Good,Medium,1.4538,10.0,10.0,22.1902,Safe,74.9568,50.3959,19.0988,Aligned,53.9053,58.861,Side Impact Potential,Urban,5.0472,False,Residential,Poor Infrastructure,0.2225,Light,False,37.1181,-0.0085,0.0004,Aligned,51,BGS Flyover,1
563,BGS Flyover,National Highway,NH-00563,563,12.9634,77.5819,12.9606,77.5574,2756.1,225.2,227.956,39.2197,Moderate Misalignment,0.9681,0.0224,0.9309,0.0092,0.0063,80.9495,78.9924,100.0,0.0,11.752,79.483,85.547,0.0,60.0,1.0678,No,0.0,0.0076,0.0725,Good,Low,0.1945,10.0,28.0562,27.9943,Moderate Risk,58.039,79.1534,37.4479,Moderate Misalignment,89.0918,40.3451,Separated Traffic,Rural,6.1862,True,Residential,Poor Infrastructure,0.0062,,False,79.7194,0.0045,-0.0006,Moderate Misalignment,82,BGS Flyover,2
564,BGS Flyover,National Highway,NH-00564,564,12.9607,77.5573,12.964,77.5824,2826.7,225.6,228.427,13.4444,Aligned,0.9069,0.9167,0.1182,0.008,0.0037,56.386,56.632,100.0,34.0279,23.6159,80.077,73.4395,0.1541,60.286,13.2431,No,0.0,0.001,0.0187,Good,High,0.4799,10.0,10.0,19.205,Safe,76.1855,56.8152,17.1366,Aligned,62.0159,60.2252,Separated Traffic,Urban,3.7631,True,Residential,Meets Safe System Standards,0.0122,,False,52.6696,0.0179,0.0063,Aligned,56,BGS Flyover,3
565,BK Nagar Main Road,Urban Road,URB-00565,565,13.0234,77.5542,13.0323,77.5536,999.2,226.0,226.999,12.3584,Aligned,0.9222,0.9399,0.0549,0.015,0.0004,37.747,36.0183,80.808,68.8206,48.4941,49.1903,73.1569,0.0332,48.5191,54.2398,No,0.0,0.002,1.0447,Good,Low,2.1459,10.0,10.6306,23.6483,Safe,80.9861,37.1902,21.6999,Aligned,38.5939,65.7837,Side Impact Potential,Urban,6.0143,False,Commercial,Meets Safe System Standards,-0.0214,,False,33.4506,0.0095,-0.0058,Aligned,36,BK Nagar Main Road,1
566,BMTC Bus Depot Road,Urban Road,URB-00566,566,12.9561,77.5923,12.9537,77.5955,433.9,226.4,226.834,69.5201,High Misalignment,0.9105,0.0099,0.0821,0.8916,-0.0076,50.393,48.1111,100.0,4.5979,19.537,50.9834,44.1455,0.423,59.9163,9.1109,No,0.0,0.0018,0.0024,Poor,Low,0.3753,10.0,10.4082,42.8424,Moderate Risk,39.5941,49.7525,71.4603,High Misalignment,72.5154,54.3775,Side Impact Potential,Peri-Urban,6.0749,False,Residential,Speed Limit Misaligned | Poor Infrastructure | Above Human Tolerance Limit,0.2115,Light,False,52.2709,0.0054,0.0048,High Misalignment,49,BMTC Bus Depot Road,1
567,BTS Main Road,Urban Road,URB-00567,567,12.8873,77.6032,12.8869,77.6105,803.5,226.8,227.604,20.7195,Aligned,0.7879,0.8377,0.1277,0.0803,-0.0006,60.0738,58.4814,99.5766,48.937,31.3301,79.7949,46.6806,0.3206,60.0,21.0278,No,0.0,-0.0057,-0.0211,Good,Medium,0.5948,10.0,10.0,19.6312,Safe,79.7676,56.5541,16.4935,Aligned,56.9474,68.1263,Separated Traffic,Urban,5.9513,True,Mixed,Meets Safe System Standards,0.1595,Light,False,45.5001,0.0026,0.0001,Aligned,58,BTS Main Road,1
568,BTS Main Road,Urban Road,URB-00568,568,12.9557,77.5921,12.9483,77.6026,1448.4,227.2,228.648,70.8467,High Misalignment,0.9141,0.0518,0.0311,0.9428,0.0052,29.8719,30.5718,53.4516,72.4846,53.5985,30.2007,99.0661,0.0,50.2568,62.4026,No,0.0,0.0004,0.9616,Poor,Low,3.2418,10.0,18.4181,39.392,Moderate Risk,60.8783,29.1598,58.0094,High Misalignment,58.9995,65.6619,Significant Pedestrian Interaction,Urban,4.0519,False,Commercial,Speed Limit Misaligned | High Pedestrian Interaction | Above Human Tolerance Limit,0.0176,,False,50.3952,0.0093,0.0086,High Misalignment,30,BTS Main Road,2
569,BWSSB Pipeline Track,Urban Road,URB-00569,569,12.9851,77.4794,12.9865,77.4719,821.7,227.6,228.422,8.7965,Aligned,0.9692,0.9663,0.0239,-0.0016,0.0144,25.9378,23.4392,52.8835,22.4254,27.1984,50.7534,86.5805,0.204,31.3577,15.204,No,0.0,-0.0088,-0.0249,Good,Low,2.2219,10.0,10.1497,22.5779,Safe,73.1302,25.8689,19.9318,Aligned,25.9815,63.3068,Side Impact Potential,Urban,3.0776,False,Commercial,Poor Infrastructure,0.0055,,False,23.4013,0.0011,-0.0073,Aligned,28,BWSSB Pipeline Track,1
570,BWSSB Pipeline track,Urban Road,URB-00570,570,12.9918,77.5047,12.9921,77.5055,92.4,228.0,228.092,9.5288,Aligned,0.9858,0.9259,0.0141,0.0085,-0.0007,29.1263,29.7003,51.8653,32.7337,33.0987,47.1489,71.4309,0.0,36.4347,27.2259,No,0.0,0.0068,0.0052,Good,Medium,3.3638,10.0,10.0,23.0172,Safe,74.2095,29.9527,20.5189,Aligned,28.9374,68.1226,Side Impact Potential,Urban,2.8118,False,Industrial,Poor Infrastructure,0.1692,Light,False,23.3005,-0.0179,0.0,Aligned,30,BWSSB Pipeline track,1
571,BWSSB Pipeline track,Urban Road,URB-00571,571,12.9932,77.5106,12.997,77.5204,1156.2,228.4,229.556,40.3894,Moderate Misalignment,0.9666,0.034,0.9743,0.0,0.0015,48.8236,49.5458,83.6845,45.5589,44.4237,48.4642,95.6381,0.0,50.9709,49.3012,No,0.0,-0.0073,1.0154,Poor,High,2.3151,10.0,29.0632,30.6838,Moderate Risk,67.0326,49.8017,37.8875,Moderate Misalignment,63.0457,64.5635,Side Impact Potential,Urban,4.0597,True,Commercial,Meets Safe System Standards,-0.0198,,False,53.6572,0.0167,-0.0029,Moderate Misalignment,50,BWSSB Pipeline track,2
572,BWSSB Service Road,Urban Road,URB-00572,572,12.9043,77.5651,12.9086,77.5702,752.1,228.8,229.552,68.0259,High Misalignment,0.7934,-0.0088,0.1887,0.7967,-0.0009,49.9063,48.9538,98.9412,32.9882,24.7813,48.0625,54.1929,0.3432,60.0,17.5591,No,0.0,0.0019,0.075,Poor,Medium,0.3505,10.0,10.2146,35.2595,Moderate Risk,52.7343,49.7382,55.5801,High Misalignment,57.4342,51.0359,Side Impact Potential,Peri-Urban,8.2547,False,Mixed,Speed Limit Misaligned | Poor Infrastructure | Above Human Tolerance Limit,0.04,,False,49.0837,0.0002,0.0084,High Misalignment,50,BWSSB Service Road,1
573,Bagalgunte Main Road,Urban Road,URB-00573,573,13.0606,77.5021,13.0567,77.5073,1002.6,229.2,230.203,37.8045,Moderate Misalignment,0.8818,0.0695,0.8646,0.0169,-0.0093,47.1346,51.3568,99.9883,1.6094,12.6762,50.0354,73.2891,0.0,59.2333,2.6458,No,0.0,-0.0005,-0.0187,Good,Low,0.1074,10.0,10.0,30.8716,Moderate Risk,54.4969,48.4456,43.5018,Moderate Misalignment,55.9224,37.8626,Side Impact Potential,Rural,7.867,False,Residential,Poor Infrastructure | Above Human Tolerance Limit,0.0034,,False,51.3082,-0.0093,0.003,Moderate Misalignment,48,Bagalgunte Main Road,1
574,Bagalur Road,Urban Road,URB-00574,574,13.1221,77.6106,13.1218,77.611,4525.1,229.6,234.125,65.8106,High Misalignment,0.7299,0.0106,0.2192,0.7365,0.0111,31.8199,25.203,73.442,63.9582,52.4533,29.3874,87.0799,19.6897,49.1945,64.2677,No,0.0,0.0018,1.9932,Poor,Medium,1.3746,10.0,10.0,41.7919,Moderate Risk,60.0558,30.4378,49.4103,High Misalignment,56.1982,68.4554,Significant Pedestrian Interaction,Urban,4.0062,False,Mixed,Speed Limit Misaligned | High Pedestrian Interaction | Above Human Tolerance Limit,0.1443,Light,False,42.1342,-0.0057,1.0003,High Misalignment,31,Bagalur Road,1
575,Baiyappanahalli Road,Urban Road,URB-00575,575,13.0039,77.6363,13.0026,77.6386,3707.0,230.0,233.707,15.6725,Aligned,0.8124,0.8962,0.1408,-0.0,-0.0016,40.3691,40.8203,51.5391,0.0,12.6153,50.5449,89.6142,0.0,39.441,3.0638,No,0.0,0.0032,0.0124,Poor,Low,1.2537,10.0,10.2515,20.2538,Safe,69.982,42.2792,14.9479,Aligned,40.496,39.8659,Side Impact Potential,Rural,3.0044,False,Residential,Poor Infrastructure,0.0089,,False,32.0685,0.0116,-0.0045,Aligned,41,Baiyappanahalli Road,1
576,Balagere Road,Urban Road,URB-00576,576,12.9382,77.7468,12.9396,77.729,1946.8,230.4,232.347,14.7195,Aligned,0.88,0.8628,0.1416,0.0108,-0.0074,45.2731,41.9706,100.0,17.1516,22.3966,78.2746,32.5756,0.0,59.1777,12.4698,No,0.0,-0.0033,-0.0509,Poor,High,0.5877,10.0,10.133,21.9082,Safe,72.4688,43.1597,16.559,Aligned,42.686,56.967,Separated Traffic,Peri-Urban,8.1069,True,Commercial,Active Congestion | Poor Infrastructure,0.6963,Severe,False,14.7622,-0.012,0.0073,Aligned,44,Balagere Road,1
577,Balakrishnaappa Main Road,Urban Road,URB-00577,577,13.0057,77.6301,13.0048,77.636,651.2,230.8,231.451,10.3943,Aligned,0.9773,0.9398,-0.0004,-0.002,-0.0005,26.8347,26.6252,79.4305,0.0,20.9532,50.318,71.1908,0.0,37.9182,6.559,No,0.0,-0.003,-0.0391,Poor,Medium,1.7355,10.0,10.0,23.383,Safe,69.1015,27.3732,20.035,Aligned,27.6873,56.2535,Side Impact Potential,Urban,3.2028,True,Residential,Poor Infrastructure,0.1943,Light,False,19.0882,0.0044,-0.0112,Aligned,26,Balakrishnaappa Main,1
578,Balepet Road,Urban Road,URB-00578,578,12.9711,77.5738,12.9745,77.5755,424.5,231.2,231.625,41.6171,Moderate Misalignment,0.9582,0.0116,0.9708,0.0336,0.0016,29.2229,32.1742,78.4337,58.2311,54.4474,29.8955,94.9102,0.2804,35.8799,58.1833,No,0.0,-0.0026,0.9943,Good,Medium,1.5956,10.0,10.2576,34.2981,Moderate Risk,67.8286,29.1681,40.1565,Moderate Misalignment,43.4736,68.6358,Significant Pedestrian Interaction,Urban,3.7439,False,Commercial,High Pedestrian Interaction | Above Human Tolerance Limit,-0.0057,,False,36.3487,-0.0021,-0.0042,Moderate Misalignment,29,Balepet Road,1
579,Banaswadi Main Road,State Highway,SH-00579,579,13.0057,77.6384,13.0085,77.6423,6886.0,231.6,238.486,13.2959,Aligned,0.8902,0.8895,0.1223,0.0213,-0.0039,46.0402,45.6063,85.9607,29.9059,30.9068,49.2292,90.5734,0.0,49.1618,30.3099,No,0.0,0.0111,0.9744,Good,Low,1.6354,10.0,10.0,23.2269,Safe,74.3427,48.8693,18.6776,Aligned,49.1057,51.2566,Side Impact Potential,Peri-Urban,4.2181,True,Residential,Poor Infrastructure,0.0041,,False,40.5761,-0.0045,0.004,Aligned,47,Banaswadi Main Road,1
580,Banaswadi Road,State Highway,SH-00580,580,13.001,77.6271,12.9984,77.6238,2721.3,232.0,234.721,12.0296,Aligned,0.9808,0.9902,0.0051,-0.0097,0.0042,35.1565,34.6464,68.2114,25.5723,27.6015,52.1004,87.5697,0.0,40.0,15.3821,No,0.0,0.0055,0.0228,Good,Medium,1.8601,10.0,10.1465,22.09,Safe,72.7872,37.0293,18.3956,Aligned,33.7624,64.7513,Side Impact Potential,Urban,2.1571,False,Commercial,Poor Infrastructure,0.0026,,False,28.925,-0.0108,-0.01,Aligned,36,Banaswadi Road,1
581,Bandepalya Road,Urban Road,URB-00581,581,12.8954,77.6385,12.8996,77.6389,495.4,232.4,232.895,14.6601,Aligned,0.8539,0.8573,0.1403,0.0144,0.0015,37.9854,35.9311,81.8454,26.9676,27.5553,51.9455,91.4925,0.1512,40.1703,17.3925,No,0.0,-0.0012,-0.0025,Good,Low,1.7839,10.0,10.202,21.9666,Safe,75.1542,36.5101,19.8737,Aligned,36.6997,56.526,Side Impact Potential,Urban,6.2429,False,Industrial,Poor Infrastructure,-0.0039,,False,31.7723,0.0039,0.0019,Aligned,37,Bandepalya Road,1
582,Bangalore City Exit,State Highway,SH-00582,582,12.9104,77.4802,12.9102,77.4813,133.0,232.8,232.933,44.3026,High Misalignment,0.4481,0.4025,0.1551,0.4353,-0.0014,78.7304,81.2167,99.8052,19.0698,30.4433,80.8461,85.7832,0.2244,61.0486,24.4452,No,0.0,-0.0078,1.0437,Good,Medium,0.2658,10.0,16.8078,40.4392,Moderate Risk,46.2201,79.235,63.4308,High Misalignment,115.0601,56.1091,Separated Traffic,Peri-Urban,7.0808,True,Residential,Speed Limit Misaligned | Poor Infrastructure | Above Human Tolerance Limit,-0.0084,,False,110.1417,0.0024,0.0165,High Misalignment,79,Bangalore City Exit,1
583,Bangalore-Mysore Road,National Highway,NH-00583,583,12.9177,77.4907,12.9186,77.4911,115.0,233.2,233.315,46.2886,Moderate Misalignment,0.4961,0.2564,0.4637,0.2752,-0.011,79.7942,82.7331,99.8267,0.0,15.5861,80.1781,88.227,0.229,60.6389,5.5339,No,0.0,-0.0011,0.0073,Poor,Low,-0.0368,10.0,12.6792,31.301,Moderate Risk,54.8723,80.9413,41.7704,Moderate Misalignment,101.5375,45.7366,Separated Traffic,Rural,4.0183,True,Residential,Poor Infrastructure | Above Human Tolerance Limit,-0.0018,,False,83.8722,0.0227,-0.0069,Moderate Misalignment,79,Bangalore-Mysore Roa,1