segment_id,road_name,road_type,human_segment_id,internal_id,start_lat,start_lon,end_lat,end_lon,length_m,start_km,end_km,road_risk_score,ai_risk_label,ai_risk_probability,prob_low_risk,prob_medium_risk,prob_high_risk,prob_critical_risk,ai_recommended_speed,recommended_safe_speed,road_function_score,infrastructure_score,exposure_score,human_tolerance_limit,operating_speed_score,crash_risk_score,posted_speed_limit,pedestrian_exposure_score,blackspot_flag,crash_count,fatal_crashes,schools_count,lighting_quality,roadside_hazards,intersection_density,speed_compliance_rate,speed_violation_score,hotspot_score,hotspot_category,speed_safety_score,original_safe_speed,misalignment_score,misalignment_category,speed_p85,ptw_share_pct,exposure_tier,urban_rural_flag,lane_count,median_presence,land_use_type,top_ai_factors,congestion_index,congestion_category,congestion_smoothed,operating_speed_mean,minor_crashes,major_crashes,risk_category,final_safe_speed,corridor_base,corridor_seq
584,Banjara Layout Main Road,Urban Road,URB-00584,584,13.0291,77.6642,13.0383,77.6653,1071.6,233.6,234.672,34.9047,Moderate Misalignment,0.7628,0.2284,0.7705,0.0118,-0.016,81.1276,80.4815,99.4211,11.2976,18.3664,78.7059,88.7868,0.2809,60.0,12.4477,No,0.0,-0.0026,0.007,Good,High,0.0863,10.0,12.0692,25.4623,Moderate Risk,65.6097,80.5397,28.8477,Moderate Misalignment,89.3484,39.4644,Separated Traffic,Rural,7.1647,True,Industrial,Approach to Congestion (Tapered) | Poor Infrastructure,-0.0151,,True,71.2721,0.0063,0.0046,Moderate Misalignment,81,Banjara Layout Main ,1
585,Bannerghatta Road,National Highway,NH-00585,585,12.8493,77.5883,12.8439,77.5881,16441.1,234.0,250.441,42.764,Moderate Misalignment,0.7627,0.0959,0.7952,0.1325,0.0031,49.2462,49.9351,100.0,22.414,21.4299,50.7196,70.6412,0.0,60.0,14.3394,No,0.0,-0.0115,0.0199,Poor,Medium,0.5336,10.0,10.575,30.9438,Moderate Risk,58.1521,52.8556,43.8051,Moderate Misalignment,64.8811,47.6701,Side Impact Potential,Peri-Urban,7.93,False,Residential,Poor Infrastructure | Above Human Tolerance Limit,-0.016,,False,52.9792,0.0083,-0.0013,Moderate Misalignment,48,Bannerghatta Road,1
586,Bannerghatta Road,National Highway,NH-00586,586,12.9168,77.5999,12.9206,77.6002,4355.4,234.4,238.755,13.8718,Aligned,0.9076,0.8747,0.1062,-0.0023,-0.004,61.7384,61.9053,99.0225,10.8787,24.159,79.982,63.4121,0.0,60.6016,15.1395,No,0.0,0.0059,0.0205,Good,Low,0.3091,10.0,10.3199,22.224,Safe,70.3369,58.7949,19.8589,Aligned,59.5294,52.4072,Separated Traffic,Peri-Urban,6.0689,True,Residential,Poor Infrastructure,0.1545,Light,False,48.9795,-0.0029,0.0156,Aligned,60,Bannerghatta Road,2
587,Bannerghatta Road,National Highway,NH-00587,587,12.9373,77.6016,12.9444,77.6028,3131.5,234.8,237.931,10.3015,Aligned,0.9915,1.0158,0.0134,-0.0004,0.0047,13.8189,20.2761,29.638,20.1397,27.6621,48.1845,86.9998,0.1622,60.0,15.3462,No,0.0,-0.0111,-0.0019,Poor,High,1.8975,10.0,10.0,23.041,Safe,71.6359,14.0958,19.1929,Aligned,12.8506,57.8513,Side Impact Potential,Peri-Urban,0.9901,False,Residential,Poor Infrastructure,-0.0003,,False,10.6886,0.0011,0.0122,Aligned,14,Bannerghatta Road,3
588,Basapura Road,Urban Road,URB-00588,588,12.8697,77.6533,12.8614,77.6483,1101.1,235.2,236.301,10.7489,Aligned,0.983,0.9346,0.0133,0.0128,0.0108,34.0855,35.9332,80.1887,54.9159,32.7967,49.3052,66.6114,0.0,48.7308,27.8368,No,0.0,-0.004,0.027,Good,Medium,2.0182,10.0,10.0,18.1933,Safe,81.3853,35.1022,17.1219,Aligned,36.5921,58.1783,Side Impact Potential,Urban,4.7642,False,Commercial,Approach to Congestion (Tapered),0.1845,Light,True,28.9115,0.0086,0.0157,Aligned,34,Basapura Road,1
589,Basavanapura Main Road,Urban Road,URB-00589,589,13.0097,77.7098,13.0095,77.697,1481.6,235.6,237.082,10.4458,Aligned,0.9908,0.9952,-0.0354,0.0163,-0.0035,19.0357,19.761,26.4631,12.7754,19.8811,49.3891,94.3794,0.249,20.8794,11.4628,No,0.0,-0.0138,-0.0273,Good,Medium,2.3695,10.0,10.7322,20.7746,Safe,71.5434,18.1444,18.3256,Aligned,17.4289,47.7697,Side Impact Potential,Peri-Urban,0.9169,False,Industrial,Poor Infrastructure,0.001,,False,14.1354,0.0187,-0.0058,Aligned,18,Basavanapura Main Ro,1
590,Basaveshwaranagar Flyover,State Highway,SH-00590,590,12.9781,77.5489,12.9859,77.5492,874.2,236.0,236.874,40.1493,Moderate Misalignment,0.8471,0.083,0.8611,0.1091,0.0044,30.6177,30.8948,79.8195,34.1448,41.4655,30.1179,83.438,0.0,41.1281,39.532,No,0.0,0.0007,1.9969,Poor,Medium,1.9474,10.0,10.598,31.2243,Moderate Risk,65.3042,30.0575,36.0524,Moderate Misalignment,36.8913,67.6249,Significant Pedestrian Interaction,Urban,6.1117,False,Commercial,High Pedestrian Interaction | Poor Infrastructure | Above Human Tolerance Limit,0.1636,Light,False,29.1276,-0.0275,0.0016,Moderate Misalignment,31,Basaveshwaranagar Fl,1
591,Basaveshwaranagar Flyover,State Highway,SH-00591,591,12.9858,77.5494,12.9785,77.549,815.8,236.4,237.216,11.466,Aligned,0.9688,0.9719,0.0195,-0.0077,-0.008,37.6238,37.9281,80.0414,15.5788,31.0279,51.6974,70.9425,0.101,48.5245,18.3726,No,0.0,0.0078,0.017,Good,High,1.8881,10.0,10.0,24.3828,Safe,70.6611,35.6202,21.5805,Aligned,36.3351,62.0686,Side Impact Potential,Urban,1.895,True,Commercial,Poor Infrastructure,0.0244,,False,33.5449,-0.0035,-0.0009,Aligned,36,Basaveshwaranagar Fl,2
592,Basaveshwaranagar Main Road,Urban Road,URB-00592,592,12.9877,77.5384,12.9877,77.5384,1453.9,236.8,238.254,13.0561,Aligned,0.9125,0.8942,0.0955,0.0128,0.0077,51.7699,47.5234,80.571,32.4047,34.0144,49.4298,86.9655,0.2968,49.3266,28.7635,No,0.0,-0.0044,1.0322,Poor,High,1.8375,10.0,10.708,25.5348,Moderate Risk,71.3248,49.1762,25.9512,Moderate Misalignment,57.6702,56.8542,Side Impact Potential,Urban,2.8283,True,Residential,Poor Infrastructure,0.2035,Light,False,41.4323,0.008,-0.0094,Aligned,51,Basaveshwaranagar Ma,1
593,Basbusabpalaya Service Road,Urban Road,URB-00593,593,13.0267,77.637,13.0196,77.6548,2096.5,237.2,239.297,38.2397,Moderate Misalignment,0.9588,0.0008,0.9439,-0.0054,0.0127,35.7815,37.2297,57.3257,22.0657,27.0129,49.5144,100.0,0.1656,29.0111,13.8531,No,0.0,-0.0009,0.0202,Good,Medium,3.1421,10.0,23.3527,24.3004,Moderate Risk,67.7708,35.7808,26.5459,Moderate Misalignment,35.6352,61.9987,Side Impact Potential,Urban,3.9233,False,Commercial,Poor Infrastructure,-0.0084,,False,29.3644,0.0148,-0.0056,Moderate Misalignment,38,Basbusabpalaya Servi,1
594,Bazaar Road,Urban Road,URB-00594,594,13.1024,77.5946,13.1037,77.6002,625.5,237.6,238.226,40.6448,Moderate Misalignment,0.8742,0.079,0.8839,0.0379,0.0079,46.5533,46.5401,98.8475,55.0863,41.5771,49.31,69.6991,0.0,60.0,38.923,No,0.0,0.0022,0.9838,Poor,Medium,0.4716,10.0,10.4392,28.6594,Moderate Risk,71.3448,47.3613,33.1488,Moderate Misalignment,48.9265,62.945,Side Impact Potential,Urban,5.2194,True,Commercial,Above Human Tolerance Limit,0.0054,,False,42.6976,0.0065,-0.0154,Moderate Misalignment,47,Bazaar Road,1
595,Bazaar Street,Urban Road,URB-00595,595,12.944,77.6089,12.944,77.6076,137.9,238.0,238.138,37.3529,Moderate Misalignment,0.9699,0.0563,0.9746,0.002,-0.002,49.7093,50.3112,77.1963,22.1383,28.6067,50.0638,100.0,0.0,48.7212,17.6479,No,0.0,-0.0046,0.0672,Good,Medium,2.6008,10.0,12.3363,25.8675,Moderate Risk,69.8819,50.1426,27.0992,Moderate Misalignment,57.1019,67.4147,Side Impact Potential,Urban,4.9759,False,Commercial,Poor Infrastructure,-0.0026,,False,51.3693,0.0015,0.0112,Moderate Misalignment,51,Bazaar Street,1
596,Bazaar Street,Urban Road,URB-00596,596,13.0217,77.5534,13.02,77.5555,329.8,238.4,238.73,23.6184,Aligned,0.5616,0.5639,0.4086,-0.011,-0.0081,36.275,39.5986,54.7078,1.9459,21.5964,49.0251,64.8658,0.0,40.3509,15.037,No,0.0,-0.0053,0.0105,Poor,High,1.7582,10.0,28.1317,27.3037,Moderate Risk,63.0566,39.208,29.5038,Moderate Misalignment,38.7046,45.8075,Side Impact Potential,Rural,2.973,False,Industrial,Active Congestion | Poor Infrastructure,0.803,Severe,False,10.9121,-0.0032,0.0007,Aligned,37,Bazaar Street,2
597,Begur - Hulimavu Road,Urban Road,URB-00597,597,12.8762,77.6162,12.8762,77.6162,2301.0,238.8,241.101,12.7657,Aligned,0.9075,0.9269,0.0791,-0.0117,-0.0046,54.3636,53.4166,98.7048,0.9241,11.6946,80.5427,58.352,0.0789,60.0,2.7827,No,0.0,0.0017,-0.0788,Poor,High,0.1456,10.0,10.0,19.9781,Safe,69.7928,53.1254,17.7797,Aligned,53.815,37.8556,Separated Traffic,Rural,6.0691,True,Residential,Approach to Congestion (Tapered) | Poor Infrastructure,0.1833,Light,True,41.7115,0.0097,-0.0037,Aligned,52,Begur - Hulimavu Roa,1
598,Begur Lake Road,Urban Road,URB-00598,598,12.8778,77.6273,12.8778,77.6273,1891.3,239.2,241.091,8.1326,Aligned,1.0081,0.9877,-0.0223,0.009,0.0068,20.988,20.6133,30.2038,10.9988,17.0083,51.2749,81.1377,0.0719,28.1947,6.7846,No,0.0,0.0108,-0.0444,Poor,Low,1.5602,10.0,10.0,19.9418,Safe,72.0147,19.1212,17.3145,Aligned,19.623,42.0159,Side Impact Potential,Rural,1.7898,False,Industrial,Poor Infrastructure,-0.0029,,False,19.604,0.0027,-0.0039,Aligned,22,Begur Lake Road,1
599,Begur Main Road,Urban Road,URB-00599,599,12.8627,77.615,12.8761,77.6169,1607.3,239.6,241.207,14.1302,Aligned,0.9085,0.9319,0.0494,0.0061,0.0072,40.0607,40.9953,51.0718,16.3384,30.1225,50.3003,88.5792,0.0,40.6761,20.8091,No,0.0,-0.0038,-0.0203,Poor,Low,1.6502,10.0,10.0392,23.6409,Safe,71.8334,41.4325,20.6839,Aligned,39.3662,59.6493,Side Impact Potential,Peri-Urban,2.9662,False,Residential,Poor Infrastructure,-0.0107,,False,30.4306,0.0067,0.0075,Aligned,42,Begur Main Road,1
600,Begur Main Road,Urban Road,URB-00600,600,12.8834,77.6178,12.8865,77.6153,1448.8,240.0,241.449,16.3096,Aligned,0.8242,0.8623,0.1748,-0.0293,-0.0019,61.5735,62.006,100.0,11.088,15.9308,80.9182,64.2599,0.3227,60.0,7.779,No,0.0,-0.0046,-0.0105,Poor,Medium,0.2213,10.0,10.4854,18.6792,Safe,71.4142,60.466,15.4774,Aligned,65.1542,34.0262,Separated Traffic,Rural,5.0172,True,Mixed,Poor Infrastructure,0.2298,Light,False,44.3804,-0.0123,0.0099,Aligned,61,Begur Main Road,2
601,Begur Main Road,Urban Road,URB-00601,601,12.891,77.612,12.8921,77.6116,124.1,240.4,240.524,14.719,Aligned,0.8094,0.7754,0.1863,0.0117,0.0025,33.2775,31.3957,59.8172,40.5721,34.6362,51.2326,91.0779,0.2146,30.616,30.1282,No,0.0,0.0071,0.9804,Good,Low,3.1763,10.0,10.0,23.9904,Safe,74.7641,31.3809,22.8984,Aligned,34.4957,67.5163,Side Impact Potential,Urban,3.1409,True,Residential,Meets Safe System Standards,0.1778,Light,False,25.8479,-0.0052,0.0089,Aligned,33,Begur Main Road,3
602,Begur Road,Urban Road,URB-00602,602,12.8754,77.6261,12.9035,77.6272,4702.2,240.8,245.502,14.7216,Aligned,0.8251,0.8249,0.1701,0.0178,-0.0011,46.8255,49.22,98.0939,1.1866,15.452,79.8797,66.1094,0.0544,60.0,9.1659,No,0.0,0.0064,-0.0102,Good,Low,0.2329,10.0,10.0,20.6758,Safe,69.5855,46.3302,17.5329,Aligned,47.4069,34.1741,Separated Traffic,Rural,5.9914,True,Industrial,Poor Infrastructure,0.1783,Light,False,37.5776,-0.0023,0.0167,Aligned,50,Begur Road,1
603,Belathur Main Road,Urban Road,URB-00603,603,13.005,77.7528,13.005,77.7528,1787.5,241.2,242.988,12.8453,Aligned,0.9069,0.9061,0.1283,-0.0058,0.0017,38.2726,35.4312,59.1905,21.7768,38.0688,49.737,89.0939,0.2532,39.9305,33.736,No,0.0,-0.0012,1.0244,Good,Medium,2.6697,10.0,10.0851,27.0805,Moderate Risk,69.6889,37.361,23.9244,Aligned,36.4111,68.3732,Side Impact Potential,Urban,2.0209,True,Mixed,Poor Infrastructure,-0.0,,False,31.898,-0.0074,0.0061,Aligned,38,Belathur Main Road,1
604,Bellahalli Main Road,State Highway,SH-00604,604,13.1018,77.6348,13.1099,77.6336,4936.8,241.6,246.537,11.1945,Aligned,0.9393,1.0004,0.0108,0.0047,-0.0078,31.9533,28.8486,86.5911,38.1394,29.088,48.7885,53.8689,0.0034,40.0,22.2697,No,0.0,0.0072,-0.0037,Good,Medium,1.7534,10.0,10.2473,21.1475,Safe,76.3116,29.1077,20.0585,Aligned,29.2034,62.6657,Side Impact Potential,Urban,5.9833,True,Commercial,Active Congestion,0.6941,Severe,False,10.4118,0.0149,-0.0104,Aligned,32,Bellahalli Main Road,1
605,Bellandur Gate Road & Service Road,Urban Road,URB-00605,605,12.9244,77.6735,12.9236,77.6718,218.7,242.0,242.219,10.2586,Aligned,0.9914,1.0017,-0.0031,0.0114,0.0013,35.797,38.3914,57.3574,14.2941,20.1167,50.3313,87.6354,0.0296,60.0,5.8908,No,0.0,-0.0063,0.0101,Poor,High,3.0022,10.0,10.0,21.4567,Safe,72.2426,38.7312,15.8908,Aligned,38.1804,56.8477,Side Impact Potential,Urban,3.7629,False,Commercial,Poor Infrastructure,-0.0138,,False,30.3628,0.0196,-0.0058,Aligned,37,Bellandur Gate Road ,1
606,Bellandur Lake Road,Urban Road,URB-00606,606,12.9305,77.6786,12.9442,77.6803,1762.2,242.4,244.162,37.1002,Moderate Misalignment,0.9156,0.087,0.9278,0.0021,-0.0022,39.0074,37.7952,51.7871,11.149,25.2965,48.81,100.0,0.0372,31.4429,9.3179,No,0.0,-0.0175,-0.0395,Poor,Low,3.0544,10.0,24.3162,26.3434,Moderate Risk,65.3119,37.5327,29.4758,Moderate Misalignment,36.9456,64.7395,Side Impact Potential,Urban,2.9377,False,Residential,Poor Infrastructure,0.0158,,False,33.2184,0.0003,-0.0087,Moderate Misalignment,38,Bellandur Lake Road,1
607,Bellandur Main Road,Urban Road,URB-00607,607,12.93,77.6764,12.9258,77.6762,473.4,242.8,243.273,10.5472,Aligned,0.92,0.9254,0.0853,0.0058,0.0019,33.7891,31.9967,51.6467,11.5508,23.9086,50.0587,74.8917,0.1914,39.9,17.0895,No,0.0,0.0122,0.0087,Poor,Low,2.1011,10.0,10.2492,23.8756,Safe,69.8964,31.7376,18.5864,Aligned,31.0934,51.5859,Side Impact Potential,Peri-Urban,2.8167,False,Industrial,Poor Infrastructure,0.1753,Light,False,23.7326,0.0021,0.0033,Aligned,31,Bellandur Main Road,1
608,Bellanduru Main Road,Urban Road,URB-00608,608,12.9187,77.6696,12.9258,77.6762,1274.7,243.2,244.475,45.421,Moderate Misalignment,0.6864,0.1121,0.6892,0.2268,0.0089,50.6328,49.6705,100.0,14.5123,19.1592,50.7477,84.8907,0.2138,59.4633,13.3137,No,0.0,-0.0052,1.0128,Poor,Medium,0.0701,10.0,10.3397,25.5392,Moderate Risk,64.7332,48.6728,31.9573,Moderate Misalignment,52.4305,43.3633,Side Impact Potential,Rural,4.9556,False,Residential,Poor Infrastructure | Above Human Tolerance Limit,0.0063,,False,47.2389,-0.008,0.0014,Moderate Misalignment,51,Bellanduru Main Road,1
609,Bellanduru-Doddakannelli Road,Urban Road,URB-00609,609,12.9187,77.6855,12.9156,77.6988,1698.4,243.6,245.298,39.309,Moderate Misalignment,0.8857,0.0524,0.8808,0.0523,-0.0095,49.748,47.7703,100.0,55.6884,40.2599,48.8889,70.8855,0.0,60.0,40.5143,No,0.0,0.0019,1.015,Poor,Medium,0.5511,10.0,10.8865,28.6191,Moderate Risk,70.1461,46.8263,34.044,Moderate Misalignment,47.2735,62.6298,Side Impact Potential,Urban,4.8697,True,Commercial,Above Human Tolerance Limit,-0.0081,,False,40.4266,-0.0056,-0.0038,Moderate Misalignment,49,Bellanduru-Doddakann,1
610,Bellary Road,National Highway,NH-00610,610,13.0108,77.5839,13.0101,77.5838,1699.1,244.0,245.699,29.8793,Moderate Misalignment,0.7161,0.243,0.7351,0.0326,-0.0063,63.7655,65.7833,100.0,7.4876,20.0745,79.6849,51.2054,0.4065,79.4871,12.8144,No,0.0,-0.0013,-0.0341,Poor,High,0.2769,10.0,10.0,22.8067,Safe,69.3406,64.3064,19.8399,Aligned,64.4239,50.7618,Separated Traffic,Peri-Urban,4.0023,True,Residential,Poor Infrastructure,0.2127,Light,False,47.9538,-0.0007,0.0044,Moderate Misalignment,66,Bellary Road,1
611,Bellary Road,National Highway,NH-00611,611,13.0326,77.5877,13.0412,77.5897,997.6,244.4,245.398,35.7299,Moderate Misalignment,0.6629,0.2042,0.6593,0.0968,0.0027,48.8142,48.7669,100.0,0.0,11.1026,49.9526,63.0797,5.3094,62.113,0.0,No,0.0,-0.0002,-0.055,Poor,Medium,0.2297,10.0,10.0,31.0635,Moderate Risk,53.8693,48.8465,42.6856,Moderate Misalignment,64.3748,40.0532,Side Impact Potential,Rural,7.0296,False,Residential,Poor Infrastructure | Above Human Tolerance Limit,0.2244,Light,False,46.3141,0.9946,0.0029,Moderate Misalignment,51,Bellary Road,2
612,Bellary Road,National Highway,NH-00612,612,13.0574,77.5932,13.0735,77.5926,1846.2,244.8,246.646,16.3457,Aligned,0.7718,0.7886,0.2234,0.01,0.0005,21.7809,21.7252,30.6342,0.2425,21.3579,50.6965,93.8656,0.1166,60.0,5.8473,No,0.0,0.001,0.0209,Good,Low,2.5763,10.0,10.0,23.9521,Safe,67.2995,21.7421,20.8841,Aligned,22.4007,57.9933,Side Impact Potential,Peri-Urban,2.1129,False,Industrial,Poor Infrastructure,0.1471,Light,False,16.4191,-0.001,0.002,Aligned,21,Bellary Road,3
613,Bellary Road,National Highway,NH-00613,613,13.0464,77.5916,13.0459,77.5915,12888.3,245.2,258.088,11.3762,Aligned,0.9868,0.9704,0.0224,0.0008,-0.0036,28.2884,28.8145,53.4665,28.9938,28.603,48.15,78.8079,0.0,60.0,17.158,No,0.0,-0.0005,-0.0135,Good,Low,2.9738,10.0,10.0,21.2257,Safe,74.7047,31.261,17.9351,Aligned,31.3878,56.4744,Side Impact Potential,Urban,3.8791,False,Industrial,Poor Infrastructure,-0.0118,,False,24.2926,0.0121,-0.0056,Aligned,30,Bellary Road,4
614,Bellary Road,National Highway,NH-00614,614,13.0255,77.5853,13.0166,77.584,1011.4,245.6,246.611,35.992,Moderate Misalignment,0.854,0.1354,0.8516,0.0201,0.002,62.6215,59.1668,100.0,5.8835,17.2483,79.4477,40.7237,0.1049,60.0,5.2297,No,0.0,-0.0037,-0.0245,Poor,High,0.3804,10.0,10.0,26.0937,Moderate Risk,63.0573,61.869,30.4687,Moderate Misalignment,60.9914,44.3786,Separated Traffic,Rural,7.8079,True,Commercial,Poor Infrastructure | Above Human Tolerance Limit,0.0146,,False,48.9548,0.0003,0.0076,Moderate Misalignment,63,Bellary Road,5
615,Bellary Road,National Highway,NH-00615,615,13.0393,77.5895,13.0286,77.5863,1269.1,246.0,247.269,11.1281,Aligned,0.9809,0.9585,-0.0077,0.0111,-0.0065,29.8581,26.0009,29.9267,7.304,17.9431,50.2454,91.002,0.1313,60.0,11.0854,No,0.0,-0.0059,-0.0478,Poor,Low,0.884,10.0,10.0,20.9957,Safe,70.9404,29.7681,18.4608,Aligned,30.6984,41.0411,Side Impact Potential,Rural,0.9164,False,Mixed,Poor Infrastructure,-0.0011,,False,21.5994,-0.005,-0.005,Aligned,28,Bellary Road,6
616,Bellary Road,National Highway,NH-00616,616,13.0465,77.5914,13.1277,77.6135,9605.6,246.4,256.006,9.5829,Aligned,0.9735,0.9497,0.0475,-0.0022,0.0043,39.7097,42.624,71.059,20.5531,27.7542,49.9698,74.6942,0.1581,60.0,23.7099,No,0.0,-0.0023,1.038,Good,Low,1.3887,10.0,10.0,22.4599,Safe,71.9159,41.8254,19.6979,Aligned,38.0825,56.7844,Side Impact Potential,Urban,1.8415,False,Industrial,Poor Infrastructure,0.0348,,False,32.0983,0.0089,0.0033,Aligned,38,Bellary Road,7
617,Bellary Road,National Highway,NH-00617,617,13.0167,77.5839,13.0256,77.5851,1019.8,246.8,247.82,11.8824,Aligned,0.9832,0.9314,-0.0469,0.0321,-0.0085,32.0327,33.296,54.9644,29.7444,26.614,49.2443,77.234,0.1628,60.0,19.4557,No,0.0,0.0034,-0.0094,Good,Low,2.9521,10.0,10.0,21.477,Safe,74.9326,32.1386,18.2118,Aligned,32.2577,56.8819,Side Impact Potential,Urban,3.9906,False,Industrial,Poor Infrastructure,0.014,,False,25.3179,-0.019,0.0113,Aligned,32,Bellary Road,8
618,Belli Mutt Road,Urban Road,URB-00618,618,12.968,77.5702,12.9707,77.5665,622.0,247.2,247.822,13.8388,Aligned,0.9041,0.9302,0.1158,0.0139,0.0032,51.6797,53.9385,99.7689,20.9328,33.6991,79.8449,74.6597,0.0,59.2047,27.0701,No,0.0,0.0001,0.9824,Poor,High,0.5556,10.0,10.1323,25.9824,Moderate Risk,71.5201,52.1063,22.0014,Aligned,53.181,66.1719,Separated Traffic,Urban,5.1334,True,Commercial,Poor Infrastructure,0.0009,,False,42.5271,0.0108,-0.0021,Aligned,50,Belli Mutt Road,1
619,Bengaluru-Mysuru Expressway,National Highway,NH-00619,619,12.8991,77.4642,12.9011,77.4673,412.7,247.6,248.013,14.3429,Aligned,0.9094,0.9291,0.0407,0.0127,-0.0078,54.2735,54.4058,100.0,0.5594,14.1319,80.234,67.1327,0.0342,60.0,5.9487,No,0.0,-0.0009,0.0317,Good,Low,0.1239,10.0,10.0,20.1436,Safe,69.7754,53.8351,17.1922,Aligned,50.792,32.3066,Separated Traffic,Rural,4.9013,True,Residential,Poor Infrastructure,0.2672,Light,False,36.1357,-0.0118,0.0024,Aligned,55,Bengaluru-Mysuru Exp,1
620,Bengaluru-Mysuru Expressway,National Highway,NH-00620,620,12.901,77.4674,12.9002,77.4663,156.8,248.0,248.157,36.6168,Moderate Misalignment,0.8986,0.121,0.9131,0.0098,0.0113,25.3234,25.7416,27.3031,57.2398,40.4847,31.2652,97.2904,0.1211,60.0,45.685,No,0.0,0.0013,2.9778,Poor,High,2.7194,10.0,31.1366,25.8113,Moderate Risk,75.1858,26.1835,27.7247,Moderate Misalignment,28.7348,56.7115,Significant Pedestrian Interaction,Peri-Urban,1.0311,False,Industrial,High Pedestrian Interaction,-0.0096,,False,25.1408,-0.0002,0.0018,Moderate Misalignment,26,Bengaluru-Mysuru Exp,2
621,Bengaluru-Mysuru Expressway,National Highway,NH-00621,621,12.8978,77.4621,12.8988,77.4636,196.0,248.4,248.596,12.6558,Aligned,0.9001,0.8736,0.1325,0.0094,0.0014,68.8723,63.9149,99.8674,1.9522,14.9031,77.9721,61.585,0.1595,60.9302,9.0668,No,0.0,0.0067,-0.0224,Poor,Medium,0.1518,10.0,10.5762,20.8799,Safe,69.2336,69.1389,17.9383,Aligned,68.054,33.6226,Separated Traffic,Rural,5.1976,True,Industrial,Poor Infrastructure,-0.0092,,False,53.9173,0.0027,0.0005,Aligned,69,Bengaluru-Mysuru Exp,3
622,Benniganahalli Flyover,National Highway,NH-00622,622,12.9963,77.6683,13.0015,77.6633,1059.9,248.8,249.86,10.9196,Aligned,0.9976,1.0312,-0.0069,0.0123,-0.0006,25.2247,26.04,23.821,0.0,16.67,49.5717,81.3965,0.0,60.0,6.7603,No,0.0,-0.0095,-0.024,Poor,High,3.2886,10.0,10.0,22.0981,Safe,68.4143,25.5244,18.5024,Aligned,24.4536,51.524,Side Impact Potential,Peri-Urban,0.7701,False,Commercial,Poor Infrastructure,0.208,Light,False,20.4866,-0.0077,0.0005,Aligned,25,Benniganahalli Flyov,1
623,Benniganahalli Flyover,National Highway,NH-00623,623,13.0016,77.6635,12.9962,77.6676,953.8,249.2,250.154,42.6746,Moderate Misalignment,0.8764,-0.0266,0.849,0.1175,-0.0008,47.7105,49.8601,100.0,8.7677,23.9043,49.387,95.0692,0.1555,60.9925,11.82,No,0.0,0.0086,-0.0058,Good,High,0.3289,10.0,20.8983,33.4474,Moderate Risk,53.6813,49.6856,45.8363,Moderate Misalignment,73.3671,62.0084,Side Impact Potential,Peri-Urban,6.137,False,Residential,Poor Infrastructure | Above Human Tolerance Limit,0.1396,Light,False,58.097,-0.0036,0.0003,Moderate Misalignment,48,Benniganahalli Flyov,2
624,Bens Royal Woods Road,Urban Road,URB-00624,624,13.0703,77.6427,13.0803,77.6473,1438.3,249.6,251.038,74.6305,High Misalignment,0.9745,0.0071,0.0065,0.9769,0.0057,48.3998,50.8234,97.122,7.7229,25.0302,49.542,10.0,0.0807,60.0,9.7719,No,0.0,0.0,0.0069,Good,High,0.4852,10.0,10.0,38.6676,Moderate Risk,47.1324,49.4525,60.7289,High Misalignment,66.2702,67.7446,Side Impact Potential,Urban,3.941,False,Residential,Speed Limit Misaligned | Active Congestion | Poor Infrastructure,0.8038,Severe,False,16.5241,-0.0019,-0.0177,High Misalignment,51,Bens Royal Woods Roa,1
625,Benson Cross Road,Urban Road,URB-00625,625,12.9957,77.6063,12.9992,77.6001,794.7,250.0,250.795,70.2848,High Misalignment,0.8108,-0.0217,0.1158,0.8253,-0.002,50.4,49.7468,99.8099,0.3276,15.6262,49.1835,84.7996,0.2288,60.0,6.0135,No,0.0,-0.0098,0.0182,Poor,Low,0.1838,10.0,30.5498,47.5524,Moderate Risk,30.1139,48.3798,84.5604,Critical Misalignment,104.1503,44.0627,Side Impact Potential,Rural,6.2127,False,Mixed,Speed Limit Misaligned | Poor Infrastructure | Above Human Tolerance Limit,0.0014,,False,88.3646,0.0151,0.023,High Misalignment,51,Benson Cross Road,1
626,Berlie Street Cross,Urban Road,URB-00626,626,12.9549,77.6054,12.9584,77.6022,748.7,250.4,251.149,39.2098,Moderate Misalignment,0.9195,0.0383,0.9369,0.0672,0.0055,28.6265,30.8418,74.2467,66.4221,48.3157,30.0161,77.6367,0.0627,40.3704,56.1578,No,0.0,0.006,2.0288,Good,High,2.1568,10.0,10.0056,29.4271,Moderate Risk,72.5905,29.7577,34.4354,Moderate Misalignment,34.0234,56.5161,Significant Pedestrian Interaction,Urban,2.0267,True,Commercial,High Pedestrian Interaction | Above Human Tolerance Limit,0.1766,Light,False,25.6955,-0.0029,-0.0176,Moderate Misalignment,30,Berlie Street Cross,1