segment_id,road_name,road_type,human_segment_id,internal_id,start_lat,start_lon,end_lat,end_lon,length_m,start_km,end_km,road_risk_score,ai_risk_label,ai_risk_probability,prob_low_risk,prob_medium_risk,prob_high_risk,prob_critical_risk,ai_recommended_speed,recommended_safe_speed,road_function_score,infrastructure_score,exposure_score,human_tolerance_limit,operating_speed_score,crash_risk_score,posted_speed_limit,pedestrian_exposure_score,blackspot_flag,crash_count,fatal_crashes,schools_count,lighting_quality,roadside_hazards,intersection_density,speed_compliance_rate,speed_violation_score,hotspot_score,hotspot_category,speed_safety_score,original_safe_speed,misalignment_score,misalignment_category,speed_p85,ptw_share_pct,exposure_tier,urban_rural_flag,lane_count,median_presence,land_use_type,top_ai_factors,congestion_index,congestion_category,congestion_smoothed,operating_speed_mean,minor_crashes,major_crashes,risk_category,final_safe_speed,corridor_base,corridor_seq
627,Berlie Street,Urban Road,URB-00627,627,12.9584,77.6022,12.96,77.6017,253.9,250.8,251.054,12.5227,Aligned,0.948,0.9421,0.0421,-0.0061,0.0093,28.6098,29.49,55.04,50.1449,45.3214,48.9455,89.2782,0.0,30.4931,47.7439,No,0.0,-0.0079,1.008,Good,High,2.8782,10.0,10.2502,24.9858,Moderate Risk,76.3298,30.9184,23.4857,Aligned,29.6675,67.3788,Side Impact Potential,Urban,3.8801,False,Commercial,Meets Safe System Standards,0.2072,Light,False,20.7883,0.011,0.0092,Aligned,29,Berlie Street,1
628,Bhadrappa Layout Flyover,National Highway,NH-00628,628,13.0474,77.5735,13.0477,77.5784,558.7,251.2,251.759,33.8078,Moderate Misalignment,0.7782,0.2419,0.779,0.0126,0.0028,36.315,36.283,30.8563,7.8928,25.4562,49.0849,95.6059,0.0,60.0,13.2685,No,0.0,0.0142,-0.0393,Good,Low,2.4451,10.0,21.9532,25.8059,Moderate Risk,66.5261,35.2,28.3682,Moderate Misalignment,33.8697,60.8484,Side Impact Potential,Peri-Urban,2.1051,False,Industrial,Poor Infrastructure,0.1526,Light,False,27.8896,-0.003,0.0045,Moderate Misalignment,35,Bhadrappa Layout Fly,1
629,Bhadrappa Layout Flyover,National Highway,NH-00629,629,13.0475,77.5786,13.0472,77.5735,566.6,251.6,252.167,21.9132,Aligned,0.6362,0.6143,0.367,0.03,-0.0081,65.3909,64.1064,99.5181,29.6436,30.409,79.9337,58.0273,0.0367,60.0,28.6583,No,0.0,0.0014,1.0194,Poor,Medium,0.3694,10.0,10.0,26.9923,Moderate Risk,66.9846,65.8658,30.4722,Moderate Misalignment,64.2398,49.1151,Separated Traffic,Peri-Urban,5.9028,True,Residential,Poor Infrastructure | Above Human Tolerance Limit,-0.0005,,False,63.176,0.0019,-0.0003,Aligned,66,Bhadrappa Layout Fly,2
630,Bhadrappa Layout Main Road,Urban Road,URB-00630,630,13.0476,77.5759,13.0489,77.5759,152.1,252.0,252.152,39.0318,Moderate Misalignment,0.9575,0.081,0.9336,0.0283,-0.0045,78.8869,79.2157,98.2925,38.6156,26.6206,79.5161,10.0,0.0,60.0,23.0297,No,0.0,0.0004,0.0324,Poor,Medium,0.3819,10.0,10.0,30.6067,Moderate Risk,60.9075,79.8124,44.3662,Moderate Misalignment,96.7509,50.2861,Separated Traffic,Peri-Urban,7.9686,True,Commercial,Active Congestion | Above Human Tolerance Limit,0.7718,Severe,False,23.2028,0.0112,0.015,Moderate Misalignment,80,Bhadrappa Layout Mai,1
631,Bhadrappa Layout Service Road,Urban Road,URB-00631,631,13.0474,77.5735,13.0477,77.5784,551.8,252.4,252.952,12.2857,Aligned,0.9216,0.9411,0.0702,0.0057,-0.0125,44.2838,43.5367,86.6255,33.9737,31.1985,52.2984,84.4106,0.0,51.0421,22.307,No,0.0,0.0011,-0.0045,Good,Low,1.8194,10.0,10.0,22.452,Safe,74.2541,43.3879,21.1218,Aligned,41.8963,63.7391,Side Impact Potential,Urban,5.0723,True,Industrial,Poor Infrastructure,-0.0025,,False,39.6903,0.0151,-0.0118,Aligned,44,Bhadrappa Layout Ser,1
632,Bhagyada Bagilu Road,Urban Road,URB-00632,632,13.1037,77.6002,13.0991,77.5974,2371.6,252.8,255.172,21.7374,Aligned,0.6004,0.6288,0.3731,-0.0172,-0.0111,27.0273,25.2394,55.6263,43.7686,43.5242,52.0995,90.8424,0.2638,60.0,42.249,No,0.0,-0.0006,1.02,Good,Low,3.9726,10.0,10.4974,24.581,Moderate Risk,75.7209,27.4782,21.6997,Aligned,28.2533,66.1164,Side Impact Potential,Urban,4.2277,False,Mixed,Meets Safe System Standards,-0.0104,,False,25.7315,0.0009,0.003,Aligned,27,Bhagyada Bagilu Road,1
633,Bhartiya City Back Gate Road,Urban Road,URB-00633,633,13.0801,77.6468,13.0811,77.6437,369.7,253.2,253.57,38.5469,Moderate Misalignment,0.9754,0.0674,0.9635,0.0143,0.0072,30.9085,29.4006,54.9927,52.3967,51.637,31.2859,95.1116,0.3166,30.7865,65.724,No,0.0,0.0059,1.9558,Poor,Low,3.3926,10.0,27.2967,31.2028,Moderate Risk,70.4892,33.0328,32.0173,Moderate Misalignment,38.5729,55.5526,Significant Pedestrian Interaction,Urban,4.0296,False,Commercial,High Pedestrian Interaction,0.2433,Light,False,27.9749,0.0008,-0.0079,Moderate Misalignment,29,Bhartiya City Back G,1
634,Bhartiya City Back Gate Road,Urban Road,URB-00634,634,13.0814,77.6533,13.0803,77.6473,705.9,253.6,254.306,14.4078,Aligned,0.9482,0.9873,0.0341,-0.0023,0.0044,38.0297,36.3618,71.1666,26.2362,27.1901,51.5563,85.6037,0.1197,38.5565,14.1877,No,0.0,0.0023,0.0555,Good,Low,1.7844,10.0,10.0,21.4984,Safe,73.9407,38.3625,19.3129,Aligned,37.0342,64.7314,Side Impact Potential,Urban,2.2096,False,Industrial,Poor Infrastructure,0.1466,Light,False,30.1444,-0.0022,0.0051,Aligned,38,Bhartiya City Back G,2
635,Bhartiya City Road,Urban Road,URB-00635,635,13.0832,77.6392,13.0819,77.6418,1353.5,254.0,255.353,40.0077,Moderate Misalignment,0.9492,-0.0183,0.991,0.0543,-0.0064,29.988,28.118,73.6553,58.7707,54.8713,29.4371,94.2485,0.0,42.9377,58.3287,No,0.0,0.0098,0.9565,Good,Medium,1.4775,10.0,10.0,33.9285,Moderate Risk,66.5347,29.7439,40.847,Moderate Misalignment,42.6126,66.3543,Significant Pedestrian Interaction,Urban,4.0496,False,Commercial,High Pedestrian Interaction | Above Human Tolerance Limit,0.0054,,False,35.865,0.0073,-0.0016,Moderate Misalignment,29,Bhartiya City Road,1
636,Bhaskaran Road,Urban Road,URB-00636,636,12.9726,77.6196,12.9729,77.6201,1193.5,254.4,255.594,12.49,Aligned,0.9467,0.9537,0.0667,0.0091,0.0111,38.2281,37.3284,76.6165,9.8984,21.1654,48.1867,68.0134,0.1354,50.4454,6.6615,No,0.0,-0.0038,-0.0348,Good,Low,1.8841,10.0,10.0,22.1097,Safe,70.6243,37.5857,17.2014,Aligned,37.7159,61.5707,Side Impact Potential,Urban,4.9467,False,Residential,Poor Infrastructure,0.2137,Light,False,27.8584,0.0037,-0.0088,Aligned,38,Bhaskaran Road,1
637,Bhogganahalli Cross Road,Urban Road,URB-00637,637,12.9263,77.6991,12.9306,77.7002,503.0,254.8,255.303,17.0065,Aligned,0.8395,0.8687,0.2042,0.0145,-0.0037,74.0781,71.2178,99.7444,6.59,18.0002,81.0124,70.736,0.4534,59.2538,11.1032,No,0.0,-0.0034,-0.0344,Good,Medium,0.2237,10.0,10.35,21.468,Safe,70.0683,72.1455,19.4873,Aligned,71.1935,41.6726,Separated Traffic,Rural,3.9797,True,Residential,Poor Infrastructure,-0.0046,,False,60.888,0.0091,-0.0033,Aligned,74,Bhogganahalli Cross ,1
638,Bhoopasandra Main Road,Urban Road,URB-00638,638,13.0412,77.5897,13.0426,77.5733,1794.2,255.2,256.994,12.9764,Aligned,0.8758,0.8836,0.064,0.0077,-0.0087,58.423,59.5981,98.927,17.9776,20.1809,79.9692,59.0477,0.3102,59.8134,6.5349,No,0.0,-0.0067,-0.0333,Poor,Low,0.5506,10.0,10.2608,19.3031,Safe,72.9552,57.3538,16.6748,Aligned,58.156,54.8634,Separated Traffic,Peri-Urban,7.9502,True,Commercial,Poor Infrastructure,0.1867,Light,False,42.0894,0.0233,0.0112,Aligned,56,Bhoopasandra Main Ro,1
639,Blessing Garden Main Road,Urban Road,URB-00639,639,13.0493,77.6455,13.056,77.6521,1119.6,255.6,256.72,13.7585,Aligned,0.8638,0.8359,0.0943,0.0225,0.0023,61.5918,61.425,100.0,33.0096,23.4218,80.1165,55.8742,0.1646,60.0,22.5789,No,0.0,-0.0,1.0163,Poor,High,0.1612,10.0,10.0,19.3754,Safe,76.8052,60.5194,17.4545,Aligned,63.4394,38.0239,Separated Traffic,Rural,3.8396,True,Residential,Poor Infrastructure,-0.0098,,False,50.4608,0.0249,-0.0143,Aligned,63,Blessing Garden Main,1
640,Boganahalli Road,Urban Road,URB-00640,640,12.9272,77.6948,12.9365,77.7038,1955.9,256.0,257.956,35.9965,Moderate Misalignment,0.8418,0.1723,0.8495,0.016,0.0018,81.2963,82.6774,99.6132,35.0543,35.7084,79.2946,88.4484,0.4018,60.0,30.1138,No,0.0,-0.0053,1.0249,Good,High,0.5473,10.0,10.4179,30.4686,Moderate Risk,65.3335,79.6234,38.02,Moderate Misalignment,94.3404,65.7502,Separated Traffic,Urban,6.1208,True,Industrial,Above Human Tolerance Limit,0.0272,,False,82.2257,0.0035,-0.0091,Moderate Misalignment,82,Boganahalli Road,1
641,Bore Bank Road,Urban Road,URB-00641,641,12.9957,77.6063,12.9996,77.6087,506.7,256.4,256.907,10.911,Aligned,0.9622,0.9318,0.0728,0.008,-0.012,48.1604,50.8952,82.8488,12.6308,27.5243,48.3429,81.6414,0.1276,59.2996,17.804,No,0.0,-0.0012,0.9931,Good,Low,2.133,10.0,10.0716,24.9832,Moderate Risk,67.9251,51.278,23.9003,Aligned,53.0519,57.9139,Side Impact Potential,Urban,6.0125,False,Commercial,Poor Infrastructure,0.2192,Light,False,41.3427,0.0042,0.0118,Aligned,49,Bore Bank Road,1
642,Borewell Road,Urban Road,URB-00642,642,12.9694,77.7356,12.9677,77.7495,1543.8,256.8,258.344,11.5282,Aligned,0.9978,1.0191,0.0144,0.0069,-0.0067,22.9065,26.5311,26.2381,0.354,11.9938,51.2864,85.445,0.0,31.417,1.794,No,0.0,-0.0037,0.0241,Poor,Medium,2.3568,10.0,10.0,19.3722,Safe,70.42,25.2306,15.7356,Aligned,24.9903,37.892,Side Impact Potential,Rural,1.0599,False,Residential,Poor Infrastructure,0.0002,,False,20.4017,0.0054,0.0035,Aligned,23,Borewell Road,1
643,Bowring Hospital Road,Urban Road,URB-00643,643,12.9809,77.6077,12.9819,77.6044,376.0,257.2,257.576,38.6406,Moderate Misalignment,0.9033,0.0995,0.8831,0.022,-0.0065,27.3631,30.0014,53.828,47.6364,50.9582,29.6481,75.4678,0.0,40.4386,66.2266,No,0.0,-0.002,2.0215,Good,Medium,2.3233,10.0,10.4073,32.6029,Moderate Risk,67.3896,28.0639,37.5927,Moderate Misalignment,33.5008,56.0897,Significant Pedestrian Interaction,Peri-Urban,3.9897,False,Mixed,High Pedestrian Interaction | Above Human Tolerance Limit,-0.0139,,False,24.2242,0.0225,0.0079,Moderate Misalignment,27,Bowring Hospital Roa,1
644,Brahma Kumaris Road,Urban Road,URB-00644,644,12.8593,77.5995,12.8588,77.5914,1008.6,257.6,258.609,10.0155,Aligned,0.9825,0.9844,0.0608,0.0008,-0.0027,31.054,30.3396,56.907,0.5893,14.6258,69.3604,70.4901,0.2559,29.9473,3.0108,No,0.0,0.0087,0.0244,Poor,Low,1.6639,10.0,10.4087,20.869,Safe,69.1633,28.1629,16.5858,Aligned,29.9358,38.9315,Separated Traffic,Rural,2.0313,True,Residential,Active Congestion | Poor Infrastructure,0.6676,Severe,False,10.0,-0.0112,0.0013,Aligned,31,Brahma Kumaris Road,1
645,Brigade Millenium Road,Urban Road,URB-00645,645,12.8919,77.5856,12.8922,77.5819,419.5,258.0,258.42,12.1057,Aligned,0.9643,0.9959,0.0462,0.0062,-0.0068,21.9191,23.2168,50.8679,18.1432,24.7405,50.3431,79.6799,0.0,30.411,17.82,No,0.0,-0.0027,-0.0457,Good,High,2.388,10.0,10.2852,22.5248,Safe,71.6618,23.8074,20.2816,Aligned,20.4941,54.458,Side Impact Potential,Peri-Urban,1.9055,False,Commercial,Poor Infrastructure,0.1936,Light,False,17.312,-0.0104,-0.0023,Aligned,21,Brigade Millenium Ro,1
646,Brigade Millennium Road,Urban Road,URB-00646,646,12.8922,77.5819,12.8919,77.5856,413.3,258.4,258.813,9.4742,Aligned,0.9636,1.014,0.0121,-0.0204,0.0058,25.738,25.14,28.8163,58.2926,37.1043,30.8152,87.6462,0.2319,29.0181,41.064,No,0.0,0.0045,2.0028,Poor,Low,2.1447,10.0,10.0,21.0166,Safe,81.1172,22.9784,18.4217,Aligned,26.7021,58.4192,Significant Pedestrian Interaction,Peri-Urban,1.1314,False,Mixed,High Pedestrian Interaction,-0.0192,,False,21.9544,-0.0081,0.0121,Aligned,24,Brigade Millennium R,1
647,Brigade Road,Urban Road,URB-00647,647,12.9751,77.608,12.9684,77.606,1292.4,258.8,260.092,33.7187,Moderate Misalignment,0.824,0.1905,0.8479,-0.0019,-0.0041,51.0151,49.6047,68.651,33.2419,45.1915,51.9162,95.4517,0.0,38.443,47.076,No,0.0,0.0015,1.0115,Good,Medium,1.551,10.0,31.8961,33.2611,Moderate Risk,63.8988,51.2085,36.9669,Moderate Misalignment,52.4388,64.4545,Side Impact Potential,Urban,1.862,False,Mixed,Poor Infrastructure,-0.0173,,False,42.3502,0.0019,0.0015,Moderate Misalignment,49,Brigade Road,1
648,Brigade Road,Urban Road,URB-00648,648,12.9723,77.6071,12.9721,77.6074,43.4,259.2,259.243,13.7433,Aligned,0.8769,0.9262,0.093,-0.0111,-0.001,52.9459,50.7617,100.0,0.4524,17.66,79.6518,60.369,0.0,59.2365,7.1228,No,0.0,-0.0051,-0.0396,Poor,Medium,0.2389,10.0,10.0,21.3868,Safe,68.4982,53.8227,17.6652,Aligned,51.1715,42.9054,Separated Traffic,Rural,3.9999,True,Mixed,Poor Infrastructure,-0.0052,,False,44.0981,0.0023,0.0106,Aligned,52,Brigade Road,2
649,Buddha Vihar Road,Urban Road,URB-00649,649,12.9971,77.6173,12.9982,77.6178,729.6,259.6,260.33,38.8583,Moderate Misalignment,0.9806,0.0126,1.0491,0.0052,0.003,78.4427,79.812,98.2153,11.6087,14.8829,79.3677,99.6076,0.3987,60.0,8.6965,No,0.0,-0.0051,0.0404,Poor,Low,0.0754,10.0,23.7562,26.9967,Moderate Risk,61.7768,79.4695,36.4022,Moderate Misalignment,99.694,35.7402,Separated Traffic,Rural,4.2248,True,Residential,Poor Infrastructure,-0.0037,,False,76.6659,0.0025,-0.0161,Moderate Misalignment,79,Buddha Vihar Road,1
650,Bugle Rock Road,Urban Road,URB-00650,650,12.9437,77.5729,12.9436,77.5679,545.5,260.0,260.546,10.4111,Aligned,0.9731,0.9545,0.0469,0.0037,0.0097,37.89,37.1179,50.5615,24.6882,41.9038,50.8644,85.1207,0.0,40.2389,47.9721,No,0.0,0.0076,1.0248,Good,High,1.5308,10.0,10.0,28.17,Moderate Risk,71.8855,36.2078,23.4643,Aligned,37.9009,56.2755,Side Impact Potential,Peri-Urban,1.9431,False,Residential,Poor Infrastructure,0.0037,,False,33.928,0.0012,0.0165,Aligned,37,Bugle Rock Road,1
651,Bull Temple Road,Urban Road,URB-00651,651,12.9539,77.5675,12.9481,77.568,2033.3,260.4,262.433,36.6274,Moderate Misalignment,0.8276,0.1971,0.8299,-0.0131,0.0026,30.5536,28.8075,52.6383,57.7154,47.9509,30.4199,93.2939,0.53,41.0321,52.0654,No,0.0,-0.008,0.97,Good,Low,3.9074,10.0,10.0,29.7576,Moderate Risk,69.6999,29.2642,34.2592,Moderate Misalignment,40.1799,69.0401,Significant Pedestrian Interaction,Urban,2.9555,False,Mixed,High Pedestrian Interaction | Above Human Tolerance Limit,0.0261,,False,35.0512,-0.0113,-0.0081,Moderate Misalignment,31,Bull Temple Road,1
652,Bull Temple Road,Urban Road,URB-00652,652,12.9377,77.5667,12.9436,77.5679,1578.8,260.8,262.379,10.9811,Aligned,0.9747,0.9926,0.03,-0.0059,0.0004,44.5001,40.4015,88.782,39.8342,27.3201,51.1419,76.6927,0.0,48.9037,18.9439,No,0.0,0.001,0.0341,Poor,Medium,2.0494,10.0,10.3137,19.7317,Safe,78.1056,40.0476,17.3883,Aligned,41.3859,58.5595,Side Impact Potential,Urban,6.0341,True,Mixed,Meets Safe System Standards,-0.0208,,False,33.3975,0.0047,-0.0026,Aligned,43,Bull Temple Road,2
653,Byrasandra Main Road,Urban Road,URB-00653,653,12.9362,77.5849,12.9345,77.5927,929.6,261.2,262.13,19.4401,Aligned,0.6758,0.695,0.2761,0.0062,-0.0003,39.7242,39.2121,51.4892,12.6808,23.1915,48.9892,91.5042,0.0,29.4522,15.4019,No,0.0,0.0104,-0.0381,Good,High,2.6073,10.0,28.7395,25.8209,Moderate Risk,65.6843,41.6155,29.5338,Moderate Misalignment,38.7136,54.0352,Side Impact Potential,Peri-Urban,3.1669,False,Mixed,Poor Infrastructure,-0.0394,,False,35.9393,-0.0044,0.0119,Aligned,37,Byrasandra Main Road,1
654,Byrathi Main Road,Urban Road,URB-00654,654,13.0571,77.6483,13.0569,77.6515,348.0,261.6,261.948,10.8337,Aligned,0.9745,0.9818,0.0384,-0.0041,-0.001,26.0693,29.8482,59.5312,4.9945,20.1962,49.3505,70.0483,0.0,39.183,7.4205,No,0.0,-0.0014,0.0649,Poor,Low,3.3527,10.0,10.1274,21.6723,Safe,69.2057,28.1223,20.5529,Aligned,27.9035,59.4789,Side Impact Potential,Urban,3.7937,False,Mixed,Poor Infrastructure,0.2018,Light,False,20.9955,-0.0129,-0.0128,Aligned,27,Byrathi Main Road,1
655,C J Venkatesa Das Road,Urban Road,URB-00655,655,12.917,77.5595,12.9184,77.5552,493.8,262.0,262.494,39.0622,Moderate Misalignment,0.9176,0.0666,0.881,0.0252,0.0091,79.2305,78.7691,99.0428,9.9385,21.4231,80.6463,10.414,0.0,60.0,6.8323,No,0.0,0.0007,0.0704,Poor,Medium,0.3872,10.0,10.0074,26.7843,Moderate Risk,63.5676,78.7861,31.2145,Moderate Misalignment,79.5198,59.1307,Separated Traffic,Peri-Urban,8.1638,True,Mixed,Active Congestion | Poor Infrastructure | Above Human Tolerance Limit,0.6831,Severe,False,24.4702,0.0035,0.0055,Moderate Misalignment,80,C J Venkatesa Das Ro,1
656,CBI Road,Urban Road,URB-00656,656,13.0271,77.5854,13.0264,77.5932,873.8,262.4,263.274,32.7338,Moderate Misalignment,0.6972,0.2872,0.6865,0.058,0.0068,80.2904,80.1677,98.1192,28.2152,37.3777,78.4775,83.4318,0.0949,60.0,29.4554,No,0.0,0.0066,1.0666,Good,Medium,0.4517,10.0,10.1578,31.9157,Moderate Risk,61.9833,81.1023,39.5947,Moderate Misalignment,94.8334,68.9608,Separated Traffic,Urban,8.1358,True,Residential,Poor Infrastructure | Above Human Tolerance Limit,-0.012,,False,79.1755,0.0009,0.0055,Moderate Misalignment,81,CBI Road,1
657,CMR Road,Urban Road,URB-00657,657,13.021,77.6433,13.0247,77.6312,1369.8,262.8,264.17,17.783,Aligned,0.8282,0.8411,0.1698,-0.0183,0.0074,48.7748,51.6214,98.3898,0.0,17.6166,80.6934,56.7967,0.3996,60.0,8.3894,No,0.0,-0.0043,0.0229,Poor,Medium,0.1126,10.0,10.0,21.8172,Safe,68.9092,50.6017,17.4942,Aligned,49.8802,41.887,Separated Traffic,Rural,5.9027,True,Industrial,Poor Infrastructure,0.0001,,False,40.8019,-0.0091,0.0131,Aligned,49,CMR Road,1
658,CNR Rao Underpass,National Highway,NH-00658,658,13.0152,77.5641,13.0143,77.5654,686.6,263.2,263.887,10.8782,Aligned,0.9583,0.9549,0.0523,-0.0113,-0.0033,24.0703,19.2372,52.7726,45.4893,41.6867,50.6629,77.1153,0.0,60.0,41.5351,No,0.0,-0.0054,0.9622,Good,High,2.4781,10.0,10.0,24.3105,Safe,76.6612,20.8476,19.4129,Aligned,20.8544,63.0184,Side Impact Potential,Urban,2.8817,False,Commercial,Meets Safe System Standards,0.1465,Light,False,16.2271,0.0148,0.0098,Aligned,23,CNR Rao Underpass,1
659,CNR Rao Underpass,National Highway,NH-00659,659,13.013,77.5675,13.0151,77.564,441.5,263.6,264.042,9.5302,Aligned,0.9905,0.9732,0.0394,-0.0145,0.0002,27.4523,25.8306,75.3043,27.0109,27.5415,51.1781,75.454,0.2073,60.0,12.5879,No,0.0,-0.0081,-0.0221,Good,High,2.0521,10.0,10.0,21.5526,Safe,74.5217,24.4052,18.8426,Aligned,28.4206,67.5388,Side Impact Potential,Urban,1.9574,True,Commercial,Poor Infrastructure,0.0334,,False,22.9803,0.005,0.0117,Aligned,27,CNR Rao Underpass,2
660,CQAL Road,Urban Road,URB-00660,660,13.0119,77.5935,13.01,77.5906,1314.4,264.0,265.314,37.6163,Moderate Misalignment,0.9199,0.0346,0.943,0.0183,0.0072,29.8386,29.2149,67.5963,57.6561,50.3602,28.1816,85.358,0.0,40.2158,53.6955,No,0.0,-0.001,0.9389,Good,High,2.318,10.0,10.0,30.537,Moderate Risk,70.0371,30.493,35.8771,Moderate Misalignment,37.1104,64.6703,Significant Pedestrian Interaction,Urban,1.9693,False,Mixed,High Pedestrian Interaction | Above Human Tolerance Limit,0.0128,,False,31.1256,-0.0113,0.0008,Moderate Misalignment,28,CQAL Road,1
661,CV Raman Road,State Highway,SH-00661,661,13.012,77.5691,13.0085,77.5716,485.5,264.4,264.886,11.81,Aligned,0.9672,0.9614,0.054,0.0091,-0.0024,23.5064,21.0908,28.9661,1.0291,14.7126,50.8231,85.6496,0.1785,40.0,7.9607,No,0.0,-0.0123,-0.0078,Poor,Medium,1.2945,10.0,10.0,21.4554,Safe,69.4992,21.6475,18.5973,Aligned,22.3083,37.8047,Side Impact Potential,Rural,1.2443,False,Residential,Poor Infrastructure,-0.0011,,False,17.9759,0.0097,-0.0018,Aligned,22,CV Raman Road,1
662,CV Raman Road,Urban Road,URB-00662,662,12.8997,77.4827,12.899,77.4876,544.1,264.8,265.344,35.2653,Moderate Misalignment,0.8262,0.2011,0.8121,0.0064,0.0003,44.9645,46.3631,56.9951,20.4129,29.5863,49.6033,97.9407,0.1547,41.4537,17.9445,No,0.0,-0.0033,0.0297,Good,Medium,2.57,10.0,12.5594,24.637,Safe,69.0536,44.4324,25.4759,Moderate Misalignment,44.2396,60.3246,Side Impact Potential,Peri-Urban,3.0426,False,Residential,Poor Infrastructure,0.0301,,False,38.6895,0.0116,0.0217,Moderate Misalignment,49,CV Raman Road,2
663,CV Raman Road,National Highway,NH-00663,663,13.0142,77.5657,13.0181,77.5589,1957.9,265.2,267.158,38.834,Moderate Misalignment,0.8665,0.0729,0.8521,0.0722,0.003,78.8327,79.5845,98.7789,11.2824,20.8134,82.3732,98.2096,0.3778,60.4615,13.2052,No,0.0,-0.0048,-0.0279,Good,Low,0.5661,10.0,24.1443,29.1259,Moderate Risk,58.0928,80.4874,40.2739,Moderate Misalignment,98.4611,51.0067,Separated Traffic,Peri-Urban,5.0552,True,Residential,Poor Infrastructure,0.1614,Light,False,79.2323,-0.0018,0.0129,Moderate Misalignment,78,CV Raman Road,3
664,CV Raman Road,National Highway,NH-00664,664,13.0141,77.5664,13.0131,77.5675,195.4,265.6,265.795,13.426,Aligned,0.9431,0.9334,0.074,0.0312,-0.0027,56.7818,60.1513,100.0,10.0025,20.6317,80.9112,70.8104,0.2727,60.0,11.3332,No,0.0,-0.0082,0.0162,Poor,Low,0.4096,10.0,10.1681,22.0295,Safe,71.2448,57.0775,19.8124,Aligned,57.531,50.4389,Separated Traffic,Peri-Urban,5.1344,True,Industrial,Poor Infrastructure,-0.0048,,False,52.893,-0.0189,-0.0029,Aligned,57,CV Raman Road,4
665,Cambridge Road,Urban Road,URB-00665,665,12.9685,77.629,12.9681,77.6289,1508.3,266.0,267.508,36.0161,Moderate Misalignment,0.8344,0.1711,0.8506,-0.0037,0.0151,31.4738,30.7307,51.6525,38.7177,45.44,29.6412,96.2377,0.685,30.9815,51.3622,No,0.0,-0.0027,1.9929,Poor,Low,2.4978,10.0,24.5802,29.9704,Moderate Risk,67.9789,29.4088,29.8735,Moderate Misalignment,38.1106,57.6839,Significant Pedestrian Interaction,Urban,2.956,False,Mixed,High Pedestrian Interaction,-0.0047,,False,34.6154,0.008,-0.0064,Moderate Misalignment,31,Cambridge Road,1
666,Cambridge Road,Urban Road,URB-00666,666,12.9692,77.629,12.975,77.6253,759.6,266.4,267.16,10.8998,Aligned,1.0036,0.9792,0.0003,0.0127,-0.0073,48.5117,47.022,73.4646,19.2314,30.2942,52.3896,82.6862,0.0,49.9959,17.3619,No,0.0,0.0049,-0.0373,Good,Low,1.9082,10.0,10.6996,23.1881,Safe,71.1924,47.0652,19.8838,Aligned,49.6245,65.4658,Side Impact Potential,Urban,2.8809,False,Mixed,Poor Infrastructure,0.1274,Light,False,36.8296,0.0061,-0.0005,Aligned,48,Cambridge Road,2
667,Cantonment Station Road,State Highway,SH-00667,667,12.9937,77.5957,12.9923,77.6,555.6,266.8,267.356,39.4957,Moderate Misalignment,0.9331,0.0801,0.916,-0.0058,-0.0012,29.9647,31.4041,83.2235,79.2167,42.6069,31.3567,89.7661,0.0476,59.6849,43.0039,No,0.0,0.0001,-0.026,Good,Low,1.7878,10.0,13.0145,32.2767,Moderate Risk,66.3815,30.2396,47.1661,Moderate Misalignment,56.5045,63.7697,Significant Pedestrian Interaction,Urban,5.084,True,Residential,High Pedestrian Interaction | Above Human Tolerance Limit,0.1645,Light,False,41.6501,0.0081,0.0064,Moderate Misalignment,31,Cantonment Station R,1
668,Cave Temple Road,Urban Road,URB-00668,668,12.8764,77.5979,12.8764,77.5979,1215.2,267.2,268.415,66.5522,High Misalignment,0.8376,0.0553,0.09,0.8548,0.0011,77.559,78.1057,100.0,5.752,20.6564,82.4508,13.1736,0.2532,60.0,14.6613,No,0.0,-0.004,-0.0161,Poor,Low,0.2825,10.0,26.4015,37.4439,Moderate Risk,46.0152,78.4091,57.994,High Misalignment,114.2682,45.6514,Separated Traffic,Rural,4.9454,True,Residential,Speed Limit Misaligned | Active Congestion | Poor Infrastructure,0.7321,Severe,False,33.8129,0.0018,-0.0074,High Misalignment,78,Cave Temple Road,1
669,Central Avenue,Urban Road,URB-00669,669,12.9298,77.6849,12.9296,77.6847,2571.0,267.6,270.171,13.232,Aligned,0.9773,0.9579,0.0374,0.0034,-0.0054,67.516,69.6873,98.7766,12.0457,20.1093,79.8526,77.5099,0.0,60.0,3.852,No,0.0,-0.0057,-0.0378,Good,High,0.4716,10.0,10.0233,20.3698,Safe,71.56,70.3139,17.859,Aligned,69.6858,62.851,Separated Traffic,Urban,5.9777,True,Mixed,Approach to Congestion (Tapered) | Poor Infrastructure,0.1424,Light,True,53.2463,-0.014,-0.0099,Aligned,66,Central Avenue,1
670,Central Street,Urban Road,URB-00670,670,12.9766,77.6018,12.9822,77.6034,1183.5,268.0,269.183,70.2977,High Misalignment,0.8677,0.0164,0.1394,0.8652,0.0118,51.4727,48.0124,100.0,46.5883,27.0585,50.2385,51.1258,10.3061,59.4345,21.6842,No,0.0,-0.0009,-0.067,Poor,Medium,0.2489,10.0,10.0,42.6422,Moderate Risk,46.4253,47.2103,69.332,High Misalignment,68.478,60.7698,Side Impact Potential,Peri-Urban,4.7382,False,Residential,Speed Limit Misaligned | Above Human Tolerance Limit,0.0138,,False,57.5695,2.0198,0.0114,High Misalignment,51,Central Street,1