segment_id,road_name,road_type,human_segment_id,internal_id,start_lat,start_lon,end_lat,end_lon,length_m,start_km,end_km,road_risk_score,ai_risk_label,ai_risk_probability,prob_low_risk,prob_medium_risk,prob_high_risk,prob_critical_risk,ai_recommended_speed,recommended_safe_speed,road_function_score,infrastructure_score,exposure_score,human_tolerance_limit,operating_speed_score,crash_risk_score,posted_speed_limit,pedestrian_exposure_score,blackspot_flag,crash_count,fatal_crashes,schools_count,lighting_quality,roadside_hazards,intersection_density,speed_compliance_rate,speed_violation_score,hotspot_score,hotspot_category,speed_safety_score,original_safe_speed,misalignment_score,misalignment_category,speed_p85,ptw_share_pct,exposure_tier,urban_rural_flag,lane_count,median_presence,land_use_type,top_ai_factors,congestion_index,congestion_category,congestion_smoothed,operating_speed_mean,minor_crashes,major_crashes,risk_category,final_safe_speed,corridor_base,corridor_seq
671,Chamrajpet 5th Main Road,State Highway,SH-00671,671,12.9569,77.5608,12.9569,77.5593,170.9,268.4,268.571,18.3748,Aligned,0.7473,0.7489,0.2156,0.0135,0.0008,48.7123,50.3449,99.9408,14.3596,26.4687,81.8268,78.3553,0.3642,60.7148,23.1874,No,0.0,-0.0026,1.0235,Poor,Medium,0.0875,10.0,10.0,23.8528,Safe,71.5349,49.7443,20.9649,Aligned,51.8462,45.9707,Separated Traffic,Rural,6.793,True,Residential,Poor Infrastructure,0.0075,,False,44.5013,-0.0014,0.0064,Aligned,49,Chamrajpet 5th Main ,1
672,Chandni Chowk Road,Urban Road,URB-00672,672,12.9856,77.6057,12.9846,77.6017,468.7,268.8,269.269,17.4644,Aligned,0.7693,0.7323,0.1831,0.0257,0.0042,46.8948,46.1125,97.5103,15.5477,13.2743,81.8605,59.178,4.8123,60.0,5.3529,No,0.0,-0.001,-0.0094,Poor,High,0.2872,10.0,10.1835,20.084,Safe,71.8252,46.3589,15.5864,Aligned,47.9034,37.4537,Separated Traffic,Rural,6.9337,True,Residential,Poor Infrastructure,0.0317,,False,41.4777,1.0021,-0.019,Aligned,48,Chandni Chowk Road,1
673,Chandrashekhar Road,Urban Road,URB-00673,673,12.9212,77.5274,12.9226,77.5184,1012.5,269.2,270.212,10.461,Aligned,0.9701,0.9987,0.0441,0.0027,-0.0048,18.6462,21.6079,32.6124,0.0,11.7754,49.9382,89.978,0.0308,20.0,1.276,No,0.0,0.0069,-0.0555,Poor,Low,2.4252,10.0,10.1336,19.9727,Safe,69.7249,18.5818,18.2038,Aligned,18.4703,33.8097,Side Impact Potential,Rural,2.2126,False,Industrial,Poor Infrastructure,0.1905,Light,False,13.6006,0.0159,0.0046,Aligned,14,Chandrashekhar Road,1
674,Channakrishnayya Road,Urban Road,URB-00674,674,12.9799,77.5538,12.9844,77.5542,501.6,269.6,270.102,73.6973,High Misalignment,0.9813,-0.0212,-0.0214,0.9572,0.009,29.9562,29.4323,84.3355,66.1594,42.4686,29.6809,99.0626,0.0,49.4871,39.2525,No,0.0,0.0006,0.0308,Good,Medium,2.2107,10.0,26.8422,37.8978,Moderate Risk,58.1197,32.4488,59.1023,High Misalignment,63.9611,69.0716,Significant Pedestrian Interaction,Urban,4.9238,True,Residential,Speed Limit Misaligned | High Pedestrian Interaction | Above Human Tolerance Limit,0.1476,Light,False,49.4442,-0.0062,0.0088,High Misalignment,31,Channakrishnayya Roa,1
675,Channapa Garden Link Road,Urban Road,URB-00675,675,13.0012,77.5994,13.0044,77.6043,722.6,270.0,270.723,25.2674,Moderate Misalignment,0.5167,0.4301,0.5552,0.0101,-0.0066,47.8559,46.4543,51.7811,14.5962,27.4598,48.8698,92.1418,0.0,41.5441,13.7216,No,0.0,-0.0022,-0.027,Good,Low,3.3249,10.0,15.3673,25.6796,Moderate Risk,67.5236,45.5449,26.4004,Moderate Misalignment,45.5384,63.6322,Side Impact Potential,Urban,3.0355,False,Mixed,Poor Infrastructure,0.1467,Light,False,37.2501,-0.0223,-0.0006,Moderate Misalignment,47,Channapa Garden Link,1
676,Channasandra Main Road,Urban Road,URB-00676,676,12.9834,77.7546,12.9838,77.7525,6800.4,270.4,277.2,9.9502,Aligned,0.9548,0.9466,0.0081,0.0028,0.0137,42.6815,39.0101,80.4504,9.5133,24.9807,47.5991,73.6173,0.3194,51.6565,13.5055,No,0.0,-0.013,-0.0007,Poor,Medium,1.6713,10.0,10.1258,23.8552,Safe,67.9571,40.5204,18.4229,Aligned,38.5088,58.1536,Side Impact Potential,Urban,3.8552,False,Mixed,Poor Infrastructure,0.0202,,False,33.4692,-0.0072,-0.0025,Aligned,40,Channasandra Main Ro,1
677,Channel Road,Urban Road,URB-00677,677,12.9671,77.5461,12.9712,77.5519,783.1,270.8,271.583,23.5166,Aligned,0.626,0.6575,0.3531,0.0076,-0.0038,66.1379,63.7433,99.9313,31.7489,30.7646,80.559,57.3252,0.269,59.8485,27.7964,No,0.0,0.0041,1.0509,Poor,Medium,0.3644,10.0,10.0,26.8684,Moderate Risk,67.1249,62.8298,31.0687,Moderate Misalignment,63.8466,49.0814,Separated Traffic,Peri-Urban,5.8319,True,Residential,Poor Infrastructure | Above Human Tolerance Limit,0.0025,,False,60.5149,0.0168,-0.0024,Aligned,65,Channel Road,1
678,Chariot Street,Urban Road,URB-00678,678,12.9976,77.7646,12.9972,77.7678,355.6,271.2,271.556,15.2691,Aligned,0.8075,0.792,0.1764,0.0184,-0.0165,80.8279,77.7016,100.0,18.6841,21.8377,78.911,80.6591,0.0885,60.0,10.3387,No,0.0,0.0005,0.0293,Good,Medium,0.3804,10.0,10.6987,20.7782,Safe,73.8304,78.6937,17.6764,Aligned,78.0402,56.3407,Separated Traffic,Peri-Urban,4.0803,True,Industrial,Poor Infrastructure,-0.0029,,False,66.0146,0.0102,-0.0063,Aligned,81,Chariot Street,1
679,Charles Campbell Road,Urban Road,URB-00679,679,12.9964,77.6214,12.9942,77.6289,923.3,271.6,272.523,11.9261,Aligned,0.9889,0.9762,0.0131,0.0134,0.0021,18.3277,20.2297,28.1065,21.773,20.9959,49.7464,93.5709,0.1304,23.1743,9.5302,No,0.0,0.0001,0.0383,Good,Medium,2.311,10.0,10.8107,20.0617,Safe,73.2892,16.4148,16.1127,Aligned,18.5565,50.8909,Side Impact Potential,Peri-Urban,2.0246,False,Commercial,Poor Infrastructure,0.0022,,False,14.1722,0.0124,-0.0067,Aligned,18,Charles Campbell Roa,1
680,Chelikere Main Road,Urban Road,URB-00680,680,13.0279,77.6428,13.0271,77.6353,944.0,272.0,272.944,71.3206,High Misalignment,0.8598,0.0223,0.1552,0.8481,0.0073,49.7644,49.3122,97.6191,46.3406,28.7557,51.385,51.8332,10.1932,60.0,21.2205,No,0.0,-0.0108,-0.0178,Poor,Medium,0.3151,10.0,10.2,43.0297,Moderate Risk,46.5829,47.8156,68.5833,High Misalignment,68.6093,60.9046,Side Impact Potential,Peri-Urban,4.631,False,Residential,Speed Limit Misaligned | Above Human Tolerance Limit,0.0143,,False,55.7783,2.0171,0.0086,High Misalignment,49,Chelikere Main Road,1
681,Cheluvadipalya Road,Urban Road,URB-00681,681,12.9648,77.5619,12.9651,77.5682,761.4,272.4,273.161,33.5266,Moderate Misalignment,0.7792,0.2116,0.8029,0.0096,0.0052,49.1216,49.0629,68.7301,8.1217,21.9574,48.8205,98.7545,0.1329,48.8743,11.1596,No,0.0,-0.0119,0.0411,Poor,High,1.8038,10.0,27.317,28.0099,Moderate Risk,61.504,49.1472,35.5432,Moderate Misalignment,63.4024,53.0005,Side Impact Potential,Peri-Urban,1.9678,False,Residential,Poor Infrastructure,0.1568,Light,False,49.7845,-0.0145,0.0099,Moderate Misalignment,51,Cheluvadipalya Road,1
682,Cherry Lane,Urban Road,URB-00682,682,12.9273,77.6697,12.9272,77.6693,47.0,272.8,272.847,41.134,Moderate Misalignment,0.8665,0.0698,0.8402,0.0521,-0.0058,49.557,50.6063,98.1295,1.1436,12.1832,50.3229,86.2602,0.0,60.0,3.6593,No,0.0,-0.0033,-0.0047,Poor,Low,0.3058,10.0,10.7039,31.9454,Moderate Risk,52.2302,49.1694,47.4569,Moderate Misalignment,73.2994,34.9521,Side Impact Potential,Rural,6.9849,False,Residential,Poor Infrastructure | Above Human Tolerance Limit,-0.0091,,False,58.5812,0.0004,-0.0005,Moderate Misalignment,48,Cherry Lane,1
683,Chidananda Maharashi Ashram Road,Urban Road,URB-00683,683,12.9625,77.5921,12.9676,77.5926,583.8,273.2,273.784,10.9266,Aligned,1.0141,0.9909,-0.0108,0.0049,-0.0006,26.5531,26.3971,25.9051,10.7512,23.5324,50.6131,86.1764,0.1939,32.5181,8.3265,No,0.0,-0.0021,0.0196,Good,Medium,2.8489,10.0,10.1826,22.1875,Safe,71.0157,25.3522,19.1823,Aligned,25.7545,60.6913,Side Impact Potential,Peri-Urban,0.8713,False,Mixed,Poor Infrastructure,0.0096,,False,20.9284,-0.0032,0.0,Aligned,27,Chidananda Maharashi,1
684,Chikka Banaswadi Road,Urban Road,URB-00684,684,13.0061,77.641,13.002,77.6598,2164.0,273.6,275.764,25.8513,Moderate Misalignment,0.5071,0.4794,0.495,-0.0092,0.014,73.5853,76.0601,97.3638,0.4202,14.0568,80.3781,66.8197,0.1384,60.0,3.515,No,0.0,-0.005,0.06,Poor,Low,0.327,10.0,10.1736,26.9329,Moderate Risk,61.252,73.1878,31.3741,Moderate Misalignment,74.9664,42.6467,Separated Traffic,Rural,4.9149,True,Residential,Poor Infrastructure | Above Human Tolerance Limit,-0.0023,,False,65.902,-0.0091,0.0023,Moderate Misalignment,73,Chikka Banaswadi Roa,1
685,Chikka Banavar Railway Station Road - Mallasandra Main Road,Urban Road,URB-00685,685,13.0504,77.5255,13.0567,77.5073,2944.9,274.0,276.945,39.1059,Moderate Misalignment,0.9265,0.027,0.9623,0.033,-0.0125,81.1126,82.857,97.4892,38.3438,33.265,81.352,99.5646,0.0,60.0,26.3597,No,0.0,0.0057,0.9761,Poor,Medium,0.5864,10.0,21.343,27.4198,Moderate Risk,68.0873,77.9293,34.2439,Moderate Misalignment,86.0447,67.625,Separated Traffic,Urban,6.0277,True,Residential,Meets Safe System Standards,-0.0192,,False,71.7829,-0.0047,-0.0027,Moderate Misalignment,83,Chikka Banavar Railw,1
686,Chikkalasandra Main Road,Urban Road,URB-00686,686,12.9146,77.5469,12.9117,77.5522,707.5,274.4,275.108,8.6949,Aligned,0.9722,0.9853,0.0322,-0.0111,-0.0121,13.6131,20.693,25.3827,2.3361,13.157,50.1105,87.5034,0.6461,60.0,2.1229,No,0.0,-0.0008,-0.0113,Poor,Medium,1.7161,10.0,10.3219,20.5728,Safe,69.3854,14.6801,16.2638,Aligned,15.2438,38.8315,Side Impact Potential,Rural,0.9155,False,Industrial,Poor Infrastructure,0.0038,,False,13.8165,0.002,-0.0025,Aligned,13,Chikkalasandra Main ,1
687,Chinmaya Mission Hospital Road,Urban Road,URB-00687,687,12.9783,77.6367,12.9783,77.6393,3938.9,274.8,278.739,40.3739,Moderate Misalignment,0.9275,0.02,0.9457,0.0244,0.0056,80.3764,78.7059,97.712,21.1643,20.7896,81.1583,98.6598,0.1678,60.0,12.5205,No,0.0,0.0067,0.0312,Poor,High,0.3317,10.0,16.211,24.9319,Moderate Risk,66.5738,80.9915,30.1854,Moderate Misalignment,93.2412,51.9491,Separated Traffic,Peri-Urban,8.1753,True,Residential,Poor Infrastructure,0.0003,,False,80.015,-0.0091,-0.0131,Moderate Misalignment,80,Chinmaya Mission Hos,1
688,Chinmaya Vidyalaya Road,Urban Road,URB-00688,688,12.8871,77.4865,12.8906,77.489,477.9,275.2,275.678,10.9835,Aligned,0.9766,0.9337,-0.0097,0.0005,-0.0085,26.3444,28.1446,53.5246,0.9507,18.566,50.228,90.2975,0.1893,30.0427,3.3973,No,0.0,-0.0022,-0.0045,Poor,Low,1.9409,10.0,10.0,23.1046,Safe,68.1949,30.2681,20.4233,Aligned,25.392,54.5252,Side Impact Potential,Peri-Urban,3.7809,False,Mixed,Poor Infrastructure,-0.0075,,False,24.4696,0.016,-0.015,Aligned,26,Chinmaya Vidyalaya R,1
689,Chinnapanahalli Main Road,Urban Road,URB-00689,689,12.9662,77.7035,12.9735,77.7074,1007.6,275.6,276.608,40.9539,Moderate Misalignment,0.7906,0.1161,0.7707,0.0986,0.0015,81.9108,81.165,98.3586,0.0219,16.565,81.606,91.188,0.0,59.9042,12.4536,No,0.0,0.0049,0.0304,Poor,Medium,0.3359,10.0,31.1838,30.2411,Moderate Risk,55.4094,82.1191,41.135,Moderate Misalignment,90.9642,32.3794,Separated Traffic,Rural,4.0409,True,Residential,Poor Infrastructure,0.0127,,False,76.1148,0.0049,0.0026,Moderate Misalignment,83,Chinnapanahalli Main,1
690,Chocolate Factory Road,Urban Road,URB-00690,690,12.9246,77.6092,12.9228,77.6144,599.9,276.0,276.6,10.0641,Aligned,0.9608,0.9343,0.0275,-0.006,-0.0002,52.4029,52.6781,99.4521,10.3429,16.5155,78.8017,12.92,0.0,59.9212,12.6248,No,0.0,-0.0054,-0.0285,Good,High,0.0873,10.0,10.4332,20.2,Safe,72.0392,52.4049,17.3898,Aligned,53.3584,38.0953,Separated Traffic,Rural,4.1986,True,Residential,Active Congestion | Poor Infrastructure,0.7626,Severe,False,15.2796,-0.0001,-0.0009,Aligned,52,Chocolate Factory Ro,1
691,Chokkanahalli Road,Urban Road,URB-00691,691,13.0766,77.6337,13.0847,77.6348,2460.0,276.4,278.86,12.8126,Aligned,0.8434,0.7774,0.1636,0.0195,0.0065,56.5381,57.6745,100.0,9.9914,25.7877,79.0312,73.0753,0.0,59.2728,11.326,No,0.0,-0.0006,0.0334,Good,Medium,0.5738,10.0,10.1922,22.9543,Safe,70.387,57.9784,21.4106,Aligned,56.3378,59.4971,Separated Traffic,Peri-Urban,5.8626,True,Industrial,Poor Infrastructure,0.2054,Light,False,40.7043,-0.0045,-0.0095,Aligned,58,Chokkanahalli Road,1
692,Chord Road Flyover Ramp,National Highway,NH-00692,692,12.9529,77.5405,12.9526,77.5413,115.3,276.8,276.915,10.948,Aligned,0.9647,0.9776,0.051,0.0133,0.0037,26.8296,28.1417,27.0592,8.15,14.7918,50.0889,77.2116,0.0844,60.0,5.1024,No,0.0,0.004,-0.0182,Poor,Medium,2.4677,10.0,34.7343,22.2346,Safe,66.7252,25.9893,24.5496,Aligned,28.2886,39.9027,Side Impact Potential,Rural,1.9086,False,Residential,Active Congestion | Poor Infrastructure,0.7574,Severe,False,10.237,-0.0063,0.0083,Aligned,27,Chord Road Flyover R,1
693,Chord Road Flyover,State Highway,SH-00693,693,12.955,77.5349,12.9532,77.5382,435.5,277.2,277.635,31.1019,Moderate Misalignment,0.7011,0.3166,0.6845,-0.0151,-0.0038,39.3132,39.8903,50.7437,9.8592,13.8796,50.4812,95.2452,0.0,40.0,5.6563,No,0.0,-0.0047,0.0914,Poor,Low,1.352,10.0,32.5299,23.5427,Safe,65.9958,39.1571,25.0944,Moderate Misalignment,40.0444,35.2226,Side Impact Potential,Rural,3.0053,False,Residential,Poor Infrastructure,-0.0184,,False,32.874,-0.0064,-0.0047,Moderate Misalignment,38,Chord Road Flyover,1
694,Chord Road Flyover,National Highway,NH-00694,694,12.952,77.5371,12.9531,77.5417,581.7,277.6,278.182,10.7299,Aligned,0.9661,0.9535,0.0799,-0.0051,0.0021,37.2129,35.4135,85.4605,62.7555,33.2321,49.6305,77.3355,0.0171,60.0,24.3971,No,0.0,-0.0077,-0.0768,Good,Medium,1.8122,10.0,10.2731,19.0138,Safe,81.6907,36.0999,15.4012,Aligned,39.2665,67.4464,Side Impact Potential,Urban,5.0709,True,Commercial,Meets Safe System Standards,0.0138,,False,34.7625,0.0037,0.0111,Aligned,37,Chord Road Flyover,2
695,Chord Road Service Road,Urban Road,URB-00695,695,13.0039,77.5492,13.0077,77.5486,1097.3,278.0,279.097,13.1067,Aligned,0.9515,0.8681,0.0861,0.0052,-0.0011,32.0754,33.1886,84.9587,26.5386,26.9112,48.5032,64.9861,0.3037,51.8602,18.0034,No,0.0,0.0056,1.0129,Good,Medium,1.8951,10.0,10.4681,22.4243,Safe,73.3634,33.9122,19.7156,Aligned,35.6526,60.9494,Side Impact Potential,Urban,4.8469,True,Residential,Poor Infrastructure,-0.002,,False,25.5917,-0.0105,-0.009,Aligned,33,Chord Road Service R,1
696,Chord Road,State Highway,SH-00696,696,12.9644,77.5347,12.9601,77.5331,6826.0,278.4,285.226,28.874,Moderate Misalignment,0.6264,0.3502,0.621,0.0115,-0.0001,78.4306,79.8153,99.102,1.0614,14.7486,81.2896,77.7029,0.0007,60.4594,6.1751,No,0.0,-0.0009,-0.0046,Poor,Medium,0.2224,10.0,10.0,27.2279,Moderate Risk,60.8157,78.4162,32.3202,Moderate Misalignment,94.8031,38.7579,Separated Traffic,Rural,8.0159,True,Residential,Poor Infrastructure | Above Human Tolerance Limit,-0.0169,,False,76.165,0.0107,-0.0125,Moderate Misalignment,79,Chord Road,1
697,Chord Road,State Highway,SH-00697,697,13.0077,77.5486,13.0096,77.5492,3521.4,278.8,282.321,13.7475,Aligned,0.7967,0.8309,0.1885,-0.0149,0.0059,27.4984,30.8988,47.947,24.3205,27.4081,50.5599,94.5253,0.2508,40.0174,18.0777,No,0.0,-0.0027,-0.0182,Poor,Low,3.1247,10.0,10.0,22.3467,Safe,72.7322,28.6527,18.4749,Aligned,32.4039,62.6471,Side Impact Potential,Urban,1.9935,False,Commercial,Poor Infrastructure,0.0079,,False,24.9355,0.0234,0.0215,Aligned,29,Chord Road,2
698,Chord Road,State Highway,SH-00698,698,13.019,77.5533,13.0134,77.5543,650.1,279.2,279.85,11.9112,Aligned,0.9693,0.9528,0.0414,-0.0184,0.0005,29.0598,29.6067,56.3154,8.9288,26.0621,53.3537,88.7933,0.1108,40.0,9.0597,No,0.0,0.0003,-0.0117,Poor,Low,2.8301,10.0,10.0735,23.7644,Safe,69.6604,30.016,20.3718,Aligned,29.4546,67.2892,Side Impact Potential,Urban,3.8067,False,Residential,Poor Infrastructure,0.1613,Light,False,21.4039,0.0096,-0.0161,Aligned,30,Chord Road,3
699,Chord Road,State Highway,SH-00699,699,12.9962,77.5506,12.9784,77.5491,2026.8,279.6,281.627,8.9579,Aligned,0.9737,0.9071,0.0611,0.0016,0.0016,41.9629,42.4758,73.8966,13.2139,28.625,51.7071,78.1647,0.0593,58.9556,13.7049,No,0.0,0.0029,1.0505,Good,Medium,1.9505,10.0,10.0,24.095,Safe,70.8106,39.2017,21.1653,Aligned,43.4272,68.3939,Side Impact Potential,Urban,1.932,False,Commercial,Poor Infrastructure,-0.0235,,False,36.7784,-0.0104,0.0073,Aligned,42,Chord Road,4
700,Chord Road,State Highway,SH-00700,700,12.9785,77.549,12.9781,77.549,38.8,280.0,280.039,13.7039,Aligned,0.8851,0.94,0.1168,-0.0096,0.0044,29.3138,29.2249,50.4796,7.3927,22.603,49.2829,89.3436,0.109,40.0,11.9332,No,0.0,-0.004,0.0373,Poor,Low,2.4258,10.0,10.2603,23.1098,Safe,69.0642,26.1661,20.3953,Aligned,27.9368,59.3382,Side Impact Potential,Peri-Urban,2.8819,False,Commercial,Poor Infrastructure,-0.0129,,False,21.5797,0.0094,0.0136,Aligned,30,Chord Road,5
701,Chord Road,State Highway,SH-00701,701,12.9859,77.5492,12.9962,77.5504,1196.4,280.4,281.596,44.1474,Moderate Misalignment,0.8316,0.0127,0.8274,0.1634,0.0059,30.783,31.545,76.9566,51.5102,50.8136,30.2915,96.7605,0.0,40.2843,60.6152,No,0.0,-0.0089,0.9743,Good,High,1.6845,10.0,16.1773,35.3982,Moderate Risk,65.1637,30.7421,43.1118,Moderate Misalignment,48.1448,68.8032,Significant Pedestrian Interaction,Urban,1.9443,True,Residential,High Pedestrian Interaction | Above Human Tolerance Limit,0.0032,,False,38.5291,0.0225,-0.0064,Moderate Misalignment,29,Chord Road,6
702,Chord Road,National Highway,NH-00702,702,12.9507,77.5375,12.952,77.5371,160.5,280.8,280.961,25.1861,Moderate Misalignment,0.5042,0.5076,0.5206,0.0084,0.0044,79.1481,78.5286,98.1125,0.6095,10.5036,80.7389,88.2847,0.0,60.8664,0.0,No,0.0,0.0012,0.0236,Poor,Low,0.2386,10.0,10.4,24.7274,Safe,61.3813,79.329,31.3624,Moderate Misalignment,89.9933,34.6245,Separated Traffic,Rural,6.7964,True,Industrial,Poor Infrastructure | Above Human Tolerance Limit,-0.0259,,False,80.864,0.0008,0.0039,Moderate Misalignment,78,Chord Road,7
703,Chord Road,National Highway,NH-00703,703,13.0153,77.5539,13.0178,77.5536,301.4,281.2,281.501,12.0611,Aligned,0.9305,0.9202,0.1157,-0.0021,-0.0002,43.2208,42.8928,87.9576,33.7972,32.2538,49.1512,82.1671,0.0,60.0,22.1423,No,0.0,-0.0086,-0.0419,Good,Low,1.9436,10.0,10.0,22.8275,Safe,75.2761,41.3571,18.7554,Aligned,41.7887,65.8482,Side Impact Potential,Urban,5.0047,True,Industrial,Poor Infrastructure,0.0141,,False,42.2861,-0.0053,-0.0169,Aligned,44,Chord Road,8
704,Christ School Road,Urban Road,URB-00704,704,12.9361,77.6075,12.9313,77.6007,1283.6,281.6,282.884,76.3254,High Misalignment,0.9878,-0.0352,-0.0109,0.9676,0.0069,52.1203,50.439,100.0,9.2832,24.8888,50.3687,10.0,0.2189,60.0,9.3181,No,0.0,-0.0049,0.0273,Good,High,0.5866,10.0,10.2737,39.4199,Moderate Risk,46.3327,49.9002,57.728,High Misalignment,66.8576,68.8368,Side Impact Potential,Urban,4.0362,False,Residential,Speed Limit Misaligned | Active Congestion | Poor Infrastructure,0.7965,Severe,False,18.1365,0.0012,-0.0096,High Misalignment,49,Christ School Road,1
705,Chunchagatta Main Raod,Urban Road,URB-00705,705,12.8859,77.5706,12.8854,77.5755,575.0,282.0,282.575,22.3604,Aligned,0.7056,0.7365,0.2382,0.0668,-0.0019,79.016,79.5687,99.805,10.392,18.6102,79.9349,85.8202,0.0781,59.776,14.3948,No,0.0,-0.0046,-0.0315,Poor,Low,0.3531,10.0,10.1332,26.8653,Moderate Risk,61.384,78.2803,33.7086,Moderate Misalignment,94.4882,34.0083,Separated Traffic,Rural,4.972,True,Residential,Poor Infrastructure | Above Human Tolerance Limit,-0.0013,,False,79.0591,-0.0056,0.0,Aligned,78,Chunchagatta Main Ra,1
706,Chunchagatta Main Road,Urban Road,URB-00706,706,12.8789,77.5675,12.8919,77.572,2616.8,282.4,285.017,16.1883,Aligned,0.8316,0.8052,0.1785,0.0157,-0.0037,61.8022,62.1605,100.0,7.9381,17.8681,80.984,75.6427,0.0,59.4848,9.0732,No,0.0,0.007,0.0177,Poor,High,0.1516,10.0,10.0,20.8479,Safe,70.6841,60.7997,17.8716,Aligned,60.8129,40.1791,Separated Traffic,Rural,5.9925,True,Residential,Poor Infrastructure,0.026,,False,52.3505,0.0102,-0.004,Aligned,62,Chunchagatta Main Ro,1
707,Church Street,Urban Road,URB-00707,707,12.9758,77.6017,12.9755,77.6028,703.0,282.8,283.503,16.5007,Aligned,0.7371,0.7425,0.2727,0.0076,-0.0023,31.9977,29.9199,64.5312,32.2757,36.353,49.8685,94.1342,0.0,28.6564,27.5196,No,0.0,-0.0095,0.0319,Poor,Low,2.8167,10.0,10.0,24.4817,Safe,73.865,30.2658,21.7799,Aligned,31.119,66.843,Side Impact Potential,Urban,4.1709,True,Residential,Poor Infrastructure,-0.0089,,False,26.1085,-0.0009,0.0087,Aligned,30,Church Street,1
708,Clarke Road,State Highway,SH-00708,708,13.0037,77.6169,13.0024,77.6162,640.9,283.2,283.841,15.6846,Aligned,0.81,0.7891,0.2176,0.0117,0.0014,58.8959,58.739,98.1521,4.1334,22.7076,78.9466,55.6645,0.0841,60.6958,2.4757,No,0.0,0.0055,-0.0199,Good,High,0.3329,10.0,10.3599,22.6502,Safe,68.9486,55.8158,20.0664,Aligned,56.4176,65.9143,Separated Traffic,Urban,6.2081,True,Commercial,Poor Infrastructure,0.0081,,False,50.2722,-0.0016,-0.0092,Aligned,60,Clarke Road,1
709,Cleveland Road,Urban Road,URB-00709,709,12.9916,77.6114,12.9929,77.6124,180.7,283.6,283.781,11.5937,Aligned,0.9666,1.0083,0.0088,0.0,-0.0097,19.5854,20.8153,61.2797,29.7232,29.1049,48.5704,81.2013,0.0543,30.9043,20.3579,No,0.0,-0.0043,0.0695,Good,Low,3.1094,10.0,10.0,22.4055,Safe,75.3486,20.7382,19.7336,Aligned,23.5837,60.2883,Side Impact Potential,Urban,3.989,True,Industrial,Poor Infrastructure,0.1407,Light,False,18.5264,-0.016,0.0072,Aligned,22,Cleveland Road,1
710,Cockburn Road,Urban Road,URB-00710,710,12.9873,77.6039,12.9922,77.6042,575.1,284.0,284.575,24.5579,Aligned,0.5712,0.5829,0.412,0.008,-0.0067,37.7025,39.5856,51.7843,0.0,22.3215,48.2338,65.7417,0.0,41.1959,15.2343,No,0.0,-0.0086,-0.0299,Poor,High,1.6877,10.0,27.2474,27.3387,Moderate Risk,63.6452,38.1857,29.6649,Moderate Misalignment,40.6083,46.939,Side Impact Potential,Rural,3.0008,False,Industrial,Active Congestion | Poor Infrastructure,0.794,Severe,False,11.5546,-0.002,-0.0053,Aligned,38,Cockburn Road,1
711,Coconut Avenue Road,Urban Road,URB-00711,711,12.9993,77.5732,12.9969,77.5733,263.5,284.4,284.664,12.475,Aligned,0.9148,0.949,0.0883,0.0028,0.003,51.5256,53.2157,98.2138,14.1876,21.6238,79.8052,67.6352,0.0434,60.0,14.0377,No,0.0,0.0033,0.9692,Poor,Medium,0.1399,10.0,10.4692,21.5095,Safe,71.0961,52.5227,20.179,Aligned,48.9218,42.3685,Separated Traffic,Rural,7.0949,True,Industrial,Poor Infrastructure,0.1634,Light,False,38.6498,0.0007,-0.0059,Aligned,52,Coconut Avenue Road,1
712,Coles Road,Urban Road,URB-00712,712,12.9944,77.6158,12.9983,77.6085,902.2,284.8,285.702,13.5878,Aligned,0.8957,0.8933,0.0743,-0.0002,0.0074,44.5884,44.1759,100.0,39.0821,30.3854,80.8253,68.0101,0.0,58.0876,22.0001,No,0.0,-0.0036,0.9905,Good,Medium,0.5887,10.0,10.1242,21.199,Safe,76.1518,46.3456,18.0332,Aligned,45.0589,58.3467,Separated Traffic,Urban,5.7924,True,Mixed,Meets Safe System Standards,0.0115,,False,36.4346,0.0013,0.0108,Aligned,45,Coles Road,1
713,Commercial Street,Urban Road,URB-00713,713,12.9815,77.6102,12.9829,77.6062,471.0,285.2,285.671,11.4056,Aligned,0.9131,0.8709,0.0711,0.0204,-0.0085,60.6847,61.5208,96.9796,12.8004,15.615,80.7917,17.0603,0.0,60.0,7.5819,No,0.0,-0.007,0.0228,Poor,Medium,0.1453,10.0,10.0,19.1068,Safe,72.5012,62.0016,16.9698,Aligned,61.6004,34.1002,Separated Traffic,Rural,5.0415,True,Residential,Active Congestion | Poor Infrastructure,0.6136,Severe,False,24.6464,0.0027,0.0129,Aligned,62,Commercial Street,1
714,Commissariat Road,State Highway,SH-00714,714,12.9735,77.6103,12.9734,77.6109,1378.1,285.6,286.978,9.9352,Aligned,0.9966,1.0119,-0.0038,-0.006,0.0034,21.3183,21.1232,55.4396,0.8714,17.7058,49.1358,76.7117,0.0407,40.0,11.086,No,0.0,-0.0043,-0.0249,Poor,Low,0.7177,10.0,10.0,21.7211,Safe,68.0489,20.0608,18.8082,Aligned,19.6615,36.7045,Side Impact Potential,Rural,3.9119,False,Residential,Poor Infrastructure,-0.0007,,False,15.891,-0.0024,-0.0009,Aligned,20,Commissariat Road,1