segment_id,road_name,road_type,human_segment_id,internal_id,start_lat,start_lon,end_lat,end_lon,length_m,start_km,end_km,road_risk_score,ai_risk_label,ai_risk_probability,prob_low_risk,prob_medium_risk,prob_high_risk,prob_critical_risk,ai_recommended_speed,recommended_safe_speed,road_function_score,infrastructure_score,exposure_score,human_tolerance_limit,operating_speed_score,crash_risk_score,posted_speed_limit,pedestrian_exposure_score,blackspot_flag,crash_count,fatal_crashes,schools_count,lighting_quality,roadside_hazards,intersection_density,speed_compliance_rate,speed_violation_score,hotspot_score,hotspot_category,speed_safety_score,original_safe_speed,misalignment_score,misalignment_category,speed_p85,ptw_share_pct,exposure_tier,urban_rural_flag,lane_count,median_presence,land_use_type,top_ai_factors,congestion_index,congestion_category,congestion_smoothed,operating_speed_mean,minor_crashes,major_crashes,risk_category,final_safe_speed,corridor_base,corridor_seq
715,Convent Road,Urban Road,URB-00715,715,12.9694,77.6024,12.9658,77.6038,445.1,286.0,286.445,30.2056,Moderate Misalignment,0.5209,0.4024,0.5454,0.0662,0.0004,61.1986,59.124,99.9377,4.8059,21.2874,80.3837,88.9506,0.0132,59.3892,7.6368,No,0.0,0.0103,-0.0263,Good,High,0.5702,10.0,10.0,22.0697,Safe,68.2995,59.5562,18.8511,Aligned,60.6204,57.2864,Separated Traffic,Urban,5.9762,True,Industrial,Poor Infrastructure,-0.002,,False,54.1178,0.003,0.0062,Moderate Misalignment,63,Convent Road,1
716,Cottonpete Main Road,Urban Road,URB-00716,716,12.9645,77.57,12.9605,77.5686,1676.8,286.4,288.077,16.4328,Aligned,0.7892,0.8208,0.2105,-0.0063,-0.0036,43.6116,42.7203,50.1241,25.9763,31.0033,49.797,92.3933,0.0,38.7812,20.8923,No,0.0,0.0001,-0.028,Good,Low,2.2083,10.0,10.7736,24.095,Safe,69.8812,42.3636,22.617,Aligned,45.7667,64.7416,Side Impact Potential,Urban,3.0323,False,Residential,Poor Infrastructure,0.0033,,False,34.6732,0.0025,0.0115,Aligned,42,Cottonpete Main Road,1
717,Cubbon Road,State Highway,SH-00717,717,12.9793,77.6025,12.9815,77.5959,3738.7,286.8,290.539,23.6901,Aligned,0.7364,0.7054,0.1129,0.1696,0.0059,60.222,58.4963,100.0,12.58,20.424,81.5724,83.008,0.3087,58.1217,6.928,No,0.0,0.0008,-0.0517,Good,Low,0.3027,10.0,10.0893,21.5441,Safe,71.4838,61.2591,17.6204,Aligned,59.7377,56.641,Separated Traffic,Peri-Urban,7.1816,True,Residential,Poor Infrastructure,-0.0111,,False,49.3369,-0.0191,0.0114,Aligned,62,Cubbon Road,1
718,Cubbonpet Main Road,Urban Road,URB-00718,718,12.9669,77.5874,12.9719,77.5807,936.8,287.2,288.137,36.8392,Moderate Misalignment,0.8137,0.1753,0.8042,-0.0072,-0.0005,51.4584,47.7645,63.6802,15.8223,22.2713,52.7784,97.751,0.3054,40.3987,13.7551,No,0.0,0.0012,0.0283,Good,Low,2.0918,10.0,22.7752,26.0725,Moderate Risk,66.4944,47.9974,28.6614,Moderate Misalignment,49.6641,52.862,Side Impact Potential,Peri-Urban,4.0137,True,Residential,Poor Infrastructure,0.1562,Light,False,37.8318,0.0022,-0.0135,Moderate Misalignment,47,Cubbonpet Main Road,1
719,Cunningham Road,State Highway,SH-00719,719,12.9916,77.5855,12.9844,77.5972,1645.2,287.6,289.245,10.8533,Aligned,0.9722,0.9964,0.0437,0.0027,-0.0046,31.7535,31.1805,81.991,20.113,28.8703,49.2965,82.9512,0.0,40.0,17.3286,No,0.0,-0.0047,-0.0417,Good,Medium,1.7349,10.0,10.0788,22.679,Safe,71.0036,31.3848,20.595,Aligned,32.1758,65.4677,Side Impact Potential,Urban,4.1085,True,Commercial,Poor Infrastructure,0.0248,,False,26.0443,-0.003,-0.0006,Aligned,33,Cunningham Road,1
720,Cunningham Road,State Highway,SH-00720,720,12.9842,77.597,12.9846,77.5971,44.9,288.0,288.045,9.3101,Aligned,0.9911,0.9751,-0.0182,-0.0119,0.0005,45.0789,42.3705,72.3069,35.6811,34.7818,49.505,85.6606,0.649,48.2115,33.5875,No,0.0,0.0068,2.0492,Poor,Low,1.9417,10.0,10.0,24.1484,Safe,74.7922,43.4744,20.4285,Aligned,41.6145,60.243,Side Impact Potential,Urban,3.0938,False,Residential,Poor Infrastructure,0.0071,,False,38.7362,0.0099,-0.0036,Aligned,43,Cunningham Road,2
721,Cunningham Road,Urban Road,URB-00721,721,12.991,77.5863,12.991,77.5857,73.9,288.4,288.474,44.5632,Moderate Misalignment,0.8021,0.0478,0.7874,0.1324,-0.0053,46.0727,43.8972,100.0,17.7218,17.6243,49.909,66.0162,0.0,57.0718,9.4273,No,0.0,-0.0027,0.0311,Good,Medium,0.1296,10.0,10.1557,24.0109,Safe,65.5766,46.1866,28.9312,Moderate Misalignment,46.9285,41.6492,Side Impact Potential,Rural,8.0539,False,Industrial,Poor Infrastructure | Above Human Tolerance Limit,-0.0006,,False,37.5057,0.0016,-0.0035,Moderate Misalignment,46,Cunningham Road,3
722,Cunningham Road,Urban Road,URB-00722,722,12.9839,77.5977,12.9821,77.5989,248.4,288.8,289.048,38.4211,Moderate Misalignment,0.9105,0.0988,0.9288,-0.0177,-0.0056,39.3613,35.8397,53.9162,9.7809,24.4501,49.2719,99.7235,0.0221,28.821,8.9271,No,0.0,-0.0135,-0.0498,Poor,Low,3.1089,10.0,25.0532,26.0002,Moderate Risk,65.413,38.8148,29.0897,Moderate Misalignment,38.6043,65.0585,Side Impact Potential,Urban,3.1489,False,Residential,Poor Infrastructure,0.0241,,False,34.3029,0.0017,0.0076,Moderate Misalignment,38,Cunningham Road,4
723,D Rajgopal Road,Urban Road,URB-00723,723,13.046,77.5728,13.044,77.5741,280.0,289.2,289.48,13.4311,Aligned,0.9144,0.9876,0.0842,0.0171,0.0021,60.0789,62.9462,100.0,0.6708,23.6609,80.3074,70.2074,0.0,60.0,10.3384,No,0.0,0.0014,0.0744,Good,Medium,0.3727,10.0,10.1522,24.4946,Safe,68.1324,61.486,21.826,Aligned,61.0273,60.7884,Separated Traffic,Peri-Urban,7.9742,True,Residential,Poor Infrastructure,-0.01,,False,52.5185,-0.0083,-0.0046,Aligned,62,D Rajgopal Road,1
724,D V Gundappa Road,Urban Road,URB-00724,724,12.9482,77.5715,12.9391,77.5715,1038.6,289.6,290.639,10.7578,Aligned,1.0078,1.0008,-0.0341,-0.0036,0.0125,35.871,33.5155,80.9374,59.6566,31.8387,49.834,78.9062,0.0036,40.1203,28.1494,No,0.0,0.0034,0.0303,Good,High,1.7122,10.0,10.0,17.9674,Safe,81.6122,33.7548,17.7792,Aligned,33.4197,62.3742,Side Impact Potential,Urban,6.1186,False,Residential,Meets Safe System Standards,0.1469,Light,False,26.9047,0.0039,-0.0085,Aligned,34,D V Gundappa Road,1
725,DJ Halli Main Road,Urban Road,URB-00725,725,13.0085,77.6133,13.0198,77.6074,1721.0,290.0,291.721,15.4854,Aligned,0.8158,0.7996,0.1683,-0.0036,-0.01,38.4088,36.9726,26.8351,11.1043,14.0894,49.4888,95.7232,0.1353,27.7983,7.6959,No,0.0,0.0067,-0.0536,Good,Medium,2.1511,10.0,27.839,22.0191,Safe,67.6148,39.7927,23.7952,Aligned,36.7204,34.3853,Side Impact Potential,Rural,0.8307,False,Residential,Poor Infrastructure,0.0123,,False,33.2354,-0.0064,0.0069,Aligned,37,DJ Halli Main Road,1
726,DLF Main Road,Urban Road,URB-00726,726,12.8759,77.6176,12.8761,77.6169,78.2,290.4,290.478,24.6306,Aligned,0.5326,0.5824,0.4448,0.0064,0.0013,80.5508,79.5807,100.0,0.2785,13.481,79.5938,73.3732,0.0,60.0,5.8852,No,0.0,0.0109,-0.0221,Poor,Medium,0.215,10.0,10.1208,26.3387,Moderate Risk,63.0434,78.839,30.9334,Moderate Misalignment,85.9576,39.2306,Separated Traffic,Rural,6.0638,True,Residential,Poor Infrastructure | Above Human Tolerance Limit,-0.0007,,False,71.197,0.001,0.0108,Aligned,79,DLF Main Road,1
727,Dairy Circle Flyover,State Highway,SH-00727,727,12.9368,77.6036,12.9379,77.599,524.4,290.8,291.324,23.8541,Aligned,0.6186,0.599,0.387,0.0319,0.0078,49.681,48.7093,87.5722,24.9873,32.9746,48.2823,91.8848,0.3125,50.8823,24.424,No,0.0,-0.009,0.058,Good,High,1.7949,10.0,10.0,24.613,Safe,72.5782,49.3063,21.6018,Aligned,49.2228,65.8703,Side Impact Potential,Urban,6.1512,True,Residential,Poor Infrastructure,-0.0028,,False,43.5991,-0.0086,-0.0096,Aligned,50,Dairy Circle Flyover,1
728,Dairy Circle Flyover,State Highway,SH-00728,728,12.938,77.599,12.9369,77.6036,524.5,291.2,291.724,39.6769,Moderate Misalignment,0.9615,0.0028,0.9644,0.0273,-0.0017,77.0932,75.487,100.0,24.7132,31.2986,81.9467,93.4257,0.0678,60.2991,30.1534,No,0.0,-0.0009,0.9904,Good,High,0.2293,10.0,28.8704,30.7138,Moderate Risk,61.7387,78.2342,38.6287,Moderate Misalignment,75.8562,51.1096,Separated Traffic,Peri-Urban,5.2313,True,Industrial,Poor Infrastructure,0.2191,Light,False,58.2085,0.0057,-0.001,Moderate Misalignment,77,Dairy Circle Flyover,2
729,Dairy Circle Underpass,Urban Road,URB-00729,729,12.9357,77.6014,12.9389,77.602,400.5,291.6,292.001,12.9542,Aligned,0.9561,0.9542,0.0467,0.0112,0.0021,36.5394,37.786,70.2065,25.1707,27.7894,49.8279,86.0972,0.0,38.6965,12.6002,No,0.0,0.0064,-0.0671,Good,Low,1.9045,10.0,10.3789,21.4824,Safe,73.6438,37.9217,18.8459,Aligned,36.4285,63.4554,Side Impact Potential,Urban,1.8162,False,Industrial,Poor Infrastructure,0.1617,Light,False,32.3743,-0.0006,0.0002,Aligned,36,Dairy Circle Underpa,1
730,Dairy Circle Underpass,Urban Road,URB-00730,730,12.939,77.6022,12.9357,77.6015,381.8,292.0,292.382,11.5044,Aligned,0.908,0.8884,0.1573,0.0124,-0.0149,40.0665,41.7575,49.2326,32.1648,30.3602,48.6122,93.3111,0.0,37.9859,22.5476,No,0.0,-0.011,0.0327,Good,Medium,2.1739,10.0,10.3059,22.08,Safe,73.7274,40.2943,21.3762,Aligned,41.1475,56.741,Side Impact Potential,Urban,2.1377,False,Mixed,Poor Infrastructure,0.0012,,False,37.0912,0.0055,0.0031,Aligned,43,Dairy Circle Underpa,2
731,Dasarahalli Main Road,Urban Road,URB-00731,731,13.0559,77.5936,13.0564,77.6116,2044.7,292.4,294.445,9.1333,Aligned,0.9832,0.9951,0.0533,-0.0041,0.0,29.3512,28.5729,52.1667,48.1821,34.7392,49.9391,72.618,0.2567,41.1563,28.8463,No,0.0,-0.0009,-0.0103,Good,Medium,2.9422,10.0,10.0,21.2728,Safe,78.4752,29.7111,18.6146,Aligned,28.8347,59.4156,Side Impact Potential,Urban,3.9199,False,Commercial,Meets Safe System Standards,0.1674,Light,False,23.7671,-0.0131,0.0112,Aligned,27,Dasarahalli Main Roa,1
732,Dattatreya Temple Road,Urban Road,URB-00732,732,12.9937,77.5771,12.9967,77.5755,380.9,292.8,293.181,33.0881,Moderate Misalignment,0.7317,0.1691,0.7002,0.0437,0.0075,68.2254,67.305,99.7519,0.8117,17.6559,79.4837,87.256,0.0571,60.0,11.8092,No,0.0,0.0153,-0.005,Good,Low,0.1666,10.0,12.9446,24.7215,Moderate Risk,63.4822,64.6141,25.8639,Moderate Misalignment,69.4218,36.9279,Separated Traffic,Rural,7.9104,True,Residential,Poor Infrastructure,0.1626,Light,False,52.3105,-0.0035,-0.0052,Moderate Misalignment,68,Dattatreya Temple Ro,1
733,Dattatreya Temple Street,Urban Road,URB-00733,733,12.9989,77.5744,12.9967,77.5755,272.4,293.2,293.472,38.4182,Moderate Misalignment,0.953,0.0597,0.9849,-0.009,-0.0082,40.7486,43.3985,89.5398,23.2997,40.9696,50.7659,93.2859,0.3903,37.5123,43.8764,No,0.0,0.0034,1.0138,Good,Low,1.6407,10.0,10.2069,28.3687,Moderate Risk,68.5092,42.7149,26.0748,Moderate Misalignment,41.0948,56.8105,Side Impact Potential,Urban,6.0984,True,Commercial,Poor Infrastructure,0.0294,,False,36.2749,0.0065,0.0066,Moderate Misalignment,41,Dattatreya Temple St,1
734,Davis Road,Urban Road,URB-00734,734,13.0068,77.6125,13.0017,77.6238,1359.1,293.6,294.959,39.6746,Moderate Misalignment,0.9474,0.0745,0.9327,0.0067,-0.0043,66.5016,70.0126,100.0,0.3106,17.0278,80.2976,94.4951,0.0,60.0,5.8218,No,0.0,-0.0067,0.0096,Good,Medium,0.3426,10.0,11.8063,23.7065,Safe,64.9964,66.0311,25.3604,Moderate Misalignment,68.5822,41.5961,Separated Traffic,Rural,7.9441,True,Residential,Poor Infrastructure,0.0006,,False,57.0261,-0.0068,0.0076,Moderate Misalignment,66,Davis Road,1
735,Devanga Hostel Road,State Highway,SH-00735,735,12.9676,77.5893,12.9672,77.5889,71.1,294.0,294.071,12.4968,Aligned,0.9732,0.9985,0.0072,-0.0077,0.0023,30.6389,33.6104,71.8652,25.5122,35.1616,50.2904,80.2767,0.008,40.0,34.1048,No,0.0,0.0026,0.9888,Good,Low,1.6013,10.0,10.6324,24.9587,Safe,71.253,32.5958,22.7258,Aligned,34.2122,59.1816,Side Impact Potential,Urban,2.9937,False,Residential,Poor Infrastructure,-0.0044,,False,27.4395,-0.0013,0.0022,Aligned,32,Devanga Hostel Road,1
736,Devanga Hostel Road,Urban Road,URB-00736,736,12.9678,77.5883,12.9633,77.5892,554.2,294.4,294.954,39.1384,Moderate Misalignment,0.8957,-0.0142,0.8774,0.0492,-0.0099,80.7191,80.9274,98.7078,0.9404,18.1489,81.3586,95.2439,0.5,59.3638,6.9831,No,0.0,-0.0112,-0.0054,Poor,Low,0.17,10.0,13.2617,25.347,Moderate Risk,62.5017,81.1983,29.4072,Moderate Misalignment,93.3037,43.3842,Separated Traffic,Rural,7.1094,True,Industrial,Poor Infrastructure,-0.0183,,False,81.3718,-0.0016,-0.0178,Moderate Misalignment,80,Devanga Hostel Road,2
737,Devarabeesanahalli Road,Urban Road,URB-00737,737,12.9299,77.6852,12.9244,77.695,1381.0,294.8,296.181,14.0738,Aligned,0.8957,0.9162,0.0702,-0.0071,0.0083,44.0923,41.2296,97.3976,0.97,16.5404,81.5156,61.6202,0.2832,59.7824,3.9379,No,0.0,0.0014,0.0311,Poor,Medium,0.1135,10.0,10.0,20.9957,Safe,68.59,44.3001,17.6481,Aligned,41.812,45.8409,Separated Traffic,Rural,7.1001,True,Residential,Poor Infrastructure,0.1452,Light,False,33.0919,-0.0026,-0.0063,Aligned,41,Devarabeesanahalli R,1
738,Devarachikkana Halli Main Road,Urban Road,URB-00738,738,12.8809,77.6246,12.8888,77.6199,1225.2,295.2,296.425,13.2783,Aligned,0.8934,0.928,0.0698,0.0007,0.0199,58.536,56.88,96.9752,35.6829,24.9056,78.6385,72.8418,0.3198,60.0,12.4445,No,0.0,-0.0044,-0.0091,Good,High,0.7828,10.0,10.0665,19.6271,Safe,76.7063,57.9068,16.6524,Aligned,58.9286,61.349,Separated Traffic,Urban,3.983,True,Residential,Meets Safe System Standards,0.0059,,False,53.567,-0.004,-0.0235,Aligned,59,Devarachikkana Halli,1
739,Devarachikkanahalli Road,Urban Road,URB-00739,739,12.8924,77.6117,12.9021,77.6012,4974.6,295.6,300.575,11.7104,Aligned,0.9846,0.9427,0.0044,0.025,-0.006,35.0488,35.1507,79.5566,56.1278,33.0169,49.0184,63.5031,0.0,49.7866,28.0322,No,0.0,0.011,0.006,Good,Medium,2.0246,10.0,10.4327,19.2958,Safe,81.5503,34.254,16.4947,Aligned,33.4884,57.3152,Side Impact Potential,Urban,4.7365,False,Commercial,Approach to Congestion (Tapered),0.1968,Light,True,26.8139,-0.003,0.001,Aligned,35,Devarachikkanahalli ,1
740,Devaraj Urs Road,Urban Road,URB-00740,740,12.9815,77.5885,12.9791,77.5875,1298.0,296.0,297.298,10.9994,Aligned,0.9699,0.9564,0.0057,0.0044,0.0098,39.5303,40.5071,79.407,39.8342,41.4659,49.7662,69.8657,0.3373,60.0,47.3977,No,0.0,-0.004,1.0162,Good,Low,1.5457,10.0,10.2845,26.5284,Moderate Risk,74.1582,39.9965,22.0172,Aligned,42.3595,59.2938,Side Impact Potential,Urban,5.1416,False,Residential,Meets Safe System Standards,0.0125,,False,28.9065,0.0125,-0.0004,Aligned,39,Devaraj Urs Road,1
741,Devasandra Main Road,Urban Road,URB-00741,741,13.0046,77.7049,13.0083,77.6959,1073.1,296.4,297.473,7.573,Aligned,1.0,0.9612,0.0355,-0.0085,0.01,18.8844,20.9661,32.87,6.3366,18.4743,49.3768,93.7405,0.0,21.8181,2.9734,No,0.0,0.009,0.0235,Poor,High,3.0606,10.0,10.1764,20.6954,Safe,70.454,17.6047,18.7794,Aligned,17.7843,52.978,Side Impact Potential,Peri-Urban,1.8583,False,Residential,Poor Infrastructure,0.0204,,False,15.0299,-0.023,0.0075,Aligned,18,Devasandra Main Road,1
742,Devasandra Main Road,Urban Road,URB-00742,742,13.0045,77.7052,13.0043,77.71,2058.8,296.8,298.859,34.7243,Moderate Misalignment,0.7109,0.2394,0.757,0.0101,0.0021,80.561,78.9101,97.3665,12.77,16.0517,79.4042,53.6591,0.0,60.0,5.3107,No,0.0,0.0044,0.0598,Poor,Low,0.1005,10.0,10.3241,24.2393,Safe,64.7717,80.2355,29.4626,Moderate Misalignment,76.6675,46.0381,Separated Traffic,Rural,8.06,True,Industrial,Poor Infrastructure | Above Human Tolerance Limit,0.2141,Light,False,59.4583,0.0004,0.0076,Moderate Misalignment,79,Devasandra Main Road,2
743,Devasandra Main road,Urban Road,URB-00743,743,13.0046,77.7049,13.0045,77.7052,40.3,297.2,297.24,10.039,Aligned,0.9873,0.9978,-0.0179,0.0132,0.0036,37.7416,37.5712,24.2772,14.3699,18.3242,51.1837,87.6034,0.3438,38.4652,6.3345,No,0.0,0.0041,0.0725,Poor,Low,3.8657,10.0,10.4427,19.3674,Safe,72.4444,36.8555,17.4924,Aligned,39.5122,48.5867,Side Impact Potential,Peri-Urban,1.0154,False,Mixed,Poor Infrastructure,-0.009,,False,31.0219,-0.0118,-0.0206,Aligned,38,Devasandra Main road,1
744,Deverachikkanahalli Main Road,Urban Road,URB-00744,744,12.8848,77.6182,12.9035,77.6272,2576.2,297.6,300.176,18.3422,Aligned,0.7711,0.7818,0.2147,-0.0114,-0.0121,48.7372,48.8273,99.1931,14.5948,13.3584,77.6744,59.3466,5.2133,60.0,6.2731,No,0.0,0.0008,-0.0525,Poor,High,0.3487,10.0,10.0,20.1206,Safe,73.1952,49.5163,15.4909,Aligned,47.3911,37.7168,Separated Traffic,Rural,7.0778,True,Residential,Poor Infrastructure,0.0043,,False,43.4723,1.0128,-0.0059,Aligned,47,Deverachikkanahalli ,1
745,Devudu Narasimha Shastry Road,Urban Road,URB-00745,745,12.9532,77.5698,12.9532,77.5737,419.6,298.0,298.42,11.3056,Aligned,0.9864,1.0014,0.0088,0.0087,-0.0022,17.5979,20.0171,30.4111,2.7366,16.6939,49.3131,91.1736,0.0323,60.0,12.4546,No,0.0,-0.0103,-0.0444,Poor,Low,1.5638,10.0,10.0,21.5947,Safe,69.2866,16.9333,19.2494,Aligned,15.4838,35.5346,Side Impact Potential,Rural,0.8333,False,Residential,Poor Infrastructure,0.0059,,False,12.6424,0.0058,0.0124,Aligned,18,Devudu Narasimha Sha,1
746,Dhanakoti Road,State Highway,SH-00746,746,12.9917,77.6071,12.9907,77.6052,265.5,298.4,298.666,16.8489,Aligned,0.8635,0.8827,0.1354,0.0335,0.0077,56.7016,59.0473,100.0,11.2028,25.1828,79.2698,75.0512,0.2585,61.9243,13.27,No,0.0,0.0069,-0.0279,Good,Medium,0.2904,10.0,10.0,23.6211,Safe,69.1762,56.772,21.1756,Aligned,57.2906,60.3567,Separated Traffic,Peri-Urban,5.7868,True,Industrial,Poor Infrastructure,0.1786,Light,False,41.9531,0.0126,-0.0128,Aligned,56,Dhanakoti Road,1
747,Dhanvanthari Road,State Highway,SH-00747,747,12.9845,77.5723,12.9756,77.5747,2575.1,298.8,301.375,12.4163,Aligned,0.9785,0.9909,0.0248,-0.0189,-0.003,32.6741,32.3859,82.8447,29.136,26.0379,70.7094,80.3292,0.0,40.0,13.1708,No,0.0,0.0022,-0.0792,Good,Low,1.4061,10.0,10.0,19.9619,Safe,75.566,33.842,17.4725,Aligned,33.9973,62.5533,Separated Traffic,Urban,2.9119,True,Mixed,Poor Infrastructure,0.1168,Light,False,27.8778,0.0069,-0.0001,Aligned,31,Dhanvanthari Road,1
748,Dharamaraja Koil Street,Urban Road,URB-00748,748,12.9854,77.6069,12.9848,77.6105,403.2,299.2,299.603,9.7628,Aligned,0.9748,0.9911,-0.0362,0.0268,-0.0079,33.8551,34.2407,53.5675,70.5899,34.1961,48.5724,80.4794,0.0937,60.0,29.9459,No,0.0,-0.0058,0.033,Poor,High,3.4445,10.0,10.0,18.1659,Safe,85.431,33.7244,16.9973,Aligned,34.8335,62.7505,Side Impact Potential,Urban,1.8025,False,Commercial,Meets Safe System Standards,0.1676,Light,False,28.1691,-0.0009,0.003,Aligned,34,Dharamaraja Koil Str,1
749,Dharmaraya Temple Road,Urban Road,URB-00749,749,12.9653,77.5842,12.9658,77.5863,340.3,299.6,299.94,37.7218,Moderate Misalignment,0.9085,0.0546,0.9173,0.023,0.0137,48.2397,49.6103,82.6322,47.1509,42.2254,50.0716,94.276,0.0,49.61,46.3337,No,0.0,0.0004,0.9394,Good,Low,2.2815,10.0,19.8744,28.657,Moderate Risk,71.3528,52.2957,33.3327,Moderate Misalignment,59.7114,61.5083,Side Impact Potential,Urban,3.9886,True,Mixed,Meets Safe System Standards,-0.0036,,False,53.9827,-0.0012,0.0047,Moderate Misalignment,50,Dharmaraya Temple Ro,1
750,Diagonal Road,Urban Road,URB-00750,750,12.9527,77.5771,12.9552,77.58,425.2,300.0,300.425,98.7104,Critical Misalignment,1.0003,0.0144,0.0146,-0.0112,1.0141,51.6612,49.1757,97.3309,0.0189,17.3161,50.2586,88.6002,0.351,60.0,9.3579,No,0.0,0.0011,-0.0042,Good,High,0.1536,10.0,24.1182,45.8235,Moderate Risk,33.5326,52.9697,77.1531,Critical Misalignment,99.6447,38.5527,Side Impact Potential,Rural,6.9427,False,Industrial,Speed Limit Misaligned | Poor Infrastructure | Above Human Tolerance Limit,-0.0138,,False,88.8931,0.0035,0.0129,Critical Misalignment,54,Diagonal Road,1
751,Diagonal Road,Urban Road,URB-00751,751,12.9288,77.5817,12.9308,77.5837,316.8,300.4,300.717,29.2762,Moderate Misalignment,0.5401,0.4152,0.5383,-0.0221,0.0014,53.2889,48.5441,52.8958,0.0,24.4244,50.9678,93.5596,0.0,40.5497,13.0476,No,0.0,0.0063,-0.0275,Poor,Low,2.1076,10.0,25.3267,28.2024,Moderate Risk,61.0705,49.6649,32.3799,Moderate Misalignment,49.2934,57.887,Side Impact Potential,Peri-Urban,3.186,False,Commercial,Poor Infrastructure,-0.0066,,False,42.5248,-0.0017,-0.0069,Moderate Misalignment,52,Diagonal Road,2
752,Dickenson Road,Urban Road,URB-00752,752,12.9793,77.6147,12.981,77.6101,1371.0,300.8,302.171,14.9009,Aligned,0.8685,0.8623,0.168,-0.0143,0.003,48.1256,47.8159,100.0,5.8884,17.3255,81.1827,68.4217,0.0,58.6129,11.2885,No,0.0,0.0124,0.0336,Poor,High,0.3441,10.0,10.0,21.0153,Safe,69.939,47.5019,19.1785,Aligned,49.8169,40.0873,Separated Traffic,Rural,5.9174,True,Industrial,Poor Infrastructure,0.1437,Light,False,38.0263,0.0035,-0.0008,Aligned,48,Dickenson Road,1
753,Diesel Loco Shed Road,Urban Road,URB-00753,753,13.0082,77.6925,13.0028,77.6928,596.5,301.2,301.796,11.2489,Aligned,0.9782,1.0134,0.0207,-0.0099,0.0034,21.362,21.9227,46.7882,41.461,37.097,52.7762,80.2222,0.0203,40.1204,31.7777,No,0.0,-0.01,1.008,Poor,High,3.0003,10.0,10.3439,22.7992,Safe,76.8449,19.9446,20.3154,Aligned,21.1116,58.6487,Side Impact Potential,Urban,1.8612,False,Industrial,Meets Safe System Standards,0.1518,Light,False,17.7287,-0.0114,-0.006,Aligned,21,Diesel Loco Shed Roa,1
754,Dinnur Main Road,Urban Road,URB-00754,754,13.0249,77.593,13.0214,77.6074,1646.6,301.6,303.247,11.4095,Aligned,0.9601,0.9776,0.0522,-0.001,-0.0081,59.7495,59.5947,98.419,0.0628,12.2258,77.8662,59.1052,0.016,59.8611,2.8767,No,0.0,-0.0033,-0.0288,Poor,High,0.2577,10.0,10.0,20.6383,Safe,70.052,60.2317,17.7331,Aligned,59.3982,40.7309,Separated Traffic,Rural,4.1219,True,Residential,Poor Infrastructure,0.2365,Light,False,40.9072,0.0154,0.001,Aligned,61,Dinnur Main Road,1
755,Dinnur Main Road,Urban Road,URB-00755,755,12.9887,77.7488,12.9853,77.7478,2229.0,302.0,304.229,36.8668,Moderate Misalignment,0.912,0.0951,0.8989,0.0179,-0.0071,28.5005,29.2541,56.9527,46.6081,50.6815,30.5663,77.0219,0.0,39.9412,65.3558,No,0.0,-0.0028,2.032,Good,Medium,2.2967,10.0,10.8023,32.7292,Moderate Risk,67.7902,29.4073,38.329,Moderate Misalignment,32.4062,57.0231,Significant Pedestrian Interaction,Peri-Urban,3.9054,False,Mixed,High Pedestrian Interaction | Above Human Tolerance Limit,-0.0086,,False,25.1735,-0.0023,0.0095,Moderate Misalignment,29,Dinnur Main Road,2
756,Dinnur Main Road,Urban Road,URB-00756,756,13.0223,77.6127,13.0236,77.6081,521.1,302.4,302.921,14.2648,Aligned,0.9605,1.0325,0.0121,-0.0242,-0.0057,46.8923,45.0441,71.5702,43.0982,40.2094,50.3685,88.4905,0.0,47.7359,37.1524,No,0.0,-0.0067,0.9997,Good,Medium,1.534,10.0,10.0,22.9741,Safe,76.9541,46.6921,19.5697,Aligned,46.3319,62.146,Side Impact Potential,Urban,1.9279,False,Residential,Meets Safe System Standards,0.005,,False,44.1458,0.0209,0.0137,Aligned,49,Dinnur Main Road,3
757,Dispensary Road,Urban Road,URB-00757,757,12.9824,77.606,12.981,77.6101,470.0,302.8,303.27,13.2718,Aligned,0.8866,0.8837,0.1131,0.0012,0.0007,53.0311,55.4265,98.3969,19.7464,33.9953,80.7142,74.1976,0.0233,59.408,28.3526,No,0.0,-0.001,0.9227,Poor,High,0.6372,10.0,10.0,25.6403,Moderate Risk,70.6465,51.6803,23.043,Aligned,53.1737,65.2469,Separated Traffic,Urban,5.1395,True,Commercial,Poor Infrastructure,-0.0087,,False,45.1106,0.0032,-0.0125,Aligned,53,Dispensary Road,1
758,Divyashree Technopark Road,Urban Road,URB-00758,758,12.973,77.7214,12.9712,77.7268,716.2,303.2,303.916,10.1369,Aligned,0.9954,0.9972,0.0332,-0.0007,-0.0134,31.3046,32.0938,78.4563,35.4949,29.8275,68.8581,76.6094,0.3191,40.1941,17.6156,No,0.0,0.0084,0.0085,Good,Low,1.3674,10.0,10.4917,21.1166,Safe,75.6798,29.7023,20.1135,Aligned,31.391,65.2515,Separated Traffic,Urban,3.088,True,Commercial,Meets Safe System Standards,0.1547,Light,False,24.1388,-0.0092,-0.0032,Aligned,32,Divyashree Technopar,1