segment_id,road_name,road_type,human_segment_id,internal_id,start_lat,start_lon,end_lat,end_lon,length_m,start_km,end_km,road_risk_score,ai_risk_label,ai_risk_probability,prob_low_risk,prob_medium_risk,prob_high_risk,prob_critical_risk,ai_recommended_speed,recommended_safe_speed,road_function_score,infrastructure_score,exposure_score,human_tolerance_limit,operating_speed_score,crash_risk_score,posted_speed_limit,pedestrian_exposure_score,blackspot_flag,crash_count,fatal_crashes,schools_count,lighting_quality,roadside_hazards,intersection_density,speed_compliance_rate,speed_violation_score,hotspot_score,hotspot_category,speed_safety_score,original_safe_speed,misalignment_score,misalignment_category,speed_p85,ptw_share_pct,exposure_tier,urban_rural_flag,lane_count,median_presence,land_use_type,top_ai_factors,congestion_index,congestion_category,congestion_smoothed,operating_speed_mean,minor_crashes,major_crashes,risk_category,final_safe_speed,corridor_base,corridor_seq
759,Doctor APJ Abdul Kalam Road,Urban Road,URB-00759,759,12.9793,77.6531,12.9841,77.6609,1109.6,303.6,304.71,69.8168,High Misalignment,0.8729,-0.005,0.1219,0.8723,0.0032,50.1743,45.9253,98.6115,47.8038,29.2709,51.1283,52.064,10.2403,59.4183,22.3721,No,0.0,0.0069,-0.0414,Poor,Medium,0.109,10.0,10.8145,42.8264,Moderate Risk,45.2771,50.83,67.41,High Misalignment,68.579,60.1745,Side Impact Potential,Peri-Urban,5.0223,False,Residential,Speed Limit Misaligned | Above Human Tolerance Limit,-0.0007,,False,56.7606,1.986,-0.0093,High Misalignment,49,Doctor APJ Abdul Kal,1
760,Doctor B R Ambedkar Veedhi,State Highway,SH-00760,760,12.976,77.5874,12.9761,77.5877,2139.1,304.0,306.139,10.0005,Aligned,0.9942,1.0083,-0.0141,0.0122,0.0062,21.5479,21.0073,64.864,28.8019,27.5648,49.4751,80.6434,0.1325,40.0,20.3294,No,0.0,-0.0004,-0.0186,Good,Low,3.0541,10.0,10.9631,20.8618,Safe,75.3085,20.4299,18.6143,Aligned,22.471,58.7524,Side Impact Potential,Urban,4.0464,True,Industrial,Poor Infrastructure,0.1188,Light,False,21.1728,0.0027,-0.0015,Aligned,24,Doctor B R Ambedkar ,1
761,Doctor M H Marigowda Road,State Highway,SH-00761,761,12.9347,77.6098,12.9368,77.6036,2536.4,304.4,306.936,87.5552,High Misalignment,0.4949,0.001,-0.0235,0.5114,0.4862,30.1343,28.7419,100.0,88.0078,54.1738,29.5775,99.2007,0.0,58.9944,68.4355,No,0.0,-0.0047,1.9971,Good,Low,0.5988,10.0,28.8049,45.3235,Moderate Risk,51.4457,28.9765,76.4751,Critical Misalignment,77.893,66.2747,Significant Pedestrian Interaction,Urban,3.9699,True,Commercial,Speed Limit Misaligned | High Pedestrian Interaction | Above Human Tolerance Limit,0.1524,Light,False,58.8328,-0.0031,0.0168,High Misalignment,30,Doctor M H Marigowda,1
762,Doctor M H Marigowda Road,State Highway,SH-00762,762,12.9459,77.5956,12.9459,77.5956,2826.5,304.8,307.627,8.49,Aligned,0.992,0.9758,0.0103,-0.0062,-0.0109,20.0173,19.3346,29.0394,30.4719,23.8919,49.6267,91.5592,0.0391,40.0,10.4879,No,0.0,0.0024,-0.0563,Poor,Low,3.5138,10.0,10.498,19.9351,Safe,74.8509,16.927,18.3928,Aligned,17.8519,61.6026,Side Impact Potential,Peri-Urban,1.1189,False,Residential,Poor Infrastructure,0.01,,False,16.0651,-0.0102,0.002,Aligned,20,Doctor M H Marigowda,2
763,Doctor Muthuraj Underpass,National Highway,NH-00763,763,12.9293,77.5447,12.9314,77.5424,362.5,305.2,305.562,10.4055,Aligned,1.0073,1.0353,0.0423,-0.0087,0.0133,25.6218,26.3914,27.8683,26.8179,31.5105,49.6678,85.0772,0.0545,60.0,19.2804,No,0.0,0.0043,1.9714,Good,Low,2.9552,10.0,10.5055,22.5257,Safe,73.5861,24.7345,19.8168,Aligned,25.2909,60.031,Side Impact Potential,Peri-Urban,0.9557,False,Residential,Poor Infrastructure,0.1264,Light,False,19.2011,-0.0004,-0.0026,Aligned,22,Doctor Muthuraj Unde,1
764,Doctor Muthuraj Underpass,National Highway,NH-00764,764,12.9315,77.5425,12.9293,77.5448,346.4,305.6,305.946,22.9652,Aligned,0.5599,0.5093,0.434,0.0224,0.0007,82.5354,80.4173,100.0,0.3278,14.7765,79.4664,75.3486,0.0072,60.0721,5.2296,No,0.0,0.0028,-0.059,Poor,Medium,0.1164,10.0,10.7936,26.0859,Moderate Risk,62.0302,80.7637,31.2865,Moderate Misalignment,86.4686,39.8997,Separated Traffic,Rural,5.8624,True,Residential,Poor Infrastructure | Above Human Tolerance Limit,-0.0079,,False,73.8944,-0.0144,-0.0087,Aligned,79,Doctor Muthuraj Unde,2
765,Doctor TCM Royan Road,Urban Road,URB-00765,765,12.9636,77.5683,12.9747,77.5706,1352.7,306.0,307.353,34.581,Moderate Misalignment,0.7137,0.2644,0.7434,0.0486,-0.0044,80.1442,79.5525,97.908,8.7545,19.3158,80.3426,89.0428,0.2383,60.0,14.7329,No,0.0,-0.0022,-0.0451,Poor,High,0.1708,10.0,17.553,27.0386,Moderate Risk,63.0174,82.6577,31.7312,Moderate Misalignment,83.0028,41.4855,Separated Traffic,Rural,4.883,True,Industrial,Poor Infrastructure,0.1874,Light,False,61.4549,0.0031,0.006,Moderate Misalignment,80,Doctor TCM Royan Roa,1
766,Dodda Basti Main Road,Urban Road,URB-00766,766,12.9426,77.487,12.9415,77.4935,731.5,306.4,307.132,13.8162,Aligned,0.8792,0.9157,0.1399,-0.0092,-0.0104,65.9432,66.845,97.762,8.9489,18.3498,78.0681,74.4083,0.6132,60.0,11.8879,No,0.0,0.0004,-0.0868,Poor,Medium,0.1741,10.0,10.0,21.3715,Safe,70.7744,65.3167,17.417,Aligned,65.0812,39.5802,Separated Traffic,Rural,6.1611,True,Residential,Poor Infrastructure,0.0024,,False,52.1808,0.0136,0.001,Aligned,66,Dodda Basti Main Roa,1
767,Doddaballapur Road,State Highway,SH-00767,767,13.1301,77.5713,13.1309,77.5709,6407.2,306.8,313.207,39.2246,Moderate Misalignment,0.9561,0.0104,0.9284,-0.0044,0.0058,27.4499,26.2078,48.6425,51.5787,56.2793,29.8736,75.3274,0.1851,40.0,69.1526,No,0.0,-0.0048,1.0038,Good,Low,3.6364,10.0,10.0348,33.9715,Moderate Risk,67.7799,26.4584,38.1918,Moderate Misalignment,27.0301,59.2099,Significant Pedestrian Interaction,Urban,2.0002,False,Residential,High Pedestrian Interaction | Above Human Tolerance Limit,0.0198,,False,24.0427,0.0079,-0.0085,Moderate Misalignment,28,Doddaballapur Road,1
768,Doddaballapur Road,State Highway,SH-00768,768,13.0898,77.594,13.0904,77.5941,80.1,307.2,307.28,38.5516,Moderate Misalignment,0.8173,0.1481,0.8315,0.025,0.0106,59.7037,62.0569,100.0,5.4894,16.5228,81.1288,39.9781,0.0326,60.3545,6.8187,No,0.0,0.0031,0.0129,Poor,High,0.2194,10.0,10.1203,26.2273,Moderate Risk,63.1324,61.7813,30.9188,Moderate Misalignment,60.5508,45.6215,Separated Traffic,Rural,8.1143,True,Commercial,Poor Infrastructure | Above Human Tolerance Limit,0.0056,,False,49.1804,-0.0073,0.0016,Moderate Misalignment,62,Doddaballapur Road,2
769,Doddabasti Main Road,Urban Road,URB-00769,769,12.9421,77.485,12.9426,77.487,234.0,307.6,307.834,27.3724,Moderate Misalignment,0.5688,0.4175,0.5914,-0.0006,0.0053,37.3143,37.4868,25.1543,7.6273,23.2021,50.9454,94.576,0.2284,60.0,7.6703,No,0.0,0.0046,0.0734,Good,Low,2.4573,10.0,23.7744,26.4649,Moderate Risk,64.9227,36.1965,27.1901,Moderate Misalignment,38.9732,61.6761,Side Impact Potential,Peri-Urban,1.1291,False,Commercial,Poor Infrastructure,0.0292,,False,33.2897,0.008,-0.0087,Moderate Misalignment,36,Doddabasti Main Road,1
770,Doddabettahalli Main Road,Urban Road,URB-00770,770,13.0949,77.5461,13.0903,77.5568,1483.8,308.0,309.484,17.3134,Aligned,0.8248,0.8389,0.1894,0.0185,-0.0012,64.9658,65.254,97.398,47.7153,33.3333,80.7782,72.128,0.0,60.0,29.9742,No,0.0,-0.0038,0.9698,Good,Medium,0.3993,10.0,10.0,20.1782,Safe,77.6731,66.0364,19.4866,Aligned,67.1833,52.8193,Separated Traffic,Peri-Urban,5.0589,True,Residential,Meets Safe System Standards,-0.0093,,False,63.1565,-0.0024,-0.0181,Aligned,66,Doddabettahalli Main,1
771,Doddakammanahalli Road,Urban Road,URB-00771,771,12.8732,77.5944,12.872,77.5963,278.7,308.4,308.679,21.6732,Aligned,0.5538,0.5343,0.4303,0.0127,0.0032,80.8483,80.3836,99.3254,0.0,14.8397,79.7768,74.3654,0.2305,59.8777,4.7512,No,0.0,0.0012,-0.0447,Poor,Medium,0.2012,10.0,10.51,26.257,Moderate Risk,62.1424,82.6741,31.1121,Moderate Misalignment,86.6768,39.3298,Separated Traffic,Rural,5.855,True,Residential,Poor Infrastructure | Above Human Tolerance Limit,-0.0019,,False,73.1302,0.0143,0.0017,Aligned,79,Doddakammanahalli Ro,1
772,Doddanekkundi Main Road,Urban Road,URB-00772,772,12.9613,77.6907,12.9558,77.6918,4743.6,308.8,313.544,11.3033,Aligned,0.9531,0.9622,0.0688,0.0211,-0.0045,18.1107,22.2242,32.2571,12.8967,24.5905,49.7417,88.9536,0.2296,20.0574,22.7021,No,0.0,-0.0143,1.0136,Poor,Low,1.6431,10.0,10.2767,22.5548,Safe,71.0046,15.7699,17.5718,Aligned,15.0836,41.9686,Side Impact Potential,Rural,1.8449,False,Residential,Poor Infrastructure,0.1649,Light,False,10.6998,-0.0035,0.0032,Aligned,15,Doddanekkundi Main R,1
773,Domlur Flyover Ramp,State Highway,SH-00773,773,12.9609,77.6401,12.9615,77.641,657.2,309.2,309.857,26.5158,Moderate Misalignment,0.5066,0.5261,0.5351,-0.0102,-0.0018,80.1885,77.8145,100.0,29.0739,22.915,78.3071,76.0403,0.0,79.4955,15.6812,No,0.0,0.0023,0.0586,Poor,Low,0.343,10.0,10.0712,25.3606,Moderate Risk,67.3732,78.7517,32.2356,Moderate Misalignment,87.2422,53.2965,Separated Traffic,Peri-Urban,6.1083,True,Residential,Poor Infrastructure | Above Human Tolerance Limit,-0.0011,,False,75.822,0.0204,0.0009,Moderate Misalignment,79,Domlur Flyover Ramp,1
774,Domlur Flyover Ramp,State Highway,SH-00774,774,12.9611,77.6417,12.9608,77.6411,176.0,309.6,309.776,32.9937,Moderate Misalignment,0.7817,0.2598,0.819,0.0144,0.0066,57.2485,59.4617,79.0563,11.4756,19.0553,69.209,94.5349,0.0357,52.2018,4.3814,No,0.0,0.0064,0.0546,Good,High,1.6204,10.0,16.964,24.6258,Safe,65.4983,57.9751,27.8062,Moderate Misalignment,60.238,53.9684,Separated Traffic,Urban,2.0672,True,Mixed,Poor Infrastructure,0.1115,Light,False,45.0841,0.0074,0.0033,Moderate Misalignment,58,Domlur Flyover Ramp,2
775,Domlur Flyover Ramp,State Highway,SH-00775,775,12.9607,77.6421,12.9609,77.6418,228.7,310.0,310.229,12.7408,Aligned,0.9326,0.932,0.0484,-0.0042,0.0033,32.6129,32.9965,54.1041,14.1548,28.6579,51.6506,74.2466,0.0,40.0,28.0592,No,0.0,-0.0,0.9433,Poor,Medium,1.2467,10.0,10.0,23.8334,Safe,70.5025,32.8491,22.1368,Aligned,30.4006,40.5417,Side Impact Potential,Rural,2.9593,False,Industrial,Poor Infrastructure,0.2444,Light,False,25.9216,0.0221,0.0239,Aligned,33,Domlur Flyover Ramp,3
776,Domlur Flyover Ramp,State Highway,SH-00776,776,12.9617,77.6417,12.9606,77.6416,423.3,310.4,310.823,9.4661,Aligned,0.974,0.9752,0.0217,0.0099,0.0033,34.9096,34.3707,50.6917,43.1406,32.6627,49.8946,87.8555,0.0,40.0,25.9463,No,0.0,0.0112,0.0356,Good,Low,2.7224,10.0,10.0,21.9416,Safe,76.3222,36.0216,19.0178,Aligned,35.7026,62.9372,Side Impact Potential,Urban,3.2306,False,Commercial,Meets Safe System Standards,-0.0057,,False,34.7428,-0.0107,0.0048,Aligned,35,Domlur Flyover Ramp,4
777,Domlur Flyover,State Highway,SH-00777,777,12.9626,77.6417,12.9582,77.6414,493.2,310.8,311.293,15.0626,Aligned,0.8677,0.8772,0.1319,-0.0142,0.0031,47.9453,45.8458,99.8998,0.3072,20.0009,77.9761,72.5615,0.0,60.5596,9.2084,No,0.0,-0.0022,-0.0052,Poor,High,0.1471,10.0,10.0,22.4019,Safe,68.9134,50.1767,20.6703,Aligned,49.9217,46.3526,Separated Traffic,Rural,8.0526,True,Residential,Poor Infrastructure,-0.0069,,False,42.2751,0.0041,-0.0035,Aligned,47,Domlur Flyover,1
778,Domlur Flyover,State Highway,SH-00778,778,12.9582,77.6413,12.9626,77.6416,489.8,311.2,311.69,11.193,Aligned,0.8992,0.9046,0.0264,0.0097,-0.0002,41.2778,41.5724,100.0,1.4724,15.1731,80.3357,60.6349,0.0,60.3194,1.7457,No,0.0,-0.007,-0.0323,Poor,Medium,0.0406,10.0,10.0,21.2406,Safe,69.4115,41.482,18.2922,Aligned,38.6913,44.0859,Separated Traffic,Rural,6.8123,True,Residential,Poor Infrastructure,0.1433,Light,False,32.9682,-0.0018,-0.0099,Aligned,42,Domlur Flyover,2
779,Domlur Service Road,Urban Road,URB-00779,779,12.9604,77.6418,12.961,77.6359,648.6,311.6,312.249,12.8232,Aligned,0.9869,1.0201,-0.0086,0.003,0.0027,32.5074,32.0877,46.0915,0.1176,18.6002,50.5868,86.1437,0.0,40.3163,7.3204,No,0.0,0.0037,-0.0499,Good,Low,1.4244,10.0,10.2664,22.6593,Safe,68.3964,33.6804,19.6405,Aligned,31.6459,46.2822,Side Impact Potential,Rural,2.2362,False,Residential,Poor Infrastructure,0.0224,,False,28.9492,0.0122,-0.0014,Aligned,32,Domlur Service Road,1
780,Dr AMC Road,Urban Road,URB-00780,780,13.0213,77.6191,13.0208,77.6144,579.5,312.0,312.579,32.6619,Moderate Misalignment,0.6976,0.2751,0.6749,0.0455,-0.0007,79.788,79.7584,96.7715,27.8295,36.4631,80.6714,82.9669,0.3474,59.2759,30.4844,No,0.0,-0.0003,1.0126,Good,Medium,0.5016,10.0,10.0,32.2284,Moderate Risk,60.7682,78.4584,39.1314,Moderate Misalignment,93.5826,69.5843,Separated Traffic,Urban,8.2306,True,Residential,Poor Infrastructure | Above Human Tolerance Limit,-0.02,,False,78.8727,0.0009,0.0057,Moderate Misalignment,80,Dr AMC Road,1
781,Dr Vishnuvardhan Road,Urban Road,URB-00781,781,12.9218,77.5512,12.9254,77.55,573.8,312.4,312.974,34.8928,Moderate Misalignment,0.8454,0.1687,0.8496,-0.0113,0.0108,80.5254,80.6565,98.992,15.8537,12.5337,80.0598,88.7632,0.0,59.7832,2.3539,No,0.0,0.0098,-0.0131,Poor,Low,0.1471,10.0,33.553,25.8781,Moderate Risk,60.5385,80.4027,36.4998,Moderate Misalignment,80.1269,35.3147,Separated Traffic,Rural,8.0196,True,Industrial,Poor Infrastructure,0.0035,,False,67.0033,0.0197,0.0008,Moderate Misalignment,79,Dr Vishnuvardhan Roa,1
782,Dr. APJ Abdul Kalam Road,Urban Road,URB-00782,782,12.9855,77.6639,12.9841,77.6609,576.5,312.8,313.377,29.3205,Moderate Misalignment,0.5951,0.3922,0.5647,0.0148,0.0218,50.7542,51.0297,81.5154,32.6105,35.4349,51.1673,87.7033,0.0,38.119,28.77,No,0.0,0.0027,-0.0762,Good,Medium,2.045,10.0,26.0683,28.777,Moderate Risk,67.1928,51.8184,31.3754,Moderate Misalignment,52.0526,66.079,Side Impact Potential,Urban,3.8782,True,Commercial,Poor Infrastructure,0.0314,,False,46.3708,-0.0062,0.005,Moderate Misalignment,51,Dr. APJ Abdul Kalam ,1
783,Dr. B. R. Ambedkar Road,Urban Road,URB-00783,783,12.9033,77.609,12.9055,77.6094,247.4,313.2,313.447,14.5912,Aligned,0.891,0.8383,0.0474,0.0259,-0.0037,66.4206,68.0627,96.983,66.8092,30.203,79.5094,64.8825,0.0054,60.0,27.4817,No,0.0,0.0081,-0.0205,Good,Medium,0.4979,10.0,10.0,17.0067,Safe,84.6553,70.1689,15.59,Aligned,70.1316,55.2282,Separated Traffic,Urban,3.8974,True,Residential,Meets Safe System Standards,0.0135,,False,58.8761,0.01,-0.0151,Aligned,68,Dr. B. R. Ambedkar R,1
784,Dr. B. R. Ambedkar Road,Urban Road,URB-00784,784,12.9659,77.6686,12.9583,77.6681,863.3,313.6,314.463,41.7402,Moderate Misalignment,0.9601,0.0255,0.955,0.0184,-0.0047,29.1175,29.2158,77.0252,58.9936,52.6804,28.8358,91.5307,0.0189,42.9736,58.0767,No,0.0,0.0008,1.0339,Good,Medium,1.3572,10.0,10.2457,34.0918,Moderate Risk,67.4698,28.068,40.932,Moderate Misalignment,46.9657,66.8956,Significant Pedestrian Interaction,Urban,3.8098,False,Commercial,High Pedestrian Interaction | Above Human Tolerance Limit,-0.0164,,False,35.577,-0.0006,0.0018,Moderate Misalignment,29,Dr. B. R. Ambedkar R,2
785,Dr. CV Raman Road,National Highway,NH-00785,785,13.0147,77.5728,13.0145,77.5838,4037.2,314.0,318.037,28.5231,Moderate Misalignment,0.6304,0.3817,0.6263,-0.0006,0.013,46.9995,48.1891,50.6205,20.084,24.1967,48.9347,58.1287,0.0,60.0,7.4009,No,0.0,-0.0052,0.0206,Good,Low,3.2798,10.0,17.9897,24.1805,Safe,68.1323,48.2284,26.2925,Moderate Misalignment,47.6797,64.6333,Side Impact Potential,Urban,1.8736,False,Mixed,Active Congestion | Poor Infrastructure,0.756,Severe,False,11.9517,-0.0033,0.0034,Moderate Misalignment,45,Dr. CV Raman Road,1
786,Dr. CV Raman Road,State Highway,SH-00786,786,13.0131,77.5675,13.013,77.5675,382.4,314.4,314.782,13.7469,Aligned,0.9845,0.9715,0.0176,-0.0112,-0.001,28.2226,27.6013,78.3002,28.1531,29.2055,68.5355,71.2531,0.0997,40.0,16.4501,No,0.0,0.0038,0.0216,Poor,Low,1.5094,10.0,10.0,21.8714,Safe,75.1023,26.7986,19.5982,Aligned,23.9462,67.0002,Separated Traffic,Urban,2.3053,True,Mixed,Poor Infrastructure,-0.0072,,False,21.7442,0.0056,0.0153,Aligned,29,Dr. CV Raman Road,2
787,Dr. M H Marigowda Road,State Highway,SH-00787,787,12.9316,77.6138,12.9318,77.6134,66.3,314.8,314.866,15.2754,Aligned,0.8333,0.8585,0.1344,0.0038,-0.0025,24.3872,23.5887,29.9057,0.4896,9.3984,49.2988,96.8622,0.3446,60.7405,3.7797,No,0.0,0.0017,-0.0283,Poor,Medium,1.0442,10.0,16.5435,19.714,Safe,67.9321,23.4639,20.6642,Aligned,24.0368,33.263,Side Impact Potential,Rural,2.1903,False,Mixed,Poor Infrastructure,0.1423,Light,False,17.881,0.0208,-0.0034,Aligned,25,Dr. M H Marigowda Ro,1
788,Dr. Rajkumar Road Underpass,Urban Road,URB-00788,788,13.0098,77.5545,13.0071,77.5544,289.7,315.2,315.49,28.6227,Moderate Misalignment,0.6143,0.3642,0.6195,0.0126,-0.0042,28.5235,30.01,53.4152,32.8748,36.3851,47.5233,94.7929,0.0,26.9163,29.9797,No,0.0,-0.0033,1.0217,Good,Medium,2.5664,10.0,10.3714,24.8457,Safe,74.2694,27.9011,20.7379,Aligned,29.5124,61.6068,Side Impact Potential,Urban,3.9983,False,Mixed,Poor Infrastructure,0.0303,,False,25.8709,0.006,0.0065,Moderate Misalignment,29,Dr. Rajkumar Road Un,1
789,Dr. Rajkumar Road,Urban Road,URB-00789,789,12.9982,77.553,13.0001,77.5528,10234.7,315.6,325.835,11.932,Aligned,0.8902,0.9218,0.0762,0.0038,0.0089,38.4354,37.9081,70.2351,11.2242,25.5418,50.2734,90.5912,0.3906,59.1925,15.3243,No,0.0,-0.0082,-0.043,Good,Low,1.458,10.0,10.5166,23.386,Safe,70.7356,39.7808,18.8338,Aligned,40.2088,51.2323,Side Impact Potential,Peri-Urban,1.8801,False,Commercial,Poor Infrastructure,0.0028,,False,31.5007,-0.0053,-0.0093,Aligned,42,Dr. Rajkumar Road,1
790,Dr. Rajkumar Underpass,Urban Road,URB-00790,790,13.0088,77.6231,13.0077,77.6221,179.1,316.0,316.179,11.1487,Aligned,0.961,0.962,0.0251,0.0021,0.003,25.084,27.0974,29.355,11.8161,19.9974,50.5561,88.9914,0.5727,31.5513,6.1719,No,0.0,-0.0022,0.0089,Good,High,2.7998,10.0,10.0,20.6479,Safe,73.9178,27.2165,17.3729,Aligned,24.5154,51.9184,Side Impact Potential,Peri-Urban,2.1416,False,Residential,Poor Infrastructure,-0.0161,,False,23.1475,0.0089,-0.01,Aligned,27,Dr. Rajkumar Underpa,1
791,Dr. Vishnuvardhan Road,Urban Road,URB-00791,791,12.9076,77.4889,12.9127,77.4852,10989.2,316.4,327.389,33.391,Moderate Misalignment,0.6648,0.3417,0.6584,0.0257,-0.0011,38.2476,36.1025,49.6373,0.0,14.0833,50.8179,95.588,0.285,32.1671,0.7597,No,0.0,0.0054,-0.0186,Good,Low,1.591,10.0,22.8132,23.5524,Safe,64.8698,38.3481,26.1496,Moderate Misalignment,36.3646,45.9515,Side Impact Potential,Rural,2.9806,False,Industrial,Poor Infrastructure,0.1526,Light,False,28.5817,0.0179,-0.0067,Moderate Misalignment,37,Dr. Vishnuvardhan Ro,1
792,Dwarakavasa Road,Urban Road,URB-00792,792,12.9826,77.4788,12.9864,77.4722,2213.7,316.8,319.014,11.9342,Aligned,0.9874,0.9787,0.0288,-0.0027,-0.002,31.3496,34.4486,72.1452,24.1636,35.1154,50.7777,80.5284,0.0,40.5447,31.4553,No,0.0,-0.0036,1.0582,Good,Low,1.6798,10.0,11.0174,24.8204,Safe,72.703,32.3525,22.1038,Aligned,31.1882,57.9258,Side Impact Potential,Urban,2.8947,False,Residential,Poor Infrastructure,0.0005,,False,26.4082,-0.0277,-0.0004,Aligned,32,Dwarakavasa Road,1
793,E Street,Urban Road,URB-00793,793,12.9592,77.5765,12.9618,77.577,288.1,317.2,317.488,13.5252,Aligned,0.9083,0.9021,0.0712,0.0026,0.0049,43.8761,43.0888,97.1843,0.0,15.9051,80.4226,60.7534,0.0,59.3134,4.5539,No,0.0,-0.0033,0.0808,Poor,Medium,0.1391,10.0,10.0237,20.8961,Safe,69.5309,43.6901,17.1882,Aligned,42.3038,45.824,Separated Traffic,Rural,6.8553,True,Residential,Poor Infrastructure,0.142,Light,False,31.607,0.0061,0.0014,Aligned,43,E Street,1
794,E W College Main Road,Urban Road,URB-00794,794,12.9812,77.4851,12.9856,77.4863,515.1,317.6,318.115,10.367,Aligned,0.966,0.9248,-0.0162,0.0075,0.0019,27.3684,27.0403,81.1301,0.6862,21.4579,49.335,68.547,0.0,39.2202,8.2015,No,0.0,0.0115,0.0042,Poor,Medium,1.6395,10.0,10.0172,23.5168,Safe,67.2242,26.2054,19.9758,Aligned,25.2661,55.3866,Side Impact Potential,Urban,2.8511,True,Residential,Poor Infrastructure,0.1854,Light,False,19.0039,0.0013,0.0152,Aligned,28,E W College Main Roa,1
795,East End Main Road,Urban Road,URB-00795,795,12.9206,77.5969,12.9216,77.597,2523.8,318.0,320.524,8.2473,Aligned,0.9941,0.9741,-0.0021,0.0051,0.0077,32.6976,32.4924,68.5085,39.2333,31.4257,52.3215,78.5869,0.2511,43.7453,27.7935,No,0.0,0.0058,-0.0365,Poor,High,2.1757,10.0,10.0,21.2409,Safe,77.4963,30.285,18.1217,Aligned,31.3922,60.6012,Side Impact Potential,Urban,1.8143,False,Residential,Meets Safe System Standards,0.2079,Light,False,22.7198,-0.0036,-0.0002,Aligned,33,East End Main Road,1
796,East Road,Urban Road,URB-00796,796,12.958,77.6166,12.9537,77.6176,493.8,318.4,318.894,11.333,Aligned,0.9137,0.8679,0.0911,-0.0047,-0.0064,41.6819,39.8249,49.7631,10.9756,20.4748,50.2849,91.4736,0.0027,40.4318,6.3145,No,0.0,-0.0016,-0.0066,Good,Medium,3.2124,10.0,10.0,21.2041,Safe,71.6372,40.7277,20.1628,Aligned,38.5172,55.4228,Side Impact Potential,Urban,2.2401,False,Commercial,Poor Infrastructure,-0.0185,,False,36.5209,0.0012,-0.0032,Aligned,38,East Road,1
797,Ecumenical Christian Center Road,Urban Road,URB-00797,797,12.9864,77.7448,12.973,77.7478,2088.1,318.8,320.888,35.7941,Moderate Misalignment,0.8428,0.1537,0.8424,0.0038,-0.006,50.3977,48.305,54.4596,13.8376,21.3661,51.2366,95.5458,0.18,41.2838,8.4014,No,0.0,0.0084,0.0183,Good,High,2.3667,10.0,28.4805,26.4511,Moderate Risk,65.1946,49.7359,31.675,Moderate Misalignment,50.7937,57.6311,Side Impact Potential,Peri-Urban,4.2204,False,Industrial,Poor Infrastructure,0.0116,,False,44.5737,-0.0095,-0.0052,Moderate Misalignment,51,Ecumenical Christian,1
798,Ejipura Main Road,Urban Road,URB-00798,798,12.9385,77.6327,12.9525,77.6202,2211.8,319.2,321.412,27.3027,Moderate Misalignment,0.5587,0.4049,0.5765,0.0101,-0.0069,50.5517,50.0398,50.6177,18.4038,20.4147,50.6611,93.319,0.17,42.3771,9.0067,No,0.0,0.0024,0.0243,Poor,Low,2.1142,10.0,24.1149,24.3135,Safe,67.4035,52.5022,26.522,Moderate Misalignment,50.712,53.3203,Side Impact Potential,Peri-Urban,3.0244,False,Commercial,Poor Infrastructure,0.0073,,False,44.2528,-0.0153,0.0084,Moderate Misalignment,53,Ejipura Main Road,1
799,Elephant Rock Road,Urban Road,URB-00799,799,12.933,77.5839,12.9341,77.5827,198.6,319.6,319.799,13.7989,Aligned,0.9435,0.9928,0.0891,-0.0107,-0.0038,48.9468,48.8623,99.2068,11.3614,12.8461,78.5564,75.275,0.4694,60.0,5.0174,No,0.0,-0.0016,-0.0387,Good,Low,0.179,10.0,10.3688,19.2459,Safe,72.7925,48.6385,13.9548,Aligned,47.8975,33.407,Separated Traffic,Rural,8.1497,True,Industrial,Poor Infrastructure,0.0023,,False,42.7403,0.017,0.0044,Aligned,49,Elephant Rock Road,1
800,Embassy Golf Links Road,Urban Road,URB-00800,800,12.9547,77.6414,12.9474,77.6494,1588.5,320.0,321.589,12.7465,Aligned,0.9704,0.9149,0.0155,-0.0298,-0.0032,41.2604,38.9476,78.7941,66.4499,35.1827,50.0312,72.3988,0.3679,49.6189,30.5874,No,0.0,-0.0075,0.0215,Poor,High,1.7399,10.0,10.1984,18.1864,Safe,84.0912,39.117,16.52,Aligned,38.1665,68.4,Side Impact Potential,Urban,2.0416,True,Commercial,Meets Safe System Standards,0.1186,Light,False,31.5653,-0.005,-0.0103,Aligned,38,Embassy Golf Links R,1
801,F C I Main Road,Urban Road,URB-00801,801,12.9975,77.67,12.9994,77.6671,611.2,320.4,321.011,19.058,Aligned,0.7648,0.7791,0.2299,0.0186,-0.0069,49.8807,51.9064,100.0,6.0214,16.3783,79.2585,54.8154,0.3883,60.0,4.9723,No,0.0,0.0042,-0.0245,Poor,Low,0.246,10.0,10.0,20.5723,Safe,70.7074,49.6081,17.7059,Aligned,51.6484,46.6217,Separated Traffic,Rural,3.9559,True,Residential,Poor Infrastructure,0.1403,Light,False,38.897,-0.0227,0.0236,Aligned,51,F C I Main Road,1
802,Ferrar Nagar Main Road,Urban Road,URB-00802,802,13.1145,77.5702,13.1145,77.5704,21.1,320.8,320.821,12.2438,Aligned,0.9658,0.9611,0.03,-0.0123,0.0097,35.7979,35.3577,82.9919,19.6658,23.0224,48.2941,72.5235,0.1129,59.598,9.659,No,0.0,-0.0032,-0.0443,Good,High,1.5771,10.0,10.0,21.5606,Safe,72.4521,33.9234,18.1613,Aligned,33.2104,57.9235,Side Impact Potential,Urban,2.9915,True,Industrial,Poor Infrastructure,0.0026,,False,31.7057,0.006,0.0036,Aligned,33,Ferrar Nagar Main Ro,1