segment_id,road_name,road_type,human_segment_id,internal_id,start_lat,start_lon,end_lat,end_lon,length_m,start_km,end_km,road_risk_score,ai_risk_label,ai_risk_probability,prob_low_risk,prob_medium_risk,prob_high_risk,prob_critical_risk,ai_recommended_speed,recommended_safe_speed,road_function_score,infrastructure_score,exposure_score,human_tolerance_limit,operating_speed_score,crash_risk_score,posted_speed_limit,pedestrian_exposure_score,blackspot_flag,crash_count,fatal_crashes,schools_count,lighting_quality,roadside_hazards,intersection_density,speed_compliance_rate,speed_violation_score,hotspot_score,hotspot_category,speed_safety_score,original_safe_speed,misalignment_score,misalignment_category,speed_p85,ptw_share_pct,exposure_tier,urban_rural_flag,lane_count,median_presence,land_use_type,top_ai_factors,congestion_index,congestion_category,congestion_smoothed,operating_speed_mean,minor_crashes,major_crashes,risk_category,final_safe_speed,corridor_base,corridor_seq
803,Flyover Ramp,National Highway,NH-00803,803,13.0438,77.5907,13.0432,77.593,589.2,321.2,321.789,11.501,Aligned,0.9805,1.0055,-0.0312,0.0109,-0.0085,24.5778,27.4108,80.8159,32.4866,34.8147,52.153,68.1474,0.0,60.0,35.0743,No,0.0,-0.008,1.0007,Good,High,2.0796,10.0,10.0,24.055,Safe,73.8194,26.411,21.372,Aligned,23.9531,55.3087,Side Impact Potential,Urban,4.9744,False,Residential,Poor Infrastructure,0.1416,Light,False,18.4096,0.0081,-0.0079,Aligned,27,Flyover Ramp,1
804,Flyover,State Highway,SH-00804,804,12.9642,77.5769,12.9646,77.5746,269.5,321.6,321.87,9.1367,Aligned,0.9652,0.9712,0.0333,-0.0046,0.0033,18.8457,21.5203,56.8109,23.7675,24.1239,50.0664,82.4327,0.0,40.0,17.3735,No,0.0,-0.0067,0.0091,Good,Low,2.2815,10.0,10.0,20.4855,Safe,74.842,21.7254,19.1281,Aligned,20.3802,52.4841,Side Impact Potential,Peri-Urban,3.8946,False,Industrial,Poor Infrastructure,-0.0293,,False,18.757,0.0019,0.0004,Aligned,21,Flyover,1
805,Flyover,Urban Road,URB-00805,805,13.0411,77.622,13.0426,77.621,260.9,322.0,322.261,42.23,Moderate Misalignment,0.9983,0.0335,0.9505,0.0171,0.0035,80.1915,80.2436,100.0,1.4365,15.1346,79.942,99.4481,0.35,60.0,8.9583,No,0.0,0.003,-0.0536,Poor,Medium,0.1081,10.0,25.6272,29.3807,Moderate Risk,56.2163,77.7234,39.6142,Moderate Misalignment,101.6219,34.2651,Separated Traffic,Rural,6.0239,True,Industrial,Poor Infrastructure,0.1306,Light,False,79.5757,-0.0071,-0.0053,Moderate Misalignment,78,Flyover,2
806,Flyover,Urban Road,URB-00806,806,13.045,77.6194,13.0409,77.6187,480.2,322.4,322.88,35.2793,Moderate Misalignment,0.7612,0.2536,0.7772,0.0188,-0.0138,79.5698,80.9579,100.0,8.7257,18.6775,79.9514,90.0626,0.0,60.0,13.7118,No,0.0,-0.0069,-0.0077,Good,High,0.1292,10.0,11.7257,25.4287,Moderate Risk,65.4481,81.9034,29.1461,Moderate Misalignment,90.043,39.2443,Separated Traffic,Rural,6.9126,True,Industrial,Approach to Congestion (Tapered) | Poor Infrastructure,-0.0104,,True,73.49,0.0074,-0.0025,Moderate Misalignment,80,Flyover,3
807,Flyover,Urban Road,URB-00807,807,13.004,77.6364,13.0026,77.6386,290.6,322.8,323.091,11.2709,Aligned,0.9649,0.9525,0.0431,-0.0066,0.0044,35.9675,35.982,84.152,60.4365,34.6641,49.6521,75.1068,0.1829,52.903,25.1524,No,0.0,-0.0048,-0.0217,Good,Medium,1.8113,10.0,10.5528,19.206,Safe,81.7203,37.9485,17.7291,Aligned,38.963,66.8726,Side Impact Potential,Urban,5.0175,True,Commercial,Meets Safe System Standards,-0.0179,,False,33.5742,0.0001,0.0005,Aligned,38,Flyover,4
808,Flyover,National Highway,NH-00808,808,13.0459,77.5915,13.0422,77.5938,491.4,323.2,323.691,28.2186,Moderate Misalignment,0.5606,0.4147,0.5676,-0.0004,-0.002,36.0588,36.8484,52.7487,8.8069,27.5727,48.5583,96.5056,0.0,60.0,17.5245,No,0.0,-0.0094,0.0212,Poor,Low,2.6002,10.0,24.9837,27.2418,Moderate Risk,64.5391,40.4476,30.7368,Moderate Misalignment,38.8249,58.4004,Side Impact Potential,Peri-Urban,2.0415,False,Residential,Poor Infrastructure,0.1681,Light,False,26.1528,-0.0095,-0.0083,Moderate Misalignment,35,Flyover,5
809,Food Street,Urban Road,URB-00809,809,12.9735,77.5379,12.9737,77.5385,73.4,323.6,323.673,14.9412,Aligned,0.8314,0.8122,0.1939,0.0105,0.0045,34.2905,37.5334,84.4362,18.4691,24.3378,51.118,85.4119,0.0,40.17,9.6511,No,0.0,-0.0078,-0.0673,Good,Medium,1.7407,10.0,10.0,22.4346,Safe,72.273,35.1311,18.9922,Aligned,38.7564,59.3775,Side Impact Potential,Urban,3.8398,True,Commercial,Poor Infrastructure,-0.0039,,False,28.6085,-0.0075,0.0087,Aligned,34,Food Street,1
810,GKVK Road Underpass,Urban Road,URB-00810,810,13.0709,77.6206,13.071,77.62,336.5,324.0,324.337,11.3806,Aligned,0.9687,0.9691,0.0485,-0.011,0.0061,55.6638,55.2547,87.0685,22.2823,27.3031,68.6251,75.1545,0.4328,59.6981,23.7641,No,0.0,0.0093,0.0216,Poor,High,1.6084,10.0,10.4005,22.7481,Safe,71.4646,54.2051,20.1142,Aligned,53.4058,47.5414,Separated Traffic,Peri-Urban,5.0165,True,Industrial,Poor Infrastructure,-0.0022,,False,44.8088,-0.0048,0.0083,Aligned,56,GKVK Road Underpass,1
811,GKVK Road,Urban Road,URB-00811,811,13.0808,77.5631,13.0849,77.5641,9045.4,324.4,333.445,12.1101,Aligned,0.9166,0.8862,0.0551,-0.0034,-0.0071,57.8336,57.5504,98.4113,16.0979,22.7876,78.3773,70.0675,0.0043,60.0,8.7157,No,0.0,0.0104,-0.0727,Good,High,0.2153,10.0,10.11,21.7335,Safe,71.9519,53.8235,18.6616,Aligned,60.7972,59.4851,Separated Traffic,Peri-Urban,6.1265,True,Residential,Poor Infrastructure,0.0105,,False,48.7467,0.0165,-0.0038,Aligned,58,GKVK Road,1
812,GM Palya Main Road,Urban Road,URB-00812,812,12.9714,77.6586,12.9715,77.6599,1274.4,324.8,326.074,36.8955,Moderate Misalignment,0.8682,0.1432,0.8422,-0.0013,-0.0141,48.6765,47.3756,74.7748,31.2322,25.8637,47.8394,96.5671,0.0,49.4713,12.9736,No,0.0,-0.0098,0.0367,Good,Low,1.8451,10.0,25.3939,26.5118,Moderate Risk,66.0138,47.5395,30.9031,Moderate Misalignment,62.7793,65.2618,Side Impact Potential,Urban,4.1021,False,Commercial,Poor Infrastructure,0.1644,Light,False,48.044,0.0067,0.0002,Moderate Misalignment,49,GM Palya Main Road,1
813,Ganapathi Temple Road,Urban Road,URB-00813,813,13.0347,77.6285,13.0303,77.6272,503.8,325.2,325.704,43.9081,Moderate Misalignment,0.7202,0.0754,0.7159,0.1911,-0.0045,49.0021,49.4152,99.2712,42.4479,26.9928,50.5735,77.018,0.3312,59.0525,15.7254,No,0.0,-0.0022,-0.0141,Good,High,0.5713,10.0,10.1439,34.8766,Moderate Risk,55.2025,51.4218,56.1253,High Misalignment,71.0292,67.5978,Side Impact Potential,Urban,7.0094,False,Residential,Speed Limit Misaligned | Above Human Tolerance Limit,-0.0051,,False,64.4673,0.0065,0.0072,Moderate Misalignment,49,Ganapathi Temple Roa,1
814,Gandhi Bazaar Main Road,Urban Road,URB-00814,814,12.9442,77.5729,12.9476,77.5683,640.6,325.6,326.241,31.8159,Moderate Misalignment,0.6868,0.2996,0.6868,0.0121,-0.0085,38.5495,39.511,27.9029,14.3189,21.138,51.7249,97.6533,0.1361,30.567,11.4503,No,0.0,0.0006,1.0476,Poor,Medium,2.1281,10.0,30.6479,24.8838,Moderate Risk,65.9095,37.3347,28.8538,Moderate Misalignment,41.3292,47.1005,Side Impact Potential,Rural,1.0699,False,Residential,Poor Infrastructure,0.1119,Light,False,32.4169,-0.003,-0.0137,Moderate Misalignment,40,Gandhi Bazaar Main R,1
815,Gandhi Marg,Urban Road,URB-00815,815,12.9487,77.5014,12.9583,77.5189,2602.7,326.0,328.603,13.4365,Aligned,0.8833,0.8498,0.1128,0.014,-0.0022,34.9898,34.3345,83.3906,17.849,29.8193,71.0403,86.759,0.0,42.7144,19.2102,No,0.0,0.0063,0.033,Poor,Low,1.5067,10.0,10.0647,24.4931,Safe,70.921,33.9054,20.0619,Aligned,34.5812,66.4502,Separated Traffic,Urban,5.0109,True,Industrial,Poor Infrastructure,0.0056,,False,30.3914,0.0032,0.0197,Aligned,35,Gandhi Marg,1
816,Gandhi Nagar Main Road,Urban Road,URB-00816,816,12.9523,77.7064,12.9561,77.7091,636.1,326.4,327.036,11.2506,Aligned,0.9656,0.9368,0.0463,0.0022,0.0011,35.0007,33.8553,36.9342,16.2866,16.1874,49.5339,96.0998,0.0426,29.4405,12.0832,No,0.0,0.0079,0.9865,Good,Low,2.1838,10.0,17.478,22.6356,Safe,68.9866,35.4167,22.5722,Aligned,33.3074,35.7446,Side Impact Potential,Rural,1.8971,True,Industrial,Poor Infrastructure,0.1239,Light,False,30.2631,0.0128,0.0148,Aligned,36,Gandhi Nagar Main Ro,1
817,Ganga Nagar Flyover,National Highway,NH-00817,817,13.0286,77.5863,13.0255,77.5853,371.8,326.8,327.172,42.364,Moderate Misalignment,0.9483,0.023,0.9638,0.0266,-0.0062,28.6885,29.2955,77.69,58.6898,53.0509,29.578,94.8867,0.0176,60.0,59.5417,No,0.0,-0.0038,1.042,Good,Medium,1.3608,10.0,10.5716,33.9806,Moderate Risk,67.4383,29.7716,41.7675,Moderate Misalignment,45.4964,67.4485,Significant Pedestrian Interaction,Urban,3.8437,False,Commercial,High Pedestrian Interaction | Above Human Tolerance Limit,-0.0163,,False,35.6083,0.0256,0.0002,Moderate Misalignment,30,Ganga Nagar Flyover,1
818,Ganga Nagar Flyover,National Highway,NH-00818,818,13.0256,77.5851,13.0293,77.5864,447.3,327.2,327.647,39.5178,Moderate Misalignment,0.9221,0.0495,0.9622,-0.0015,-0.0043,65.6063,62.8801,77.3968,43.7727,29.5127,67.9631,95.4646,0.0021,60.0,19.7083,No,0.0,0.0004,-0.0111,Good,Medium,1.594,10.0,30.3892,26.0704,Moderate Risk,68.2931,65.7588,31.9014,Moderate Misalignment,67.431,63.8596,Separated Traffic,Urban,3.2923,True,Mixed,Meets Safe System Standards,0.1668,Light,False,50.5931,-0.0095,0.0112,Moderate Misalignment,65,Ganga Nagar Flyover,2
819,Gangadhar Chetty Road,Urban Road,URB-00819,819,12.9776,77.6191,12.9776,77.6191,1562.6,327.6,329.163,10.7091,Aligned,0.9566,0.9866,0.028,0.0087,-0.0121,36.4031,35.1637,87.3204,55.59,37.9174,50.5995,83.0505,0.5967,39.743,35.4348,No,0.0,-0.0012,-0.0222,Good,Low,1.4625,10.0,10.5666,20.9812,Safe,80.6416,31.3229,17.9643,Aligned,34.9456,57.5941,Side Impact Potential,Urban,6.2235,True,Commercial,Meets Safe System Standards,-0.024,,False,28.1394,-0.0033,-0.0098,Aligned,35,Gangadhar Chetty Roa,1
820,Gangadhar Chetty Road,Urban Road,URB-00820,820,12.9819,77.6121,12.9816,77.613,507.6,328.0,328.508,12.0576,Aligned,0.9953,0.9877,0.03,0.0047,0.0014,25.3277,24.3695,27.0288,0.0,12.7541,49.7048,86.9385,0.3533,30.7327,0.3067,No,0.0,-0.0096,-0.0243,Poor,Medium,2.4552,10.0,10.3413,19.7948,Safe,69.8258,25.0069,17.3202,Aligned,26.4209,37.1618,Side Impact Potential,Rural,0.8686,False,Residential,Poor Infrastructure,-0.0076,,False,21.6729,-0.0125,0.0141,Aligned,22,Gangadhar Chetty Roa,2
821,Gangagondanahalli Road,Urban Road,URB-00821,821,12.9569,77.5286,12.9483,77.5267,985.5,328.4,329.386,16.4711,Aligned,0.8451,0.8595,0.1496,0.0004,-0.0095,80.8875,79.9413,100.0,10.4265,18.7618,78.0448,74.8532,0.0,60.0,5.1074,No,0.0,-0.0017,0.0409,Poor,Low,0.3654,10.0,10.0,20.9333,Safe,69.5024,79.1728,20.3606,Aligned,84.2914,50.1237,Separated Traffic,Peri-Urban,8.0514,True,Commercial,Poor Infrastructure,0.1865,Light,False,63.7604,-0.0097,-0.0071,Aligned,80,Gangagondanahalli Ro,1
822,Ganganagara 5th Main Road,Urban Road,URB-00822,822,13.0249,77.593,13.0255,77.5853,863.5,328.8,329.663,14.7786,Aligned,0.8378,0.8412,0.1742,-0.0026,-0.0067,40.8314,41.1866,96.1942,8.2045,18.0652,78.4307,56.7013,0.0391,58.8587,10.8241,No,0.0,0.0024,0.0915,Good,Medium,0.2528,10.0,10.3678,20.6521,Safe,71.2132,42.2504,17.5471,Aligned,40.3827,41.9076,Separated Traffic,Rural,7.8331,True,Commercial,Poor Infrastructure,0.1836,Light,False,33.9464,0.0094,-0.001,Aligned,41,Ganganagara 5th Main,1
823,Gayathri Nagar Main Road,Urban Road,URB-00823,823,13.004,77.5614,12.9976,77.5598,739.7,329.2,329.94,13.3265,Aligned,0.8738,0.8335,0.1498,-0.0124,-0.0017,34.3416,33.3677,86.2791,17.3047,29.6266,70.9054,88.768,0.0,39.1225,19.0125,No,0.0,0.0032,0.0073,Poor,Low,1.5,10.0,10.2474,23.882,Safe,71.0271,36.5252,21.3737,Aligned,36.7998,67.2499,Separated Traffic,Urban,5.1041,True,Industrial,Poor Infrastructure,0.0119,,False,30.4826,0.0054,0.004,Aligned,36,Gayathri Nagar Main ,1
824,Gear School road,Urban Road,URB-00824,824,12.9073,77.6956,12.918,77.6979,4035.3,329.6,333.635,13.4433,Aligned,0.8997,0.8942,0.1073,0.005,-0.0024,52.5451,51.3744,98.5057,2.471,17.9844,80.6092,58.9917,0.0,59.5685,7.1642,No,0.0,0.0047,-0.001,Poor,Medium,0.2529,10.0,10.0,22.0497,Safe,68.5041,52.9851,19.6614,Aligned,51.2864,44.8596,Separated Traffic,Rural,4.1088,True,Mixed,Poor Infrastructure,-0.0066,,False,41.7527,-0.0129,-0.0014,Aligned,51,Gear School road,1
825,Global Village Road,Urban Road,URB-00825,825,12.9234,77.4974,12.9229,77.5054,1514.6,330.0,331.515,40.1521,Moderate Misalignment,0.9471,-0.0133,0.9304,0.0411,-0.0004,82.0361,80.1006,98.7401,19.3215,21.553,79.4528,97.587,0.0,59.5441,12.7465,No,0.0,-0.0036,0.0547,Poor,High,0.4166,10.0,14.0312,25.4441,Moderate Risk,66.4893,78.8893,29.5122,Moderate Misalignment,92.5067,51.9385,Separated Traffic,Peri-Urban,7.8441,True,Residential,Poor Infrastructure,0.0028,,False,78.7723,-0.0073,0.0026,Moderate Misalignment,82,Global Village Road,1
826,Goraguntepalya Flyover,National Highway,NH-00826,826,13.032,77.5343,13.0489,77.4966,4532.2,330.4,334.932,11.1228,Aligned,0.9744,0.9199,0.0019,0.0051,-0.0123,27.6672,29.4344,78.0007,11.8059,28.9764,48.8872,77.3601,0.2572,60.0,16.1259,No,0.0,-0.0053,0.0499,Poor,Low,1.8964,10.0,10.3569,25.1113,Safe,69.1898,27.9558,21.6494,Aligned,27.6663,67.1258,Side Impact Potential,Urban,1.9575,True,Commercial,Poor Infrastructure,0.0205,,False,23.2456,-0.007,-0.0028,Aligned,29,Goraguntepalya Flyov,1
827,Goraguntepalya Flyover,National Highway,NH-00827,827,13.0489,77.497,13.0321,77.5345,4506.7,330.8,335.307,41.0653,Moderate Misalignment,0.9781,0.0128,1.0436,0.0269,-0.0049,29.7516,29.5671,70.4604,72.7745,62.7346,29.9553,82.9994,0.0783,60.0,79.9379,No,0.0,0.0045,0.9983,Good,High,2.2035,10.0,10.0,33.5815,Moderate Risk,70.8415,29.8131,39.1226,Moderate Misalignment,40.5701,61.4518,Significant Pedestrian Interaction,Urban,2.1256,False,Residential,High Pedestrian Interaction | Approach to Congestion (Tapered) | Above Human Tolerance Limit,0.1837,Light,True,29.0958,-0.0037,0.0058,Moderate Misalignment,31,Goraguntepalya Flyov,2
828,Goshala Road,Urban Road,URB-00828,828,12.9809,77.6951,12.9939,77.7017,2255.2,331.2,333.455,34.2442,Moderate Misalignment,0.7797,0.2056,0.7763,-0.0153,0.0086,28.1191,29.4708,54.0416,43.303,45.0318,29.0822,78.2574,0.5273,40.8149,54.636,No,0.0,-0.0079,0.9842,Good,Low,1.8088,10.0,10.3173,31.9841,Moderate Risk,66.5664,28.1672,36.8007,Moderate Misalignment,33.4079,48.5594,Significant Pedestrian Interaction,Peri-Urban,3.0249,False,Industrial,High Pedestrian Interaction | Above Human Tolerance Limit,0.0006,,False,29.2123,0.0057,-0.0001,Moderate Misalignment,27,Goshala Road,1
829,Gottigere Main Road,Urban Road,URB-00829,829,12.8575,77.5889,12.8657,77.5809,1380.3,331.6,332.98,28.2488,Moderate Misalignment,0.6035,0.4376,0.6451,-0.0024,0.0057,26.5407,28.7408,52.0639,33.8838,36.3007,49.4223,93.237,0.0151,30.3204,31.7043,No,0.0,0.0015,0.9677,Good,Medium,2.6789,10.0,10.0,23.7946,Safe,74.6085,29.706,22.0564,Aligned,29.0175,62.5261,Side Impact Potential,Urban,4.0076,False,Mixed,Poor Infrastructure,-0.0011,,False,27.8989,-0.0026,0.0105,Moderate Misalignment,26,Gottigere Main Road,1
830,Gottigere Tank Bund Road,Urban Road,URB-00830,830,12.8561,77.5925,12.8565,77.5889,633.3,332.0,332.633,64.4015,High Misalignment,0.7162,-0.0183,0.2855,0.7411,-0.0006,50.8483,49.8766,100.0,51.5603,32.6157,50.1851,72.0734,0.0,60.0,26.817,No,0.0,-0.0045,0.0438,Poor,Medium,0.6388,10.0,10.0,35.5445,Moderate Risk,56.3147,50.471,57.4824,High Misalignment,68.2178,59.8675,Side Impact Potential,Urban,4.945,False,Commercial,Speed Limit Misaligned | Above Human Tolerance Limit,-0.0052,,False,60.7525,0.0089,-0.0026,High Misalignment,51,Gottigere Tank Bund ,1
831,Government School Road,Urban Road,URB-00831,831,12.9055,77.6413,12.9057,77.639,247.7,332.4,332.648,36.7421,Moderate Misalignment,0.9136,0.1419,0.9333,-0.0105,-0.0011,51.388,51.8087,83.0127,50.1153,43.5331,51.6706,91.7894,0.0,60.0,44.6776,No,0.0,0.0014,1.0487,Good,Low,2.1532,10.0,20.0172,27.7759,Moderate Risk,70.205,48.9417,32.6898,Moderate Misalignment,61.4454,60.7268,Side Impact Potential,Urban,4.1198,True,Mixed,Meets Safe System Standards,0.0018,,False,55.4746,0.0138,-0.0027,Moderate Misalignment,51,Government School Ro,1
832,Govindapura Road,Urban Road,URB-00832,832,13.0346,77.6134,13.042,77.6136,884.0,332.8,333.684,8.6151,Aligned,1.0143,1.0034,-0.0198,-0.006,0.0058,25.2909,25.1367,26.3554,0.0,16.7852,51.0218,82.2982,0.0,40.2932,2.3112,No,0.0,0.0044,-0.0207,Poor,High,3.3101,10.0,10.4079,21.1074,Safe,67.7984,25.1098,18.6695,Aligned,23.5429,51.0551,Side Impact Potential,Peri-Urban,0.8805,False,Commercial,Poor Infrastructure,0.2323,Light,False,17.6883,-0.0129,0.0113,Aligned,24,Govindapura Road,1
833,Graphite India Road,State Highway,SH-00833,833,12.9849,77.7083,12.993,77.7053,986.2,333.2,334.186,9.807,Aligned,0.9963,0.9942,-0.0049,0.0133,0.0026,23.7729,20.4444,55.7374,26.4097,20.6775,49.0218,84.6537,0.0,40.0,17.2543,No,0.0,0.0041,-0.0268,Poor,Low,1.26,10.0,10.3342,20.0667,Safe,73.6108,21.9872,16.4022,Aligned,21.7868,40.2555,Side Impact Potential,Rural,3.9892,False,Residential,Approach to Congestion (Tapered) | Poor Infrastructure,-0.0124,,True,22.1147,-0.0059,-0.0031,Aligned,21,Graphite India Road,1
834,Gubbi Thotadappa Road,State Highway,SH-00834,834,12.9753,77.5708,12.9753,77.5708,699.9,333.6,334.3,8.9674,Aligned,0.9488,0.9379,0.0444,-0.0106,-0.0068,33.5024,32.5961,72.097,27.774,37.3519,52.2905,65.4756,0.0065,50.7814,37.5613,No,0.0,-0.012,0.9754,Good,Low,1.6615,10.0,10.0,24.8445,Moderate Risk,71.6345,33.2037,21.8045,Aligned,31.5528,56.1442,Side Impact Potential,Urban,1.9765,False,Residential,Poor Infrastructure,0.0202,,False,25.7108,0.0076,-0.0158,Aligned,32,Gubbi Thotadappa Roa,1
835,Gunjur Balagere Road,Urban Road,URB-00835,835,12.9396,77.729,12.9223,77.7311,2195.3,334.0,336.195,38.3862,Moderate Misalignment,0.8726,0.1318,0.8128,0.0406,-0.0075,79.6577,79.0583,98.9178,20.7386,24.3934,80.1415,90.2321,0.2012,58.6698,15.8166,No,0.0,0.0037,-0.0167,Poor,High,0.2504,10.0,10.5465,28.4583,Moderate Risk,61.6246,79.9614,36.8174,Moderate Misalignment,95.8877,49.6055,Separated Traffic,Peri-Urban,8.0545,True,Residential,Poor Infrastructure | Above Human Tolerance Limit,-0.0068,,False,85.876,0.0165,0.0009,Moderate Misalignment,79,Gunjur Balagere Road,1
836,Gunjur Varthur Main Road,Urban Road,URB-00836,836,12.9035,77.704,12.9087,77.7057,605.1,334.4,335.005,40.7985,Moderate Misalignment,0.9512,0.0171,0.9468,0.0344,0.005,30.3291,31.9722,74.7659,58.2375,52.9767,30.1985,94.56,0.0,40.9052,59.7844,No,0.0,-0.0037,0.9704,Good,Medium,1.5014,10.0,11.2677,34.0033,Moderate Risk,68.0174,30.8181,41.7534,Moderate Misalignment,45.8813,67.0137,Significant Pedestrian Interaction,Urban,3.8575,False,Commercial,High Pedestrian Interaction | Above Human Tolerance Limit,-0.0184,,False,36.2626,-0.0112,0.0108,Moderate Misalignment,30,Gunjur Varthur Main ,1
837,Gunjurpalya Road,Urban Road,URB-00837,837,12.932,77.7091,12.9361,77.7079,521.6,334.8,335.322,11.8277,Aligned,0.9451,0.96,0.0354,-0.0103,-0.0073,34.6616,34.3399,57.7348,20.769,26.0476,50.4649,82.1922,0.0,38.6642,16.0862,No,0.0,0.0004,0.0021,Poor,Low,2.9263,10.0,10.0,21.9323,Safe,72.8449,33.5993,20.3522,Aligned,37.4999,56.66,Side Impact Potential,Urban,1.924,True,Commercial,Poor Infrastructure,-0.0118,,False,27.3945,-0.0071,-0.0133,Aligned,35,Gunjurpalya Road,1
838,Gunjurupalya Road,Urban Road,URB-00838,838,12.9212,77.7364,12.932,77.7091,3669.7,335.2,338.87,45.7469,Moderate Misalignment,0.6852,0.0761,0.6646,0.2174,-0.008,49.5577,52.2652,99.4618,13.2136,27.9073,50.7848,65.9963,0.2966,59.9767,28.9158,No,0.0,0.0013,0.9884,Good,Medium,0.2027,10.0,10.0,33.5168,Moderate Risk,54.8947,50.0289,45.8546,Moderate Misalignment,64.5924,39.2897,Side Impact Potential,Rural,4.1227,False,Residential,Approach to Congestion (Tapered) | Poor Infrastructure | Above Human Tolerance Limit,0.1885,Light,True,45.612,0.0083,-0.0039,Moderate Misalignment,49,Gunjurupalya Road,1
839,Gurumurthy Swamy Temple Road,Urban Road,URB-00839,839,12.8988,77.6513,12.8995,77.6488,303.3,335.6,335.903,10.9721,Aligned,1.0076,1.0163,-0.0131,-0.0112,-0.0017,34.0272,31.8734,26.2717,0.3251,16.3911,50.8538,69.8156,0.0602,31.9724,10.5359,No,0.0,-0.0055,-0.0294,Good,Medium,0.794,10.0,10.1192,21.7771,Safe,67.6419,31.1037,20.7368,Aligned,28.4359,43.4443,Side Impact Potential,Rural,0.9013,False,Residential,Active Congestion | Poor Infrastructure,0.6549,Severe,False,10.0,0.0067,0.0009,Aligned,34,Gurumurthy Swamy Tem,1
840,Gutahalli Palace Main Road,Urban Road,URB-00840,840,12.9994,77.5829,12.9986,77.5841,194.9,336.0,336.195,35.5323,Moderate Misalignment,0.806,0.1663,0.8265,0.04,-0.0136,80.5713,80.3884,97.8493,1.2184,19.2134,77.4777,88.5704,0.1526,59.3354,10.8438,No,0.0,0.01,-0.0714,Poor,Low,0.0579,10.0,10.8961,31.0271,Moderate Risk,53.7883,82.4376,41.6075,Moderate Misalignment,99.7155,42.8701,Separated Traffic,Rural,6.1611,True,Commercial,Poor Infrastructure | Above Human Tolerance Limit,0.0171,,False,86.8534,-0.0025,0.0206,Moderate Misalignment,79,Gutahalli Palace Mai,1
841,H N Nanjegowda Road,Urban Road,URB-00841,841,12.9491,77.5629,12.9488,77.5566,713.3,336.4,337.113,51.6525,Moderate Misalignment,0.7017,-0.0203,0.6992,0.2217,0.0751,46.6679,49.4178,99.7416,0.2719,16.9341,49.6288,97.1102,0.3007,60.0,2.1588,No,0.0,0.0045,0.0084,Good,High,0.3601,10.0,10.0,33.5491,Moderate Risk,50.3202,48.2563,51.3362,High Misalignment,74.9889,51.604,Side Impact Potential,Peri-Urban,8.0712,False,Industrial,Speed Limit Misaligned | Poor Infrastructure | Above Human Tolerance Limit,-0.035,,False,67.3442,0.0179,-0.007,Moderate Misalignment,49,H N Nanjegowda Road,1
842,H. Siddaiah Road,State Highway,SH-00842,842,12.9577,77.5821,12.9542,77.5902,979.7,336.8,337.78,30.6269,Moderate Misalignment,0.7931,0.2005,0.7992,0.0,0.0008,47.7953,49.3997,51.2619,11.6493,22.9575,50.104,48.204,0.2403,50.6344,18.6199,No,0.0,-0.0069,-0.0143,Poor,Low,1.0134,10.0,18.6131,25.7428,Moderate Risk,65.3578,49.7197,28.6325,Moderate Misalignment,58.1524,38.7883,Side Impact Potential,Rural,1.8282,False,Mixed,Active Congestion | Poor Infrastructure,0.7238,Severe,False,16.3348,0.0066,-0.0053,Moderate Misalignment,48,H. Siddaiah Road,1
843,H. Siddiah Road,State Highway,SH-00843,843,12.9542,77.5902,12.9538,77.5914,134.8,337.2,337.335,33.9616,Moderate Misalignment,0.7336,0.2459,0.7198,0.0131,-0.0073,80.7104,80.1102,100.0,6.9051,18.6585,80.3297,87.061,0.0,68.1212,12.6078,No,0.0,-0.0009,-0.0365,Poor,High,0.2059,10.0,17.1496,26.9486,Moderate Risk,63.0795,77.5353,31.4966,Moderate Misalignment,85.407,40.6959,Separated Traffic,Rural,5.1057,True,Industrial,Poor Infrastructure,0.1618,Light,False,63.0297,0.0071,0.0005,Moderate Misalignment,80,H. Siddiah Road,1
844,HAL Old Airport Road,State Highway,SH-00844,844,12.966,77.6252,12.966,77.6252,12273.2,337.6,349.873,11.4931,Aligned,0.9689,0.97,0.0597,-0.0127,0.0059,31.1837,30.3929,32.2565,0.0,16.7024,49.9418,93.8878,0.0902,40.0,3.113,No,0.0,-0.0028,0.048,Poor,Low,3.2981,10.0,10.082,22.2106,Safe,67.5575,30.2873,19.7482,Aligned,30.8963,55.377,Side Impact Potential,Peri-Urban,1.9334,False,Residential,Poor Infrastructure,0.0043,,False,28.2076,-0.0039,-0.0044,Aligned,32,HAL Old Airport Road,1
845,HMT Link Road,Urban Road,URB-00845,845,13.0326,77.5337,13.0416,77.5392,1749.2,338.0,339.749,13.69,Aligned,0.9131,0.8932,0.0434,0.0183,0.013,60.5967,61.5681,96.3747,11.313,13.9007,77.606,15.8677,0.2047,60.0,9.8708,No,0.0,0.0011,-0.0366,Poor,Medium,0.2565,10.0,10.0,19.112,Safe,71.7791,60.1146,15.9786,Aligned,60.1133,34.6867,Separated Traffic,Rural,4.8804,True,Residential,Active Congestion | Poor Infrastructure,0.6129,Severe,False,24.6828,0.0049,-0.0053,Aligned,62,HMT Link Road,1