segment_id,road_name,road_type,human_segment_id,internal_id,start_lat,start_lon,end_lat,end_lon,length_m,start_km,end_km,road_risk_score,ai_risk_label,ai_risk_probability,prob_low_risk,prob_medium_risk,prob_high_risk,prob_critical_risk,ai_recommended_speed,recommended_safe_speed,road_function_score,infrastructure_score,exposure_score,human_tolerance_limit,operating_speed_score,crash_risk_score,posted_speed_limit,pedestrian_exposure_score,blackspot_flag,crash_count,fatal_crashes,schools_count,lighting_quality,roadside_hazards,intersection_density,speed_compliance_rate,speed_violation_score,hotspot_score,hotspot_category,speed_safety_score,original_safe_speed,misalignment_score,misalignment_category,speed_p85,ptw_share_pct,exposure_tier,urban_rural_flag,lane_count,median_presence,land_use_type,top_ai_factors,congestion_index,congestion_category,congestion_smoothed,operating_speed_mean,minor_crashes,major_crashes,risk_category,final_safe_speed,corridor_base,corridor_seq
846,HMT Main Road,Urban Road,URB-00846,846,13.0487,77.5355,13.0494,77.5427,2009.9,338.4,340.41,12.4287,Aligned,0.9284,0.9239,0.0839,0.0018,-0.0003,47.3156,50.5819,71.7596,34.1434,31.1485,48.9987,92.2662,0.3276,50.4341,27.0854,No,0.0,0.0026,-0.0024,Good,Low,2.5879,10.0,10.0,22.1089,Safe,74.8445,49.8051,20.4639,Aligned,53.8659,59.5869,Side Impact Potential,Urban,1.9505,False,Commercial,Meets Safe System Standards,-0.0082,,False,43.9909,0.0072,-0.0029,Aligned,50,HMT Main Road,1
847,HMT Main Road,Urban Road,URB-00847,847,13.0493,77.5448,13.0532,77.551,1082.5,338.8,339.882,9.9787,Aligned,1.0007,1.0126,-0.0033,-0.0083,-0.0146,26.0672,24.317,53.035,0.0,14.4082,48.9413,82.7629,0.2041,60.0,2.3269,No,0.0,0.0019,0.0041,Poor,Medium,1.164,10.0,10.0,21.4215,Safe,69.2902,24.3373,19.1126,Aligned,25.6067,44.3869,Side Impact Potential,Rural,3.8865,False,Industrial,Poor Infrastructure,0.1997,Light,False,19.0228,-0.0076,-0.0035,Aligned,25,HMT Main Road,2
848,Hagadur Road,Urban Road,URB-00848,848,12.9614,77.7477,12.9667,77.7631,1961.0,339.2,341.161,13.3609,Aligned,0.9096,0.9214,0.1117,-0.0037,0.0067,27.6686,24.6493,50.4224,21.6179,28.4584,50.5275,88.3244,0.2438,30.9966,13.5959,No,0.0,-0.0036,-0.0096,Good,Low,3.4595,10.0,10.0,23.1909,Safe,72.7441,27.4818,19.2824,Aligned,28.5444,67.5906,Side Impact Potential,Urban,2.972,False,Commercial,Poor Infrastructure,-0.012,,False,21.7376,0.0218,-0.0204,Aligned,27,Hagadur Road,1
849,Haines Road,State Highway,SH-00849,849,13.001,77.6117,12.9936,77.6072,1263.7,339.6,340.864,12.6768,Aligned,0.9309,0.951,0.0274,0.031,0.0093,81.8059,79.9143,99.4002,0.0,16.3281,78.1851,16.6623,0.1554,80.0,11.1932,No,0.0,-0.0078,-0.1046,Poor,Medium,0.2246,10.0,10.1129,23.5891,Safe,64.9214,82.684,23.102,Aligned,81.3999,32.8925,Separated Traffic,Rural,5.0305,True,Industrial,Active Congestion | Poor Infrastructure,0.7306,Severe,False,25.43,-0.0152,-0.0071,Aligned,81,Haines Road,1
850,Hains Road,State Highway,SH-00850,850,12.9936,77.6072,12.9904,77.6071,361.1,340.0,340.361,16.2928,Aligned,0.8088,0.7796,0.1756,-0.0044,-0.0018,50.9953,53.6983,98.9315,37.4787,38.0766,80.2021,74.1449,0.4478,59.1816,32.8846,No,0.0,-0.0094,0.999,Good,High,0.592,10.0,10.2434,23.7348,Safe,74.896,52.1757,22.1179,Aligned,52.2724,67.9029,Separated Traffic,Urban,6.8929,True,Mixed,Approach to Congestion (Tapered),-0.012,,True,42.2937,-0.01,0.0055,Aligned,52,Hains Road,1
851,Halasuru Road,Urban Road,URB-00851,851,12.9763,77.6147,12.9747,77.6201,608.2,340.4,341.008,13.6403,Aligned,0.9123,0.8726,0.0793,0.0064,0.0183,62.5362,59.5373,97.7506,10.5839,13.8871,79.2047,16.3142,0.0,60.0,8.5662,No,0.0,-0.0014,-0.0146,Poor,Medium,0.072,10.0,10.0,18.6549,Safe,71.4697,60.9718,15.5616,Aligned,62.2774,34.5956,Separated Traffic,Rural,4.727,True,Residential,Active Congestion | Poor Infrastructure,0.6342,Severe,False,24.9729,-0.0024,-0.0125,Aligned,63,Halasuru Road,1
852,Hall Road,State Highway,SH-00852,852,13.0032,77.6193,13.0038,77.6176,203.3,340.8,341.003,13.1679,Aligned,0.9123,0.9387,0.1045,-0.0013,-0.004,59.0305,56.7496,99.3627,18.2773,24.1083,80.822,69.2861,0.0,59.8694,11.0449,No,0.0,-0.0034,-0.0371,Good,High,0.2517,10.0,10.0072,22.2272,Safe,71.6133,59.0721,19.6307,Aligned,58.3797,60.8356,Separated Traffic,Peri-Urban,5.9421,True,Residential,Poor Infrastructure,-0.0049,,False,48.4262,0.0009,0.0023,Aligned,57,Hall Road,1
853,Hall Road,Urban Road,URB-00853,853,13.0044,77.6165,13.0046,77.6158,71.7,341.2,341.272,9.9881,Aligned,0.99,0.9872,0.0339,0.0147,-0.008,34.8385,37.6504,25.6672,0.0,14.3241,49.601,77.7151,0.0118,30.1148,8.1736,No,0.0,-0.0106,-0.0277,Poor,Low,1.8166,10.0,22.1906,23.0841,Safe,66.1666,36.979,26.1306,Aligned,34.3522,33.0472,Side Impact Potential,Rural,0.9899,False,Residential,Active Congestion | Poor Infrastructure,0.624,Severe,False,15.7655,-0.0051,0.0031,Aligned,34,Hall Road,2
854,Hanumantha Nagar Main Road / 50 Feet Road,Urban Road,URB-00854,854,12.9418,77.5651,12.9416,77.5592,632.9,341.6,342.233,9.0617,Aligned,0.974,0.9567,-0.0106,-0.0142,-0.0031,27.4814,26.9685,30.4398,3.0639,14.0706,49.9165,80.2251,0.0,21.0571,5.4027,No,0.0,-0.0082,0.0467,Poor,Medium,2.5943,10.0,34.3971,23.3398,Safe,66.6519,25.5055,24.5471,Aligned,27.7474,39.3586,Side Impact Potential,Rural,2.0884,False,Residential,Active Congestion | Poor Infrastructure,0.7387,Severe,False,10.0,0.0097,0.0066,Aligned,27,Hanumantha Nagar Mai,1
855,Haralur Road,Urban Road,URB-00855,855,12.8708,77.6542,12.9188,77.6688,5981.8,342.0,347.982,17.3792,Aligned,0.7127,0.6934,0.2905,-0.018,-0.0005,51.7066,49.4754,75.9386,19.6055,32.2197,48.8355,89.2089,0.4115,52.8955,19.5145,No,0.0,0.0005,1.0109,Good,Low,1.8247,10.0,17.4775,28.0341,Moderate Risk,65.5944,51.2187,31.5107,Moderate Misalignment,59.101,67.6175,Side Impact Potential,Urban,3.9492,False,Industrial,Poor Infrastructure,0.2098,Light,False,42.6989,-0.0036,-0.0199,Aligned,53,Haralur Road,1
856,Hare Krishna Road,Urban Road,URB-00856,856,12.9865,77.5797,12.9857,77.581,1283.7,342.4,343.684,37.9313,Moderate Misalignment,0.9757,0.0321,0.9899,-0.0002,0.0038,49.2483,48.1888,52.8242,36.1039,44.8043,51.1399,97.6371,0.0,41.6946,50.3368,No,0.0,0.0016,0.9757,Good,Medium,2.3905,10.0,35.6772,32.4729,Moderate Risk,63.9629,51.9857,36.6059,Moderate Misalignment,51.3621,65.5037,Side Impact Potential,Urban,3.8685,False,Commercial,Meets Safe System Standards,0.2104,Light,False,39.7209,-0.0018,0.0073,Moderate Misalignment,51,Hare Krishna Road,1
857,Hare Krishna Road,Urban Road,URB-00857,857,12.9843,77.5823,12.9842,77.5819,121.3,342.8,342.921,37.9529,Moderate Misalignment,0.9276,0.0078,0.9226,0.0263,0.0092,32.4448,30.627,61.5477,65.3687,56.3124,30.4717,81.3378,0.0,40.4501,80.0685,No,0.0,-0.0004,0.9928,Good,Medium,2.08,10.0,10.3881,31.7662,Moderate Risk,71.1875,31.1095,37.4049,Moderate Misalignment,31.5269,59.5702,Significant Pedestrian Interaction,Urban,3.023,True,Commercial,High Pedestrian Interaction | Above Human Tolerance Limit,-0.0037,,False,28.0883,-0.0047,-0.0122,Moderate Misalignment,30,Hare Krishna Road,2
858,Hayes Road,Urban Road,URB-00858,858,12.9654,77.6015,12.968,77.6003,330.6,343.2,343.531,41.6163,Moderate Misalignment,0.9736,0.03,1.0082,0.0178,-0.0039,77.1956,79.7864,99.8963,25.3271,13.786,81.8871,11.2072,0.4635,60.0,7.9679,No,0.0,0.0034,-0.0529,Poor,Low,0.1041,10.0,10.261,22.3582,Safe,67.6966,79.3588,29.099,Moderate Misalignment,82.3092,35.7959,Separated Traffic,Rural,5.0555,True,Residential,Active Congestion | Poor Infrastructure | Above Human Tolerance Limit,0.651,Severe,False,28.0824,0.013,-0.0034,Moderate Misalignment,80,Hayes Road,1
859,Hazrat Kambal Posh Road,Urban Road,URB-00859,859,12.9856,77.6057,12.9918,77.5999,988.3,343.6,344.588,35.8378,Moderate Misalignment,0.8522,0.1806,0.8522,-0.0051,-0.0127,47.2001,45.3927,50.244,10.6036,27.6883,49.1168,100.0,0.0223,38.1954,20.4563,No,0.0,-0.0108,-0.0078,Poor,High,1.5557,10.0,12.3604,26.5579,Moderate Risk,66.1556,44.5258,27.7761,Moderate Misalignment,47.4406,56.435,Side Impact Potential,Peri-Urban,3.0787,False,Industrial,Poor Infrastructure,0.0332,,False,36.6574,-0.0005,-0.0142,Moderate Misalignment,47,Hazrat Kambal Posh R,1
860,Hebbal Flyover Ramp,National Highway,NH-00860,860,13.0419,77.5899,13.0428,77.5869,399.6,344.0,344.4,9.5182,Aligned,0.9865,0.9903,0.0644,0.0092,0.0058,24.1334,24.3187,29.963,0.4017,12.8492,50.7891,84.7012,0.3262,60.0,2.1262,No,0.0,-0.0061,-0.0468,Poor,Medium,2.3327,10.0,10.3647,20.7515,Safe,69.862,24.5348,16.5813,Aligned,25.1802,37.8221,Side Impact Potential,Rural,1.1388,False,Residential,Poor Infrastructure,-0.005,,False,22.621,0.0026,-0.0067,Aligned,24,Hebbal Flyover Ramp,1
861,Hebbal Flyover,National Highway,NH-00861,861,13.0473,77.5919,13.0393,77.5895,927.9,344.4,345.328,11.2074,Aligned,0.9154,0.9327,0.0954,0.0033,-0.008,61.3109,59.8313,100.0,0.0,12.9208,79.5802,67.1029,0.0784,60.0,1.6841,No,0.0,-0.0022,0.0552,Poor,Medium,0.1331,10.0,10.328,19.7932,Safe,69.27,60.6687,18.8625,Aligned,62.3775,41.5655,Separated Traffic,Rural,8.0653,True,Residential,Poor Infrastructure,0.1593,Light,False,49.0304,0.008,0.0059,Aligned,61,Hebbal Flyover,1
862,Hebbal Flyover,National Highway,NH-00862,862,13.0293,77.5864,13.0465,77.5914,2003.7,344.8,346.804,10.4976,Aligned,0.9515,0.9537,0.0321,-0.002,0.0086,28.4894,28.8339,56.0405,50.7696,45.0602,50.2593,86.9574,0.1279,60.0,47.1238,No,0.0,0.0025,0.9493,Good,High,2.9515,10.0,10.0,25.1148,Moderate Risk,76.521,29.6809,23.5391,Aligned,29.6777,67.5607,Side Impact Potential,Urban,3.9966,False,Commercial,Meets Safe System Standards,0.2202,Light,False,20.8953,0.0071,-0.0029,Aligned,30,Hebbal Flyover,2
863,Hebbal Flyover,National Highway,NH-00863,863,13.0427,77.5904,13.0365,77.5893,704.5,345.2,345.905,39.1921,Moderate Misalignment,0.9893,0.0331,0.9423,0.0176,-0.0065,51.4665,50.9304,72.8065,45.4247,35.3355,47.8982,97.5919,0.0,60.0,33.1035,No,0.0,-0.0034,-0.0097,Poor,Low,1.8769,10.0,20.5025,27.2006,Moderate Risk,72.0826,49.7427,28.9592,Moderate Misalignment,58.8429,61.6376,Side Impact Potential,Urban,3.9106,False,Mixed,Meets Safe System Standards,0.0311,,False,52.3365,0.0065,-0.0017,Moderate Misalignment,52,Hebbal Flyover,3
864,Hebbal Flyover,National Highway,NH-00864,864,13.0396,77.5894,13.0464,77.5912,784.0,345.6,346.384,12.2811,Aligned,0.9615,1.0025,0.0342,-0.0002,0.0023,26.4407,25.671,29.396,13.0517,18.6404,50.6669,90.871,0.2435,60.0,6.7858,No,0.0,0.0047,-0.029,Good,High,2.7062,10.0,10.0,20.4985,Safe,73.0051,26.9191,17.9738,Aligned,26.2365,51.274,Side Impact Potential,Peri-Urban,2.062,False,Residential,Poor Infrastructure,0.0276,,False,23.0742,0.0131,0.0019,Aligned,26,Hebbal Flyover,4
865,Hebbal Service Road towards Bengaluru,National Highway,NH-00865,865,13.0817,77.5934,13.0735,77.5928,953.4,346.0,346.953,25.7711,Aligned,0.5308,0.4923,0.4658,0.0185,-0.0065,43.0779,43.5743,78.7335,40.0704,32.7139,50.0649,95.4355,0.0,60.0,27.4779,No,0.0,0.0035,0.0269,Good,Medium,1.9714,10.0,10.995,22.9109,Safe,74.8738,42.0153,22.4221,Aligned,43.5228,56.5513,Side Impact Potential,Urban,5.6625,False,Mixed,Meets Safe System Standards,0.0012,,False,37.5846,0.0059,-0.0002,Aligned,43,Hebbal Service Road ,1
866,Hegganahalli Main Road,Urban Road,URB-00866,866,12.9897,77.5058,13.011,77.5069,2730.0,346.4,349.13,26.5315,Aligned,0.6422,0.6295,0.2041,0.136,-0.0006,80.6297,80.1677,96.2709,22.7451,29.8038,80.8263,85.7717,0.6536,60.0,23.554,No,0.0,-0.0043,1.009,Good,High,0.5969,10.0,11.485,26.5842,Moderate Risk,66.9784,81.3023,28.562,Moderate Misalignment,91.0791,55.7927,Separated Traffic,Urban,3.926,True,Residential,Poor Infrastructure,0.1437,Light,False,69.1393,-0.0071,0.0004,Aligned,82,Hegganahalli Main Ro,1
867,Hemmigepura Main Road,Urban Road,URB-00867,867,12.8906,77.489,12.8924,77.4863,3268.2,346.8,350.068,11.8448,Aligned,0.935,0.9546,0.0686,0.0006,-0.0017,36.5953,37.0341,52.6798,5.6377,24.5042,52.7499,78.9447,0.0,40.1386,13.3487,No,0.0,0.0042,-0.0459,Poor,Medium,1.9879,10.0,10.0,23.4125,Safe,69.9133,36.2946,19.7435,Aligned,34.7997,50.6043,Side Impact Potential,Peri-Urban,2.9774,False,Residential,Poor Infrastructure,0.1631,Light,False,28.1578,0.0223,0.0173,Aligned,37,Hemmigepura Main Roa,1
868,Hennur Bagalur Road,State Highway,SH-00868,868,13.0422,77.642,13.0442,77.6431,8775.1,347.2,355.975,14.8812,Aligned,0.8662,0.8972,0.1643,0.0273,-0.0011,42.3959,43.2796,97.3859,15.8454,14.4055,78.0753,61.2297,0.0924,57.8064,8.2616,No,0.0,0.0004,-0.024,Poor,High,0.0944,10.0,10.0,18.9756,Safe,72.8646,39.2875,15.6971,Aligned,42.3307,36.6391,Separated Traffic,Rural,4.0127,True,Residential,Poor Infrastructure,0.1672,Light,False,34.0154,0.002,-0.0003,Aligned,43,Hennur Bagalur Road,1
869,Hennur Flyover,Urban Road,URB-00869,869,13.0225,77.6306,13.0227,77.6307,1916.7,347.6,349.517,36.6244,Moderate Misalignment,0.9074,0.0964,0.9124,-0.001,-0.005,39.1331,38.2265,52.3312,10.7382,24.1655,50.3936,99.2378,0.0,29.7627,8.8661,No,0.0,-0.0173,-0.0855,Poor,Low,3.1071,10.0,24.6505,26.1545,Moderate Risk,64.8813,39.5843,28.8642,Moderate Misalignment,39.0561,64.0263,Side Impact Potential,Urban,3.0481,False,Residential,Poor Infrastructure,0.0156,,False,33.5435,0.0124,0.0056,Moderate Misalignment,38,Hennur Flyover,1
870,Hennur Main Road Service Road,Urban Road,URB-00870,870,13.0063,77.6209,13.0063,77.621,411.5,348.0,348.411,39.4595,Moderate Misalignment,0.9669,-0.009,0.936,0.0163,-0.0034,80.721,80.2622,98.7582,0.0,11.2222,79.4863,87.8981,0.0,59.798,0.4748,No,0.0,0.0165,0.0149,Good,Low,0.1925,10.0,28.2045,27.8052,Moderate Risk,57.6769,77.9068,37.1845,Moderate Misalignment,88.7318,40.0734,Separated Traffic,Rural,5.8553,True,Residential,Poor Infrastructure,0.0049,,False,80.7477,-0.0025,0.0048,Moderate Misalignment,82,Hennur Main Road Ser,1
871,Hennur Main Road Service Road,Urban Road,URB-00871,871,13.011,77.6249,13.011,77.6247,623.2,348.4,349.023,11.8642,Aligned,0.9763,1.0083,-0.0002,0.0051,0.0077,26.8787,27.9141,60.3173,65.2062,37.1602,50.282,84.8495,0.0,30.2164,36.8219,No,0.0,0.0008,0.0039,Poor,High,2.5012,10.0,10.2152,19.406,Safe,82.3878,26.0963,16.4797,Aligned,26.589,58.7914,Side Impact Potential,Urban,4.0642,True,Mixed,Meets Safe System Standards,0.2029,Light,False,18.1182,0.0051,-0.0032,Aligned,26,Hennur Main Road Ser,2
872,Hennur Main Road,State Highway,SH-00872,872,13.0014,77.6187,13.0035,77.6194,986.4,348.8,349.786,24.4883,Moderate Misalignment,0.486,0.4759,0.512,0.0269,-0.0023,80.4364,81.9361,98.2648,3.0014,9.9461,79.348,87.6022,0.4972,58.9022,1.2029,No,0.0,-0.003,0.0196,Poor,Low,0.3904,10.0,10.0,24.2622,Safe,61.5162,81.3207,28.8103,Moderate Misalignment,84.0057,35.395,Separated Traffic,Rural,6.9898,True,Industrial,Poor Infrastructure | Above Human Tolerance Limit,0.0166,,False,83.3071,0.0037,-0.015,Moderate Misalignment,81,Hennur Main Road,1
873,Hennur Main Road,Urban Road,URB-00873,873,13.0146,77.6272,13.0225,77.6306,2427.5,349.2,351.628,10.6672,Aligned,0.9682,0.951,-0.0002,-0.0042,0.0029,31.4679,29.0915,61.4727,45.2674,38.3187,52.9816,74.1592,0.0,40.5327,35.5153,No,0.0,0.0086,0.0365,Good,High,3.3087,10.0,10.0,23.3001,Safe,76.7907,31.3285,20.0578,Aligned,28.0665,67.108,Side Impact Potential,Urban,4.189,True,Commercial,Meets Safe System Standards,0.2232,Light,False,21.6748,-0.0112,0.0097,Aligned,31,Hennur Main Road,2
874,Hennur Road,State Highway,SH-00874,874,13.0312,77.6355,13.033,77.6374,283.7,349.6,349.884,40.7794,Moderate Misalignment,0.9539,0.0287,0.9812,0.0169,-0.002,49.4753,49.7806,82.3648,44.7181,44.7783,51.2627,94.6755,0.068,49.5933,49.7764,No,0.0,0.0019,0.9656,Poor,High,2.349,10.0,28.2585,30.9238,Moderate Risk,67.5988,52.8214,36.6869,Moderate Misalignment,65.5442,63.1012,Side Impact Potential,Urban,3.8625,True,Commercial,Meets Safe System Standards,-0.0059,,False,51.582,-0.0123,-0.0028,Moderate Misalignment,47,Hennur Road,1
875,Hennur Road,State Highway,SH-00875,875,13.0329,77.6374,13.0323,77.6366,117.4,350.0,350.117,12.9455,Aligned,0.9029,0.8864,0.0712,0.0322,0.0129,79.2699,78.1489,100.0,0.8892,13.9752,80.872,23.4834,0.0,79.0604,0.0,No,0.0,0.0078,0.0066,Poor,Medium,0.2361,10.0,10.0021,21.3235,Safe,68.785,78.0065,19.4698,Aligned,79.6671,47.5848,Separated Traffic,Rural,4.9202,True,Residential,Active Congestion | Poor Infrastructure,0.635,Severe,False,27.9173,-0.0122,0.0005,Aligned,78,Hennur Road,2
876,Hennur Road,Urban Road,URB-00876,876,13.032,77.6303,13.0395,77.6294,1042.2,350.4,351.442,64.7854,High Misalignment,0.8073,0.0409,0.1784,0.8004,0.0081,50.704,48.8814,98.1215,31.3736,25.0078,50.1018,52.7629,0.2125,60.0,16.448,No,0.0,-0.0045,0.0715,Poor,Medium,0.2443,10.0,10.2939,35.7937,Moderate Risk,53.3845,47.69,55.9427,High Misalignment,57.8305,51.8548,Side Impact Potential,Peri-Urban,8.1087,False,Mixed,Speed Limit Misaligned | Poor Infrastructure | Above Human Tolerance Limit,-0.0317,,False,48.3955,-0.0058,-0.0024,High Misalignment,53,Hennur Road,3
877,Hennuru - Bagaluru Road,State Highway,SH-00877,877,13.0323,77.6366,13.028,77.633,615.2,350.8,351.415,22.3102,Aligned,0.6279,0.6477,0.3934,-0.0135,0.0005,31.0595,29.7435,50.9918,40.0341,37.3847,29.2286,95.8019,0.046,40.0,38.6353,No,0.0,-0.0074,1.0491,Good,Low,2.6841,10.0,10.25,23.3045,Safe,75.1699,30.6081,21.4091,Aligned,32.4606,61.6841,Significant Pedestrian Interaction,Urban,1.8203,False,Industrial,High Pedestrian Interaction,-0.0107,,False,26.1084,-0.0021,0.0092,Aligned,31,Hennuru - Bagaluru R,1
878,Hennuru - Bagaluru Road,State Highway,SH-00878,878,13.033,77.6374,13.0395,77.6415,2556.1,351.2,353.756,35.4792,Moderate Misalignment,0.5677,0.4052,0.5551,0.0915,-0.0012,60.8831,58.0156,99.1203,29.385,23.4971,81.2935,92.8862,0.0,60.6157,13.9587,No,0.0,0.0031,0.0178,Poor,High,0.3338,10.0,10.0,19.4378,Safe,74.3072,59.5895,18.7171,Aligned,57.7519,52.6661,Separated Traffic,Peri-Urban,6.9524,True,Industrial,Poor Infrastructure,-0.0048,,False,55.9909,0.0031,-0.0061,Moderate Misalignment,59,Hennuru - Bagaluru R,2
879,Hennuru - Bagaluru Road,State Highway,SH-00879,879,13.0281,77.6328,13.0312,77.6355,464.1,351.6,352.064,12.0191,Aligned,0.9775,0.9999,0.0427,0.0071,-0.006,35.0276,35.0962,74.263,38.532,34.6682,51.6051,85.6189,0.4757,40.0,30.9383,No,0.0,0.0097,-0.0076,Good,Medium,1.5568,10.0,10.3331,22.8944,Safe,75.4697,34.6937,19.3985,Aligned,32.9047,57.6787,Side Impact Potential,Urban,3.9775,False,Commercial,Meets Safe System Standards,-0.0079,,False,31.2506,0.0067,-0.0032,Aligned,35,Hennuru - Bagaluru R,3
880,Hennuru Cross Road,Urban Road,URB-00880,880,13.0344,77.6327,13.0352,77.6333,109.2,352.0,352.109,34.5283,Moderate Misalignment,0.8052,0.1487,0.8214,0.0304,-0.0008,50.0726,49.3346,84.7323,22.9365,26.9387,49.6668,30.6715,0.3001,59.1599,18.5165,No,0.0,-0.0006,-0.0009,Poor,Medium,1.619,10.0,10.0,27.2754,Moderate Risk,65.0387,49.9875,31.5244,Moderate Misalignment,53.8439,52.4775,Side Impact Potential,Peri-Urban,5.2821,True,Industrial,Active Congestion | Poor Infrastructure | Above Human Tolerance Limit,0.7471,Severe,False,16.1903,0.0043,0.0095,Moderate Misalignment,52,Hennuru Cross Road,1
881,Herohalli Main Road,Urban Road,URB-00881,881,12.9996,77.4887,12.9996,77.4887,1465.4,352.4,353.865,11.0581,Aligned,0.9857,0.9985,0.0389,0.0002,0.009,34.9756,35.3211,84.6978,32.2184,26.1658,48.6609,79.9029,0.1128,59.2296,20.1969,No,0.0,-0.0047,0.0619,Poor,Medium,1.9551,10.0,10.0,20.6012,Safe,75.8939,33.8654,18.2331,Aligned,34.7444,54.3314,Side Impact Potential,Urban,5.192,True,Residential,Poor Infrastructure,0.1719,Light,False,25.5143,0.024,-0.0008,Aligned,35,Herohalli Main Road,1
882,Hesaraghatta Main Road,State Highway,SH-00882,882,13.0734,77.503,13.0734,77.503,5948.8,352.8,358.749,12.9681,Aligned,0.9184,0.9094,0.1427,0.0153,0.0014,57.5581,57.0493,100.0,32.0449,24.2782,79.514,73.2088,0.1004,60.1449,13.5345,No,0.0,0.0073,-0.0081,Good,High,0.5586,10.0,10.0,19.4049,Safe,76.3901,56.9819,17.1,Aligned,59.3175,61.1498,Separated Traffic,Urban,3.8509,True,Residential,Meets Safe System Standards,-0.0005,,False,53.3324,0.0144,0.0098,Aligned,58,Hesaraghatta Main Ro,1
883,Hesarghatta Pipeline Road,Urban Road,URB-00883,883,13.0638,77.5347,13.0688,77.5299,764.5,353.2,353.965,13.717,Aligned,0.8958,0.867,0.0588,0.0197,0.001,42.0526,41.5459,99.4939,0.8294,13.6009,77.8696,59.1777,0.3621,59.1203,3.0777,No,0.0,-0.011,-0.0423,Poor,Medium,0.1138,10.0,10.0,21.5916,Safe,69.2237,43.1464,18.4449,Aligned,41.2523,45.669,Separated Traffic,Rural,7.1418,True,Residential,Poor Infrastructure,0.1292,Light,False,34.1531,0.0065,-0.001,Aligned,41,Hesarghatta Pipeline,1
884,Hesarghatta Road,State Highway,SH-00884,884,13.0882,77.5467,13.0903,77.5408,2271.4,353.6,355.871,30.5818,Moderate Misalignment,0.6507,0.3368,0.6413,0.011,-0.0109,36.5054,36.8921,50.9479,1.2371,14.2628,49.6779,96.8238,0.1892,40.0,0.6293,No,0.0,-0.0032,-0.0454,Good,Low,1.6172,10.0,23.309,23.859,Safe,64.6462,36.7214,25.1925,Moderate Misalignment,36.1018,46.528,Side Impact Potential,Rural,3.1209,False,Industrial,Poor Infrastructure,0.1461,Light,False,27.4825,0.0059,-0.013,Moderate Misalignment,37,Hesarghatta Road,1
885,Hesarghatta Road,State Highway,SH-00885,885,13.0915,77.5346,13.0921,77.534,100.9,354.0,354.101,9.7838,Aligned,1.0104,0.9668,-0.0046,-0.0059,0.0002,22.8617,23.2397,27.9545,17.684,23.5737,50.4556,78.1561,0.0433,40.0,11.4637,No,0.0,0.0059,0.0291,Poor,High,2.2424,10.0,20.2645,23.8432,Safe,70.2066,22.7006,22.6832,Aligned,23.776,57.8278,Side Impact Potential,Peri-Urban,1.1421,False,Mixed,Active Congestion | Poor Infrastructure,0.7751,Severe,False,10.0,0.0092,0.0057,Aligned,23,Hesarghatta Road,2
886,High Tension Road,Urban Road,URB-00886,886,13.0251,77.5111,13.0286,77.5197,1021.2,354.4,355.421,35.6248,Moderate Misalignment,0.8538,0.1746,0.838,0.0005,0.0038,81.2028,79.8812,100.0,0.0,11.0575,79.2872,85.6322,0.3652,60.0,0.0,No,0.0,0.0007,-0.056,Good,Low,0.0815,10.0,34.481,29.3863,Moderate Risk,54.7815,80.6131,41.9974,Moderate Misalignment,91.3791,35.7209,Separated Traffic,Rural,5.2809,True,Industrial,Poor Infrastructure,0.0025,,False,80.3011,0.0058,-0.0072,Moderate Misalignment,82,High Tension Road,1
887,Homaravu Agara Road,Urban Road,URB-00887,887,13.038,77.6483,13.0378,77.6494,128.4,354.8,354.928,39.1581,Moderate Misalignment,0.8724,0.0903,0.8523,0.0222,0.0027,78.743,79.4796,98.8857,0.4524,12.3786,80.3366,79.5389,0.3403,59.7022,4.9888,No,0.0,-0.0071,0.0686,Poor,Medium,0.3049,10.0,30.4242,30.3193,Moderate Risk,53.3257,80.8994,43.6179,Moderate Misalignment,106.183,33.7494,Separated Traffic,Rural,6.8658,True,Residential,Poor Infrastructure,-0.0012,,False,93.3028,-0.0019,0.005,Moderate Misalignment,80,Homaravu Agara Road,1
888,Homaravu Agara Road,Urban Road,URB-00888,888,13.0376,77.6538,13.0367,77.6549,166.5,355.2,355.367,40.924,Moderate Misalignment,0.8769,0.0094,0.8846,0.0679,-0.0,81.1277,81.7049,97.7677,0.5964,16.6836,79.3926,94.395,0.3772,60.0,6.4676,No,0.0,-0.0058,0.0173,Poor,Low,0.1722,10.0,13.0342,25.3668,Moderate Risk,61.9919,80.3637,29.8831,Moderate Misalignment,90.9101,42.5442,Separated Traffic,Rural,7.2078,True,Industrial,Poor Infrastructure,-0.0064,,False,81.3063,-0.0047,-0.0009,Moderate Misalignment,79,Homaravu Agara Road,2
889,Hoodi Main Road Flyover,Urban Road,URB-00889,889,12.9948,77.7179,12.9948,77.718,952.4,355.6,356.552,37.693,Moderate Misalignment,0.9822,0.0967,0.9963,0.0032,0.0079,50.8602,49.107,75.4911,45.981,36.9505,50.1941,99.8687,0.4659,49.5522,33.3682,No,0.0,0.0087,0.0032,Poor,Low,1.9488,10.0,20.4799,26.2261,Moderate Risk,70.6008,52.1764,30.701,Moderate Misalignment,58.8952,61.1883,Side Impact Potential,Urban,3.8586,False,Mixed,Meets Safe System Standards,0.0176,,False,49.6509,-0.0012,-0.0013,Moderate Misalignment,51,Hoodi Main Road Flyo,1