segment_id,road_name,road_type,human_segment_id,internal_id,start_lat,start_lon,end_lat,end_lon,length_m,start_km,end_km,road_risk_score,ai_risk_label,ai_risk_probability,prob_low_risk,prob_medium_risk,prob_high_risk,prob_critical_risk,ai_recommended_speed,recommended_safe_speed,road_function_score,infrastructure_score,exposure_score,human_tolerance_limit,operating_speed_score,crash_risk_score,posted_speed_limit,pedestrian_exposure_score,blackspot_flag,crash_count,fatal_crashes,schools_count,lighting_quality,roadside_hazards,intersection_density,speed_compliance_rate,speed_violation_score,hotspot_score,hotspot_category,speed_safety_score,original_safe_speed,misalignment_score,misalignment_category,speed_p85,ptw_share_pct,exposure_tier,urban_rural_flag,lane_count,median_presence,land_use_type,top_ai_factors,congestion_index,congestion_category,congestion_smoothed,operating_speed_mean,minor_crashes,major_crashes,risk_category,final_safe_speed,corridor_base,corridor_seq
890,Hoodi Main Road,State Highway,SH-00890,890,12.9849,77.7083,12.9885,77.7107,2588.0,356.0,358.588,68.852,High Misalignment,0.832,-0.001,0.1862,0.803,0.0059,51.4686,50.5214,100.0,0.0,16.4853,50.4879,84.9019,0.169,60.193,1.7271,No,0.0,0.0034,0.0601,Poor,Low,0.23,10.0,31.31,47.414,Moderate Risk,30.0219,50.3499,83.7844,Critical Misalignment,103.5689,44.02,Side Impact Potential,Rural,5.8968,False,Mixed,Speed Limit Misaligned | Poor Infrastructure | Above Human Tolerance Limit,0.0088,,False,86.1835,-0.0081,-0.0001,High Misalignment,52,Hoodi Main Road,1
891,Hoodi-Kodigehalli Road,Urban Road,URB-00891,891,13.0036,77.7235,12.999,77.7221,540.7,356.4,356.941,35.202,Moderate Misalignment,0.8402,0.1225,0.849,-0.021,0.0199,49.4762,51.0217,55.9307,15.1208,20.3894,53.1552,98.2877,0.3315,39.0903,8.705,No,0.0,0.0005,-0.0457,Good,High,2.1373,10.0,28.2334,26.2569,Moderate Risk,65.0317,49.1344,31.4931,Moderate Misalignment,52.4333,56.8042,Side Impact Potential,Peri-Urban,3.8099,False,Industrial,Poor Infrastructure,0.0251,,False,43.9693,0.0016,0.0113,Moderate Misalignment,49,Hoodi-Kodigehalli Ro,1
892,Hope Farm Metro Road(Kadugodi Side Exit B),Urban Road,URB-00892,892,12.9881,77.7543,12.9866,77.7536,190.8,356.8,356.991,10.1776,Aligned,0.9989,0.9944,0.0005,-0.0167,-0.0022,19.7803,18.6759,30.5994,0.0,17.8985,49.3633,79.073,0.0,28.6982,9.6204,No,0.0,-0.0035,-0.0045,Poor,Low,1.1703,10.0,10.4436,22.2288,Safe,69.4607,21.0765,18.2955,Aligned,23.0612,37.2019,Side Impact Potential,Rural,0.9806,False,Industrial,Poor Infrastructure,0.1836,Light,False,16.4522,0.0117,-0.0006,Aligned,19,Hope Farm Metro Road,1
893,Horamavu Agara Main Road,Urban Road,URB-00893,893,13.0216,77.6504,13.0287,77.6638,3425.8,357.2,360.626,30.1524,Moderate Misalignment,0.5878,0.3971,0.5669,0.0378,-0.002,64.5149,63.1927,98.9133,31.029,29.0994,80.9137,38.822,0.1072,59.8808,23.4435,No,0.0,-0.0001,0.018,Poor,High,0.6214,10.0,10.1124,26.1867,Moderate Risk,67.6736,62.1417,32.1244,Moderate Misalignment,63.4991,57.6483,Separated Traffic,Urban,6.9485,True,Residential,Poor Infrastructure | Above Human Tolerance Limit,0.1609,Light,False,50.165,0.0156,-0.0017,Moderate Misalignment,65,Horamavu Agara Main ,1
894,Horamavu Agara Road,Urban Road,URB-00894,894,13.038,77.6483,13.0395,77.6415,769.7,357.6,358.37,16.4924,Aligned,0.8043,0.8074,0.1668,0.0181,0.0031,33.534,33.9903,50.8637,59.0428,32.4878,51.2689,98.2077,0.0,31.222,29.1657,No,0.0,-0.0114,-0.0465,Good,Medium,3.4627,10.0,10.405,19.0761,Safe,80.2307,33.6856,18.5664,Aligned,34.0417,57.2807,Side Impact Potential,Urban,2.023,False,Residential,Meets Safe System Standards,0.0201,,False,28.9802,-0.0026,-0.015,Aligned,34,Horamavu Agara Road,1
895,Horamavu Agara Road,Urban Road,URB-00895,895,13.0378,77.6494,13.0376,77.6538,470.0,358.0,358.47,34.8967,Moderate Misalignment,0.8208,0.1881,0.8275,-0.0108,-0.005,40.0838,36.9168,53.6393,39.4554,33.5299,49.6867,95.1714,0.0,30.7631,24.4609,No,0.0,0.005,-0.0743,Good,Low,2.4752,10.0,29.2258,25.1907,Moderate Risk,70.6726,40.177,27.9621,Moderate Misalignment,37.0767,66.076,Side Impact Potential,Urban,3.7847,False,Residential,Meets Safe System Standards,0.0044,,False,29.5145,0.0095,0.0068,Moderate Misalignment,40,Horamavu Agara Road,2
896,Horamavu Main Road,Urban Road,URB-00896,896,13.0192,77.6557,13.0189,77.6555,810.4,358.4,359.21,36.0709,Moderate Misalignment,0.5471,0.2918,0.5303,0.1298,-0.0055,57.7844,59.6377,100.0,0.0,16.448,79.9926,88.9827,0.2755,60.0,9.0714,No,0.0,-0.0059,0.0114,Poor,Low,-0.0507,10.0,10.0968,21.923,Safe,68.7321,55.6361,17.1778,Aligned,58.0549,38.8709,Separated Traffic,Rural,4.7378,True,Residential,Poor Infrastructure,0.0108,,False,51.9482,0.0009,-0.0072,Moderate Misalignment,58,Horamavu Main Road,1
897,Horamavu Main Road,Urban Road,URB-00897,897,13.0287,77.6638,13.0255,77.6602,3329.0,358.8,362.129,11.8914,Aligned,0.953,0.9748,0.0561,0.0053,-0.0071,36.9631,35.4249,53.4272,4.841,24.1021,52.1635,80.6156,0.0,39.1122,18.2443,No,0.0,0.002,-0.0706,Poor,Medium,1.9786,10.0,10.5308,23.3889,Safe,68.0412,32.0126,20.1693,Aligned,33.967,51.6044,Side Impact Potential,Peri-Urban,3.083,False,Residential,Poor Infrastructure,0.1868,Light,False,25.5125,0.0166,-0.0038,Aligned,37,Horamavu Main Road,2
898,Horamavu Main Road,Urban Road,URB-00898,898,13.015,77.6542,13.0184,77.6552,406.3,359.2,359.606,32.4049,Moderate Misalignment,0.7432,0.2154,0.684,0.0112,-0.0022,51.1148,51.863,52.9372,40.9424,35.2256,49.39,97.082,0.0,40.1662,29.7304,No,0.0,0.0037,0.0249,Good,High,3.3928,10.0,26.0617,27.1315,Moderate Risk,69.7195,49.4515,31.8178,Moderate Misalignment,48.1489,62.7247,Side Impact Potential,Urban,4.0084,False,Commercial,Meets Safe System Standards,-0.0004,,False,38.5047,0.0113,-0.0039,Moderate Misalignment,53,Horamavu Main Road,3
899,Horamavu Road,Urban Road,URB-00899,899,13.0287,77.6638,13.02,77.6745,1524.7,359.6,361.125,25.6344,Moderate Misalignment,0.5117,0.4641,0.5262,-0.0016,0.0063,80.8593,77.6341,99.0044,33.992,29.8153,78.0179,60.6689,0.0,59.8807,21.7814,No,0.0,0.0011,0.0096,Poor,High,0.5913,10.0,10.0,27.4389,Moderate Risk,66.9918,81.8968,32.8995,Moderate Misalignment,83.4648,61.0533,Separated Traffic,Peri-Urban,5.9882,True,Industrial,Poor Infrastructure | Above Human Tolerance Limit,0.1379,Light,False,63.0211,0.0016,0.0064,Moderate Misalignment,80,Horamavu Road,1
900,Horamavu Underpass,Urban Road,URB-00900,900,13.0239,77.6587,13.0255,77.6602,244.0,360.0,360.244,31.5335,Moderate Misalignment,0.7026,0.3183,0.682,-0.0114,0.0161,39.6797,39.0691,53.3468,11.3214,13.7974,50.1456,94.7753,0.1254,29.8592,5.3417,No,0.0,0.0006,0.0747,Poor,Low,1.5011,10.0,32.154,23.2505,Safe,66.5328,39.0753,25.1087,Moderate Misalignment,39.3266,35.5911,Side Impact Potential,Rural,2.9812,False,Residential,Poor Infrastructure,-0.019,,False,31.1136,-0.0132,-0.0222,Moderate Misalignment,38,Horamavu Underpass,1
901,Hosa Road,Urban Road,URB-00901,901,12.8704,77.6585,12.8711,77.6605,3671.0,360.4,364.071,41.1577,Moderate Misalignment,0.9037,0.0436,0.8904,0.0515,-0.0093,28.5923,29.4582,78.2915,24.5934,39.8109,31.0203,75.356,0.0,37.7991,39.5262,No,0.0,0.005,1.053,Poor,Medium,1.4557,10.0,10.0,32.9387,Moderate Risk,62.3183,29.764,36.8167,Moderate Misalignment,31.6322,57.477,Significant Pedestrian Interaction,Peri-Urban,6.1431,False,Residential,High Pedestrian Interaction | Poor Infrastructure | Above Human Tolerance Limit,0.169,Light,False,25.4632,-0.012,0.0098,Moderate Misalignment,31,Hosa Road,1
902,Hosahalli Main Road,Urban Road,URB-00902,902,12.9675,77.5451,12.963,77.5604,1857.7,360.8,362.658,12.1819,Aligned,0.9223,0.9105,0.0579,0.0215,-0.0058,58.0802,58.6047,97.8282,12.4534,22.1022,80.8784,70.1478,0.0,60.0,10.5085,No,0.0,0.0079,0.0775,Good,High,0.2353,10.0,10.0,21.6645,Safe,72.0318,59.6131,18.1464,Aligned,57.7491,59.8548,Separated Traffic,Peri-Urban,6.1357,True,Residential,Poor Infrastructure,0.0251,,False,49.461,0.0098,0.0015,Aligned,56,Hosahalli Main Road,1
903,Hosahalli Road,Urban Road,URB-00903,903,12.9875,77.4751,12.9957,77.4784,984.4,361.2,362.184,8.5768,Aligned,0.9723,0.956,0.0128,0.0021,0.0056,43.775,41.8648,73.0949,34.5012,34.2492,49.547,87.0761,0.3898,46.9652,33.0777,No,0.0,0.0064,2.0492,Poor,Low,1.9622,10.0,10.1902,24.5039,Safe,74.15,43.977,20.2077,Aligned,43.0695,60.5664,Side Impact Potential,Urban,2.8566,False,Residential,Poor Infrastructure,-0.0061,,False,42.614,0.0026,-0.015,Aligned,45,Hosahalli Road,1
904,Hosakerehalli Flyover,National Highway,NH-00904,904,12.9395,77.5328,12.9362,77.535,458.4,361.6,362.058,10.4746,Aligned,0.9546,0.9468,0.0525,-0.0109,-0.0011,38.4026,41.5185,78.7188,26.3108,32.058,49.3751,67.8031,0.0,60.0,19.3731,No,0.0,0.0012,0.0271,Good,Low,2.0815,10.0,10.0,23.2628,Safe,72.8248,41.4938,21.2126,Aligned,39.9144,66.3995,Side Impact Potential,Urban,6.0304,False,Residential,Poor Infrastructure,0.2217,Light,False,29.2561,-0.0123,0.0136,Aligned,38,Hosakerehalli Flyove,1
905,Hosakerehalli Flyover,National Highway,NH-00905,905,12.9361,77.5347,12.9394,77.5327,429.4,362.0,362.429,11.3255,Aligned,0.8988,0.8893,0.1119,0.0147,-0.0045,32.73,31.8879,64.3683,27.826,31.584,49.5236,94.0639,0.26,60.0,22.2723,No,0.0,-0.0088,0.0275,Good,Medium,3.9815,10.0,10.217,23.4184,Safe,72.1108,32.2415,21.063,Aligned,32.0044,62.0777,Side Impact Potential,Urban,4.2096,True,Mixed,Poor Infrastructure,0.0005,,False,24.6919,-0.0044,0.005,Aligned,30,Hosakerehalli Flyove,2
906,Hosapalya Main Road,Urban Road,URB-00906,906,12.8906,77.6438,12.9013,77.6456,1256.0,362.4,363.656,36.9685,Aligned,0.3781,0.3686,0.3395,0.2956,-0.0038,56.4107,55.2945,99.6691,1.0168,17.4696,79.7937,44.7798,0.0,60.0,7.8171,No,0.0,-0.0084,-0.0092,Poor,Low,0.2667,10.0,10.0,21.4275,Safe,68.4523,55.3597,18.0085,Aligned,57.371,40.1395,Separated Traffic,Rural,7.9057,True,Industrial,Poor Infrastructure,0.1647,Light,False,42.4291,0.0054,0.0002,Aligned,55,Hosapalya Main Road,1
907,Hoskerehalli Main Road,Urban Road,URB-00907,907,12.9296,77.5347,12.9334,77.5396,908.1,362.8,363.708,40.587,Moderate Misalignment,0.9661,0.0119,0.9643,0.0184,0.0037,29.6106,29.4948,86.87,83.195,60.6404,28.6534,87.371,0.0,40.4705,84.0741,No,0.0,0.0042,2.0563,Good,Medium,2.0591,10.0,10.7785,32.0826,Moderate Risk,74.5605,29.9197,37.2835,Moderate Misalignment,40.8321,60.4142,Significant Pedestrian Interaction,Urban,4.7797,True,Residential,High Pedestrian Interaction | Approach to Congestion (Tapered) | Above Human Tolerance Limit,-0.0142,,True,31.0652,-0.004,0.0093,Moderate Misalignment,31,Hoskerehalli Main Ro,1
908,Hoskerehalli Road,Urban Road,URB-00908,908,12.9339,77.539,12.9512,77.5392,2027.9,363.2,365.228,10.8152,Aligned,0.9703,0.983,0.0524,0.0184,-0.0104,27.4833,26.8797,54.2471,21.4563,23.4562,50.6994,72.2654,0.4496,41.0876,11.3969,No,0.0,-0.0078,-0.0546,Poor,Low,2.5561,10.0,10.3148,20.8972,Safe,73.9047,25.7148,19.2778,Aligned,28.0674,61.4945,Side Impact Potential,Urban,4.0255,False,Commercial,Poor Infrastructure,0.1591,Light,False,21.437,-0.009,-0.0065,Aligned,27,Hoskerehalli Road,1
909,Hospital Road,Urban Road,URB-00909,909,12.9819,77.6044,12.9822,77.6034,105.0,363.6,363.705,24.9004,Aligned,0.5367,0.5504,0.4443,-0.0079,0.0029,79.5573,78.997,99.5858,1.0267,15.0025,81.2571,73.0463,0.0,60.0,5.2576,No,0.0,-0.007,-0.0666,Poor,Medium,0.259,10.0,10.5513,26.1386,Moderate Risk,61.4495,79.0831,29.8518,Moderate Misalignment,87.5275,39.1023,Separated Traffic,Rural,6.2717,True,Residential,Poor Infrastructure | Above Human Tolerance Limit,0.0129,,False,70.4392,-0.0079,0.0036,Aligned,80,Hospital Road,1
910,Hosur Road,National Highway,NH-00910,910,12.9527,77.6052,12.958,77.6061,10644.3,364.0,374.644,15.0124,Aligned,0.8757,0.8652,0.1008,0.0044,0.0067,34.5079,32.966,56.2128,19.4804,32.7824,48.4799,58.3093,0.9997,60.0,30.847,No,0.0,-0.0158,1.0408,Good,High,2.8511,10.0,10.0,24.5995,Moderate Risk,72.5275,33.3867,21.226,Aligned,33.2284,55.8625,Side Impact Potential,Urban,3.9377,False,Commercial,Active Congestion | Poor Infrastructure,0.586,Severe,False,12.5596,-0.0057,0.0024,Aligned,34,Hosur Road,1
911,Hosur Road,National Highway,NH-00911,911,12.8995,77.6333,12.8891,77.6397,1345.9,364.4,365.746,29.0504,Moderate Misalignment,0.6072,0.4679,0.598,-0.0011,0.011,26.8193,29.7461,54.4132,32.9828,37.2244,50.2854,92.5378,0.1058,60.0,33.363,No,0.0,0.008,0.9723,Good,Medium,2.6877,10.0,10.0,24.1037,Safe,73.1167,30.4546,21.3436,Aligned,30.2626,63.1116,Side Impact Potential,Urban,4.0275,False,Mixed,Poor Infrastructure,-0.0087,,False,29.0056,0.0005,0.0034,Moderate Misalignment,25,Hosur Road,2
912,Hosur Road,National Highway,NH-00912,912,12.9027,77.6316,12.9027,77.6316,15227.4,364.8,380.027,100.0,Critical Misalignment,0.996,-0.0302,-0.0125,-0.0077,0.9888,27.5415,30.7906,99.3211,62.2124,44.4542,29.764,81.9342,0.1356,60.0,50.7221,No,0.0,0.0032,1.0963,Good,Low,0.337,10.0,10.3036,54.0662,High Risk,32.5234,32.5192,98.3516,Critical Misalignment,84.5239,58.3041,Significant Pedestrian Interaction,Urban,4.9853,True,Commercial,Speed Limit Misaligned | High Pedestrian Interaction | Above Human Tolerance Limit,0.0069,,False,78.076,0.0022,0.0002,Critical Misalignment,29,Hosur Road,3
913,Hudson Circle,State Highway,SH-00913,913,12.9678,77.5883,12.9678,77.5876,312.1,365.2,365.512,33.6061,Moderate Misalignment,0.7693,0.1651,0.7494,-0.0051,0.0055,78.5239,81.3189,99.3061,5.0038,14.4788,79.9501,54.9719,0.1165,59.3385,9.9783,No,0.0,0.0,0.0217,Poor,Low,0.1413,10.0,10.0,24.697,Moderate Risk,62.1214,82.9428,28.8534,Moderate Misalignment,82.3474,34.4287,Separated Traffic,Rural,6.0192,True,Residential,Poor Infrastructure | Above Human Tolerance Limit,0.2118,Light,False,59.8513,-0.0147,0.0039,Moderate Misalignment,81,Hudson Circle,1
914,Hulimavu Lake Road,Urban Road,URB-00914,914,12.8759,77.6027,12.8718,77.6022,2380.8,365.6,367.981,33.8577,Moderate Misalignment,0.7774,0.2516,0.7587,0.0029,0.0117,56.8342,58.8034,81.229,8.3725,18.8043,68.9221,95.5769,0.4756,50.9621,6.0941,No,0.0,0.0082,0.0466,Good,High,1.6468,10.0,17.485,24.6825,Safe,65.5143,54.9185,25.987,Moderate Misalignment,56.4583,54.7737,Separated Traffic,Urban,2.1107,True,Mixed,Poor Infrastructure,0.1064,Light,False,44.4146,0.0049,-0.0082,Moderate Misalignment,56,Hulimavu Lake Road,1
915,Hulimavu Main Road,Urban Road,URB-00915,915,12.8816,77.596,12.8805,77.6022,1883.1,366.0,367.883,9.2712,Aligned,1.0122,0.9627,-0.0362,-0.0042,-0.0042,24.7018,22.6149,26.9922,27.1041,29.8552,49.8595,84.7209,0.0,59.4765,21.8374,No,0.0,-0.0052,1.9864,Good,Low,2.9891,10.0,10.2298,22.1487,Safe,74.3942,26.9624,18.6132,Aligned,24.3713,60.4126,Side Impact Potential,Peri-Urban,1.0578,False,Residential,Poor Infrastructure,0.1611,Light,False,20.6258,-0.0051,0.0031,Aligned,25,Hulimavu Main Road,1
916,Hutchins 6th Cross,Urban Road,URB-00916,916,13.0057,77.6272,13.0077,77.6221,601.1,366.4,367.001,10.6751,Aligned,0.9683,0.9439,0.0155,0.0067,0.0013,22.7406,23.5548,26.1627,0.0,13.4586,50.4582,78.8752,0.2035,20.9437,2.4534,No,0.0,0.0059,0.0864,Poor,Low,1.106,10.0,19.5455,22.3353,Safe,67.411,26.6201,21.7297,Aligned,26.5027,41.5267,Side Impact Potential,Rural,1.0288,False,Industrial,Active Congestion | Poor Infrastructure,0.7961,Severe,False,10.6051,0.0078,-0.0058,Aligned,25,Hutchins 6th Cross,1
917,Hutchins Main Road,Urban Road,URB-00917,917,12.9997,77.6208,13.007,77.6241,890.6,366.8,367.691,10.1855,Aligned,0.965,0.9778,0.0125,0.0171,-0.0086,37.1132,37.4708,72.4985,25.2505,23.5811,50.7048,65.8669,0.0609,51.2531,15.5601,No,0.0,-0.0081,-0.065,Good,Medium,1.8044,10.0,10.032,21.2938,Safe,74.3344,36.5216,17.5762,Aligned,35.1501,54.3483,Side Impact Potential,Urban,3.2078,False,Commercial,Poor Infrastructure,0.1613,Light,False,27.6613,-0.0024,-0.0124,Aligned,37,Hutchins Main Road,1
918,ISRO Road,Urban Road,URB-00918,918,13.0341,77.5686,13.0347,77.5718,349.5,367.2,367.55,72.8674,High Misalignment,0.9311,-0.0217,0.0495,0.9393,0.0051,29.9328,28.5181,76.8002,50.3218,53.3647,31.1588,80.568,0.0,60.0,61.7959,No,0.0,0.002,0.9593,Good,Low,2.3603,10.0,10.4781,39.1921,Moderate Risk,59.6829,29.3382,52.1124,High Misalignment,46.4714,70.5348,Significant Pedestrian Interaction,Urban,2.0643,True,Residential,Speed Limit Misaligned | High Pedestrian Interaction | Above Human Tolerance Limit,0.1535,Light,False,37.4786,-0.0083,0.0015,High Misalignment,30,ISRO Road,1
919,ITPL Main Road,State Highway,SH-00919,919,12.99,77.7134,12.9903,77.7139,460.0,367.6,368.06,20.0785,Aligned,0.6725,0.6874,0.343,0.0238,0.008,68.0573,65.8041,100.0,6.9796,16.4362,80.4806,69.187,0.2736,60.4679,9.2336,No,0.0,-0.0086,0.0274,Poor,Low,0.1354,10.0,10.0,20.1818,Safe,71.1172,66.8198,15.9161,Aligned,63.9804,33.2996,Separated Traffic,Rural,4.1485,True,Residential,Poor Infrastructure,-0.0035,,False,61.1222,-0.0151,0.0021,Aligned,66,ITPL Main Road,1
920,Immadihalli Road,Urban Road,URB-00920,920,12.9698,77.75,12.9667,77.7631,1480.9,368.0,369.481,38.5944,Moderate Misalignment,0.8869,0.1072,0.8915,0.0094,0.004,50.2573,49.2472,71.3462,28.9358,28.3356,49.8683,98.6623,0.3106,48.9566,16.3446,No,0.0,-0.0015,0.0023,Good,Low,1.4605,10.0,10.5839,21.8568,Safe,74.1603,49.4722,20.9458,Aligned,50.1616,66.6655,Side Impact Potential,Urban,2.8914,False,Mixed,Poor Infrastructure,0.0056,,False,47.2887,-0.022,-0.0003,Moderate Misalignment,50,Immadihalli Road,1
921,Indian Oil Flyover Ramp,State Highway,SH-00921,921,13.0044,77.6367,13.0049,77.6371,245.9,368.4,368.646,13.0389,Aligned,0.9361,0.9124,0.0582,0.0009,-0.0067,39.0686,36.1363,100.0,12.165,14.8643,80.7321,26.9962,0.0779,59.9357,7.406,No,0.0,0.0041,0.0124,Poor,Low,0.0111,10.0,10.3914,19.2764,Safe,73.2414,38.6649,15.9739,Aligned,36.3476,35.0329,Separated Traffic,Rural,7.0683,True,Industrial,Active Congestion | Poor Infrastructure,0.7375,Severe,False,10.4275,-0.0034,0.0007,Aligned,38,Indian Oil Flyover R,1
922,Indian Oil Flyover,State Highway,SH-00922,922,13.0061,77.641,13.0029,77.6351,755.4,368.8,369.555,10.5637,Aligned,0.9844,0.9878,-0.0027,0.0029,-0.0071,21.284,21.479,49.6265,32.2031,31.3641,48.2712,79.9582,0.1634,60.054,26.5068,No,0.0,0.002,-0.0149,Poor,Medium,2.162,10.0,10.0,21.8435,Safe,75.4298,19.3221,18.9092,Aligned,22.0147,51.718,Side Impact Potential,Peri-Urban,2.9557,False,Residential,Poor Infrastructure,0.1658,Light,False,16.9471,0.0085,-0.0195,Aligned,20,Indian Oil Flyover,1
923,Indian Oil Flyover,State Highway,SH-00923,923,13.003,77.6351,13.0057,77.6384,475.7,369.2,369.676,34.1432,Moderate Misalignment,0.5645,0.3329,0.565,0.1057,-0.0052,62.2632,59.1051,98.9882,27.0249,24.1041,81.3314,91.0686,0.1878,58.3126,15.9696,No,0.0,-0.0117,0.051,Poor,High,0.3705,10.0,10.0,20.1439,Safe,74.6281,61.222,17.2575,Aligned,59.749,51.718,Separated Traffic,Peri-Urban,7.1648,True,Industrial,Poor Infrastructure,-0.0101,,False,54.456,-0.0027,0.0031,Moderate Misalignment,59,Indian Oil Flyover,2
924,Indiranagar Double Road,Urban Road,URB-00924,924,12.9733,77.6359,12.975,77.6361,4758.9,369.6,374.359,69.5759,High Misalignment,0.8369,0.0535,0.1215,0.8308,0.0061,29.1799,29.1652,72.1908,12.4921,38.5879,31.2437,75.4875,0.2032,50.6513,39.1351,No,0.0,-0.0017,1.0803,Good,Medium,2.0179,10.0,10.2764,38.1578,Moderate Risk,51.4585,29.9934,47.1809,High Misalignment,36.8786,56.4279,Significant Pedestrian Interaction,Urban,3.2012,False,Residential,Speed Limit Misaligned | High Pedestrian Interaction | Poor Infrastructure,0.0101,,False,32.4238,0.0094,0.0041,High Misalignment,30,Indiranagar Double R,1
925,Infantry Road,State Highway,SH-00925,925,12.9843,77.5927,12.9793,77.6071,1657.2,370.0,371.657,98.6691,Critical Misalignment,0.9821,-0.0202,-0.0196,0.0048,0.9877,29.4534,30.369,98.9463,49.7752,46.2869,30.8822,87.4238,0.0,80.0,50.3391,No,0.0,0.0001,1.0212,Poor,Medium,0.2948,10.0,15.4674,56.2835,High Risk,30.6345,32.4227,100.0,Critical Misalignment,92.438,57.9024,Significant Pedestrian Interaction,Urban,4.9611,False,Commercial,Speed Limit Misaligned | High Pedestrian Interaction | Above Human Tolerance Limit,0.1832,Light,False,68.5627,-0.0088,0.0059,Critical Misalignment,30,Infantry Road,1
926,Inner Peripheral Ring Road,State Highway,SH-00926,926,12.9445,77.717,12.9395,77.7179,821.0,370.4,371.221,10.1003,Aligned,0.9635,0.9875,0.0296,-0.0067,0.0077,45.1921,43.9727,77.5664,45.2463,35.7323,48.4857,82.2438,0.1861,59.5952,36.5511,No,0.0,-0.0033,1.0128,Good,Medium,1.99,10.0,10.0,22.0012,Safe,76.7237,45.2851,20.51,Aligned,48.6245,59.097,Side Impact Potential,Urban,2.0506,True,Commercial,Meets Safe System Standards,-0.0115,,False,38.8625,-0.0046,0.0003,Aligned,43,Inner Peripheral Rin,1
927,Inner Peripheral Ring Road,State Highway,SH-00927,927,12.9257,77.7163,12.9338,77.7189,1939.7,370.8,372.74,38.8218,Moderate Misalignment,0.9506,0.0466,0.9261,0.0145,0.0051,76.5848,81.3231,99.451,33.5387,26.6427,81.0093,10.0,0.0,58.0187,22.6268,No,0.0,-0.0084,0.9899,Poor,Medium,0.3986,10.0,10.0,26.3072,Moderate Risk,67.0274,80.7752,30.4027,Moderate Misalignment,82.8297,48.9028,Separated Traffic,Peri-Urban,7.937,True,Industrial,Active Congestion | Poor Infrastructure | Above Human Tolerance Limit,0.6522,Severe,False,30.5917,0.0103,-0.0035,Moderate Misalignment,79,Inner Peripheral Rin,2
928,Inner Peripheral Ring Road,State Highway,SH-00928,928,12.9086,77.712,12.9129,77.7127,502.7,371.2,371.703,12.4229,Aligned,0.8796,0.9084,0.1322,-0.0301,0.0033,25.7592,26.691,50.8595,1.7186,12.472,51.3319,65.8092,0.2097,40.0,4.771,No,0.0,0.0078,0.0008,Poor,Low,1.1087,10.0,10.0,20.5536,Safe,69.4242,27.2442,18.0906,Aligned,27.0921,39.8326,Side Impact Potential,Rural,3.3857,False,Residential,Active Congestion | Poor Infrastructure,0.7366,Severe,False,10.0,0.0031,-0.0009,Aligned,25,Inner Peripheral Rin,3
929,Inner Ring Road,State Highway,SH-00929,929,12.9385,77.6327,12.9385,77.6327,5893.7,371.6,377.494,14.1337,Aligned,0.8295,0.8242,0.1922,0.0368,-0.0089,47.9068,48.8729,99.3002,12.2167,21.3861,79.4569,55.1902,0.2662,72.0923,13.9888,No,0.0,-0.0071,-0.0256,Poor,High,0.3549,10.0,10.0,22.0181,Safe,70.5859,46.931,18.1514,Aligned,48.4904,46.7423,Separated Traffic,Peri-Urban,7.9505,True,Mixed,Poor Infrastructure,0.0095,,False,40.2768,0.0067,-0.0007,Aligned,48,Inner Ring Road,1
930,Intermediate Ring Road,Urban Road,URB-00930,930,12.9582,77.6413,12.9604,77.6416,249.1,372.0,372.249,10.166,Aligned,0.985,1.0089,0.0401,-0.0001,-0.0018,29.2385,27.0593,26.4801,19.6926,17.5682,49.2199,94.5981,0.3802,28.655,7.5073,No,0.0,-0.0047,0.0436,Poor,Low,1.6885,10.0,10.0,19.0788,Safe,74.562,29.9158,16.2213,Aligned,28.0431,47.1838,Side Impact Potential,Rural,1.1208,False,Residential,Poor Infrastructure,-0.0215,,False,27.5208,0.0094,-0.0045,Aligned,30,Intermediate Ring Ro,1
931,JC Nagar Main Road,Urban Road,URB-00931,931,13.0061,77.5931,13.0125,77.5958,2732.9,372.4,375.133,43.4292,Moderate Misalignment,0.8237,0.0444,0.8021,0.1224,-0.0099,50.2959,50.436,100.0,34.7233,25.3768,52.1776,72.0303,0.0353,60.0,12.343,No,0.0,0.0012,0.0152,Good,Low,0.3792,10.0,10.3984,29.8829,Moderate Risk,59.8464,48.971,43.9454,Moderate Misalignment,63.8017,64.826,Side Impact Potential,Urban,4.0629,False,Residential,Poor Infrastructure | Above Human Tolerance Limit,-0.025,,False,55.2266,0.0103,-0.0081,Moderate Misalignment,48,JC Nagar Main Road,1
932,JC Nagar Main Road,Urban Road,URB-00932,932,13.0222,77.6007,13.0222,77.6007,437.8,372.8,373.238,15.5793,Aligned,0.8049,0.7812,0.1872,-0.001,0.002,30.9141,31.1591,53.3886,0.0,17.4258,49.1123,94.1873,0.1202,30.2642,5.2064,No,0.0,-0.0116,0.0281,Poor,Medium,1.4926,10.0,10.2908,22.1798,Safe,68.9352,32.9151,17.3924,Aligned,28.9549,46.487,Side Impact Potential,Rural,2.9648,False,Mixed,Poor Infrastructure,-0.0108,,False,25.758,0.0095,0.0155,Aligned,30,JC Nagar Main Road,2