segment_id,road_name,road_type,human_segment_id,internal_id,start_lat,start_lon,end_lat,end_lon,length_m,start_km,end_km,road_risk_score,ai_risk_label,ai_risk_probability,prob_low_risk,prob_medium_risk,prob_high_risk,prob_critical_risk,ai_recommended_speed,recommended_safe_speed,road_function_score,infrastructure_score,exposure_score,human_tolerance_limit,operating_speed_score,crash_risk_score,posted_speed_limit,pedestrian_exposure_score,blackspot_flag,crash_count,fatal_crashes,schools_count,lighting_quality,roadside_hazards,intersection_density,speed_compliance_rate,speed_violation_score,hotspot_score,hotspot_category,speed_safety_score,original_safe_speed,misalignment_score,misalignment_category,speed_p85,ptw_share_pct,exposure_tier,urban_rural_flag,lane_count,median_presence,land_use_type,top_ai_factors,congestion_index,congestion_category,congestion_smoothed,operating_speed_mean,minor_crashes,major_crashes,risk_category,final_safe_speed,corridor_base,corridor_seq
933,JC Road,State Highway,SH-00933,933,12.9552,77.58,12.9639,77.5852,2002.6,373.2,375.203,11.5687,Aligned,0.9762,0.9951,0.0083,0.0067,-0.0124,24.7116,26.8888,52.899,24.0304,28.6609,51.1505,85.8337,0.5287,40.0,18.7506,No,0.0,0.0084,0.9799,Good,Medium,2.9359,10.0,10.0,22.8627,Safe,73.1726,26.5437,18.577,Aligned,25.3473,58.6221,Side Impact Potential,Urban,2.9833,False,Mixed,Poor Infrastructure,0.1823,Light,False,19.7099,0.0085,0.0136,Aligned,23,JC Road,1
934,Jakkur Main Road,Urban Road,URB-00934,934,13.0735,77.5926,13.0735,77.5928,3958.7,373.6,377.559,11.98,Aligned,0.9854,0.9821,0.0374,0.01,0.0096,27.6963,30.0084,55.0222,0.9788,12.6077,52.2875,70.5379,0.0,38.6819,5.967,No,0.0,-0.0027,-0.0346,Poor,High,1.2241,10.0,10.0,20.4093,Safe,68.8543,25.6392,16.9791,Aligned,27.1731,33.8188,Side Impact Potential,Rural,4.0436,False,Residential,Poor Infrastructure,0.2084,Light,False,21.5074,0.0213,0.0049,Aligned,29,Jakkur Main Road,1
935,Jakkur Main Road,Urban Road,URB-00935,935,13.0802,77.6114,13.0807,77.6173,888.0,374.0,374.888,10.0207,Aligned,0.9628,0.9616,0.0035,0.0222,-0.0074,21.3763,18.9951,28.9262,16.545,15.3437,47.7198,93.2548,0.3918,20.0,10.2649,No,0.0,0.0056,0.0104,Poor,Low,1.2726,10.0,10.0,18.1886,Safe,73.89,19.711,15.8191,Aligned,19.9036,34.8001,Side Impact Potential,Rural,1.9779,False,Residential,Poor Infrastructure,0.1873,Light,False,16.5401,-0.0141,0.0096,Aligned,21,Jakkur Main Road,2
936,Jakkur Road,Urban Road,URB-00936,936,13.0978,77.599,13.0824,77.6075,2055.8,374.4,376.456,18.7126,Aligned,0.6933,0.6882,0.3005,-0.0061,0.0072,28.9559,31.1213,54.2663,31.287,39.4036,48.2557,93.7662,0.1609,59.9623,38.3399,No,0.0,0.0074,1.035,Poor,High,2.1731,10.0,10.0652,26.4522,Moderate Risk,72.8226,32.2903,22.7482,Aligned,31.1032,61.3112,Side Impact Potential,Urban,4.334,False,Residential,Poor Infrastructure,0.1215,Light,False,25.8587,0.0018,-0.0006,Aligned,34,Jakkur Road,1
937,Jakkur Road,Urban Road,URB-00937,937,13.0688,77.6034,13.0756,77.6049,776.4,374.8,375.576,11.2349,Aligned,0.9665,0.9564,0.0627,0.0018,0.0087,20.6184,20.5121,57.503,0.0778,21.1189,50.728,83.2751,0.0,30.2647,4.2895,No,0.0,-0.0,-0.0744,Poor,Low,2.4722,10.0,10.0,23.0718,Safe,67.5863,21.9337,19.7434,Aligned,20.145,57.9799,Side Impact Potential,Peri-Urban,3.7451,False,Residential,Poor Infrastructure,-0.0198,,False,20.6048,-0.0136,0.0015,Aligned,21,Jakkur Road,2
938,Jalahalli 1st Main Road,Urban Road,URB-00938,938,13.0419,77.5472,13.0453,77.5479,386.6,375.2,375.587,10.5789,Aligned,0.9802,1.0139,0.0111,0.0049,0.0,30.0869,29.571,61.1252,44.8352,36.9687,50.3363,72.6404,0.0847,40.3508,32.7315,No,0.0,-0.0025,-0.0391,Good,High,3.2407,10.0,10.0,23.5979,Safe,76.9661,31.8169,22.4091,Aligned,30.7944,68.5009,Side Impact Potential,Urban,4.2434,True,Commercial,Meets Safe System Standards,0.2223,Light,False,23.1699,-0.0023,0.0142,Aligned,29,Jalahalli 1st Main R,1
939,Jalahalli Main Road,Urban Road,URB-00939,939,13.0453,77.5479,13.0488,77.5502,526.9,375.6,376.127,9.9596,Aligned,0.9559,1.0083,0.0485,0.0075,-0.0081,27.0662,26.6697,79.7265,18.9782,27.4553,49.9557,73.3575,0.0611,39.6286,18.6479,No,0.0,-0.0001,1.0161,Poor,Low,2.0351,10.0,10.8148,22.4031,Safe,72.3517,29.7861,19.4914,Aligned,24.2254,55.4786,Side Impact Potential,Urban,4.1124,True,Residential,Poor Infrastructure,0.0153,,False,22.6318,0.0045,0.0033,Aligned,26,Jalahalli Main Road,1
940,Jalahalli Road,Urban Road,URB-00940,940,13.0568,77.5468,13.0401,77.5185,3998.1,376.0,379.998,10.411,Aligned,0.9759,0.9583,0.0256,-0.0054,0.002,31.0142,32.7391,80.4374,9.8498,27.2164,50.2809,81.4731,0.0,39.0557,13.8723,No,0.0,0.0153,-0.0167,Good,Low,1.9232,10.0,10.3427,23.7174,Safe,69.6372,33.599,18.7969,Aligned,33.7013,62.5007,Side Impact Potential,Urban,2.8769,True,Residential,Poor Infrastructure,0.0009,,False,26.9307,-0.0009,-0.0169,Aligned,32,Jalahalli Road,1
941,Jamia Masjid Road,Urban Road,URB-00941,941,13.0816,77.5483,13.0802,77.5594,1380.3,376.4,377.78,10.7012,Aligned,0.9414,0.9358,0.0755,0.0101,-0.0025,36.5892,37.2641,76.4864,9.5087,20.3032,51.364,69.5025,0.2627,49.9927,8.2437,No,0.0,0.0006,-0.0427,Good,Low,1.919,10.0,10.0,21.2577,Safe,71.4305,38.7329,18.3921,Aligned,37.7863,61.3608,Side Impact Potential,Urban,5.0003,False,Residential,Poor Infrastructure,0.2223,Light,False,27.9059,0.0031,0.0018,Aligned,37,Jamia Masjid Road,1
942,Jawaharlal Nehru Road,Urban Road,URB-00942,942,12.9028,77.5213,12.9223,77.5206,2171.2,376.8,378.971,25.5766,Aligned,0.7391,0.6878,0.0836,0.1517,-0.0008,60.585,58.1063,98.4064,11.1217,20.8786,79.1068,84.9431,0.0,59.6037,7.6561,No,0.0,-0.0016,-0.0162,Good,Low,0.3734,10.0,10.6815,21.7311,Safe,71.166,60.0902,17.3302,Aligned,60.7621,56.6782,Separated Traffic,Peri-Urban,7.1521,True,Residential,Poor Infrastructure,0.0008,,False,49.0872,-0.0094,0.0069,Aligned,62,Jawaharlal Nehru Roa,1
943,Jayachamarendra Nagar Main Road,Urban Road,URB-00943,943,13.0212,77.6003,13.0202,77.5999,127.3,377.2,377.327,22.2093,Aligned,0.4958,0.5003,0.5259,0.0025,-0.004,42.9776,39.5864,78.8083,11.5859,28.3913,49.5658,95.8641,0.1588,39.7553,12.8972,No,0.0,0.0038,0.0276,Good,High,1.4364,10.0,10.0266,24.991,Moderate Risk,68.211,40.3318,22.9515,Aligned,41.0906,66.2506,Side Impact Potential,Urban,5.8199,False,Residential,Poor Infrastructure,0.0258,,False,37.8104,-0.0026,-0.0065,Aligned,43,Jayachamarendra Naga,1
944,Jayadeva Hospital Underpass,State Highway,SH-00944,944,12.9143,77.5999,12.9188,77.6,502.0,377.6,378.102,19.6598,Aligned,0.7773,0.8075,0.0859,0.0929,0.0014,56.3063,55.3785,100.0,11.75,26.3526,79.3754,84.5575,0.7286,59.619,15.3464,No,0.0,0.0078,-0.079,Poor,Medium,0.4533,10.0,10.0,23.9702,Safe,69.4208,56.0291,20.4506,Aligned,52.5017,58.7801,Separated Traffic,Peri-Urban,5.1057,True,Industrial,Poor Infrastructure,-0.0083,,False,48.5282,-0.0032,-0.0137,Aligned,55,Jayadeva Hospital Un,1
945,Jayadeva Hospital Underpass,State Highway,SH-00945,945,12.9187,77.6001,12.9142,77.6001,491.3,378.0,378.491,10.8881,Aligned,1.0134,0.9963,0.017,-0.0129,-0.0129,23.0454,27.1971,26.9302,11.7241,18.2444,48.5913,90.3997,0.0,40.0,6.9807,No,0.0,-0.0044,-0.0524,Poor,Medium,2.9383,10.0,10.1562,19.8636,Safe,72.3937,27.6395,17.1888,Aligned,26.3757,50.2389,Side Impact Potential,Peri-Urban,1.2357,False,Residential,Poor Infrastructure,0.0188,,False,21.9037,-0.0017,0.0032,Aligned,24,Jayadeva Hospital Un,2
946,Jayamahal Road,State Highway,SH-00946,946,13.0144,77.5841,13.0145,77.5838,4385.5,378.4,382.786,15.7446,Aligned,0.8142,0.8266,0.1941,0.004,-0.0124,32.923,32.1196,60.0366,42.1041,35.9322,50.5353,93.3549,0.1066,40.0,30.5488,No,0.0,0.0025,0.9647,Good,Low,3.0372,10.0,10.0,24.2664,Safe,75.1192,31.2356,22.0459,Aligned,34.4136,67.6245,Side Impact Potential,Urban,3.1422,True,Residential,Meets Safe System Standards,0.1688,Light,False,26.0073,-0.0071,0.0012,Aligned,34,Jayamahal Road,1
947,Jeevan Bhima Nagar Main Road,Urban Road,URB-00947,947,12.9689,77.6477,12.9668,77.6616,1523.7,378.8,380.324,12.0552,Aligned,0.9701,0.9868,0.0031,-0.0153,0.0062,48.6432,47.7528,68.9024,64.7237,33.1544,51.7007,85.0724,0.0859,50.0932,30.1924,No,0.0,0.0062,-0.0055,Poor,High,1.9069,10.0,10.0297,17.8931,Safe,83.192,47.5754,15.5754,Aligned,47.6744,59.8981,Side Impact Potential,Urban,1.8222,False,Industrial,Meets Safe System Standards,-0.0088,,False,39.7597,-0.002,-0.0024,Aligned,50,Jeevan Bhima Nagar M,1
948,Jeevanahalli Main Road,Urban Road,URB-00948,948,12.995,77.6287,13.0014,77.6298,991.9,379.2,380.192,11.149,Aligned,0.9826,0.9883,-0.0076,0.0054,-0.0031,36.8875,35.8096,80.0084,28.5583,25.0466,48.129,83.6369,0.1164,60.0,13.2071,No,0.0,0.0045,0.0254,Poor,Medium,1.9828,10.0,10.2369,20.0707,Safe,74.2395,37.6078,19.1298,Aligned,37.7317,62.1492,Side Impact Potential,Urban,4.9397,False,Residential,Poor Infrastructure,0.1762,Light,False,28.8234,-0.0054,0.0018,Aligned,38,Jeevanahalli Main Ro,1
949,Jeevanahalli Main Road,Urban Road,URB-00949,949,12.9947,77.6291,12.995,77.629,33.5,379.6,379.634,11.6534,Aligned,0.9591,1.0066,0.0262,-0.007,0.0066,28.9469,27.4252,49.2707,18.9243,36.3639,48.2366,77.7936,0.5483,40.8848,32.9543,No,0.0,-0.0009,1.0057,Good,High,2.938,10.0,10.0,25.9167,Moderate Risk,71.0262,27.1916,22.6725,Aligned,28.3365,59.3682,Side Impact Potential,Urban,2.1147,False,Commercial,Poor Infrastructure,-0.0106,,False,25.4106,0.0087,0.0133,Aligned,28,Jeevanahalli Main Ro,2
950,Jeevaraj Alva Road,Urban Road,URB-00950,950,13.0065,77.5787,13.0146,77.5737,1145.6,380.0,381.146,18.7494,Aligned,0.767,0.8145,0.1843,0.0411,-0.0023,67.995,70.4222,99.9013,0.0,13.7458,79.1627,82.924,0.0607,60.0,5.3894,No,0.0,-0.006,0.0363,Good,Low,0.1616,10.0,10.0,20.3272,Safe,69.7964,68.5278,17.0806,Aligned,67.5702,33.5412,Separated Traffic,Rural,5.991,True,Mixed,Poor Infrastructure,-0.013,,False,57.4194,-0.004,0.005,Aligned,68,Jeevaraj Alva Road,1
951,John Armstrong Road,Urban Road,URB-00951,951,13.0046,77.6158,13.0054,77.6162,627.9,380.4,381.028,11.1618,Aligned,0.9995,0.9604,0.0287,0.0167,-0.0096,27.906,28.9733,77.1867,28.0647,29.3249,50.5765,74.6683,0.0,41.2203,11.1478,No,0.0,0.0053,-0.0197,Good,High,2.1137,10.0,10.7657,21.9343,Safe,74.5003,30.6598,19.8159,Aligned,26.7345,67.6731,Side Impact Potential,Urban,1.8085,True,Commercial,Poor Infrastructure,0.0059,,False,23.5262,-0.0126,0.003,Aligned,29,John Armstrong Road,1
952,Judicial Layout Railway Parallel Road,Urban Road,URB-00952,952,13.0869,77.5939,13.0776,77.5905,1323.6,380.8,382.124,33.3497,Moderate Misalignment,0.7721,0.2265,0.7489,0.0438,0.0074,63.3226,65.3129,98.7456,18.0167,24.833,82.5771,89.782,0.2278,57.6104,10.9869,No,0.0,0.0063,-0.0588,Good,Medium,0.3501,10.0,10.0,24.5913,Safe,68.7042,66.0524,26.5867,Aligned,63.4377,61.6038,Separated Traffic,Peri-Urban,5.9137,True,Residential,Poor Infrastructure,-0.0143,,False,58.3068,0.0002,0.0122,Moderate Misalignment,63,Judicial Layout Rail,1
953,Jumma Masjid Road,Urban Road,URB-00953,953,12.9904,77.6071,12.9816,77.6054,1023.7,381.2,382.224,21.2096,Aligned,0.6286,0.5929,0.3774,0.0242,0.0013,49.1458,50.2628,88.0637,26.8255,32.5984,50.5025,90.982,0.0471,51.4885,25.2093,No,0.0,0.0006,0.016,Good,High,1.8029,10.0,10.0,24.411,Safe,71.9784,48.9187,22.7484,Aligned,50.62,65.5619,Side Impact Potential,Urban,6.1096,True,Residential,Poor Infrastructure,0.0032,,False,42.8715,-0.0057,-0.0109,Aligned,49,Jumma Masjid Road,1
954,Junior College Road,Urban Road,URB-00954,954,12.9978,77.7584,13.0016,77.7479,1228.4,381.6,382.828,10.343,Aligned,0.9963,1.0348,0.0396,-0.019,0.0026,37.0991,41.5907,28.8128,9.8115,18.9189,51.2273,92.9824,0.0,29.3972,5.2329,No,0.0,0.0016,0.017,Poor,High,2.5888,10.0,33.5974,25.4463,Moderate Risk,65.2502,40.45,28.2836,Moderate Misalignment,39.1336,54.3399,Side Impact Potential,Peri-Urban,2.0093,False,Mixed,Poor Infrastructure,0.0131,,False,38.2916,0.0049,0.0079,Aligned,39,Junior College Road,1
955,Jyoti Nivas College Road,Urban Road,URB-00955,955,12.9341,77.6166,12.9325,77.6135,386.1,382.0,382.386,49.4251,Moderate Misalignment,0.7151,0.0548,0.7496,0.2643,0.0241,51.2737,49.0546,100.0,28.3663,24.8761,49.3966,97.7194,0.0593,60.0,14.1865,No,0.0,-0.0047,-0.0102,Poor,Low,0.3325,10.0,23.4546,31.7781,Moderate Risk,58.1908,50.7011,42.7288,Moderate Misalignment,71.5528,60.7731,Side Impact Potential,Urban,7.9794,False,Commercial,Poor Infrastructure | Above Human Tolerance Limit,-0.016,,False,65.6835,0.0237,-0.0047,Moderate Misalignment,50,Jyoti Nivas College ,1
956,K B Venkatesh Road,Urban Road,URB-00956,956,13.0024,77.5533,13.0017,77.5503,327.2,382.4,382.727,12.5838,Aligned,0.9007,0.859,0.0364,0.0113,-0.0019,28.3642,29.4774,59.3426,15.7829,20.7815,69.5689,91.6677,0.237,39.2742,13.1794,No,0.0,0.0061,0.0257,Good,Low,1.3991,10.0,10.0,20.7665,Safe,72.1832,31.2388,19.1178,Aligned,30.0911,45.365,Separated Traffic,Rural,3.0998,True,Industrial,Poor Infrastructure,-0.0075,,False,23.5791,0.0012,0.0015,Aligned,27,K B Venkatesh Road,1
957,K. Narayanapura Main Road,Urban Road,URB-00957,957,13.0528,77.6461,13.0664,77.6408,1760.0,382.8,384.56,30.517,Moderate Misalignment,0.6739,0.2935,0.6584,0.0134,-0.0025,28.771,30.8106,53.3822,8.3333,24.9083,48.6676,97.4398,0.5974,29.3329,20.363,No,0.0,-0.0075,0.0468,Good,Low,2.3964,10.0,10.0,23.4211,Safe,69.3091,29.736,18.7487,Aligned,29.7252,49.328,Side Impact Potential,Peri-Urban,3.2744,False,Residential,Poor Infrastructure,-0.0101,,False,26.6661,0.0214,0.0095,Moderate Misalignment,29,K. Narayanapura Main,1
958,KEB Junction Flyover,National Highway,NH-00958,958,12.9348,77.5376,12.933,77.5403,357.0,383.2,383.557,10.3115,Aligned,0.9626,0.9602,0.038,-0.0073,-0.0011,36.4366,35.1186,78.0514,11.2598,40.5085,49.6841,81.1094,0.1019,60.0,38.6979,No,0.0,-0.0031,1.0468,Good,Low,1.9424,10.0,10.0,28.9941,Moderate Risk,66.5331,36.809,24.4661,Moderate Misalignment,35.9842,66.6426,Side Impact Potential,Urban,6.0854,False,Commercial,Poor Infrastructure,0.1699,Light,False,28.8412,-0.0015,-0.0047,Aligned,36,KEB Junction Flyover,1
959,KG Nagar Main Rd,Urban Road,URB-00959,959,12.9491,77.5629,12.955,77.5657,716.5,383.6,384.317,17.9579,Aligned,0.7378,0.6999,0.2586,0.002,-0.0114,38.4953,40.6936,52.0361,22.2136,30.5385,50.1841,89.5575,0.0,28.6502,20.1807,No,0.0,0.0014,-0.0995,Good,Low,3.9318,10.0,31.4272,28.0288,Moderate Risk,67.0241,39.992,31.0378,Moderate Misalignment,36.1101,67.0386,Side Impact Potential,Urban,2.1828,False,Mixed,Poor Infrastructure,0.0034,,False,36.9828,0.0042,0.0152,Aligned,38,KG Nagar Main Rd,1
960,KHB Junction Underpass,State Highway,SH-00960,960,12.9815,77.5349,12.9802,77.5379,354.8,384.0,384.355,12.0043,Aligned,0.9425,0.9557,0.0199,0.0,-0.0056,29.1845,29.1925,49.8631,22.9112,31.548,51.4255,88.6154,0.2297,59.8672,38.0742,No,0.0,-0.0026,0.9704,Poor,High,1.5875,10.0,10.0474,23.3034,Safe,71.8389,29.3668,20.1718,Aligned,27.0273,33.9071,Side Impact Potential,Rural,2.0405,False,Industrial,Poor Infrastructure,0.1523,Light,False,23.3228,0.0159,-0.0014,Aligned,31,KHB Junction Underpa,1
961,KHB Junction Underpass,State Highway,SH-00961,961,12.9801,77.5379,12.9814,77.5349,356.9,384.4,384.757,10.3717,Aligned,0.9869,0.9751,-0.003,0.0221,-0.0003,18.3044,20.0028,32.9764,11.8025,19.0953,48.8976,91.4487,0.5667,40.0,2.7758,No,0.0,-0.002,0.0284,Poor,Medium,3.1854,10.0,10.0,19.9199,Safe,71.7442,15.4082,15.5079,Aligned,17.195,50.6524,Side Impact Potential,Peri-Urban,0.9578,True,Mixed,Poor Infrastructure,-0.0005,,False,12.4014,-0.004,-0.0105,Aligned,18,KHB Junction Underpa,2
962,KHB Main Road,Urban Road,URB-00962,962,13.0323,77.6086,13.0218,77.6033,1307.7,384.8,386.108,10.2828,Aligned,0.9483,0.9635,0.0537,-0.0052,0.0025,36.7843,38.8669,79.1352,7.0551,22.4009,49.0164,67.0011,0.0,49.3854,7.8513,No,0.0,-0.0058,0.0167,Good,Low,1.9297,10.0,10.0865,21.623,Safe,70.7812,40.0108,19.8904,Aligned,39.699,60.6301,Side Impact Potential,Urban,4.7668,False,Residential,Poor Infrastructure,0.2145,Light,False,25.7228,-0.0041,-0.0018,Aligned,36,KHB Main Road,1
963,KR Circle Underpass,State Highway,SH-00963,963,12.9763,77.5881,12.9751,77.5869,182.1,385.2,385.382,39.6943,Moderate Misalignment,0.9493,0.0442,0.9075,0.0229,0.0032,80.3796,80.0124,100.0,0.0,14.6149,79.0653,93.9291,0.3654,59.2686,3.9059,No,0.0,-0.0057,-0.0229,Poor,Medium,0.1202,10.0,12.2957,25.2298,Moderate Risk,61.8557,80.0468,29.1289,Moderate Misalignment,92.5876,45.632,Separated Traffic,Rural,5.9094,True,Industrial,Poor Infrastructure,0.0187,,False,82.8563,0.0085,0.0164,Moderate Misalignment,82,KR Circle Underpass,1
964,KR Puram Market road,Urban Road,URB-00964,964,13.0224,77.6971,13.0123,77.6968,1349.3,385.6,386.949,16.0156,Aligned,0.7671,0.7605,0.1993,0.0354,-0.0006,69.6058,66.2979,97.0115,0.0,12.5568,79.0194,82.1203,0.0735,59.7349,8.2551,No,0.0,0.0002,0.0039,Good,Low,0.1087,10.0,10.0,20.2985,Safe,68.6787,67.9953,17.9603,Aligned,69.1205,32.0052,Separated Traffic,Rural,6.1887,True,Mixed,Poor Infrastructure,0.0047,,False,59.3421,0.0017,-0.0045,Aligned,70,KR Puram Market road,1
965,Kadabeesanahalli Main Road,State Highway,SH-00965,965,12.9308,77.6989,12.9306,77.7002,591.1,386.0,386.591,42.6297,Moderate Misalignment,0.7943,0.0466,0.8007,0.1381,0.0061,45.4035,46.339,100.0,21.0932,17.168,50.9405,66.8238,0.025,59.2869,11.0904,No,0.0,-0.0011,0.0273,Good,Medium,0.237,10.0,10.0,24.6349,Safe,64.9251,45.7519,29.3887,Moderate Misalignment,46.0142,42.9089,Side Impact Potential,Rural,8.0964,False,Industrial,Poor Infrastructure | Above Human Tolerance Limit,-0.012,,False,37.7295,0.0047,0.0049,Moderate Misalignment,45,Kadabeesanahalli Mai,1
966,Kadabeesanahalli Main Road,State Highway,SH-00966,966,12.928,77.7181,12.9252,77.7372,2121.0,386.4,388.521,14.2237,Aligned,0.8533,0.8253,0.1517,0.0238,0.0078,57.1004,56.686,98.6167,11.0265,25.9746,78.6856,74.3064,0.025,60.6864,12.9963,No,0.0,-0.0017,0.0577,Good,Medium,0.4367,10.0,10.0,23.6518,Safe,69.9423,55.9265,21.7293,Aligned,58.1112,61.1381,Separated Traffic,Peri-Urban,5.6381,True,Industrial,Poor Infrastructure,0.2135,Light,False,42.0288,-0.0055,0.0031,Aligned,56,Kadabeesanahalli Mai,2
967,Kadabeesanahalli Main Road,State Highway,SH-00967,967,12.9287,77.7128,12.9287,77.7129,448.5,386.8,387.249,41.1364,Moderate Misalignment,0.8574,0.0874,0.8513,0.0472,-0.0019,79.1597,80.3831,99.1566,9.0837,20.9236,80.5986,100.0,0.2277,80.0,10.529,No,0.0,-0.0065,0.0517,Good,Low,0.452,10.0,24.9808,30.1811,Moderate Risk,57.8778,79.572,38.9441,Moderate Misalignment,98.6907,50.4049,Separated Traffic,Peri-Urban,4.9724,True,Residential,Poor Infrastructure,0.143,Light,False,78.1001,0.0059,-0.0002,Moderate Misalignment,79,Kadabeesanahalli Mai,3
968,Kadabeesanahalli Main Road,State Highway,SH-00968,968,12.9313,77.6951,12.931,77.6975,276.8,387.2,387.477,76.6902,High Misalignment,0.9499,0.0097,0.026,0.9422,0.0,27.9549,30.5025,87.0744,65.7604,41.8903,30.6053,100.0,0.013,53.4605,37.5513,No,0.0,-0.0004,-0.0457,Good,Medium,2.3632,10.0,27.4803,37.7495,Moderate Risk,57.2317,28.9568,60.4511,High Misalignment,62.4765,67.8093,Significant Pedestrian Interaction,Urban,5.2417,True,Residential,Speed Limit Misaligned | High Pedestrian Interaction | Above Human Tolerance Limit,0.1645,Light,False,51.0271,0.0006,0.0043,High Misalignment,30,Kadabeesanahalli Mai,4
969,Kadarenahalli - Kumarswamy Main Road,Urban Road,URB-00969,969,12.9095,77.5644,12.913,77.5648,404.5,387.6,388.005,17.4763,Aligned,0.7466,0.7231,0.2237,0.0135,-0.0027,36.2304,32.2747,49.3736,0.5684,21.9216,50.0818,98.4416,0.0,32.051,7.9872,No,0.0,-0.0056,0.0273,Good,Low,2.3635,10.0,15.3006,25.3284,Moderate Risk,64.9081,33.5652,24.7699,Aligned,34.1464,53.7713,Side Impact Potential,Peri-Urban,1.7918,False,Residential,Poor Infrastructure,-0.0323,,False,33.1344,0.0081,-0.0171,Aligned,35,Kadarenahalli - Kuma,1
970,Kaderanahali Underpass,National Highway,NH-00970,970,12.9156,77.5654,12.9155,77.5653,838.9,388.0,388.839,10.3623,Aligned,0.997,0.9879,0.0261,-0.0122,-0.0003,28.9946,28.8075,29.9708,0.0,21.126,52.2488,76.0875,0.0,60.0,7.2177,No,0.0,-0.0036,-0.0433,Good,Low,3.6493,10.0,10.041,23.6278,Safe,67.8945,27.5197,19.492,Aligned,27.4073,60.4404,Side Impact Potential,Peri-Urban,1.9396,False,Residential,Poor Infrastructure,0.0083,,False,26.1876,-0.0019,-0.0038,Aligned,30,Kaderanahali Underpa,1
971,Kadubisanahalli Main Road,State Highway,SH-00971,971,12.9308,77.6989,12.9313,77.6951,432.0,388.4,388.832,38.6292,Moderate Misalignment,0.9756,0.0223,0.9564,-0.0091,-0.0078,56.4618,54.4093,79.513,22.2045,31.8722,68.9648,97.0104,0.0,48.7361,23.549,No,0.0,-0.0038,0.9545,Good,High,1.4063,10.0,10.559,26.2695,Moderate Risk,69.6399,54.6428,24.8181,Moderate Misalignment,54.7233,63.7414,Separated Traffic,Urban,3.162,True,Residential,Poor Infrastructure,-0.0169,,False,46.8503,0.0027,-0.0091,Moderate Misalignment,58,Kadubisanahalli Main,1
972,Kadugodi Main Road,State Highway,SH-00972,972,13.0069,77.7575,13.0005,77.7578,729.8,388.8,389.53,17.3636,Aligned,0.8644,0.8613,0.1277,0.0245,-0.0061,36.9091,37.9634,82.8947,26.4493,27.6629,50.8419,92.1088,0.0,40.0,18.371,No,0.0,-0.0019,0.0408,Good,Low,1.9298,10.0,10.6988,21.8555,Safe,75.3677,37.1478,19.2528,Aligned,36.832,56.6772,Side Impact Potential,Urban,6.1258,False,Industrial,Poor Infrastructure,0.0024,,False,32.432,0.0035,-0.0136,Aligned,37,Kadugodi Main Road,1
973,Kadugodi Railway Bridge,State Highway,SH-00973,973,13.0005,77.7578,12.9946,77.7578,668.0,389.2,389.868,71.5927,High Misalignment,0.8598,0.0101,0.1286,0.8801,0.0054,29.6984,30.1935,85.4233,34.8229,46.8833,28.9335,96.1733,0.6655,40.0,50.6494,No,0.0,-0.0112,0.9755,Poor,Low,2.1475,10.0,34.5868,39.0744,Moderate Risk,55.6905,31.1813,51.216,High Misalignment,52.842,67.7619,Significant Pedestrian Interaction,Urban,5.7497,True,Residential,Speed Limit Misaligned | High Pedestrian Interaction | Above Human Tolerance Limit,0.1546,Light,False,42.3805,-0.0095,0.0085,High Misalignment,32,Kadugodi Railway Bri,1
974,Kaggadasapura Main Road,Urban Road,URB-00974,974,12.9727,77.678,12.9836,77.6798,1274.3,389.6,390.874,33.9692,Moderate Misalignment,0.7717,0.2236,0.7453,0.0278,0.0113,31.7082,31.2703,49.3734,46.7,46.113,48.7347,97.5631,0.1084,40.4996,47.9028,No,0.0,0.0076,2.0825,Good,High,3.288,10.0,10.1399,25.8727,Moderate Risk,75.0507,31.6993,24.0379,Aligned,34.7926,62.055,Side Impact Potential,Urban,2.0611,False,Residential,Meets Safe System Standards,0.0258,,False,28.5551,-0.0021,0.0071,Moderate Misalignment,33,Kaggadasapura Main R,1
975,Kaggadasapura Main Road,Urban Road,URB-00975,975,12.984,77.6791,12.9855,77.6639,1721.8,390.0,391.722,18.373,Aligned,0.7455,0.714,0.2614,0.0034,0.009,33.1795,32.1751,51.9401,0.0,22.7409,50.2349,95.3671,0.062,30.5948,8.3591,No,0.0,0.0132,-0.02,Good,Low,2.3415,10.0,14.9075,25.1987,Moderate Risk,65.5172,31.6803,24.5064,Aligned,33.0339,53.9895,Side Impact Potential,Peri-Urban,2.1334,False,Residential,Poor Infrastructure,0.0031,,False,29.4861,0.0052,0.0032,Aligned,36,Kaggadasapura Main R,2
976,Kaggadasapura To outer Ring Road,State Highway,SH-00976,976,12.9867,77.6789,12.9908,77.6872,1353.0,390.4,391.753,9.3205,Aligned,0.9755,0.9441,0.0847,-0.0029,0.0,25.5597,25.8879,52.7054,23.8585,27.0929,50.5458,88.1103,0.0,40.0,17.0261,No,0.0,0.0006,-0.032,Good,Low,2.2025,10.0,10.222,22.5065,Safe,72.6873,26.5099,19.0599,Aligned,25.0421,65.4693,Side Impact Potential,Urban,2.6597,False,Commercial,Poor Infrastructure,0.0144,,False,21.6268,0.0067,0.0034,Aligned,24,Kaggadasapura To out,1
977,Kaggadasspura Main Road,Urban Road,URB-00977,977,12.984,77.6791,12.9836,77.6798,83.0,390.8,390.883,9.0141,Aligned,0.9834,1.015,0.0433,-0.0051,0.0164,41.6659,41.5083,72.7574,33.1552,27.5287,49.722,74.364,0.0646,51.0985,17.2921,No,0.0,-0.0108,-0.0717,Good,Low,1.639,10.0,10.1153,21.5679,Safe,75.8313,43.342,19.0631,Aligned,39.444,55.4122,Side Impact Potential,Urban,2.8388,False,Residential,Poor Infrastructure,0.1411,Light,False,33.4554,0.0041,-0.0041,Aligned,39,Kaggadasspura Main R,1