segment_id,road_name,road_type,human_segment_id,internal_id,start_lat,start_lon,end_lat,end_lon,length_m,start_km,end_km,road_risk_score,ai_risk_label,ai_risk_probability,prob_low_risk,prob_medium_risk,prob_high_risk,prob_critical_risk,ai_recommended_speed,recommended_safe_speed,road_function_score,infrastructure_score,exposure_score,human_tolerance_limit,operating_speed_score,crash_risk_score,posted_speed_limit,pedestrian_exposure_score,blackspot_flag,crash_count,fatal_crashes,schools_count,lighting_quality,roadside_hazards,intersection_density,speed_compliance_rate,speed_violation_score,hotspot_score,hotspot_category,speed_safety_score,original_safe_speed,misalignment_score,misalignment_category,speed_p85,ptw_share_pct,exposure_tier,urban_rural_flag,lane_count,median_presence,land_use_type,top_ai_factors,congestion_index,congestion_category,congestion_smoothed,operating_speed_mean,minor_crashes,major_crashes,risk_category,final_safe_speed,corridor_base,corridor_seq
978,Kalasipalya Main Road,State Highway,SH-00978,978,12.9639,77.5775,12.9589,77.5777,562.8,391.2,391.763,34.2993,Moderate Misalignment,0.8385,0.169,0.848,-0.0131,0.004,78.9437,80.2697,98.3627,15.3032,13.5286,78.8243,87.9617,0.0,60.8659,3.4299,No,0.0,0.0029,0.0094,Poor,Low,0.1744,10.0,33.8032,26.3071,Moderate Risk,60.8402,80.2533,36.5643,Moderate Misalignment,79.3801,33.7009,Separated Traffic,Rural,8.0811,True,Industrial,Poor Infrastructure,0.0059,,False,68.527,0.0053,0.0068,Moderate Misalignment,80,Kalasipalya Main Roa,1
979,Kalidasa Road,Urban Road,URB-00979,979,12.9743,77.5782,12.9789,77.5814,838.6,391.6,392.439,21.5368,Aligned,0.699,0.6786,0.2794,0.0174,-0.009,66.9717,68.3672,97.9715,5.4982,17.7631,79.661,78.1317,0.1208,59.3057,11.9773,No,0.0,0.0019,0.046,Poor,Low,-0.0466,10.0,10.0,21.311,Safe,70.3793,67.7392,18.7722,Aligned,68.0179,37.1164,Separated Traffic,Rural,5.1609,True,Industrial,Poor Infrastructure,-0.0112,,False,56.5598,-0.0031,-0.0014,Aligned,68,Kalidasa Road,1
980,Kalkere Channasandra Main Road,Urban Road,URB-00980,980,13.0346,77.6751,13.0336,77.6747,2005.0,392.0,394.005,9.7215,Aligned,0.9661,0.8851,0.0146,0.0093,-0.0003,29.2437,24.9169,82.2227,1.6247,21.7796,52.5288,67.3479,0.038,39.0255,6.3354,No,0.0,0.0068,0.0174,Poor,Medium,1.5492,10.0,10.0,23.4559,Safe,67.7794,27.4447,21.798,Aligned,27.1456,55.4786,Side Impact Potential,Urban,2.9172,True,Residential,Poor Infrastructure,0.1804,Light,False,19.3944,-0.0036,0.0178,Aligned,28,Kalkere Channasandra,1
981,Kalkere Main Road,Urban Road,URB-00981,981,13.0185,77.6782,13.0213,77.6784,319.3,392.4,392.719,9.9813,Aligned,0.9778,0.9802,-0.0107,-0.0149,0.0101,34.0177,34.8948,79.367,14.6678,29.5166,50.5491,70.3917,0.0,50.1898,22.5757,No,0.0,-0.0004,0.0113,Poor,Low,1.5216,10.0,10.0,23.2117,Safe,70.6327,35.579,21.8556,Aligned,38.1067,58.8659,Side Impact Potential,Urban,5.9667,False,Commercial,Poor Infrastructure,0.002,,False,30.2189,0.0011,-0.0006,Aligned,33,Kalkere Main Road,1
982,Kalkere Main Road,Urban Road,URB-00982,982,13.0213,77.6789,13.0336,77.6747,1617.6,392.8,394.418,14.1389,Aligned,0.8981,0.8711,0.0862,0.0287,0.0009,57.1452,58.8816,97.854,2.1811,18.8202,77.8964,66.9747,0.0,59.9699,9.4873,No,0.0,0.0039,0.0301,Poor,High,0.4298,10.0,10.0,22.6174,Safe,69.2473,58.1766,20.2666,Aligned,58.4121,45.4782,Separated Traffic,Rural,7.7046,True,Residential,Poor Infrastructure,-0.0024,,False,47.5385,0.0042,0.0033,Aligned,58,Kalkere Main Road,2
983,Kalkere Main road,Urban Road,URB-00983,983,13.0117,77.6782,13.0185,77.6782,794.3,393.2,393.994,11.6072,Aligned,0.9721,0.9582,0.0372,-0.0059,-0.0027,29.0153,29.4873,80.2162,0.0,21.2239,49.3746,70.4383,0.0,41.1544,6.4255,No,0.0,0.0121,-0.0234,Poor,Medium,1.5147,10.0,10.0008,23.1629,Safe,68.3463,26.5971,20.1077,Aligned,26.1873,55.4282,Side Impact Potential,Urban,2.7855,True,Residential,Poor Infrastructure,0.1827,Light,False,19.611,0.0026,0.0103,Aligned,29,Kalkere Main road,1
984,Kalkere-Agara Main Road,Urban Road,URB-00984,984,13.0374,77.6561,13.0377,77.6689,2751.3,393.6,396.351,44.5533,Moderate Misalignment,0.7089,0.1106,0.6836,0.2156,0.0109,49.7927,50.2042,99.8805,42.162,27.3296,48.8405,75.5534,0.0,59.9569,12.5397,No,0.0,0.0001,-0.0629,Good,High,0.5257,10.0,10.0,34.5884,Moderate Risk,54.227,50.156,56.7467,High Misalignment,71.7221,68.8631,Side Impact Potential,Urban,6.9177,False,Residential,Speed Limit Misaligned | Above Human Tolerance Limit,0.0184,,False,65.2533,0.0037,0.0065,Moderate Misalignment,51,Kalkere-Agara Main R,1
985,Kalpalli Road,Urban Road,URB-00985,985,12.9943,77.6291,12.9915,77.6434,1587.9,394.0,395.588,12.0954,Aligned,0.9298,0.9791,0.0472,-0.0023,-0.0011,34.0586,31.8712,79.1259,47.6749,40.5663,51.3663,68.3151,0.0,48.9746,39.5326,No,0.0,-0.0121,1.9703,Good,Low,1.9864,10.0,10.0,23.9759,Safe,75.9016,34.5414,21.1601,Aligned,34.3209,61.5239,Side Impact Potential,Urban,5.8517,False,Mixed,Meets Safe System Standards,0.0054,,False,29.5396,-0.0031,0.0028,Aligned,33,Kalpalli Road,1
986,Kalpana Chawla Road,Urban Road,URB-00986,986,13.037,77.5785,13.0424,77.5801,631.4,394.4,395.031,10.9286,Aligned,0.9716,0.9901,-0.079,0.0207,-0.0106,35.3913,34.4827,51.7682,72.7213,34.6563,49.2437,80.8434,0.0831,58.2382,28.3804,No,0.0,-0.0052,-0.0048,Poor,High,3.486,10.0,10.0,17.9625,Safe,85.3527,31.435,16.8257,Aligned,34.3287,62.3486,Side Impact Potential,Urban,1.904,False,Commercial,Meets Safe System Standards,0.1678,Light,False,25.6084,0.003,0.0071,Aligned,36,Kalpana Chawla Road,1
987,Kamaraj Road,Urban Road,URB-00987,987,12.9751,77.608,12.9906,77.6139,1889.8,394.8,396.69,8.4699,Aligned,0.9714,0.993,0.0354,0.0016,0.0036,21.9521,19.6534,52.8883,23.9231,23.7449,52.0658,80.7548,0.0058,29.8499,15.8322,No,0.0,-0.0036,0.013,Good,Low,2.2964,10.0,10.5885,20.181,Safe,74.2126,22.3678,17.3331,Aligned,18.3158,53.2165,Side Impact Potential,Peri-Urban,3.9379,False,Industrial,Poor Infrastructure,-0.0205,,False,17.5718,-0.0053,-0.0048,Aligned,21,Kamaraj Road,1
988,Kammanahalli Main Road,Urban Road,URB-00988,988,13.0057,77.6384,13.0228,77.6372,2339.2,395.2,397.539,11.0843,Aligned,1.0138,0.9764,-0.0199,0.0196,-0.0074,28.274,24.8402,32.6611,23.3002,29.7088,48.3398,86.9248,0.0,40.5543,20.1634,No,0.0,0.006,1.0459,Poor,Low,3.0605,10.0,10.0,23.6738,Safe,72.1736,26.8635,20.2308,Aligned,29.7893,60.8222,Side Impact Potential,Peri-Urban,1.7655,False,Mixed,Poor Infrastructure,0.0079,,False,22.7546,0.0029,0.0089,Aligned,29,Kammanahalli Main Ro,1
989,Kammanahalli Main Road,Urban Road,URB-00989,989,13.0263,77.637,13.0261,77.637,31.9,395.6,395.632,10.8277,Aligned,0.9775,0.9507,0.0159,-0.0002,0.0015,27.6821,27.2976,30.221,21.3161,19.1728,49.7272,92.5334,0.0311,27.8887,13.7285,No,0.0,0.0018,0.0285,Poor,Low,1.9673,10.0,10.0,19.3207,Safe,73.438,29.1297,20.0727,Aligned,30.0335,44.7431,Side Impact Potential,Rural,1.8074,False,Industrial,Poor Infrastructure,-0.043,,False,23.3582,-0.0068,-0.0088,Aligned,29,Kammanahalli Main Ro,2
990,Kanaka Nagar 1st Main Road,Urban Road,URB-00990,990,13.0348,77.6064,13.0395,77.6074,538.7,396.0,396.539,69.0682,High Misalignment,0.8502,0.0674,0.1121,0.8384,0.0114,48.0644,49.1378,69.2342,2.4701,22.1707,52.1401,99.6907,0.0875,59.8937,11.8618,No,0.0,-0.0048,-0.0552,Good,Low,1.5936,10.0,30.4511,36.8932,Moderate Risk,49.3999,51.0226,52.1464,High Misalignment,76.342,49.3393,Side Impact Potential,Peri-Urban,3.0995,False,Mixed,Speed Limit Misaligned | Poor Infrastructure | Above Human Tolerance Limit,0.163,Light,False,59.447,-0.0102,0.0039,High Misalignment,49,Kanaka Nagar 1st Mai,1
991,Kanaka Nagar 2nd Main Road,Urban Road,URB-00991,991,13.0384,77.6104,13.0323,77.6086,714.1,396.4,397.114,33.2688,Moderate Misalignment,0.7611,0.1877,0.755,0.0114,0.004,79.9113,79.7632,95.6316,5.105,14.9013,80.667,55.3817,0.0095,60.0,7.2276,No,0.0,-0.008,0.0272,Poor,Low,0.1566,10.0,10.2202,25.2306,Moderate Risk,62.6335,83.8864,29.3232,Moderate Misalignment,82.1715,34.663,Separated Traffic,Rural,6.2429,True,Residential,Poor Infrastructure | Above Human Tolerance Limit,0.2137,Light,False,58.4354,0.0097,-0.01,Moderate Misalignment,80,Kanaka Nagar 2nd Mai,1
992,Kanaka Nagar 2nd Main Road,Urban Road,URB-00992,992,13.0424,77.612,13.0417,77.6118,81.7,396.8,396.882,16.3376,Aligned,0.8366,0.8671,0.1517,-0.0093,-0.0015,41.8811,39.2629,53.0265,1.56,12.6198,51.2287,89.3599,0.0,39.7338,2.6492,No,0.0,0.0074,-0.0157,Poor,Low,1.2212,10.0,10.2527,20.6198,Safe,69.6124,40.3559,17.3613,Aligned,38.8666,38.5126,Side Impact Potential,Rural,2.9655,False,Residential,Poor Infrastructure,0.0228,,False,32.0819,-0.0002,0.004,Aligned,41,Kanaka Nagar 2nd Mai,2
993,Kanakapura Main Road,Urban Road,URB-00993,993,12.9406,77.5769,12.9436,77.5769,334.7,397.2,397.535,15.7441,Aligned,0.9007,0.8977,0.0927,-0.0058,0.0014,38.6193,38.1318,98.826,23.6385,23.4715,80.0356,59.4115,0.3425,59.9121,20.1389,No,0.0,-0.0097,-0.0262,Good,High,0.3726,10.0,10.0,21.7115,Safe,73.3672,40.7931,16.3625,Aligned,37.7197,48.769,Separated Traffic,Peri-Urban,3.9649,True,Residential,Poor Infrastructure,0.0153,,False,37.1405,-0.007,0.0112,Aligned,40,Kanakapura Main Road,1
994,Kanakapura Road,National Highway,NH-00994,994,12.8536,77.5234,12.8536,77.5234,26642.9,397.6,424.243,41.067,Moderate Misalignment,0.8883,0.0221,0.8949,0.0798,-0.004,44.1003,44.0331,100.0,1.3983,13.3602,49.3028,28.026,0.3999,60.8036,2.1368,No,0.0,0.0,0.0393,Poor,Medium,0.3892,10.0,10.0,25.4038,Moderate Risk,61.6511,46.456,31.643,Moderate Misalignment,44.3634,38.9317,Side Impact Potential,Rural,4.9546,False,Residential,Active Congestion | Poor Infrastructure | Above Human Tolerance Limit,0.724,Severe,False,12.5413,0.0092,0.0048,Moderate Misalignment,44,Kanakapura Road,1
995,Kankanapalya Road,Urban Road,URB-00995,995,12.9437,77.58,12.9437,77.5773,1173.5,398.0,399.173,12.3626,Aligned,0.851,0.8775,0.1703,-0.0067,-0.0069,79.7862,79.3021,100.0,9.6302,16.9281,80.5253,74.1968,0.0,60.0,3.9776,No,0.0,-0.0056,-0.0489,Poor,Low,0.3283,10.0,10.3259,21.0528,Safe,70.3587,81.1022,20.2587,Aligned,83.9417,49.721,Separated Traffic,Peri-Urban,7.8491,True,Commercial,Poor Infrastructure,0.195,Light,False,60.8171,0.0036,-0.0125,Aligned,80,Kankanapalya Road,1
996,Kankanapalya Road,Urban Road,URB-00996,996,12.9437,77.5771,12.9436,77.5769,30.9,398.4,398.431,66.9626,High Misalignment,0.7863,0.0128,0.2049,0.7864,0.0066,29.6113,29.2782,77.9881,51.7107,50.4363,29.0651,68.2174,0.3229,58.6624,61.1337,No,0.0,-0.0069,0.9776,Good,Medium,1.7938,10.0,10.0,42.8616,Moderate Risk,54.3025,30.4,62.0568,High Misalignment,46.2907,60.8563,Significant Pedestrian Interaction,Urban,2.0606,True,Mixed,Speed Limit Misaligned | High Pedestrian Interaction | Above Human Tolerance Limit,-0.017,,False,39.6589,-0.0163,0.0013,High Misalignment,29,Kankanapalya Road,2
997,Kannada Katte Road,Urban Road,URB-00997,997,12.9541,77.5697,12.9539,77.5675,246.7,398.8,399.047,31.6407,Moderate Misalignment,0.6062,0.3632,0.6219,0.0219,-0.0031,75.053,75.0955,100.0,0.5989,14.0736,80.0235,52.3322,0.3631,59.3568,5.9007,No,0.0,-0.007,0.0949,Poor,Low,0.1667,10.0,10.0,27.0,Moderate Risk,61.7489,74.8807,31.4599,Moderate Misalignment,73.875,36.6882,Separated Traffic,Rural,3.9471,True,Industrial,Poor Infrastructure | Above Human Tolerance Limit,0.1517,Light,False,60.1532,0.0082,0.0127,Moderate Misalignment,73,Kannada Katte Road,1
998,Kannur Main Road,State Highway,SH-00998,998,13.1014,77.6362,13.1014,77.635,135.4,399.2,399.335,13.706,Aligned,0.8884,0.9327,0.0972,0.0177,0.0029,39.6786,38.9172,100.0,22.5938,24.5511,80.4799,59.8973,0.0411,60.0938,16.958,No,0.0,0.0047,0.0036,Good,High,0.2416,10.0,10.2061,21.4456,Safe,74.0554,40.7244,16.1902,Aligned,39.0423,48.6519,Separated Traffic,Peri-Urban,3.8586,True,Residential,Poor Infrastructure,-0.0153,,False,32.6875,-0.0027,0.0116,Aligned,40,Kannur Main Road,1
999,Kannuru Main Road,Urban Road,URB-00999,999,13.1018,77.6348,13.1014,77.6362,2568.8,399.6,402.169,37.7702,Moderate Misalignment,0.9085,0.0975,0.901,0.0104,-0.0028,27.0199,29.0775,56.4244,47.9027,50.8575,31.3392,75.4316,0.0497,42.1682,66.5353,No,0.0,0.0036,2.0687,Good,Medium,2.2366,10.0,10.0,32.9409,Moderate Risk,67.5735,28.7213,38.0758,Moderate Misalignment,31.9564,56.1852,Significant Pedestrian Interaction,Peri-Urban,4.0875,False,Mixed,High Pedestrian Interaction | Above Human Tolerance Limit,-0.0317,,False,24.5804,0.0066,-0.005,Moderate Misalignment,27,Kannuru Main Road,1
1000,Kanshiram Nagar Main Road,Urban Road,URB-01000,1000,13.0827,77.5305,13.0836,77.5331,1660.7,400.0,401.661,10.7691,Aligned,0.9637,0.9722,0.0207,-0.0143,-0.0011,42.6926,46.8294,55.4679,24.2859,32.7471,49.8488,78.4886,0.2076,52.5525,24.1965,No,0.0,0.0009,0.9407,Good,Low,2.8106,10.0,10.0,24.7312,Safe,72.5874,43.9102,22.7536,Aligned,42.1639,67.8682,Side Impact Potential,Urban,3.9719,False,Commercial,Poor Infrastructure,0.1323,Light,False,35.5134,-0.0121,-0.0039,Aligned,43,Kanshiram Nagar Main,1
1001,Kanteerava Studio Flyover,National Highway,NH-01001,1001,13.0191,77.5319,13.0248,77.5339,675.9,400.4,401.076,15.4158,Aligned,0.8513,0.8587,0.0828,-0.0011,-0.0033,49.9615,41.0344,98.8551,34.6433,29.7414,81.0931,65.4034,40.5569,60.0,15.5338,Yes,0.0,0.9968,-0.0787,Poor,Low,0.5098,10.0,10.4355,30.9766,Moderate Risk,68.3883,46.6473,18.7678,Aligned,47.7378,68.8874,Separated Traffic,Urban,4.9526,True,Industrial,Meets Safe System Standards,0.1468,Light,False,36.5239,0.0054,-0.0043,Aligned,49,Kanteerava Studio Fl,1
1002,Kanteerava Studio Flyover,National Highway,NH-01002,1002,13.0233,77.5332,13.0189,77.532,505.7,400.8,401.306,42.9403,Moderate Misalignment,0.7058,0.0744,0.6949,0.1956,-0.0004,49.8307,49.3914,98.301,43.8379,27.4842,49.6974,76.697,0.0,60.2426,12.7522,No,0.0,-0.0039,-0.0199,Good,High,0.5294,10.0,10.0,35.6259,Moderate Risk,55.2791,48.3935,57.5006,High Misalignment,70.6561,68.6086,Side Impact Potential,Urban,7.0096,False,Residential,Speed Limit Misaligned | Above Human Tolerance Limit,-0.0066,,False,64.5911,-0.002,-0.0032,Moderate Misalignment,49,Kanteerava Studio Fl,2
1003,Kanteerava Studio Main Road,Urban Road,URB-01003,1003,13.022,77.5327,13.0182,77.5428,1232.5,401.2,402.433,35.5929,Moderate Misalignment,0.8367,0.1668,0.7872,0.0029,-0.0027,50.4918,50.2197,44.3653,17.5564,26.3457,49.8064,96.4663,0.0,39.3264,11.9764,No,0.0,0.0004,-0.0189,Good,Medium,3.4001,10.0,24.5257,26.4823,Moderate Risk,65.1406,46.1298,31.5358,Moderate Misalignment,50.516,63.7936,Side Impact Potential,Urban,2.1225,False,Commercial,Poor Infrastructure,0.1878,Light,False,37.0772,-0.0001,0.0089,Moderate Misalignment,50,Kanteerava Studio Ma,1
1004,Karantha Road,Urban Road,URB-01004,1004,12.93,77.5679,12.9296,77.5681,61.4,401.6,401.661,18.0162,Aligned,0.7702,0.7935,0.231,0.0138,0.0102,32.4967,33.1213,52.3608,19.9034,23.9052,49.4982,98.2338,0.0,31.4008,10.0135,No,0.0,-0.0002,0.026,Poor,Medium,2.2977,10.0,11.2278,22.9325,Safe,71.8734,34.1856,23.2554,Aligned,31.5926,58.2989,Side Impact Potential,Urban,2.9313,False,Industrial,Poor Infrastructure,-0.0006,,False,28.7678,0.007,-0.0126,Aligned,33,Karantha Road,1
1005,Kariammana Agrahara Road,Urban Road,URB-01005,1005,12.9305,77.6786,12.9315,77.6865,1036.3,402.0,403.036,9.8911,Aligned,0.9202,0.9296,0.0795,-0.0097,0.0016,17.2791,20.2372,31.8946,1.3225,18.9346,50.8609,91.0676,0.0,59.1712,3.1171,No,0.0,0.0065,0.0624,Good,Medium,3.871,10.0,10.426,23.7062,Safe,67.918,17.2163,19.7642,Aligned,19.6752,59.3594,Side Impact Potential,Peri-Urban,1.8559,False,Residential,Poor Infrastructure,-0.0203,,False,12.1898,0.0082,-0.0136,Aligned,20,Kariammana Agrahara ,1
1006,Kariyamma Agrahara Road,Urban Road,URB-01006,1006,12.939,77.688,12.9394,77.6951,809.9,402.4,403.21,11.7283,Aligned,0.9627,1.0346,0.0186,0.0164,0.0176,27.3887,27.8361,55.3363,0.0,13.4878,52.5312,70.9646,0.0,38.6744,4.5999,No,0.0,0.0087,0.0382,Poor,High,1.2383,10.0,10.0,20.3596,Safe,69.1112,25.2201,17.833,Aligned,27.5043,33.1649,Side Impact Potential,Rural,4.2356,False,Residential,Poor Infrastructure,0.2024,Light,False,21.1796,0.008,-0.0083,Aligned,27,Kariyamma Agrahara R,1
1007,Kariyammana Agrahara Road,Urban Road,URB-01007,1007,12.9446,77.6803,12.9491,77.6887,1349.2,402.8,404.149,43.0562,Moderate Misalignment,0.7596,0.0915,0.8087,0.1325,0.0031,50.1449,48.498,99.9308,20.5026,21.5668,50.2894,73.2049,0.2283,60.0,13.3923,No,0.0,0.01,0.0324,Poor,Medium,0.5526,10.0,10.0,30.2343,Moderate Risk,58.2237,48.4631,45.2754,Moderate Misalignment,62.7381,46.9659,Side Impact Potential,Peri-Urban,7.6815,False,Residential,Poor Infrastructure | Above Human Tolerance Limit,-0.0112,,False,54.3501,0.0096,0.0163,Moderate Misalignment,51,Kariyammana Agrahara,1
1008,Kariyammana Agrahara Road,Urban Road,URB-01008,1008,12.9465,77.673,12.9466,77.6709,432.5,403.2,403.633,22.9347,Aligned,0.5612,0.5332,0.4575,0.0039,-0.0183,55.767,60.1803,99.6308,0.0,13.9571,80.1838,74.1276,0.0104,60.0,1.8136,No,0.0,-0.0027,0.0382,Good,Medium,0.2005,10.0,10.0569,20.7699,Safe,69.3458,57.6297,17.5632,Aligned,59.8906,43.5232,Separated Traffic,Rural,8.0199,True,Residential,Approach to Congestion (Tapered) | Poor Infrastructure,-0.0119,,True,53.5336,-0.0047,0.0024,Aligned,56,Kariyammana Agrahara,2
1009,Kariyammana Agrahara Road,Urban Road,URB-01009,1009,12.9438,77.6804,12.939,77.688,1008.4,403.6,404.608,19.729,Aligned,0.6877,0.6121,0.3066,0.0143,-0.0053,48.2918,48.8248,100.0,25.1699,20.4513,79.3717,74.6324,0.0,60.0,18.0034,No,0.0,-0.0065,0.0565,Good,Medium,0.2558,10.0,10.2648,19.0584,Safe,75.1155,46.4123,16.9951,Aligned,45.7211,37.5925,Separated Traffic,Rural,6.2091,True,Residential,Poor Infrastructure,0.0095,,False,43.9533,0.0025,0.0115,Aligned,50,Kariyammana Agrahara,3
1010,Kasturba Road,Urban Road,URB-01010,1010,12.9678,77.5876,12.9722,77.594,2495.0,404.0,406.495,12.8191,Aligned,0.9327,0.9247,0.0616,0.0125,-0.0025,36.7374,37.0762,79.8444,69.4449,47.6045,48.3284,71.7406,0.1506,49.9671,53.3587,No,0.0,0.0005,1.0334,Good,Low,2.1737,10.0,10.0,23.7147,Safe,80.6353,39.2426,21.0589,Aligned,39.031,65.5291,Side Impact Potential,Urban,6.0,False,Commercial,Meets Safe System Standards,-0.0049,,False,33.7266,0.0046,-0.0011,Aligned,37,Kasturba Road,1
1011,Kasturi Nagar Main Road,Urban Road,URB-01011,1011,12.9977,77.6627,13.002,77.6598,579.1,404.4,404.979,10.9954,Aligned,0.9391,0.9483,0.0335,0.0208,-0.0044,40.2572,42.0895,81.3888,24.8673,32.0322,50.1259,66.9963,0.0383,50.7153,17.4,No,0.0,0.0094,0.0256,Good,Low,2.2215,10.0,10.0,23.4116,Safe,72.9733,40.8683,20.5053,Aligned,38.8496,65.0587,Side Impact Potential,Urban,5.9862,False,Residential,Poor Infrastructure,0.2096,Light,False,28.5635,0.012,-0.0002,Aligned,38,Kasturi Nagar Main R,1
1012,Kasturinagar Road Under Bridge,Urban Road,URB-01012,1012,12.9981,77.6634,12.9955,77.6638,336.3,404.8,405.136,9.25,Aligned,0.9402,0.9661,0.0531,0.0259,-0.0088,22.758,20.7798,33.3023,18.0943,22.9763,48.5463,98.1354,0.1256,21.921,14.4051,No,0.0,-0.0038,-0.0143,Good,Medium,3.1257,10.0,14.7587,21.4802,Safe,72.6304,24.2882,21.7219,Aligned,24.0902,51.3836,Side Impact Potential,Peri-Urban,1.9039,False,Residential,Poor Infrastructure,0.0107,,False,19.8846,-0.0099,-0.0128,Aligned,23,Kasturinagar Road Un,1
1013,Kathriguppe Main Road,Urban Road,URB-01013,1013,12.9277,77.5514,12.9277,77.5514,2406.2,405.2,407.606,36.637,Moderate Misalignment,0.8363,0.1309,0.8581,0.0075,0.0018,48.5375,49.5728,59.4839,18.1591,21.757,49.0222,97.3506,0.3159,40.2546,14.6692,No,0.0,0.0034,-0.0206,Good,Low,1.8302,10.0,23.2006,25.3549,Moderate Risk,65.973,48.84,28.8046,Moderate Misalignment,46.2062,52.3224,Side Impact Potential,Peri-Urban,3.8281,True,Residential,Poor Infrastructure,0.1586,Light,False,37.9721,0.0077,0.0127,Moderate Misalignment,47,Kathriguppe Main Roa,1
1014,Kaveri Nadi Road,Urban Road,URB-01014,1014,12.9517,77.5557,12.9553,77.5574,440.0,405.6,406.04,11.7043,Aligned,0.9387,0.9376,0.0875,-0.0125,0.0001,27.6079,30.9677,28.826,1.0302,12.7959,50.4186,94.1538,0.0,31.1441,4.1228,No,0.0,-0.0103,-0.0103,Good,Low,1.1327,10.0,10.0,20.6435,Safe,69.3138,27.4045,17.2871,Aligned,30.2482,34.1543,Side Impact Potential,Rural,2.1855,False,Residential,Poor Infrastructure,0.0134,,False,23.9393,0.0206,-0.0066,Aligned,28,Kaveri Nadi Road,1
1015,Kaverinagar Main Road,Urban Road,URB-01015,1015,12.9992,77.7042,12.9936,77.7034,709.0,406.0,406.709,40.5438,Moderate Misalignment,0.9381,0.0223,0.9479,0.0625,0.004,80.2323,78.0162,100.0,21.4685,20.7672,80.433,97.4253,0.3314,60.0,11.8347,No,0.0,-0.0102,0.0569,Poor,High,0.4008,10.0,15.4402,24.5976,Moderate Risk,66.2135,78.5021,29.6146,Moderate Misalignment,89.6569,50.9356,Separated Traffic,Peri-Urban,7.8728,True,Residential,Poor Infrastructure,0.0207,,False,81.9553,0.0143,0.008,Moderate Misalignment,79,Kaverinagar Main Roa,1
1016,Kavi Lakshmisha Road,Urban Road,URB-01016,1016,12.9484,77.5737,12.9519,77.5766,502.5,406.4,406.903,11.0195,Aligned,0.9698,0.9465,0.0207,0.0071,-0.0075,30.4631,26.3895,81.729,20.7446,27.2463,52.1855,74.6192,0.059,39.3197,19.0775,No,0.0,-0.0024,0.9583,Poor,Low,1.9108,10.0,10.2793,21.9936,Safe,72.055,25.6895,19.0981,Aligned,24.5776,55.8014,Side Impact Potential,Urban,3.8662,True,Residential,Poor Infrastructure,-0.0052,,False,22.6513,0.0016,-0.0098,Aligned,28,Kavi Lakshmisha Road,1
1017,Kebbehalla Road,Urban Road,URB-01017,1017,12.9895,77.5059,12.9883,77.5051,169.8,406.8,406.97,38.4002,Moderate Misalignment,0.8816,0.0974,0.8872,0.0119,0.0078,25.6747,27.0541,28.3993,55.3574,41.3251,31.0389,95.1629,0.0763,20.731,48.7633,No,0.0,-0.0044,2.9533,Poor,High,2.6199,10.0,30.4602,25.2767,Moderate Risk,76.2405,23.6512,26.905,Moderate Misalignment,26.8257,56.3593,Significant Pedestrian Interaction,Peri-Urban,1.403,False,Industrial,High Pedestrian Interaction,0.0174,,False,20.7457,-0.0199,0.0037,Moderate Misalignment,26,Kebbehalla Road,1
1018,Kembathalli Main Road,Urban Road,URB-01018,1018,12.8648,77.58,12.8656,77.5796,2866.1,407.2,410.066,11.9507,Aligned,0.9695,0.976,0.0656,0.0018,-0.0096,26.9295,26.9242,80.501,10.0742,21.9024,50.1671,71.7293,0.137,37.1687,8.7924,No,0.0,0.0002,0.0256,Good,Medium,2.3759,10.0,10.0,21.6604,Safe,70.6441,28.4065,19.8672,Aligned,26.2345,60.1874,Side Impact Potential,Urban,6.1352,False,Mixed,Poor Infrastructure,0.1607,Light,False,22.105,0.0008,-0.005,Aligned,26,Kembathalli Main Roa,1
1019,Kempapura Main Road,Urban Road,URB-01019,1019,12.9465,77.673,12.9446,77.6803,884.4,407.6,408.484,35.91,Moderate Misalignment,0.8315,0.1107,0.8118,0.0079,0.0052,49.6068,47.8568,82.3937,25.8735,30.3049,50.5551,91.5505,0.0,48.2543,23.3316,No,0.0,-0.0009,0.03,Good,High,1.7885,10.0,22.1495,28.3792,Moderate Risk,66.2059,49.014,31.9742,Moderate Misalignment,55.7012,61.9841,Side Impact Potential,Urban,4.397,True,Commercial,Poor Infrastructure,-0.0245,,False,55.3577,0.0042,-0.0034,Moderate Misalignment,50,Kempapura Main Road,1
1020,Kempapura Road,Urban Road,URB-01020,1020,13.0424,77.6136,13.042,77.6136,1406.5,408.0,409.406,11.418,Aligned,0.9666,0.9278,-0.0045,0.0038,0.0088,34.7855,34.8951,80.7149,53.1175,35.271,46.8143,68.0988,0.0,49.9549,38.0524,No,0.0,-0.0055,-0.0202,Poor,Low,2.0364,10.0,10.0,20.5877,Safe,79.7572,34.3218,20.0319,Aligned,30.7088,57.276,Side Impact Potential,Urban,5.9355,False,Residential,Meets Safe System Standards,0.009,,False,26.624,-0.0098,0.0132,Aligned,36,Kempapura Road,1