segment_id,road_name,road_type,human_segment_id,internal_id,start_lat,start_lon,end_lat,end_lon,length_m,start_km,end_km,road_risk_score,ai_risk_label,ai_risk_probability,prob_low_risk,prob_medium_risk,prob_high_risk,prob_critical_risk,ai_recommended_speed,recommended_safe_speed,road_function_score,infrastructure_score,exposure_score,human_tolerance_limit,operating_speed_score,crash_risk_score,posted_speed_limit,pedestrian_exposure_score,blackspot_flag,crash_count,fatal_crashes,schools_count,lighting_quality,roadside_hazards,intersection_density,speed_compliance_rate,speed_violation_score,hotspot_score,hotspot_category,speed_safety_score,original_safe_speed,misalignment_score,misalignment_category,speed_p85,ptw_share_pct,exposure_tier,urban_rural_flag,lane_count,median_presence,land_use_type,top_ai_factors,congestion_index,congestion_category,congestion_smoothed,operating_speed_mean,minor_crashes,major_crashes,risk_category,final_safe_speed,corridor_base,corridor_seq
1021,Kempe Gowda Underpass Road,Urban Road,URB-01021,1021,13.005,77.6664,13.0034,77.6635,449.4,408.4,408.849,68.9191,High Misalignment,0.8398,-0.0042,0.1176,0.8544,-0.0032,49.6587,50.4843,73.5451,0.3352,21.7243,51.2907,99.5416,0.0,60.0,11.1532,No,0.0,0.0008,0.0401,Good,Low,1.6427,10.0,30.0116,35.7315,Moderate Risk,49.4337,50.7556,52.3012,High Misalignment,76.3246,48.518,Side Impact Potential,Peri-Urban,3.0557,False,Mixed,Speed Limit Misaligned | Poor Infrastructure | Above Human Tolerance Limit,0.1884,Light,False,58.02,0.0009,-0.0107,High Misalignment,48,Kempe Gowda Underpas,1
1022,Kempe Gowda Underpass Road,Urban Road,URB-01022,1022,13.012,77.6682,13.0068,77.6667,621.5,408.8,409.422,9.7893,Aligned,1.0076,1.0332,-0.0179,-0.0187,0.0106,17.5864,19.8901,30.063,8.0098,18.4494,50.5052,91.6083,0.0,20.7479,9.2806,No,0.0,0.0042,-0.0319,Poor,Low,1.3574,10.0,10.0,21.0705,Safe,70.4448,18.8391,19.6193,Aligned,17.7627,47.2751,Side Impact Potential,Rural,1.1546,False,Mixed,Poor Infrastructure,0.1285,Light,False,14.701,0.002,-0.0018,Aligned,18,Kempe Gowda Underpas,2
1023,Kempegowda Road,State Highway,SH-01023,1023,12.9747,77.5773,12.9756,77.5747,1866.5,409.2,411.067,22.7809,Aligned,0.614,0.609,0.3818,0.0079,0.0092,24.9077,24.3231,58.5719,54.015,42.1831,27.9065,63.2847,0.0,40.0,49.8721,No,0.0,0.0029,0.9366,Good,Low,2.4451,10.0,10.3412,23.1202,Safe,78.7734,22.7601,22.3416,Aligned,21.6597,61.6234,Significant Pedestrian Interaction,Urban,1.9644,True,Commercial,High Pedestrian Interaction | Active Congestion,0.7972,Severe,False,10.6556,0.0184,-0.0001,Aligned,24,Kempegowda Road,1
1024,Kempegowda Road,Urban Road,URB-01024,1024,13.0395,77.6294,13.0399,77.6384,1678.0,409.6,411.278,21.8747,Aligned,0.6254,0.6621,0.3974,-0.0082,-0.0005,30.9438,30.094,51.4872,42.4804,38.3191,30.1511,94.7054,0.1607,30.1996,39.0459,No,0.0,0.0005,1.0886,Good,Low,2.5199,10.0,10.0,23.528,Safe,75.3941,29.7115,21.6121,Aligned,32.4718,61.5714,Significant Pedestrian Interaction,Urban,1.9207,False,Industrial,High Pedestrian Interaction,0.0097,,False,26.2749,-0.0058,0.013,Aligned,30,Kempegowda Road,2
1025,Kempegowda Road,Urban Road,URB-01025,1025,13.0658,77.6172,13.0478,77.6122,3321.9,410.0,413.322,29.1947,Moderate Misalignment,0.6905,0.283,0.6693,0.023,-0.0064,65.961,66.0658,100.0,0.0841,14.16,79.1736,48.9312,0.3645,60.0,6.3734,No,0.0,-0.0049,0.0128,Poor,Low,0.2487,10.0,10.2949,26.0777,Moderate Risk,61.7199,65.5623,29.6296,Moderate Misalignment,67.6583,36.7398,Separated Traffic,Rural,7.9158,True,Residential,Poor Infrastructure | Above Human Tolerance Limit,-0.0022,,False,56.3687,0.0145,-0.0048,Moderate Misalignment,66,Kempegowda Road,3
1026,Kenchanapura Road,Urban Road,URB-01026,1026,12.9527,77.4841,12.9514,77.485,226.7,410.4,410.627,11.0174,Aligned,0.9773,0.9641,0.0733,0.0037,-0.0007,37.2965,37.2989,79.583,8.3093,23.3412,50.236,79.8593,0.2474,49.9839,9.7605,No,0.0,-0.0045,-0.0294,Good,Low,2.172,10.0,10.0,22.2138,Safe,70.6768,36.7327,18.1901,Aligned,39.638,62.0928,Side Impact Potential,Urban,5.9257,False,Industrial,Poor Infrastructure,-0.0077,,False,37.6253,-0.0087,0.0082,Aligned,37,Kenchanapura Road,1
1027,Kenchappa Road,Urban Road,URB-01027,1027,12.9984,77.6178,13.0003,77.6183,218.9,410.8,411.019,10.2836,Aligned,0.9869,0.9932,0.0274,-0.0044,0.0033,28.0301,30.4174,75.5605,44.2663,32.4286,49.4959,76.9941,0.1218,41.6841,29.9689,No,0.0,-0.0057,-0.064,Good,Low,1.5705,10.0,10.8925,20.7844,Safe,77.3837,31.447,19.1357,Aligned,30.0423,57.8382,Side Impact Potential,Urban,4.0649,False,Commercial,Meets Safe System Standards,0.0014,,False,26.1183,-0.0104,0.0095,Aligned,29,Kenchappa Road,1
1028,Kenchenahalli Main Road,Urban Road,URB-01028,1028,12.9198,77.5138,12.9156,77.5135,7649.6,411.2,418.85,35.9363,Moderate Misalignment,0.846,0.1821,0.8149,0.0069,0.0001,47.3914,46.928,55.6481,21.6572,32.5382,50.0523,95.1114,0.0413,38.0574,25.5456,No,0.0,-0.0166,0.0652,Good,Medium,2.8193,10.0,15.9059,26.2678,Moderate Risk,67.6093,46.3803,26.883,Moderate Misalignment,48.5885,59.9033,Side Impact Potential,Urban,4.1407,False,Residential,Poor Infrastructure,-0.0017,,False,37.257,-0.0057,-0.0009,Moderate Misalignment,47,Kenchenahalli Main R,1
1029,Kengal Hanumanthaiah Circle,State Highway,SH-01029,1029,12.9515,77.5904,12.9516,77.5906,44.5,411.6,411.645,12.8401,Aligned,0.9071,0.8483,0.0881,0.0204,0.0082,72.7076,69.3413,98.8766,1.0816,14.2668,80.4656,69.6282,0.0,59.5489,0.0,No,0.0,-0.0038,0.0267,Poor,Low,0.2413,10.0,10.0207,21.2706,Safe,69.5566,70.4756,17.0236,Aligned,70.5704,45.823,Separated Traffic,Rural,4.0995,True,Mixed,Poor Infrastructure,0.0085,,False,59.0819,0.006,-0.0126,Aligned,72,Kengal Hanumanthaiah,1
1030,Kengal Hanumanthaiah Road,State Highway,SH-01030,1030,12.9557,77.5921,12.9516,77.5906,2124.7,412.0,414.125,12.2691,Aligned,0.9601,0.9521,0.0499,0.0233,0.0063,35.9943,33.7197,73.0514,22.601,39.3507,50.1142,87.2647,0.0,42.1476,43.0279,No,0.0,0.0078,1.0214,Good,Low,1.7905,10.0,10.0,27.19,Moderate Risk,70.7201,34.4903,22.5872,Aligned,37.3901,61.2623,Side Impact Potential,Urban,3.0482,False,Residential,Poor Infrastructure,-0.0094,,False,28.2556,-0.0131,0.0017,Aligned,35,Kengal Hanumanthaiah,2
1031,Kengeri Flyover,State Highway,SH-01031,1031,12.9097,77.4803,12.9085,77.4775,868.4,412.4,413.268,42.1141,Moderate Misalignment,0.9388,0.0399,0.8918,0.0476,-0.0094,80.2139,80.3618,100.0,0.0,14.8484,79.6122,95.8049,0.2201,80.0,9.394,No,0.0,0.0045,0.0421,Poor,High,0.3377,10.0,29.3384,36.8246,Moderate Risk,45.156,81.5753,57.4261,High Misalignment,115.6908,37.7023,Separated Traffic,Rural,5.1513,True,Residential,Speed Limit Misaligned | Poor Infrastructure | Above Human Tolerance Limit,0.1931,Light,False,87.6374,-0.0141,0.0076,Moderate Misalignment,80,Kengeri Flyover,1
1032,Kengeri Main Road Flyover,State Highway,SH-01032,1032,12.909,77.4782,12.9104,77.4802,286.3,412.8,413.086,27.7216,Moderate Misalignment,0.4823,0.4839,0.4547,0.0301,-0.0016,79.262,78.6457,98.5897,0.0,12.6322,81.1057,81.3123,0.0,59.5987,0.0,No,0.0,-0.0014,0.0276,Poor,Low,0.1276,10.0,10.0,25.1135,Moderate Risk,61.1137,80.6155,31.2673,Moderate Misalignment,85.8891,40.2867,Separated Traffic,Rural,3.8991,True,Residential,Poor Infrastructure | Above Human Tolerance Limit,0.0096,,False,77.5941,0.009,-0.0105,Moderate Misalignment,80,Kengeri Main Road Fl,1
1033,Kengeri Main Road,State Highway,SH-01033,1033,12.9145,77.4815,12.9104,77.4802,19167.3,413.2,432.367,11.3052,Aligned,0.9506,0.9725,0.0203,-0.0007,-0.009,50.0598,49.0947,78.6393,21.2967,31.0829,49.8122,84.2596,0.0,52.2812,19.8459,No,0.0,-0.0058,-0.0321,Poor,Low,1.9816,10.0,10.0376,25.9035,Moderate Risk,69.0356,48.8004,24.7583,Aligned,53.947,66.6988,Side Impact Potential,Urban,6.1163,False,Mixed,Poor Infrastructure,0.1591,Light,False,42.3943,0.0132,-0.0013,Aligned,51,Kengeri Main Road,1
1034,Kensington Road,Urban Road,URB-01034,1034,12.9816,77.623,12.9876,77.6224,689.4,413.6,414.289,25.6683,Moderate Misalignment,0.5253,0.5039,0.4904,0.0043,-0.0037,77.863,76.8763,99.3547,5.6825,17.6043,79.7225,56.8012,0.0817,58.8318,12.4022,No,0.0,-0.0003,-0.0325,Good,Medium,0.194,10.0,10.5265,26.1057,Moderate Risk,62.881,74.5337,29.4727,Moderate Misalignment,76.5926,36.2586,Separated Traffic,Rural,4.0953,True,Residential,Poor Infrastructure | Above Human Tolerance Limit,-0.002,,False,62.036,-0.0009,0.0094,Moderate Misalignment,78,Kensington Road,1
1035,Khodays Circle,State Highway,SH-01035,1035,12.98,77.571,12.9801,77.5712,37.7,414.0,414.038,39.1954,Moderate Misalignment,0.9516,0.0241,0.9683,0.0089,-0.0012,79.7661,81.369,99.5224,37.6979,26.894,79.4607,10.6475,0.0,58.9784,22.5537,No,0.0,-0.0032,0.0316,Poor,Medium,0.4655,10.0,10.0,29.7159,Moderate Risk,61.3451,79.4181,42.325,Moderate Misalignment,92.276,49.8737,Separated Traffic,Peri-Urban,7.9758,True,Commercial,Active Congestion | Above Human Tolerance Limit,0.7812,Severe,False,22.0031,-0.0113,0.0035,Moderate Misalignment,79,Khodays Circle,1
1036,King's Road,Urban Road,URB-01036,1036,12.9768,77.5984,12.9802,77.5969,413.6,414.4,414.814,11.0082,Aligned,0.9336,0.9765,0.071,-0.0062,0.0029,40.9534,38.7654,100.0,14.454,15.4963,79.8736,24.9192,0.2786,60.0,8.4221,No,0.0,0.009,-0.0154,Poor,Low,0.1923,10.0,10.0,19.5244,Safe,73.6328,39.2767,17.2426,Aligned,40.5915,35.274,Separated Traffic,Rural,6.9419,True,Industrial,Active Congestion | Poor Infrastructure,0.7439,Severe,False,11.005,-0.0212,0.0019,Aligned,41,King's Road,1
1037,Kodichikkanahalli Main Road,Urban Road,URB-01037,1037,12.898,77.611,12.8928,77.6104,591.1,414.8,415.391,11.0349,Aligned,0.9727,1.0057,0.0231,0.0054,-0.0033,30.8407,31.2881,28.1428,0.0,15.9833,50.4837,93.3887,0.067,29.7981,1.6537,No,0.0,-0.0028,-0.0401,Poor,Medium,2.6936,10.0,10.0,21.5849,Safe,69.7204,29.0151,19.4479,Aligned,29.786,51.2888,Side Impact Potential,Peri-Urban,1.994,False,Residential,Poor Infrastructure,-0.0074,,False,27.384,0.0166,-0.003,Aligned,30,Kodichikkanahalli Ma,1
1038,Kodichikkanahalli Road,Urban Road,URB-01038,1038,12.8978,77.6065,12.8978,77.6215,1911.1,415.2,417.111,39.5284,Moderate Misalignment,0.9165,0.0556,0.939,0.015,0.0006,32.1494,31.3981,58.9776,63.7612,56.8712,28.73,80.6091,0.0,39.916,80.266,No,0.0,-0.0047,0.9886,Good,Medium,2.1234,10.0,10.0,32.3663,Moderate Risk,70.4958,30.5724,36.1793,Moderate Misalignment,34.6847,57.9939,Significant Pedestrian Interaction,Urban,2.9861,True,Commercial,High Pedestrian Interaction | Above Human Tolerance Limit,-0.0058,,False,28.1359,0.0064,-0.0105,Moderate Misalignment,31,Kodichikkanahalli Ro,1
1039,Kodigehalli Main Road,Urban Road,URB-01039,1039,13.0602,77.5765,13.066,77.5808,947.4,415.6,416.547,38.3485,Moderate Misalignment,0.9215,0.0478,0.9598,0.012,-0.0019,34.3301,37.9449,56.8178,0.0,12.9089,70.4728,98.9347,0.1472,30.5551,0.0,No,0.0,-0.0116,0.0068,Poor,Medium,1.5519,10.0,19.3329,22.4624,Safe,65.7739,38.1234,23.9128,Aligned,38.1684,44.4583,Separated Traffic,Rural,2.0376,True,Residential,Poor Infrastructure,-0.0021,,False,30.1235,-0.0016,-0.0063,Moderate Misalignment,35,Kodigehalli Main Roa,1
1040,Kodigehalli Main Road,Urban Road,URB-01040,1040,13.0535,77.5753,13.0517,77.5748,1882.6,416.0,417.883,11.7897,Aligned,0.9083,0.9402,0.0853,0.0001,0.0005,57.6861,57.9356,99.8898,11.3572,21.9143,80.0209,69.3734,0.0,59.6674,10.2412,No,0.0,0.0122,0.036,Good,High,0.2332,10.0,10.0,22.0579,Safe,72.009,58.2039,16.6025,Aligned,56.9493,59.9312,Separated Traffic,Peri-Urban,6.233,True,Residential,Poor Infrastructure,0.0076,,False,49.6551,0.0163,-0.0036,Aligned,56,Kodigehalli Main Roa,2
1041,Kodigehalli Main Road,Urban Road,URB-01041,1041,12.999,77.7221,12.9963,77.7191,499.3,416.4,416.899,15.1808,Aligned,0.8582,0.879,0.136,0.0228,0.0011,49.9132,52.0056,99.3252,24.9949,28.7214,81.0123,52.1681,0.2103,60.0,23.0611,No,0.0,0.0008,1.009,Good,Low,0.4576,10.0,10.4289,23.1168,Safe,73.7954,49.6489,21.2837,Aligned,50.5246,61.5038,Separated Traffic,Peri-Urban,3.9346,True,Mixed,Approach to Congestion (Tapered) | Poor Infrastructure,0.1837,Light,True,40.1752,0.0012,0.0053,Aligned,49,Kodigehalli Main Roa,3
1042,Kodigehalli Main Road,Urban Road,URB-01042,1042,13.0064,77.7356,12.9979,77.7367,975.2,416.8,417.775,33.6916,Moderate Misalignment,0.7485,0.2472,0.7262,0.0396,0.0063,78.7834,75.7455,100.0,0.0,13.0134,80.7959,83.1157,19.8606,60.0,0.0985,No,0.0,-0.0006,0.0399,Poor,Medium,0.2888,10.0,13.8359,35.5163,Moderate Risk,50.1332,80.4948,44.5208,Moderate Misalignment,103.5462,41.1033,Separated Traffic,Rural,6.928,True,Industrial,Poor Infrastructure | Above Human Tolerance Limit,0.1521,Light,False,78.6255,0.0029,0.9933,Moderate Misalignment,79,Kodigehalli Main Roa,4
1043,Kodigehalli Road,Urban Road,URB-01043,1043,13.0574,77.5936,13.0598,77.5769,1837.6,417.2,419.038,12.1815,Aligned,0.9754,0.9687,0.0368,-0.001,0.0007,32.5461,29.019,61.0479,44.5481,38.2748,51.2159,71.2885,0.0,39.9466,33.562,No,0.0,0.0007,-0.0036,Good,High,3.3597,10.0,10.157,23.8831,Safe,75.9773,30.6906,19.6349,Aligned,28.2444,66.5597,Side Impact Potential,Urban,3.9753,True,Commercial,Meets Safe System Standards,0.2276,Light,False,20.1529,-0.006,0.0108,Aligned,32,Kodigehalli Road,1
1044,Kodigehalli Road,Urban Road,URB-01044,1044,13.0597,77.5767,13.0734,77.5667,1916.4,417.6,419.516,13.6306,Aligned,0.914,0.9159,0.119,-0.0069,-0.0067,44.911,36.8781,52.9887,0.0,16.0413,50.544,99.313,40.3553,39.5679,6.1902,Yes,0.0,0.9977,0.0396,Poor,High,1.5224,10.0,10.9229,33.5727,Moderate Risk,57.7185,45.5216,20.9046,Aligned,45.6137,40.3323,Side Impact Potential,Rural,1.8477,False,Industrial,Poor Infrastructure,0.0036,,False,35.421,0.0125,0.0064,Aligned,46,Kodigehalli Road,2
1045,Kodigehalli Road,Urban Road,URB-01045,1045,13.0045,77.7127,13.0064,77.7356,2668.5,418.0,420.668,12.7933,Aligned,0.9729,0.9644,0.0309,-0.0,0.0099,37.5764,37.6468,77.9973,54.0541,41.8221,50.4208,82.1129,0.2203,41.2322,43.8536,No,0.0,0.0059,1.0045,Good,Medium,2.6012,10.0,10.0415,23.0164,Safe,78.5227,36.6337,20.3442,Aligned,36.7844,56.936,Side Impact Potential,Urban,4.1522,False,Commercial,Meets Safe System Standards,0.2112,Light,False,28.06,0.0141,0.001,Aligned,38,Kodigehalli Road,3
1046,Kodipalya Road,Urban Road,URB-01046,1046,12.8863,77.4852,12.9076,77.4889,2448.0,418.4,420.848,15.4228,Aligned,0.801,0.8287,0.185,-0.0036,0.0087,25.2617,25.7387,28.0737,9.7606,19.8288,48.7354,97.0083,0.0,20.0878,11.9479,No,0.0,0.0091,0.0533,Poor,High,0.9947,10.0,27.0559,24.0595,Safe,67.7526,26.4097,24.4789,Aligned,25.7703,44.0747,Side Impact Potential,Rural,0.9111,False,Commercial,Poor Infrastructure,0.0127,,False,22.6595,0.0063,-0.0098,Aligned,25,Kodipalya Road,1
1047,Kogilu Main Road Underpass,Urban Road,URB-01047,1047,13.1021,77.6335,13.102,77.6335,601.0,418.8,419.401,11.2098,Aligned,0.9388,0.9336,0.0797,-0.0018,-0.0037,21.7439,24.1708,29.5385,2.0657,17.8813,48.454,91.9067,0.0,20.9752,6.1582,No,0.0,0.001,0.0303,Poor,Medium,2.6343,10.0,10.0149,22.3226,Safe,67.8488,21.245,21.0166,Aligned,19.9445,43.3119,Side Impact Potential,Rural,0.8754,False,Residential,Poor Infrastructure,0.1848,Light,False,16.8395,-0.0183,0.012,Aligned,23,Kogilu Main Road Und,1
1048,Kogilu Main Road,Urban Road,URB-01048,1048,13.1036,77.6006,13.1041,77.6027,7254.1,419.2,426.454,13.9914,Aligned,0.9696,0.9908,0.0301,-0.0208,0.0122,38.7315,33.6114,53.306,55.4989,35.1298,49.7292,85.5477,20.431,37.7961,29.3286,No,0.0,-0.0045,0.0416,Good,High,2.8021,10.0,10.0,25.0908,Moderate Risk,76.0758,37.9527,17.6965,Aligned,38.6662,60.0105,Side Impact Potential,Urban,2.926,False,Commercial,Meets Safe System Standards,0.1676,Light,False,31.3312,0.0146,1.0002,Aligned,37,Kogilu Main Road,1
1049,Kogilu-Sampigehalli Road,Urban Road,URB-01049,1049,13.0748,77.619,13.1036,77.6163,3653.0,419.6,423.253,52.9937,Moderate Misalignment,0.6987,0.0055,0.7046,0.217,0.0836,51.2795,51.3872,99.4777,0.0,16.3821,49.644,96.6976,0.2196,59.0228,4.2859,No,0.0,-0.0016,0.0033,Good,High,0.3614,10.0,10.0,33.9447,Moderate Risk,49.9244,52.6619,50.5208,High Misalignment,74.8649,53.7461,Side Impact Potential,Peri-Urban,7.9938,False,Industrial,Speed Limit Misaligned | Poor Infrastructure | Above Human Tolerance Limit,0.001,,False,67.5996,0.0038,0.0065,Moderate Misalignment,51,Kogilu-Sampigehalli ,1
1050,Kommagatta Main Road,Urban Road,URB-01050,1050,12.9236,77.4729,12.924,77.4727,2287.7,420.0,422.288,40.4871,Moderate Misalignment,0.8288,0.0682,0.8496,0.0737,0.001,31.823,30.3227,82.9452,35.8596,44.2633,31.0551,82.033,0.0,40.0438,37.4478,No,0.0,0.016,1.9668,Poor,Medium,1.9899,10.0,10.0,32.196,Moderate Risk,64.1493,28.7485,36.68,Moderate Misalignment,37.3043,68.9138,Significant Pedestrian Interaction,Urban,6.0355,False,Commercial,High Pedestrian Interaction | Poor Infrastructure | Above Human Tolerance Limit,0.1445,Light,False,25.4493,-0.013,0.0007,Moderate Misalignment,29,Kommagatta Main Road,1
1051,Konanakunte-Uttarahalli Road,Urban Road,URB-01051,1051,12.9058,77.5426,12.8904,77.5643,3533.4,420.4,423.933,18.81,Aligned,0.6976,0.6834,0.3013,-0.0004,-0.0027,40.3687,40.3797,50.7508,21.0156,31.0072,49.0309,92.6746,0.3983,30.9909,18.7297,No,0.0,-0.006,-0.0839,Good,Low,3.7792,10.0,31.1728,28.2227,Moderate Risk,64.9773,39.6472,32.0118,Moderate Misalignment,38.7694,69.0969,Side Impact Potential,Urban,2.1933,False,Mixed,Poor Infrastructure,0.0022,,False,38.0411,0.0066,0.0153,Aligned,40,Konanakunte-Uttaraha,1
1052,Kondaji Basappa Road,State Highway,SH-01052,1052,12.9573,77.5716,12.9573,77.5721,1759.3,420.8,422.559,10.9125,Aligned,0.9512,0.8993,0.0389,-0.0018,0.0041,25.5944,24.6178,32.2685,7.4482,18.4188,49.7051,94.4453,0.313,40.0,4.5661,No,0.0,0.0032,-0.0631,Good,Low,2.639,10.0,23.3416,23.6458,Safe,65.9956,24.5336,22.5183,Aligned,24.9937,51.0815,Side Impact Potential,Peri-Urban,1.8068,False,Residential,Poor Infrastructure,0.0121,,False,23.4142,0.0116,-0.0029,Aligned,23,Kondaji Basappa Road,1
1053,Koramangala Road,Urban Road,URB-01053,1053,12.9418,77.6162,12.9442,77.6089,849.8,421.2,422.05,13.9082,Aligned,0.892,0.8738,0.0716,0.0186,0.0073,41.7671,41.3501,99.583,0.0,19.3492,79.137,64.878,0.0353,59.3225,9.296,No,0.0,-0.0091,0.0062,Poor,Medium,0.1249,10.0,10.1014,22.2245,Safe,68.2089,39.9998,19.3665,Aligned,44.2322,39.8999,Separated Traffic,Rural,7.9414,True,Residential,Poor Infrastructure,0.0036,,False,36.794,0.006,-0.0028,Aligned,43,Koramangala Road,1
1054,Kothanur Cross Road,Urban Road,URB-01054,1054,12.8836,77.591,12.8779,77.5853,979.9,421.6,422.58,22.5052,Aligned,0.6122,0.5809,0.3868,-0.0044,0.0076,26.5513,26.7487,55.8387,45.3967,43.4162,50.4784,87.1909,0.0,27.2593,40.228,No,0.0,0.0019,0.976,Good,Low,3.9503,10.0,10.0048,25.5564,Moderate Risk,75.1426,25.9745,22.4401,Aligned,22.5946,67.0401,Side Impact Potential,Urban,3.9807,False,Mixed,Meets Safe System Standards,0.0119,,False,24.7825,-0.0047,0.0138,Aligned,29,Kothanur Cross Road,1
1055,Kothanur Cross,Urban Road,URB-01055,1055,12.8828,77.5857,12.8854,77.5915,796.9,422.0,422.797,37.4267,Moderate Misalignment,0.8948,0.0866,0.8748,0.0102,0.0125,25.8223,26.1178,26.5362,56.0291,41.736,30.9553,98.4169,0.0,40.3207,47.5779,No,0.0,0.0076,2.9829,Poor,High,2.553,10.0,31.7332,24.8213,Moderate Risk,74.7409,24.2858,26.5683,Moderate Misalignment,23.4187,56.7078,Significant Pedestrian Interaction,Peri-Urban,1.1569,False,Industrial,High Pedestrian Interaction,0.0013,,False,20.5808,0.0036,-0.0026,Moderate Misalignment,26,Kothanur Cross,1
1056,Kothanur Main Road,Urban Road,URB-01056,1056,13.0676,77.6336,13.0639,77.6502,1859.3,422.4,424.259,38.4309,Moderate Misalignment,0.9024,0.0758,0.8761,0.0098,0.0002,34.3472,32.1346,52.1022,48.1406,46.208,49.9375,99.7089,0.0051,29.6753,52.6792,No,0.0,0.0037,0.9711,Poor,Medium,2.6714,10.0,14.3756,27.5671,Moderate Risk,73.6618,33.9603,28.1182,Moderate Misalignment,33.134,58.1872,Side Impact Potential,Urban,1.9209,False,Industrial,Meets Safe System Standards,0.003,,False,27.1167,0.0108,0.0105,Moderate Misalignment,36,Kothanur Main Road,1
1057,Kothanur Main Road,Urban Road,URB-01057,1057,12.8766,77.5772,12.8789,77.5675,1183.1,422.8,423.983,12.3397,Aligned,0.9653,0.9425,0.0126,0.0099,-0.0028,34.5656,37.3917,83.0355,15.9564,28.7245,51.2735,68.5231,0.2363,48.8094,21.2602,No,0.0,-0.0045,-0.0072,Poor,Low,1.4798,10.0,10.3228,24.3848,Safe,70.1845,35.7753,20.6844,Aligned,36.1151,58.7185,Side Impact Potential,Urban,5.8998,False,Commercial,Poor Infrastructure,-0.0218,,False,29.2023,0.0019,0.0035,Aligned,35,Kothanur Main Road,2
1058,Kothnoor Main Road,Urban Road,URB-01058,1058,12.8766,77.5772,12.8771,77.584,841.1,423.2,424.041,10.0527,Aligned,1.0052,1.0445,-0.0076,-0.0028,-0.007,25.1062,26.5086,27.5044,13.0925,17.6148,48.0497,87.5798,0.0,28.3827,6.929,No,0.0,-0.003,-0.0347,Poor,Medium,2.9799,10.0,10.0244,20.0066,Safe,71.9033,26.9387,17.3774,Aligned,26.7932,50.573,Side Impact Potential,Peri-Urban,0.9966,False,Residential,Poor Infrastructure,0.0199,,False,20.2288,0.0011,0.0185,Aligned,24,Kothnoor Main Road,1
1059,Kothnur Main Road,Urban Road,URB-01059,1059,12.8911,77.5818,12.8922,77.5819,3292.3,423.6,426.892,24.3393,Aligned,0.7378,0.6834,0.1176,0.1747,0.0034,62.458,59.6408,100.0,11.0573,21.9946,79.568,83.803,0.2895,58.4669,6.3114,No,0.0,-0.0108,-0.0257,Good,Low,0.4254,10.0,10.0,21.2246,Safe,70.5213,60.1684,19.5435,Aligned,58.8024,57.0768,Separated Traffic,Peri-Urban,6.9785,True,Residential,Poor Infrastructure,0.0024,,False,49.7962,-0.0047,-0.007,Aligned,59,Kothnur Main Road,1
1060,Kranthikavi Sarvagnya Road,Urban Road,URB-01060,1060,12.9848,77.568,12.9825,77.5681,253.5,424.0,424.253,10.5797,Aligned,0.8736,0.8786,0.0342,0.0159,-0.0077,57.8657,59.9069,97.0135,20.0181,19.7011,79.3821,59.561,0.0168,59.775,7.9419,No,0.0,-0.0076,-0.0321,Poor,Low,0.5021,10.0,10.0,19.3338,Safe,72.7605,57.9759,17.0288,Aligned,59.9293,53.1047,Separated Traffic,Peri-Urban,7.9429,True,Commercial,Poor Infrastructure,0.1798,Light,False,41.3543,-0.0006,0.0022,Aligned,58,Kranthikavi Sarvagny,1
1061,Krishna Rajendra Circle,State Highway,SH-01061,1061,12.9778,77.5846,12.9759,77.5871,361.2,424.4,424.761,8.1026,Aligned,1.0107,0.9342,-0.0021,0.014,-0.0029,23.7152,25.0367,26.9236,16.8412,24.5566,50.6971,78.2819,0.4304,40.0,12.7815,No,0.0,0.0069,-0.0281,Poor,High,2.1304,10.0,21.1547,24.2118,Safe,69.9148,24.5037,23.6018,Aligned,23.6321,58.0191,Side Impact Potential,Peri-Urban,1.0318,False,Mixed,Active Congestion | Poor Infrastructure,0.7825,Severe,False,10.0,0.0033,-0.0,Aligned,25,Krishna Rajendra Cir,1
1062,"Krishna Rajendra Road, KR Road",Urban Road,URB-01062,1062,12.9403,77.5738,12.9398,77.5738,52.6,424.8,424.853,21.6098,Aligned,0.7248,0.6677,0.2128,0.0653,-0.003,79.5613,80.2573,99.9025,12.7514,17.8711,79.7566,82.3649,0.0,60.0,13.8557,No,0.0,-0.0085,-0.0887,Poor,Low,0.285,10.0,10.0,27.4505,Moderate Risk,61.3539,82.1135,34.3067,Moderate Misalignment,92.3494,33.0739,Separated Traffic,Rural,4.8064,True,Residential,Poor Infrastructure | Above Human Tolerance Limit,0.0021,,False,81.2566,0.011,-0.008,Aligned,80,Krishna Rajendra Roa,1
1063,Krishna Rajendra Road,State Highway,SH-01063,1063,12.9406,77.5735,12.9406,77.5738,3978.7,425.2,429.179,88.5032,High Misalignment,0.5269,0.0212,0.016,0.5089,0.4855,29.8949,32.0994,100.0,86.4114,55.7039,28.2719,100.0,0.0,59.0887,70.0055,No,0.0,-0.0041,1.992,Good,Low,0.4999,10.0,28.6605,45.8962,Moderate Risk,51.6609,30.4193,77.8735,Critical Misalignment,73.8394,66.9811,Significant Pedestrian Interaction,Urban,4.3653,True,Commercial,Speed Limit Misaligned | High Pedestrian Interaction | Above Human Tolerance Limit,0.1547,Light,False,60.2537,-0.0105,-0.0048,High Misalignment,31,Krishna Rajendra Roa,2