segment_id,road_name,road_type,human_segment_id,internal_id,start_lat,start_lon,end_lat,end_lon,length_m,start_km,end_km,road_risk_score,ai_risk_label,ai_risk_probability,prob_low_risk,prob_medium_risk,prob_high_risk,prob_critical_risk,ai_recommended_speed,recommended_safe_speed,road_function_score,infrastructure_score,exposure_score,human_tolerance_limit,operating_speed_score,crash_risk_score,posted_speed_limit,pedestrian_exposure_score,blackspot_flag,crash_count,fatal_crashes,schools_count,lighting_quality,roadside_hazards,intersection_density,speed_compliance_rate,speed_violation_score,hotspot_score,hotspot_category,speed_safety_score,original_safe_speed,misalignment_score,misalignment_category,speed_p85,ptw_share_pct,exposure_tier,urban_rural_flag,lane_count,median_presence,land_use_type,top_ai_factors,congestion_index,congestion_category,congestion_smoothed,operating_speed_mean,minor_crashes,major_crashes,risk_category,final_safe_speed,corridor_base,corridor_seq
1064,Krishna Rajendra Road,Urban Road,URB-01064,1064,12.9398,77.5738,12.9231,77.5736,1872.3,425.6,427.472,12.1485,Aligned,0.9878,0.9619,0.0451,-0.0131,-0.004,26.4434,26.9768,54.2992,37.886,35.8619,51.5412,85.4995,0.0844,32.2125,29.0579,No,0.0,0.0055,2.1137,Poor,Low,2.8771,10.0,10.0,24.1398,Safe,75.6706,23.3421,20.8658,Aligned,27.5915,65.7945,Side Impact Potential,Urban,4.0436,False,Residential,Meets Safe System Standards,0.1811,Light,False,20.5179,-0.0119,-0.0237,Aligned,25,Krishna Rajendra Roa,3
1065,Krishna Rao Road,Urban Road,URB-01065,1065,12.9474,77.5794,12.9442,77.5775,653.4,426.0,426.653,11.9886,Aligned,0.8789,0.9084,0.0907,0.0206,0.0004,53.7734,50.9189,98.7021,0.1779,17.3402,79.5736,59.2922,0.1014,60.0,6.599,No,0.0,-0.0001,0.0296,Poor,Medium,0.3536,10.0,10.0,21.8667,Safe,67.97,53.4383,18.467,Aligned,52.6958,43.6876,Separated Traffic,Rural,3.8078,True,Mixed,Poor Infrastructure,0.0077,,False,43.3835,-0.0064,-0.0001,Aligned,53,Krishna Rao Road,1
1066,Krishna Road,Urban Road,URB-01066,1066,12.9969,77.5381,12.997,77.537,145.7,426.4,426.546,11.5936,Aligned,0.9848,0.9655,0.0061,0.0057,-0.0004,15.0617,19.4637,30.3239,22.1443,33.1041,28.6412,88.7143,0.3443,20.8367,31.1027,No,0.0,0.0057,0.9857,Poor,High,3.754,10.0,10.0,25.3642,Moderate Risk,70.2654,15.3854,25.1529,Aligned,12.6843,59.1121,Significant Pedestrian Interaction,Peri-Urban,1.8487,False,Mixed,High Pedestrian Interaction | Poor Infrastructure,0.1903,Light,False,10.0,-0.0052,0.0068,Aligned,14,Krishna Road,1
1067,Krishnananda Road,Urban Road,URB-01067,1067,13.0279,77.6428,13.0246,77.6433,426.3,426.8,427.226,24.0334,Aligned,0.6316,0.6162,0.3867,-0.004,0.008,66.1796,66.7973,98.6788,19.6802,23.8986,79.7987,54.9422,0.0823,60.0,11.5044,No,0.0,0.0032,0.0568,Poor,High,0.4675,10.0,10.2898,26.8361,Moderate Risk,64.8853,66.3659,32.2257,Moderate Misalignment,68.2556,57.7512,Separated Traffic,Urban,7.032,True,Commercial,Poor Infrastructure | Above Human Tolerance Limit,-0.0057,,False,60.0466,0.0085,-0.0055,Aligned,68,Krishnananda Road,1
1068,Krishnappa Road,Urban Road,URB-01068,1068,12.9209,77.5073,12.922,77.5079,141.0,427.2,427.341,15.9261,Aligned,0.7805,0.7766,0.2037,0.0134,0.0004,58.6515,58.0161,100.0,25.4959,23.6773,82.1297,70.0904,0.0,60.0,15.0735,No,0.0,0.0037,-0.0137,Poor,Low,0.431,10.0,10.0,20.6432,Safe,74.676,55.4849,18.344,Aligned,59.5633,50.152,Separated Traffic,Peri-Urban,6.84,True,Industrial,Poor Infrastructure,-0.0006,,False,50.3491,0.0062,0.001,Aligned,58,Krishnappa Road,1
1069,Krishnarajapura Metro Station Road,Urban Road,URB-01069,1069,13.0003,77.6797,12.9999,77.6767,351.3,427.6,427.951,14.0145,Aligned,0.8567,0.8662,0.1198,0.0057,0.0022,41.4233,42.9675,99.2604,15.0507,14.8128,80.6544,60.7915,0.2118,59.4407,6.7765,No,0.0,-0.0008,-0.0482,Poor,High,0.2677,10.0,10.0,18.338,Safe,73.2193,43.3994,15.4905,Aligned,42.0399,36.8459,Separated Traffic,Rural,3.6979,True,Residential,Poor Infrastructure,0.1485,Light,False,36.3624,-0.0147,-0.0105,Aligned,42,Krishnarajapura Metr,1
1070,Krishnarajendra Road,State Highway,SH-01070,1070,12.9482,77.5737,12.9573,77.5736,1050.6,428.0,429.051,10.4897,Aligned,0.9373,0.9545,0.0972,-0.0021,-0.0033,25.4199,24.6399,52.1654,10.6368,31.2436,50.7598,86.5592,0.0279,40.0,19.541,No,0.0,-0.0008,0.0568,Good,Low,2.1469,10.0,10.0,24.7624,Safe,70.6863,24.2214,21.3271,Aligned,24.1749,66.7419,Side Impact Potential,Urban,3.1877,False,Commercial,Poor Infrastructure,0.0079,,False,20.1621,-0.0023,-0.014,Aligned,22,Krishnarajendra Road,1
1071,Krishnarajendra Road,Urban Road,URB-01071,1071,12.9231,77.5736,12.9369,77.5739,2008.7,428.4,430.409,40.0693,Moderate Misalignment,0.9155,0.0276,0.9474,0.061,-0.0045,50.5082,50.0802,98.1165,0.966,20.4638,49.5148,69.2004,0.0,60.0,9.9577,No,0.0,-0.0033,-0.0366,Poor,Medium,0.1581,10.0,10.4675,27.749,Moderate Risk,60.3914,50.8621,34.1405,Moderate Misalignment,49.4707,45.7748,Side Impact Potential,Rural,4.0038,False,Residential,Poor Infrastructure | Above Human Tolerance Limit,0.1293,Light,False,39.8354,0.0137,-0.0069,Moderate Misalignment,48,Krishnarajendra Road,2
1072,Krumbiegal Road,Urban Road,URB-01072,1072,12.9541,77.5851,12.9483,77.58,912.1,428.8,429.712,12.6518,Aligned,0.9793,0.9788,0.0375,-0.0063,-0.013,33.2096,32.651,26.5086,10.2814,16.3089,50.0402,99.6507,0.2835,30.8099,7.1238,No,0.0,0.0015,-0.059,Poor,Medium,1.0095,10.0,12.8109,21.4953,Safe,68.6002,31.9523,18.1506,Aligned,35.4965,38.4636,Side Impact Potential,Rural,0.9032,False,Industrial,Poor Infrastructure,0.0158,,False,28.4818,0.0011,0.0023,Aligned,34,Krumbiegal Road,1
1073,Kudlu Road,Urban Road,URB-01073,1073,12.8896,77.6411,12.8893,77.6496,3286.0,429.2,432.486,10.5223,Aligned,0.9388,0.9629,0.0521,-0.0072,0.0012,30.4661,30.8623,27.9295,0.7672,18.1359,51.7024,96.2431,0.0394,30.4231,2.9498,No,0.0,-0.0006,-0.0323,Poor,Low,3.289,10.0,10.0,22.312,Safe,67.6524,32.3307,20.4834,Aligned,31.6973,54.4725,Side Impact Potential,Peri-Urban,2.1455,False,Residential,Poor Infrastructure,0.005,,False,25.3217,-0.0185,-0.0043,Aligned,32,Kudlu Road,1
1074,Kumara Krupa Road,Urban Road,URB-01074,1074,12.9838,77.578,12.9865,77.5797,1489.7,429.6,431.09,10.6576,Aligned,0.9585,0.9251,0.0001,0.0097,-0.0044,41.1917,35.7247,50.2657,55.3625,37.0386,49.7756,88.0572,19.998,41.3443,30.061,No,0.0,0.0053,0.0342,Good,High,2.638,10.0,10.095,25.5849,Moderate Risk,76.3236,38.3456,16.7921,Aligned,39.533,60.571,Side Impact Potential,Urban,3.1269,False,Commercial,Meets Safe System Standards,0.1672,Light,False,31.5536,0.0155,1.0111,Aligned,41,Kumara Krupa Road,1
1075,Kumbaragundi Road,Urban Road,URB-01075,1075,12.9636,77.5839,12.958,77.5816,695.9,430.0,430.696,36.9281,Moderate Misalignment,0.8432,0.1759,0.9014,0.0105,0.0067,62.8882,59.5444,100.0,4.7974,16.4066,81.0599,39.8862,0.5548,60.0,6.0862,No,0.0,0.002,-0.0034,Poor,High,0.2517,10.0,10.0007,25.8652,Moderate Risk,62.5847,61.6124,32.0747,Moderate Misalignment,63.0849,44.5123,Separated Traffic,Rural,7.7332,True,Commercial,Poor Infrastructure | Above Human Tolerance Limit,-0.001,,False,50.7672,0.0002,0.0044,Moderate Misalignment,63,Kumbaragundi Road,1
1076,Kumbena Agrahara Main Road,Urban Road,URB-01076,1076,12.996,77.7181,12.9963,77.7191,477.5,430.4,430.878,13.6357,Aligned,0.937,0.9519,0.0975,-0.0136,-0.016,24.0721,23.9131,48.9882,10.4148,21.7476,49.102,87.2887,0.2197,60.0,12.6296,No,0.0,0.0018,0.0301,Poor,Low,2.2054,10.0,10.0,22.21,Safe,70.2826,24.5629,17.1109,Aligned,24.4093,50.1133,Side Impact Potential,Peri-Urban,2.0146,False,Residential,Poor Infrastructure,-0.0161,,False,23.6556,0.0154,0.0072,Aligned,26,Kumbena Agrahara Mai,1
1077,Kundalahalli Main Road,State Highway,SH-01077,1077,12.9762,77.7103,12.9849,77.7083,7869.2,430.8,438.669,10.6671,Aligned,0.9548,0.9521,0.0473,0.0043,0.0038,35.7157,37.2681,82.1125,16.9603,28.5788,52.8663,69.9691,0.2183,49.0668,22.3721,No,0.0,-0.0033,-0.0646,Poor,Low,1.4947,10.0,10.0508,23.9887,Safe,70.3982,35.4071,20.5335,Aligned,37.8552,59.168,Side Impact Potential,Urban,6.1372,False,Commercial,Poor Infrastructure,-0.0001,,False,29.8465,-0.0107,0.0039,Aligned,36,Kundalahalli Main Ro,1
1078,Kundalahalli Underpass,State Highway,SH-01078,1078,12.9557,77.7165,12.9559,77.7134,337.1,431.2,431.537,11.8319,Aligned,0.9298,0.9158,0.0815,-0.0131,-0.0023,22.9047,23.479,28.4359,0.8157,16.958,47.9541,92.1539,0.2586,40.0,6.6703,No,0.0,0.0028,-0.012,Poor,Medium,2.7118,10.0,10.0247,22.2583,Safe,67.7249,20.9491,19.8867,Aligned,22.5234,42.6777,Side Impact Potential,Rural,0.9781,False,Residential,Poor Infrastructure,0.1879,Light,False,14.7568,-0.0115,0.0167,Aligned,23,Kundalahalli Underpa,1
1079,Kundalahalli Underpass,State Highway,SH-01079,1079,12.956,77.7134,12.9558,77.7165,332.3,431.6,431.932,11.1191,Aligned,0.9859,0.9573,0.0443,-0.0023,0.0043,25.6849,28.0499,25.3432,9.5358,18.4876,50.4053,99.0186,0.0,40.0,12.4217,No,0.0,0.005,-0.0002,Poor,High,1.2581,10.0,29.8845,23.4618,Safe,68.0287,27.4375,26.178,Aligned,25.1652,37.4214,Side Impact Potential,Rural,1.0541,False,Residential,Poor Infrastructure,0.1851,Light,False,19.4227,-0.0097,0.01,Aligned,27,Kundalahalli Underpa,2
1080,Kurubarahalli Main Road,Urban Road,URB-01080,1080,12.997,77.537,12.9981,77.5365,133.7,432.0,432.134,14.0359,Aligned,0.8617,0.8564,0.1411,0.0186,0.0013,25.4687,25.5243,30.2316,0.0,10.875,50.039,99.5805,0.0,20.0452,0.8656,No,0.0,0.0045,0.0484,Poor,Medium,0.9049,10.0,17.5148,21.1427,Safe,67.6121,24.8876,19.6852,Aligned,25.0112,32.2799,Side Impact Potential,Rural,2.0788,False,Mixed,Poor Infrastructure,0.1405,Light,False,17.4,-0.0284,-0.0024,Aligned,22,Kurubarahalli Main R,1
1081,Kuvempu Nagara Main Road,Urban Road,URB-01081,1081,12.8877,77.549,12.886,77.5569,904.4,432.4,433.304,11.9269,Aligned,0.8924,0.9019,0.0888,-0.0031,-0.0067,58.0106,58.3833,98.7655,19.5598,20.3342,80.0281,60.4701,0.3872,60.0,5.7475,No,0.0,-0.005,0.0041,Poor,Low,0.5787,10.0,10.0,19.315,Safe,72.5735,57.5537,16.0789,Aligned,59.9336,54.114,Separated Traffic,Peri-Urban,7.9561,True,Commercial,Poor Infrastructure,0.2055,Light,False,42.2697,0.0091,-0.0032,Aligned,56,Kuvempu Nagara Main ,1
1082,Kuvempu Underpass,National Highway,NH-01082,1082,13.0445,77.5627,13.0446,77.5626,1818.4,432.8,434.618,44.175,High Misalignment,0.4578,0.4058,0.1975,0.4456,-0.009,80.2078,80.9857,97.3229,8.7312,20.1344,82.1348,87.0274,0.0435,79.1648,13.9176,No,0.0,0.0007,0.0312,Poor,High,0.2854,10.0,21.6735,35.0904,Moderate Risk,49.6565,80.0571,52.1267,High Misalignment,107.3058,43.3736,Separated Traffic,Rural,3.9681,True,Industrial,Speed Limit Misaligned | Poor Infrastructure | Above Human Tolerance Limit,0.015,,False,102.0866,0.0244,0.001,High Misalignment,80,Kuvempu Underpass,1
1083,LCR School Road,Urban Road,URB-01083,1083,13.0263,77.5618,13.0279,77.5535,926.9,433.2,434.127,11.3275,Aligned,0.9613,0.9591,0.0313,-0.0049,0.0027,39.414,38.0782,79.9336,23.2964,31.0796,49.9958,65.5987,0.1515,50.7239,19.6473,No,0.0,-0.0035,-0.0594,Good,Low,2.0109,10.0,10.0,24.017,Safe,71.8715,39.4222,20.6807,Aligned,37.5976,65.8834,Side Impact Potential,Urban,5.7957,False,Residential,Poor Infrastructure,0.2641,Light,False,28.6872,-0.0116,-0.0031,Aligned,39,LCR School Road,1
1084,LR Bande Road,Urban Road,URB-01084,1084,13.0214,77.6074,13.0296,77.6095,990.2,433.6,434.59,35.0716,Moderate Misalignment,0.8345,0.1511,0.8332,0.0141,0.0047,80.2366,78.8261,100.0,15.0138,12.4695,80.0266,87.6434,0.0,60.0,5.3786,No,0.0,-0.0027,0.0196,Poor,Low,0.3009,10.0,33.8598,26.058,Moderate Risk,61.6185,80.2493,35.4107,Moderate Misalignment,83.6238,33.6926,Separated Traffic,Rural,8.0956,True,Industrial,Poor Infrastructure,0.0071,,False,66.2248,-0.0142,0.0027,Moderate Misalignment,81,LR Bande Road,1
1085,Lady Curzon Road,Urban Road,URB-01085,1085,12.9819,77.6044,12.979,77.6035,335.4,434.0,434.335,29.9796,Moderate Misalignment,0.7253,0.2613,0.6874,-0.0028,-0.0073,38.9852,41.6505,51.9014,8.0549,13.7715,48.5327,94.4772,0.0,29.457,4.1955,No,0.0,-0.0017,0.0494,Poor,Low,1.5033,10.0,32.8734,22.787,Safe,65.8558,40.1869,28.1792,Moderate Misalignment,39.4916,34.593,Side Impact Potential,Rural,2.8676,False,Residential,Poor Infrastructure,-0.0078,,False,32.3244,0.0032,0.0082,Moderate Misalignment,41,Lady Curzon Road,1
1086,Laggere Main Road,Urban Road,URB-01086,1086,13.0227,77.5236,12.9981,77.5235,3364.2,434.4,437.764,18.8059,Aligned,0.706,0.7363,0.2531,0.0066,-0.0029,69.54,70.075,100.0,0.0,14.2225,79.7379,75.4757,0.0,59.5363,11.3543,No,0.0,-0.0097,-0.0595,Poor,Low,0.3424,10.0,10.111,20.6609,Safe,69.6259,68.3848,18.4802,Aligned,72.2375,33.6286,Separated Traffic,Rural,5.9201,True,Industrial,Poor Infrastructure,0.1404,Light,False,52.2417,0.0146,0.0021,Aligned,71,Laggere Main Road,1
1087,Laggere Underpass,Urban Road,URB-01087,1087,12.998,77.524,12.9974,77.5211,346.4,434.8,435.146,32.8854,Moderate Misalignment,0.762,0.2477,0.7483,0.0078,0.0107,30.151,30.6332,49.9299,35.1222,46.2521,28.9648,98.8528,0.0,29.3245,51.6057,No,0.0,-0.0006,0.9857,Good,Medium,3.6376,10.0,22.9522,30.8381,Moderate Risk,67.5373,30.944,30.7167,Moderate Misalignment,34.3486,55.7556,Significant Pedestrian Interaction,Urban,1.9681,False,Commercial,High Pedestrian Interaction,-0.0176,,False,29.1758,-0.0071,0.0076,Moderate Misalignment,30,Laggere Underpass,1
1088,Lake Bay Road,Urban Road,URB-01088,1088,12.8777,77.6363,12.8792,77.6365,172.2,435.2,435.372,32.9209,Moderate Misalignment,0.6901,0.2664,0.7212,0.0165,0.0126,78.3022,77.6586,97.5205,14.8068,15.1585,81.6621,53.046,0.0,59.7719,4.8059,No,0.0,0.0075,0.0033,Poor,Low,0.1373,10.0,10.0,24.9541,Safe,64.4299,79.7847,29.7418,Moderate Misalignment,80.4069,45.5915,Separated Traffic,Rural,7.962,True,Industrial,Poor Infrastructure | Above Human Tolerance Limit,0.1973,Light,False,61.4464,-0.0031,-0.0144,Moderate Misalignment,79,Lake Bay Road,1
1089,Lake Point Tower Avenue,Urban Road,URB-01089,1089,12.8674,77.6343,12.8777,77.6363,1215.1,435.6,436.815,12.5322,Aligned,0.9445,0.95,0.0826,-0.0037,0.0028,41.3193,42.3844,86.7224,11.4955,25.0239,52.6588,63.862,0.0,39.2175,15.5742,No,0.0,-0.0065,-0.0136,Good,High,2.3585,10.0,10.0,23.0139,Safe,69.3595,40.6822,22.8164,Aligned,40.2493,56.6425,Side Impact Potential,Urban,5.2327,True,Industrial,Active Congestion | Poor Infrastructure,0.5912,Severe,False,15.8581,-0.0088,0.0156,Aligned,40,Lake Point Tower Ave,1
1090,Lakshmi Narayana Temple Road,Urban Road,URB-01090,1090,12.9503,77.7093,12.9489,77.7091,157.2,436.0,436.157,11.0319,Aligned,0.9746,1.038,-0.0036,0.0064,0.004,22.2795,24.2723,54.4784,33.8687,44.2213,49.5854,85.2094,0.3893,29.4935,48.3561,No,0.0,0.0037,1.0307,Good,Low,3.8331,10.0,10.0,27.4972,Moderate Risk,72.8321,23.6417,23.9413,Aligned,25.2155,68.6239,Side Impact Potential,Urban,3.8885,False,Commercial,Poor Infrastructure,0.019,,False,17.8266,0.0075,0.0046,Aligned,21,Lakshmi Narayana Tem,1
1091,Lakshmipura Road,Urban Road,URB-01091,1091,13.0708,77.5297,13.0922,77.5335,2578.1,436.4,438.978,10.7404,Aligned,0.9874,0.9904,-0.0029,-0.0101,-0.0089,18.9735,22.1629,27.4683,1.0588,16.4717,50.7457,76.8653,0.4802,29.6383,9.0133,No,0.0,0.0015,-0.0497,Poor,Low,1.1815,10.0,10.059,21.5366,Safe,69.1143,22.1261,19.9383,Aligned,18.9594,39.3218,Side Impact Potential,Rural,0.8878,False,Industrial,Poor Infrastructure,0.1457,Light,False,16.2289,-0.0117,0.0094,Aligned,19,Lakshmipura Road,1
1092,Lalbagh Fort Road,State Highway,SH-01092,1092,12.9515,77.5904,12.9552,77.58,1220.5,436.8,438.021,70.2677,High Misalignment,0.8397,0.0068,0.1236,0.8222,0.0091,29.4856,29.9355,70.2894,15.1899,38.2604,29.076,77.1278,0.2842,48.134,37.3796,No,0.0,0.012,0.9929,Good,Medium,1.8118,10.0,10.0,38.1,Moderate Risk,53.2458,32.1136,50.5862,High Misalignment,37.1141,57.2924,Significant Pedestrian Interaction,Urban,3.039,False,Residential,Speed Limit Misaligned | High Pedestrian Interaction | Poor Infrastructure,-0.0023,,False,33.8348,-0.0045,-0.0022,High Misalignment,29,Lalbagh Fort Road,1
1093,Lalbagh Fort Road,State Highway,SH-01093,1093,12.9543,77.5854,12.9516,77.5906,1587.5,437.2,438.788,11.0151,Aligned,0.9919,0.9504,-0.0354,-0.0135,0.0043,33.8818,34.1203,60.492,39.0583,30.7387,49.0151,78.1259,0.0,41.0102,22.9922,No,0.0,0.0007,-0.0337,Good,Low,2.8085,10.0,10.0,22.6966,Safe,75.9285,31.9222,20.8857,Aligned,34.0802,63.4364,Side Impact Potential,Urban,3.1152,True,Residential,Meets Safe System Standards,0.1784,Light,False,25.1954,-0.0198,0.0078,Aligned,35,Lalbagh Fort Road,2
1094,Lalbagh Road,State Highway,SH-01094,1094,12.9625,77.5899,12.9543,77.5854,1065.3,437.6,438.665,10.0591,Aligned,0.945,0.9215,0.0943,0.0015,-0.0055,27.5919,27.426,29.2895,2.1109,12.622,50.9218,92.515,0.0,40.0,4.315,No,0.0,-0.0112,0.0565,Good,Low,1.201,10.0,10.0,20.3771,Safe,69.9778,28.4232,16.5374,Aligned,27.9969,32.6041,Side Impact Potential,Rural,2.1446,False,Residential,Poor Infrastructure,0.0103,,False,23.3181,0.0147,-0.0116,Aligned,26,Lalbagh Road,1
1095,Langford Road (Kadidal Manjappa Road),Urban Road,URB-01095,1095,12.9624,77.595,12.9625,77.5949,21.9,438.0,438.022,11.3057,Aligned,0.9637,0.9547,0.0125,-0.0079,0.0004,21.1227,19.3186,28.0873,18.3844,15.8698,49.764,94.0864,0.4551,60.0,11.262,No,0.0,0.0041,-0.0104,Poor,Low,1.0921,10.0,10.0,18.6432,Safe,74.1295,20.1421,16.4302,Aligned,20.7267,34.3456,Side Impact Potential,Rural,2.0565,False,Residential,Poor Infrastructure,0.1435,Light,False,16.5484,0.0112,-0.0025,Aligned,22,Langford Road (Kadid,1
1096,Langford Road,Urban Road,URB-01096,1096,12.9624,77.595,12.958,77.6061,1312.9,438.4,439.713,14.2239,Aligned,0.829,0.8056,0.1771,0.019,0.0035,35.437,37.6449,83.6564,20.3161,23.617,50.3261,84.5611,0.0,39.8247,10.0592,No,0.0,0.0002,-0.0398,Good,Medium,1.6938,10.0,10.0,21.6319,Safe,71.4516,37.1715,19.1754,Aligned,38.5779,60.1551,Side Impact Potential,Urban,3.8942,True,Commercial,Poor Infrastructure,-0.0045,,False,29.335,-0.0013,0.0032,Aligned,37,Langford Road,1
1097,Lavelle Road,Urban Road,URB-01097,1097,12.9714,77.598,12.9651,77.5968,1444.7,438.8,440.245,16.1371,Aligned,0.8444,0.837,0.1279,0.0431,-0.0074,54.0043,53.7491,100.0,50.0997,33.9572,79.0932,48.624,0.0,58.6472,33.7412,No,0.0,0.0081,0.9083,Good,Medium,0.6721,10.0,10.3728,21.0463,Safe,79.5416,56.2868,18.6936,Aligned,53.5525,57.4486,Separated Traffic,Urban,5.962,True,Mixed,Meets Safe System Standards,-0.0104,,False,46.8027,-0.0019,0.0021,Aligned,55,Lavelle Road,1
1098,Lazar Road Underpass,State Highway,SH-01098,1098,13.0002,77.6203,12.9998,77.6197,78.7,439.2,439.279,11.4519,Aligned,0.9406,0.9283,0.0419,0.0009,0.0004,35.7428,41.2912,80.9548,69.1075,47.5646,49.9256,72.7526,0.2399,50.0257,54.8889,No,0.0,0.0083,0.9991,Good,Low,2.1716,10.0,10.0,23.7314,Safe,83.0296,38.3056,20.7802,Aligned,36.9054,64.328,Side Impact Potential,Urban,5.9329,False,Commercial,Meets Safe System Standards,0.0244,,False,33.2417,0.0044,0.008,Aligned,37,Lazar Road Underpass,1
1099,Lazar Road,State Highway,SH-01099,1099,13.0036,77.6195,13.0002,77.6203,457.9,439.6,440.058,39.3914,Moderate Misalignment,0.9428,0.0135,0.9662,0.027,0.0022,78.3236,75.6538,100.0,24.0994,29.9463,81.0528,94.081,0.0,61.3964,29.8387,No,0.0,-0.0054,0.9773,Good,High,0.2049,10.0,29.1646,30.2639,Moderate Risk,62.1204,79.4879,37.4523,Moderate Misalignment,76.8482,50.7625,Separated Traffic,Peri-Urban,5.1834,True,Industrial,Poor Infrastructure,0.2085,Light,False,56.8591,0.0044,-0.0166,Moderate Misalignment,78,Lazar Road,1
1100,Lingarajapuram Flyover,State Highway,SH-01100,1100,13.0063,77.6209,13.011,77.6247,682.5,440.0,440.683,22.058,Aligned,0.6217,0.6213,0.3004,0.0333,0.004,29.4178,31.7899,49.3455,61.7967,47.5499,30.2371,100.0,5.1618,40.0,55.06,No,0.0,-0.0071,1.9905,Good,Low,4.1064,10.0,10.0723,26.1676,Moderate Risk,78.3556,29.4825,23.0392,Aligned,28.9254,59.74,Significant Pedestrian Interaction,Urban,1.9598,False,Mixed,High Pedestrian Interaction,0.0134,,False,28.9504,0.9957,0.0046,Aligned,29,Lingarajapuram Flyov,1
1101,Lingarajapuram Flyover,State Highway,SH-01101,1101,13.011,77.6249,13.0063,77.621,692.1,440.4,441.092,14.951,Aligned,0.9075,0.9151,0.0618,0.0122,0.0053,51.4601,52.7218,100.0,8.5972,21.6042,80.9953,52.132,0.0,59.8133,11.4164,No,0.0,0.0036,-0.0186,Good,Low,0.3297,10.0,10.4658,22.2264,Safe,69.712,51.3937,19.3251,Aligned,47.6544,57.9828,Separated Traffic,Peri-Urban,4.1488,True,Industrial,Poor Infrastructure,0.2075,Light,False,37.0527,-0.0198,-0.001,Aligned,50,Lingarajapuram Flyov,2
1102,Link Road,State Highway,SH-01102,1102,12.9969,77.5733,12.9919,77.5754,635.6,440.8,441.436,13.2107,Aligned,0.918,0.917,0.0733,-0.0013,-0.0089,23.3882,25.7507,55.9743,26.0573,25.4139,50.4656,89.1228,0.0,40.0,19.4025,No,0.0,-0.0005,0.0098,Poor,Low,1.761,10.0,10.0,20.931,Safe,74.4999,25.7632,18.6231,Aligned,24.8341,51.9118,Side Impact Potential,Peri-Urban,4.0663,False,Industrial,Poor Infrastructure,-0.0058,,False,23.4272,0.0103,0.0015,Aligned,25,Link Road,1
1103,Link Road,Urban Road,URB-01103,1103,12.9797,77.601,12.9767,77.6003,341.7,441.2,441.542,9.6788,Aligned,0.9831,0.9782,0.0709,-0.0152,0.007,24.9475,24.9716,52.362,23.5496,27.817,47.7212,88.6447,0.2074,29.4042,16.0145,No,0.0,0.0089,0.0143,Good,Low,2.1307,10.0,10.2344,22.5864,Safe,72.7577,27.5945,18.38,Aligned,24.7124,64.8246,Side Impact Potential,Urban,2.8686,False,Commercial,Poor Infrastructure,-0.0123,,False,20.5139,0.007,-0.0045,Aligned,24,Link Road,2
1104,Lokesh Tent Main Road,Urban Road,URB-01104,1104,13.0088,77.6285,13.0119,77.6292,346.9,441.6,441.947,24.5423,Aligned,0.5933,0.5769,0.2998,0.0462,0.0025,66.702,66.7058,100.0,25.2569,27.9367,80.0636,43.2747,0.0,60.0,21.5401,No,0.0,-0.0044,0.9265,Good,Low,0.4353,10.0,10.0,27.3756,Moderate Risk,65.0871,67.8791,32.627,Moderate Misalignment,67.5321,53.9064,Separated Traffic,Peri-Urban,5.0507,True,Residential,Poor Infrastructure | Above Human Tolerance Limit,0.155,Light,False,54.1172,0.0032,0.001,Aligned,69,Lokesh Tent Main Roa,1
1105,Lower Agaram Road,State Highway,SH-01105,1105,12.9685,77.6143,12.9525,77.6202,2055.0,442.0,444.055,11.0139,Aligned,0.9541,0.965,0.0639,0.0074,-0.0092,28.4088,30.6007,75.6532,19.3879,30.3062,51.0379,71.3923,0.0,40.209,19.9992,No,0.0,0.0021,0.0289,Good,Low,2.0752,10.0,10.414,22.7309,Safe,71.5926,31.0916,20.4737,Aligned,28.1257,61.0549,Side Impact Potential,Urban,2.9565,True,Commercial,Poor Infrastructure,0.2246,Light,False,22.0587,0.0103,0.0154,Aligned,29,Lower Agaram Road,1
1106,M Srinivas Road,Urban Road,URB-01106,1106,12.9338,77.5293,12.9334,77.5324,1492.9,442.4,443.893,13.4813,Aligned,0.8956,0.8821,0.1252,-0.0045,0.0071,35.9201,38.1081,59.3602,20.2251,38.6006,50.3495,89.115,0.0,40.0104,35.3661,No,0.0,-0.004,1.0124,Good,Medium,2.6507,10.0,10.0,26.5963,Moderate Risk,69.8952,38.2409,24.0512,Aligned,37.0861,68.7549,Side Impact Potential,Urban,1.8891,True,Mixed,Poor Infrastructure,0.0187,,False,33.1696,0.0151,-0.0003,Aligned,38,M Srinivas Road,1
1107,M V Jayaram Road,Urban Road,URB-01107,1107,12.9937,77.5957,12.9952,77.5914,537.1,442.8,443.337,12.3124,Aligned,0.9038,0.8941,0.0858,0.0158,-0.0015,54.536,54.5578,100.0,0.0,19.1275,79.2218,68.3816,0.2332,60.0,8.3949,No,0.0,0.0018,-0.0121,Poor,High,0.3051,10.0,10.0,22.7478,Safe,68.2458,56.0969,19.6401,Aligned,55.8212,51.0295,Separated Traffic,Peri-Urban,4.1316,True,Industrial,Poor Infrastructure,0.0284,,False,49.3463,-0.0129,-0.008,Aligned,55,M V Jayaram Road,1
1108,M Viswesvaraya Road,Urban Road,URB-01108,1108,12.8928,77.5989,12.8928,77.6104,1327.8,443.2,444.528,10.0331,Aligned,0.9439,0.9859,0.0644,-0.0054,-0.0101,38.7019,36.877,88.343,24.6972,31.356,50.557,52.6369,0.1048,40.8042,24.7315,No,0.0,0.0006,-0.062,Poor,High,2.4515,10.0,10.083,23.2771,Safe,73.2489,35.2236,21.4905,Aligned,37.83,59.2724,Side Impact Potential,Urban,5.9336,True,Residential,Active Congestion | Poor Infrastructure,0.8302,Severe,False,10.7288,0.001,0.0033,Aligned,36,M Viswesvaraya Road,1