segment_id,road_name,road_type,human_segment_id,internal_id,start_lat,start_lon,end_lat,end_lon,length_m,start_km,end_km,road_risk_score,ai_risk_label,ai_risk_probability,prob_low_risk,prob_medium_risk,prob_high_risk,prob_critical_risk,ai_recommended_speed,recommended_safe_speed,road_function_score,infrastructure_score,exposure_score,human_tolerance_limit,operating_speed_score,crash_risk_score,posted_speed_limit,pedestrian_exposure_score,blackspot_flag,crash_count,fatal_crashes,schools_count,lighting_quality,roadside_hazards,intersection_density,speed_compliance_rate,speed_violation_score,hotspot_score,hotspot_category,speed_safety_score,original_safe_speed,misalignment_score,misalignment_category,speed_p85,ptw_share_pct,exposure_tier,urban_rural_flag,lane_count,median_presence,land_use_type,top_ai_factors,congestion_index,congestion_category,congestion_smoothed,operating_speed_mean,minor_crashes,major_crashes,risk_category,final_safe_speed,corridor_base,corridor_seq
1109,MCECHS Layout Main Road,Urban Road,URB-01109,1109,13.0709,77.6206,13.0709,77.6206,3364.9,443.6,446.965,25.1711,Aligned,0.6107,0.631,0.436,0.0182,-0.0085,40.755,41.7193,87.0723,26.9404,25.0597,50.3827,91.9175,0.0,40.2601,13.6621,No,0.0,0.0029,0.028,Good,Low,1.8835,10.0,10.0981,21.9917,Safe,73.3115,43.3733,19.1445,Aligned,41.4698,63.2581,Side Impact Potential,Urban,4.9918,True,Residential,Poor Infrastructure,-0.0007,,False,34.3037,-0.0053,0.0002,Aligned,41,MCECHS Layout Main R,1
1110,MEI Road,Urban Road,URB-01110,1110,13.0211,77.5411,13.0211,77.5411,1934.8,444.0,445.935,11.639,Aligned,0.9715,0.9721,0.0209,0.0148,0.0035,45.8715,43.944,71.7577,32.5869,34.7585,49.9602,83.6534,0.0407,50.6593,35.8012,No,0.0,-0.0061,1.9786,Poor,Low,1.8406,10.0,10.0,23.5781,Safe,73.7385,45.4769,19.3608,Aligned,45.0298,61.3801,Side Impact Potential,Urban,2.7771,False,Residential,Poor Infrastructure,0.0193,,False,40.3507,-0.0086,0.004,Aligned,46,MEI Road,1
1111,MF Norrona Street,State Highway,SH-01111,1111,12.9841,77.6049,12.9856,77.6054,173.1,444.4,444.573,35.9939,Moderate Misalignment,0.9132,0.1409,0.8859,0.0202,-0.0115,29.5647,29.274,70.0357,51.3435,40.1464,31.3352,78.8579,0.0,40.0,40.3991,No,0.0,-0.0065,0.9845,Good,Medium,1.5845,10.0,10.0,28.6794,Moderate Risk,70.2568,30.6934,32.6712,Moderate Misalignment,28.225,58.7103,Significant Pedestrian Interaction,Urban,2.2637,False,Commercial,High Pedestrian Interaction | Above Human Tolerance Limit,-0.0077,,False,26.9212,-0.002,-0.0142,Moderate Misalignment,30,MF Norrona Street,1
1112,MF Norrona Street,State Highway,SH-01112,1112,12.9856,77.6057,12.9841,77.6052,172.7,444.8,444.973,13.852,Aligned,0.9065,0.8514,0.0581,0.009,-0.0035,37.1976,33.9022,75.8571,49.6067,46.6675,48.67,87.1795,0.6345,40.0,52.2074,No,0.0,-0.0093,1.0214,Good,High,1.9788,10.0,10.0,25.7103,Moderate Risk,76.0219,36.6449,22.8481,Aligned,34.3216,62.4563,Side Impact Potential,Urban,1.9719,True,Mixed,Meets Safe System Standards,0.0228,,False,29.1002,-0.0084,0.0008,Aligned,37,MF Norrona Street,2
1113,MM Road,State Highway,SH-01113,1113,13.0005,77.6161,13.0003,77.6183,2628.5,445.2,447.829,71.1969,High Misalignment,0.855,0.0049,0.1461,0.8532,0.0061,49.0633,49.4369,97.3286,0.0,12.7816,49.1358,99.6302,0.0,59.9791,2.5448,No,0.0,-0.0024,0.0318,Poor,Medium,0.1396,10.0,34.3838,39.8098,Moderate Risk,38.848,51.1618,68.3499,High Misalignment,94.0622,32.6567,Side Impact Potential,Rural,5.3442,False,Residential,Speed Limit Misaligned | Poor Infrastructure | Above Human Tolerance Limit,0.2252,Light,False,70.4745,0.0079,-0.0124,High Misalignment,50,MM Road,1
1114,MS Ramaiah Road,Urban Road,URB-01114,1114,13.0354,77.5575,13.0348,77.5574,3235.0,445.6,448.835,9.0017,Aligned,0.9817,1.0091,-0.011,0.0137,-0.0004,36.4074,35.1608,70.564,25.4854,26.7355,47.946,83.0756,0.002,60.0,14.3301,No,0.0,-0.0034,0.0574,Good,Medium,1.8846,10.0,10.4459,21.2267,Safe,74.2524,33.6118,18.9989,Aligned,37.6687,65.1569,Side Impact Potential,Urban,2.1149,False,Commercial,Poor Infrastructure,-0.0052,,False,28.9696,0.0094,-0.0109,Aligned,37,MS Ramaiah Road,1
1115,MS Ramaiah Road,Urban Road,URB-01115,1115,13.0422,77.5572,13.0422,77.5572,600.8,446.0,446.601,33.1092,Moderate Misalignment,0.8287,0.182,0.8211,-0.0134,-0.0035,37.2862,37.1942,52.1697,26.3663,39.6686,50.5969,97.9685,0.0618,31.9518,33.798,No,0.0,0.0081,0.992,Good,High,3.0627,10.0,23.6427,29.3504,Moderate Risk,66.7424,37.3837,31.0213,Moderate Misalignment,34.3455,64.0447,Side Impact Potential,Urban,1.9513,False,Residential,Poor Infrastructure,-0.016,,False,30.9411,-0.0028,0.0049,Moderate Misalignment,36,MS Ramaiah Road,2
1116,MSR Nagar 1st Main Road,Urban Road,URB-01116,1116,13.0341,77.5649,13.0284,77.5713,934.7,446.4,447.335,10.3197,Aligned,1.0003,0.955,-0.0218,-0.0075,-0.0086,27.3957,24.4304,25.6029,1.8973,16.8616,48.8452,83.8925,0.0233,59.0613,12.3537,No,0.0,-0.0079,0.0097,Poor,Medium,1.7585,10.0,10.0492,21.7125,Safe,68.3773,27.2618,18.2633,Aligned,27.2549,35.0191,Side Impact Potential,Rural,0.9514,False,Industrial,Poor Infrastructure,0.2387,Light,False,21.2013,0.0013,-0.0049,Aligned,26,MSR Nagar 1st Main R,1
1117,MSRIT Road,Urban Road,URB-01117,1117,13.0301,77.5627,13.0281,77.562,252.8,446.8,447.053,39.2579,Moderate Misalignment,0.785,0.0993,0.8037,0.0584,0.0029,80.6594,81.9094,100.0,0.0,15.3737,79.1858,83.8704,0.0,59.3969,5.2274,No,0.0,0.0026,0.0241,Poor,Medium,0.0044,10.0,10.0065,26.7169,Moderate Risk,60.8792,81.1125,32.265,Moderate Misalignment,86.923,38.9446,Separated Traffic,Rural,7.2218,True,Commercial,Poor Infrastructure | Above Human Tolerance Limit,-0.0044,,False,81.042,-0.0001,-0.0139,Moderate Misalignment,81,MSRIT Road,1
1118,MV Jayaram Road,Urban Road,URB-01118,1118,12.9952,77.5914,12.9952,77.5898,178.3,447.2,447.378,13.5876,Aligned,0.9664,0.9217,-0.0152,0.0201,-0.0007,35.7949,35.1644,79.5114,53.5765,35.6795,50.1123,69.2575,0.0,52.8254,37.6699,No,0.0,0.002,-0.0557,Poor,Low,1.9847,10.0,10.0,21.1425,Safe,79.5764,34.7356,18.5725,Aligned,34.4025,56.984,Side Impact Potential,Urban,6.012,False,Residential,Meets Safe System Standards,0.0003,,False,27.8527,0.0076,0.0097,Aligned,34,MV Jayaram Road,1
1119,Mackan Road,Urban Road,URB-01119,1119,12.9918,77.611,12.9858,77.6098,778.8,447.6,448.379,10.0867,Aligned,0.9609,0.9623,0.0601,0.0065,-0.0022,30.345,33.843,77.6276,2.1744,23.3743,50.4009,73.551,0.3801,51.3097,14.9974,No,0.0,0.0107,-0.014,Poor,Medium,1.5037,10.0,10.0346,24.4313,Safe,66.7749,33.4697,21.0703,Aligned,32.6267,56.5855,Side Impact Potential,Peri-Urban,3.7475,False,Residential,Poor Infrastructure,-0.0014,,False,31.3356,-0.007,0.0073,Aligned,31,Mackan Road,1
1120,Madehalli Service Road,State Highway,SH-01120,1120,13.0174,77.7044,13.0275,77.7223,2279.3,448.0,450.279,65.9118,High Misalignment,0.8145,0.0037,0.2067,0.8067,0.0043,52.0021,49.4495,100.0,32.273,24.7733,49.4185,53.2474,0.0,79.1885,15.6,No,0.0,-0.0006,0.0503,Poor,Medium,0.2661,10.0,10.0,35.9373,Moderate Risk,52.5447,48.8133,56.0691,High Misalignment,59.3945,50.677,Side Impact Potential,Peri-Urban,8.0687,False,Mixed,Speed Limit Misaligned | Poor Infrastructure | Above Human Tolerance Limit,0.0048,,False,47.09,0.0035,-0.0027,High Misalignment,51,Madehalli Service Ro,1
1121,Madhura Nagara Sorahunase Main Road,Urban Road,URB-01121,1121,12.9425,77.747,12.9434,77.7511,455.9,448.4,448.856,11.033,Aligned,0.8947,0.9199,0.0631,-0.0005,-0.0047,63.8057,64.2171,97.8452,0.0,14.117,80.2418,70.6125,0.0,59.4864,2.4931,No,0.0,-0.0029,-0.0027,Good,Medium,0.3392,10.0,10.1514,20.6592,Safe,69.4939,64.0093,19.4465,Aligned,67.095,36.46,Separated Traffic,Rural,5.9128,True,Residential,Poor Infrastructure,0.1798,Light,False,51.7266,0.018,-0.0033,Aligned,65,Madhura Nagara Sorah,1
1122,Madiwala Sarjapura Road,State Highway,SH-01122,1122,12.9231,77.6243,12.9242,77.6288,1518.1,448.8,450.318,14.0969,Aligned,0.896,0.892,0.1231,0.0033,-0.0008,52.3258,55.1903,100.0,20.4493,34.3182,80.8287,74.7999,0.0138,59.9685,28.1541,No,0.0,-0.006,0.9725,Poor,High,0.5986,10.0,10.2834,25.1413,Moderate Risk,70.0784,52.7113,22.8315,Aligned,53.6326,65.1461,Separated Traffic,Urban,5.2735,True,Commercial,Poor Infrastructure,-0.0187,,False,45.5906,0.0025,-0.0099,Aligned,55,Madiwala Sarjapura R,1
1123,Madiwala Underpass,State Highway,SH-01123,1123,12.9237,77.6186,12.926,77.6172,295.4,449.2,449.495,28.4839,Moderate Misalignment,0.6727,0.2962,0.6366,-0.0005,0.0014,67.1218,68.0394,99.0282,13.6969,18.5092,82.017,52.7041,0.2154,79.2416,13.2765,No,0.0,0.005,0.0048,Poor,High,0.1212,10.0,10.1876,25.3803,Moderate Risk,62.8142,65.8349,31.5484,Moderate Misalignment,66.6418,41.4185,Separated Traffic,Rural,6.0096,True,Residential,Poor Infrastructure | Above Human Tolerance Limit,-0.0015,,False,58.6576,-0.0032,0.02,Moderate Misalignment,68,Madiwala Underpass,1
1124,Madiwala Underpass,State Highway,SH-01124,1124,12.926,77.6173,12.9235,77.6189,342.3,449.6,449.942,10.8164,Aligned,0.9597,0.9796,0.0302,0.001,-0.0063,46.7346,49.2698,53.0824,14.1009,21.5945,48.2088,89.2843,0.0,50.9081,5.7583,No,0.0,-0.0056,0.0316,Good,Medium,3.4652,10.0,10.0,21.5985,Safe,70.7904,48.3702,18.6593,Aligned,49.4899,61.7928,Side Impact Potential,Urban,3.0401,False,Commercial,Poor Infrastructure,0.002,,False,44.9393,-0.0009,-0.0032,Aligned,49,Madiwala Underpass,2
1125,Magadi Road Exit,National Highway,NH-01125,1125,12.9909,77.4725,12.9891,77.4717,297.8,450.0,450.298,11.5437,Aligned,0.9703,0.9744,0.0409,0.0054,0.0029,38.2227,40.8007,71.8921,14.4205,25.2572,50.6836,78.0267,0.0,60.0,18.023,No,0.0,-0.0018,1.0715,Good,High,1.2157,10.0,10.0,23.5251,Safe,71.1869,42.4109,20.43,Aligned,36.6907,51.2027,Side Impact Potential,Peri-Urban,4.0538,False,Industrial,Approach to Congestion (Tapered) | Poor Infrastructure,-0.0019,,True,34.7568,0.0128,-0.0006,Aligned,40,Magadi Road Exit,1
1126,Magadi Road Tollgate Underpass,State Highway,SH-01126,1126,12.9744,77.5467,12.9781,77.5489,570.5,450.4,450.971,71.0851,High Misalignment,0.9274,0.0147,0.0879,0.9191,0.0031,28.622,31.4165,58.5625,73.1603,53.1647,30.2316,100.0,0.1402,50.5909,62.7693,No,0.0,0.0051,1.0106,Poor,Low,3.181,10.0,18.5209,39.1043,Moderate Risk,61.174,30.5655,58.1939,High Misalignment,61.5315,64.6978,Significant Pedestrian Interaction,Urban,4.0861,False,Commercial,Speed Limit Misaligned | High Pedestrian Interaction | Above Human Tolerance Limit,0.0078,,False,50.0273,0.0001,0.0011,High Misalignment,30,Magadi Road Tollgate,1
1127,Magadi Road Tollgate Underpass,State Highway,SH-01127,1127,12.9781,77.549,12.9741,77.5462,641.5,450.8,451.442,29.0827,Moderate Misalignment,0.5635,0.3745,0.5626,0.0603,-0.0055,79.4531,82.2668,99.0062,9.6318,15.1013,81.6637,55.4329,0.1161,61.6753,7.5287,No,0.0,0.0046,-0.0464,Poor,Low,0.1652,10.0,10.0,25.2024,Moderate Risk,63.9924,76.7173,30.6034,Moderate Misalignment,80.8396,35.9059,Separated Traffic,Rural,4.5086,True,Industrial,Poor Infrastructure | Above Human Tolerance Limit,0.1664,Light,False,59.8023,0.0098,-0.0079,Moderate Misalignment,79,Magadi Road Tollgate,2
1128,Magadi Road,State Highway,SH-01128,1128,12.9899,77.4701,12.9887,77.4726,22607.3,451.2,473.807,37.7297,Moderate Misalignment,0.9343,0.0304,0.9565,0.0171,-0.0063,47.3522,47.3887,86.8857,36.7136,39.7461,51.8457,94.7749,0.0,40.4609,38.4367,No,0.0,-0.0006,0.9511,Good,Low,2.2494,10.0,19.5331,27.7363,Moderate Risk,69.9788,48.2538,29.8632,Moderate Misalignment,47.15,69.4564,Side Impact Potential,Urban,6.0244,True,Commercial,Meets Safe System Standards,0.1908,Light,False,35.6098,-0.007,0.0001,Moderate Misalignment,48,Magadi Road,1
1129,Magrath Road,State Highway,SH-01129,1129,12.9714,77.607,12.9685,77.6143,875.6,451.6,452.476,10.3476,Aligned,0.9536,0.9604,0.0417,0.0046,0.0088,61.5288,61.5832,99.7922,0.0572,11.4612,78.7445,75.3561,0.1302,59.5707,1.1998,No,0.0,-0.0027,0.0521,Poor,High,0.1329,10.0,10.213,18.6824,Safe,70.4228,61.4305,18.1563,Aligned,60.5506,35.6192,Separated Traffic,Rural,7.8379,True,Commercial,Poor Infrastructure,-0.006,,False,53.5349,-0.0013,0.0093,Aligned,62,Magrath Road,1
1130,Mahadevapura Flyover,National Highway,NH-01130,1130,12.9933,77.6861,12.986,77.6909,968.9,452.0,452.969,12.222,Aligned,0.9723,0.9515,0.0757,0.0052,-0.0016,28.5588,26.6052,80.9077,0.0,20.6511,50.3552,70.1072,0.0,60.0,7.7474,No,0.0,0.0025,0.0657,Poor,Medium,1.6359,10.0,10.0,23.304,Safe,68.2931,26.5671,19.5124,Aligned,29.0895,54.1906,Side Impact Potential,Urban,3.0812,True,Residential,Poor Infrastructure,0.1634,Light,False,23.0391,-0.0075,0.0004,Aligned,28,Mahadevapura Flyover,1
1131,Mahadevapura Main Road,Urban Road,URB-01131,1131,12.9973,77.6907,12.9914,77.6876,761.0,452.4,453.161,99.3712,Critical Misalignment,0.9899,-0.0126,-0.0019,-0.0073,1.0081,51.8235,47.7837,97.4909,2.0508,16.9895,48.8445,85.611,0.2786,60.0,8.7424,No,0.0,-0.0031,-0.0018,Good,High,0.1747,10.0,23.6406,45.6403,Moderate Risk,33.2436,51.4817,76.7602,Critical Misalignment,98.315,38.7486,Side Impact Potential,Rural,7.2295,False,Industrial,Speed Limit Misaligned | Poor Infrastructure | Above Human Tolerance Limit,0.0032,,False,90.8073,-0.0049,0.013,Critical Misalignment,52,Mahadevapura Main Ro,1
1132,Mahakavi Kuvempu Road,Urban Road,URB-01132,1132,12.9978,77.5511,12.9976,77.5504,3607.6,452.8,456.408,40.7373,Moderate Misalignment,0.9407,0.0231,1.0027,0.0128,-0.0005,81.8554,79.4266,99.2238,38.659,27.6423,80.7942,10.0,0.4512,59.7703,21.4059,No,0.0,-0.0067,-0.0085,Poor,Medium,0.4171,10.0,10.0995,30.4633,Moderate Risk,61.4224,79.209,43.419,Moderate Misalignment,94.2255,49.2211,Separated Traffic,Peri-Urban,7.8943,True,Commercial,Active Congestion | Above Human Tolerance Limit,0.8106,Severe,False,22.5441,-0.0077,-0.0022,Moderate Misalignment,80,Mahakavi Kuvempu Roa,1
1133,Mahalakshmi Temple Road,Urban Road,URB-01133,1133,13.0058,77.5786,13.0029,77.584,694.4,453.2,453.894,14.1806,Aligned,0.8987,0.9238,0.1139,0.0105,0.0108,37.6341,36.3852,58.0346,20.4767,38.1506,47.6452,89.8095,0.0047,39.5018,33.8724,No,0.0,0.0021,0.9668,Good,Medium,2.6205,10.0,10.3413,27.2412,Moderate Risk,69.9862,38.1246,23.0367,Aligned,36.0156,68.9085,Side Impact Potential,Urban,2.0332,True,Mixed,Poor Infrastructure,0.0049,,False,34.2781,-0.0009,0.0123,Aligned,38,Mahalakshmi Temple R,1
1134,Maharani College Underpass,Urban Road,URB-01134,1134,12.9788,77.5849,12.9771,77.584,219.0,453.6,453.819,20.0308,Aligned,0.6827,0.6506,0.3117,-0.0253,-0.0084,40.5719,40.4465,53.1546,9.1005,22.7387,49.3756,91.2107,0.3165,38.6981,12.6472,No,0.0,-0.0045,0.0829,Good,High,2.7753,10.0,28.8229,25.3149,Moderate Risk,65.7286,39.9002,27.417,Moderate Misalignment,36.9307,52.3392,Side Impact Potential,Peri-Urban,2.9403,False,Mixed,Poor Infrastructure,0.0011,,False,35.9847,0.0119,-0.0099,Aligned,39,Maharani College Und,1
1135,Maharani College Underpass,Urban Road,URB-01135,1135,12.9771,77.5839,12.9789,77.5849,219.3,454.0,454.219,19.5401,Aligned,0.7232,0.7373,0.2453,0.028,0.0036,62.7864,61.7069,98.9357,50.6776,26.7315,79.5363,56.6139,0.2018,60.0,16.8846,No,0.0,-0.0055,0.002,Good,Medium,0.516,10.0,10.0646,17.4951,Safe,79.9306,62.234,14.8669,Aligned,60.95,55.0147,Separated Traffic,Urban,7.1108,True,Mixed,Meets Safe System Standards,0.018,,False,53.8029,0.0072,-0.0045,Aligned,62,Maharani College Und,2
1136,Mahatma Gandhi Road,State Highway,SH-01136,1136,12.9766,77.6018,12.9751,77.608,4599.1,454.4,458.999,10.0571,Aligned,0.9993,0.9846,-0.0043,0.0085,-0.0104,21.9599,22.9247,28.5566,19.9993,23.0744,51.9671,82.0183,0.0578,40.0,16.4471,No,0.0,-0.003,-0.008,Poor,High,1.9722,10.0,10.0,20.5027,Safe,74.0322,23.6436,16.0385,Aligned,21.398,50.0331,Side Impact Potential,Peri-Urban,0.9937,False,Mixed,Poor Infrastructure,0.1518,Light,False,18.9955,0.0015,-0.0009,Aligned,23,Mahatma Gandhi Road,1
1137,Mahayogi Vemana Road,State Highway,SH-01137,1137,12.9245,77.618,12.9246,77.6182,3533.1,454.8,458.333,37.2115,Moderate Misalignment,0.9398,0.071,0.9404,0.0237,-0.0106,63.507,64.2951,80.5884,44.2522,30.3597,68.6063,98.1254,0.0,50.7581,21.2895,No,0.0,0.0055,-0.0099,Good,Medium,1.5539,10.0,29.5611,26.5517,Moderate Risk,69.3121,63.3815,33.1931,Moderate Misalignment,64.3751,64.1221,Separated Traffic,Urban,3.1284,True,Mixed,Meets Safe System Standards,0.1271,Light,False,50.8778,0.0213,0.0057,Moderate Misalignment,66,Mahayogi Vemana Road,1
1138,Maheshwari Temple Road,Urban Road,URB-01138,1138,12.99,77.6977,12.992,77.6884,1053.9,455.2,456.254,10.2119,Aligned,1.0005,0.9643,0.0301,-0.0099,0.0018,34.7444,35.8995,31.6704,0.0,16.5881,48.1882,88.7259,0.1242,29.9149,8.5281,No,0.0,-0.0007,0.0335,Good,Low,2.1016,10.0,10.2615,22.5808,Safe,67.5786,32.9967,19.731,Aligned,34.5458,40.9509,Side Impact Potential,Rural,1.9328,False,Residential,Poor Infrastructure,0.2202,Light,False,23.8547,0.0169,0.0247,Aligned,35,Maheshwari Temple Ro,1
1139,Main Guard Cross Road,Urban Road,URB-01139,1139,12.9793,77.6071,12.9817,77.608,620.3,455.6,456.22,13.1722,Aligned,0.9334,0.9576,0.0918,-0.0143,0.0023,27.2938,27.0113,29.376,5.8074,21.9669,48.5292,90.6257,0.0,31.4822,12.6919,No,0.0,0.0022,-0.0754,Poor,Low,1.0695,10.0,10.236,22.6372,Safe,69.4054,27.2928,18.8297,Aligned,26.0718,44.5018,Side Impact Potential,Rural,0.8778,False,Residential,Poor Infrastructure,0.0003,,False,24.5966,-0.0145,0.0022,Aligned,24,Main Guard Cross Roa,1
1140,Main Road,Urban Road,URB-01140,1140,12.9916,77.4877,12.9944,77.489,347.0,456.0,456.347,11.6951,Aligned,0.9772,0.9219,0.0469,0.0134,-0.0053,49.7109,49.2941,76.5007,14.3223,27.6987,52.327,82.9348,0.488,49.7228,19.6116,No,0.0,0.0007,0.9705,Good,Low,2.2015,10.0,10.1014,25.0046,Moderate Risk,68.7288,52.872,22.8195,Aligned,51.4724,60.2983,Side Impact Potential,Urban,5.9757,False,Commercial,Poor Infrastructure,0.2271,Light,False,36.3959,0.0053,-0.0027,Aligned,51,Main Road,1
1141,Main Road,Urban Road,URB-01141,1141,12.9632,77.4818,12.9608,77.4882,736.3,456.4,457.136,44.8243,Moderate Misalignment,0.8355,-0.0306,0.8184,0.1815,0.0009,29.3934,31.9435,77.4902,51.1401,51.8638,30.8619,97.7725,0.0896,40.7121,62.4404,No,0.0,-0.003,0.9257,Good,High,1.6865,10.0,16.1258,35.7117,Moderate Risk,65.0416,29.7158,43.5533,Moderate Misalignment,49.6267,68.8539,Significant Pedestrian Interaction,Urban,1.9445,True,Residential,High Pedestrian Interaction | Above Human Tolerance Limit,-0.005,,False,40.904,0.0105,-0.0143,Moderate Misalignment,28,Main Road,2
1142,Main Road,Urban Road,URB-01142,1142,12.8935,77.6507,12.8988,77.6513,584.0,456.8,457.384,28.4133,Aligned,0.6261,0.5702,0.1987,0.2518,0.0026,66.4508,68.3661,100.0,9.5641,22.7135,80.0869,82.0062,0.0124,60.0,15.0495,No,0.0,0.0039,-0.0569,Poor,High,0.0894,10.0,10.0,22.0671,Safe,70.1674,70.9615,20.0614,Aligned,68.8497,46.1398,Separated Traffic,Rural,4.1241,True,Commercial,Poor Infrastructure,0.0182,,False,57.5573,-0.0091,-0.0047,Aligned,67,Main Road,3
1143,Main Road,Urban Road,URB-01143,1143,12.9803,77.4811,12.9821,77.4811,207.5,457.2,457.408,76.2238,High Misalignment,0.9915,-0.0242,-0.0054,0.9878,0.0021,51.3164,50.2329,98.7001,8.0257,25.3998,48.8652,10.2769,0.0,60.0,10.6437,No,0.0,-0.0008,0.0304,Good,High,0.5718,10.0,10.2853,38.9241,Moderate Risk,46.596,49.917,56.7913,High Misalignment,66.8326,68.2571,Side Impact Potential,Urban,3.9687,False,Residential,Speed Limit Misaligned | Active Congestion | Poor Infrastructure,0.7897,Severe,False,18.0713,-0.0162,-0.0001,High Misalignment,50,Main Road,4
1144,Main Road,Urban Road,URB-01144,1144,12.9961,77.6774,12.9999,77.6767,519.9,457.6,458.12,40.2584,Moderate Misalignment,0.9471,0.0665,0.9384,0.0111,0.0108,32.0878,29.9818,48.4983,49.736,55.6511,29.2107,97.5792,0.0259,29.6771,67.0909,No,0.0,-0.0018,1.9999,Good,High,2.9429,10.0,12.1254,30.4582,Moderate Risk,72.8121,30.2393,29.0251,Moderate Misalignment,30.948,65.9881,Significant Pedestrian Interaction,Urban,1.996,False,Commercial,High Pedestrian Interaction,0.008,,False,28.0182,-0.0053,-0.013,Moderate Misalignment,33,Main Road,5
1145,Malagala Main Road,Urban Road,URB-01145,1145,12.9818,77.5171,12.971,77.5143,1280.0,458.0,459.28,37.459,Moderate Misalignment,0.7844,0.1604,0.7883,0.0349,0.0077,81.4553,78.3719,98.9545,0.0,15.1147,80.7267,84.8377,0.0511,60.0,8.1223,No,0.0,-0.0032,0.0597,Poor,Medium,0.0168,10.0,10.0,26.3679,Moderate Risk,61.0251,83.8095,31.6213,Moderate Misalignment,88.9719,38.6129,Separated Traffic,Rural,6.7942,True,Commercial,Poor Infrastructure | Above Human Tolerance Limit,0.0051,,False,79.0697,0.0085,0.0066,Moderate Misalignment,81,Malagala Main Road,1
1146,Malathhalli Main Road,Urban Road,URB-01146,1146,12.9701,77.4931,12.9666,77.505,1390.5,458.4,459.791,15.2542,Aligned,0.8036,0.8174,0.1991,-0.0035,-0.0059,51.1523,53.6312,99.1653,38.7069,37.61,80.4646,74.8821,0.0,59.7544,31.2907,No,0.0,0.0,1.0269,Good,High,0.6261,10.0,10.0,23.2557,Safe,74.5401,51.5184,21.9226,Aligned,53.3409,67.8574,Separated Traffic,Urban,7.1194,True,Mixed,Approach to Congestion (Tapered),-0.0166,,True,41.4827,-0.0161,0.0062,Aligned,53,Malathhalli Main Roa,1
1147,Mallathahalli Road,Urban Road,URB-01147,1147,12.9607,77.5071,12.961,77.5099,1953.3,458.8,460.753,12.5099,Aligned,0.9155,0.9159,0.0976,-0.0004,0.0014,29.6693,28.345,52.7683,21.3213,28.4565,49.5627,87.924,0.0326,31.4582,13.4917,No,0.0,-0.0043,-0.0281,Good,Low,3.4994,10.0,10.0,22.706,Safe,71.9391,29.2571,18.903,Aligned,26.7465,66.3795,Side Impact Potential,Urban,3.0754,False,Commercial,Poor Infrastructure,-0.02,,False,20.8132,-0.0083,0.0042,Aligned,28,Mallathahalli Road,1
1148,Malleshpalya Main Road,Urban Road,URB-01148,1148,12.9755,77.667,12.9717,77.6817,1663.6,459.2,460.864,13.6962,Aligned,0.9337,0.9305,0.0888,-0.0015,-0.0075,29.4428,28.2035,56.4303,48.4336,28.8536,50.338,94.4922,0.2436,30.3304,21.6859,No,0.0,0.007,0.0509,Poor,High,3.3026,10.0,10.0,18.3541,Safe,80.6149,27.6259,16.7514,Aligned,27.6606,55.8872,Side Impact Potential,Urban,3.9125,False,Industrial,Meets Safe System Standards,-0.01,,False,27.0265,-0.0241,-0.0047,Aligned,28,Malleshpalya Main Ro,1
1149,Malleshwaram Underpass,State Highway,SH-01149,1149,12.9969,77.5733,12.9969,77.5694,425.9,459.6,460.026,25.3809,Aligned,0.5008,0.4345,0.4421,0.0509,0.0081,80.5889,77.7387,97.9389,5.3414,13.7355,80.3179,88.6475,0.0,60.0604,0.711,No,0.0,0.0034,-0.0223,Poor,Medium,0.0909,10.0,30.9112,29.0329,Moderate Risk,57.2996,77.1157,39.3411,Moderate Misalignment,90.8751,44.5135,Separated Traffic,Rural,5.0445,True,Residential,Poor Infrastructure,-0.0073,,False,78.2186,0.0003,-0.0022,Aligned,80,Malleshwaram Underpa,1
1150,Malvalli Tank Bund Road,Urban Road,URB-01150,1150,12.9553,77.5796,12.9589,77.5801,405.2,460.0,460.405,10.4609,Aligned,0.9621,0.9654,0.0003,0.0076,-0.0001,24.3583,23.0729,48.8799,16.6116,24.5015,48.0915,78.7813,0.0,29.7373,16.7288,No,0.0,-0.0003,0.0218,Good,High,2.2713,10.0,10.636,21.3492,Safe,71.9937,23.06,20.91,Aligned,23.2956,52.8554,Side Impact Potential,Peri-Urban,2.1237,False,Commercial,Poor Infrastructure,0.1721,Light,False,16.8722,0.014,0.0143,Aligned,23,Malvalli Tank Bund R,1
1151,Mamulpet Road,Urban Road,URB-01151,1151,12.968,77.5786,12.9698,77.5758,369.0,460.4,460.769,38.135,Moderate Misalignment,0.8075,0.1423,0.7676,0.0451,0.0104,79.6981,80.0557,99.406,21.9597,17.3429,80.5039,85.0426,0.0,60.0,9.35,No,0.0,-0.0093,-0.0592,Poor,Medium,0.3864,10.0,10.0,24.1944,Safe,65.3434,79.6455,30.3564,Moderate Misalignment,86.5623,44.2332,Separated Traffic,Rural,4.9576,True,Residential,Poor Infrastructure | Above Human Tolerance Limit,-0.0014,,False,81.7519,0.0049,0.0082,Moderate Misalignment,80,Mamulpet Road,1