segment_id,road_name,road_type,human_segment_id,internal_id,start_lat,start_lon,end_lat,end_lon,length_m,start_km,end_km,road_risk_score,ai_risk_label,ai_risk_probability,prob_low_risk,prob_medium_risk,prob_high_risk,prob_critical_risk,ai_recommended_speed,recommended_safe_speed,road_function_score,infrastructure_score,exposure_score,human_tolerance_limit,operating_speed_score,crash_risk_score,posted_speed_limit,pedestrian_exposure_score,blackspot_flag,crash_count,fatal_crashes,schools_count,lighting_quality,roadside_hazards,intersection_density,speed_compliance_rate,speed_violation_score,hotspot_score,hotspot_category,speed_safety_score,original_safe_speed,misalignment_score,misalignment_category,speed_p85,ptw_share_pct,exposure_tier,urban_rural_flag,lane_count,median_presence,land_use_type,top_ai_factors,congestion_index,congestion_category,congestion_smoothed,operating_speed_mean,minor_crashes,major_crashes,risk_category,final_safe_speed,corridor_base,corridor_seq
1152,Mangammanapalaya Main Road,Urban Road,URB-01152,1152,12.8995,77.6488,12.9057,77.639,1312.8,460.8,462.113,16.3828,Aligned,0.8194,0.8242,0.199,0.0176,0.0072,62.1603,61.1921,98.1059,6.6054,17.9238,79.3509,76.4797,0.1426,60.0,10.5072,No,0.0,-0.0026,0.0436,Poor,High,0.0794,10.0,10.0,20.495,Safe,70.7196,61.053,18.2421,Aligned,61.727,39.4429,Separated Traffic,Rural,5.6751,True,Residential,Poor Infrastructure,-0.0003,,False,53.0,0.0134,0.0011,Aligned,63,Mangammanapalaya Mai,1
1153,Mangammapalaya Road,Urban Road,URB-01153,1153,12.9057,77.639,12.9063,77.6296,1106.5,461.2,462.307,64.1119,High Misalignment,0.7386,0.0191,0.2905,0.7348,-0.0083,30.94,26.9215,75.4562,65.4998,52.3047,30.7198,87.8514,19.8465,60.0,63.6427,No,0.0,-0.0019,1.9338,Poor,Medium,1.4337,10.0,10.1475,41.7443,Moderate Risk,58.9597,30.2957,50.6825,High Misalignment,51.8622,67.6674,Significant Pedestrian Interaction,Urban,3.7942,False,Mixed,Speed Limit Misaligned | High Pedestrian Interaction | Above Human Tolerance Limit,0.1678,Light,False,40.6229,0.0008,1.0038,High Misalignment,29,Mangammapalaya Road,1
1154,Manganahalli Road,Urban Road,URB-01154,1154,12.9516,77.48,12.9516,77.48,1538.0,461.6,463.138,10.7383,Aligned,0.9867,0.9694,0.0216,0.0075,0.0048,50.1982,50.1546,76.986,19.6012,37.2892,48.2539,83.8133,0.0,51.0621,39.7057,No,0.0,-0.0,1.0502,Poor,High,1.6726,10.0,31.491,32.5699,Moderate Risk,60.3291,49.1426,38.3776,Moderate Misalignment,64.8955,50.1036,Side Impact Potential,Peri-Urban,5.0458,False,Industrial,Poor Infrastructure,0.0002,,False,61.1133,-0.0151,-0.0003,Aligned,50,Manganahalli Road,1
1155,Manipal County Road,Urban Road,URB-01155,1155,12.8778,77.6255,12.8778,77.6264,98.7,462.0,462.099,10.8671,Aligned,0.9827,0.9628,0.0218,0.0026,0.0022,29.6903,27.6267,31.4978,7.7935,17.4642,50.7725,91.9936,0.0,29.3119,11.9639,No,0.0,-0.0003,-0.0528,Poor,Low,0.9514,10.0,10.0,20.5916,Safe,70.9227,27.9626,18.1951,Aligned,28.608,41.1418,Side Impact Potential,Rural,1.0444,False,Mixed,Poor Infrastructure,0.0105,,False,23.9068,-0.0137,-0.0051,Aligned,28,Manipal County Road,1
1156,Manipal County Road,Urban Road,URB-01156,1156,12.8796,77.6355,12.8749,77.649,1803.6,462.4,464.204,18.4231,Aligned,0.7355,0.7685,0.2416,0.0347,-0.0095,61.7546,62.1907,100.0,48.6186,24.9568,80.6631,61.0277,0.0,59.6762,16.8541,No,0.0,0.0081,0.0457,Good,Medium,0.4973,10.0,10.0,17.9679,Safe,80.3555,62.3317,17.1571,Aligned,61.0112,54.3868,Separated Traffic,Urban,6.7239,True,Mixed,Meets Safe System Standards,0.001,,False,53.5355,-0.0081,-0.0237,Aligned,61,Manipal County Road,2
1157,Manjunadha Layout Main Road,Urban Road,URB-01157,1157,12.9494,77.7145,12.9503,77.7093,594.0,462.8,463.394,13.0837,Aligned,0.8897,0.852,0.0896,0.0324,0.0052,46.7016,47.9982,100.0,30.4994,26.329,79.0909,51.4066,0.1784,59.357,29.3821,No,0.0,0.0057,1.0362,Poor,Medium,0.1451,10.0,10.0,20.8056,Safe,75.8515,44.9012,17.4762,Aligned,49.7489,32.0796,Separated Traffic,Rural,6.2312,True,Mixed,Poor Infrastructure,0.1515,Light,False,37.6364,0.0024,-0.0041,Aligned,46,Manjunadha Layout Ma,1
1158,Manjunath Nagar Flyover,State Highway,SH-01158,1158,12.9954,77.5509,12.992,77.5511,394.0,463.2,463.594,17.8982,Aligned,0.8018,0.817,0.1704,0.0105,-0.0144,31.634,33.6082,49.1201,59.6365,31.6599,49.2434,98.5861,0.5423,40.0,28.1539,No,0.0,-0.0018,0.0013,Good,Medium,3.4626,10.0,10.0933,20.1709,Safe,79.806,32.1924,19.7313,Aligned,34.6838,58.0515,Side Impact Potential,Urban,1.7898,False,Residential,Meets Safe System Standards,-0.0337,,False,29.7271,0.0048,-0.0102,Aligned,32,Manjunath Nagar Flyo,1
1159,Manjunath Nagar Flyover,State Highway,SH-01159,1159,12.9859,77.5492,12.9953,77.5507,1103.2,463.6,464.703,34.3184,Moderate Misalignment,0.8285,0.1594,0.8329,0.0108,-0.0013,47.7006,49.8223,87.3653,45.771,32.8744,52.2273,94.3613,0.0,52.1634,23.6699,No,0.0,0.0021,-0.0714,Good,High,1.755,10.0,13.7177,23.7085,Safe,72.8612,51.5618,25.5113,Moderate Misalignment,59.2645,61.2989,Side Impact Potential,Urban,5.9414,True,Commercial,Meets Safe System Standards,-0.0101,,False,45.8953,-0.0125,-0.0033,Moderate Misalignment,47,Manjunath Nagar Flyo,2
1160,Manjunatha Kalyana Mantapa Road,Urban Road,URB-01160,1160,12.8748,77.5382,12.8745,77.5415,369.5,464.0,464.37,30.2768,Moderate Misalignment,0.7396,0.2377,0.7705,-0.0049,0.0024,77.0823,75.9329,99.8778,0.3188,13.3652,78.9283,84.7196,20.2216,60.0,0.0,No,0.0,-0.0067,0.0218,Poor,Medium,0.2423,10.0,14.4837,35.3488,Moderate Risk,49.4175,80.3893,44.4451,Moderate Misalignment,103.4791,41.1356,Separated Traffic,Rural,6.9086,True,Industrial,Poor Infrastructure | Above Human Tolerance Limit,0.1762,Light,False,78.3381,0.0016,1.0145,Moderate Misalignment,79,Manjunatha Kalyana M,1
1161,Manorayana Palya Main Road,Urban Road,URB-01161,1161,13.03,77.6047,13.0293,77.6075,322.4,464.4,464.722,14.0679,Aligned,0.9144,0.8937,0.048,-0.0053,0.0072,25.7949,24.0285,57.0525,27.8962,25.421,51.2765,89.5617,0.0,29.8262,18.2587,No,0.0,0.0049,-0.0328,Poor,Low,1.7431,10.0,10.1596,21.2213,Safe,74.5165,25.7865,18.9144,Aligned,25.3519,50.2207,Side Impact Potential,Peri-Urban,4.1392,False,Industrial,Poor Infrastructure,-0.0173,,False,23.4103,0.01,0.0088,Aligned,23,Manorayana Palya Mai,1
1162,Maramma Circle,State Highway,SH-01162,1162,13.012,77.5691,13.0122,77.5689,45.0,464.8,464.845,31.7565,Moderate Misalignment,0.7429,0.1982,0.7332,0.0147,0.0027,36.7879,36.0713,27.1807,16.6976,25.7734,49.5472,98.4179,0.0,40.0,15.6268,No,0.0,-0.0007,0.0001,Good,High,3.1521,10.0,20.4219,24.1948,Moderate Risk,67.5293,34.905,26.1494,Moderate Misalignment,34.888,57.9842,Side Impact Potential,Peri-Urban,2.1554,False,Industrial,Poor Infrastructure,-0.0223,,False,29.8313,-0.0026,0.0139,Moderate Misalignment,37,Maramma Circle,1
1163,Marathahalli Underpass,National Highway,NH-01163,1163,12.9598,77.7014,12.9534,77.7003,727.1,465.2,465.927,38.3743,Moderate Misalignment,0.9545,0.0118,0.9071,0.0264,0.0077,78.3682,78.9798,99.0058,24.2555,27.4582,78.6068,95.5647,0.0,60.455,15.0314,No,0.0,-0.0007,0.0565,Good,High,0.2444,10.0,17.0146,27.4,Moderate Risk,64.6639,81.7602,31.7455,Moderate Misalignment,91.6655,61.9268,Separated Traffic,Peri-Urban,6.1389,True,Residential,Poor Infrastructure,-0.0007,,False,82.7328,-0.004,-0.0055,Moderate Misalignment,78,Marathahalli Underpa,1
1164,Marathahalli Underpass,National Highway,NH-01164,1164,12.9447,77.6978,12.9602,77.7013,1785.9,465.6,467.386,40.6545,Moderate Misalignment,0.9062,0.0355,0.9269,0.0426,-0.0017,74.0003,73.492,98.2477,0.9095,19.235,81.1505,98.0545,0.2487,60.0,7.6908,No,0.0,-0.0,-0.0544,Good,High,0.41,10.0,25.099,28.3531,Moderate Risk,58.3836,77.0645,34.2582,Moderate Misalignment,76.1526,51.2345,Separated Traffic,Peri-Urban,4.9301,True,Industrial,Poor Infrastructure,0.1608,Light,False,58.9007,-0.0052,0.001,Moderate Misalignment,73,Marathahalli Underpa,2
1165,Marathalli Bridge Service Road,Urban Road,URB-01165,1165,12.9568,77.7049,12.9566,77.709,583.8,466.0,466.584,33.8388,Moderate Misalignment,0.7085,0.2771,0.7087,0.0421,0.0035,81.8691,79.3296,99.0131,8.8413,18.7868,80.2579,87.3064,0.0881,59.1187,14.0123,No,0.0,-0.0076,0.0242,Poor,High,0.1452,10.0,17.7139,26.9737,Moderate Risk,63.3014,84.0044,31.5987,Moderate Misalignment,83.298,42.4746,Separated Traffic,Rural,4.6688,True,Industrial,Poor Infrastructure,0.1934,Light,False,63.5067,-0.014,-0.0129,Moderate Misalignment,81,Marathalli Bridge Se,1
1166,Marathalli Bridge Service Road,Urban Road,URB-01166,1166,12.9565,77.7049,12.9561,77.7091,541.9,466.4,466.942,12.9846,Aligned,0.8778,0.8785,0.1018,0.0148,-0.0059,47.3277,44.2723,100.0,40.5223,30.8794,79.6884,69.7119,0.0,59.7334,22.353,No,0.0,0.0072,0.9827,Good,Medium,0.5477,10.0,10.5132,21.0694,Safe,76.1602,44.864,18.2774,Aligned,45.8917,57.5645,Separated Traffic,Urban,6.0197,True,Mixed,Meets Safe System Standards,-0.0128,,False,39.722,-0.0027,-0.0051,Aligned,46,Marathalli Bridge Se,2
1167,Marenahalli Road - Outer Ring Road,State Highway,SH-01167,1167,12.9167,77.6074,12.9165,77.61,331.3,466.8,467.131,40.8042,Moderate Misalignment,0.8948,-0.0066,0.9685,0.0493,-0.004,52.5587,51.2651,99.1908,29.4376,25.91,50.0919,73.9766,0.2175,59.4595,14.4062,No,0.0,-0.003,-0.0352,Good,Medium,0.569,10.0,10.0,31.1162,Moderate Risk,58.4633,51.1448,43.9757,Moderate Misalignment,65.0947,56.5113,Side Impact Potential,Urban,7.1181,False,Commercial,Poor Infrastructure | Above Human Tolerance Limit,-0.0011,,False,53.8164,-0.0132,-0.0074,Moderate Misalignment,53,Marenahalli Road - O,1
1168,Marenahalli Road,State Highway,SH-01168,1168,12.9178,77.5735,12.9176,77.574,5945.3,467.2,473.145,16.8538,Aligned,0.779,0.7819,0.2251,0.0189,-0.0023,82.1096,80.9414,99.1219,1.3186,17.6379,77.918,64.7684,0.4126,61.5037,8.9322,No,0.0,0.0018,-0.062,Poor,High,0.1143,10.0,10.0,27.539,Moderate Risk,61.146,80.9595,32.1037,Moderate Misalignment,88.1404,45.0373,Separated Traffic,Rural,5.9031,True,Residential,Poor Infrastructure | Above Human Tolerance Limit,0.1909,Light,False,67.1164,0.0091,-0.005,Aligned,82,Marenahalli Road,1
1169,Margosa Road,State Highway,SH-01169,1169,13.012,77.5691,12.9969,77.5694,1685.1,467.6,469.285,12.584,Aligned,0.9688,1.0394,0.0315,-0.0184,-0.0,35.134,35.0293,83.8083,25.7858,27.5826,52.1237,80.4069,0.0,40.923,15.5411,No,0.0,-0.0018,-0.0107,Good,Low,1.9739,10.0,10.0708,22.8473,Safe,72.7953,31.3586,18.4461,Aligned,31.2515,67.2722,Side Impact Potential,Urban,6.1423,False,Industrial,Poor Infrastructure,-0.0221,,False,25.9908,-0.0027,-0.0041,Aligned,35,Margosa Road,1
1170,Mariswamy Mutt Road,Urban Road,URB-01170,1170,12.9589,77.5801,12.9589,77.5777,289.1,468.0,468.289,14.2716,Aligned,0.8432,0.8505,0.111,-0.0027,0.001,63.1441,66.8692,100.0,45.4123,34.0699,80.0299,71.2388,0.0,60.0,30.7845,No,0.0,-0.016,1.0276,Good,Medium,0.4067,10.0,10.0,21.7016,Safe,77.5898,63.3326,19.2614,Aligned,63.399,53.5654,Separated Traffic,Peri-Urban,5.185,True,Residential,Meets Safe System Standards,0.0091,,False,60.9489,-0.0004,-0.0051,Aligned,65,Mariswamy Mutt Road,1
1171,Mariyappana Palya Main Road,Urban Road,URB-01171,1171,12.9446,77.5041,12.9455,77.4957,963.3,468.4,469.363,40.0012,Moderate Misalignment,0.9577,0.0438,0.9706,0.0239,0.0015,31.4523,27.2691,79.4759,84.9237,58.0231,30.6429,79.894,0.0,40.9429,74.036,No,0.0,-0.0109,2.9546,Good,Medium,2.3081,10.0,10.6591,29.9719,Moderate Risk,76.7735,31.4453,36.3781,Moderate Misalignment,38.204,61.7527,Significant Pedestrian Interaction,Urban,1.6005,True,Mixed,High Pedestrian Interaction | Above Human Tolerance Limit,0.2346,Light,False,25.5802,0.0033,-0.0057,Moderate Misalignment,30,Mariyappana Palya Ma,1
1172,Maruthi Nagar Main Road,Urban Road,URB-01172,1172,12.9279,77.6161,12.9196,77.613,975.7,468.8,469.776,11.5915,Aligned,0.9841,1.0134,-0.0007,-0.0206,-0.0019,42.7524,42.5788,70.1186,12.9783,27.276,49.9519,76.2975,0.0247,52.1409,14.5244,No,0.0,0.0032,1.009,Good,Medium,1.9423,10.0,10.4405,23.7116,Safe,69.8475,41.901,20.8195,Aligned,43.0029,67.5691,Side Impact Potential,Urban,2.2893,False,Commercial,Poor Infrastructure,0.017,,False,35.2082,0.0052,-0.0012,Aligned,41,Maruthi Nagar Main R,1
1173,Masjid Road,Urban Road,URB-01173,1173,12.9406,77.5778,12.9406,77.58,239.5,469.2,469.44,14.5128,Aligned,0.854,0.8171,0.1175,0.0067,-0.0073,20.5379,20.0196,52.0696,16.5669,27.1551,48.9865,63.6404,0.2732,59.9099,14.7011,No,0.0,0.0125,0.0238,Good,High,2.6371,10.0,10.224,22.9297,Safe,71.421,19.9908,19.7576,Aligned,22.2479,64.3895,Side Impact Potential,Urban,2.0254,False,Residential,Active Congestion | Poor Infrastructure,0.7195,Severe,False,10.0,-0.0166,-0.0,Aligned,19,Masjid Road,1
1174,Medarahalli Main Road,Urban Road,URB-01174,1174,13.0677,77.5159,13.0734,77.5076,1137.4,469.6,470.737,11.2357,Aligned,0.996,0.982,0.0245,-0.0086,0.0087,20.9768,21.1015,27.3638,16.3991,15.7027,49.4073,65.9433,0.0825,29.7462,10.0357,No,0.0,0.0085,-0.0666,Poor,Low,1.1744,10.0,10.0026,19.4652,Safe,73.4482,22.9039,16.6043,Aligned,24.1878,33.8005,Side Impact Potential,Rural,1.0696,False,Commercial,Active Congestion | Poor Infrastructure,0.6488,Severe,False,10.0,-0.0072,0.0088,Aligned,21,Medarahalli Main Roa,1
1175,Medarahalli Railway Station Road,Urban Road,URB-01175,1175,13.0734,77.5076,13.0764,77.505,442.7,470.0,470.443,12.1187,Aligned,0.9793,0.9517,0.0048,-0.0064,0.0054,19.584,20.8921,54.8037,25.3804,24.4241,50.4037,81.2162,0.0647,29.4166,14.1773,No,0.0,-0.0014,-0.0141,Good,Low,2.2557,10.0,10.0,20.0207,Safe,74.0304,20.9469,17.9428,Aligned,19.6017,53.6331,Side Impact Potential,Peri-Urban,4.1539,False,Industrial,Poor Infrastructure,0.0066,,False,16.469,-0.0018,-0.0055,Aligned,21,Medarahalli Railway ,1
1176,Meenakshi Kovil Street,Urban Road,URB-01176,1176,12.9841,77.6038,12.9837,77.6066,305.9,470.4,470.706,71.2818,High Misalignment,0.8771,0.0511,0.0004,0.8837,0.0024,77.9684,79.7762,100.0,0.1738,12.2717,79.0302,26.1391,0.1483,60.0,0.1581,No,0.0,0.0004,-0.0112,Poor,Low,0.1451,10.0,24.5713,33.954,Moderate Risk,47.4245,78.311,52.9805,High Misalignment,112.2713,40.7508,Separated Traffic,Rural,3.8817,True,Residential,Speed Limit Misaligned | Active Congestion | Poor Infrastructure,0.6284,Severe,False,39.914,-0.0058,0.01,High Misalignment,80,Meenakshi Kovil Stre,1
1177,Mekhri Circle Underpass,National Highway,NH-01177,1177,13.0108,77.5838,13.0167,77.5839,663.5,470.8,471.464,22.9944,Aligned,0.5111,0.5176,0.4453,0.0214,-0.0065,42.6772,41.6433,78.709,13.0602,27.3201,50.8103,95.7771,0.0,60.0,14.9202,No,0.0,0.0005,0.0182,Good,High,1.449,10.0,10.0,24.6955,Moderate Risk,68.7098,41.6619,22.8229,Aligned,39.9165,66.8646,Side Impact Potential,Urban,6.1895,False,Residential,Poor Infrastructure,-0.0116,,False,36.5792,-0.0138,-0.0064,Aligned,42,Mekhri Circle Underp,1
1178,Mekhri Circle Underpass,National Highway,NH-01178,1178,13.0166,77.584,13.0108,77.5839,649.5,471.2,471.85,19.2735,Aligned,0.6752,0.6728,0.3029,0.0108,0.0081,30.5624,30.4417,56.0357,31.0815,38.2285,49.7852,94.8592,0.0,60.0,36.8819,No,0.0,0.0052,1.0071,Poor,High,2.2702,10.0,10.0,25.4224,Moderate Risk,72.0183,33.6137,23.0587,Aligned,29.7289,61.7384,Side Impact Potential,Urban,3.8332,False,Residential,Poor Infrastructure,0.1376,Light,False,25.3974,-0.0079,-0.0063,Aligned,30,Mekhri Circle Underp,2
1179,Midford Garden Road,Urban Road,URB-01179,1179,12.9707,77.618,12.9726,77.6184,223.4,471.6,471.823,28.0612,Moderate Misalignment,0.5356,0.4274,0.5327,-0.0086,-0.0001,46.2809,46.7317,51.7958,15.8678,25.8839,49.6843,91.1618,0.1253,41.9931,14.4076,No,0.0,0.0071,-0.0623,Good,Low,3.2377,10.0,15.1582,25.7305,Moderate Risk,66.6604,46.0419,25.8736,Moderate Misalignment,46.618,64.0615,Side Impact Potential,Urban,2.9486,False,Mixed,Poor Infrastructure,0.144,Light,False,36.4344,-0.022,-0.0005,Moderate Misalignment,48,Midford Garden Road,1
1180,Mill Corner Road Underpass,Urban Road,URB-01180,1180,12.9932,77.5694,12.9934,77.5688,160.5,472.0,472.161,10.6472,Aligned,0.9421,0.9236,0.0562,0.0135,0.0,33.2812,33.5896,84.126,24.7963,29.1722,49.6935,66.104,0.1133,48.6939,19.9226,No,0.0,-0.0037,0.9992,Good,Medium,1.8356,10.0,10.4293,22.239,Safe,73.5747,33.3607,20.7141,Aligned,30.7627,60.5665,Side Impact Potential,Urban,4.9022,True,Residential,Poor Infrastructure,0.0023,,False,25.9312,0.012,-0.0169,Aligned,33,Mill Corner Road Und,1
1181,Mill Corner Road,Urban Road,URB-01181,1181,12.9934,77.5688,12.9933,77.5698,469.3,472.4,472.869,42.8612,Moderate Misalignment,0.9137,0.0324,0.9181,0.0528,-0.0023,50.5856,51.927,98.9448,27.9268,24.0926,50.02,76.3096,0.3208,60.0,17.7715,No,0.0,-0.0022,-0.0325,Good,Medium,0.673,10.0,10.0,31.2128,Moderate Risk,59.4889,49.7076,43.7073,Moderate Misalignment,60.22,54.8052,Side Impact Potential,Urban,7.2194,False,Commercial,Poor Infrastructure | Above Human Tolerance Limit,0.0173,,False,54.0499,0.0023,-0.0062,Moderate Misalignment,50,Mill Corner Road,1
1182,Millers Road Underpass,Urban Road,URB-01182,1182,12.9942,77.5959,12.994,77.5967,357.0,472.8,473.157,16.4459,Aligned,0.8379,0.801,0.1928,0.0257,0.0002,61.9359,63.6063,99.3697,0.0,11.7481,81.8433,88.6665,0.0,57.5713,2.5394,No,0.0,0.0039,-0.0043,Poor,Medium,0.0811,10.0,10.064,19.9872,Safe,68.3282,60.3531,18.8794,Aligned,60.5884,36.108,Separated Traffic,Rural,3.8654,True,Industrial,Poor Infrastructure,-0.0127,,False,51.9019,0.0062,-0.0042,Aligned,62,Millers Road Underpa,1
1183,Millers Road,State Highway,SH-01183,1183,12.9846,77.5883,12.9943,77.5958,1381.2,473.2,474.581,11.1978,Aligned,0.9849,1.0174,-0.0116,-0.0124,-0.0012,18.0458,20.9773,27.0811,0.0,16.4128,49.3298,87.4566,0.0,40.0,5.3358,No,0.0,0.0032,-0.0105,Poor,Low,1.8463,10.0,10.0,20.8002,Safe,69.3319,15.0195,19.8155,Aligned,12.471,41.99,Side Impact Potential,Rural,0.8928,False,Residential,Poor Infrastructure,-0.0131,,False,10.2384,0.01,-0.0026,Aligned,16,Millers Road,1
1184,Millers Road,State Highway,SH-01184,1184,12.994,77.5957,12.9942,77.5962,69.4,473.6,473.669,10.5225,Aligned,0.9661,0.9691,0.0321,-0.0065,0.0043,25.0328,27.5546,50.668,26.5689,28.1731,49.6273,86.1599,0.2722,40.0,20.5335,No,0.0,0.0004,0.989,Good,Medium,2.9125,10.0,10.0,21.8883,Safe,72.9942,26.0357,18.2178,Aligned,24.4189,58.59,Side Impact Potential,Urban,3.0175,False,Mixed,Poor Infrastructure,0.1859,Light,False,19.664,0.0082,0.0132,Aligned,25,Millers Road,2
1185,Millers Road,Urban Road,URB-01185,1185,12.9955,77.5997,12.9955,77.5997,902.3,474.0,474.902,37.5595,Moderate Misalignment,0.8519,0.0984,0.883,0.0204,0.0041,71.6028,71.6106,99.0035,15.3676,17.4768,79.9548,88.4789,0.1077,57.8476,10.4173,No,0.0,0.0024,0.0881,Poor,Medium,0.0885,10.0,17.6065,24.7502,Safe,65.1919,70.3151,28.5425,Moderate Misalignment,72.063,46.5752,Separated Traffic,Rural,3.9821,True,Mixed,Poor Infrastructure,0.1788,Light,False,55.4046,-0.0196,-0.0168,Moderate Misalignment,73,Millers Road,3
1186,Millers Tank Bund Road,Urban Road,URB-01186,1186,12.9888,77.5936,12.9914,77.5974,520.0,474.4,474.92,18.5913,Aligned,0.7317,0.7061,0.2604,0.0206,0.0075,79.7776,79.9469,99.4337,0.0,17.3514,80.1191,81.4478,0.0,60.0,9.7312,No,0.0,0.0105,-0.0392,Poor,High,0.3524,10.0,10.0,24.3726,Safe,64.2737,82.7932,25.7202,Moderate Misalignment,86.5557,41.1268,Separated Traffic,Rural,7.0028,True,Residential,Poor Infrastructure,0.1639,Light,False,64.487,0.0163,0.011,Aligned,80,Millers Tank Bund Ro,1
1187,Mission Road,State Highway,SH-01187,1187,12.9655,77.5868,12.9628,77.5899,2297.4,474.8,477.097,13.2573,Aligned,0.8978,0.8818,0.0581,0.0252,-0.0051,46.8394,47.1737,99.4302,32.9829,24.1346,78.8027,66.6039,0.3125,60.3345,20.443,No,0.0,0.0031,-0.0371,Good,Medium,0.0298,10.0,10.0,19.7689,Safe,76.2693,47.2259,16.8619,Aligned,47.8708,47.3122,Separated Traffic,Rural,7.9332,True,Residential,Poor Infrastructure,-0.0082,,False,38.547,0.0102,-0.0009,Aligned,48,Mission Road,1
1188,Modi Hospital Main Road,Urban Road,URB-01188,1188,12.9994,77.5411,13.0009,77.5358,2728.7,475.2,477.929,27.972,Moderate Misalignment,0.5034,0.4707,0.5003,0.0121,-0.0087,58.2309,60.0358,100.0,10.7375,13.6433,78.3881,89.187,0.1807,59.1172,3.8088,No,0.0,-0.0058,0.0323,Poor,Medium,0.2375,10.0,10.0,18.5004,Safe,73.3242,57.7604,14.7023,Aligned,57.4796,40.2124,Separated Traffic,Rural,4.0496,True,Industrial,Poor Infrastructure,-0.0063,,False,53.8091,0.0069,-0.0011,Moderate Misalignment,59,Modi Hospital Main R,1
1189,Mohan Kumar Road,Urban Road,URB-01189,1189,13.0308,77.5517,13.0348,77.5574,772.1,475.6,476.372,11.6877,Aligned,0.9876,1.0116,0.0562,0.0147,-0.0033,27.9029,26.117,29.5869,23.8644,27.8733,49.6975,88.9343,0.1921,28.9232,17.9207,No,0.0,0.0108,1.0215,Poor,Low,3.0524,10.0,10.0,22.6583,Safe,72.5352,27.4222,19.7484,Aligned,29.0697,61.13,Side Impact Potential,Peri-Urban,2.1525,False,Mixed,Poor Infrastructure,-0.0095,,False,22.0396,-0.0117,-0.0021,Aligned,25,Mohan Kumar Road,1
1190,Mosque Road,Urban Road,URB-01190,1190,12.9959,77.6134,12.9971,77.6144,1253.3,476.0,477.253,32.6144,Moderate Misalignment,0.7976,0.2142,0.8221,0.0115,0.0099,52.1299,53.365,51.0818,33.9125,44.2196,52.383,94.5758,0.4719,38.3622,49.1191,No,0.0,0.0043,1.055,Good,Medium,1.9722,10.0,30.0203,32.8136,Moderate Risk,63.982,48.9953,36.4369,Moderate Misalignment,54.0015,61.9674,Side Impact Potential,Peri-Urban,2.1313,False,Residential,Poor Infrastructure,-0.0039,,False,45.6865,-0.006,0.0101,Moderate Misalignment,51,Mosque Road,1
1191,Mother Dairy Circle Flyover,Urban Road,URB-01191,1191,13.099,77.5749,13.1,77.5789,446.0,476.4,476.846,24.9191,Aligned,0.5348,0.538,0.466,0.0187,-0.0027,80.6579,80.0294,99.7975,0.0,14.3852,80.6887,73.8042,0.0,59.6065,7.2316,No,0.0,0.0119,-0.009,Poor,Medium,0.1316,10.0,10.0,26.3039,Moderate Risk,62.5622,78.0156,31.838,Moderate Misalignment,86.5449,38.9153,Separated Traffic,Rural,5.8072,True,Residential,Poor Infrastructure | Above Human Tolerance Limit,0.006,,False,71.6008,-0.0098,-0.001,Aligned,79,Mother Dairy Circle ,1
1192,Mother Dairy Circle Flyover,Urban Road,URB-01192,1192,13.0999,77.5788,13.0989,77.575,445.1,476.8,477.245,12.0758,Aligned,0.9227,0.9288,0.0675,-0.0081,-0.0032,27.7862,25.2503,25.7392,7.8582,21.0742,50.1115,88.2185,0.0857,28.9209,12.9875,No,0.0,0.0029,-0.0284,Poor,Low,0.915,10.0,10.0,22.1355,Safe,69.2175,25.3549,19.867,Aligned,27.2497,43.0817,Side Impact Potential,Rural,0.9111,False,Residential,Poor Infrastructure,-0.015,,False,23.2204,0.0068,-0.0,Aligned,26,Mother Dairy Circle ,2
1193,Mother Teresa Road,Urban Road,URB-01193,1193,12.9667,77.6087,12.9651,77.6099,1858.3,477.2,479.058,11.284,Aligned,0.9581,0.9557,0.0168,0.0246,-0.0081,34.6467,33.3589,85.8076,57.2861,36.011,48.2097,81.4094,0.0,38.3232,35.7976,No,0.0,0.0059,-0.001,Good,Low,1.5489,10.0,10.2692,20.7348,Safe,80.6019,32.4534,17.0801,Aligned,32.4115,56.0554,Side Impact Potential,Urban,6.0974,True,Commercial,Meets Safe System Standards,-0.0047,,False,29.3451,-0.012,0.0064,Aligned,33,Mother Teresa Road,1
1194,Mount Joy Road,Urban Road,URB-01194,1194,12.9436,77.5679,12.9353,77.5608,1296.6,477.6,478.897,12.7674,Aligned,0.9022,0.8593,0.1018,0.0407,0.0002,47.0041,46.4552,99.0126,34.2906,25.6584,80.5284,67.8307,0.0,60.0,19.0943,No,0.0,0.0043,0.0075,Good,Medium,0.232,10.0,10.0,20.0715,Safe,77.1303,47.1378,17.3707,Aligned,47.0734,48.4379,Separated Traffic,Rural,7.924,True,Residential,Poor Infrastructure,-0.0167,,False,38.4454,-0.005,-0.0091,Aligned,47,Mount Joy Road,1
1195,Muddinapalya Main Road,Urban Road,URB-01195,1195,12.9714,77.4881,12.9661,77.4877,599.4,478.0,478.599,11.5051,Aligned,0.9753,0.9894,0.0281,-0.0038,0.0031,32.6932,32.6358,72.0272,25.2678,34.8237,48.7287,81.3272,0.0,39.2998,32.2336,No,0.0,0.0045,1.0174,Good,Low,1.6181,10.0,10.0,25.2709,Safe,71.7163,30.8402,22.2126,Aligned,35.2088,58.2786,Side Impact Potential,Urban,3.033,False,Residential,Poor Infrastructure,-0.016,,False,29.0165,-0.0051,0.0031,Aligned,33,Muddinapalya Main Ro,1