segment_id,road_name,road_type,human_segment_id,internal_id,start_lat,start_lon,end_lat,end_lon,length_m,start_km,end_km,road_risk_score,ai_risk_label,ai_risk_probability,prob_low_risk,prob_medium_risk,prob_high_risk,prob_critical_risk,ai_recommended_speed,recommended_safe_speed,road_function_score,infrastructure_score,exposure_score,human_tolerance_limit,operating_speed_score,crash_risk_score,posted_speed_limit,pedestrian_exposure_score,blackspot_flag,crash_count,fatal_crashes,schools_count,lighting_quality,roadside_hazards,intersection_density,speed_compliance_rate,speed_violation_score,hotspot_score,hotspot_category,speed_safety_score,original_safe_speed,misalignment_score,misalignment_category,speed_p85,ptw_share_pct,exposure_tier,urban_rural_flag,lane_count,median_presence,land_use_type,top_ai_factors,congestion_index,congestion_category,congestion_smoothed,operating_speed_mean,minor_crashes,major_crashes,risk_category,final_safe_speed,corridor_base,corridor_seq
1196,Munekolala Main Road,Urban Road,URB-01196,1196,12.9568,77.7049,12.9486,77.708,1007.9,478.4,479.408,10.5149,Aligned,0.9736,0.9875,0.0267,-0.0077,-0.0104,36.612,33.1969,53.7991,16.6528,24.1562,50.689,75.4406,0.352,38.3,26.9422,No,0.0,-0.0019,1.1061,Poor,Medium,1.8117,10.0,10.0,22.4999,Safe,71.483,32.7443,19.9827,Aligned,33.1331,34.5416,Side Impact Potential,Rural,4.0921,False,Residential,Poor Infrastructure,0.2028,Light,False,25.9072,-0.0141,0.0042,Aligned,34,Munekolala Main Road,1
1197,Munekolala Underpass,Urban Road,URB-01197,1197,12.9569,77.7029,12.9567,77.7034,302.5,478.8,479.103,9.2886,Aligned,0.9515,0.9703,0.0342,0.0001,-0.0029,25.945,23.5847,51.9726,23.1391,27.4395,50.6401,85.7067,0.175,29.2424,14.7866,No,0.0,0.0045,0.0536,Good,Low,2.1913,10.0,10.0683,22.2598,Safe,73.6462,24.0919,20.7632,Aligned,24.1057,64.2271,Side Impact Potential,Urban,3.1679,False,Commercial,Poor Infrastructure,0.0134,,False,20.2062,-0.0083,0.0081,Aligned,27,Munekolala Underpass,1
1198,Murphy Road,Urban Road,URB-01198,1198,12.9818,77.6285,12.9818,77.6285,1914.7,479.2,481.115,10.9004,Aligned,0.9707,0.9256,0.0377,-0.0146,-0.0049,31.2275,35.2915,72.4524,0.5289,23.0874,49.5662,70.3613,0.0,50.2789,14.0615,No,0.0,0.0029,0.048,Poor,Medium,1.6637,10.0,10.0,24.44,Safe,67.0275,31.1643,22.1268,Aligned,32.6174,56.7857,Side Impact Potential,Peri-Urban,4.0398,False,Residential,Poor Infrastructure,-0.0263,,False,31.4696,-0.0059,0.0076,Aligned,30,Murphy Road,1
1199,Museum Cross Road,Urban Road,URB-01199,1199,12.9729,77.6033,12.9764,77.6025,403.4,479.6,480.003,12.0424,Aligned,0.9629,0.9745,0.0632,0.001,0.0186,29.7292,27.2596,58.1173,1.9245,18.0829,51.0538,90.7791,0.2021,28.1257,0.798,No,0.0,0.0062,0.037,Poor,Low,2.0943,10.0,10.0,22.2316,Safe,68.2955,27.831,17.4559,Aligned,28.16,57.0525,Side Impact Potential,Peri-Urban,3.9178,False,Mixed,Poor Infrastructure,-0.0127,,False,23.1873,0.0023,0.0052,Aligned,27,Museum Cross Road,1
1200,Museum Road,Urban Road,URB-01200,1200,12.9684,77.606,12.9729,77.6033,592.3,480.0,480.592,8.6597,Aligned,0.9615,0.9906,0.0623,-0.0078,-0.012,54.1316,53.8055,86.1335,23.0008,27.1281,69.0053,78.8422,0.0,60.0,21.6015,No,0.0,-0.0078,-0.007,Poor,High,1.5174,10.0,10.3926,23.0958,Safe,72.5897,56.374,20.4293,Aligned,52.6254,50.5618,Separated Traffic,Peri-Urban,4.9802,True,Industrial,Poor Infrastructure,-0.0004,,False,43.6538,0.01,0.003,Aligned,55,Museum Road,1
1201,Musical Fountain Road,State Highway,SH-01201,1201,12.986,77.5896,12.9831,77.5923,438.9,480.4,480.839,10.0362,Aligned,1.006,1.0475,-0.0568,-0.0081,-0.0015,21.3515,20.2139,28.2056,9.6083,17.1883,51.0554,76.9957,0.1304,40.0,5.8974,No,0.0,-0.0002,-0.0316,Poor,High,3.065,10.0,10.1827,20.6118,Safe,70.94,20.3482,17.6819,Aligned,19.2362,49.4454,Side Impact Potential,Peri-Urban,0.776,False,Residential,Poor Infrastructure,0.2091,Light,False,11.4792,-0.0067,-0.0024,Aligned,22,Musical Fountain Roa,1
1202,Muthyalamma Nagar 1st Main Road,Urban Road,URB-01202,1202,13.0437,77.5534,13.038,77.5534,745.9,480.8,481.546,11.7579,Aligned,0.9196,0.9052,0.056,0.0086,-0.0075,48.4619,51.8973,68.9811,33.925,29.6225,51.1051,91.3808,0.0532,48.4572,25.4278,No,0.0,0.0047,0.0439,Good,Low,2.6918,10.0,10.1002,22.1194,Safe,74.2228,50.3801,19.8389,Aligned,52.7014,61.8242,Side Impact Potential,Urban,2.1691,False,Commercial,Meets Safe System Standards,0.0042,,False,45.2081,0.0069,-0.0188,Aligned,50,Muthyalamma Nagar 1s,1
1203,Mysore Road,National Highway,NH-01203,1203,12.9011,77.4673,12.9066,77.4732,25869.1,481.2,507.069,16.5935,Aligned,0.7242,0.752,0.2222,-0.003,-0.0136,59.8769,56.2207,100.0,1.7137,14.3661,78.8609,78.7251,0.1167,60.0,2.1124,No,0.0,0.0029,-0.0073,Poor,High,0.4,10.0,10.0,20.9037,Safe,68.4297,59.4254,17.6257,Aligned,61.146,50.3392,Separated Traffic,Peri-Urban,4.8428,True,Mixed,Poor Infrastructure,0.1885,Light,False,43.0749,0.0104,0.01,Aligned,59,Mysore Road,1
1204,Mysore Road,Urban Road,URB-01204,1204,12.9617,77.562,12.9611,77.5592,2247.8,481.6,483.848,20.3401,Aligned,0.7923,0.7738,0.2248,0.0293,0.003,79.4424,81.809,99.3547,1.2369,14.8356,79.6122,80.0161,0.03,60.0,7.8839,No,0.0,-0.0113,0.0588,Poor,High,0.1312,10.0,10.2272,22.8562,Safe,64.593,80.823,24.4286,Aligned,83.1517,34.4864,Separated Traffic,Rural,6.8402,True,Mixed,Approach to Congestion (Tapered) | Poor Infrastructure,0.1636,Light,True,68.1271,0.0031,-0.0047,Aligned,80,Mysore Road,2
1205,N Damodaran Road,Urban Road,URB-01205,1205,13.06,77.5903,13.0594,77.5902,75.2,482.0,482.075,49.286,Moderate Misalignment,0.6424,0.026,0.6179,0.2671,-0.002,79.6639,80.2854,99.3451,2.0334,17.7445,78.6701,97.1096,0.3219,60.0,12.7197,No,0.0,0.0031,0.0124,Poor,Medium,0.1243,10.0,19.4354,34.7688,Moderate Risk,50.0774,79.9587,50.4205,High Misalignment,107.8505,39.0699,Separated Traffic,Rural,7.2023,True,Industrial,Speed Limit Misaligned | Poor Infrastructure | Above Human Tolerance Limit,-0.0137,,False,87.7089,-0.0048,0.0087,Moderate Misalignment,80,N Damodaran Road,1
1206,NGEF Layout Road,Urban Road,URB-01206,1206,12.9611,77.4883,12.9576,77.5032,1947.0,482.4,484.347,15.2826,Aligned,0.8369,0.8154,0.1593,-0.0099,0.0057,35.1144,37.0463,83.1002,19.4272,24.8112,47.5138,88.5688,0.0749,41.2668,10.191,No,0.0,-0.0094,0.0582,Good,Low,1.6658,10.0,10.0,20.9068,Safe,72.9656,36.527,19.2834,Aligned,36.2644,62.8256,Side Impact Potential,Urban,4.2544,True,Residential,Poor Infrastructure,0.0172,,False,32.4366,0.0011,-0.0014,Aligned,36,NGEF Layout Road,1
1207,NICE Expressway,National Highway,NH-01207,1207,12.8727,77.4898,12.9503,77.5376,10875.8,482.8,493.676,10.755,Aligned,0.9631,0.988,0.0189,-0.0079,0.001,49.9945,47.9357,80.4997,19.6545,31.2664,50.0828,86.7046,0.0865,60.0,19.2563,No,0.0,-0.0065,-0.019,Poor,Low,2.0615,10.0,10.4008,25.8645,Moderate Risk,69.4917,49.6131,24.1485,Aligned,52.0002,65.8857,Side Impact Potential,Urban,6.2526,False,Mixed,Poor Infrastructure,0.1689,Light,False,42.7332,0.0121,0.0061,Aligned,51,NICE Expressway,1
1208,NICE Expressway,National Highway,NH-01208,1208,12.9507,77.538,12.8725,77.4899,10915.3,483.2,494.115,11.091,Aligned,0.9662,1.0208,-0.0064,0.0018,-0.0069,20.0404,21.6128,55.2308,39.9886,34.4847,52.4371,79.0451,0.1884,60.0,27.6722,No,0.0,-0.0025,-0.0012,Good,High,2.7684,10.0,10.0146,22.2496,Safe,76.4681,24.1836,19.0726,Aligned,21.1678,57.5722,Side Impact Potential,Urban,4.0955,False,Mixed,Meets Safe System Standards,0.201,Light,False,15.2487,-0.0077,0.0049,Aligned,19,NICE Expressway,2
1209,NICE Road,National Highway,NH-01209,1209,12.9063,77.4691,12.877,77.4959,4442.4,483.6,488.042,11.7503,Aligned,0.8599,0.8792,0.1414,0.0168,-0.0024,16.3034,20.267,31.1574,2.5513,13.8227,51.3969,91.0905,0.3462,60.0,8.9417,No,0.0,-0.0057,-0.0325,Good,Medium,1.8495,10.0,10.0,20.9819,Safe,68.956,16.2482,18.0508,Aligned,12.2708,33.3325,Side Impact Potential,Rural,2.0999,False,Residential,Poor Infrastructure,-0.0178,,False,11.7223,0.0249,0.0057,Aligned,15,NICE Road,1
1210,NICE Road,National Highway,NH-01210,1210,12.9909,77.4725,12.993,77.4729,235.7,484.0,484.236,14.2376,Aligned,0.9016,0.897,0.0602,-0.0081,0.0098,45.2255,45.5855,99.0404,33.4696,22.7807,80.5046,68.755,0.3441,60.0,18.4476,No,0.0,0.0074,-0.0064,Good,Medium,0.2358,10.0,10.3108,19.5592,Safe,76.8894,48.2426,16.2726,Aligned,45.6714,47.5435,Separated Traffic,Rural,7.9193,True,Residential,Poor Infrastructure,0.0039,,False,37.1792,-0.0249,-0.0039,Aligned,46,NICE Road,2
1211,NICE Road,National Highway,NH-01211,1211,12.8592,77.5242,12.8504,77.5846,6760.4,484.4,491.16,38.2144,Moderate Misalignment,0.9021,0.1143,0.8968,0.0183,0.0005,50.8361,49.2286,85.096,31.3615,30.6399,49.9706,97.8624,0.0,60.0,26.0351,No,0.0,0.0036,0.021,Poor,Low,2.0305,10.0,19.822,26.7984,Moderate Risk,67.8136,51.9363,29.0115,Moderate Misalignment,58.0407,65.0705,Side Impact Potential,Urban,5.9964,True,Residential,Poor Infrastructure,0.0111,,False,49.8805,0.0048,0.0038,Moderate Misalignment,49,NICE Road,3
1212,NICE Road,National Highway,NH-01212,1212,12.876,77.4961,12.9052,77.4694,4435.2,484.8,489.235,35.9559,Moderate Misalignment,0.8275,0.1809,0.7959,-0.0222,-0.0045,77.7658,77.2646,100.0,0.1114,13.0289,80.3614,74.335,0.0,60.0,2.7889,No,0.0,0.0073,-0.1028,Poor,Low,0.2344,10.0,10.0,25.0251,Moderate Risk,62.1413,77.4145,30.8417,Moderate Misalignment,76.2691,36.5066,Separated Traffic,Rural,6.7485,True,Residential,Poor Infrastructure | Above Human Tolerance Limit,-0.0146,,False,71.7195,0.0138,-0.008,Moderate Misalignment,78,NICE Road,4
1213,NICE Road,National Highway,NH-01213,1213,12.8515,77.5924,12.8595,77.523,7796.6,485.2,492.997,23.4805,Aligned,0.6042,0.5661,0.3522,0.0522,-0.007,68.1532,67.0516,98.9197,24.2875,27.0644,79.6578,42.6387,0.0539,80.4311,23.5137,No,0.0,0.009,0.9477,Good,Low,0.3736,10.0,10.0,27.0476,Moderate Risk,65.731,65.9571,31.9062,Moderate Misalignment,69.0714,54.3827,Separated Traffic,Peri-Urban,4.8034,True,Residential,Poor Infrastructure | Above Human Tolerance Limit,0.1493,Light,False,53.8899,0.0073,-0.005,Aligned,66,NICE Road,5
1214,NICE Road,National Highway,NH-01214,1214,12.9928,77.473,12.9914,77.4727,161.0,485.6,485.761,39.7839,Moderate Misalignment,0.8929,0.0413,0.8997,0.0644,-0.0032,28.4351,29.0295,76.2483,38.2905,41.2179,29.9637,70.4545,5.0659,60.0,45.0745,No,0.0,-0.0032,0.9873,Good,High,1.572,10.0,10.0,36.9924,Moderate Risk,58.759,31.6142,48.8032,Moderate Misalignment,39.096,56.1868,Significant Pedestrian Interaction,Urban,2.0326,True,Residential,High Pedestrian Interaction | Above Human Tolerance Limit,0.1719,Light,False,30.5066,0.9922,0.0041,Moderate Misalignment,31,NICE Road,6
1215,NICE Road,National Highway,NH-01215,1215,12.9891,77.4717,12.9919,77.4727,338.6,486.0,486.339,10.8663,Aligned,0.9318,0.9539,0.0208,0.0131,0.0028,28.8167,29.7517,55.1687,45.8401,44.2495,50.0083,85.7252,0.501,60.0,47.8667,No,0.0,-0.0013,1.117,Good,High,3.1053,10.0,10.2462,25.7649,Moderate Risk,76.3447,27.6178,22.44,Aligned,31.9837,66.9012,Side Impact Potential,Urban,4.1669,False,Commercial,Meets Safe System Standards,0.1871,Light,False,24.5346,0.0026,-0.0054,Aligned,31,NICE Road,7
1216,NITTE Meenakshi College Road,Urban Road,URB-01216,1216,13.1296,77.5954,13.1296,77.5954,3120.1,486.4,489.52,11.9082,Aligned,0.9587,0.924,0.0772,0.0019,-0.014,39.6116,40.5418,69.3601,23.7963,20.7801,48.7067,75.2857,0.0,58.8631,10.5655,No,0.0,0.0025,-0.0414,Good,High,1.3239,10.0,10.0133,20.6371,Safe,74.3964,38.9088,16.1194,Aligned,37.9908,51.2291,Side Impact Potential,Peri-Urban,2.0203,False,Commercial,Poor Infrastructure,-0.0145,,False,33.4077,0.0206,0.0056,Aligned,39,NITTE Meenakshi Coll,1
1217,NITTE Meenakshi College Road,Urban Road,URB-01217,1217,13.1307,77.5902,13.1293,77.5909,178.0,486.8,486.978,37.8537,Moderate Misalignment,0.9644,0.0088,0.9455,0.0042,-0.0066,45.3426,47.1088,79.7907,58.9829,41.8793,49.3741,100.0,0.186,40.5258,46.6141,No,0.0,0.0013,1.0248,Good,Low,1.9714,10.0,12.082,25.3056,Safe,76.1847,44.9132,23.9293,Moderate Misalignment,47.4114,57.56,Side Impact Potential,Urban,6.0349,False,Commercial,Meets Safe System Standards,0.0168,,False,40.4889,-0.0003,0.0026,Moderate Misalignment,44,NITTE Meenakshi Coll,2
1218,NR Colony Main Road,Urban Road,URB-01218,1218,12.9594,77.6554,12.9631,77.6568,442.3,487.2,487.642,41.9178,Moderate Misalignment,0.9081,0.0085,0.9261,0.038,0.0069,50.6527,49.9659,97.6068,56.8194,47.9424,45.8533,75.8157,0.0,59.3452,54.0902,No,0.0,0.0105,0.9892,Good,Medium,0.4956,10.0,10.0,34.75,Moderate Risk,62.7159,49.6836,47.5302,Moderate Misalignment,70.7265,57.2484,Side Impact Potential,Urban,5.06,True,Commercial,Above Human Tolerance Limit,0.169,Light,False,54.4878,-0.001,-0.0075,Moderate Misalignment,52,NR Colony Main Road,1
1219,NR Road,State Highway,SH-01219,1219,12.9639,77.5852,12.9642,77.5769,967.7,487.6,488.568,12.8567,Aligned,0.9806,1.0059,0.0489,-0.0104,-0.0046,23.9266,28.7379,51.0217,50.1914,32.3545,50.8596,73.3027,0.3825,40.0,26.123,No,0.0,0.0015,0.011,Good,Medium,2.9508,10.0,10.0,20.3561,Safe,79.4298,26.5236,18.2153,Aligned,26.695,63.6207,Side Impact Potential,Urban,3.1144,False,Residential,Meets Safe System Standards,0.1624,Light,False,18.922,0.0033,-0.0138,Aligned,26,NR Road,1
1220,NTTF 1st main road,Urban Road,URB-01220,1220,13.0365,77.5104,13.0245,77.5094,1342.9,488.0,489.343,13.8356,Aligned,0.9205,0.8877,0.0882,0.0112,-0.0061,27.7558,26.6698,27.0124,8.6557,20.9012,50.3111,90.3708,0.0,29.3403,15.2166,No,0.0,-0.0021,0.0191,Poor,Low,1.0068,10.0,10.1308,22.0299,Safe,70.0211,26.145,19.0821,Aligned,24.9682,45.0045,Side Impact Potential,Rural,1.0689,False,Residential,Poor Infrastructure,0.0172,,False,22.9664,-0.0092,-0.0169,Aligned,26,NTTF 1st main road,1
1221,Naga Lingeshwara Temple Road,Urban Road,URB-01221,1221,12.9678,77.7183,12.9674,77.7164,217.8,488.4,488.618,37.8199,Moderate Misalignment,0.9473,0.0637,0.9266,0.0217,-0.0111,48.3624,48.8543,86.7032,36.9282,39.7332,51.634,93.7019,0.0,40.3835,37.7754,No,0.0,0.007,0.9478,Good,Low,2.3998,10.0,20.8996,28.1626,Moderate Risk,69.4459,48.3759,31.2989,Moderate Misalignment,48.1103,68.5014,Side Impact Potential,Urban,5.9657,True,Commercial,Meets Safe System Standards,0.2043,Light,False,35.7573,0.0039,0.0173,Moderate Misalignment,49,Naga Lingeshwara Tem,1
1222,Nagapura Main Road,Urban Road,URB-01222,1222,13.0008,77.541,13.0018,77.5494,923.5,488.8,489.724,65.6449,High Misalignment,0.8362,0.1077,0.0686,0.8217,0.0002,80.7341,78.5129,99.2905,5.5271,21.3865,79.8675,10.0,0.0,60.0,14.1933,No,0.0,0.0045,-0.0478,Poor,Low,0.1473,10.0,26.5621,37.7538,Moderate Risk,46.2567,78.9267,57.7662,High Misalignment,115.4787,45.7201,Separated Traffic,Rural,5.2868,True,Residential,Speed Limit Misaligned | Active Congestion | Poor Infrastructure,0.732,Severe,False,31.6833,-0.0078,-0.0092,High Misalignment,78,Nagapura Main Road,1
1223,Nagarabhavi Circle Flyover,National Highway,NH-01223,1223,12.9588,77.5168,12.972,77.5127,1754.8,489.2,490.955,11.0447,Aligned,0.9523,0.961,0.0338,0.0222,0.0098,29.7262,34.195,89.9858,20.6418,29.6185,51.653,78.6659,0.1402,60.0,19.0466,No,0.0,-0.0131,0.0237,Good,High,1.8291,10.0,10.4925,22.9941,Safe,71.5413,32.0418,21.7578,Aligned,29.6539,64.8784,Side Impact Potential,Urban,5.9793,True,Commercial,Poor Infrastructure,0.0045,,False,24.8911,-0.0054,0.0036,Aligned,31,Nagarabhavi Circle F,1
1224,Nagarabhavi Circle Flyover,National Highway,NH-01224,1224,12.9685,77.5127,12.9593,77.5166,1307.9,489.6,490.908,40.3281,Moderate Misalignment,0.8861,0.0611,0.8882,0.0521,0.0003,45.9993,49.9117,99.9904,55.3935,47.7866,48.6424,66.3329,0.2848,60.0,52.2595,No,0.0,-0.0066,1.014,Poor,High,0.5098,10.0,10.1816,31.1273,Moderate Risk,70.1592,49.1673,34.9633,Moderate Misalignment,47.6408,60.1738,Side Impact Potential,Urban,3.9527,True,Mixed,Above Human Tolerance Limit,0.1408,Light,False,37.6781,-0.0201,-0.0085,Moderate Misalignment,47,Nagarabhavi Circle F,2
1225,Nagarabhavi Road,Urban Road,URB-01225,1225,12.9751,77.5449,12.958,77.5188,4377.0,490.0,494.377,34.3834,Moderate Misalignment,0.806,0.2123,0.78,-0.017,-0.0075,50.9175,48.7308,48.2296,30.4638,44.302,51.7594,96.7523,0.6893,38.8205,49.3373,No,0.0,-0.0043,1.0,Good,Medium,2.0286,10.0,29.7777,33.0798,Moderate Risk,64.1779,48.3565,38.2896,Moderate Misalignment,52.8538,62.1402,Side Impact Potential,Peri-Urban,1.8528,False,Residential,Poor Infrastructure,-0.0185,,False,44.6203,0.0161,0.0026,Moderate Misalignment,51,Nagarabhavi Road,1
1226,Nagarabhavi Underpass,National Highway,NH-01226,1226,12.9518,77.5208,12.9588,77.5168,1005.5,490.4,491.406,12.4055,Aligned,0.9678,0.9427,0.0649,-0.0032,-0.0086,24.2305,24.324,47.8328,11.5752,26.104,50.5332,84.3349,0.218,60.0,11.4492,No,0.0,-0.0107,-0.0054,Good,Medium,1.688,10.0,10.3269,22.4137,Safe,70.8568,23.0034,19.2486,Aligned,25.1896,59.0675,Side Impact Potential,Peri-Urban,2.2445,False,Industrial,Poor Infrastructure,-0.0052,,False,21.7721,0.0047,0.0118,Aligned,24,Nagarabhavi Underpas,1
1227,Nagarabhavi Underpass,National Highway,NH-01227,1227,12.9593,77.5166,12.9519,77.521,1043.9,490.8,491.844,38.8721,Moderate Misalignment,0.8278,0.1591,0.82,0.044,0.0009,73.8656,72.5838,97.0168,1.0401,16.2578,81.105,90.4352,0.0469,60.0,11.065,No,0.0,-0.0045,0.0451,Poor,Low,0.3134,10.0,23.0616,27.667,Moderate Risk,60.0063,74.0392,33.8226,Moderate Misalignment,71.0274,33.6046,Separated Traffic,Rural,8.2058,True,Residential,Poor Infrastructure,-0.0153,,False,65.2792,0.0029,-0.0029,Moderate Misalignment,75,Nagarabhavi Underpas,2
1228,Nagasandra Main Road,Urban Road,URB-01228,1228,13.0385,77.5045,13.0359,77.4937,1694.1,491.2,492.894,8.8984,Aligned,0.9938,0.9829,-0.014,0.0016,-0.0098,25.6172,25.7647,28.9474,14.5047,16.3523,49.7391,83.991,0.1818,30.3353,6.1454,No,0.0,-0.0033,-0.0066,Poor,High,1.6845,10.0,10.5241,18.9419,Safe,73.5067,25.9101,16.4552,Aligned,24.7782,40.3815,Side Impact Potential,Rural,1.0929,False,Residential,Poor Infrastructure,0.1865,Light,False,17.894,-0.0086,0.0108,Aligned,26,Nagasandra Main Road,1
1229,Nagasandra Main Road,Urban Road,URB-01229,1229,12.9327,77.5714,12.9391,77.5715,726.6,491.6,492.327,39.1761,Moderate Misalignment,0.9583,0.0086,1.0363,0.0249,0.0074,81.3794,79.5504,100.0,24.2933,26.128,79.8521,95.1576,0.0,60.0,13.1248,No,0.0,0.0011,-0.0595,Good,High,0.294,10.0,16.1371,27.4936,Moderate Risk,65.5844,80.6271,32.6,Moderate Misalignment,92.7837,60.2002,Separated Traffic,Peri-Urban,5.9881,True,Residential,Poor Infrastructure,-0.0069,,False,82.6457,0.0041,-0.0219,Moderate Misalignment,80,Nagasandra Main Road,2
1230,Nagavarapalaya Main Road,Urban Road,URB-01230,1230,12.9855,77.6639,12.9942,77.6635,974.0,492.0,492.974,11.9287,Aligned,0.9227,0.9304,0.0882,-0.0142,0.0102,47.7296,50.5131,68.85,35.1824,29.4797,50.3857,92.1625,0.0266,53.1624,23.5815,No,0.0,-0.009,0.0695,Good,Low,2.7298,10.0,10.3522,22.3104,Safe,74.7637,50.9702,19.2797,Aligned,52.0554,60.2228,Side Impact Potential,Urban,2.1327,False,Commercial,Meets Safe System Standards,-0.0107,,False,46.0215,0.0117,0.0215,Aligned,47,Nagavarapalaya Main ,1
1231,Nagawara Flyover,National Highway,NH-01231,1231,13.0379,77.6259,13.0409,77.6187,946.0,492.4,493.346,38.1441,Moderate Misalignment,0.8872,0.0737,0.9316,0.0212,-0.0135,31.4148,30.5787,73.4091,69.4711,40.5946,29.8273,80.0088,0.1455,60.0,40.7685,No,0.0,-0.0085,-0.0381,Good,Low,1.4256,10.0,10.3613,30.2231,Moderate Risk,66.9171,28.5849,43.6606,Moderate Misalignment,41.875,63.443,Significant Pedestrian Interaction,Urban,2.9362,False,Mixed,High Pedestrian Interaction | Above Human Tolerance Limit,0.147,Light,False,36.0766,-0.0005,0.008,Moderate Misalignment,31,Nagawara Flyover,1
1232,Nagawara Flyover,National Highway,NH-01232,1232,13.0412,77.6223,13.0382,77.6259,552.7,492.8,493.353,10.9298,Aligned,0.9673,0.999,-0.0082,0.0084,-0.0148,35.0397,34.8857,61.4571,52.466,43.6176,49.504,88.2021,0.096,60.0,53.2933,No,0.0,0.0028,1.0152,Poor,Medium,1.6509,10.0,10.0,24.4573,Safe,77.9849,33.9924,23.1976,Aligned,33.1313,54.3675,Side Impact Potential,Peri-Urban,3.0006,True,Residential,Meets Safe System Standards,0.0044,,False,26.353,0.0035,-0.0064,Aligned,37,Nagawara Flyover,2
1233,Nagawara Main Road,Urban Road,URB-01233,1233,13.0266,77.6202,13.032,77.6218,2325.4,493.2,495.525,10.9975,Aligned,0.9536,0.9541,0.0266,0.0111,0.0001,33.3491,30.7959,50.8663,30.0513,23.401,48.4019,92.5053,0.0274,39.9314,24.0493,No,0.0,0.0021,1.0766,Poor,Low,1.1932,10.0,10.0,21.0104,Safe,73.7127,32.3054,21.1126,Aligned,31.0042,36.7397,Side Impact Potential,Rural,2.1881,False,Residential,Poor Infrastructure,0.1468,Light,False,26.0672,-0.0055,0.0066,Aligned,34,Nagawara Main Road,1
1234,Nageshwara Nagenahalli Main Road,Urban Road,URB-01234,1234,13.0703,77.6427,13.0664,77.6408,492.7,493.6,494.093,17.545,Aligned,0.7569,0.7193,0.2704,0.0293,-0.0043,81.7724,79.4634,98.5106,0.0,18.3285,81.1104,78.8406,0.0,59.4643,8.6462,No,0.0,0.0076,0.0072,Poor,High,0.2701,10.0,10.1575,24.5989,Safe,65.3376,81.9776,24.5696,Moderate Misalignment,85.6819,42.0771,Separated Traffic,Rural,6.8263,True,Residential,Poor Infrastructure,0.1652,Light,False,66.926,0.0114,0.0147,Aligned,80,Nageshwara Nagenahal,1
1235,Nala Road,Urban Road,URB-01235,1235,12.9829,77.6129,12.9846,77.6121,229.0,494.0,494.229,17.8337,Aligned,0.791,0.7866,0.2098,-0.0106,-0.0009,43.2668,41.9068,51.0489,25.4492,31.086,47.7757,90.5406,0.0371,41.6273,19.8138,No,0.0,-0.0004,-0.033,Good,Low,2.2687,10.0,11.3484,24.5996,Safe,70.2,43.1609,23.1746,Aligned,45.2977,64.2051,Side Impact Potential,Urban,2.9499,False,Residential,Poor Infrastructure,0.0078,,False,34.9959,-0.0039,-0.0057,Aligned,43,Nala Road,1
1236,Nallurahalli Road,Urban Road,URB-01236,1236,12.9783,77.7339,12.9694,77.7356,1115.3,494.4,495.515,11.2811,Aligned,0.968,0.9688,0.0396,0.0045,0.001,18.8547,19.2926,29.3403,0.9954,14.2499,50.5412,79.7893,0.5597,21.2707,7.0262,No,0.0,-0.0032,-0.0204,Poor,Low,1.3824,10.0,10.2409,20.2493,Safe,70.2128,19.6438,18.1196,Aligned,19.2007,36.3451,Side Impact Potential,Rural,2.0792,False,Residential,Active Congestion | Poor Infrastructure,0.6181,Severe,False,10.0,0.001,-0.0039,Aligned,19,Nallurahalli Road,1
1237,Namjoshi Road,Urban Road,URB-01237,1237,12.9545,77.6799,12.9717,77.6817,2036.6,494.8,496.837,11.4541,Aligned,0.9888,1.0004,0.0141,-0.0031,-0.0006,26.3038,23.447,65.7955,26.2105,24.2046,49.6407,85.4864,0.0,29.9254,14.2377,No,0.0,0.0031,-0.0072,Good,High,3.2299,10.0,10.0,20.5014,Safe,75.2581,26.2008,16.8019,Aligned,25.1554,56.3665,Side Impact Potential,Urban,3.9286,True,Mixed,Poor Infrastructure,0.1273,Light,False,21.3083,-0.0008,0.0018,Aligned,26,Namjoshi Road,1
1238,Nandhini Layout Main Road,Urban Road,URB-01238,1238,13.0124,77.5374,13.019,77.5397,792.2,495.2,495.992,9.4226,Aligned,0.9826,0.9357,0.0212,-0.0154,-0.001,34.0119,39.2827,63.8789,25.978,28.4478,48.0802,68.0456,0.2172,47.8213,14.0172,No,0.0,0.0043,0.0168,Poor,High,2.9236,10.0,10.0,22.4965,Safe,74.276,33.8043,20.5143,Aligned,32.8015,67.4789,Side Impact Potential,Urban,2.8351,True,Mixed,Poor Infrastructure,0.0097,,False,28.0024,0.0062,-0.0059,Aligned,34,Nandhini Layout Main,1
1239,Nandi Durga Road,Urban Road,URB-01239,1239,13.0033,77.5964,13.0033,77.5964,1954.9,495.6,497.555,11.9344,Aligned,0.9716,0.9682,-0.04,0.0068,-0.0074,34.0708,32.6152,79.6183,54.4549,35.5221,49.7063,67.7516,0.0304,48.4074,35.3183,No,0.0,-0.004,0.0274,Poor,Low,1.8588,10.0,10.0,20.7537,Safe,80.0727,37.7766,18.2267,Aligned,34.4061,57.6108,Side Impact Potential,Urban,5.7934,False,Residential,Meets Safe System Standards,-0.0204,,False,28.9965,-0.01,-0.0021,Aligned,34,Nandi Durga Road,1