segment_id,road_name,road_type,human_segment_id,internal_id,start_lat,start_lon,end_lat,end_lon,length_m,start_km,end_km,road_risk_score,ai_risk_label,ai_risk_probability,prob_low_risk,prob_medium_risk,prob_high_risk,prob_critical_risk,ai_recommended_speed,recommended_safe_speed,road_function_score,infrastructure_score,exposure_score,human_tolerance_limit,operating_speed_score,crash_risk_score,posted_speed_limit,pedestrian_exposure_score,blackspot_flag,crash_count,fatal_crashes,schools_count,lighting_quality,roadside_hazards,intersection_density,speed_compliance_rate,speed_violation_score,hotspot_score,hotspot_category,speed_safety_score,original_safe_speed,misalignment_score,misalignment_category,speed_p85,ptw_share_pct,exposure_tier,urban_rural_flag,lane_count,median_presence,land_use_type,top_ai_factors,congestion_index,congestion_category,congestion_smoothed,operating_speed_mean,minor_crashes,major_crashes,risk_category,final_safe_speed,corridor_base,corridor_seq
1240,Nanjappa - Thindlu Road,Urban Road,URB-01240,1240,13.069,77.5612,13.0734,77.5667,864.3,496.0,496.864,11.2227,Aligned,0.985,0.938,0.0137,0.0074,0.0128,27.3181,28.7257,58.6029,2.6931,21.093,49.1022,70.5499,0.0,40.0802,7.4088,No,0.0,0.0022,-0.0319,Poor,Low,3.3522,10.0,10.0538,21.1958,Safe,69.5009,28.349,19.8039,Aligned,28.2376,58.4813,Side Impact Potential,Urban,3.9594,False,Mixed,Poor Infrastructure,0.2048,Light,False,19.1943,-0.0168,-0.015,Aligned,26,Nanjappa - Thindlu R,1
1241,Narayan Pillai Street,Urban Road,URB-01241,1241,12.9921,77.6105,12.9859,77.6092,702.6,496.4,497.103,100.0,Critical Misalignment,0.9565,-0.0493,0.0085,0.0117,0.9732,49.8799,50.942,95.9116,13.0547,30.8776,50.5147,90.2795,0.2319,60.0,26.8637,No,0.0,0.0087,0.9896,Poor,Medium,0.6567,10.0,27.4518,50.344,Moderate Risk,33.9479,48.5742,84.344,Critical Misalignment,102.228,55.8243,Side Impact Potential,Peri-Urban,6.7298,False,Industrial,Speed Limit Misaligned | Poor Infrastructure | Above Human Tolerance Limit,-0.0014,,False,86.5879,-0.0202,-0.0013,Critical Misalignment,50,Narayan Pillai Stree,1
1242,Nawab Hyder Ali Khan Road,State Highway,SH-01242,1242,12.9589,77.5777,12.9571,77.5775,394.4,496.8,497.194,35.1545,Moderate Misalignment,0.8454,0.1406,0.8379,0.0068,0.0006,49.9551,51.9946,65.4247,34.9309,45.6517,51.0819,97.3608,0.0081,40.0,48.0211,No,0.0,0.0043,1.0507,Good,Medium,1.4407,10.0,32.1806,32.9558,Moderate Risk,63.7,51.8421,40.0741,Moderate Misalignment,53.1342,64.4682,Side Impact Potential,Urban,1.6474,False,Mixed,Poor Infrastructure,-0.0064,,False,44.1853,-0.0028,0.0016,Moderate Misalignment,51,Nawab Hyder Ali Khan,1
1243,Nayandahalli Underpass,National Highway,NH-01243,1243,12.9459,77.5267,12.9457,77.527,650.7,497.2,497.851,10.0538,Aligned,0.9947,0.9365,0.0225,0.0123,0.0031,22.3071,21.691,30.4116,6.375,22.0181,48.695,82.1242,0.0169,60.0,9.9147,No,0.0,-0.0055,0.0354,Good,Medium,2.2555,10.0,10.0084,22.9425,Safe,68.9983,22.2441,18.0364,Aligned,25.0772,55.6388,Side Impact Potential,Peri-Urban,2.1676,False,Industrial,Poor Infrastructure,0.1916,Light,False,19.1096,0.0,0.002,Aligned,22,Nayandahalli Underpa,1
1244,Nayandahalli Underpass,National Highway,NH-01244,1244,12.9476,77.5243,12.946,77.5267,328.5,497.6,497.929,68.5316,High Misalignment,0.8867,0.0914,0.0386,0.8926,-0.0048,78.7786,78.7299,99.0184,1.0636,12.4841,79.7987,26.5817,0.0,60.0,0.0124,No,0.0,0.0048,0.0736,Poor,Low,0.0795,10.0,24.4381,34.4375,Moderate Risk,47.7405,79.1422,54.182,High Misalignment,109.444,39.2829,Separated Traffic,Rural,4.1179,True,Residential,Speed Limit Misaligned | Active Congestion | Poor Infrastructure,0.6424,Severe,False,41.8049,0.0038,0.0229,High Misalignment,79,Nayandahalli Underpa,2
1245,Nayandhalli Flyover,National Highway,NH-01245,1245,12.9439,77.5301,12.9459,77.5267,447.6,498.0,498.448,39.3297,Moderate Misalignment,0.9725,0.0391,0.9225,0.0185,-0.0083,79.6062,79.1921,98.1644,39.3674,26.469,79.0377,10.0,0.1125,60.0,22.7438,No,0.0,-0.002,-0.0295,Poor,Medium,0.1694,10.0,10.0,31.1509,Moderate Risk,61.2338,79.0247,43.4583,Moderate Misalignment,96.4036,50.3458,Separated Traffic,Peri-Urban,8.031,True,Commercial,Active Congestion | Above Human Tolerance Limit,0.7871,Severe,False,20.7496,0.0003,0.007,Moderate Misalignment,77,Nayandhalli Flyover,1
1246,Nayandhalli Flyover,National Highway,NH-01246,1246,12.946,77.5267,12.944,77.5302,449.9,498.4,498.85,16.3351,Aligned,0.8536,0.8691,0.1168,-0.0065,-0.0014,34.3101,30.0372,28.8749,12.9627,22.3699,50.2689,98.2539,0.2084,60.0,13.5716,No,0.0,0.0074,0.0168,Good,Medium,2.813,10.0,10.0033,22.2327,Safe,69.6825,33.7601,22.0485,Aligned,31.9907,49.553,Side Impact Potential,Peri-Urban,1.9522,False,Residential,Poor Infrastructure,-0.0044,,False,29.7889,-0.0116,-0.008,Aligned,33,Nayandhalli Flyover,2
1247,Neelasandra Bazaar Street,Urban Road,URB-01247,1247,12.956,77.6118,12.9525,77.6202,1003.5,498.8,499.803,8.8817,Aligned,0.991,0.9831,-0.0497,-0.0019,0.0067,38.4444,39.5787,55.8086,5.4742,16.5614,50.3818,82.1274,0.4312,39.5214,11.1745,No,0.0,0.0029,-0.037,Poor,Low,1.4107,10.0,10.1415,21.1041,Safe,70.4824,40.0405,18.9986,Aligned,36.6349,38.5746,Side Impact Potential,Rural,3.5838,False,Residential,Poor Infrastructure,0.2269,Light,False,26.9651,0.002,-0.0082,Aligned,37,Neelasandra Bazaar S,1
1248,Nehru Road,Urban Road,URB-01248,1248,13.0139,77.6425,13.0161,77.6292,1487.9,499.2,500.688,41.2502,Moderate Misalignment,0.8369,0.0422,0.8188,0.0878,-0.0035,29.2287,30.742,78.8766,33.0589,42.7985,29.9025,82.0176,0.3587,41.142,39.2933,No,0.0,-0.0003,2.0595,Poor,Medium,1.7598,10.0,10.0,32.0412,Moderate Risk,65.3921,29.8726,37.4242,Moderate Misalignment,37.2851,67.9892,Significant Pedestrian Interaction,Urban,6.1708,False,Commercial,High Pedestrian Interaction | Poor Infrastructure | Above Human Tolerance Limit,0.167,Light,False,26.8501,-0.0045,-0.0071,Moderate Misalignment,29,Nehru Road,1
1249,Nehru Road,Urban Road,URB-01249,1249,12.9408,77.5453,12.9363,77.5444,1561.3,499.6,501.161,19.3339,Aligned,0.6796,0.6079,0.3244,0.0163,0.0007,64.7485,66.1866,99.8632,5.8143,14.3696,80.0283,68.9726,0.5585,60.0,8.6866,No,0.0,-0.0058,-0.0466,Poor,Low,0.1753,10.0,10.2527,20.1044,Safe,70.2039,67.0244,17.6395,Aligned,62.5767,34.1447,Separated Traffic,Rural,3.9582,True,Residential,Poor Infrastructure,-0.0077,,False,58.9655,-0.0022,-0.0163,Aligned,65,Nehru Road,2
1250,Nelamangala - Majestic Service Road,Urban Road,URB-01250,1250,13.0199,77.5528,13.0289,77.5398,1796.3,500.0,501.796,11.3718,Aligned,0.9555,0.9326,0.0196,-0.0143,0.0015,34.1529,33.9519,58.6572,20.0994,25.3735,48.8393,81.5623,0.0,39.9406,16.0255,No,0.0,0.0088,-0.0075,Poor,Low,2.9556,10.0,10.0,22.1508,Safe,71.7778,33.3979,19.8469,Aligned,36.9946,56.5349,Side Impact Potential,Urban,2.2609,True,Commercial,Poor Infrastructure,0.0135,,False,28.1979,-0.0047,-0.0127,Aligned,34,Nelamangala - Majest,1
1251,Netaji Road,State Highway,SH-01251,1251,12.9923,77.6,12.9922,77.6042,2187.7,500.4,502.588,41.1566,Moderate Misalignment,0.8881,0.0912,0.8697,0.0558,-0.0087,29.9805,29.3154,76.4535,39.1544,40.6036,30.3432,69.3477,4.8681,49.8694,44.4564,No,0.0,-0.0028,1.002,Good,High,1.5536,10.0,10.1007,36.4426,Moderate Risk,58.647,31.089,48.4125,Moderate Misalignment,39.634,55.3481,Significant Pedestrian Interaction,Urban,2.002,True,Residential,High Pedestrian Interaction | Above Human Tolerance Limit,0.1633,Light,False,29.7568,0.9897,-0.0047,Moderate Misalignment,30,Netaji Road,1
1252,New BEL Road,Urban Road,URB-01252,1252,13.0394,77.5641,13.0439,77.5611,6622.2,500.8,507.422,14.5945,Aligned,0.9079,0.9066,0.0856,-0.0045,0.0008,19.8914,17.2876,39.405,0.9175,12.565,70.2162,93.9172,0.2422,20.0655,0.8171,No,0.0,-0.0016,0.0813,Poor,Medium,0.6829,10.0,10.6781,19.7153,Safe,70.8303,19.9921,16.5365,Aligned,21.1469,37.2156,Separated Traffic,Rural,2.0056,True,Residential,Poor Infrastructure,0.0204,,False,15.7586,0.0072,-0.0087,Aligned,18,New BEL Road,1
1253,New Bamboo Bazaar Road,Urban Road,URB-01253,1253,12.9624,77.5819,12.9629,77.5775,478.3,501.2,501.678,10.1519,Aligned,0.9578,0.9562,0.0294,-0.0097,-0.0112,41.0677,41.5612,89.1039,22.6309,28.3913,49.4329,75.531,0.0706,49.486,19.6065,No,0.0,0.0053,0.0317,Good,Low,2.2458,10.0,10.1428,23.1954,Safe,72.1932,40.283,19.5486,Aligned,41.0505,62.0564,Side Impact Potential,Urban,5.905,True,Residential,Poor Infrastructure,0.1825,Light,False,33.1259,0.0139,-0.011,Aligned,40,New Bamboo Bazaar Ro,1
1254,New Bamboo Bazaar Road,Urban Road,URB-01254,1254,12.9936,77.6072,12.9914,77.6049,372.6,501.6,501.973,12.2096,Aligned,0.9643,0.9513,0.0396,0.0062,-0.0002,37.8428,38.2014,70.8275,28.0589,26.3259,51.0107,84.9074,0.0,39.792,13.2221,No,0.0,0.0036,0.0401,Good,Low,2.051,10.0,10.0,22.0578,Safe,74.4865,37.8959,18.673,Aligned,37.5501,63.8307,Side Impact Potential,Urban,2.0496,False,Industrial,Poor Infrastructure,0.175,Light,False,30.3552,-0.0148,0.0029,Aligned,39,New Bamboo Bazaar Ro,2
1255,New Mission Road,Urban Road,URB-01255,1255,12.961,77.5883,12.9615,77.5841,468.7,502.0,502.469,10.6842,Aligned,0.9935,0.9659,0.0115,0.0209,0.005,23.7991,22.3721,27.6751,16.2778,25.2762,50.6268,79.9791,0.3196,20.647,13.5755,No,0.0,0.0081,0.003,Poor,High,2.1527,10.0,20.7281,24.4929,Safe,69.8332,26.1406,23.3294,Aligned,22.4764,58.67,Side Impact Potential,Peri-Urban,1.1835,False,Mixed,Active Congestion | Poor Infrastructure,0.8099,Severe,False,10.0,-0.0041,-0.0067,Aligned,23,New Mission Road,1
1256,New Temple Road,Urban Road,URB-01256,1256,12.9635,77.7331,12.9697,77.7321,947.3,502.4,503.347,25.3976,Moderate Misalignment,0.5018,0.4629,0.5421,0.0131,0.0014,38.4101,38.438,55.7826,19.2625,20.3948,48.5617,91.802,0.0,31.4082,18.5204,No,0.0,-0.0084,-0.0537,Good,High,1.1359,10.0,28.5258,23.8922,Safe,68.185,37.9904,25.0446,Moderate Misalignment,38.9823,40.3449,Side Impact Potential,Rural,4.1558,False,Industrial,Poor Infrastructure,0.0091,,False,33.2822,0.0011,-0.0037,Moderate Misalignment,39,New Temple Road,1
1257,Nijaguna Road,Urban Road,URB-01257,1257,12.9453,77.5643,12.945,77.5678,393.1,502.8,503.193,17.6454,Aligned,0.7834,0.8184,0.1436,0.0157,0.0076,81.9687,80.4564,100.0,0.0,14.8045,78.5099,78.9877,0.4326,59.8351,7.5734,No,0.0,0.0017,0.0161,Poor,High,-0.0225,10.0,10.3171,23.2716,Safe,65.0863,83.8977,25.6516,Aligned,88.6711,37.2005,Separated Traffic,Rural,7.1066,True,Mixed,Approach to Congestion (Tapered) | Poor Infrastructure,0.1765,Light,True,66.8909,-0.0151,-0.009,Aligned,81,Nijaguna Road,1
1258,Nikoo Homes Road,Urban Road,URB-01258,1258,13.0819,77.6418,13.0819,77.6419,748.1,503.2,503.948,10.704,Aligned,0.9877,1.0284,-0.0005,-0.0031,-0.0003,27.0857,27.5992,48.7468,0.0,18.2112,50.9222,88.5921,0.1021,60.0,9.5234,No,0.0,-0.0068,0.0097,Poor,Medium,1.5224,10.0,10.0,20.7771,Safe,68.1687,26.5527,18.2679,Aligned,24.2449,43.1118,Side Impact Potential,Rural,2.104,False,Residential,Poor Infrastructure,0.0325,,False,21.4263,0.0013,-0.0077,Aligned,26,Nikoo Homes Road,1
1259,North Anjaneya Temple Street,Urban Road,URB-01259,1259,12.945,77.5678,12.945,77.571,346.2,503.6,503.946,9.2775,Aligned,0.9708,0.9991,0.0518,-0.0032,-0.009,28.8388,30.9073,73.1177,15.3282,29.9993,47.8823,75.4017,0.0,39.4637,20.4726,No,0.0,-0.0008,0.1166,Good,High,1.5968,10.0,10.3885,24.5658,Safe,69.6309,29.7639,19.9471,Aligned,29.8068,58.9589,Side Impact Potential,Urban,4.24,False,Commercial,Poor Infrastructure,-0.0048,,False,23.484,-0.0008,0.0095,Aligned,30,North Anjaneya Templ,1
1260,Nrupatunga Road,State Highway,SH-01260,1260,12.9759,77.5871,12.9678,77.5876,923.5,504.0,504.923,13.6683,Aligned,0.8428,0.8582,0.1522,0.0037,-0.0011,20.9587,19.8082,48.0842,18.3723,27.8694,51.0354,63.5763,0.0,40.0,13.5827,No,0.0,0.0106,0.017,Good,High,2.5574,10.0,10.2622,23.2002,Safe,71.7103,19.3499,19.3733,Aligned,19.1016,63.8925,Side Impact Potential,Urban,2.2561,False,Residential,Active Congestion | Poor Infrastructure,0.704,Severe,False,10.0,-0.0052,-0.0084,Aligned,22,Nrupatunga Road,1
1261,ORR Service Road,State Highway,SH-01261,1261,12.9931,77.6863,12.986,77.6909,947.3,504.4,505.347,38.5512,Moderate Misalignment,0.9227,0.0902,0.9065,-0.0079,0.0016,47.8848,49.8919,79.0573,33.1199,28.9064,49.495,97.9116,0.0862,40.6649,19.9713,No,0.0,0.0,-0.044,Poor,Low,2.3783,10.0,19.7923,24.898,Moderate Risk,69.792,48.1548,28.4227,Moderate Misalignment,46.6725,66.9778,Side Impact Potential,Urban,5.0791,False,Residential,Poor Infrastructure,-0.0149,,False,36.2912,-0.0004,0.0133,Moderate Misalignment,49,ORR Service Road,1
1262,Oil Mill Road,Urban Road,URB-01262,1262,13.0994,77.5766,13.1085,77.5807,1250.3,504.8,506.05,15.4196,Aligned,0.8352,0.8551,0.1532,0.0117,0.0004,50.7362,53.2943,100.0,4.8761,16.1551,80.82,71.7589,0.1326,60.0,10.6616,No,0.0,-0.0102,-0.0441,Good,Low,0.0949,10.0,10.2374,21.7674,Safe,70.0542,50.765,19.896,Aligned,52.5874,38.7951,Separated Traffic,Rural,5.8873,True,Residential,Poor Infrastructure,0.0087,,False,41.1538,-0.0097,0.0088,Aligned,52,Oil Mill Road,1
1263,Oil Mill Road,Urban Road,URB-01263,1263,13.013,77.6262,13.0126,77.6353,1027.4,505.2,506.227,12.5304,Aligned,0.9585,0.9478,0.0193,-0.0048,0.0048,33.5784,34.4139,80.6797,18.6675,22.6095,49.6277,69.5545,0.0,49.038,11.1791,No,0.0,0.0008,-0.0137,Good,High,1.5357,10.0,10.0,20.4415,Safe,71.8366,32.5032,17.4567,Aligned,32.8361,59.989,Side Impact Potential,Urban,2.9193,True,Industrial,Poor Infrastructure,0.0069,,False,31.5721,0.0038,-0.0071,Aligned,34,Oil Mill Road,2
1264,Okalipuram Flyover,State Highway,SH-01264,1264,12.977,77.5646,12.982,77.5662,770.3,505.6,506.37,35.734,Moderate Misalignment,0.8053,0.105,0.7465,0.0302,0.0077,49.919,48.5192,86.34,22.479,27.7066,52.6665,31.5679,0.0,62.2248,22.3121,No,0.0,0.0066,-0.0205,Poor,Medium,1.6393,10.0,10.2088,28.297,Moderate Risk,65.1027,50.4766,31.7248,Moderate Misalignment,55.4628,52.6792,Side Impact Potential,Peri-Urban,4.8907,True,Industrial,Active Congestion | Poor Infrastructure | Above Human Tolerance Limit,0.7332,Severe,False,15.5293,-0.0011,-0.0034,Moderate Misalignment,51,Okalipuram Flyover,1
1265,Old Kanakapura Road,State Highway,SH-01265,1265,12.9402,77.5769,12.9368,77.5769,371.1,506.0,506.371,9.7836,Aligned,1.0095,0.967,0.0402,-0.0211,-0.0091,20.161,20.3048,29.2978,10.2923,15.4762,51.3237,80.0759,0.0,40.0,7.2681,No,0.0,-0.0054,-0.0253,Poor,Low,1.7651,10.0,10.0,19.4849,Safe,71.7546,21.7474,17.5158,Aligned,20.7367,42.1743,Side Impact Potential,Rural,1.7664,False,Industrial,Poor Infrastructure,-0.0014,,False,17.5778,0.0049,-0.0092,Aligned,19,Old Kanakapura Road,1
1266,Old Madras Road,National Highway,NH-01266,1266,13.005,77.6847,13.0082,77.6925,7141.4,506.4,513.541,31.0686,Moderate Misalignment,0.6869,0.2807,0.7284,-0.0091,-0.0036,29.0852,29.9654,50.1288,11.1429,25.3091,49.4466,94.1636,0.0842,60.0,18.7282,No,0.0,0.0047,0.0192,Good,Low,2.405,10.0,10.8775,23.2793,Safe,68.8364,29.8346,20.0723,Aligned,31.4028,48.4466,Side Impact Potential,Peri-Urban,2.8483,False,Residential,Poor Infrastructure,0.0143,,False,28.1554,0.0077,0.0169,Moderate Misalignment,28,Old Madras Road,1
1267,Old Mangammanapalya Road,Urban Road,URB-01267,1267,12.901,77.6328,12.8996,77.6389,688.6,506.8,507.489,8.8659,Aligned,0.9746,0.9847,-0.006,-0.0127,-0.003,32.329,28.8522,68.1979,42.3432,31.3512,50.8504,75.7624,0.0596,40.6704,27.7934,No,0.0,0.0049,-0.0166,Poor,High,2.1047,10.0,10.0,21.0017,Safe,76.8477,30.237,18.3196,Aligned,33.6332,59.943,Side Impact Potential,Urban,1.969,False,Residential,Meets Safe System Standards,0.1783,Light,False,25.878,-0.0099,-0.0146,Aligned,33,Old Mangammanapalya ,1
1268,Old Mysuru Road Flyover Ramp,State Highway,SH-01268,1268,12.9828,77.5697,12.9829,77.5711,327.9,507.2,507.528,10.6653,Aligned,0.9684,0.9246,0.0231,-0.0076,0.0055,29.032,29.036,55.7918,53.0727,38.6059,50.619,76.5235,0.0,41.592,37.6913,No,0.0,0.0076,0.0187,Good,Low,2.5547,10.0,10.3522,21.0429,Safe,78.5574,31.0166,19.4909,Aligned,30.4658,58.0288,Side Impact Potential,Peri-Urban,3.8682,False,Industrial,Meets Safe System Standards,0.1545,Light,False,23.25,-0.0038,-0.0105,Aligned,29,Old Mysuru Road Flyo,1
1269,Old Mysuru Road Flyover Ramp,State Highway,SH-01269,1269,12.9812,77.569,12.9824,77.5692,616.0,507.6,508.216,41.1065,Moderate Misalignment,0.964,0.0703,1.0139,0.0035,0.0022,81.3162,80.9612,100.0,0.4604,13.726,81.4947,94.4398,0.0,59.5043,6.8694,No,0.0,0.0008,-0.0786,Poor,Medium,0.2392,10.0,29.1964,30.7944,Moderate Risk,54.8414,78.0389,42.6751,Moderate Misalignment,104.1998,35.0478,Separated Traffic,Rural,8.1674,True,Residential,Poor Infrastructure,-0.0001,,False,83.1714,-0.0038,0.0082,Moderate Misalignment,80,Old Mysuru Road Flyo,2
1270,Old Mysuru Road Underpass,State Highway,SH-01270,1270,12.98,77.571,12.9845,77.5718,1036.5,508.0,509.036,14.8716,Aligned,0.8151,0.7637,0.1596,-0.0132,0.0101,52.076,53.7016,98.4437,37.9111,38.6091,80.1878,74.8444,0.0101,60.0215,31.7762,No,0.0,-0.0033,1.0065,Good,High,0.6271,10.0,10.0,24.2115,Safe,75.0426,52.0013,22.0677,Aligned,52.9541,66.5843,Separated Traffic,Urban,7.1685,True,Mixed,Approach to Congestion (Tapered),0.0012,,True,41.3036,-0.0107,0.0027,Aligned,50,Old Mysuru Road Unde,1
1271,Old Mysuru Road Underpass,State Highway,SH-01271,1271,12.9828,77.5697,12.9829,77.5711,572.8,508.4,508.973,23.0213,Aligned,0.6052,0.5987,0.4185,0.0132,-0.0051,24.4058,27.3045,27.7978,2.7441,14.2737,49.8216,92.1386,0.0,40.8239,4.5476,No,0.0,0.0056,0.016,Poor,Medium,1.6622,10.0,33.7449,24.1255,Safe,64.5968,26.876,26.7288,Moderate Misalignment,29.7039,41.0153,Side Impact Potential,Rural,2.1633,False,Residential,Poor Infrastructure,-0.0109,,False,25.6622,0.0029,-0.0079,Aligned,27,Old Mysuru Road Unde,2
1272,Old Mysuru Road,State Highway,SH-01272,1272,12.9824,77.5682,12.977,77.5646,1230.7,508.8,510.031,9.4527,Aligned,0.9899,1.0058,0.033,0.0071,0.0088,13.7319,19.5484,27.135,20.2603,27.8486,49.7502,86.4558,0.3872,40.0,16.723,No,0.0,-0.0061,0.0382,Poor,High,2.0197,10.0,10.3983,23.0156,Safe,72.9594,12.4563,21.1229,Aligned,15.7855,57.2178,Side Impact Potential,Peri-Urban,0.8871,False,Residential,Poor Infrastructure,0.0133,,False,10.0,0.0014,-0.0036,Aligned,14,Old Mysuru Road,1
1273,Old Mysuru Road,State Highway,SH-01273,1273,12.982,77.5662,12.9827,77.5686,273.7,509.2,509.474,11.4216,Aligned,0.9868,1.0369,0.0213,-0.0049,-0.0016,39.4705,40.4128,58.9496,34.1788,28.7638,50.6633,87.0373,0.0,40.3577,19.7784,No,0.0,0.0044,-0.0453,Good,High,2.7236,10.0,10.0,21.8699,Safe,75.1415,40.23,19.4734,Aligned,43.1633,61.5352,Side Impact Potential,Urban,4.1561,False,Mixed,Poor Infrastructure,0.1974,Light,False,30.2502,0.0025,-0.0016,Aligned,41,Old Mysuru Road,2
1274,Old Mysuru Road,State Highway,SH-01274,1274,12.9815,77.5705,12.9801,77.5712,179.4,509.6,509.779,69.6663,High Misalignment,0.8935,0.1074,0.0313,0.8754,0.0021,79.0565,81.255,98.9672,1.3822,13.0241,78.7034,25.7563,0.1591,60.5814,2.3675,No,0.0,0.0116,0.0351,Poor,Low,0.2129,10.0,25.1483,34.1335,Moderate Risk,47.9672,80.4862,54.2767,High Misalignment,111.2223,40.7378,Separated Traffic,Rural,4.3527,True,Residential,Speed Limit Misaligned | Active Congestion | Poor Infrastructure,0.65,Severe,False,42.7623,-0.0077,0.0111,High Misalignment,78,Old Mysuru Road,3
1275,Old Mysuru Road,State Highway,SH-01275,1275,12.9845,77.5718,12.9829,77.5711,208.7,510.0,510.209,100.0,Critical Misalignment,0.9737,-0.0157,-0.0156,0.0202,0.9926,30.5049,30.5474,98.5601,50.5568,45.1741,30.867,85.5671,0.0855,80.0,52.7756,No,0.0,0.0041,1.1053,Poor,Medium,0.3219,10.0,14.6722,55.9086,High Risk,30.9613,30.6724,100.0,Critical Misalignment,93.0033,58.1991,Significant Pedestrian Interaction,Urban,5.1479,False,Commercial,Speed Limit Misaligned | High Pedestrian Interaction | Above Human Tolerance Limit,0.1898,Light,False,67.6303,-0.002,0.001,Critical Misalignment,28,Old Mysuru Road,4
1276,Old Mysuru Road,State Highway,SH-01276,1276,12.9812,77.569,12.9816,77.5703,160.5,510.4,510.561,12.1362,Aligned,0.9838,0.9611,0.0029,-0.0299,0.0054,33.5787,32.9802,77.9139,29.4729,27.0022,51.6827,79.3979,0.4704,40.0,14.2709,No,0.0,-0.0043,0.0306,Good,Low,1.9559,10.0,10.0,21.6434,Safe,73.5926,33.1592,16.9836,Aligned,34.3454,66.8271,Side Impact Potential,Urban,6.0077,False,Industrial,Poor Infrastructure,0.0159,,False,27.7067,-0.0036,0.0002,Aligned,33,Old Mysuru Road,5
1277,Old Mysuru Road,State Highway,SH-01277,1277,12.9799,77.5643,12.9823,77.5636,295.6,510.8,511.096,9.6546,Aligned,0.9995,1.0386,0.0083,-0.0188,-0.0068,40.3537,42.8698,55.8817,34.1103,28.4957,50.9273,86.3562,0.0831,40.0,18.6377,No,0.0,-0.0067,0.0127,Good,High,2.6767,10.0,10.1056,21.5642,Safe,75.7103,40.3556,19.1429,Aligned,38.0987,60.2093,Side Impact Potential,Urban,3.9292,False,Mixed,Poor Infrastructure,0.1737,Light,False,31.8368,0.0015,0.0145,Aligned,39,Old Mysuru Road,6
1278,Old Race Course Road,Urban Road,URB-01278,1278,12.9616,77.6129,12.9625,77.6189,669.2,511.2,511.869,11.9459,Aligned,0.9826,0.9749,0.0685,-0.0166,0.0094,35.541,36.0223,77.6195,34.9532,44.5798,50.2355,74.029,0.0,47.6314,46.5745,No,0.0,0.0057,1.0081,Good,High,1.7203,10.0,10.5551,26.9241,Moderate Risk,73.5941,38.1511,23.0334,Aligned,36.4724,65.2078,Side Impact Potential,Urban,4.875,False,Residential,Meets Safe System Standards,0.0085,,False,31.3886,-0.0103,-0.0041,Aligned,37,Old Race Course Road,1
1279,Old Santhe Road,Urban Road,URB-01279,1279,13.02,77.6745,13.0185,77.6782,432.8,511.6,512.033,16.7607,Aligned,0.7662,0.7767,0.198,0.0057,-0.003,49.0223,44.929,98.5532,15.4353,14.327,80.6647,60.3163,4.7364,60.0,4.2474,No,0.0,-0.0109,-0.0462,Poor,High,0.1415,10.0,10.0,19.5548,Safe,71.8126,46.6682,16.9974,Aligned,47.6057,38.5463,Separated Traffic,Rural,7.0615,True,Residential,Poor Infrastructure,-0.0069,,False,42.1866,1.0015,-0.009,Aligned,47,Old Santhe Road,1
1280,Old Taluk Cutchery Road,Urban Road,URB-01280,1280,12.9698,77.5758,12.9732,77.5692,848.5,512.0,512.848,41.0228,Moderate Misalignment,0.8837,-0.0155,0.8788,0.0628,-0.0023,79.671,80.0997,99.7038,2.0905,16.2885,79.9172,95.3893,0.0,60.0,7.6028,No,0.0,-0.0125,0.02,Poor,Low,0.1065,10.0,13.3553,25.3364,Moderate Risk,62.8474,80.3662,29.9812,Moderate Misalignment,88.8645,42.5208,Separated Traffic,Rural,7.1101,True,Industrial,Poor Infrastructure,0.0151,,False,82.3145,0.0007,-0.0128,Moderate Misalignment,80,Old Taluk Cutchery R,1
1281,Old Tharugupete Road,Urban Road,URB-01281,1281,12.9667,77.578,12.9684,77.5748,397.4,512.4,512.797,41.6005,Moderate Misalignment,0.8575,0.0576,0.8722,0.0588,0.0159,28.7381,29.365,77.3224,39.1514,40.5883,28.3772,72.4527,5.0696,50.0914,46.5444,No,0.0,0.0034,1.015,Good,High,1.4762,10.0,10.0,36.5078,Moderate Risk,58.3796,30.2794,49.6799,Moderate Misalignment,39.8576,56.3624,Significant Pedestrian Interaction,Urban,1.903,True,Residential,High Pedestrian Interaction | Above Human Tolerance Limit,0.1766,Light,False,31.6007,1.0031,-0.004,Moderate Misalignment,30,Old Tharugupete Road,1
1282,Old Veterinary Hospital Road,Urban Road,URB-01282,1282,12.9397,77.5769,12.9398,77.5738,334.7,512.8,513.135,39.5476,Moderate Misalignment,0.9498,0.0356,0.9535,0.0448,0.0027,81.1353,79.1586,99.3938,0.9416,14.4332,80.8879,95.8042,0.1483,59.3546,9.3571,No,0.0,-0.0004,0.0034,Poor,High,0.2709,10.0,28.0873,37.054,Moderate Risk,45.1917,79.5724,57.5478,High Misalignment,114.1268,36.7229,Separated Traffic,Rural,5.0921,True,Residential,Speed Limit Misaligned | Poor Infrastructure | Above Human Tolerance Limit,0.1907,Light,False,88.0738,-0.0093,-0.0011,Moderate Misalignment,82,Old Veterinary Hospi,1
1283,Omkara Road,Urban Road,URB-01283,1283,12.9048,77.5046,12.9209,77.5073,1948.6,513.2,515.149,37.6211,Moderate Misalignment,0.7886,0.11,0.8029,0.0839,-0.0037,78.6381,81.6825,100.0,20.1336,18.4825,78.5128,83.2758,0.0,60.0,8.3046,No,0.0,-0.0086,-0.0113,Poor,Medium,0.2497,10.0,10.0,24.2874,Safe,65.9957,80.3192,29.3593,Moderate Misalignment,84.6344,42.7772,Separated Traffic,Rural,5.0648,True,Residential,Poor Infrastructure | Above Human Tolerance Limit,-0.0156,,False,80.8056,0.0113,-0.0004,Moderate Misalignment,78,Omkara Road,1