segment_id,road_name,road_type,human_segment_id,internal_id,start_lat,start_lon,end_lat,end_lon,length_m,start_km,end_km,road_risk_score,ai_risk_label,ai_risk_probability,prob_low_risk,prob_medium_risk,prob_high_risk,prob_critical_risk,ai_recommended_speed,recommended_safe_speed,road_function_score,infrastructure_score,exposure_score,human_tolerance_limit,operating_speed_score,crash_risk_score,posted_speed_limit,pedestrian_exposure_score,blackspot_flag,crash_count,fatal_crashes,schools_count,lighting_quality,roadside_hazards,intersection_density,speed_compliance_rate,speed_violation_score,hotspot_score,hotspot_category,speed_safety_score,original_safe_speed,misalignment_score,misalignment_category,speed_p85,ptw_share_pct,exposure_tier,urban_rural_flag,lane_count,median_presence,land_use_type,top_ai_factors,congestion_index,congestion_category,congestion_smoothed,operating_speed_mean,minor_crashes,major_crashes,risk_category,final_safe_speed,corridor_base,corridor_seq
1284,Outer Circle,Urban Road,URB-01284,1284,12.973,77.7478,12.9722,77.7502,298.1,513.6,513.898,9.6902,Aligned,0.9984,1.0251,0.0285,0.022,0.0047,30.2961,27.7303,29.2101,49.0358,25.9133,51.9849,90.722,0.0314,30.6626,18.0487,No,0.0,0.0072,0.0059,Poor,Low,3.5174,10.0,10.0,17.9003,Safe,79.1044,26.3864,17.1098,Aligned,27.121,51.7664,Side Impact Potential,Peri-Urban,0.9903,False,Industrial,Meets Safe System Standards,0.1335,Light,False,21.4062,0.0115,0.0134,Aligned,31,Outer Circle,1
1285,Outer Ring Road Underpass,National Highway,NH-01285,1285,12.9064,77.5827,12.9064,77.5876,532.8,514.0,514.533,10.9486,Aligned,0.9883,0.9394,0.0101,0.0155,-0.0075,52.1442,48.918,75.9921,21.8879,35.5287,49.7105,84.9434,0.0,60.0,40.2122,No,0.0,-0.0002,0.9972,Poor,High,1.6807,10.0,31.2423,32.6247,Moderate Risk,60.2972,50.4227,39.615,Moderate Misalignment,65.582,50.318,Side Impact Potential,Peri-Urban,4.832,False,Industrial,Poor Infrastructure,-0.0182,,False,59.9001,-0.0151,0.0053,Aligned,51,Outer Ring Road Unde,1
1286,Outer Ring Road Underpass,National Highway,NH-01286,1286,13.0266,77.6359,13.0293,77.6313,616.5,514.4,515.016,12.045,Aligned,0.9457,0.9283,0.0565,0.0127,-0.0148,32.0201,31.6384,79.9315,24.6018,30.5645,49.8105,72.5491,0.0859,60.0,21.1003,No,0.0,0.0005,0.0132,Good,Low,2.0375,10.0,10.6468,23.6486,Safe,72.6574,28.4169,20.6752,Aligned,28.5101,60.7322,Side Impact Potential,Urban,3.197,True,Commercial,Poor Infrastructure,0.2172,Light,False,22.0581,0.0092,0.0076,Aligned,30,Outer Ring Road Unde,2
1287,Outer Ring Road Underpass,National Highway,NH-01287,1287,13.0299,77.6312,13.0265,77.6371,789.5,514.8,515.59,12.2041,Aligned,0.8762,0.872,0.1076,-0.0026,0.0024,23.2304,27.3257,48.8777,0.8518,14.1248,49.5282,63.391,0.0866,60.0,4.0727,No,0.0,0.0037,0.0175,Poor,Low,1.1241,10.0,10.0,20.9214,Safe,70.401,28.2234,17.3875,Aligned,26.0968,38.769,Side Impact Potential,Rural,3.3034,False,Residential,Active Congestion | Poor Infrastructure,0.7474,Severe,False,10.3253,-0.0235,-0.0038,Aligned,26,Outer Ring Road Unde,3
1288,Outer Ring Road Underpass,National Highway,NH-01288,1288,12.9063,77.5876,12.9063,77.5826,546.7,515.2,515.747,14.7484,Aligned,0.909,0.926,0.1209,0.0301,0.013,51.514,50.446,96.4852,10.0251,15.8884,81.1958,66.8316,0.0,60.0,9.9313,No,0.0,-0.0038,-0.0043,Poor,Low,0.2481,10.0,10.0865,19.8602,Safe,71.8815,48.3293,17.2503,Aligned,50.1689,38.6134,Separated Traffic,Rural,5.9661,True,Residential,Poor Infrastructure,0.1906,Light,False,38.069,-0.012,0.0022,Aligned,50,Outer Ring Road Unde,4
1289,Outer Ring Road,National Highway,NH-01289,1289,12.9168,77.5999,12.9165,77.61,25984.9,515.6,541.585,11.9036,Aligned,0.9882,1.0017,-0.0108,0.0024,-0.0055,31.8485,32.1474,77.9588,36.3591,29.6357,70.0477,76.4688,0.0918,60.7024,19.0309,No,0.0,-0.0002,-0.0375,Good,Low,1.4661,10.0,10.0,20.9591,Safe,76.5039,33.6933,18.4191,Aligned,31.5424,65.2312,Separated Traffic,Urban,3.2401,True,Commercial,Meets Safe System Standards,0.134,Light,False,25.9995,0.0217,-0.0017,Aligned,31,Outer Ring Road,1
1290,Outer Ring Road,National Highway,NH-01290,1290,12.9063,77.592,12.9063,77.5876,3579.6,516.0,519.58,38.8077,Moderate Misalignment,0.9126,0.0598,0.9327,0.003,0.0032,81.012,80.5498,99.7973,9.6765,22.5279,80.7196,10.7878,0.2209,80.9025,8.9371,No,0.0,0.0003,-0.0036,Poor,Medium,0.332,10.0,10.0,26.5223,Moderate Risk,62.9301,79.1682,30.1052,Moderate Misalignment,78.5081,58.9123,Separated Traffic,Peri-Urban,8.0238,True,Mixed,Active Congestion | Poor Infrastructure | Above Human Tolerance Limit,0.6705,Severe,False,24.4179,-0.0048,0.0009,Moderate Misalignment,80,Outer Ring Road,2
1291,Outer Ring Road,National Highway,NH-01291,1291,12.9394,77.5327,12.9457,77.527,1000.6,516.4,517.401,35.2786,Moderate Misalignment,0.7689,0.214,0.8038,0.0023,0.0056,30.5537,32.8409,49.1785,48.2911,44.9615,49.9707,96.7295,0.0,60.0,46.8008,No,0.0,0.008,2.0459,Good,High,3.3255,10.0,10.0,26.6177,Moderate Risk,75.6987,31.8805,24.197,Aligned,33.1904,61.1101,Side Impact Potential,Urban,1.8918,False,Residential,Meets Safe System Standards,0.0035,,False,26.4817,0.0071,0.0065,Moderate Misalignment,30,Outer Ring Road,3
1292,Outer Ring Road,National Highway,NH-01292,1292,13.0409,77.6238,13.042,77.6136,1155.8,516.8,517.956,20.8588,Aligned,0.6733,0.6209,0.2651,0.0039,0.0011,49.7718,47.9467,99.6942,25.4316,20.575,78.4609,75.6559,0.0,60.0,17.9696,No,0.0,-0.007,0.041,Good,Medium,0.2977,10.0,10.2728,19.2017,Safe,74.7469,47.6346,17.0988,Aligned,45.5941,37.9264,Separated Traffic,Rural,6.0852,True,Residential,Poor Infrastructure,0.0006,,False,44.4024,0.0045,-0.0084,Aligned,50,Outer Ring Road,4
1293,Outer Ring Road,State Highway,SH-01293,1293,12.946,77.5271,12.9457,77.528,102.3,517.2,517.302,35.2576,Moderate Misalignment,0.8286,0.1688,0.8472,0.0054,0.0026,79.3096,77.67,99.2454,14.6766,12.2452,79.8526,87.9004,0.0,59.5122,3.9781,No,0.0,-0.0006,-0.0409,Poor,Low,0.1805,10.0,34.9895,26.0394,Moderate Risk,60.9755,79.7397,38.1334,Moderate Misalignment,81.4938,34.3297,Separated Traffic,Rural,7.9982,True,Industrial,Poor Infrastructure,-0.0042,,False,65.5624,-0.0036,0.0074,Moderate Misalignment,80,Outer Ring Road,5
1294,Outer Ring Road,National Highway,NH-01294,1294,12.9674,77.702,12.9963,77.6683,10000.6,517.6,527.601,70.9753,High Misalignment,0.8543,0.0323,0.0962,0.8657,-0.0154,49.0298,48.1664,99.7853,48.0664,27.6505,47.7284,50.2571,9.911,78.9509,21.0325,No,0.0,0.0018,0.0516,Poor,Medium,0.4337,10.0,10.0,42.5594,Moderate Risk,45.4435,50.8454,68.2499,High Misalignment,65.5196,60.7662,Side Impact Potential,Peri-Urban,4.8988,False,Residential,Speed Limit Misaligned | Above Human Tolerance Limit,0.0138,,False,58.6855,1.9953,0.0037,High Misalignment,51,Outer Ring Road,6
1295,Outer Ring Road,National Highway,NH-01295,1295,12.9065,77.5733,12.9064,77.5804,3983.8,518.0,521.984,10.7531,Aligned,0.9645,0.9918,0.0532,0.0035,0.0018,31.3294,32.0081,50.2503,1.0287,17.9255,49.5901,86.1298,0.0,60.0,6.7744,No,0.0,0.0049,-0.0339,Good,Low,1.4446,10.0,10.1954,21.8836,Safe,68.1582,31.1844,18.9064,Aligned,34.7808,47.5832,Side Impact Potential,Rural,1.8344,False,Residential,Poor Infrastructure,0.0107,,False,31.187,0.013,0.0061,Aligned,34,Outer Ring Road,7
1296,Outer Ring Road,National Highway,NH-01296,1296,13.0189,77.532,12.9906,77.5206,3526.9,518.4,521.927,11.5992,Aligned,0.972,0.9584,0.0336,0.0078,-0.0023,24.0829,23.2667,52.0851,15.5232,28.1526,48.0474,82.0382,0.1484,60.0,24.4815,No,0.0,0.0022,0.0227,Poor,High,3.6854,10.0,10.3909,24.4762,Safe,71.088,23.426,20.6574,Aligned,22.0934,57.2403,Side Impact Potential,Urban,1.9201,False,Mixed,Poor Infrastructure,0.1255,Light,False,16.0597,-0.0038,-0.0093,Aligned,23,Outer Ring Road,8
1297,Outer Ring Road,National Highway,NH-01297,1297,12.9962,77.6676,12.9933,77.6861,2559.8,518.8,521.36,34.8514,Moderate Misalignment,0.7652,0.2507,0.7572,0.022,-0.0159,80.0594,80.1125,100.0,9.636,18.2344,78.877,90.5759,0.3142,60.4722,14.54,No,0.0,-0.0076,0.0487,Good,High,0.1014,10.0,12.4662,26.1352,Moderate Risk,65.6192,80.4739,27.6763,Moderate Misalignment,89.8398,38.8331,Separated Traffic,Rural,6.8668,True,Industrial,Approach to Congestion (Tapered) | Poor Infrastructure,0.0049,,True,74.0718,0.0128,-0.0064,Moderate Misalignment,80,Outer Ring Road,9
1298,Outer Ring Road,National Highway,NH-01298,1298,13.0015,77.6633,13.0266,77.6359,4701.9,519.2,523.902,37.487,Moderate Misalignment,0.9465,0.0472,0.926,0.0123,-0.0004,79.6255,79.3778,99.4745,37.7657,26.9003,79.9078,10.0,0.0,60.0775,27.9585,No,0.0,0.0038,2.029,Poor,Low,0.0846,10.0,10.0,25.0661,Moderate Risk,68.8023,79.6416,30.3121,Moderate Misalignment,84.9291,38.4067,Separated Traffic,Rural,6.1223,True,Residential,Active Congestion | Above Human Tolerance Limit,0.6521,Severe,False,29.4695,0.0077,-0.0,Moderate Misalignment,81,Outer Ring Road,10
1299,Outer Ring Road,National Highway,NH-01299,1299,12.9943,77.5218,13.0191,77.5319,3054.0,519.6,522.654,22.9861,Aligned,0.6358,0.6301,0.4144,0.0,0.005,65.5625,66.0964,99.6285,18.7663,24.4584,81.4475,54.5505,0.0,91.1574,11.25,No,0.0,0.0103,0.003,Poor,High,0.4766,10.0,10.3196,26.4641,Moderate Risk,65.2883,67.3449,31.9241,Moderate Misalignment,67.5845,57.6529,Separated Traffic,Urban,6.9664,True,Commercial,Poor Infrastructure | Above Human Tolerance Limit,0.0053,,False,60.8106,-0.002,0.0025,Aligned,65,Outer Ring Road,11
1300,Outer Ring Road,National Highway,NH-01300,1300,13.0299,77.5385,13.0289,77.54,5395.0,520.0,525.395,21.4861,Aligned,0.6113,0.5888,0.449,0.0079,-0.0085,24.4928,24.2817,61.2043,56.0339,44.6186,30.1996,63.4869,0.4151,60.0,49.5963,No,0.0,0.0023,0.9842,Good,Low,2.4925,10.0,10.0,24.2918,Safe,78.7928,22.6492,20.2893,Aligned,24.492,61.79,Significant Pedestrian Interaction,Urban,1.8063,True,Commercial,High Pedestrian Interaction | Active Congestion,0.7948,Severe,False,10.0,-0.005,-0.0016,Aligned,23,Outer Ring Road,12
1301,Outer Ring Road,National Highway,NH-01301,1301,12.9281,77.5463,12.9293,77.5447,6682.0,520.4,527.082,13.7118,Aligned,0.9185,0.8768,0.0998,0.0054,-0.0009,54.3169,53.2147,98.8265,0.5036,12.5556,78.8542,58.0032,0.3673,60.0,2.2192,No,0.0,-0.0026,-0.0113,Poor,High,0.3333,10.0,10.5272,20.4825,Safe,69.1159,53.2489,17.7461,Aligned,50.0671,37.3384,Separated Traffic,Rural,6.2261,True,Residential,Approach to Congestion (Tapered) | Poor Infrastructure,0.1622,Light,True,40.5123,0.008,0.0078,Aligned,55,Outer Ring Road,13
1302,Outer Ring Road,National Highway,NH-01302,1302,13.0446,77.5626,13.0474,77.5735,1251.1,520.8,522.051,38.128,Moderate Misalignment,0.715,0.2165,0.7283,0.0999,0.0059,79.2606,79.7706,99.9796,48.5773,32.113,79.9428,86.6325,0.0,60.0,24.1832,No,0.0,0.0021,0.0058,Good,Low,0.4129,10.0,21.0113,27.9186,Moderate Risk,67.583,79.9666,36.6104,Moderate Misalignment,97.9928,65.8448,Separated Traffic,Urban,5.1048,True,Mixed,Meets Safe System Standards,-0.0039,,False,88.7678,0.0111,-0.0026,Moderate Misalignment,80,Outer Ring Road,14
1303,Outer Ring Road,National Highway,NH-01303,1303,13.0477,77.5784,13.042,77.5943,4138.1,521.2,525.338,24.731,Aligned,0.5253,0.5174,0.4782,0.006,-0.0002,40.9998,40.7891,77.4043,12.0473,27.3837,50.4113,96.9503,0.1191,60.0,15.0712,No,0.0,-0.0047,-0.021,Good,High,1.4577,10.0,10.0961,24.5692,Moderate Risk,68.6182,40.901,24.3092,Aligned,43.0624,67.8889,Side Impact Potential,Urban,6.0549,False,Residential,Poor Infrastructure,0.0015,,False,36.4637,-0.0111,-0.0189,Aligned,42,Outer Ring Road,15
1304,Outer Ring Road,National Highway,NH-01304,1304,13.0248,77.5339,13.0233,77.5332,1616.6,521.6,523.217,10.9709,Aligned,0.9759,0.994,0.034,0.0099,-0.0044,34.9288,33.0296,29.4432,10.5967,15.6217,51.5659,100.0,0.2818,60.0,7.6427,No,0.0,0.0041,-0.0657,Poor,Medium,1.1789,10.0,13.4294,21.259,Safe,69.2037,32.5649,19.8583,Aligned,34.6498,38.0193,Side Impact Potential,Rural,1.0451,False,Industrial,Poor Infrastructure,0.0175,,False,31.9301,0.0011,-0.0108,Aligned,34,Outer Ring Road,16
1305,Outer Ring Road,National Highway,NH-01305,1305,12.9314,77.5424,12.9361,77.5347,1012.8,522.0,523.013,13.1964,Aligned,0.9093,0.8766,0.113,-0.0025,0.0087,41.7811,42.6977,86.6268,33.8827,33.9214,51.031,85.5693,0.0,60.0,22.414,No,0.0,-0.0021,0.0332,Good,Low,1.9013,10.0,10.0,22.042,Safe,75.3557,42.3736,19.0651,Aligned,42.5478,63.8288,Side Impact Potential,Urban,4.8809,True,Industrial,Poor Infrastructure,-0.0128,,False,43.0846,0.0126,0.0129,Aligned,42,Outer Ring Road,17
1306,Outer Ring Road,National Highway,NH-01306,1306,13.0293,77.6313,13.0379,77.6259,1149.3,522.4,523.549,12.9006,Aligned,0.9022,0.9091,0.1258,-0.0052,0.0141,54.9021,54.8003,98.3838,2.9019,12.7921,80.9041,70.7251,0.1181,60.0305,6.5501,No,0.0,-0.0026,0.0565,Good,Low,0.092,10.0,10.3059,20.4567,Safe,69.8854,51.9929,16.6468,Aligned,53.5183,33.2154,Separated Traffic,Rural,4.981,True,Residential,Poor Infrastructure,0.2488,Light,False,38.2923,0.0119,-0.0165,Aligned,55,Outer Ring Road,18
1307,Outer Ring Road,National Highway,NH-01307,1307,12.9473,77.5243,12.9518,77.5208,641.9,522.8,523.442,14.7379,Aligned,0.8578,0.853,0.1894,0.003,-0.0047,80.7176,78.9702,98.2928,10.1358,16.0841,80.5013,72.9961,0.1645,60.0,4.4108,No,0.0,-0.0046,0.0418,Poor,Low,0.2786,10.0,10.6019,20.7341,Safe,70.6319,80.4878,19.9356,Aligned,85.2743,48.9711,Separated Traffic,Peri-Urban,8.1201,True,Commercial,Poor Infrastructure,0.1928,Light,False,60.6866,-0.0076,-0.0061,Aligned,79,Outer Ring Road,19
1308,Outer Ring Road,National Highway,NH-01308,1308,13.0428,77.6103,13.0475,77.5786,3720.0,523.2,526.92,12.2136,Aligned,0.9233,0.9297,0.1203,0.0086,-0.008,49.2437,51.4119,99.3693,10.6878,18.6309,79.3872,67.9757,0.0602,60.5656,12.5208,No,0.0,0.0061,0.0362,Poor,Low,0.1471,10.0,10.3149,20.4059,Safe,71.2547,49.8893,18.0394,Aligned,50.1512,37.7206,Separated Traffic,Rural,6.7579,True,Residential,Poor Infrastructure,0.1784,Light,False,40.2658,-0.0051,0.0096,Aligned,51,Outer Ring Road,20
1309,Outer Ring Road,National Highway,NH-01309,1309,13.0472,77.5735,13.0445,77.5627,1246.7,523.6,524.847,11.536,Aligned,0.9857,0.9765,0.014,0.0185,0.0174,48.8458,48.7384,73.0095,20.9356,29.5867,51.3742,83.4038,0.0,60.0,15.7691,No,0.0,0.0005,0.0242,Good,Low,1.8996,10.0,10.0,23.3569,Safe,70.9626,48.8049,18.7749,Aligned,50.1089,65.0058,Side Impact Potential,Urban,3.0968,False,Mixed,Poor Infrastructure,0.1221,Light,False,38.5293,-0.0034,0.016,Aligned,46,Outer Ring Road,21
1310,Outer Ring Road,National Highway,NH-01310,1310,12.9454,77.528,12.9395,77.5328,924.9,524.0,524.925,42.3166,Moderate Misalignment,0.9134,0.0312,0.9293,0.0564,0.0068,49.0977,51.1897,98.9955,28.3517,25.3551,52.6268,75.6787,0.0,60.0383,15.5523,No,0.0,-0.0067,0.007,Good,Medium,0.7033,10.0,10.2836,30.767,Moderate Risk,59.925,49.9072,43.339,Moderate Misalignment,58.5532,53.8751,Side Impact Potential,Urban,7.0495,False,Commercial,Poor Infrastructure | Above Human Tolerance Limit,0.0117,,False,54.1526,-0.0052,0.0027,Moderate Misalignment,48,Outer Ring Road,22
1311,Outer Ring Road,National Highway,NH-01311,1311,13.0265,77.6371,13.0016,77.6635,4619.2,524.4,529.019,10.514,Aligned,0.9821,1.0234,0.0057,0.0023,0.0025,31.5469,31.2294,77.9487,38.3556,29.7406,69.1887,78.56,0.0,60.0,18.4936,No,0.0,-0.0009,-0.0127,Good,Low,1.3294,10.0,10.8366,21.1045,Safe,76.5835,33.7354,17.8047,Aligned,32.7619,64.9448,Separated Traffic,Urban,2.938,True,Commercial,Meets Safe System Standards,0.1399,Light,False,24.9095,-0.0004,0.0111,Aligned,34,Outer Ring Road,23
1312,Outer Ring Road,National Highway,NH-01312,1312,13.0412,77.6198,13.0413,77.6228,330.1,524.8,525.13,14.346,Aligned,0.9024,0.9098,0.0823,0.026,0.002,57.4506,57.467,100.0,0.557,19.0994,79.1269,69.9425,0.0,60.0,10.8319,No,0.0,-0.0051,-0.053,Poor,High,0.364,10.0,10.0,22.0445,Safe,68.8255,58.4542,17.9164,Aligned,56.8073,45.0074,Separated Traffic,Rural,8.0037,True,Residential,Poor Infrastructure,-0.0196,,False,50.4744,0.0021,-0.0014,Aligned,58,Outer Ring Road,24
1313,Outer Ring Road,National Highway,NH-01313,1313,13.0382,77.6259,13.0299,77.6312,1104.4,525.2,526.304,13.1194,Aligned,0.9629,0.9701,0.0605,-0.0106,-0.0031,20.2108,25.0452,50.2142,14.6643,25.335,51.3848,79.5573,0.0,60.0,17.5537,No,0.0,0.0024,0.038,Good,High,2.3752,10.0,10.3121,22.8169,Safe,71.0759,21.1069,19.9058,Aligned,20.0081,53.9911,Side Impact Potential,Peri-Urban,1.9286,False,Commercial,Poor Infrastructure,0.1959,Light,False,16.1337,-0.0143,-0.0039,Aligned,20,Outer Ring Road,25
1314,Outer Ring Road,National Highway,NH-01314,1314,12.9362,77.535,12.9348,77.5376,332.6,525.6,525.933,14.151,Aligned,0.8462,0.8497,0.1495,-0.0001,-0.0075,49.7837,48.8431,99.2844,7.1637,21.5149,81.5415,76.8506,0.0,60.4492,7.9373,No,0.0,0.0018,0.0944,Poor,Medium,0.3103,10.0,10.3184,23.1279,Safe,69.6478,47.887,20.3868,Aligned,46.6418,51.6418,Separated Traffic,Peri-Urban,7.8494,True,Commercial,Poor Infrastructure,-0.0062,,False,44.7883,0.0015,-0.0064,Aligned,49,Outer Ring Road,26
1315,Outer Ring Road,National Highway,NH-01315,1315,12.972,77.5127,12.979,77.5152,825.1,526.0,526.825,15.7962,Aligned,0.8867,0.8665,0.1002,0.0099,0.0007,57.5043,58.0834,99.9675,0.0,16.0354,81.8582,27.5636,0.5092,68.0562,7.8489,No,0.0,0.0085,0.0034,Poor,Medium,0.1127,10.0,10.0,21.0673,Safe,68.9931,56.3233,18.9425,Aligned,57.4286,35.9519,Separated Traffic,Rural,4.9156,True,Residential,Active Congestion | Poor Infrastructure,0.6176,Severe,False,21.2729,0.0064,0.0114,Aligned,58,Outer Ring Road,27
1316,Outer Ring Road,National Highway,NH-01316,1316,12.933,77.5403,12.9315,77.5425,290.8,526.4,526.691,12.6444,Aligned,0.898,0.8714,0.069,0.0275,-0.0123,49.7214,46.9822,100.0,33.0385,24.8858,78.9222,67.8206,0.1838,60.9755,20.9159,No,0.0,0.0081,-0.0033,Good,Medium,0.153,10.0,10.3068,20.055,Safe,76.9934,45.0958,17.0624,Aligned,47.1273,46.4167,Separated Traffic,Rural,7.937,True,Residential,Poor Infrastructure,-0.0103,,False,37.2568,0.0097,-0.0043,Aligned,47,Outer Ring Road,28
1317,Outer Ring Road,National Highway,NH-01317,1317,12.9519,77.521,12.9476,77.5243,605.1,526.8,527.405,12.4882,Aligned,0.9812,0.9237,0.0357,-0.0167,0.0044,27.6318,26.896,55.9542,47.186,36.4846,49.8045,85.3214,0.0,60.0,34.6602,No,0.0,0.0024,-0.0309,Good,Low,3.5665,10.0,10.727,23.0143,Safe,78.6752,27.7548,19.9075,Aligned,29.6618,63.9476,Side Impact Potential,Urban,4.0331,False,Residential,Meets Safe System Standards,0.1495,Light,False,22.7449,-0.0037,0.0118,Aligned,29,Outer Ring Road,29
1318,Outer Ring Road,National Highway,NH-01318,1318,12.9787,77.5153,12.9685,77.5127,1190.2,527.2,528.39,21.8173,Aligned,0.6463,0.629,0.3655,0.0088,-0.0103,36.5817,35.3527,87.963,19.1537,26.911,50.5913,89.277,0.0303,60.0,16.6703,No,0.0,0.0011,0.0559,Good,High,1.9923,10.0,10.5895,22.4997,Safe,72.5968,35.4645,20.1158,Aligned,38.1168,63.6896,Side Impact Potential,Urban,6.0969,True,Mixed,Poor Infrastructure,-0.013,,False,32.2484,-0.008,-0.0075,Aligned,36,Outer Ring Road,30
1319,Outer ring road,National Highway,NH-01319,1319,12.9948,77.6644,12.9968,77.6644,240.6,527.6,527.841,10.347,Aligned,0.9712,0.9494,0.0123,-0.0075,-0.0037,32.2966,36.5673,76.4736,29.3388,42.5261,47.8301,83.0433,0.2426,60.0,43.5601,No,0.0,0.0028,1.0601,Good,High,1.4806,10.0,10.0,26.7445,Moderate Risk,72.6758,32.3291,23.0187,Aligned,36.3324,56.0001,Side Impact Potential,Urban,5.0842,False,Industrial,Poor Infrastructure,-0.0128,,False,28.9685,-0.0147,0.0068,Aligned,34,Outer ring road,1
1320,PSK Naidu Road,Urban Road,URB-01320,1320,12.9929,77.6188,12.9938,77.6268,892.2,528.0,528.892,11.4998,Aligned,0.9529,0.9391,0.0514,0.0008,-0.014,31.8704,33.2603,48.2052,29.8733,25.8485,50.0771,90.8253,0.5607,39.5862,24.8738,No,0.0,0.0021,0.9682,Poor,Low,1.3623,10.0,10.0,20.7101,Safe,73.3984,31.0728,18.8113,Aligned,30.818,38.7699,Side Impact Potential,Rural,1.847,False,Residential,Poor Infrastructure,0.1303,Light,False,27.2019,0.004,-0.0125,Aligned,32,PSK Naidu Road,1
1321,PWD Road,Urban Road,URB-01321,1321,12.9886,77.6796,12.995,77.6771,1046.8,528.4,529.447,11.3469,Aligned,0.9618,0.9452,0.0483,0.0087,-0.0041,40.7049,35.6612,50.0613,56.3896,36.4673,48.5122,86.3936,19.6215,41.0672,30.4947,No,0.0,-0.0062,-0.0023,Good,High,2.7121,10.0,10.0,25.7923,Moderate Risk,76.4227,39.6667,17.5959,Aligned,38.5562,61.2351,Side Impact Potential,Urban,3.0236,False,Commercial,Meets Safe System Standards,0.1778,Light,False,30.8625,-0.0036,1.0022,Aligned,40,PWD Road,1
1322,Padarayanapura Road,Urban Road,URB-01322,1322,12.9612,77.5465,12.9595,77.5559,1053.4,528.8,529.853,11.8708,Aligned,0.916,0.9102,0.0793,-0.0028,-0.0002,57.7986,55.8785,100.0,12.4122,22.7713,79.9481,70.5075,0.0,59.3062,10.1886,No,0.0,0.004,0.0419,Good,High,0.186,10.0,10.2456,22.1013,Safe,71.7742,57.3961,17.5342,Aligned,58.1604,60.4251,Separated Traffic,Peri-Urban,6.3026,True,Residential,Poor Infrastructure,0.0025,,False,50.6348,-0.0041,0.008,Aligned,57,Padarayanapura Road,1
1323,Paduka Mandira Road,Urban Road,URB-01323,1323,12.8961,77.5318,12.9043,77.5311,992.0,529.2,530.192,39.6083,Moderate Misalignment,0.8755,0.0146,0.833,0.0612,0.001,27.9511,29.5024,77.7249,37.4541,41.2305,30.6758,70.4352,5.1604,50.8439,45.3337,No,0.0,-0.0061,0.9747,Good,High,1.4727,10.0,10.469,36.6921,Moderate Risk,56.8093,31.9314,48.5009,Moderate Misalignment,42.2162,55.6651,Significant Pedestrian Interaction,Urban,1.9165,True,Residential,High Pedestrian Interaction | Above Human Tolerance Limit,0.1715,Light,False,31.4971,1.0092,-0.0087,Moderate Misalignment,28,Paduka Mandira Road,1
1324,Palace Cross Road,Urban Road,URB-01324,1324,12.9986,77.5841,12.9978,77.5841,1431.7,529.6,531.032,64.5936,High Misalignment,0.7274,-0.0042,0.1802,0.7362,0.002,30.6608,26.6045,72.1148,65.4186,51.8635,30.713,86.1901,20.3952,47.1623,61.4568,No,0.0,-0.007,2.0585,Poor,Medium,1.3185,10.0,10.4732,42.2388,Moderate Risk,59.7013,29.1259,49.1184,High Misalignment,53.8343,67.7208,Significant Pedestrian Interaction,Urban,3.8774,False,Mixed,Speed Limit Misaligned | High Pedestrian Interaction | Above Human Tolerance Limit,0.1339,Light,False,43.3326,0.0025,0.9882,High Misalignment,31,Palace Cross Road,1
1325,Palace Guttahalli Main Road,Urban Road,URB-01325,1325,12.9989,77.5732,12.9994,77.5829,1085.6,530.0,531.086,9.8528,Aligned,1.0067,0.9976,0.0291,0.0065,0.0001,25.599,29.8591,29.9074,15.9138,13.4406,49.5785,72.1353,0.1179,41.455,5.8421,No,0.0,-0.0098,0.016,Poor,Low,0.8461,10.0,10.0,18.0319,Safe,73.3357,27.2208,17.2735,Aligned,25.8631,36.1455,Side Impact Potential,Rural,1.0771,False,Industrial,Poor Infrastructure,0.1655,Light,False,21.2163,0.0033,0.0021,Aligned,27,Palace Guttahalli Ma,1
1326,Palace Road,National Highway,NH-01326,1326,12.9846,77.5883,12.9952,77.5898,1244.9,530.4,531.645,11.5879,Aligned,0.951,0.9473,0.0505,0.0088,0.0013,79.8455,81.2355,96.5781,0.0,16.3618,78.5703,16.7895,0.1189,80.8989,9.8801,No,0.0,-0.0027,-0.0165,Poor,Medium,0.2132,10.0,10.0,23.2253,Safe,64.8658,82.9149,23.5007,Aligned,83.6455,33.2863,Separated Traffic,Rural,5.11,True,Industrial,Active Congestion | Poor Infrastructure,0.7265,Severe,False,23.1727,-0.0085,-0.0032,Aligned,80,Palace Road,1
1327,Palace Road,State Highway,SH-01327,1327,12.9864,77.5888,12.9865,77.589,32.0,530.8,530.832,11.6751,Aligned,0.9915,0.9742,-0.0113,0.0146,0.0001,18.8777,18.0651,28.0481,11.2426,18.879,48.316,90.1967,1.0626,40.0,4.7428,No,0.0,0.0029,0.0081,Poor,Medium,3.164,10.0,10.0,19.9783,Safe,72.3891,15.4982,18.1951,Aligned,18.0987,50.6775,Side Impact Potential,Peri-Urban,0.8284,True,Mixed,Poor Infrastructure,0.0132,,False,13.7371,-0.0198,-0.0008,Aligned,17,Palace Road,2