segment_id,road_name,road_type,human_segment_id,internal_id,start_lat,start_lon,end_lat,end_lon,length_m,start_km,end_km,road_risk_score,ai_risk_label,ai_risk_probability,prob_low_risk,prob_medium_risk,prob_high_risk,prob_critical_risk,ai_recommended_speed,recommended_safe_speed,road_function_score,infrastructure_score,exposure_score,human_tolerance_limit,operating_speed_score,crash_risk_score,posted_speed_limit,pedestrian_exposure_score,blackspot_flag,crash_count,fatal_crashes,schools_count,lighting_quality,roadside_hazards,intersection_density,speed_compliance_rate,speed_violation_score,hotspot_score,hotspot_category,speed_safety_score,original_safe_speed,misalignment_score,misalignment_category,speed_p85,ptw_share_pct,exposure_tier,urban_rural_flag,lane_count,median_presence,land_use_type,top_ai_factors,congestion_index,congestion_category,congestion_smoothed,operating_speed_mean,minor_crashes,major_crashes,risk_category,final_safe_speed,corridor_base,corridor_seq
1328,Palace Road,Urban Road,URB-01328,1328,12.9751,77.5825,12.9732,77.5811,826.8,531.2,532.027,10.2193,Aligned,0.9363,0.9385,0.0825,0.0084,-0.0164,37.143,40.1957,89.1533,12.6027,26.2786,69.9784,72.8332,0.2734,50.4441,11.9542,No,0.0,-0.0005,-0.063,Good,Medium,1.4664,10.0,10.024,22.8855,Safe,70.0411,39.7025,21.5136,Aligned,39.1532,58.3169,Separated Traffic,Peri-Urban,5.887,True,Industrial,Poor Infrastructure,0.1775,Light,False,30.7773,-0.0031,-0.0205,Aligned,37,Palace Road,3
1329,Palace Road,Urban Road,URB-01329,1329,12.9789,77.5849,12.9797,77.5854,1198.7,531.6,532.799,13.1606,Aligned,0.8899,0.8989,0.0573,0.0081,-0.0007,41.8369,38.0533,53.0113,19.5353,30.2047,49.706,89.526,0.1273,39.6158,20.397,No,0.0,-0.0082,-0.0355,Poor,Low,1.5182,10.0,10.2486,23.9623,Safe,71.2697,41.4005,21.0164,Aligned,40.6691,59.8248,Side Impact Potential,Peri-Urban,2.7718,False,Residential,Poor Infrastructure,0.0128,,False,30.9484,-0.0073,-0.0037,Aligned,42,Palace Road,4
1330,Palm Avenue,Urban Road,URB-01330,1330,12.9229,77.6696,12.9273,77.6697,481.4,532.0,532.481,38.781,Moderate Misalignment,0.9742,-0.0037,0.9204,-0.0007,-0.0004,78.6628,77.5626,98.7394,25.3493,27.4494,79.4393,95.9943,0.2671,60.0,13.1202,No,0.0,0.0057,-0.0229,Good,High,0.2925,10.0,17.3481,27.1679,Moderate Risk,64.6071,80.7697,32.0413,Moderate Misalignment,92.3046,62.4501,Separated Traffic,Peri-Urban,5.9696,True,Residential,Poor Infrastructure,0.005,,False,80.7491,-0.0094,0.0053,Moderate Misalignment,82,Palm Avenue,1
1331,Palm Grove Road,Urban Road,URB-01331,1331,12.9665,77.6139,12.9551,77.6142,1296.9,532.4,533.697,9.3275,Aligned,0.9443,0.8989,0.0197,0.0163,0.014,23.3228,21.942,25.8578,26.8153,21.4648,51.4836,98.0715,0.1485,20.0,12.0292,No,0.0,0.0029,0.036,Good,Medium,2.4706,10.0,15.9855,21.6486,Safe,72.5642,25.5245,19.7436,Aligned,23.62,49.9948,Side Impact Potential,Peri-Urban,1.1685,False,Commercial,Poor Infrastructure,0.0119,,False,18.3059,0.0109,0.018,Aligned,23,Palm Grove Road,1
1332,Pampa Extension Road,Urban Road,URB-01332,1332,13.0537,77.599,13.0552,77.5994,175.9,532.8,532.976,13.3,Aligned,0.9034,0.8737,0.1123,0.0362,-0.0181,52.7734,51.4593,100.0,20.1049,35.3863,79.8831,75.0819,0.1159,58.9622,28.2158,No,0.0,-0.0046,1.0497,Poor,High,0.7738,10.0,10.0,26.2153,Moderate Risk,70.5503,50.6977,21.9431,Aligned,53.5515,66.2332,Separated Traffic,Urban,4.9844,True,Commercial,Poor Infrastructure,-0.0072,,False,42.547,-0.0012,0.0155,Aligned,53,Pampa Extension Road,1
1333,Pampa Mahakavi Road,Urban Road,URB-01333,1333,12.9484,77.5723,12.9606,77.5717,1373.6,533.2,534.574,11.4785,Aligned,0.9465,1.0136,0.09,-0.0042,-0.0019,28.6151,28.779,84.9122,21.7058,28.0872,47.0801,77.376,0.0,40.403,22.172,No,0.0,0.0083,-0.0074,Poor,Medium,2.144,10.0,10.0263,22.8985,Safe,72.2714,31.2511,19.1371,Aligned,27.9651,54.6349,Side Impact Potential,Urban,5.0874,True,Commercial,Poor Infrastructure,0.0156,,False,24.0148,-0.0056,0.0005,Aligned,29,Pampa Mahakavi Road,1
1334,Panathur Main Road,Urban Road,URB-01334,1334,12.9389,77.7174,12.9394,77.6951,4157.9,533.6,537.758,36.8414,Moderate Misalignment,0.8328,0.1458,0.8897,-0.002,-0.0031,48.1743,47.4858,62.5452,17.3986,23.0668,49.9165,96.4389,0.3725,40.7396,14.6455,No,0.0,0.0061,-0.0024,Good,Low,1.9424,10.0,23.875,25.6206,Moderate Risk,66.6407,50.4035,28.1291,Moderate Misalignment,49.0846,52.644,Side Impact Potential,Peri-Urban,3.837,True,Residential,Poor Infrastructure,0.1527,Light,False,39.3255,0.0046,0.0071,Moderate Misalignment,47,Panathur Main Road,1
1335,Patalamma Road,Urban Road,URB-01335,1335,12.94,77.5777,12.9398,77.5774,895.6,534.0,534.896,13.9982,Aligned,0.9099,0.867,0.08,0.0062,0.0024,48.9277,49.5586,78.2289,33.225,34.2725,50.2934,85.5616,0.0483,52.0864,29.8486,No,0.0,-0.0071,1.0442,Poor,High,1.9866,10.0,12.5607,25.4499,Moderate Risk,71.0131,50.1269,25.1635,Moderate Misalignment,53.7556,56.5514,Side Impact Potential,Urban,3.1712,True,Residential,Poor Infrastructure,0.1806,Light,False,41.5518,0.0025,0.0112,Aligned,49,Patalamma Road,1
1336,Patalamma Temple Road,Urban Road,URB-01336,1336,12.9341,77.5827,12.933,77.5839,1004.7,534.4,535.405,9.9721,Aligned,0.9792,0.9626,0.0171,0.0099,0.0007,22.677,25.9581,28.0685,3.5879,14.8159,50.2562,76.3007,0.1937,22.2111,3.5776,No,0.0,0.0031,0.0027,Poor,Low,0.9902,10.0,19.4319,22.8706,Safe,66.7275,25.4701,21.4837,Aligned,22.0132,41.3616,Side Impact Potential,Rural,0.8335,False,Industrial,Active Congestion | Poor Infrastructure,0.7794,Severe,False,10.0,-0.0018,-0.0076,Aligned,22,Patalamma Temple Roa,1
1337,Patanagere Main Road,Urban Road,URB-01337,1337,12.9264,77.5006,12.9243,77.5034,384.6,534.8,535.185,21.7464,Aligned,0.7016,0.7223,0.2012,0.0603,0.0035,79.8478,80.0695,98.8655,10.9717,18.4991,81.021,86.801,0.2978,58.8266,11.6313,No,0.0,-0.0011,-0.0353,Poor,Low,0.2871,10.0,10.0,27.4914,Moderate Risk,61.9419,81.4849,33.4826,Moderate Misalignment,94.6179,33.3436,Separated Traffic,Rural,5.3089,True,Residential,Poor Infrastructure | Above Human Tolerance Limit,-0.0013,,False,78.1421,0.0168,-0.0016,Aligned,80,Patanagere Main Road,1
1338,Pattanagere Main Road,Urban Road,URB-01338,1338,12.9198,77.5138,12.9243,77.5034,1362.0,535.2,536.562,40.3307,Moderate Misalignment,0.9851,0.0293,0.9124,0.0131,0.0057,79.4065,79.2976,99.3076,0.6305,15.4996,78.7903,97.7888,0.0,60.0,9.79,No,0.0,0.0085,-0.0264,Poor,Medium,0.0546,10.0,25.9276,29.4948,Moderate Risk,56.1581,79.0141,39.7493,Moderate Misalignment,101.5914,35.2832,Separated Traffic,Rural,6.0769,True,Industrial,Poor Infrastructure,0.1305,Light,False,79.5987,-0.0123,-0.0094,Moderate Misalignment,81,Pattanagere Main Roa,1
1339,Pattandur Agrahara Gutta Road - Vijayanagar Main Road,Urban Road,URB-01339,1339,12.9773,77.7511,12.9767,77.7574,3240.1,535.6,538.84,38.776,Moderate Misalignment,0.9327,0.052,0.9485,-0.0014,-0.0013,46.7902,45.0782,86.6116,38.8808,39.0313,50.1039,95.4284,0.0783,39.8356,38.3534,No,0.0,0.0016,0.9971,Good,Low,2.315,10.0,19.3818,27.9759,Moderate Risk,69.2091,48.3533,28.6386,Moderate Misalignment,46.159,69.2553,Side Impact Potential,Urban,5.7211,True,Commercial,Meets Safe System Standards,0.2046,Light,False,36.8048,-0.0096,-0.0014,Moderate Misalignment,47,Pattandur Agrahara G,1
1340,Pattandur Agrahara Road,Urban Road,URB-01340,1340,12.9878,77.7337,12.9783,77.7339,1064.8,536.0,537.065,11.9521,Aligned,0.9391,0.9681,0.083,-0.0108,0.0044,39.8588,42.1487,85.54,10.0276,24.3972,50.7918,64.4885,0.0,40.5497,14.5656,No,0.0,-0.0086,0.0258,Good,High,2.278,10.0,10.0,23.0022,Safe,70.0969,41.0005,21.9303,Aligned,39.3121,57.8376,Side Impact Potential,Urban,5.0996,True,Industrial,Active Congestion | Poor Infrastructure,0.5877,Severe,False,14.8634,-0.0114,0.0088,Aligned,41,Pattandur Agrahara R,1
1341,Peenya Inner Ring Road,State Highway,SH-01341,1341,13.03,77.5191,13.0351,77.518,6242.0,536.4,542.642,10.9162,Aligned,0.9988,1.0021,0.0066,-0.0191,-0.0015,40.5569,43.661,54.1602,34.4229,28.8932,49.7655,87.104,0.0,40.0,19.0279,No,0.0,-0.0086,0.0114,Good,High,2.6256,10.0,10.1731,21.2318,Safe,75.3425,42.023,19.2685,Aligned,38.2487,61.4412,Side Impact Potential,Urban,3.6464,False,Mixed,Poor Infrastructure,0.1736,Light,False,32.9067,-0.0023,0.0066,Aligned,41,Peenya Inner Ring Ro,1
1342,Pehalwan Krishnappa Road,Urban Road,URB-01342,1342,12.9639,77.5839,12.9653,77.5842,167.1,536.8,536.967,19.5995,Aligned,0.7189,0.7475,0.2263,0.0165,-0.0074,61.8819,62.2593,100.0,50.0899,27.01,78.5542,59.0477,0.0,60.0,17.3609,No,0.0,0.0018,-0.0264,Good,Medium,0.5059,10.0,10.4476,17.523,Safe,80.0905,62.9857,16.3592,Aligned,62.2268,55.2697,Separated Traffic,Urban,7.1981,True,Mixed,Meets Safe System Standards,0.0165,,False,54.1655,0.0088,-0.0101,Aligned,62,Pehalwan Krishnappa ,1
1343,Petrol Pipeline Road,Urban Road,URB-01343,1343,13.0633,77.6553,13.0635,77.658,2921.4,537.2,540.121,36.9836,Moderate Misalignment,0.9612,-0.0249,0.9571,0.0019,-0.004,80.5053,80.9847,100.0,0.0,11.9117,80.5048,86.8003,0.209,59.2518,1.1609,No,0.0,0.0164,0.0359,Good,Low,0.0959,10.0,27.1852,28.0837,Moderate Risk,57.5174,81.7531,37.9733,Moderate Misalignment,89.7737,39.0252,Separated Traffic,Rural,6.3312,True,Residential,Poor Infrastructure,0.0009,,False,78.6874,-0.0073,-0.0035,Moderate Misalignment,82,Petrol Pipeline Road,1
1344,Philomena Hospital Road,Urban Road,URB-01344,1344,13.0398,77.6241,13.0409,77.6186,665.8,537.6,538.266,11.0736,Aligned,0.9784,0.9732,0.0672,-0.0054,0.0074,28.2867,30.2717,55.0453,1.331,12.8967,50.9992,72.5069,0.1726,60.0,5.8,No,0.0,-0.0044,0.0125,Poor,High,1.3117,10.0,10.0,20.1977,Safe,69.8564,27.4629,17.8683,Aligned,28.3952,33.3434,Side Impact Potential,Rural,4.0453,False,Residential,Poor Infrastructure,0.1613,Light,False,21.0225,0.0055,0.0088,Aligned,27,Philomena Hospital R,1
1345,Philomena's Hospital Road,Urban Road,URB-01345,1345,12.9651,77.6099,12.9672,77.6112,292.9,538.0,538.293,37.1768,Moderate Misalignment,0.9191,0.0715,0.9279,0.0262,-0.0115,29.9579,31.2333,58.2344,46.9374,51.4063,30.9272,76.5516,0.1662,40.6979,66.2165,No,0.0,-0.0045,1.9971,Good,Medium,2.1782,10.0,10.0,33.2496,Moderate Risk,68.2403,28.038,36.5042,Moderate Misalignment,32.1943,56.1832,Significant Pedestrian Interaction,Peri-Urban,4.2674,False,Mixed,High Pedestrian Interaction | Above Human Tolerance Limit,-0.0171,,False,23.7398,-0.0015,-0.0003,Moderate Misalignment,28,Philomena's Hospital,1
1346,Pipeline Road,Urban Road,URB-01346,1346,12.9991,77.5286,12.9993,77.5286,4703.2,538.4,543.103,16.3563,Aligned,0.8843,0.8455,0.1338,0.0229,0.0028,67.2625,67.9797,98.1986,7.5722,20.1529,80.7695,75.9712,0.0,60.0,11.7041,No,0.0,0.0021,0.0429,Poor,Medium,0.1106,10.0,10.1473,20.5659,Safe,71.4396,65.1065,18.089,Aligned,63.5176,38.7101,Separated Traffic,Rural,6.0939,True,Residential,Poor Infrastructure,-0.0046,,False,53.3139,-0.0056,-0.0174,Aligned,64,Pipeline Road,1
1347,Pipeline Road,Urban Road,URB-01347,1347,13.05,77.5165,13.0484,77.5186,6335.8,538.8,545.136,10.2317,Aligned,0.9422,0.9036,0.0513,0.0164,0.0033,31.8932,34.6063,51.8507,13.9159,27.8201,49.3106,74.8198,0.3065,59.7538,29.4756,No,0.0,0.0011,0.9785,Poor,Medium,1.2267,10.0,10.5272,23.5112,Safe,71.3816,32.0019,19.3712,Aligned,32.6588,40.0785,Side Impact Potential,Rural,2.9457,False,Industrial,Poor Infrastructure,0.2358,Light,False,22.0173,-0.0167,0.0075,Aligned,29,Pipeline Road,2
1348,Pipeline Road,Urban Road,URB-01348,1348,12.9644,77.5436,12.9742,77.5478,1210.0,539.2,540.41,9.8471,Aligned,0.9797,0.9275,0.0096,-0.0166,-0.0045,33.0295,32.5752,83.2125,11.5278,26.9377,48.8244,82.9999,0.0,38.4481,16.1959,No,0.0,0.0046,0.0027,Good,Low,2.0533,10.0,10.0,23.5988,Safe,69.307,33.7766,19.4974,Aligned,33.6946,62.3668,Side Impact Potential,Urban,2.8839,True,Residential,Poor Infrastructure,0.0002,,False,26.6018,0.0024,-0.0116,Aligned,32,Pipeline Road,3
1349,Pipeline Road,Urban Road,URB-01349,1349,12.9416,77.5602,12.9566,77.5484,2103.8,539.6,541.704,42.2237,Moderate Misalignment,0.8645,0.031,0.8761,0.1273,0.0036,29.8411,29.1834,87.6152,59.1807,51.2543,30.1583,68.4572,0.0,59.4993,53.8125,No,0.0,-0.0026,1.9846,Good,Low,1.9039,10.0,10.0,36.7605,Moderate Risk,62.1802,30.38,49.8876,Moderate Misalignment,35.368,67.9804,Significant Pedestrian Interaction,Urban,4.8935,True,Mixed,High Pedestrian Interaction | Above Human Tolerance Limit,0.1149,Light,False,29.733,-0.0032,-0.0183,Moderate Misalignment,30,Pipeline Road,4
1350,Pipeline Road,Urban Road,URB-01350,1350,13.0189,77.559,13.0238,77.5528,913.2,540.0,540.913,32.0232,Moderate Misalignment,0.6946,0.2488,0.7055,0.0083,-0.0021,39.1348,39.5915,30.3903,0.143,14.7745,51.3294,95.6142,0.0,31.3709,5.3106,No,0.0,-0.0068,-0.0007,Poor,Medium,1.8026,10.0,32.4179,24.671,Safe,62.9852,39.3834,26.3706,Moderate Misalignment,38.6092,37.1799,Side Impact Potential,Rural,1.8954,False,Residential,Poor Infrastructure,-0.0056,,False,31.0718,-0.0043,0.0039,Moderate Misalignment,39,Pipeline Road,5
1351,Pipeline Road,Urban Road,URB-01351,1351,13.048,77.5499,13.0439,77.5537,628.2,540.4,541.028,98.3823,Critical Misalignment,0.973,-0.0447,0.001,0.0137,0.9823,50.1122,49.2089,100.0,15.0273,30.88,50.9685,89.1677,0.1721,60.0,26.0607,No,0.0,0.0027,1.0089,Poor,Medium,0.5422,10.0,27.2465,49.5911,Moderate Risk,33.8979,50.118,82.3281,Critical Misalignment,102.4221,55.2855,Side Impact Potential,Peri-Urban,6.9949,False,Industrial,Speed Limit Misaligned | Poor Infrastructure | Above Human Tolerance Limit,0.0025,,False,87.6379,-0.0065,-0.0024,Critical Misalignment,52,Pipeline Road,6
1352,Pipeline Road,Urban Road,URB-01352,1352,12.9006,77.5602,12.9051,77.5656,770.1,540.8,541.57,9.9422,Aligned,0.9604,0.9726,0.0421,-0.014,0.0032,25.6191,26.4363,51.9057,23.7498,26.9484,48.9996,86.5433,0.0,28.9513,16.353,No,0.0,0.0045,-0.0223,Good,Low,2.0573,10.0,10.6271,22.233,Safe,72.7357,26.0306,19.7494,Aligned,27.4669,65.183,Side Impact Potential,Urban,2.8032,False,Commercial,Poor Infrastructure,0.0015,,False,23.0628,0.0082,0.0075,Aligned,25,Pipeline Road,7
1353,Pipeline Road,Urban Road,URB-01353,1353,12.8848,77.5459,12.895,77.5552,1549.4,541.2,542.749,15.1217,Aligned,0.9012,0.8867,0.0463,0.0228,0.0064,49.1294,48.1068,78.1892,30.7796,34.4091,49.8774,85.852,0.0,51.1315,28.026,No,0.0,-0.0012,0.9964,Poor,High,1.9209,10.0,11.8401,25.5561,Moderate Risk,70.2417,48.7188,25.7675,Moderate Misalignment,54.949,56.3237,Side Impact Potential,Urban,3.1697,True,Residential,Poor Infrastructure,0.2046,Light,False,41.3097,0.0118,0.0101,Aligned,50,Pipeline Road,8
1354,Pipeline Road,Urban Road,URB-01354,1354,12.9567,77.5484,12.9665,77.5446,1253.5,541.6,542.854,40.8702,Moderate Misalignment,0.8888,0.1119,0.907,0.0524,-0.0148,46.584,49.9086,100.0,56.0034,47.7243,49.9112,65.4422,0.1636,58.4921,54.0637,No,0.0,-0.0044,1.0677,Poor,High,0.4575,10.0,10.0,31.1211,Moderate Risk,69.6858,48.0532,33.6694,Moderate Misalignment,48.2878,60.5462,Side Impact Potential,Urban,3.8043,True,Mixed,Above Human Tolerance Limit,0.1872,Light,False,38.8731,-0.006,-0.0009,Moderate Misalignment,47,Pipeline Road,9
1355,Pipeline Road,Urban Road,URB-01355,1355,12.9974,77.5211,12.9974,77.5211,448.9,542.0,542.449,11.7481,Aligned,0.995,0.988,-0.0108,0.0098,-0.001,31.7734,33.4216,29.2194,31.8637,20.5717,51.0865,92.378,0.1778,27.9697,15.7147,No,0.0,0.0039,0.0011,Poor,High,2.1112,10.0,10.0,19.2076,Safe,76.2241,33.5867,16.1146,Aligned,33.5794,38.6566,Side Impact Potential,Rural,2.1014,False,Residential,Poor Infrastructure,0.174,Light,False,24.3693,0.002,-0.0138,Aligned,32,Pipeline Road,10
1356,Pipeline Road,Urban Road,URB-01356,1356,13.0341,77.5649,13.0377,77.5597,710.5,542.4,543.111,22.3464,Aligned,0.5601,0.5863,0.4383,0.0075,0.0006,58.2867,58.2237,99.795,0.469,15.5768,81.5123,76.6379,0.0,60.0,1.4112,No,0.0,-0.0019,0.004,Good,Medium,0.1153,10.0,10.0,21.1115,Safe,68.4666,57.982,18.3203,Aligned,58.7354,42.5426,Separated Traffic,Rural,7.8746,True,Residential,Approach to Congestion (Tapered) | Poor Infrastructure,-0.0145,,True,50.9331,0.0028,0.0128,Aligned,60,Pipeline Road,11
1357,Platform Road,State Highway,SH-01357,1357,12.9825,77.5701,12.9852,77.5722,430.8,542.8,543.231,12.1373,Aligned,0.9078,0.8752,0.1144,-0.0091,-0.0038,61.7485,59.6242,100.0,12.463,22.0437,80.8992,66.4909,0.1255,60.3455,12.3335,No,0.0,-0.0076,0.0311,Good,Low,0.4,10.0,10.0,21.6462,Safe,69.9392,60.6952,19.3045,Aligned,61.8851,51.3779,Separated Traffic,Peri-Urban,6.0129,True,Residential,Poor Infrastructure,0.1522,Light,False,46.2708,-0.0167,0.0081,Aligned,61,Platform Road,1
1358,Platform Road,Urban Road,URB-01358,1358,13.0013,77.6781,13.003,77.6678,1353.2,543.2,544.553,13.5638,Aligned,0.9165,0.9509,0.0822,-0.0126,-0.0089,26.6618,27.8382,51.1938,20.1516,29.3823,50.7024,87.293,0.0,60.0,14.6076,No,0.0,-0.0029,0.0356,Good,Low,3.5191,10.0,10.0,23.5856,Safe,72.1741,26.1839,18.0596,Aligned,28.2176,67.2197,Side Impact Potential,Urban,2.8753,False,Commercial,Poor Infrastructure,0.0077,,False,21.4248,-0.0038,0.0126,Aligned,27,Platform Road,2
1359,Police Station Road,Urban Road,URB-01359,1359,12.968,77.5702,12.9664,77.5738,428.1,543.6,544.028,14.2741,Aligned,0.9107,0.8613,0.1345,0.0371,-0.0065,71.8842,68.6924,100.0,0.5329,13.3372,79.3571,69.2699,0.1312,60.0,0.0,No,0.0,0.0021,0.0476,Poor,Low,0.0939,10.0,10.4883,20.3914,Safe,69.7371,71.8801,19.4147,Aligned,69.0488,45.6693,Separated Traffic,Rural,3.966,True,Mixed,Poor Infrastructure,0.0158,,False,62.1491,0.0125,0.005,Aligned,72,Police Station Road,1
1360,Police Station Road,Urban Road,URB-01360,1360,13.0381,77.5219,13.0319,77.5204,705.9,544.0,544.706,11.195,Aligned,0.951,1.0068,0.0471,-0.002,-0.0176,17.3827,21.6668,27.8976,0.5035,13.3009,50.0749,89.4625,0.1277,20.0,3.5419,No,0.0,-0.0002,0.0328,Poor,Medium,1.5838,10.0,10.0,19.741,Safe,68.9836,17.5417,16.0588,Aligned,17.8064,34.5845,Side Impact Potential,Rural,1.1788,False,Residential,Poor Infrastructure,0.1547,Light,False,13.104,-0.0124,0.017,Aligned,17,Police Station Road,2
1361,Pottery Lane,Urban Road,URB-01361,1361,13.0044,77.6043,13.001,77.6102,811.8,544.4,545.212,14.5365,Aligned,0.905,0.8731,0.0901,0.007,0.0002,37.8781,36.1382,75.0358,49.9019,45.9275,50.2256,85.1831,0.5467,40.3639,52.5698,No,0.0,-0.0109,1.0165,Good,High,2.0202,10.0,10.0542,25.7344,Moderate Risk,75.9458,37.3746,22.789,Aligned,33.7073,62.5133,Side Impact Potential,Urban,1.9488,True,Mixed,Meets Safe System Standards,0.0051,,False,29.6795,-0.0035,0.0099,Aligned,37,Pottery Lane,1
1362,Pottery Road,State Highway,SH-01362,1362,13.002,77.6175,12.9996,77.6087,1840.9,544.8,546.641,18.8222,Aligned,0.8246,0.8787,0.1707,0.0126,0.0083,37.0682,37.2963,24.4971,8.7263,13.2556,49.3471,93.5293,0.0,40.0,6.6164,No,0.0,0.0031,0.0159,Good,Medium,2.2225,10.0,27.3668,22.8626,Safe,67.8143,39.9317,23.3662,Aligned,37.4975,33.6755,Side Impact Potential,Rural,0.995,False,Residential,Poor Infrastructure,-0.0073,,False,34.3877,0.0187,0.0098,Aligned,38,Pottery Road,1
1363,Pottery Road,Urban Road,URB-01363,1363,13.0,77.6205,12.9981,77.6227,614.8,545.2,545.815,42.6617,Moderate Misalignment,0.8748,0.0622,0.8942,0.068,0.0018,28.5421,29.3504,77.2697,66.5422,50.0632,30.7605,84.9733,0.5593,38.5645,62.6247,No,0.0,0.0067,1.9961,Good,Medium,1.6542,10.0,32.9768,34.3783,Moderate Risk,64.9857,30.0602,48.2562,Moderate Misalignment,54.9815,56.2529,Significant Pedestrian Interaction,Urban,1.9106,True,Commercial,High Pedestrian Interaction | Above Human Tolerance Limit,-0.0173,,False,46.3674,-0.0088,-0.0154,Moderate Misalignment,28,Pottery Road,2
1364,Primrose Road,Urban Road,URB-01364,1364,12.9697,77.6121,12.9739,77.6129,487.2,545.6,546.087,38.2576,Moderate Misalignment,0.9821,0.0379,0.9946,-0.0024,0.0024,48.8136,49.2784,53.8348,0.0,26.4566,49.2051,96.7938,0.0196,39.156,11.8212,No,0.0,0.0084,0.0219,Good,Medium,2.6275,10.0,20.94,28.9754,Moderate Risk,61.1503,49.7124,31.2006,Moderate Misalignment,47.0623,64.8819,Side Impact Potential,Urban,4.2329,False,Commercial,Poor Infrastructure,0.0027,,False,39.4586,-0.0024,0.0124,Moderate Misalignment,49,Primrose Road,1
1365,Prince of Wales Road,Urban Road,URB-01365,1365,12.9929,77.5984,12.9905,77.5996,296.0,546.0,546.296,9.0714,Aligned,1.0099,1.0052,0.0097,-0.0172,-0.0023,32.9871,33.0721,29.6029,0.9098,16.2914,49.4874,89.4885,0.3684,30.6373,8.5527,No,0.0,-0.0015,-0.0295,Good,Low,2.1384,10.0,10.1735,22.2305,Safe,66.6342,34.7161,21.296,Aligned,32.8351,40.3232,Side Impact Potential,Rural,1.972,False,Residential,Poor Infrastructure,0.2129,Light,False,23.9364,0.001,0.0067,Aligned,35,Prince of Wales Road,1
1366,Professor UR Rao Road,Urban Road,URB-01366,1366,12.9688,77.633,12.9623,77.6376,952.7,546.4,547.353,9.4523,Aligned,0.9525,0.9588,0.037,0.0001,0.0065,26.0041,26.6343,49.8076,12.0149,22.3691,51.6388,87.4345,0.353,28.3114,12.6584,No,0.0,0.0082,-0.0425,Poor,Low,2.0053,10.0,10.0511,22.0188,Safe,69.9464,26.1884,18.5505,Aligned,25.691,51.9701,Side Impact Potential,Peri-Urban,2.8116,False,Mixed,Poor Infrastructure,-0.0119,,False,19.5382,-0.0052,-0.0002,Aligned,26,Professor UR Rao Roa,1
1367,Promenade Road,Urban Road,URB-01367,1367,12.9909,77.6163,12.9963,77.6072,1952.2,546.8,548.752,13.403,Aligned,0.9224,0.8757,0.0697,-0.0012,0.005,52.1516,52.7134,98.6195,17.4547,21.2424,82.2618,70.3641,0.0376,59.8946,15.4345,No,0.0,-0.0009,0.9904,Poor,Medium,0.1416,10.0,10.1879,21.4229,Safe,71.9386,51.3023,17.5434,Aligned,51.735,43.0601,Separated Traffic,Rural,6.804,True,Industrial,Poor Infrastructure,0.1679,Light,False,38.3365,0.0099,-0.0031,Aligned,52,Promenade Road,1
1368,Puttalingaiah Road,Urban Road,URB-01368,1368,12.9124,77.5587,12.9206,77.56,1241.4,547.2,548.441,10.5512,Aligned,0.9716,0.9747,0.0018,0.0102,-0.0112,18.4406,21.8887,29.107,16.7398,20.8737,50.4407,91.8127,0.1287,20.2856,12.8751,No,0.0,0.005,0.0465,Good,Low,1.3712,10.0,10.0,20.174,Safe,72.8231,18.881,16.3645,Aligned,15.8675,43.2975,Side Impact Potential,Rural,1.935,False,Residential,Poor Infrastructure,-0.0072,,False,17.7015,-0.0005,-0.0089,Aligned,17,Puttalingaiah Road,1
1369,Puttanna Chetty Road,State Highway,SH-01369,1369,12.9572,77.5696,12.9573,77.5716,938.8,547.6,548.539,15.9012,Aligned,0.7893,0.7851,0.1599,0.0003,-0.0042,51.4899,50.4656,99.2751,34.4012,27.1677,80.142,56.5882,0.0226,60.317,17.8226,No,0.0,0.0047,0.0656,Good,Low,0.4395,10.0,10.0,20.5414,Safe,75.4421,49.6848,17.9061,Aligned,48.0075,59.9351,Separated Traffic,Urban,6.8222,True,Industrial,Poor Infrastructure,0.0027,,False,38.8726,0.0054,-0.0016,Aligned,51,Puttanna Chetty Road,1
1370,Puttaswamy Road,Urban Road,URB-01370,1370,12.9942,77.5556,12.9935,77.5651,1030.6,548.0,549.031,14.3714,Aligned,0.8609,0.8336,0.1241,0.0288,-0.0031,36.3416,34.4682,84.8967,14.9346,29.8831,69.4366,87.1782,0.2236,39.5664,17.8907,No,0.0,-0.0018,0.0597,Poor,Low,1.6095,10.0,10.0,23.9408,Safe,69.933,34.0724,20.7713,Aligned,32.6748,66.4344,Separated Traffic,Urban,5.0796,True,Industrial,Poor Infrastructure,-0.0135,,False,30.6184,0.0051,0.0063,Aligned,36,Puttaswamy Road,1
1371,Puttenahalli Main Road,Urban Road,URB-01371,1371,12.8937,77.5817,12.9055,77.585,1568.9,548.4,549.969,11.1456,Aligned,0.9232,0.9322,0.0689,-0.0008,-0.007,68.7368,66.4548,100.0,0.8946,11.8044,80.7558,68.9973,0.0143,59.0208,5.4645,No,0.0,-0.0141,0.0017,Good,Medium,0.343,10.0,10.0,20.2986,Safe,69.3592,65.8971,17.3452,Aligned,66.8851,35.6596,Separated Traffic,Rural,5.7507,True,Residential,Poor Infrastructure,0.1956,Light,False,50.321,-0.0021,0.0017,Aligned,67,Puttenahalli Main Ro,1