segment_id,road_name,road_type,human_segment_id,internal_id,start_lat,start_lon,end_lat,end_lon,length_m,start_km,end_km,road_risk_score,ai_risk_label,ai_risk_probability,prob_low_risk,prob_medium_risk,prob_high_risk,prob_critical_risk,ai_recommended_speed,recommended_safe_speed,road_function_score,infrastructure_score,exposure_score,human_tolerance_limit,operating_speed_score,crash_risk_score,posted_speed_limit,pedestrian_exposure_score,blackspot_flag,crash_count,fatal_crashes,schools_count,lighting_quality,roadside_hazards,intersection_density,speed_compliance_rate,speed_violation_score,hotspot_score,hotspot_category,speed_safety_score,original_safe_speed,misalignment_score,misalignment_category,speed_p85,ptw_share_pct,exposure_tier,urban_rural_flag,lane_count,median_presence,land_use_type,top_ai_factors,congestion_index,congestion_category,congestion_smoothed,operating_speed_mean,minor_crashes,major_crashes,risk_category,final_safe_speed,corridor_base,corridor_seq
1372,Queen's Road,State Highway,SH-01372,1372,12.9842,77.597,12.981,77.5971,1448.1,548.8,550.248,37.958,Aligned,0.3778,0.4041,0.3204,0.3101,0.0064,54.4131,54.6819,99.274,1.1731,16.9738,80.2467,44.9768,0.0,78.4852,8.5071,No,0.0,0.0056,0.042,Poor,Low,0.342,10.0,10.0,21.9928,Safe,68.7362,57.4547,18.9488,Aligned,57.0304,40.598,Separated Traffic,Rural,7.852,True,Industrial,Poor Infrastructure,0.1548,Light,False,46.3505,-0.0003,-0.0027,Aligned,55,Queen's Road,1
1373,Queen's Road,State Highway,SH-01373,1373,12.9918,77.5999,12.9844,77.5972,986.4,549.2,550.186,11.0883,Aligned,0.9795,0.9516,0.027,0.0142,-0.0013,26.0352,25.9594,31.498,23.5024,27.8805,50.7308,88.0744,0.0,40.0,18.9533,No,0.0,0.011,0.9979,Poor,Low,2.982,10.0,10.0,22.9678,Safe,72.476,27.8405,21.0436,Aligned,27.7152,61.4294,Side Impact Potential,Peri-Urban,2.1743,False,Mixed,Poor Infrastructure,0.0043,,False,23.2696,-0.0033,-0.0043,Aligned,25,Queen's Road,2
1374,R K Road,Urban Road,URB-01374,1374,13.0159,77.5438,13.0161,77.5442,47.3,549.6,549.647,11.9055,Aligned,0.9782,0.953,0.0369,-0.0052,0.0091,40.2915,39.9857,84.7612,30.5262,44.224,51.141,72.9443,0.1272,50.3024,43.7725,No,0.0,0.005,0.9381,Poor,Low,1.7234,10.0,10.0,27.9928,Moderate Risk,71.5486,39.1248,25.5772,Aligned,41.4133,65.6283,Side Impact Potential,Urban,5.3536,True,Residential,Poor Infrastructure,0.111,Light,False,30.8443,-0.0071,-0.0079,Aligned,38,R K Road,1
1375,RMV Clusters Phase 1 Road,Urban Road,URB-01375,1375,13.0481,77.5674,13.0507,77.5678,284.9,550.0,550.285,16.4167,Aligned,0.7389,0.7353,0.2699,0.001,-0.0037,78.7826,80.2474,100.0,2.5479,18.0623,80.2025,78.1587,0.0,59.9819,6.2023,No,0.0,-0.001,0.0021,Poor,High,0.3138,10.0,10.0715,24.7725,Safe,64.8894,78.0591,23.7238,Moderate Misalignment,86.5652,41.3267,Separated Traffic,Rural,7.106,True,Residential,Poor Infrastructure,0.1784,Light,False,64.7485,0.0069,0.008,Aligned,79,RMV Clusters Phase 1,1
1376,RMZ Ecoworld Internal Road,Urban Road,URB-01376,1376,12.9296,77.6847,12.9299,77.6846,35.7,550.4,550.436,12.1023,Aligned,0.922,0.894,0.1196,0.0003,0.0066,57.5961,58.1946,97.242,15.7634,22.6356,80.5509,71.5395,0.0,60.0,9.4546,No,0.0,0.0184,0.0279,Good,High,0.3057,10.0,10.0,21.6946,Safe,71.8544,58.4153,18.9489,Aligned,58.5286,60.7073,Separated Traffic,Peri-Urban,5.9519,True,Residential,Poor Infrastructure,-0.0154,,False,47.5962,-0.0025,0.0138,Aligned,57,RMZ Ecoworld Interna,1
1377,RMZ Ecoworld Internal Road,Urban Road,URB-01377,1377,12.926,77.6858,12.9247,77.686,147.2,550.8,550.947,33.6719,Moderate Misalignment,0.8147,0.1653,0.8444,-0.0059,0.0019,44.6249,45.3088,55.1852,21.1796,29.1045,49.863,93.7712,0.3898,39.9522,16.8086,No,0.0,-0.0005,0.0074,Good,Medium,2.7338,10.0,13.4622,25.929,Safe,67.8242,45.5482,24.5722,Moderate Misalignment,47.3856,60.6288,Side Impact Potential,Peri-Urban,3.1524,False,Residential,Poor Infrastructure,0.0281,,False,37.5561,-0.0115,0.0148,Moderate Misalignment,47,RMZ Ecoworld Interna,2
1378,RT Nagar Main Road,Urban Road,URB-01378,1378,13.0249,77.593,13.0163,77.5914,978.1,551.2,552.178,8.3368,Aligned,0.9721,0.9866,0.0058,-0.0008,0.0116,40.7537,38.9151,75.6786,39.0201,42.0678,49.5818,70.6643,0.0,59.0299,45.693,No,0.0,-0.0076,0.9929,Good,Low,1.6018,10.0,10.0427,26.2713,Moderate Risk,73.8152,37.1176,22.9116,Aligned,38.382,58.7849,Side Impact Potential,Urban,4.9524,False,Residential,Meets Safe System Standards,-0.0014,,False,29.3333,0.0098,0.0032,Aligned,40,RT Nagar Main Road,1
1379,RT Nagar Main Road,Urban Road,URB-01379,1379,13.0285,77.5936,13.0282,77.5936,442.6,551.6,552.043,11.3167,Aligned,0.9425,0.9353,0.0225,0.0151,-0.0018,40.9877,39.5949,80.7867,43.406,46.35,48.452,71.3042,0.1182,49.4769,52.329,No,0.0,0.0022,1.9519,Poor,Medium,1.5778,10.0,10.4204,26.7917,Moderate Risk,74.5507,40.067,23.2786,Aligned,38.1623,62.7737,Side Impact Potential,Urban,6.0451,False,Mixed,Meets Safe System Standards,0.1461,Light,False,32.2936,-0.0065,0.0178,Aligned,41,RT Nagar Main Road,2
1380,Race Course Road,Urban Road,URB-01380,1380,12.9808,77.5748,12.9832,77.5768,3453.1,552.0,555.453,10.3503,Aligned,0.9436,0.9708,0.0099,0.0042,0.0,82.1,82.3239,100.0,2.5691,17.0594,79.335,15.5955,0.149,60.0,11.5114,No,0.0,0.0081,0.0634,Poor,Medium,0.3659,10.0,10.0,24.423,Safe,65.1636,80.3174,24.1353,Aligned,84.9536,33.3589,Separated Traffic,Rural,4.9569,True,Industrial,Active Congestion | Poor Infrastructure,0.7059,Severe,False,25.2446,-0.0118,0.0325,Aligned,82,Race Course Road,1
1381,Rachenahalli Main Road,Urban Road,URB-01381,1381,13.0654,77.6206,13.0559,77.6324,2364.0,552.4,554.764,39.9356,Moderate Misalignment,0.857,0.0576,0.8971,0.072,-0.0044,29.8074,31.4211,76.7262,25.8697,40.1773,28.9822,68.6397,0.0,52.2177,42.1071,No,0.0,-0.0122,1.0553,Good,Low,1.489,10.0,10.2148,38.1755,Moderate Risk,55.71,28.9262,48.9789,Moderate Misalignment,44.7813,59.232,Significant Pedestrian Interaction,Urban,2.8316,True,Residential,High Pedestrian Interaction | Poor Infrastructure | Above Human Tolerance Limit,0.254,Light,False,28.531,0.008,0.0046,Moderate Misalignment,32,Rachenahalli Main Ro,1
1382,Ragigudda-Silk Board Integrated Flyover (u/c),State Highway,SH-01382,1382,12.9162,77.6189,12.917,77.5879,3360.6,552.8,556.161,42.3659,Moderate Misalignment,0.7831,0.0488,0.785,0.1479,0.002,52.2238,52.0264,98.0181,36.1228,27.0076,48.145,72.2976,0.3311,61.915,11.6767,No,0.0,0.0049,0.0691,Good,Low,0.4406,10.0,10.0,25.076,Moderate Risk,68.2227,48.9714,29.5012,Moderate Misalignment,48.4809,63.732,Side Impact Potential,Urban,5.7978,False,Commercial,Poor Infrastructure | Above Human Tolerance Limit,-0.0044,,False,37.9379,-0.0057,-0.0058,Moderate Misalignment,52,Ragigudda-Silk Board,1
1383,Rahman Khan Road,Urban Road,URB-01383,1383,13.0199,77.5542,13.0187,77.5576,740.1,553.2,553.94,10.8501,Aligned,0.9631,0.9501,0.0505,0.0064,-0.0058,32.6985,32.556,86.25,19.7974,29.0873,49.445,81.5762,0.4659,38.8484,17.1742,No,0.0,0.0036,-0.0697,Good,Medium,1.5391,10.0,10.0,24.165,Safe,70.9928,30.3576,19.8669,Aligned,33.7199,65.6258,Side Impact Potential,Urban,3.9945,True,Commercial,Poor Infrastructure,0.0058,,False,29.3729,0.0029,-0.0144,Aligned,32,Rahman Khan Road,1
1384,Rahman Khan Road,Urban Road,URB-01384,1384,13.0199,77.5528,13.0174,77.5471,675.1,553.6,554.275,10.9361,Aligned,0.9796,1.0134,0.001,-0.0117,-0.005,31.4965,33.0788,79.9763,31.5488,25.0541,70.8089,78.7891,0.3694,39.539,13.7382,No,0.0,0.0055,-0.0071,Good,Low,1.387,10.0,10.1072,20.8215,Safe,73.3674,32.5321,18.6424,Aligned,35.1085,62.629,Separated Traffic,Urban,3.144,True,Mixed,Poor Infrastructure,0.1235,Light,False,24.8087,-0.0027,0.0064,Aligned,30,Rahman Khan Road,2
1385,Railway Line Road,Urban Road,URB-01385,1385,12.9969,77.6623,12.9872,77.6485,2493.1,554.0,556.493,16.2893,Aligned,0.785,0.7659,0.2157,0.0116,-0.0023,69.3891,67.6326,98.3021,11.0931,15.3773,77.1083,78.4267,0.3941,59.8273,12.264,No,0.0,-0.0002,0.0234,Poor,High,0.1493,10.0,10.0877,19.3337,Safe,72.6628,66.3362,16.6409,Aligned,67.7079,32.6718,Separated Traffic,Rural,5.1369,True,Residential,Poor Infrastructure,0.0146,,False,54.9878,-0.0015,0.006,Aligned,69,Railway Line Road,1
1386,Railway Parallel Road,Urban Road,URB-01386,1386,12.988,77.5776,12.9963,77.5847,1237.6,554.4,555.638,15.0097,Aligned,0.8588,0.8623,0.1459,0.0036,0.0004,78.176,79.2073,100.0,19.232,27.2522,80.373,75.6883,0.0,59.9412,16.267,No,0.0,-0.0069,-0.0211,Good,Low,0.4569,10.0,10.0,28.1582,Moderate Risk,64.9201,80.6363,31.6599,Moderate Misalignment,86.0015,65.9842,Separated Traffic,Urban,6.0894,True,Mixed,Poor Infrastructure | Above Human Tolerance Limit,0.0121,,False,74.9395,-0.0044,0.001,Aligned,78,Railway Parallel Roa,1
1387,Railway Parallel Road,Urban Road,URB-01387,1387,12.9544,77.5358,12.9643,77.5433,1377.8,554.8,556.178,11.2781,Aligned,0.9909,0.9825,0.0366,-0.0026,-0.0093,41.1528,44.0517,70.6303,14.3209,27.1135,50.3037,75.9367,0.0,49.7278,14.187,No,0.0,0.0036,1.0108,Good,Medium,1.9955,10.0,10.0,23.9969,Safe,69.9477,38.9705,20.7294,Aligned,44.5817,67.7736,Side Impact Potential,Urban,2.1832,False,Commercial,Poor Infrastructure,0.013,,False,34.2546,0.0062,-0.0,Aligned,44,Railway Parallel Roa,2
1388,Railway Parallel Road,Urban Road,URB-01388,1388,13.0238,77.5528,13.0211,77.5536,355.1,555.2,555.555,37.7272,Moderate Misalignment,0.8758,0.1345,0.91,0.0287,-0.0012,81.8604,79.8397,100.0,14.3738,26.2779,81.9906,87.3469,0.1929,59.9785,14.318,No,0.0,0.0101,-0.0039,Poor,Medium,0.6711,10.0,16.7431,28.4398,Moderate Risk,63.538,81.7358,33.5837,Moderate Misalignment,92.8388,63.0164,Separated Traffic,Urban,8.2997,True,Commercial,Poor Infrastructure,0.1941,Light,False,72.609,-0.0013,0.0094,Moderate Misalignment,82,Railway Parallel Roa,3
1389,Railway Platform Road,State Highway,SH-01389,1389,12.9906,77.5717,12.9895,77.5719,1108.1,555.6,556.708,39.7103,Moderate Misalignment,0.9592,0.0132,0.9507,0.029,0.0065,78.274,80.9581,99.794,22.5244,27.2233,77.8289,96.4988,0.0,60.1031,12.7823,No,0.0,0.0002,0.0304,Good,High,0.3631,10.0,16.8368,27.248,Moderate Risk,64.4753,81.1909,32.0713,Moderate Misalignment,92.2065,61.1429,Separated Traffic,Peri-Urban,5.966,True,Residential,Poor Infrastructure,-0.0007,,False,83.935,-0.006,0.0015,Moderate Misalignment,79,Railway Platform Roa,1
1390,Railway Station Road,Urban Road,URB-01390,1390,13.1015,77.5936,13.1005,77.5951,833.9,556.0,556.834,20.4859,Aligned,0.7651,0.7667,0.2583,0.0092,0.0025,33.8649,33.15,48.8235,0.4037,22.9868,50.5278,99.7665,0.1005,30.5103,8.4877,No,0.0,0.0007,0.0083,Poor,High,2.5143,10.0,10.0,25.0365,Moderate Risk,65.0128,33.3505,24.1835,Aligned,33.0957,59.1517,Side Impact Potential,Urban,1.8938,False,Mixed,Poor Infrastructure,-0.0141,,False,27.2758,0.0009,-0.0133,Aligned,36,Railway Station Road,1
1391,Raj Bhavan Road,State Highway,SH-01391,1391,12.9815,77.5959,12.9846,77.5883,906.0,556.4,557.306,12.5199,Aligned,0.9177,0.9334,0.1428,0.0091,0.0001,36.0382,30.7673,68.2304,14.9691,26.6348,51.3389,64.9553,25.1628,49.0131,17.9174,No,0.0,0.0025,-0.0148,Good,Medium,1.7413,10.0,10.0,29.0883,Moderate Risk,66.7186,36.9463,20.5204,Aligned,38.5828,56.0753,Side Impact Potential,Urban,2.1033,False,Industrial,Poor Infrastructure,0.2299,Light,False,26.7303,0.9888,0.9921,Aligned,38,Raj Bhavan Road,1
1392,Rajagopala Nagara Road,Urban Road,URB-01392,1392,13.0265,77.5147,13.011,77.5069,2285.8,556.8,559.086,14.7361,Aligned,0.8179,0.8238,0.154,0.0402,-0.0047,59.4099,58.6358,100.0,10.4262,17.323,79.9832,59.462,0.0,60.0,8.4099,No,0.0,0.004,0.0375,Good,Medium,0.2039,10.0,10.0,19.6725,Safe,72.1281,57.8903,16.4515,Aligned,57.3942,40.313,Separated Traffic,Rural,6.0447,True,Residential,Approach to Congestion (Tapered) | Poor Infrastructure,0.0142,,True,50.9922,-0.0166,-0.0107,Aligned,58,Rajagopala Nagara Ro,1
1393,Rajagopalnagar Main road,Urban Road,URB-01393,1393,13.0258,77.5208,13.0242,77.5188,282.5,557.2,557.483,38.1012,Moderate Misalignment,0.9556,-0.0261,0.9677,0.0034,0.0065,53.2943,57.0602,79.081,26.1408,31.428,70.4817,99.4977,0.2232,49.8604,21.9509,No,0.0,0.0005,1.0488,Good,High,1.5149,10.0,10.3828,25.5861,Moderate Risk,68.6051,54.9662,25.8355,Moderate Misalignment,53.8891,62.1492,Separated Traffic,Urban,3.1274,True,Residential,Poor Infrastructure,-0.0014,,False,48.6647,-0.0097,0.0233,Moderate Misalignment,55,Rajagopalnagar Main ,1
1394,Rajajinagar 1st Block Flyover,State Highway,SH-01394,1394,13.0026,77.5493,13.0048,77.5489,247.7,557.6,557.848,19.328,Aligned,0.7651,0.7987,0.1752,0.0657,-0.0053,55.4531,57.9718,100.0,11.6647,19.0211,80.7192,85.1759,0.0,61.0509,6.8261,No,0.0,-0.0004,-0.0255,Poor,High,0.2619,10.0,10.2353,20.1104,Safe,72.6748,57.2669,19.0734,Aligned,57.3715,51.482,Separated Traffic,Peri-Urban,8.0467,True,Commercial,Poor Infrastructure,-0.0163,,False,49.0263,-0.0157,0.0033,Aligned,58,Rajajinagar 1st Bloc,1
1395,Rajajinagar 1st Block Flyover,State Highway,SH-01395,1395,13.0048,77.549,13.0025,77.5494,268.6,558.0,558.269,24.7447,Moderate Misalignment,0.4944,0.4744,0.5293,0.0225,-0.0024,79.7113,80.6106,98.9073,1.1059,10.9821,80.229,88.1844,0.1334,58.8605,0.9116,No,0.0,0.0009,0.0102,Poor,Low,0.3085,10.0,10.0,24.7301,Safe,61.704,82.4177,31.028,Moderate Misalignment,88.1859,35.7792,Separated Traffic,Rural,6.9671,True,Industrial,Poor Infrastructure | Above Human Tolerance Limit,-0.01,,False,81.5898,0.0058,-0.0107,Moderate Misalignment,81,Rajajinagar 1st Bloc,2
1396,Rajajinagar Entrance Underpass,Urban Road,URB-01396,1396,12.9837,77.5581,12.9827,77.5615,390.5,558.4,558.79,12.0178,Aligned,0.9798,0.9666,0.0434,-0.0116,-0.006,15.9379,19.827,26.531,45.9083,37.2009,29.9485,89.9531,4.776,20.0,41.3751,No,0.0,0.0042,1.9677,Poor,Low,2.6607,10.0,10.1418,24.0479,Safe,75.5249,15.5143,20.0039,Aligned,10.8638,51.4177,Significant Pedestrian Interaction,Peri-Urban,2.0405,False,Commercial,High Pedestrian Interaction,0.0001,,False,13.5589,0.9996,0.0027,Aligned,15,Rajajinagar Entrance,1
1397,Rajaram Mohan Roy Road,State Highway,SH-01397,1397,12.965,77.5983,12.9673,77.5884,1249.5,558.8,560.05,10.4574,Aligned,0.9218,0.9033,0.0753,-0.0048,0.0007,29.842,27.4581,54.0888,10.3137,23.0383,48.6903,88.5443,0.0377,40.0,7.5976,No,0.0,-0.0006,0.0259,Good,Medium,3.7226,10.0,10.0,22.576,Safe,69.8414,29.0385,19.3013,Aligned,28.3084,63.2442,Side Impact Potential,Urban,2.1086,False,Residential,Poor Infrastructure,0.1325,Light,False,23.3399,0.0177,-0.0056,Aligned,29,Rajaram Mohan Roy Ro,1
1398,Rajaram Mohan Roy Road,State Highway,SH-01398,1398,12.9673,77.5949,12.9653,77.597,394.3,559.2,559.594,14.3883,Aligned,0.9417,0.9706,0.0524,0.0135,-0.0019,20.8309,19.5145,26.6193,0.0,14.3292,49.4521,78.4648,0.1889,40.0,2.5002,No,0.0,0.0095,0.0045,Poor,Low,1.3892,10.0,10.4622,21.0,Safe,69.5593,17.8859,18.2911,Aligned,22.0997,42.8683,Side Impact Potential,Rural,0.8777,False,Mixed,Active Congestion | Poor Infrastructure,0.7706,Severe,False,10.0,0.0063,-0.0013,Aligned,19,Rajaram Mohan Roy Ro,2
1399,Rajiv Gandhi Nagar Railway Parallel Road,Urban Road,URB-01399,1399,13.0668,77.5811,13.0625,77.5732,1060.2,559.6,560.66,12.9005,Aligned,0.8887,0.8837,0.1138,0.0117,-0.0036,55.7822,54.9714,98.0196,0.0,17.723,80.8023,67.8906,0.0805,60.0,7.6052,No,0.0,0.0089,0.0066,Poor,High,0.4084,10.0,10.0,22.6832,Safe,69.4566,57.6144,19.5541,Aligned,56.2337,49.5306,Separated Traffic,Peri-Urban,4.1499,True,Industrial,Poor Infrastructure,-0.0054,,False,47.9741,-0.0164,0.0018,Aligned,57,Rajiv Gandhi Nagar R,1
1400,Rama Road,Urban Road,URB-01400,1400,13.05,77.5975,13.0534,77.598,385.2,560.0,560.385,10.8105,Aligned,0.977,1.038,0.0528,0.0008,0.0059,29.9144,29.933,55.097,0.3446,13.6634,51.957,73.3702,0.0,60.0,5.4249,No,0.0,-0.0073,0.0368,Poor,High,1.3676,10.0,10.0766,20.1577,Safe,70.2473,29.7632,17.4401,Aligned,29.0556,32.6773,Side Impact Potential,Rural,3.8999,False,Residential,Poor Infrastructure,0.1814,Light,False,22.0009,0.017,0.009,Aligned,28,Rama Road,1
1401,Ramachandra Road,Urban Road,URB-01401,1401,12.9768,77.58,12.9751,77.5825,327.8,560.4,560.728,35.8365,Aligned,0.5694,0.537,0.0206,0.3854,0.0007,79.9626,78.1726,100.0,6.304,16.6539,79.1618,69.9323,0.254,59.607,8.0408,No,0.0,0.0081,-0.001,Poor,Low,0.2188,10.0,31.6978,37.925,Moderate Risk,45.4121,79.6018,59.5907,High Misalignment,119.6339,42.7506,Separated Traffic,Rural,4.9346,True,Commercial,Speed Limit Misaligned | Poor Infrastructure | Above Human Tolerance Limit,-0.0059,,False,112.6905,0.0018,0.0084,Aligned,81,Ramachandra Road,1
1402,Ramachandrapura Main Road,Urban Road,URB-01402,1402,13.0602,77.5514,13.0699,77.5552,1203.9,560.8,562.004,28.9527,Moderate Misalignment,0.6675,0.2514,0.6326,0.0223,-0.0038,37.0007,38.3972,52.5791,1.3821,14.9468,49.2259,99.4423,0.0,59.6908,1.5288,No,0.0,-0.0034,-0.0046,Good,Low,1.6005,10.0,22.5534,23.8572,Safe,65.4574,36.4809,24.9726,Moderate Misalignment,36.4994,46.4763,Side Impact Potential,Rural,2.8547,False,Industrial,Poor Infrastructure,0.1794,Light,False,28.9293,-0.0083,-0.0055,Moderate Misalignment,37,Ramachandrapura Main,1
1403,Ramachandrapura Road,Urban Road,URB-01403,1403,13.0533,77.5509,13.0602,77.5514,764.9,561.2,561.965,10.7818,Aligned,0.9952,0.9982,-0.0145,0.015,-0.0025,21.9932,23.2856,31.4231,13.355,27.591,50.1584,82.7084,0.0,39.6107,17.51,No,0.0,0.0044,0.9845,Poor,Medium,2.2349,10.0,10.2742,23.9624,Safe,70.3391,20.9273,21.4979,Aligned,21.4535,63.6101,Side Impact Potential,Peri-Urban,1.9035,False,Residential,Poor Infrastructure,0.0166,,False,21.075,0.0068,-0.0067,Aligned,22,Ramachandrapura Road,1
1404,Ramagondanahalli Borewell Road,Urban Road,URB-01404,1404,12.957,77.742,12.9691,77.7428,1443.6,561.6,563.044,46.375,Moderate Misalignment,0.6748,0.0606,0.6635,0.2376,0.0015,50.2811,49.3105,97.9119,14.5318,19.7884,51.7587,81.0697,0.0,59.5865,13.1076,No,0.0,-0.0124,1.0612,Poor,Medium,0.2389,10.0,10.1748,25.9728,Moderate Risk,64.8986,49.1419,32.5527,Moderate Misalignment,54.0099,43.5165,Side Impact Potential,Rural,5.052,False,Residential,Poor Infrastructure | Above Human Tolerance Limit,0.0102,,False,47.8958,-0.0061,-0.0032,Moderate Misalignment,51,Ramagondanahalli Bor,1
1405,Ramaiah Bridge,Urban Road,URB-01405,1405,13.0402,77.5573,13.0354,77.5575,535.3,562.0,562.535,71.7938,High Misalignment,0.939,0.0593,0.119,0.9213,-0.0002,29.9564,30.0048,86.4315,44.866,51.7548,30.5877,89.9068,0.0386,51.1746,61.7901,No,0.0,-0.0052,0.9728,Good,Medium,1.8678,10.0,10.965,41.8109,Moderate Risk,54.2462,28.908,56.3169,High Misalignment,56.4993,65.1765,Significant Pedestrian Interaction,Urban,5.9436,True,Commercial,Speed Limit Misaligned | High Pedestrian Interaction | Above Human Tolerance Limit,0.15,Light,False,42.8405,-0.014,-0.0126,High Misalignment,29,Ramaiah Bridge,1
1406,Ramaiah Bridge,Urban Road,URB-01406,1406,13.0358,77.5575,13.0402,77.5573,486.8,562.4,562.887,28.6401,Moderate Misalignment,0.6151,0.3514,0.6218,0.0185,-0.0013,76.1791,74.3851,99.4622,0.0357,13.7667,79.7197,53.5068,0.2497,60.0,6.9252,No,0.0,-0.0024,0.024,Poor,Low,0.129,10.0,10.0226,26.3312,Moderate Risk,61.6829,76.2182,31.3461,Moderate Misalignment,76.72,35.608,Separated Traffic,Rural,4.0913,True,Industrial,Poor Infrastructure | Above Human Tolerance Limit,0.1655,Light,False,57.5372,-0.0012,0.0083,Moderate Misalignment,75,Ramaiah Bridge,2
1407,Ramakrishna Road,Urban Road,URB-01407,1407,12.9947,77.6291,12.9964,77.6214,961.2,562.8,563.761,46.683,High Misalignment,0.4847,0.4136,0.081,0.4955,0.0085,60.628,60.0489,99.91,25.0782,22.0059,77.5685,80.3815,0.1066,59.1448,14.2603,No,0.0,0.0095,-0.0003,Good,Low,0.5839,10.0,10.0,19.8484,Safe,74.8218,59.783,18.4812,Aligned,60.5723,55.0971,Separated Traffic,Peri-Urban,6.1142,True,Residential,Poor Infrastructure,-0.0031,,False,49.7209,0.0117,-0.0034,High Misalignment,61,Ramakrishna Road,1
1408,Ramamurthinagar Main Road,Urban Road,URB-01408,1408,13.013,77.6635,13.0131,77.6625,3302.5,563.2,566.503,13.9007,Aligned,0.9302,0.9121,0.0682,-0.0039,0.0011,37.7183,35.7644,71.9274,0.9915,27.059,50.6475,76.4869,0.3264,48.0817,13.9027,No,0.0,0.0079,0.0179,Poor,High,1.8399,10.0,10.0,26.2457,Moderate Risk,66.7492,38.7314,21.2679,Aligned,38.0059,65.4817,Side Impact Potential,Urban,4.1392,False,Residential,Poor Infrastructure,0.0033,,False,35.4761,0.0068,0.0084,Aligned,37,Ramamurthinagar Main,1
1409,Ramamurthinagar Main Road,Urban Road,URB-01409,1409,13.0134,77.6624,13.0132,77.6628,51.1,563.6,563.651,12.1672,Aligned,0.9828,0.9776,0.0671,-0.0098,-0.002,43.0102,41.4551,68.8033,14.2278,28.1476,52.5463,77.0825,0.202,60.0,15.4108,No,0.0,0.0027,0.9937,Good,Medium,1.9891,10.0,10.2649,24.8479,Safe,70.4821,43.608,21.4081,Aligned,40.0041,67.4589,Side Impact Potential,Urban,1.5869,False,Commercial,Poor Infrastructure,0.0102,,False,34.8324,0.0104,-0.0011,Aligned,42,Ramamurthinagar Main,2
1410,Ramamurthy Nagar Bridge,Urban Road,URB-01410,1410,13.0132,77.6628,13.0134,77.6636,91.6,564.0,564.092,10.1572,Aligned,1.0006,0.9277,0.061,0.0282,0.0022,23.8112,22.3707,57.305,7.1988,15.9682,70.2774,84.7725,0.0,40.1464,11.1542,No,0.0,0.0067,-0.0071,Poor,Medium,0.9973,10.0,10.3253,20.4801,Safe,69.9266,24.3455,19.8196,Aligned,23.4203,36.4559,Separated Traffic,Rural,2.9744,True,Residential,Poor Infrastructure,-0.0144,,False,20.329,0.0081,-0.0048,Aligned,24,Ramamurthy Nagar Bri,1
1411,Ramana Maharshi Road,State Highway,SH-01411,1411,13.0101,77.5838,13.0108,77.5838,75.3,564.4,564.475,39.2805,Moderate Misalignment,0.8912,0.0391,0.8926,0.033,-0.0008,25.8582,28.0107,79.2649,35.7052,41.9665,30.5362,77.0396,0.3435,41.853,49.7661,No,0.0,-0.0025,1.0169,Poor,Low,1.7339,10.0,10.0,31.5216,Moderate Risk,65.9601,25.4874,36.5595,Moderate Misalignment,25.6896,51.6406,Significant Pedestrian Interaction,Peri-Urban,2.7587,True,Industrial,High Pedestrian Interaction | Poor Infrastructure | Above Human Tolerance Limit,0.0093,,False,22.2263,0.0027,-0.0061,Moderate Misalignment,28,Ramana Maharshi Road,1
1412,Ramanjaneya Road,Urban Road,URB-01412,1412,12.9442,77.5547,12.9444,77.5575,309.9,564.8,565.11,8.9998,Aligned,0.971,0.9993,0.0166,-0.011,0.0117,37.3845,36.6143,59.2217,53.4732,44.0781,50.4768,90.8588,0.495,40.0812,46.8008,No,0.0,-0.0071,1.0576,Good,Low,3.3816,10.0,10.0,24.6216,Safe,78.7557,35.6825,22.2052,Aligned,35.0334,60.7824,Side Impact Potential,Urban,1.7804,True,Commercial,Meets Safe System Standards,0.0015,,False,34.7584,0.0082,0.0176,Aligned,36,Ramanjaneya Road,1
1413,Ramp A,State Highway,SH-01413,1413,12.9171,77.5879,12.9188,77.6214,3803.6,565.2,569.004,34.1761,Moderate Misalignment,0.5531,0.3344,0.5466,0.1277,0.0053,83.3396,80.6579,100.0,13.0916,18.4411,80.1521,86.4247,0.2502,80.0,12.4125,No,0.0,0.0011,-0.0093,Poor,Low,0.1252,10.0,15.6094,31.9078,Moderate Risk,53.8581,80.4752,45.3935,Moderate Misalignment,104.8905,43.1664,Separated Traffic,Rural,8.2794,True,Residential,Poor Infrastructure | Above Human Tolerance Limit,0.1545,Light,False,80.1343,0.0014,0.0227,Moderate Misalignment,82,Ramp A,1
1414,Ramp to Hosur road joining Ragigudda Silkboard Double Decker Flyover,National Highway,NH-01414,1414,12.9166,77.6202,12.9188,77.6214,288.5,565.6,565.889,11.8051,Aligned,0.9754,0.8997,0.0584,0.0102,-0.0089,43.06,44.4858,71.9059,32.4382,34.4752,48.5078,83.8608,0.0458,60.0,34.8722,No,0.0,-0.0066,1.9678,Poor,Low,1.9849,10.0,10.0,23.816,Safe,75.4477,43.5597,21.3778,Aligned,41.2065,60.5163,Side Impact Potential,Urban,2.9093,False,Residential,Poor Infrastructure,0.0108,,False,41.076,0.0023,-0.0131,Aligned,44,Ramp to Hosur road j,1
1415,Ranga Rao Road,Urban Road,URB-01415,1415,12.9482,77.569,12.9571,77.5685,987.4,566.0,566.987,44.9269,Moderate Misalignment,0.8193,0.0292,0.7732,0.1672,-0.0137,31.1475,30.4261,79.5572,52.7533,52.3857,30.1289,98.3623,0.1752,40.9114,60.6626,No,0.0,-0.0002,1.0596,Good,High,1.7905,10.0,15.9451,35.5706,Moderate Risk,63.2383,29.3491,43.0779,Moderate Misalignment,48.0453,69.9865,Significant Pedestrian Interaction,Urban,1.9197,True,Residential,High Pedestrian Interaction | Above Human Tolerance Limit,0.0176,,False,37.1064,-0.003,-0.0002,Moderate Misalignment,30,Ranga Rao Road,1