segment_id,road_name,road_type,human_segment_id,internal_id,start_lat,start_lon,end_lat,end_lon,length_m,start_km,end_km,road_risk_score,ai_risk_label,ai_risk_probability,prob_low_risk,prob_medium_risk,prob_high_risk,prob_critical_risk,ai_recommended_speed,recommended_safe_speed,road_function_score,infrastructure_score,exposure_score,human_tolerance_limit,operating_speed_score,crash_risk_score,posted_speed_limit,pedestrian_exposure_score,blackspot_flag,crash_count,fatal_crashes,schools_count,lighting_quality,roadside_hazards,intersection_density,speed_compliance_rate,speed_violation_score,hotspot_score,hotspot_category,speed_safety_score,original_safe_speed,misalignment_score,misalignment_category,speed_p85,ptw_share_pct,exposure_tier,urban_rural_flag,lane_count,median_presence,land_use_type,top_ai_factors,congestion_index,congestion_category,congestion_smoothed,operating_speed_mean,minor_crashes,major_crashes,risk_category,final_safe_speed,corridor_base,corridor_seq
1416,Ranka Colony Road,Urban Road,URB-01416,1416,12.9033,77.609,12.9035,77.6015,814.6,566.4,567.215,11.7491,Aligned,0.9445,0.9768,0.0291,-0.005,0.0064,18.0498,20.1,28.8385,14.4588,24.4116,48.9894,91.6545,0.0388,20.0,25.0651,No,0.0,-0.0025,0.9462,Poor,High,1.9748,10.0,10.306,22.3449,Safe,71.3828,16.8401,19.8452,Aligned,15.0598,38.4965,Side Impact Potential,Rural,0.8466,False,Residential,Poor Infrastructure,-0.0056,,False,16.9551,-0.0119,0.0074,Aligned,19,Ranka Colony Road,1
1417,Rashtriya Vidyalaya Road,Urban Road,URB-01417,1417,12.9483,77.58,12.9483,77.58,8237.3,566.8,575.037,12.992,Aligned,0.9047,0.855,0.0987,0.0224,-0.0014,42.1015,38.8161,100.0,22.631,29.7687,80.122,61.0031,0.0,60.0,15.9536,No,0.0,-0.0032,0.0068,Poor,Low,0.5569,10.0,10.0026,23.25,Safe,71.8746,39.8017,18.1452,Aligned,40.2177,67.1156,Separated Traffic,Urban,7.0634,True,Commercial,Poor Infrastructure,-0.0189,,False,33.0994,-0.0167,0.0031,Aligned,40,Rashtriya Vidyalaya ,1
1418,Rashtrotthana Junction Flyover,State Highway,SH-01418,1418,13.0652,77.6335,13.0689,77.6336,402.7,567.2,567.603,32.9296,Moderate Misalignment,0.7671,0.2384,0.7927,0.0212,0.0118,56.9475,59.3777,76.5122,9.8608,19.7872,69.3028,93.5688,0.2178,51.6847,5.3363,No,0.0,-0.0011,0.0417,Good,High,1.6205,10.0,17.5323,24.1328,Safe,65.6821,57.359,27.9315,Moderate Misalignment,59.5111,54.3617,Separated Traffic,Urban,2.1497,True,Mixed,Poor Infrastructure,0.1138,Light,False,45.6925,-0.0052,0.0024,Moderate Misalignment,56,Rashtrotthana Juncti,1
1419,Rashtrotthana Junction Flyover,State Highway,SH-01419,1419,13.0689,77.6337,13.0653,77.6336,403.3,567.6,568.003,37.2237,Moderate Misalignment,0.9099,0.063,0.8762,-0.0012,-0.0036,48.9645,47.2048,80.075,31.9956,30.9205,49.6982,96.6977,0.0,40.0,18.0864,No,0.0,0.0045,0.0109,Poor,Low,2.561,10.0,18.8086,24.497,Moderate Risk,69.8375,46.2346,26.7155,Moderate Misalignment,47.2148,66.3832,Side Impact Potential,Urban,4.9928,False,Residential,Poor Infrastructure,0.0097,,False,38.033,0.0029,-0.0039,Moderate Misalignment,49,Rashtrotthana Juncti,2
1420,Rehman Khan Road,Urban Road,URB-01420,1420,13.0174,77.5471,13.0161,77.5442,348.5,568.0,568.348,12.9999,Aligned,0.9599,1.003,0.0771,0.0074,0.0057,38.0769,38.0693,84.1519,28.7184,43.6245,50.4651,72.9501,0.4898,48.9659,43.2964,No,0.0,-0.0127,0.9975,Poor,Low,1.965,10.0,10.0,27.5322,Moderate Risk,71.3678,37.9069,25.2609,Aligned,38.0245,65.8342,Side Impact Potential,Urban,5.0942,True,Residential,Poor Infrastructure,0.1296,Light,False,30.0643,0.0124,-0.0155,Aligned,38,Rehman Khan Road,1
1421,Residency Road,State Highway,SH-01421,1421,12.9661,77.5981,12.9744,77.6111,1721.9,568.4,570.122,33.9246,Moderate Misalignment,0.8263,0.1163,0.7814,0.0062,0.0066,46.3731,47.023,54.2326,21.3302,27.8184,49.4713,94.5601,0.0,41.9634,17.3648,No,0.0,-0.0081,-0.0195,Good,Medium,2.748,10.0,13.0436,24.3781,Safe,68.7215,45.164,26.9869,Moderate Misalignment,43.6575,60.5769,Side Impact Potential,Peri-Urban,3.0428,False,Residential,Poor Infrastructure,-0.008,,False,36.8305,0.0119,-0.0097,Moderate Misalignment,46,Residency Road,1
1422,Residency Road,Urban Road,URB-01422,1422,13.0518,77.6197,13.0522,77.6198,1851.9,568.8,570.652,13.1557,Aligned,0.9035,0.8563,0.058,0.0207,0.0053,52.6205,51.8442,98.9582,13.918,21.0331,79.2158,71.5937,0.0,59.6383,15.378,No,0.0,-0.0015,1.0093,Poor,Medium,0.2386,10.0,10.0,21.2394,Safe,72.2482,52.2512,16.6612,Aligned,54.1731,43.1308,Separated Traffic,Rural,7.0623,True,Industrial,Poor Infrastructure,0.1652,Light,False,40.0123,0.0038,-0.0158,Aligned,52,Residency Road,2
1423,Rest House Crescent Road,Urban Road,URB-01423,1423,12.976,77.6043,12.9752,77.6042,88.8,569.2,569.289,12.1339,Aligned,0.9527,0.9447,0.0269,-0.0076,0.0008,33.2283,33.1402,86.5114,20.3389,29.9526,50.7939,78.0075,0.4084,43.2914,19.9554,No,0.0,0.0011,0.0386,Good,High,1.7091,10.0,10.0,24.0097,Safe,71.4075,32.2994,20.0515,Aligned,32.9813,65.0121,Side Impact Potential,Urban,5.9341,True,Commercial,Poor Infrastructure,-0.0028,,False,24.3183,-0.0131,0.006,Aligned,33,Rest House Crescent ,1
1424,Rhenius Street,Urban Road,URB-01424,1424,12.9634,77.6012,12.9654,77.601,1015.6,569.6,570.616,12.5778,Aligned,0.9229,0.9191,0.0796,0.0026,-0.0005,42.6586,43.5172,85.5162,34.6298,33.3869,50.7166,87.7795,0.2988,60.0,23.6106,No,0.0,0.0037,-0.0605,Good,Low,1.9646,10.0,10.0787,21.2589,Safe,75.0213,42.3918,19.9525,Aligned,42.4478,64.9201,Side Impact Potential,Urban,4.766,True,Industrial,Poor Infrastructure,0.0131,,False,41.1048,-0.0077,0.0042,Aligned,42,Rhenius Street,1
1425,Richmond Circle Flyover,State Highway,SH-01425,1425,12.9625,77.5921,12.9624,77.5948,1225.6,570.0,571.226,63.2041,High Misalignment,0.6873,0.0346,0.324,0.6893,-0.012,49.6251,48.1704,97.8167,15.377,16.9884,49.7193,46.6398,0.0,61.8019,10.8189,No,0.0,0.0084,-0.0023,Poor,Medium,0.2679,10.0,10.0,34.6417,Moderate Risk,49.9228,49.6164,54.2418,High Misalignment,53.8204,34.9011,Side Impact Potential,Rural,5.9638,False,Residential,Speed Limit Misaligned | Poor Infrastructure | Above Human Tolerance Limit,0.0031,,False,44.6109,0.0122,0.0086,High Misalignment,49,Richmond Circle Flyo,1
1426,Richmond Circle Flyover,State Highway,SH-01426,1426,12.9652,77.5995,12.9595,77.5936,994.1,570.4,571.394,39.8643,Moderate Misalignment,0.9093,0.0128,0.879,0.0552,0.0059,74.9891,74.4264,100.0,2.8219,19.3442,78.5371,97.1835,0.0,59.0748,6.8771,No,0.0,-0.0041,-0.0148,Good,High,0.3818,10.0,23.8927,28.3746,Moderate Risk,60.0176,71.8954,35.2437,Moderate Misalignment,73.103,53.1676,Separated Traffic,Peri-Urban,4.9497,True,Industrial,Poor Infrastructure,0.1457,Light,False,57.0636,-0.003,0.0139,Moderate Misalignment,76,Richmond Circle Flyo,2
1427,Richmond Road,State Highway,SH-01427,1427,12.9652,77.5995,12.9649,77.597,3195.1,570.8,573.995,14.6885,Aligned,0.8662,0.8523,0.1068,0.0451,-0.0005,58.656,58.6859,99.632,27.709,33.8596,80.503,58.0047,0.0515,80.0,31.9695,No,0.0,-0.0046,1.0646,Poor,Low,0.5623,10.0,10.0,24.4681,Safe,74.3027,57.4046,20.6513,Aligned,56.4264,61.2975,Separated Traffic,Urban,7.8738,True,Commercial,Poor Infrastructure,0.0259,,False,49.3901,-0.0062,-0.001,Aligned,59,Richmond Road,1
1428,Risaldar Street,Urban Road,URB-01428,1428,12.9852,77.5722,12.9854,77.5747,278.1,571.2,571.478,23.618,Aligned,0.4724,0.4923,0.4308,0.0634,-0.0088,81.0196,80.5024,100.0,6.9723,14.6476,79.1968,90.4442,0.0,60.0,1.8171,No,0.0,-0.0011,-0.0963,Poor,Medium,0.2126,10.0,30.5713,28.3131,Moderate Risk,56.1061,81.8995,40.0546,Moderate Misalignment,90.0538,42.7634,Separated Traffic,Rural,4.9282,True,Residential,Poor Infrastructure,0.0189,,False,77.5836,-0.0095,0.0011,Aligned,80,Risaldar Street,1
1429,Robertson Road,State Highway,SH-01429,1429,12.9956,77.6165,13.0001,77.6107,809.5,571.6,572.409,40.1359,Moderate Misalignment,0.9918,-0.0063,1.031,0.008,-0.0087,78.4058,76.2689,99.7213,10.1302,13.7932,80.6786,100.0,0.087,80.0,7.2305,No,0.0,-0.0002,-0.0731,Poor,Low,0.1532,10.0,22.6568,26.5519,Moderate Risk,61.6141,80.541,33.749,Moderate Misalignment,97.5745,35.7946,Separated Traffic,Rural,3.8028,True,Residential,Poor Infrastructure,0.0141,,False,79.2303,0.0004,0.0001,Moderate Misalignment,78,Robertson Road,1
1430,Rose Garden Road,Urban Road,URB-01430,1430,12.9017,77.595,12.8975,77.5898,850.4,572.0,572.85,14.8525,Aligned,0.9016,0.9086,0.102,0.0194,-0.009,63.8167,62.6788,96.0704,15.4729,32.5782,79.2846,69.993,0.0722,59.8665,26.3049,No,0.0,-0.0028,0.9921,Poor,Medium,0.536,10.0,10.1793,25.1135,Moderate Risk,70.107,64.1664,21.9528,Aligned,60.8244,61.7782,Separated Traffic,Peri-Urban,4.0075,True,Mixed,Poor Infrastructure,0.0379,,False,50.8945,-0.0161,-0.0053,Aligned,64,Rose Garden Road,1
1431,S G R Dental College Road,Urban Road,URB-01431,1431,12.9502,77.6997,12.9486,77.708,987.5,572.4,573.387,28.7622,Moderate Misalignment,0.5426,0.4963,0.5304,0.0042,-0.0067,73.0526,73.8816,99.4678,1.3146,14.2199,81.3603,92.6607,0.3041,59.6741,3.4082,No,0.0,-0.0103,-0.0455,Poor,Medium,0.072,10.0,10.0392,21.4528,Safe,68.0741,71.659,18.5284,Aligned,74.2172,40.0722,Separated Traffic,Rural,8.0944,True,Residential,Poor Infrastructure,-0.012,,False,66.2274,-0.0098,0.0046,Moderate Misalignment,72,S G R Dental College,1
1432,S V Narayan Rao Road,Urban Road,URB-01432,1432,12.9605,77.5686,12.9572,77.5685,372.1,572.8,573.172,11.6839,Aligned,0.9818,0.9801,0.0514,-0.0028,-0.0091,38.2152,41.4801,30.0686,19.2689,21.8138,48.8791,91.3618,0.2074,59.9756,9.656,No,0.0,-0.0109,-0.0316,Good,High,3.2963,10.0,10.0,20.7841,Safe,73.4429,40.6914,18.0674,Aligned,42.7389,53.6197,Side Impact Potential,Peri-Urban,2.2276,False,Residential,Poor Infrastructure,0.0281,,False,34.7441,0.0022,0.001,Aligned,40,S V Narayan Rao Road,1
1433,S. K. Temple Road,Urban Road,URB-01433,1433,12.9896,77.7,12.988,77.7073,811.6,573.2,574.012,9.2666,Aligned,0.9709,0.9477,0.0366,0.0099,-0.0022,39.9018,43.6364,73.1625,33.7275,41.8487,49.964,81.7761,0.0,50.9616,46.9764,No,0.0,-0.0003,1.0825,Good,High,2.0843,10.0,10.0,26.8467,Moderate Risk,73.5724,40.5437,22.4846,Aligned,43.755,60.5729,Side Impact Potential,Urban,2.9013,False,Industrial,Approach to Congestion (Tapered),0.0226,,True,37.6113,0.0079,-0.0126,Aligned,39,S. K. Temple Road,1
1434,SJP Road,State Highway,SH-01434,1434,12.9642,77.5769,12.9639,77.5852,923.6,573.6,574.524,14.1517,Aligned,0.8868,0.935,0.1212,0.0155,-0.0049,29.1606,28.1903,51.06,6.5319,22.235,49.1395,90.5261,0.2931,40.0,11.873,No,0.0,-0.0079,-0.0022,Poor,Low,2.2898,10.0,10.0778,23.018,Safe,69.0839,27.4619,19.6422,Aligned,28.2737,58.9569,Side Impact Potential,Peri-Urban,2.8894,False,Commercial,Poor Infrastructure,-0.0213,,False,23.3435,-0.0049,0.0057,Aligned,29,SJP Road,1
1435,SM Patil Road,Urban Road,URB-01435,1435,13.0488,77.5502,13.0505,77.5531,395.2,574.0,574.395,28.995,Moderate Misalignment,0.6223,0.3787,0.6482,-0.01,0.0049,48.7696,50.8962,88.12,31.1153,24.3358,48.1218,89.556,0.2532,50.2736,11.2848,No,0.0,0.0109,-0.0227,Poor,High,2.074,10.0,23.6265,24.0402,Safe,68.3159,49.867,29.4849,Moderate Misalignment,63.2892,56.4179,Side Impact Potential,Urban,4.9488,True,Mixed,Poor Infrastructure,0.0005,,False,57.4489,-0.0013,-0.0083,Moderate Misalignment,48,SM Patil Road,1
1436,SRS Main Road,Urban Road,URB-01436,1436,13.0319,77.5264,13.0346,77.5296,680.1,574.4,575.08,8.4113,Aligned,1.0134,0.9958,-0.0102,0.002,-0.0014,19.8665,17.3882,31.0551,12.7422,15.6103,48.7273,81.4705,0.1509,60.0,5.9768,No,0.0,0.0036,-0.0504,Poor,Low,1.6027,10.0,10.0,20.4063,Safe,72.5674,21.1817,17.4833,Aligned,18.328,42.07,Side Impact Potential,Rural,1.9994,False,Industrial,Poor Infrastructure,-0.0054,,False,16.0871,-0.005,0.0038,Aligned,20,SRS Main Road,1
1437,SS Ashram Road,Urban Road,URB-01437,1437,13.0376,77.5895,13.0349,77.6046,1693.4,574.8,576.493,46.9524,High Misalignment,0.5036,0.3423,0.1035,0.4902,0.0048,61.0734,58.787,100.0,26.7443,21.798,78.5894,80.4366,0.0001,59.8813,13.1579,No,0.0,0.0126,0.031,Good,Low,0.4727,10.0,10.1986,19.6339,Safe,74.5038,59.5136,17.712,Aligned,61.5974,54.6833,Separated Traffic,Peri-Urban,6.1289,True,Residential,Poor Infrastructure,-0.0245,,False,48.5179,0.0138,-0.0018,High Misalignment,59,SS Ashram Road,1
1438,Sahakar Nagar Railway Underpass,Urban Road,URB-01438,1438,13.0698,77.5856,13.0695,77.5858,43.1,575.2,575.243,11.9496,Aligned,0.9589,0.922,0.0533,0.0015,0.0152,20.8079,19.7763,26.0504,1.1106,14.5604,48.0055,79.1445,0.0,40.5392,7.5218,No,0.0,-0.0004,-0.067,Poor,Low,1.215,10.0,10.0,20.3712,Safe,69.3041,17.3705,19.4468,Aligned,18.6521,38.1472,Side Impact Potential,Rural,2.0174,False,Residential,Active Congestion | Poor Infrastructure,0.6455,Severe,False,10.8837,0.0044,0.0045,Aligned,20,Sahakar Nagar Railwa,1
1439,Sahakaranagar Railway Parallel Road,Urban Road,URB-01439,1439,13.0665,77.5815,13.0695,77.5858,581.0,575.6,576.181,35.8571,Moderate Misalignment,0.9172,0.0656,0.9271,0.0118,0.0052,51.3316,52.4058,83.1748,47.353,42.7529,49.9368,94.5039,0.2489,49.595,45.9958,No,0.0,-0.0101,0.873,Good,Low,2.2701,10.0,19.4806,28.8953,Moderate Risk,71.7374,50.1708,31.165,Moderate Misalignment,60.7956,61.9646,Side Impact Potential,Urban,4.1694,True,Mixed,Meets Safe System Standards,-0.0062,,False,53.2068,-0.0015,-0.0036,Moderate Misalignment,49,Sahakaranagar Railwa,1
1440,Sahakaranagar Road,Urban Road,URB-01440,1440,13.0631,77.5861,13.0665,77.5815,866.7,576.0,576.867,11.6881,Aligned,0.9605,1.0056,0.0266,0.0151,-0.0038,23.0959,23.5415,49.7448,13.334,38.3612,51.6548,83.0179,0.0,31.5893,38.6867,No,0.0,0.0065,1.0142,Poor,High,1.7069,10.0,10.2812,27.7137,Moderate Risk,68.0577,21.7551,23.3166,Aligned,24.9125,53.0536,Side Impact Potential,Peri-Urban,2.0573,False,Residential,Poor Infrastructure,0.1796,Light,False,18.1735,-0.0027,-0.0113,Aligned,21,Sahakaranagar Road,1
1441,Sai Baba Mandira Road,Urban Road,URB-01441,1441,12.9727,77.6411,12.9717,77.636,577.1,576.4,576.977,39.5663,Moderate Misalignment,0.9204,0.0659,0.9735,0.0185,0.0049,30.2037,29.7517,79.5885,51.945,37.8822,31.353,93.4453,0.0,40.1673,35.461,No,0.0,0.0118,0.008,Good,Medium,2.59,10.0,19.9845,30.0744,Moderate Risk,66.4862,30.3266,38.966,Moderate Misalignment,48.3397,54.5849,Significant Pedestrian Interaction,Urban,3.011,True,Mixed,High Pedestrian Interaction | Above Human Tolerance Limit,0.22,Light,False,35.3215,-0.0052,-0.0017,Moderate Misalignment,30,Sai Baba Mandira Roa,1
1442,Sai Baba Mandira Road,Urban Road,URB-01442,1442,12.9692,77.629,12.971,77.6343,608.8,576.8,577.409,11.6465,Aligned,0.9659,0.9465,0.0476,-0.0123,0.0055,35.7047,38.1766,79.6065,17.6037,41.7482,49.1641,81.9472,0.2094,39.6672,39.4941,No,0.0,0.0035,1.05,Good,Low,1.7539,10.0,10.0,28.6942,Moderate Risk,68.2106,36.0553,26.2976,Moderate Misalignment,35.4831,67.0879,Side Impact Potential,Urban,5.8265,False,Commercial,Poor Infrastructure,0.1883,Light,False,26.1396,-0.0073,0.0146,Aligned,36,Sai Baba Mandira Roa,2
1443,Sai Baba Temple Road,Urban Road,URB-01443,1443,12.9489,77.7157,12.9558,77.7147,776.5,577.2,577.977,68.6751,High Misalignment,0.8395,0.0305,0.127,0.8218,0.0003,48.8888,48.6137,70.4305,1.5985,22.4181,51.9043,99.5476,0.2503,59.8896,11.9159,No,0.0,0.0048,-0.0508,Good,Low,1.683,10.0,29.7752,35.9959,Moderate Risk,48.8364,50.5634,51.4883,High Misalignment,76.1402,49.0048,Side Impact Potential,Peri-Urban,2.9388,False,Mixed,Speed Limit Misaligned | Poor Infrastructure | Above Human Tolerance Limit,0.1806,Light,False,60.28,-0.0077,-0.0062,High Misalignment,50,Sai Baba Temple Road,1
1444,Saint Anthony Church Road,Urban Road,URB-01444,1444,13.0494,77.6118,13.0498,77.6104,155.8,577.6,577.756,64.9996,High Misalignment,0.7492,0.0028,0.2528,0.7487,0.0069,30.3603,29.4093,77.0849,51.0453,51.6731,31.5098,89.9072,0.0608,40.0311,67.3034,No,0.0,-0.0042,0.9764,Poor,Medium,1.916,10.0,10.0,32.8589,Moderate Risk,66.3005,29.4798,37.7365,Moderate Misalignment,42.895,58.4215,Significant Pedestrian Interaction,Urban,2.0798,True,Commercial,High Pedestrian Interaction | Above Human Tolerance Limit,0.1371,Light,False,30.5712,-0.0144,-0.0027,High Misalignment,31,Saint Anthony Church,1
1445,Saint Anthony Road,Urban Road,URB-01445,1445,13.0498,77.6104,13.0514,77.6077,372.3,578.0,578.372,11.1917,Aligned,0.9664,0.968,0.0246,0.0073,-0.0067,13.1828,19.4121,29.8145,21.4117,34.4856,28.7086,87.549,0.3274,22.2071,28.8983,No,0.0,0.0012,0.9339,Poor,High,3.7708,10.0,10.0,25.4778,Moderate Risk,70.623,14.4193,24.0773,Aligned,13.6084,59.3264,Significant Pedestrian Interaction,Peri-Urban,1.9806,False,Mixed,High Pedestrian Interaction | Poor Infrastructure,0.1876,Light,False,12.3234,-0.0027,0.0007,Aligned,16,Saint Anthony Road,1
1446,Saint John's Church Road,Urban Road,URB-01446,1446,12.9927,77.6097,12.9916,77.6114,2673.9,578.4,581.074,40.8676,Moderate Misalignment,0.9035,0.0719,0.8716,0.0727,-0.0017,46.2529,44.5442,99.7586,0.0321,12.9809,48.8796,29.6531,0.2472,59.4528,2.7352,No,0.0,0.0006,-0.0107,Poor,Medium,0.3446,10.0,10.2819,26.8326,Moderate Risk,62.1286,47.7819,32.4719,Moderate Misalignment,40.664,39.3807,Side Impact Potential,Rural,5.303,False,Residential,Active Congestion | Poor Infrastructure | Above Human Tolerance Limit,0.7333,Severe,False,13.8953,-0.0004,0.0134,Moderate Misalignment,46,Saint John's Church ,1
1447,Saint John's Church Road,Urban Road,URB-01447,1447,12.9873,77.6198,12.9876,77.6224,285.5,578.8,579.086,10.7173,Aligned,0.9745,0.9976,0.0286,0.0039,0.0033,29.2871,28.8367,63.3347,20.666,35.152,50.1355,75.5438,0.0,41.2768,35.982,No,0.0,0.0012,0.9479,Poor,Medium,1.9016,10.0,10.0,25.8635,Moderate Risk,69.9814,30.4562,23.1729,Aligned,29.6729,60.2795,Side Impact Potential,Peri-Urban,2.8226,True,Residential,Poor Infrastructure,0.1571,Light,False,24.0016,0.0027,-0.0008,Aligned,28,Saint John's Church ,2
1448,Saint Mark's Road,Urban Road,URB-01448,1448,12.9728,77.6013,12.968,77.6003,1042.7,579.2,580.243,26.9102,Moderate Misalignment,0.5058,0.4691,0.5055,0.0067,0.0046,74.1055,74.1471,99.2147,0.0,13.5779,80.7467,64.0265,0.5549,60.0,2.6373,No,0.0,-0.0036,-0.0303,Poor,Low,0.3281,10.0,10.0,25.9118,Moderate Risk,61.8841,74.7728,30.8578,Moderate Misalignment,74.0276,42.1245,Separated Traffic,Rural,5.3208,True,Residential,Poor Infrastructure | Above Human Tolerance Limit,-0.0059,,False,65.0187,0.0074,-0.0027,Moderate Misalignment,71,Saint Mark's Road,1
1449,Sajjan Rao Road,Urban Road,URB-01449,1449,12.9528,77.5767,12.9563,77.5773,399.6,579.6,580.0,17.7749,Aligned,0.7787,0.7904,0.2092,0.0185,0.0001,47.8581,48.5422,100.0,17.5153,31.6709,80.9306,64.9044,0.0742,60.0,26.5691,No,0.0,0.0028,0.9848,Good,Low,0.3784,10.0,10.0536,24.9498,Safe,70.9992,49.1524,20.893,Aligned,47.1423,62.6433,Separated Traffic,Urban,7.1497,True,Mixed,Poor Infrastructure,0.1911,Light,False,35.9265,0.0097,0.0017,Aligned,50,Sajjan Rao Road,1
1450,Sakra Hospital Road,Urban Road,URB-01450,1450,12.9318,77.6847,12.9302,77.6851,185.4,580.0,580.185,12.4267,Aligned,0.9732,0.9891,-0.0058,-0.01,0.0001,22.4924,23.7787,57.024,33.6936,44.1715,48.759,83.2029,0.2764,26.6223,47.1499,No,0.0,0.0051,0.9967,Good,Low,3.8694,10.0,10.0601,26.9496,Moderate Risk,72.0196,24.6468,23.0165,Aligned,23.0485,68.9329,Side Impact Potential,Urban,4.0119,False,Commercial,Poor Infrastructure,-0.0162,,False,18.789,0.0035,-0.0098,Aligned,22,Sakra Hospital Road,1
1451,Sampige Road,State Highway,SH-01451,1451,12.9906,77.5717,13.0093,77.5713,2085.3,580.4,582.485,9.5482,Aligned,0.9406,0.9704,0.0598,0.0072,-0.0056,34.674,34.1916,78.8152,46.3426,39.9971,50.2922,68.5024,0.1563,50.7357,40.1202,No,0.0,-0.0027,1.9535,Good,Low,1.9236,10.0,10.0,23.7427,Safe,76.0284,37.5861,20.4543,Aligned,32.9149,64.4662,Side Impact Potential,Urban,5.9593,False,Mixed,Meets Safe System Standards,0.0076,,False,27.1896,-0.0046,0.0001,Aligned,35,Sampige Road,1
1452,Sampige Road,Urban Road,URB-01452,1452,12.9924,77.5715,12.9934,77.5714,113.5,580.8,580.914,15.1213,Aligned,0.8949,0.8656,0.1533,0.0214,0.0031,35.4415,34.6034,80.9831,16.7712,24.5605,51.584,83.9255,0.0426,40.5475,11.4574,No,0.0,-0.0075,-0.0146,Good,Low,1.808,10.0,10.4391,22.3733,Safe,71.4816,33.5749,19.456,Aligned,36.3184,60.7972,Side Impact Potential,Urban,3.0543,True,Mixed,Poor Infrastructure,0.0092,,False,31.6273,0.0008,-0.0055,Aligned,35,Sampige Road,2
1453,Sampigehalli Road,Urban Road,URB-01453,1453,13.0824,77.625,13.0831,77.6181,767.7,581.2,581.968,7.378,Aligned,0.9771,0.9856,0.0372,0.0086,0.0068,29.3766,27.6178,27.9251,0.8981,16.1608,48.8604,91.572,0.2128,41.0086,7.5975,No,0.0,-0.0064,-0.0269,Poor,High,1.5381,10.0,10.0,21.3462,Safe,68.619,27.1181,18.8317,Aligned,30.3948,40.0309,Side Impact Potential,Rural,0.8991,False,Mixed,Poor Infrastructure,0.0235,,False,22.7854,-0.0083,-0.0011,Aligned,28,Sampigehalli Road,1
1454,Sangolli Rayanna Road,Urban Road,URB-01454,1454,12.9762,77.5314,12.9766,77.5229,916.3,581.6,582.516,11.7345,Aligned,0.9675,1.0161,0.0246,0.0168,0.0004,40.9041,39.6471,81.6508,33.4982,31.814,51.3547,47.1671,0.311,52.4277,28.394,No,0.0,0.0048,-0.0356,Good,High,1.9438,10.0,10.0,21.9637,Safe,74.8505,42.2769,19.9372,Aligned,40.4725,56.4467,Side Impact Potential,Urban,3.9513,True,Commercial,Active Congestion,0.6053,Severe,False,13.6232,-0.004,0.0098,Aligned,40,Sangolli Rayanna Roa,1
1455,Sangolli Rayanna Road,Urban Road,URB-01455,1455,12.9766,77.5227,12.9779,77.5164,689.7,582.0,582.69,10.3491,Aligned,0.9357,0.9165,0.0609,-0.003,0.0036,23.2536,26.0861,50.0384,10.0333,20.9849,49.9387,88.8773,0.0,30.7982,11.5533,No,0.0,-0.0095,0.0593,Poor,Low,2.1613,10.0,10.0,22.22,Safe,70.158,24.8228,18.7638,Aligned,25.3782,49.2158,Side Impact Potential,Peri-Urban,2.0603,False,Residential,Poor Infrastructure,0.0203,,False,20.78,-0.0024,-0.0081,Aligned,26,Sangolli Rayanna Roa,2
1456,Sanjaynagar Main Road,Urban Road,URB-01456,1456,13.023,77.5844,13.0473,77.5759,3242.6,582.4,585.643,15.3552,Aligned,0.8299,0.8766,0.1247,0.0371,-0.0115,59.58,57.7732,100.0,9.8728,15.0349,81.7502,59.0467,0.0,59.4245,7.5716,No,0.0,-0.0042,-0.0184,Good,Medium,0.1595,10.0,10.0,19.8666,Safe,71.3784,58.4314,17.5314,Aligned,58.8834,40.6296,Separated Traffic,Rural,5.9527,True,Residential,Approach to Congestion (Tapered) | Poor Infrastructure,-0.0148,,True,51.9682,0.0101,0.0,Aligned,59,Sanjaynagar Main Roa,1
1457,Sankey Road Flyover,National Highway,NH-01457,1457,12.997,77.5845,12.9987,77.5842,192.7,582.8,582.993,11.6978,Aligned,0.9627,0.957,0.0561,-0.0065,-0.0024,37.5491,37.0512,77.9064,12.945,40.5448,50.011,83.0315,0.0,60.0,37.4307,No,0.0,0.003,1.0278,Good,Low,1.8087,10.0,10.1815,28.8836,Moderate Risk,67.5506,37.6591,24.5302,Moderate Misalignment,35.6735,67.6432,Side Impact Potential,Urban,6.0536,False,Commercial,Poor Infrastructure,0.1684,Light,False,28.9931,-0.0061,0.0113,Aligned,35,Sankey Road Flyover,1
1458,Sankey Road Flyover,National Highway,NH-01458,1458,12.9987,77.5843,12.997,77.5846,195.9,583.2,583.396,25.6139,Aligned,0.4781,0.4843,0.5166,0.0501,0.0171,60.4954,58.1285,97.1777,0.0,15.0614,80.532,39.6899,0.007,60.5476,9.7255,No,0.0,0.0016,-0.0276,Good,High,0.2821,10.0,10.08,26.8124,Moderate Risk,60.8708,60.5074,31.0502,Moderate Misalignment,61.163,40.6224,Separated Traffic,Rural,3.9481,True,Industrial,Poor Infrastructure | Above Human Tolerance Limit,-0.0099,,False,50.5509,0.0208,-0.0108,Aligned,60,Sankey Road Flyover,2