segment_id,road_name,road_type,human_segment_id,internal_id,start_lat,start_lon,end_lat,end_lon,length_m,start_km,end_km,road_risk_score,ai_risk_label,ai_risk_probability,prob_low_risk,prob_medium_risk,prob_high_risk,prob_critical_risk,ai_recommended_speed,recommended_safe_speed,road_function_score,infrastructure_score,exposure_score,human_tolerance_limit,operating_speed_score,crash_risk_score,posted_speed_limit,pedestrian_exposure_score,blackspot_flag,crash_count,fatal_crashes,schools_count,lighting_quality,roadside_hazards,intersection_density,speed_compliance_rate,speed_violation_score,hotspot_score,hotspot_category,speed_safety_score,original_safe_speed,misalignment_score,misalignment_category,speed_p85,ptw_share_pct,exposure_tier,urban_rural_flag,lane_count,median_presence,land_use_type,top_ai_factors,congestion_index,congestion_category,congestion_smoothed,operating_speed_mean,minor_crashes,major_crashes,risk_category,final_safe_speed,corridor_base,corridor_seq
1459,Sankey Road Underpass,National Highway,NH-01459,1459,12.9939,77.5851,12.9963,77.5847,274.2,583.6,583.874,37.2148,Moderate Misalignment,0.9425,0.0188,0.9426,-0.0032,-0.0117,47.9407,46.7207,85.4966,38.4133,39.5084,50.8752,94.4665,0.0375,60.0,37.8641,No,0.0,0.0029,0.9891,Good,Low,2.2415,10.0,20.1447,28.5315,Moderate Risk,70.0553,47.4379,29.8559,Moderate Misalignment,48.3062,67.8383,Side Impact Potential,Urban,5.8483,True,Commercial,Meets Safe System Standards,0.2131,Light,False,34.2505,-0.0036,-0.0028,Moderate Misalignment,47,Sankey Road Underpas,1
1460,Sankey Road Underpass,National Highway,NH-01460,1460,12.997,77.5846,12.9937,77.5852,373.2,584.0,584.373,11.2757,Aligned,1.0015,0.9969,0.0041,-0.0053,-0.006,34.8203,33.4846,28.2126,0.0,17.168,49.0053,90.3821,0.0,60.0,7.0035,No,0.0,-0.0029,-0.0216,Good,Low,2.1648,10.0,10.0,22.4713,Safe,66.4827,33.0841,21.2954,Aligned,31.7764,40.2867,Side Impact Potential,Rural,2.051,False,Residential,Poor Infrastructure,0.2169,Light,False,25.1188,0.0015,0.001,Aligned,36,Sankey Road Underpas,2
1461,Sankey Road,State Highway,SH-01461,1461,12.9934,77.5853,12.9934,77.585,2082.8,584.4,586.483,25.1152,Aligned,0.6363,0.6843,0.1882,0.1543,-0.0087,78.5654,78.9782,100.0,21.7022,30.903,81.1627,85.6345,0.2706,59.2428,24.6226,No,0.0,-0.0024,0.9496,Good,High,0.5694,10.0,11.3329,25.7111,Moderate Risk,67.0149,79.8212,28.3411,Moderate Misalignment,87.3063,55.413,Separated Traffic,Urban,3.7218,True,Residential,Poor Infrastructure,0.1335,Light,False,66.8023,-0.0197,-0.0021,Aligned,80,Sankey Road,1
1462,Sankey Road,National Highway,NH-01462,1462,12.9963,77.5847,12.997,77.5845,75.5,584.8,584.876,13.9001,Aligned,0.9082,0.9198,0.0777,0.0072,-0.0083,28.4135,29.2154,77.5248,4.7762,25.3206,48.2488,54.8078,0.0532,60.0,14.4803,No,0.0,0.004,-0.018,Good,Medium,1.5642,10.0,10.2407,24.2012,Safe,68.77,27.6555,21.015,Aligned,29.5654,56.7668,Side Impact Potential,Peri-Urban,4.9924,False,Residential,Active Congestion | Poor Infrastructure,0.6674,Severe,False,10.0,0.0055,-0.0102,Aligned,30,Sankey Road,2
1463,Sankey Road,National Highway,NH-01463,1463,12.9987,77.5842,12.9987,77.5843,944.4,585.2,586.144,12.0246,Aligned,0.9471,0.9526,0.0666,0.0157,-0.0009,32.2842,33.4724,87.1303,24.3185,26.852,49.0656,66.5785,0.0,60.0,18.4349,No,0.0,0.0052,1.0768,Good,Medium,1.9059,10.0,10.0,22.6754,Safe,72.9985,33.7832,18.6887,Aligned,34.4546,58.7522,Side Impact Potential,Urban,4.8983,True,Residential,Poor Infrastructure,-0.0012,,False,26.9757,-0.0025,-0.0083,Aligned,33,Sankey Road,3
1464,Sankey Road,Urban Road,URB-01464,1464,13.0085,77.5716,13.0065,77.5787,2218.7,585.6,587.819,11.1846,Aligned,0.9343,0.9694,0.0907,-0.0086,0.0048,23.4316,23.3546,50.3556,9.0915,20.6996,49.4737,87.3539,0.2675,60.0,12.9068,No,0.0,0.0038,-0.0013,Poor,Low,2.178,10.0,10.0436,22.225,Safe,70.1379,22.4411,18.0359,Aligned,24.319,49.8144,Side Impact Potential,Peri-Urban,2.0633,False,Residential,Poor Infrastructure,-0.0189,,False,23.9285,-0.0003,0.0171,Aligned,25,Sankey Road,4
1465,Sankey Underpass,Urban Road,URB-01465,1465,13.0044,77.5824,13.0029,77.584,252.3,586.0,586.252,16.7287,Aligned,0.7624,0.7666,0.2389,0.0187,0.0109,44.1829,43.8364,48.075,19.859,21.5231,48.3879,97.2238,0.0583,43.0056,8.5548,No,0.0,-0.0009,-0.0128,Good,Medium,1.979,10.0,10.9148,22.876,Safe,71.5068,44.7484,21.923,Aligned,46.5901,57.8884,Side Impact Potential,Peri-Urban,2.0278,False,Residential,Poor Infrastructure,-0.0176,,False,38.3843,-0.0079,0.0023,Aligned,46,Sankey Underpass,1
1466,Sarakki Village Road,Urban Road,URB-01466,1466,12.9093,77.575,12.9094,77.573,220.0,586.4,586.62,13.0251,Aligned,0.888,0.8924,0.1068,0.0004,0.001,57.5641,55.8047,97.9061,20.0031,20.7584,80.9832,61.0479,0.0,60.0,7.2254,No,0.0,-0.0042,0.001,Poor,Low,0.5387,10.0,10.0,19.4506,Safe,72.9594,58.7699,15.5488,Aligned,56.9171,52.8295,Separated Traffic,Peri-Urban,7.9819,True,Commercial,Poor Infrastructure,0.2087,Light,False,40.4482,0.0011,-0.0025,Aligned,60,Sarakki Village Road,1
1467,Sarjapur Road,State Highway,SH-01467,1467,12.9239,77.64,12.9252,77.6367,3105.3,586.8,589.905,37.7382,Moderate Misalignment,0.975,0.0182,0.9486,-0.0093,0.0062,48.8997,48.4726,55.4539,36.2646,45.3187,51.3501,99.6381,0.3485,40.0,48.612,No,0.0,-0.0141,1.0769,Good,Medium,2.3359,10.0,34.4222,32.7035,Moderate Risk,64.3642,51.557,37.0167,Moderate Misalignment,54.627,65.9643,Side Impact Potential,Urban,4.058,False,Commercial,Meets Safe System Standards,0.2204,Light,False,39.8268,-0.008,0.0077,Moderate Misalignment,51,Sarjapur Road,1
1468,Sarjapura Road,State Highway,SH-01468,1468,12.9207,77.6649,12.9243,77.6518,10930.3,587.2,598.13,10.1328,Aligned,0.9774,0.9399,-0.0052,0.031,0.0046,26.7343,28.8312,74.9159,28.7986,26.904,67.4753,71.3299,0.0961,40.2554,15.284,No,0.0,-0.0057,-0.0157,Poor,Low,1.4936,10.0,10.3282,21.7898,Safe,74.9211,25.7764,18.7177,Aligned,27.9073,65.7975,Separated Traffic,Urban,1.9698,True,Mixed,Poor Infrastructure,0.0085,,False,20.6029,0.0147,0.0057,Aligned,26,Sarjapura Road,1
1469,Sarjapura Road,State Highway,SH-01469,1469,12.9299,77.6149,12.9296,77.6156,5743.6,587.6,593.344,12.3908,Aligned,0.9798,1.0429,0.0652,-0.0162,-0.0006,25.3287,23.0929,75.1245,28.6509,27.9671,71.0053,74.3542,0.3086,41.6317,16.7722,No,0.0,0.0065,-0.0352,Poor,Low,1.431,10.0,10.3546,21.4831,Safe,74.4741,25.3837,19.9403,Aligned,23.854,66.0037,Separated Traffic,Urban,1.9441,True,Mixed,Poor Infrastructure,-0.0058,,False,20.3367,-0.0006,0.0042,Aligned,28,Sarjapura Road,2
1470,Saunders Road,Urban Road,URB-01470,1470,12.9967,77.6117,12.9927,77.6097,497.9,588.0,588.498,25.7517,Aligned,0.508,0.5209,0.5023,0.0068,0.005,43.6623,41.7555,79.5635,13.5775,27.4408,48.5682,94.2279,0.0,39.9442,13.5806,No,0.0,0.0086,0.0071,Good,High,1.362,10.0,10.0696,24.3103,Moderate Risk,69.5368,42.2894,23.4916,Aligned,42.4787,68.3817,Side Impact Potential,Urban,6.05,False,Residential,Poor Infrastructure,0.0068,,False,37.5733,0.0087,-0.0018,Aligned,42,Saunders Road,1
1471,Seegehalli Main Road,Urban Road,URB-01471,1471,13.0162,77.7093,13.0205,77.7209,1798.8,588.4,590.199,32.5755,Moderate Misalignment,0.8037,0.2196,0.7752,-0.0138,0.0114,51.5907,50.2889,83.2589,39.5454,43.5191,50.1309,89.6004,0.0,42.9549,43.9075,No,0.0,-0.0039,1.075,Poor,Medium,1.3823,10.0,26.3027,30.336,Moderate Risk,67.1385,49.8459,32.6816,Moderate Misalignment,51.207,65.132,Side Impact Potential,Urban,6.2049,False,Mixed,Meets Safe System Standards,0.0097,,False,46.1046,0.0041,-0.0064,Moderate Misalignment,51,Seegehalli Main Road,1
1472,Seetharampalya Road,Urban Road,URB-01472,1472,12.9922,77.7178,12.9782,77.711,2166.3,588.8,590.966,15.1961,Aligned,0.8383,0.8601,0.1395,-0.0069,-0.0114,46.9405,48.0258,99.6164,7.9747,21.1841,80.1768,75.8354,0.0,60.0,9.6174,No,0.0,0.0093,0.0295,Poor,Medium,0.4495,10.0,10.0,22.8191,Safe,69.5463,48.924,20.072,Aligned,45.7582,52.4501,Separated Traffic,Peri-Urban,7.9282,True,Commercial,Poor Infrastructure,0.0047,,False,44.8624,-0.007,0.0088,Aligned,49,Seetharampalya Road,1
1473,Seppings Road,Urban Road,URB-01473,1473,12.9854,77.6069,12.9927,77.6097,925.8,589.2,590.126,12.9827,Aligned,0.9619,0.9069,0.0882,0.0077,-0.0052,19.8984,19.2448,25.6283,25.8671,24.39,51.7381,94.025,0.0216,20.0,16.1452,No,0.0,-0.0072,0.0109,Poor,Medium,2.1288,10.0,10.1322,21.1362,Safe,73.9007,20.8475,20.1352,Aligned,22.6558,58.0894,Side Impact Potential,Peri-Urban,1.2117,False,Residential,Poor Infrastructure,0.131,Light,False,16.0879,0.0187,0.0028,Aligned,20,Seppings Road,1
1474,Service Road,State Highway,SH-01474,1474,13.0821,77.5932,13.1289,77.6144,5785.7,589.6,595.386,10.8865,Aligned,0.9525,0.9679,0.049,0.0261,0.0033,34.5948,34.4493,67.7246,26.7719,38.2796,48.7964,65.0304,0.3063,50.3887,38.4047,No,0.0,-0.0012,0.9715,Good,Low,1.5408,10.0,10.1584,25.3708,Moderate Risk,72.5619,34.7765,23.3968,Aligned,32.4077,56.8577,Side Impact Potential,Urban,2.0489,False,Residential,Poor Infrastructure,0.0176,,False,27.1398,-0.0038,0.0062,Aligned,34,Service Road,1
1475,Service Road,Urban Road,URB-01475,1475,12.9315,77.6865,12.9723,77.6989,5232.3,590.0,595.232,10.9697,Aligned,0.9232,0.9447,0.0795,-0.01,0.0046,41.716,43.0548,86.3861,9.1681,23.4921,49.5538,63.7128,0.1625,59.1061,13.3212,No,0.0,0.0041,0.0047,Good,High,2.2167,10.0,10.367,23.8943,Safe,69.352,42.5964,20.2509,Aligned,40.7647,57.5703,Side Impact Potential,Urban,4.9313,True,Industrial,Active Congestion | Poor Infrastructure,0.6136,Severe,False,16.9865,-0.0073,0.0114,Aligned,42,Service Road,2
1476,Service Road,Urban Road,URB-01476,1476,12.9569,77.7015,12.9346,77.6905,2876.7,590.4,593.277,21.1466,Aligned,0.6351,0.6686,0.4287,0.0183,0.0038,48.2139,48.8171,82.4599,24.8192,25.44,49.5144,84.9148,0.1079,56.6051,22.2744,No,0.0,-0.0176,-0.0136,Good,Low,1.7204,10.0,10.0,26.766,Moderate Risk,67.4224,49.4037,32.7851,Moderate Misalignment,54.602,48.9201,Side Impact Potential,Peri-Urban,6.0404,False,Residential,Approach to Congestion (Tapered) | Poor Infrastructure | Above Human Tolerance Limit,0.0015,,True,48.8734,-0.0082,0.0058,Aligned,51,Service Road,3
1477,Service Road,Urban Road,URB-01477,1477,12.9749,77.6975,12.9911,77.6873,2137.3,590.8,592.937,20.0039,Aligned,0.7239,0.7176,0.2607,0.0129,-0.0033,70.2105,69.5605,99.4145,0.0942,15.402,80.9814,73.7334,0.0,58.668,9.6993,No,0.0,-0.0144,0.0246,Poor,Low,0.3773,10.0,10.0011,21.0405,Safe,69.2683,67.4396,17.666,Aligned,70.0944,32.2978,Separated Traffic,Rural,5.8825,True,Industrial,Poor Infrastructure,0.1532,Light,False,52.9625,-0.0029,0.0075,Aligned,71,Service Road,4
1478,Service Road,Urban Road,URB-01478,1478,13.0187,77.6553,13.0275,77.6327,2652.7,591.2,593.853,39.5608,Moderate Misalignment,0.7798,0.0877,0.8141,0.0572,-0.0019,82.0292,80.3498,100.0,0.0,15.4733,79.1241,85.2197,0.3494,59.9196,6.0496,No,0.0,0.0005,0.0942,Poor,Medium,-0.0777,10.0,10.1002,25.9004,Moderate Risk,60.636,80.3326,30.8974,Moderate Misalignment,86.6729,39.2835,Separated Traffic,Rural,7.1097,True,Commercial,Poor Infrastructure | Above Human Tolerance Limit,-0.0269,,False,80.373,0.0009,-0.0057,Moderate Misalignment,81,Service Road,5
1479,Service Road,Urban Road,URB-01479,1479,13.0055,77.6629,13.0073,77.6626,204.5,591.6,591.805,41.0364,Moderate Misalignment,0.8862,0.0623,0.8854,0.0844,0.0125,50.6796,50.1736,97.9858,20.6286,19.6054,51.651,89.2527,0.5614,59.679,14.1038,No,0.0,-0.0025,-0.025,Good,Low,0.3894,10.0,23.7193,30.6259,Moderate Risk,57.8748,51.7662,44.1268,Moderate Misalignment,72.714,41.5828,Side Impact Potential,Rural,3.8058,False,Residential,Poor Infrastructure | Above Human Tolerance Limit,0.0092,,False,68.4245,0.0045,-0.0055,Moderate Misalignment,49,Service Road,6
1480,Service Road,Urban Road,URB-01480,1480,13.0081,77.6625,13.0132,77.6621,570.5,592.0,592.571,37.3879,Moderate Misalignment,0.8634,0.0779,0.8733,0.0277,-0.0038,81.3262,81.8805,98.9444,1.6311,12.6002,79.8124,80.2139,0.0,58.6098,5.7021,No,0.0,0.007,-0.0139,Poor,Medium,0.1244,10.0,32.4862,30.3176,Moderate Risk,53.0064,81.8808,44.5413,Moderate Misalignment,107.2869,32.2428,Separated Traffic,Rural,7.0167,True,Residential,Poor Infrastructure,0.0013,,False,93.6669,-0.0055,-0.003,Moderate Misalignment,80,Service Road,7
1481,Service Road,Urban Road,URB-01481,1481,12.9169,77.6293,12.9175,77.6408,1359.4,592.4,593.759,11.4565,Aligned,0.9495,0.9455,0.0525,-0.0118,0.006,35.4864,38.8035,80.4905,9.316,21.8279,48.8088,67.5587,0.0,49.3274,9.2715,No,0.0,0.0022,0.004,Good,Low,1.879,10.0,10.2518,22.1335,Safe,71.4661,38.3206,19.5034,Aligned,41.8286,60.3337,Side Impact Potential,Urban,4.9268,False,Residential,Poor Infrastructure,0.2064,Light,False,26.4571,-0.007,-0.0073,Aligned,39,Service Road,8
1482,Service Road,Urban Road,URB-01482,1482,12.8892,77.64,12.8702,77.6533,2602.5,592.8,595.403,9.3163,Aligned,0.9973,1.0138,0.0004,-0.0054,0.0015,21.4392,23.4224,30.2418,22.6701,22.7305,50.53,87.5959,0.6165,31.3928,12.5789,No,0.0,-0.0007,0.0137,Poor,Medium,2.4303,10.0,10.0,21.1231,Safe,74.4417,22.8656,17.7227,Aligned,23.1967,52.2301,Side Impact Potential,Peri-Urban,1.985,False,Industrial,Poor Infrastructure,-0.0019,,False,20.4805,0.0167,0.0009,Aligned,22,Service Road,9
1483,Service Road,Urban Road,URB-01483,1483,12.9874,77.5193,12.9978,77.5233,1270.9,593.2,594.471,9.6965,Aligned,0.9939,0.9842,0.0144,0.0165,0.011,25.2723,24.8516,29.1501,13.8859,15.3352,50.7172,84.0591,0.2883,32.4758,6.3929,No,0.0,0.0049,-0.0453,Poor,High,1.6282,10.0,10.0,19.6867,Safe,72.934,23.6349,17.1111,Aligned,24.5336,40.0152,Side Impact Potential,Rural,1.0203,False,Residential,Poor Infrastructure,0.2004,Light,False,17.6518,-0.0027,0.0039,Aligned,24,Service Road,10
1484,Service Road,Urban Road,URB-01484,1484,13.0276,77.6325,13.0427,77.5912,5504.2,593.6,599.104,13.372,Aligned,0.8836,0.911,0.0752,0.017,-0.0063,58.5711,55.7076,99.3442,0.0,19.5058,80.8123,68.9614,0.3712,60.0,10.9015,No,0.0,-0.006,-0.0304,Poor,High,0.1934,10.0,10.0,22.8403,Safe,68.3896,57.0412,19.0543,Aligned,57.2479,46.3927,Separated Traffic,Rural,7.9031,True,Residential,Poor Infrastructure,-0.0162,,False,45.5295,0.0121,-0.0007,Aligned,59,Service Road,11
1485,Service Road,Urban Road,URB-01485,1485,12.8895,77.6399,12.9063,77.6296,2211.0,594.0,596.211,12.0187,Aligned,0.8523,0.8674,0.1304,0.0159,-0.0,80.538,79.5184,99.707,18.0525,27.5946,81.188,76.1798,0.36,58.5559,16.6547,No,0.0,-0.0078,0.024,Good,Low,0.4991,10.0,10.0,28.6605,Moderate Risk,64.917,78.7535,32.8342,Moderate Misalignment,86.4999,65.8836,Separated Traffic,Urban,6.2567,True,Mixed,Poor Infrastructure | Above Human Tolerance Limit,0.0447,,False,73.3071,-0.01,0.0037,Aligned,80,Service Road,12
1486,Service Road,Urban Road,URB-01486,1486,12.986,77.6909,12.9748,77.6978,1472.5,594.4,595.872,17.2149,Aligned,0.8207,0.7952,0.1965,-0.0025,0.0061,29.7783,32.8874,50.8313,9.9382,18.7443,51.194,54.6912,0.3861,37.9028,13.0147,No,0.0,0.0007,-0.0013,Good,High,1.5353,10.0,10.1241,21.1684,Safe,71.2028,32.5768,17.1564,Aligned,31.1654,39.4879,Side Impact Potential,Rural,1.9684,False,Residential,Active Congestion | Poor Infrastructure,0.704,Severe,False,10.5159,0.0073,-0.0071,Aligned,30,Service Road,13
1487,Service Road,National Highway,NH-01487,1487,12.9011,77.6324,12.9152,77.6237,1856.9,594.8,596.657,26.0053,Aligned,0.6548,0.6377,0.2,0.1508,-0.0006,78.1978,80.4371,99.4927,24.533,29.8942,78.4752,83.9692,0.4385,60.0,23.7759,No,0.0,0.01,0.9502,Good,High,0.3767,10.0,10.7601,26.3965,Moderate Risk,67.5172,82.2161,27.5437,Moderate Misalignment,89.1718,55.6615,Separated Traffic,Urban,4.0306,True,Residential,Poor Infrastructure,0.1578,Light,False,69.1582,0.0054,0.0117,Aligned,79,Service Road,14
1488,Service Road,Urban Road,URB-01488,1488,13.0378,77.6263,13.028,77.633,1365.3,595.2,596.565,35.4835,Moderate Misalignment,0.8378,0.1188,0.8241,0.0109,-0.0023,30.6099,29.116,50.9761,56.8081,47.2505,30.8478,95.6526,0.4988,39.5845,51.7829,No,0.0,0.0168,0.9898,Good,Low,3.9865,10.0,10.0461,30.3033,Moderate Risk,69.5179,32.2403,34.9642,Moderate Misalignment,39.7822,69.7321,Significant Pedestrian Interaction,Urban,2.9681,False,Mixed,High Pedestrian Interaction | Above Human Tolerance Limit,-0.0286,,False,34.7382,0.0056,0.0092,Moderate Misalignment,30,Service Road,15
1489,Service Road,Urban Road,URB-01489,1489,12.9239,77.6718,12.9299,77.6846,1566.6,595.6,597.167,10.7741,Aligned,1.0118,1.0032,0.0203,-0.0106,-0.0072,23.9809,23.6819,28.5801,23.4577,22.6095,45.9836,88.5016,0.0805,31.8016,16.392,No,0.0,-0.0076,-0.0282,Poor,Medium,2.3235,10.0,10.0076,21.109,Safe,74.4563,24.6313,17.8675,Aligned,26.9271,53.014,Side Impact Potential,Peri-Urban,2.2166,False,Industrial,Poor Infrastructure,0.0081,,False,19.3808,0.0093,-0.0101,Aligned,24,Service Road,16
1490,Service Road,Urban Road,URB-01490,1490,12.973,77.5384,12.9742,77.5447,742.6,596.0,596.743,35.0176,Moderate Misalignment,0.5462,0.3088,0.5716,0.1042,-0.0043,57.3806,57.765,100.0,0.8593,15.4926,80.2314,88.6556,0.9758,59.3873,6.7039,No,0.0,0.0006,0.0057,Poor,Low,0.0467,10.0,10.0,21.3786,Safe,69.0898,55.6962,18.6305,Aligned,56.6361,37.9176,Separated Traffic,Rural,4.9703,True,Residential,Poor Infrastructure,-0.0089,,False,53.3552,0.0066,-0.0068,Moderate Misalignment,56,Service Road,17
1491,Service Road,Urban Road,URB-01491,1491,12.9693,77.7011,12.9598,77.7014,1113.4,596.4,597.513,12.6721,Aligned,0.9033,0.9091,0.0411,0.0186,0.0051,47.1755,49.4905,99.4459,11.0624,13.4926,79.3624,76.5637,0.1361,60.0,5.427,No,0.0,-0.0067,-0.0266,Good,Low,0.1182,10.0,10.0,18.5949,Safe,72.4403,47.5949,17.7567,Aligned,47.9703,34.7002,Separated Traffic,Rural,8.0218,True,Industrial,Poor Infrastructure,-0.0051,,False,43.323,-0.0019,-0.005,Aligned,47,Service Road,18
1492,Service Road,Urban Road,URB-01492,1492,13.0413,77.6212,13.0403,77.6243,413.4,596.8,597.213,13.2777,Aligned,0.8957,0.9361,0.0866,-0.0074,-0.0055,51.4725,53.6867,100.0,13.7855,21.2929,80.0755,71.5971,0.0393,59.0683,14.9233,No,0.0,-0.0014,1.0513,Poor,Medium,0.1172,10.0,10.0249,21.2033,Safe,72.5604,50.8827,17.8731,Aligned,55.6819,42.7087,Separated Traffic,Rural,7.1339,True,Industrial,Poor Infrastructure,0.1585,Light,False,39.7523,-0.0012,-0.0058,Aligned,52,Service Road,19
1493,Service Road,Urban Road,URB-01493,1493,13.0134,77.6624,13.0105,77.6625,323.3,597.2,597.523,16.5496,Aligned,0.7824,0.8174,0.2073,-0.0108,-0.0111,39.1493,40.6107,48.957,34.0464,36.5267,50.7096,92.5025,0.4782,31.4223,31.9262,No,0.0,0.0004,1.001,Good,Low,2.7055,10.0,34.2183,28.6669,Moderate Risk,67.0033,38.5767,33.3665,Moderate Misalignment,39.6372,64.9262,Side Impact Potential,Urban,2.2025,False,Mixed,Poor Infrastructure,-0.0088,,False,37.5098,0.0067,-0.0021,Aligned,38,Service Road,20
1494,Service Road,Urban Road,URB-01494,1494,13.0019,77.6635,13.0016,77.6635,44.4,597.6,597.644,20.2026,Aligned,0.5671,0.5754,0.435,0.0001,0.0011,52.1725,49.9878,54.0537,6.1053,27.1379,52.5809,92.9202,0.0,39.4181,14.807,No,0.0,-0.0043,-0.024,Poor,Medium,3.7678,10.0,30.4438,30.0516,Moderate Risk,61.0095,48.1002,34.142,Moderate Misalignment,51.4907,64.8758,Side Impact Potential,Urban,1.7432,False,Industrial,Poor Infrastructure,0.0181,,False,42.9867,0.0019,0.0139,Aligned,52,Service Road,21
1495,Service Road,National Highway,NH-01495,1495,12.9175,77.6231,12.9174,77.6271,455.0,598.0,598.455,31.4706,Moderate Misalignment,0.6911,0.2889,0.7037,0.026,0.0174,78.6207,80.1186,100.0,14.9608,16.8797,81.4907,51.8261,0.0396,60.0274,4.6584,No,0.0,0.0019,0.0692,Poor,Low,0.1132,10.0,10.0229,24.4899,Safe,64.6018,78.0452,28.8739,Moderate Misalignment,78.9682,44.236,Separated Traffic,Rural,8.1938,True,Industrial,Poor Infrastructure | Above Human Tolerance Limit,0.189,Light,False,60.2106,0.0137,0.0081,Moderate Misalignment,78,Service Road,22
1496,Sha Shi Marulayya Road,Urban Road,URB-01496,1496,12.9742,77.5447,12.9544,77.5358,3033.3,598.4,601.433,11.2144,Aligned,0.9676,0.9193,0.0436,-0.0076,-0.0066,27.0271,28.1503,27.4665,39.0235,22.2989,51.9439,97.4793,0.0,20.0,15.928,No,0.0,0.0011,-0.0228,Poor,Low,3.3178,10.0,29.8723,19.8271,Safe,74.6661,24.3899,20.9179,Aligned,25.2169,51.2628,Side Impact Potential,Peri-Urban,0.8412,False,Residential,Meets Safe System Standards,-0.0111,,False,23.3321,0.0023,0.0033,Aligned,27,Sha Shi Marulayya Ro,1
1497,Shampura Main Road,Urban Road,URB-01497,1497,13.0085,77.6133,13.0278,77.6161,3342.1,598.8,602.142,86.9136,High Misalignment,0.5182,0.0197,0.0082,0.5284,0.4881,31.0693,32.7339,100.0,86.497,54.1298,31.5943,98.9544,0.0,60.0,69.6148,No,0.0,-0.0057,2.0227,Good,Low,0.5135,10.0,28.6672,46.3908,Moderate Risk,51.4415,29.9412,78.1645,Critical Misalignment,75.1905,66.4807,Significant Pedestrian Interaction,Urban,4.2676,True,Commercial,Speed Limit Misaligned | High Pedestrian Interaction | Above Human Tolerance Limit,0.1405,Light,False,60.4475,-0.0111,0.0011,High Misalignment,33,Shampura Main Road,1
1498,Shankar Matt Road,Urban Road,URB-01498,1498,12.9532,77.5698,12.9589,77.5695,630.5,599.2,599.831,57.5876,High Misalignment,0.5935,0.1772,0.2318,0.5832,0.0111,79.4051,81.2113,98.9989,0.2868,16.7673,79.4957,86.6748,0.0,60.0,7.3636,No,0.0,0.0052,-0.0054,Poor,High,0.1641,10.0,26.3011,35.9338,Moderate Risk,46.4819,78.959,55.6735,High Misalignment,113.1714,36.9111,Separated Traffic,Rural,7.028,True,Residential,Speed Limit Misaligned | Poor Infrastructure | Above Human Tolerance Limit,0.0043,,False,99.8342,-0.0178,0.0005,High Misalignment,81,Shankar Matt Road,1
1499,Shankar Mutt Road,Urban Road,URB-01499,1499,12.9532,77.5698,12.9465,77.5698,751.4,599.6,600.351,16.714,Aligned,0.7167,0.7244,0.2614,0.0022,0.0062,68.0619,69.4285,100.0,5.5842,15.7198,80.8118,77.8849,0.0631,60.0,11.7438,No,0.0,0.0061,0.0705,Poor,Low,0.1348,10.0,10.0,20.7147,Safe,70.1553,68.332,17.7259,Aligned,63.3703,39.3027,Separated Traffic,Rural,4.9817,True,Industrial,Poor Infrastructure,0.0085,,False,54.7219,0.0124,0.007,Aligned,68,Shankar Mutt Road,1
1500,Shankarnagar Main Road,Urban Road,URB-01500,1500,13.0182,77.5428,13.0121,77.544,710.7,600.0,600.711,29.0996,Moderate Misalignment,0.6063,0.4178,0.6211,0.0045,-0.002,29.0617,29.5293,53.332,35.0526,35.8061,48.9811,94.8711,0.0,29.7835,33.6484,No,0.0,-0.0002,0.9933,Good,Medium,2.6991,10.0,10.3487,24.1806,Safe,72.9084,28.2184,21.0187,Aligned,28.152,62.6311,Side Impact Potential,Urban,3.7409,False,Mixed,Poor Infrastructure,0.0033,,False,26.9782,-0.014,-0.0003,Moderate Misalignment,30,Shankarnagar Main Ro,1
1501,Shanthi Layout Main road,Urban Road,URB-01501,1501,13.0207,77.6843,13.0141,77.6824,822.7,600.4,601.223,11.0827,Aligned,0.9925,0.9649,0.0248,0.0191,-0.0021,35.4843,37.1535,77.588,28.4531,24.3562,51.095,84.0929,0.0,40.9785,13.7681,No,0.0,-0.0002,0.0129,Poor,Medium,1.9531,10.0,10.1941,20.5838,Safe,75.1836,35.9747,18.7097,Aligned,34.2567,62.7103,Side Impact Potential,Urban,4.8727,False,Residential,Poor Infrastructure,0.1427,Light,False,29.9413,-0.0021,0.012,Aligned,36,Shanthi Layout Main ,1
1502,Sheshadri Road,State Highway,SH-01502,1502,12.9803,77.5722,12.9796,77.5819,2997.0,600.8,603.797,12.6211,Aligned,0.9581,0.9711,0.0366,-0.0156,-0.0055,36.0902,34.809,60.1358,17.755,30.5623,50.5352,86.7742,0.0618,40.1334,22.4411,No,0.0,0.0057,0.0078,Good,Medium,3.1002,10.0,10.1595,24.5097,Safe,71.4534,35.3123,21.1689,Aligned,35.8636,58.8897,Side Impact Potential,Urban,2.9362,True,Commercial,Poor Infrastructure,-0.0024,,False,31.3645,0.0116,0.0025,Aligned,35,Sheshadri Road,1
1503,Sheshadripuram Main Road,State Highway,SH-01503,1503,12.9891,77.5741,12.9994,77.5829,1511.4,601.2,602.711,10.6045,Aligned,0.9839,1.0281,0.0473,-0.0111,0.0136,41.4876,41.1863,73.2178,33.1459,26.249,48.9697,74.354,0.3024,49.7399,17.8829,No,0.0,-0.0019,-0.0265,Good,Low,1.7305,10.0,10.0,21.0932,Safe,75.6724,43.7065,18.9256,Aligned,39.3173,55.7288,Side Impact Potential,Urban,2.9295,False,Residential,Poor Infrastructure,0.1374,Light,False,32.9786,0.0046,0.0006,Aligned,40,Sheshadripuram Main ,1