segment_id,road_name,road_type,human_segment_id,internal_id,start_lat,start_lon,end_lat,end_lon,length_m,start_km,end_km,road_risk_score,ai_risk_label,ai_risk_probability,prob_low_risk,prob_medium_risk,prob_high_risk,prob_critical_risk,ai_recommended_speed,recommended_safe_speed,road_function_score,infrastructure_score,exposure_score,human_tolerance_limit,operating_speed_score,crash_risk_score,posted_speed_limit,pedestrian_exposure_score,blackspot_flag,crash_count,fatal_crashes,schools_count,lighting_quality,roadside_hazards,intersection_density,speed_compliance_rate,speed_violation_score,hotspot_score,hotspot_category,speed_safety_score,original_safe_speed,misalignment_score,misalignment_category,speed_p85,ptw_share_pct,exposure_tier,urban_rural_flag,lane_count,median_presence,land_use_type,top_ai_factors,congestion_index,congestion_category,congestion_smoothed,operating_speed_mean,minor_crashes,major_crashes,risk_category,final_safe_speed,corridor_base,corridor_seq
1504,Shettihalli Main Road,Urban Road,URB-01504,1504,13.0536,77.5164,13.0677,77.5159,2026.8,601.6,603.627,15.0148,Aligned,0.809,0.7974,0.1942,0.0148,-0.0087,40.6319,41.8182,51.9707,0.6567,14.4425,51.0182,89.1235,0.0,41.7141,5.5529,No,0.0,0.0009,-0.0065,Poor,Low,1.264,10.0,10.001,20.1884,Safe,69.6298,40.4244,18.0718,Aligned,36.1403,40.1447,Side Impact Potential,Rural,3.1206,False,Residential,Poor Infrastructure,0.0005,,False,31.8577,0.0026,-0.0125,Aligned,40,Shettihalli Main Roa,1
1505,Shiva Mandira Road,Urban Road,URB-01505,1505,13.108,77.5729,13.1064,77.5779,570.9,602.0,602.571,13.6175,Aligned,0.8734,0.8713,0.1285,0.028,0.0007,30.1214,32.4634,49.7608,33.6917,30.1348,48.1168,51.655,0.0074,42.3356,20.5032,No,0.0,-0.0038,0.0946,Good,Medium,2.3974,10.0,10.4141,21.5468,Safe,74.7856,30.4656,18.2567,Aligned,30.7909,64.654,Side Impact Potential,Urban,2.109,False,Mixed,Active Congestion | Poor Infrastructure,0.7625,Severe,False,10.0,0.014,-0.0077,Aligned,31,Shiva Mandira Road,1
1506,Shivaji Road,Urban Road,URB-01506,1506,12.9892,77.6022,12.9841,77.6036,727.1,602.4,603.127,35.5974,Moderate Misalignment,0.9324,0.1176,0.9324,0.0195,0.0076,36.7115,35.8903,61.2317,0.4117,13.3979,71.1059,97.0632,0.4103,31.6937,0.0,No,0.0,0.012,-0.0138,Poor,Medium,1.5326,10.0,20.0594,22.5489,Safe,66.3924,34.1844,23.9441,Aligned,37.0432,44.1558,Separated Traffic,Rural,2.1624,True,Residential,Poor Infrastructure,-0.002,,False,28.157,0.0185,-0.0003,Moderate Misalignment,36,Shivaji Road,1
1507,Shivalingaiah Road,Urban Road,URB-01507,1507,12.9631,77.6568,12.9645,77.6575,176.3,602.8,602.976,12.763,Aligned,0.9237,0.9691,0.1096,0.023,0.0084,39.3628,41.0476,50.392,12.9062,19.8843,50.1705,92.0835,0.2188,40.6825,5.3423,No,0.0,0.0104,0.0967,Good,Medium,3.344,10.0,10.0,21.7515,Safe,70.2309,38.4649,16.6012,Aligned,41.2818,56.3329,Side Impact Potential,Urban,1.7227,False,Commercial,Poor Infrastructure,-0.0051,,False,33.3361,0.0233,0.0156,Aligned,40,Shivalingaiah Road,1
1508,Shivanagar Flyover,State Highway,SH-01508,1508,12.992,77.5511,12.9858,77.5494,716.1,603.2,603.916,29.3125,Moderate Misalignment,0.58,0.377,0.587,0.0335,0.0025,64.3215,63.0635,100.0,33.9837,28.4174,79.177,40.5018,0.0,60.4294,21.5106,No,0.0,0.0101,-0.055,Poor,High,0.5087,10.0,10.0,26.3276,Moderate Risk,68.4862,64.5508,31.0238,Moderate Misalignment,62.6707,57.426,Separated Traffic,Urban,6.922,True,Residential,Poor Infrastructure | Above Human Tolerance Limit,0.1841,Light,False,50.2726,0.0067,-0.0005,Moderate Misalignment,64,Shivanagar Flyover,1
1509,Shivanahalli Main Road,Urban Road,URB-01509,1509,13.0991,77.5974,13.0978,77.599,236.6,603.6,603.837,12.6453,Aligned,0.8934,0.8639,0.0967,0.0192,-0.0016,44.6074,45.8375,100.0,43.6292,30.6814,79.5381,68.8058,0.0261,59.2016,22.1469,No,0.0,0.0034,1.0634,Good,Medium,0.6292,10.0,10.0,20.8954,Safe,76.3911,46.8556,18.9004,Aligned,41.9218,57.3247,Separated Traffic,Urban,5.9215,True,Mixed,Meets Safe System Standards,0.0027,,False,37.9784,0.0042,0.0079,Aligned,46,Shivanahalli Main Ro,1
1510,Shivananda Circle Flyover,Urban Road,URB-01510,1510,12.9847,77.5821,12.9873,77.5785,489.8,604.0,604.49,58.5688,High Misalignment,0.6201,0.1061,0.2146,0.6269,0.007,31.3096,18.6042,78.3751,38.6365,38.0454,31.2767,89.284,70.2636,49.7512,46.8864,Yes,0.0,-0.0034,0.9673,Poor,High,1.587,10.0,10.0,54.3923,High Risk,42.1953,28.3796,51.1474,High Misalignment,53.1823,50.3751,Significant Pedestrian Interaction,Peri-Urban,2.1222,True,Mixed,Speed Limit Misaligned | High Pedestrian Interaction | Above Human Tolerance Limit,0.1473,Light,False,44.6392,1.9892,2.9889,High Misalignment,30,Shivananda Circle Fl,1
1511,Shivananda Circle Flyover,Urban Road,URB-01511,1511,12.9875,77.5784,12.9848,77.5822,506.1,604.4,604.906,12.5204,Aligned,0.9447,0.8861,0.0203,0.0012,0.0044,31.7496,32.8275,84.8234,25.8379,28.8315,49.7507,66.7942,0.101,49.5678,19.0721,No,0.0,-0.0068,0.9916,Good,Medium,1.8466,10.0,10.1441,21.493,Safe,73.9026,32.5578,20.4509,Aligned,33.8885,59.5462,Side Impact Potential,Urban,5.2104,True,Residential,Poor Infrastructure,0.0121,,False,27.4155,-0.007,-0.0081,Aligned,33,Shivananda Circle Fl,2
1512,Shivanapalya Road,Urban Road,URB-01512,1512,12.9236,77.4893,12.9283,77.4906,551.6,604.8,605.352,44.3608,Moderate Misalignment,0.7985,0.0701,0.8156,0.1515,0.0033,49.2174,47.9333,100.0,34.9647,26.1817,51.1419,71.117,0.0636,59.6578,11.2153,No,0.0,-0.0025,-0.0141,Good,Low,0.407,10.0,10.3734,25.4029,Moderate Risk,67.7579,49.6874,30.4924,Moderate Misalignment,50.4223,63.1775,Side Impact Potential,Urban,5.8035,False,Commercial,Poor Infrastructure | Above Human Tolerance Limit,0.0008,,False,38.6464,-0.0002,0.0179,Moderate Misalignment,49,Shivanapalya Road,1
1513,Shivashankar Road,Urban Road,URB-01513,1513,12.9747,77.6201,12.975,77.6253,597.6,605.2,605.798,46.8392,High Misalignment,0.4839,0.3744,0.101,0.4977,0.0084,63.5669,59.0293,100.0,27.6476,21.4906,79.5578,81.3387,0.0,58.6718,13.4443,No,0.0,0.0155,0.0934,Good,Low,0.5938,10.0,10.0,19.9166,Safe,74.5581,60.6159,17.1271,Aligned,61.5186,55.003,Separated Traffic,Peri-Urban,6.2406,True,Residential,Poor Infrastructure,-0.0133,,False,48.2898,0.0098,0.0046,High Misalignment,61,Shivashankar Road,1
1514,Shri J Lingaiah Road,Urban Road,URB-01514,1514,12.9891,77.5741,12.9882,77.5771,349.9,605.6,605.95,85.4553,High Misalignment,0.4948,-0.0259,-0.0208,0.5062,0.4865,29.4108,29.2538,100.0,88.2175,56.5778,29.8752,100.0,0.1842,58.2696,67.9373,No,0.0,-0.0055,1.9744,Good,Low,0.5613,10.0,28.7748,45.5224,Moderate Risk,51.658,27.1252,77.9099,Critical Misalignment,75.1506,66.4488,Significant Pedestrian Interaction,Urban,4.1414,True,Commercial,Speed Limit Misaligned | High Pedestrian Interaction | Above Human Tolerance Limit,0.1437,Light,False,60.2409,-0.0028,0.007,High Misalignment,28,Shri J Lingaiah Road,1
1515,Shringeri Road,Urban Road,URB-01515,1515,12.8788,77.6097,12.8796,77.6134,431.4,606.0,606.431,39.4115,Moderate Misalignment,0.9658,0.0809,0.9725,-0.0025,-0.0119,43.1129,38.5341,88.7863,23.8774,40.9595,49.1439,95.798,0.063,38.1325,44.1343,No,0.0,-0.0002,1.0264,Good,Low,1.6707,10.0,10.2134,28.1345,Moderate Risk,69.9246,42.1056,27.1059,Moderate Misalignment,42.2966,55.7692,Side Impact Potential,Urban,6.1485,True,Commercial,Poor Infrastructure,0.0188,,False,35.2508,-0.0082,-0.0098,Moderate Misalignment,42,Shringeri Road,1
1516,Siddaiah Road,Urban Road,URB-01516,1516,12.9538,77.5914,12.9483,77.5987,1015.2,606.4,607.415,36.1141,Moderate Misalignment,0.8132,0.1636,0.7913,0.0193,0.0006,32.5895,31.208,52.3141,56.6711,48.5433,28.0293,93.8454,0.0,60.0,51.9178,No,0.0,0.0062,0.9882,Good,Low,4.0194,10.0,10.3715,30.4834,Moderate Risk,68.7035,26.66,36.4831,Moderate Misalignment,39.7625,69.672,Significant Pedestrian Interaction,Urban,2.9128,False,Mixed,High Pedestrian Interaction | Above Human Tolerance Limit,0.0029,,False,36.0287,0.0016,-0.0037,Moderate Misalignment,32,Siddaiah Road,1
1517,Siddapura Road,Urban Road,URB-01517,1517,12.9488,77.5935,12.9486,77.593,2221.2,606.8,609.021,15.1262,Aligned,0.8394,0.8302,0.1647,0.0092,0.0039,51.9367,51.8941,100.0,5.6795,16.4878,81.5385,75.2011,0.0,59.6355,12.4328,No,0.0,-0.0183,-0.0099,Good,Low,0.2002,10.0,10.1548,21.2447,Safe,69.9457,50.8024,19.37,Aligned,52.7482,38.7078,Separated Traffic,Rural,5.7277,True,Residential,Poor Infrastructure,0.0076,,False,43.7467,0.0083,0.0039,Aligned,51,Siddapura Road,1
1518,Siddapura Road,Urban Road,URB-01518,1518,12.9562,77.731,12.9694,77.7356,1616.9,607.2,608.817,36.9721,Moderate Misalignment,0.9078,0.0549,0.904,0.0372,-0.0021,80.4851,81.6462,99.8577,0.0,14.0515,78.568,90.7574,0.0886,59.5544,1.9121,No,0.0,-0.0089,-0.0258,Poor,Medium,0.1057,10.0,33.2337,31.5288,Moderate Risk,51.9277,78.0655,47.0607,Moderate Misalignment,108.0881,41.4337,Separated Traffic,Rural,6.9835,True,Residential,Poor Infrastructure,0.1354,Light,False,85.1851,0.0117,0.0022,Moderate Misalignment,80,Siddapura Road,2
1519,Siddhaiah Puranik Road,Urban Road,URB-01519,1519,12.9806,77.5367,12.9808,77.5368,4433.8,607.6,612.034,16.6337,Aligned,0.8171,0.8058,0.1902,-0.0006,-0.0042,33.2305,33.1471,50.1893,59.0416,32.6558,50.7124,98.9314,0.0117,58.7786,26.7956,No,0.0,0.0031,0.0238,Good,Medium,3.3368,10.0,10.0412,20.1208,Safe,80.1899,32.1753,18.1881,Aligned,33.3422,57.14,Side Impact Potential,Urban,2.1098,False,Residential,Meets Safe System Standards,-0.0085,,False,27.9297,0.0089,0.0149,Aligned,32,Siddhaiah Puranik Ro,1
1520,Silk Board Interchange,State Highway,SH-01520,1520,12.9167,77.6284,12.9162,77.6189,1071.9,608.0,609.072,11.9664,Aligned,0.9836,0.9596,0.0104,-0.0034,-0.0024,34.5338,35.6985,55.1927,56.7633,45.6522,50.3858,88.7633,0.0442,40.0,45.8292,No,0.0,-0.0024,0.9563,Good,Low,3.5582,10.0,10.2617,24.3042,Safe,79.4001,37.2391,23.1933,Aligned,37.9231,61.0251,Side Impact Potential,Urban,2.0754,True,Commercial,Meets Safe System Standards,-0.0205,,False,31.279,0.0099,0.0134,Aligned,37,Silk Board Interchan,1
1521,Silkboard Double Decker Flyover,State Highway,SH-01521,1521,12.9188,77.6214,12.9145,77.6244,657.3,608.4,609.057,11.3938,Aligned,0.953,0.966,0.0568,0.0128,0.0018,37.0276,39.3366,88.0901,10.3079,24.4113,69.3738,72.5521,0.4948,50.9087,13.6984,No,0.0,0.0108,-0.009,Good,Medium,1.4972,10.0,10.0732,22.865,Safe,69.3741,40.0399,20.2313,Aligned,36.6724,58.9579,Separated Traffic,Peri-Urban,5.8737,True,Industrial,Poor Infrastructure,0.1621,Light,False,31.9763,0.0035,0.0024,Aligned,38,Silkboard Double Dec,1
1522,Silkboard Double Decker Flyover,State Highway,SH-01522,1522,12.9181,77.6227,12.9174,77.6271,500.8,608.8,609.301,10.8115,Aligned,0.9571,0.9743,0.0442,0.0191,0.0021,61.0607,62.8592,97.9333,0.6043,11.49,77.53,73.7907,0.0,58.618,1.5547,No,0.0,-0.0062,-0.0127,Poor,High,0.0632,10.0,10.0,19.045,Safe,70.3241,61.2241,17.6814,Aligned,60.9926,34.9967,Separated Traffic,Rural,7.8809,True,Commercial,Poor Infrastructure,-0.0166,,False,52.1028,-0.0187,-0.0081,Aligned,62,Silkboard Double Dec,2
1523,Singapura Main Road,Urban Road,URB-01523,1523,13.0818,77.5417,13.0801,77.5391,4414.0,609.2,613.614,9.7987,Aligned,0.9552,0.9809,0.0071,0.0073,0.0035,38.1525,36.4785,79.5045,12.3258,23.6214,48.3366,75.6516,0.0,50.204,4.8336,No,0.0,-0.0017,0.0729,Good,Low,2.0887,10.0,10.0315,22.318,Safe,70.5671,37.0589,18.7263,Aligned,36.8828,61.3137,Side Impact Potential,Urban,5.8462,False,Industrial,Poor Infrastructure,0.0162,,False,33.7624,-0.0002,-0.0017,Aligned,40,Singapura Main Road,1
1524,Sir M Vishveshwaraya Road,Urban Road,URB-01524,1524,12.9299,77.5693,12.9327,77.5714,382.6,609.6,609.983,9.9693,Aligned,0.9775,0.9318,0.0738,-0.0379,-0.0059,31.554,31.8509,79.954,25.6839,29.6906,48.7564,75.2672,0.3907,40.894,19.0273,No,0.0,-0.0032,0.0396,Good,Low,1.9786,10.0,10.2378,22.5847,Safe,72.9976,33.4994,18.8641,Aligned,29.1025,67.1647,Side Impact Potential,Urban,1.85,True,Mixed,Poor Infrastructure,0.021,,False,26.3398,-0.0043,0.0097,Aligned,29,Sir M Vishveshwaraya,1
1525,Sir Mirza Ismail Chowk Flyover,State Highway,SH-01525,1525,12.9647,77.5746,12.9642,77.5769,287.1,610.0,610.287,10.4946,Aligned,0.99,0.9813,-0.0095,0.0046,0.0058,24.9329,26.8905,54.3738,32.3281,47.242,51.5567,73.1912,0.5616,61.1972,52.8056,No,0.0,-0.0136,1.0136,Good,High,2.7315,10.0,10.2867,27.5446,Moderate Risk,72.1033,27.5974,24.6003,Aligned,26.9211,58.617,Side Impact Potential,Urban,3.9823,False,Mixed,Poor Infrastructure,0.1535,Light,False,18.2805,-0.0114,0.0089,Aligned,24,Sir Mirza Ismail Cho,1
1526,Sivanchetti Garden Road,Urban Road,URB-01526,1526,12.9848,77.6105,12.9846,77.6145,487.7,610.4,610.888,11.2602,Aligned,0.8903,0.8929,0.0895,-0.0098,0.0014,31.139,30.1106,63.3173,31.3162,32.3799,47.0375,92.9768,0.0007,28.3213,25.1213,No,0.0,-0.0022,-0.0609,Good,Medium,3.8969,10.0,10.0454,23.7243,Safe,73.7016,32.7828,21.1834,Aligned,28.1103,61.7972,Side Impact Potential,Urban,3.9976,True,Mixed,Poor Infrastructure,0.0081,,False,26.791,-0.0128,-0.0133,Aligned,31,Sivanchetti Garden R,1
1527,Someshwara Temple Road,Urban Road,URB-01527,1527,12.9365,77.6149,12.9369,77.611,429.3,610.8,611.229,24.2408,Aligned,0.5352,0.5298,0.4681,0.0111,-0.0063,42.3486,44.1177,79.6919,40.7319,27.4291,70.4346,97.0918,0.0,40.5237,19.4012,No,0.0,-0.0056,0.0423,Good,Low,1.5031,10.0,10.0,21.0547,Safe,75.331,42.8034,22.1187,Aligned,46.3076,57.7006,Separated Traffic,Urban,2.2229,True,Residential,Meets Safe System Standards,0.0146,,False,37.3297,-0.0142,-0.018,Aligned,45,Someshwara Temple Ro,1
1528,Someshwarpura 1st Main Road,Urban Road,URB-01528,1528,12.9688,77.633,12.9685,77.629,440.7,611.2,611.641,10.6045,Aligned,1.0031,0.9808,-0.0033,0.0104,-0.0004,20.124,21.6955,30.409,9.3282,16.7518,51.0417,84.6136,0.0,28.2911,9.3017,No,0.0,-0.0058,0.0279,Poor,High,1.4283,10.0,10.0,21.659,Safe,70.6131,23.0557,19.1045,Aligned,19.1889,42.1964,Side Impact Potential,Rural,1.9847,False,Residential,Poor Infrastructure,-0.0007,,False,17.6048,-0.0012,0.007,Aligned,21,Someshwarpura 1st Ma,1
1529,South End Road,Urban Road,URB-01529,1529,12.9369,77.5719,12.9368,77.5754,1409.7,611.6,613.01,12.4855,Aligned,0.9036,0.9148,0.0966,0.0094,-0.0047,64.9528,66.5169,100.0,1.2038,14.4987,80.5887,70.6025,0.0627,60.0,3.8524,No,0.0,-0.0081,-0.0001,Good,Medium,0.2859,10.0,10.0,20.271,Safe,69.6425,64.9203,18.8597,Aligned,64.9023,37.0311,Separated Traffic,Rural,6.059,True,Residential,Poor Infrastructure,0.1809,Light,False,51.3802,0.0254,0.0002,Aligned,64,South End Road,1
1530,South End Road,Urban Road,URB-01530,1530,12.9934,77.5714,12.9939,77.5739,281.9,612.0,612.282,36.1208,Moderate Misalignment,0.8357,0.1679,0.8393,-0.001,0.0059,80.8626,78.9883,99.2787,34.3356,37.633,81.1188,90.8327,0.3032,59.4575,30.0202,No,0.0,-0.0145,1.042,Good,High,0.4237,10.0,10.0,30.509,Moderate Risk,63.6795,80.9027,37.2406,Moderate Misalignment,92.9172,68.1123,Separated Traffic,Urban,5.9868,True,Industrial,Above Human Tolerance Limit,-0.0083,,False,81.6613,0.0092,-0.0039,Moderate Misalignment,80,South End Road,2
1531,Sowkar Lane,Urban Road,URB-01531,1531,13.0204,77.6128,13.0208,77.6144,214.9,612.4,612.615,40.785,Moderate Misalignment,0.8499,0.0578,0.8703,0.088,-0.0028,80.8461,80.7533,100.0,1.5113,15.0824,78.6448,91.7883,0.0268,60.0,10.5129,No,0.0,-0.0116,0.0011,Poor,High,0.4064,10.0,10.1058,26.3036,Moderate Risk,60.9801,79.9839,32.2132,Moderate Misalignment,89.3677,35.9716,Separated Traffic,Rural,7.7825,True,Industrial,Poor Infrastructure | Above Human Tolerance Limit,-0.0005,,False,86.6854,-0.0106,0.0083,Moderate Misalignment,81,Sowkar Lane,1
1532,Sri Doddamma Devi Temple Road,Urban Road,URB-01532,1532,12.9302,77.6692,12.9306,77.6757,779.0,612.8,613.579,11.0054,Aligned,0.9772,0.9594,-0.0143,-0.0102,0.0029,25.5702,26.0949,27.3661,22.4869,17.8874,49.6021,89.6288,0.0,60.0,6.3193,No,0.0,-0.0058,0.0198,Poor,Low,0.8934,10.0,10.0,18.6392,Safe,75.0562,24.5149,15.1364,Aligned,23.7696,45.2842,Side Impact Potential,Rural,1.0658,False,Residential,Poor Infrastructure,-0.0084,,False,21.3181,0.0084,0.0033,Aligned,27,Sri Doddamma Devi Te,1
1533,Sri Ganapathi Temple Road,Urban Road,URB-01533,1533,13.0212,77.6263,13.0299,77.6289,1017.3,613.2,614.217,20.0388,Aligned,0.7105,0.7199,0.2061,0.0497,0.005,81.9617,79.3959,97.0031,11.0123,17.0494,79.4275,82.7536,0.2416,58.2667,12.773,No,0.0,-0.0016,0.0035,Poor,Low,0.161,10.0,10.0,27.0329,Moderate Risk,62.7504,79.6943,34.3254,Moderate Misalignment,94.692,33.7682,Separated Traffic,Rural,5.0392,True,Residential,Poor Infrastructure | Above Human Tolerance Limit,0.003,,False,80.7359,0.002,0.0239,Aligned,81,Sri Ganapathi Temple,1
1534,Sri Krishna Temple Road,Urban Road,URB-01534,1534,12.9793,77.6464,12.9791,77.6409,602.2,613.6,614.202,40.4027,Moderate Misalignment,0.9412,0.0343,0.9546,0.0283,0.0071,79.6006,80.2265,100.0,33.0824,26.5046,80.5875,11.3791,0.0752,58.0756,22.3706,No,0.0,-0.0101,1.0156,Poor,Medium,0.4668,10.0,10.0,25.8306,Moderate Risk,69.387,78.7037,29.4928,Moderate Misalignment,82.7679,47.0258,Separated Traffic,Peri-Urban,7.7159,True,Industrial,Active Congestion | Poor Infrastructure | Above Human Tolerance Limit,0.6339,Severe,False,29.9136,0.003,-0.0194,Moderate Misalignment,81,Sri Krishna Temple R,1
1535,Sri M Thimmaiah Road,Urban Road,URB-01535,1535,12.985,77.5452,12.9893,77.5456,1888.8,614.0,615.889,26.6652,Moderate Misalignment,0.5218,0.4693,0.5022,0.0365,0.0002,71.3526,70.9385,98.897,0.0,12.2345,80.737,45.835,0.2164,60.0,1.69,No,0.0,0.001,-0.093,Good,Low,0.3132,10.0,10.0756,24.6182,Moderate Risk,62.5426,70.8463,28.0738,Moderate Misalignment,67.7738,40.4689,Separated Traffic,Rural,6.6747,True,Residential,Approach to Congestion (Tapered) | Poor Infrastructure | Above Human Tolerance Limit,0.1581,Light,True,55.0761,0.0043,0.0003,Moderate Misalignment,72,Sri M Thimmaiah Road,1
1536,Sri Nagasubramanya Swamy Temple Road,Urban Road,URB-01536,1536,12.9751,77.5449,12.9742,77.5447,106.1,614.4,614.506,10.9236,Aligned,0.9588,0.9419,0.067,0.0015,0.0144,39.0055,37.5049,72.8634,25.5275,26.502,49.8996,85.7587,0.0726,40.8124,12.0569,No,0.0,0.0074,0.0697,Good,Low,1.9826,10.0,10.0566,22.3434,Safe,74.0512,37.5783,18.5035,Aligned,37.836,64.8231,Side Impact Potential,Urban,1.8987,False,Industrial,Poor Infrastructure,0.1557,Light,False,30.8064,-0.0086,-0.0052,Aligned,39,Sri Nagasubramanya S,1
1537,Srinagar - Kanyakumari Highway,National Highway,NH-01537,1537,12.9146,77.6242,12.9146,77.624,21.6,614.8,614.822,28.0864,Aligned,0.6529,0.6488,0.1637,0.1733,0.0115,80.7376,80.7381,100.0,26.3838,28.343,79.455,81.8191,0.0,61.0043,21.7043,No,0.0,0.0068,0.97,Good,High,0.4251,10.0,10.2941,26.3911,Moderate Risk,67.1374,79.2314,27.9801,Moderate Misalignment,86.9535,57.2754,Separated Traffic,Urban,4.1613,True,Residential,Poor Infrastructure,0.1729,Light,False,68.6157,-0.0105,-0.0002,Aligned,81,Srinagar - Kanyakuma,1
1538,Srinagar - Kanyakumari Highway,National Highway,NH-01538,1538,12.9152,77.6237,12.916,77.6238,465.4,615.2,615.665,8.8395,Aligned,1.0228,1.0038,-0.0235,0.0047,-0.0011,22.7244,20.8365,30.5848,10.553,16.9311,48.7362,80.5072,0.2516,60.0,6.7804,No,0.0,0.0014,-0.0569,Poor,Low,1.5504,10.0,10.0,20.3944,Safe,72.4719,20.4781,17.4652,Aligned,20.5772,41.5989,Side Impact Potential,Rural,1.9782,False,Industrial,Poor Infrastructure,0.0102,,False,18.9874,-0.0054,-0.0045,Aligned,22,Srinagar - Kanyakuma,2
1539,Srinagar - Kanyakumari Highway,National Highway,NH-01539,1539,13.0428,77.5901,13.0465,77.5914,449.5,615.6,616.049,12.7057,Aligned,0.8641,0.8615,0.1551,0.0076,-0.0003,68.3904,67.3449,100.0,1.3343,16.0113,79.3524,77.325,0.21,60.369,6.2456,No,0.0,0.0028,-0.0411,Poor,Low,0.0663,10.0,10.4239,20.8997,Safe,69.1318,65.7952,21.5721,Aligned,66.1142,47.6501,Separated Traffic,Rural,7.0664,True,Mixed,Poor Infrastructure,-0.0063,,False,54.3762,-0.0052,0.0038,Aligned,67,Srinagar - Kanyakuma,3
1540,Srinagar - Kanyakumari Road,Urban Road,URB-01540,1540,12.8715,77.6519,12.8697,77.6533,257.5,616.0,616.258,25.2739,Aligned,0.4861,0.5138,0.4431,0.0478,-0.0093,79.3126,80.0754,100.0,5.5408,15.1276,80.8285,90.7661,0.1859,60.0,2.8748,No,0.0,0.0134,-0.0149,Poor,Medium,0.09,10.0,30.1224,28.948,Moderate Risk,57.2385,80.456,38.7522,Moderate Misalignment,91.5815,44.0604,Separated Traffic,Rural,4.811,True,Residential,Poor Infrastructure,0.0142,,False,75.0939,0.0008,-0.0176,Aligned,81,Srinagar - Kanyakuma,4
1541,Srinidhi Upachar Road,Urban Road,URB-01541,1541,13.0092,77.6501,13.012,77.6472,475.5,616.4,616.876,39.865,Moderate Misalignment,0.7982,0.071,0.8312,0.127,-0.0037,29.8792,26.9587,89.5027,19.1452,35.9343,30.0353,48.3451,0.6508,48.7216,35.5124,No,0.0,-0.0042,0.9961,Poor,High,1.4281,10.0,10.0,36.7388,Moderate Risk,54.0539,29.9616,48.5791,Moderate Misalignment,41.1477,56.5202,Significant Pedestrian Interaction,Urban,6.0478,True,Residential,High Pedestrian Interaction | Active Congestion | Poor Infrastructure,0.6401,Severe,False,14.3972,-0.0033,-0.0072,Moderate Misalignment,30,Srinidhi Upachar Roa,1
1542,Srinivagilu Main Road,Urban Road,URB-01542,1542,12.9425,77.6228,12.946,77.6186,2497.7,616.8,619.298,10.1774,Aligned,1.0056,0.9852,-0.0239,0.0025,0.0069,38.1881,38.2797,47.7981,0.6174,16.2451,50.0996,80.3426,0.1157,39.5858,5.6933,No,0.0,0.0147,-0.0052,Poor,Medium,0.8383,10.0,10.0,21.5007,Safe,68.9147,39.4317,19.2359,Aligned,36.6522,45.9528,Side Impact Potential,Rural,2.1618,False,Industrial,Poor Infrastructure,0.2213,Light,False,27.1725,0.0014,-0.0047,Aligned,37,Srinivagilu Main Roa,1
1543,Srinivasapura Main Road,Urban Road,URB-01543,1543,12.9809,77.6569,12.99,77.6548,1153.2,617.2,618.353,66.2221,High Misalignment,0.8474,0.0699,0.068,0.8126,0.0054,79.3328,79.0538,99.281,4.9026,20.5922,81.443,13.533,0.184,58.5383,13.7504,No,0.0,-0.0001,0.0317,Poor,Low,0.2203,10.0,26.9678,37.7669,Moderate Risk,46.3373,79.9302,58.5247,High Misalignment,116.4173,45.2156,Separated Traffic,Rural,5.0619,True,Residential,Speed Limit Misaligned | Active Congestion | Poor Infrastructure,0.7312,Severe,False,32.5589,-0.0201,0.0104,High Misalignment,79,Srinivasapura Main R,1
1544,Srinivasiah Road,Urban Road,URB-01544,1544,12.9178,77.5238,12.9206,77.5142,1257.3,617.6,618.857,20.7848,Aligned,0.7097,0.6635,0.2798,0.0162,-0.0135,51.5399,53.4944,98.8842,10.1466,17.6621,77.6039,44.9765,0.3544,60.0,4.3258,No,0.0,0.006,-0.0353,Poor,High,0.1066,10.0,10.3764,19.8379,Safe,71.1989,51.7638,16.7717,Aligned,51.0946,43.8182,Separated Traffic,Rural,5.9043,True,Industrial,Poor Infrastructure,0.0185,,False,41.4989,0.0204,-0.011,Aligned,52,Srinivasiah Road,1
1545,St. John's Road,Urban Road,URB-01545,1545,12.9807,77.611,12.9846,77.6145,1656.1,618.0,619.656,26.4083,Moderate Misalignment,0.5061,0.4497,0.4959,0.0069,0.0072,79.3466,77.8557,100.0,26.7811,26.7619,80.4576,75.33,0.274,60.0,13.4934,No,0.0,0.0028,0.0504,Poor,Low,0.4525,10.0,10.0,26.1722,Moderate Risk,67.3284,79.2592,31.4791,Moderate Misalignment,87.4842,53.3258,Separated Traffic,Peri-Urban,5.8862,True,Residential,Poor Infrastructure | Above Human Tolerance Limit,0.0151,,False,74.4476,-0.0018,0.0031,Moderate Misalignment,79,St. John's Road,1
1546,Star Circle Underpass,State Highway,SH-01546,1546,12.9962,77.5504,12.9996,77.5498,406.1,618.4,618.806,12.7775,Aligned,0.9022,0.9437,0.0831,0.0099,0.0055,47.6674,49.0036,100.0,10.8524,18.5836,79.0578,68.9889,0.266,59.0498,13.75,No,0.0,0.0078,0.0137,Poor,Low,0.2885,10.0,10.2135,20.5555,Safe,71.0891,49.5716,17.3992,Aligned,47.699,36.8992,Separated Traffic,Rural,7.0239,True,Residential,Poor Infrastructure,0.1469,Light,False,35.6348,-0.0006,-0.0026,Aligned,48,Star Circle Underpas,1