segment_id,road_name,road_type,human_segment_id,internal_id,start_lat,start_lon,end_lat,end_lon,length_m,start_km,end_km,road_risk_score,ai_risk_label,ai_risk_probability,prob_low_risk,prob_medium_risk,prob_high_risk,prob_critical_risk,ai_recommended_speed,recommended_safe_speed,road_function_score,infrastructure_score,exposure_score,human_tolerance_limit,operating_speed_score,crash_risk_score,posted_speed_limit,pedestrian_exposure_score,blackspot_flag,crash_count,fatal_crashes,schools_count,lighting_quality,roadside_hazards,intersection_density,speed_compliance_rate,speed_violation_score,hotspot_score,hotspot_category,speed_safety_score,original_safe_speed,misalignment_score,misalignment_category,speed_p85,ptw_share_pct,exposure_tier,urban_rural_flag,lane_count,median_presence,land_use_type,top_ai_factors,congestion_index,congestion_category,congestion_smoothed,operating_speed_mean,minor_crashes,major_crashes,risk_category,final_safe_speed,corridor_base,corridor_seq
1547,Star Circle Underpass,State Highway,SH-01547,1547,12.9996,77.55,12.9962,77.5506,398.1,618.8,619.198,30.8676,Moderate Misalignment,0.6276,0.3712,0.6349,0.0207,-0.0112,52.3393,44.81,80.6468,11.5377,23.673,50.375,98.5225,20.3183,46.6947,10.0348,No,0.0,-0.0012,0.0897,Good,Medium,1.9312,10.0,10.0,28.7352,Moderate Risk,64.8942,50.2215,22.0324,Aligned,53.9417,59.305,Side Impact Potential,Urban,5.9424,False,Commercial,Poor Infrastructure,0.0132,,False,49.1302,-0.0151,1.0043,Moderate Misalignment,51,Star Circle Underpas,2
1548,State Bank Road,Urban Road,URB-01548,1548,12.9729,77.6033,12.973,77.6015,187.4,619.2,619.387,10.4691,Aligned,0.9889,1.0207,-0.0025,0.0227,-0.0035,26.0538,26.7363,22.7723,0.0,17.0626,50.2612,83.086,0.0,30.3952,5.2728,No,0.0,-0.004,-0.049,Poor,High,3.1885,10.0,10.0,22.2836,Safe,68.7925,26.1003,17.4692,Aligned,24.8038,52.8335,Side Impact Potential,Peri-Urban,0.6845,False,Commercial,Poor Infrastructure,0.2135,Light,False,19.1939,-0.0043,0.002,Aligned,26,State Bank Road,1
1549,State Bank Road,Urban Road,URB-01549,1549,12.9734,77.5994,12.9733,77.6013,230.3,619.6,619.83,19.6178,Aligned,0.681,0.638,0.2874,0.0192,0.0083,47.9066,50.1694,98.9777,25.0906,20.0617,80.2385,74.2868,0.0,58.9618,15.3339,No,0.0,-0.0089,0.0876,Good,Medium,0.2361,10.0,10.0,19.3639,Safe,75.279,48.0637,17.5112,Aligned,48.4894,37.3489,Separated Traffic,Rural,5.9963,True,Residential,Poor Infrastructure,0.0056,,False,43.2218,0.0066,-0.0073,Aligned,50,State Bank Road,2
1550,Subbanna Garden Main road,Urban Road,URB-01550,1550,12.9647,77.5304,12.9644,77.5347,468.1,620.0,620.468,11.9645,Aligned,0.9124,0.9013,0.0625,0.0171,-0.0035,56.6451,56.5788,100.0,13.91,22.2345,79.3691,69.7027,0.0,60.0,9.0648,No,0.0,0.0003,0.0042,Good,High,0.2176,10.0,10.0,21.9941,Safe,72.455,58.6903,17.7026,Aligned,56.6574,60.4464,Separated Traffic,Peri-Urban,5.9399,True,Residential,Poor Infrastructure,0.0043,,False,50.3367,0.0149,0.0112,Aligned,58,Subbanna Garden Main,1
1551,Subbarama Chetty Street,Urban Road,URB-01551,1551,12.9376,77.5628,12.9378,77.5676,1894.6,620.4,622.295,38.725,Moderate Misalignment,0.9278,0.0537,0.9203,0.0234,0.0251,32.175,28.3309,68.5257,59.139,49.6036,28.4906,87.4961,0.0,41.9881,58.0927,No,0.0,-0.0063,1.0215,Good,High,2.2508,10.0,10.0,30.8152,Moderate Risk,70.4714,26.9803,36.0825,Moderate Misalignment,34.5717,63.7605,Significant Pedestrian Interaction,Urban,2.0012,False,Mixed,High Pedestrian Interaction | Above Human Tolerance Limit,0.0005,,False,31.1753,0.0148,-0.0001,Moderate Misalignment,31,Subbarama Chetty Str,1
1552,Subedar Chatram Road,Urban Road,URB-01552,1552,12.9898,77.5724,12.9752,77.5761,1800.0,620.8,622.6,13.9046,Aligned,0.9083,0.9225,0.1243,0.011,-0.0005,27.3268,29.828,49.9735,17.2882,28.7994,50.3223,86.0828,0.0821,60.0,14.9406,No,0.0,0.0007,0.0683,Good,Low,3.441,10.0,10.0,23.8807,Safe,72.578,28.9338,18.3062,Aligned,28.11,67.5545,Side Impact Potential,Urban,2.7731,False,Commercial,Poor Infrastructure,-0.0054,,False,22.1632,0.0013,0.0161,Aligned,28,Subedar Chatram Road,1
1553,Subhash Chandra Bose Road,Urban Road,URB-01553,1553,12.9135,77.5661,12.9138,77.5598,741.3,621.2,621.941,9.7779,Aligned,0.9844,0.9814,0.0522,0.0079,0.0072,31.999,33.0471,49.6183,38.1741,31.9531,50.8155,81.8219,0.0,41.8886,23.9695,No,0.0,-0.0002,0.0286,Poor,Medium,3.561,10.0,10.1575,21.73,Safe,76.4509,28.614,18.1573,Aligned,29.2307,64.3613,Side Impact Potential,Urban,2.0713,False,Mixed,Meets Safe System Standards,-0.0016,,False,27.2127,0.0005,0.0123,Aligned,30,Subhash Chandra Bose,1
1554,Subramaniapura Main Road,Urban Road,URB-01554,1554,12.9117,77.5522,12.9124,77.5587,800.4,621.6,622.4,38.5159,Moderate Misalignment,0.9558,0.0628,0.9805,0.0042,-0.0047,52.3965,49.7576,77.8126,20.4056,29.6752,50.5671,98.1428,0.0,49.009,16.9304,No,0.0,0.0015,-0.0041,Good,Medium,2.6256,10.0,11.6695,25.8233,Moderate Risk,68.375,48.2754,26.3978,Moderate Misalignment,55.9951,68.7637,Side Impact Potential,Urban,5.096,False,Commercial,Poor Infrastructure,0.0013,,False,47.6168,0.0202,0.0003,Moderate Misalignment,51,Subramaniapura Main ,1
1555,Subramaniapura Road,Urban Road,URB-01555,1555,12.9154,77.5621,12.9169,77.5735,1397.5,622.0,623.398,16.9527,Aligned,0.7786,0.7871,0.1994,-0.003,0.0021,30.0831,28.9173,50.9087,1.4311,17.5975,49.3856,93.3966,0.5801,29.3051,8.2127,No,0.0,0.01,-0.0466,Poor,Medium,1.5206,10.0,10.2733,22.2419,Safe,68.6697,31.8803,19.615,Aligned,29.0634,46.5777,Side Impact Potential,Rural,2.9407,False,Mixed,Poor Infrastructure,-0.0035,,False,26.897,0.0116,0.0142,Aligned,31,Subramaniapura Road,1
1556,Subramanyapura Main Road,Urban Road,URB-01556,1556,12.9136,77.559,12.9154,77.5621,461.8,622.4,622.862,12.2644,Aligned,0.9244,0.9588,0.1254,-0.0073,-0.0081,31.3956,32.8576,79.6674,45.8273,40.2443,50.3525,65.7261,0.1561,50.0125,38.0991,No,0.0,0.0035,1.9571,Good,Low,1.9738,10.0,10.1387,24.3959,Safe,76.1612,34.2119,21.1156,Aligned,34.2463,62.4977,Side Impact Potential,Urban,5.9056,False,Mixed,Meets Safe System Standards,-0.0127,,False,27.5324,0.0023,-0.0039,Aligned,33,Subramanyapura Main ,1
1557,Subramanyapura Main Road,Urban Road,URB-01557,1557,12.8989,77.5439,12.884,77.5413,1745.9,622.8,624.546,73.1905,High Misalignment,0.9316,0.0494,0.0555,0.9247,-0.0043,30.6059,30.7968,75.6893,48.4612,51.9283,29.3682,71.0813,0.0505,51.1393,63.4044,No,0.0,0.0011,2.006,Poor,High,2.1284,10.0,10.0664,39.4924,Moderate Risk,58.4105,30.7308,50.7842,High Misalignment,36.9784,60.3058,Significant Pedestrian Interaction,Urban,4.9902,False,Residential,Speed Limit Misaligned | High Pedestrian Interaction | Above Human Tolerance Limit,0.0135,,False,29.4292,-0.005,-0.0146,High Misalignment,30,Subramanyapura Main ,2
1558,Sultan Gunta Road,State Highway,SH-01558,1558,12.9882,77.607,12.9922,77.6042,575.5,623.2,623.776,9.8924,Aligned,0.9904,0.9806,-0.0036,-0.0077,0.0035,17.1834,17.3992,27.7475,0.3938,19.1262,49.1745,94.4851,0.0186,40.0,9.6399,No,0.0,-0.0111,-0.0015,Poor,Medium,0.7753,10.0,10.0,21.3483,Safe,68.8514,17.4431,18.6408,Aligned,18.9325,43.3939,Side Impact Potential,Rural,0.9681,False,Residential,Poor Infrastructure,0.0057,,False,15.025,0.0145,-0.0036,Aligned,18,Sultan Gunta Road,1
1559,Sultan Road,Urban Road,URB-01559,1559,12.9636,77.5683,12.9643,77.5699,221.9,623.6,623.822,35.5248,Moderate Misalignment,0.8311,0.1322,0.8643,0.0089,0.0087,80.7609,80.1228,100.0,16.0177,11.463,79.3614,88.2189,0.0,60.0,4.8327,No,0.0,-0.0026,-0.0026,Poor,Low,0.2448,10.0,33.7214,26.2902,Moderate Risk,61.5811,79.494,36.4005,Moderate Misalignment,81.491,34.2838,Separated Traffic,Rural,7.9736,True,Industrial,Poor Infrastructure,-0.0276,,False,68.0001,-0.015,0.0034,Moderate Misalignment,82,Sultan Road,1
1560,Sultanpete Main Road,Urban Road,URB-01560,1560,12.9684,77.5748,12.9701,77.5702,543.7,624.0,624.544,14.6387,Aligned,0.8966,0.876,0.0859,0.0185,0.0035,36.1721,36.5115,75.6143,48.5443,46.3282,49.7862,86.8587,0.1619,36.9734,51.7544,No,0.0,-0.0062,0.9143,Good,High,2.0248,10.0,10.0,25.8672,Moderate Risk,75.5095,37.0806,23.0615,Aligned,35.578,62.5904,Side Impact Potential,Urban,1.8084,True,Mixed,Meets Safe System Standards,-0.0024,,False,31.148,0.0136,-0.0068,Aligned,37,Sultanpete Main Road,1
1561,Sulthanpalya Main Road,Urban Road,URB-01561,1561,13.0222,77.6024,13.0378,77.6052,1785.7,624.4,626.186,39.5332,Moderate Misalignment,0.8939,0.0526,0.9254,0.0165,-0.0021,79.9634,78.8375,99.1211,9.2253,16.3813,79.1457,86.7329,5.1097,59.3532,5.9783,No,0.0,-0.0017,0.0095,Poor,High,0.0402,10.0,31.1656,30.7557,Moderate Risk,56.9432,79.0143,39.6113,Moderate Misalignment,93.3464,44.4562,Separated Traffic,Rural,8.0258,True,Industrial,Poor Infrastructure,0.0114,,False,78.296,1.0075,-0.0075,Moderate Misalignment,81,Sulthanpalya Main Ro,1
1562,Sumanahalli Flyover,National Highway,NH-01562,1562,12.9906,77.5206,12.9787,77.5153,1474.3,624.8,626.274,11.6391,Aligned,0.9856,0.9475,0.0308,0.0185,-0.0071,31.067,31.076,52.9841,26.4583,26.739,51.8022,76.3137,0.0,60.0,19.1551,No,0.0,0.0133,-0.0028,Good,Low,2.9398,10.0,10.3325,21.7707,Safe,74.5072,30.8416,18.2779,Aligned,32.1734,56.5833,Side Impact Potential,Urban,3.8773,False,Industrial,Poor Infrastructure,0.004,,False,25.5468,0.0103,-0.0137,Aligned,32,Sumanahalli Flyover,1
1563,Sumanahalli Flyover,National Highway,NH-01563,1563,12.979,77.5152,12.9943,77.5218,1890.8,625.2,627.091,70.4914,High Misalignment,0.8401,-0.0192,0.1,0.8366,-0.0012,29.8915,28.816,71.3063,13.6668,39.1755,29.3514,76.0769,0.0,60.0,38.617,No,0.0,0.0014,1.0646,Good,Medium,1.8485,10.0,10.0,37.8549,Moderate Risk,52.7192,29.5599,50.4614,High Misalignment,34.0039,57.138,Significant Pedestrian Interaction,Urban,2.9562,False,Residential,Speed Limit Misaligned | High Pedestrian Interaction | Poor Infrastructure,-0.0136,,False,31.4239,0.0093,-0.0028,High Misalignment,30,Sumanahalli Flyover,2
1564,Sundaramurthi Road,Urban Road,URB-01564,1564,12.9944,77.618,12.9964,77.6214,435.3,625.6,626.035,39.4855,Moderate Misalignment,0.9657,0.0503,0.9557,-0.0066,0.0078,48.9993,50.2591,78.1566,16.8452,27.6725,49.6408,99.5926,0.2574,59.0368,19.2897,No,0.0,0.0141,0.0703,Poor,Low,1.3968,10.0,26.9808,28.2068,Moderate Risk,64.5066,49.4121,32.0629,Moderate Misalignment,52.2681,55.4706,Side Impact Potential,Peri-Urban,5.9358,False,Commercial,Approach to Congestion (Tapered) | Poor Infrastructure,0.1148,Light,True,39.809,0.0032,0.0039,Moderate Misalignment,50,Sundaramurthi Road,1
1565,Sunkanahalli Main Road,Urban Road,URB-01565,1565,12.9436,77.5673,12.9447,77.5678,126.7,626.0,626.127,36.3546,Moderate Misalignment,0.8738,0.1073,0.8885,0.0057,0.005,27.6243,25.5367,29.363,53.5743,41.936,31.8486,96.0879,0.4505,20.3462,50.2617,No,0.0,-0.0042,2.9265,Poor,High,2.5839,10.0,30.8088,24.962,Moderate Risk,74.859,25.2031,27.2275,Moderate Misalignment,26.3585,55.8463,Significant Pedestrian Interaction,Peri-Urban,1.0775,False,Industrial,High Pedestrian Interaction,0.0158,,False,23.4368,-0.0109,-0.0103,Moderate Misalignment,25,Sunkanahalli Main Ro,1
1566,Suranjandas Road Underpass,State Highway,SH-01566,1566,12.9581,77.6681,12.9586,77.6651,340.1,626.4,626.74,38.2527,Moderate Misalignment,0.9715,0.0239,0.9957,-0.0003,-0.007,80.0623,80.4843,98.9393,0.0,14.0878,80.3132,10.4618,0.0989,60.1527,0.2377,No,0.0,-0.0073,-0.0317,Poor,Low,0.0737,10.0,10.0,28.5948,Moderate Risk,56.7971,80.4743,38.6047,Moderate Misalignment,96.7103,47.2606,Separated Traffic,Rural,7.1662,True,Residential,Active Congestion | Poor Infrastructure | Above Human Tolerance Limit,0.7936,Severe,False,25.9602,-0.0148,-0.0122,Moderate Misalignment,79,Suranjandas Road Und,1
1567,Suranjandas Road Underpass,State Highway,SH-01567,1567,12.9587,77.665,12.9583,77.6681,356.2,626.8,627.156,12.0362,Aligned,0.946,0.9431,0.0761,0.0115,0.0008,30.8468,34.082,88.4184,20.5142,30.7773,49.4029,78.274,0.3477,40.947,18.4499,No,0.0,-0.0087,-0.0294,Good,High,1.806,10.0,10.0,23.3148,Safe,71.5678,31.755,20.556,Aligned,30.7738,64.6811,Side Impact Potential,Urban,5.9769,True,Commercial,Poor Infrastructure,0.035,,False,26.717,-0.0053,0.006,Aligned,30,Suranjandas Road Und,2
1568,Suranjandas Road,State Highway,SH-01568,1568,12.9814,77.6507,12.9814,77.6507,6465.4,627.2,633.665,11.8644,Aligned,0.9757,0.9522,0.036,0.0068,-0.008,35.2024,34.5176,53.5833,43.0979,31.8043,50.6102,87.117,0.1957,40.0,27.1231,No,0.0,0.0092,-0.0242,Good,Low,2.7747,10.0,10.0,21.3977,Safe,76.2669,34.6794,18.4356,Aligned,34.4383,63.1257,Side Impact Potential,Urban,3.4659,False,Commercial,Meets Safe System Standards,-0.0072,,False,35.1456,-0.0151,-0.0078,Aligned,35,Suranjandas Road,1
1569,Swagath Road,Urban Road,URB-01569,1569,12.9285,77.5925,12.9285,77.5925,2400.4,627.6,630.0,8.6811,Aligned,0.9941,0.9756,0.0296,-0.0156,-0.0071,23.2452,23.9642,29.8916,30.4883,26.7355,50.3777,84.1597,0.0,39.9918,21.9559,No,0.0,0.004,0.98,Poor,Low,2.7337,10.0,10.0,21.2941,Safe,75.1134,26.7521,17.0639,Aligned,23.5756,52.2337,Side Impact Potential,Peri-Urban,1.9172,False,Industrial,Poor Infrastructure,-0.0039,,False,22.2851,-0.0149,0.0163,Aligned,25,Swagath Road,1
1570,Swamy Vivekananda Road,State Highway,SH-01570,1570,12.9727,77.6202,12.9726,77.6196,11857.1,628.0,639.857,23.1855,Aligned,0.5607,0.5395,0.4221,0.006,0.0009,61.1053,55.5959,99.7009,0.0,13.6989,81.231,78.7347,0.0,59.4784,3.2625,No,0.0,0.0033,-0.0005,Good,Medium,0.3387,10.0,10.0,20.9333,Safe,68.4625,59.2334,18.9112,Aligned,61.593,44.6235,Separated Traffic,Rural,7.9253,True,Residential,Approach to Congestion (Tapered) | Poor Infrastructure,-0.0306,,True,52.4073,0.006,-0.0106,Aligned,60,Swamy Vivekananda Ro,1
1571,Swamy Vivekananda Road,Urban Road,URB-01571,1571,12.9295,77.5277,12.9338,77.5293,656.6,628.4,629.057,15.1305,Aligned,0.8257,0.8003,0.1969,0.0008,0.0053,35.5791,35.552,82.5869,20.5838,24.9272,48.2422,88.2464,0.0831,39.6202,10.1534,No,0.0,-0.0093,0.0247,Good,Low,1.7644,10.0,10.1832,20.9602,Safe,72.1677,36.7814,16.4962,Aligned,35.4306,62.2185,Side Impact Potential,Urban,4.3054,True,Residential,Poor Infrastructure,0.0168,,False,30.1093,0.0128,0.0081,Aligned,36,Swamy Vivekananda Ro,2
1572,Swamy Vivekananda Road,Urban Road,URB-01572,1572,12.9299,77.5208,12.9298,77.5247,462.4,628.8,629.262,12.5865,Aligned,0.9301,0.8719,0.0887,0.0037,-0.0068,43.3915,43.3985,80.8868,35.8288,33.4067,48.6181,85.8317,0.6276,49.4273,22.2779,No,0.0,-0.0075,0.0019,Good,Low,1.9272,10.0,10.0955,22.3294,Safe,75.0542,42.1083,19.7441,Aligned,40.171,64.9094,Side Impact Potential,Urban,4.7765,True,Industrial,Poor Infrastructure,0.0122,,False,37.9969,-0.0013,-0.0002,Aligned,43,Swamy Vivekananda Ro,3
1573,Swamy Vivekananda Road,Urban Road,URB-01573,1573,12.9838,77.7438,12.9817,77.7519,922.9,629.2,630.123,13.8926,Aligned,0.8619,0.8514,0.149,0.0019,0.0016,19.5978,20.6178,30.3266,0.0,13.895,48.2432,91.2694,0.1575,20.0,4.0239,No,0.0,0.0003,-0.0501,Poor,High,1.826,10.0,10.0,20.2771,Safe,70.0246,14.823,18.055,Aligned,21.2456,44.2917,Side Impact Potential,Rural,2.0074,False,Residential,Poor Infrastructure,0.2209,Light,False,13.4863,-0.0165,0.0154,Aligned,19,Swamy Vivekananda Ro,4
1574,T Thimmiah Road,Urban Road,URB-01574,1574,12.917,77.5595,12.9165,77.562,283.2,629.6,629.883,11.6958,Aligned,0.9478,0.9215,0.0555,-0.0043,-0.0007,26.4195,24.5794,53.3102,24.04,32.5657,49.6616,70.9903,0.0966,40.4071,20.2135,No,0.0,-0.0058,0.9148,Poor,Low,2.8036,10.0,10.0,23.5675,Safe,72.8722,27.7224,19.6442,Aligned,29.3941,67.0408,Side Impact Potential,Urban,3.003,False,Mixed,Poor Infrastructure,0.018,,False,21.6527,-0.0045,0.0028,Aligned,28,T Thimmiah Road,1
1575,Tagore Circle Underpass,State Highway,SH-01575,1575,12.9418,77.5738,12.9458,77.5737,443.0,630.0,630.443,38.9904,Moderate Misalignment,0.9395,-0.0239,0.996,0.0286,-0.0014,27.9261,28.6696,77.8687,60.927,54.6176,30.6965,94.1094,0.0462,42.8222,59.8308,No,0.0,0.0033,0.9291,Good,Medium,1.4577,10.0,10.1576,33.8716,Moderate Risk,67.1838,29.6432,40.574,Moderate Misalignment,43.3577,67.9056,Significant Pedestrian Interaction,Urban,4.2,False,Commercial,High Pedestrian Interaction | Above Human Tolerance Limit,0.0024,,False,35.459,-0.0072,-0.0208,Moderate Misalignment,29,Tagore Circle Underp,1
1576,Tagore Circle Underpass,State Highway,SH-01576,1576,12.9458,77.5738,12.9418,77.5738,447.6,630.4,630.848,10.6766,Aligned,0.9784,1.0014,0.0036,-0.0014,-0.0085,24.2673,24.9578,29.8463,0.0,12.5524,51.2559,84.9544,0.1455,40.0,2.0966,No,0.0,-0.0087,0.016,Poor,Medium,2.3706,10.0,10.0,20.0014,Safe,70.3998,23.8513,15.5716,Aligned,27.1681,37.4932,Side Impact Potential,Rural,1.0475,False,Residential,Poor Infrastructure,-0.026,,False,23.8873,-0.007,0.0088,Aligned,25,Tagore Circle Underp,2
1577,Tagore Circle,Urban Road,URB-01577,1577,12.9437,77.5737,12.9442,77.5737,231.3,630.8,631.031,14.56,Aligned,0.905,0.932,0.0279,0.0173,0.0141,57.2931,57.7779,98.8638,37.058,23.7498,77.0744,74.4329,0.0462,60.0,10.5391,No,0.0,0.0025,-0.0148,Good,High,0.6716,10.0,10.0,19.1107,Safe,76.9819,57.6165,16.834,Aligned,57.9939,60.4771,Separated Traffic,Urban,3.8446,True,Residential,Meets Safe System Standards,0.0279,,False,52.9372,-0.0027,-0.0044,Aligned,58,Tagore Circle,1
1578,Tank Bund Road(4th Cross Road),Urban Road,URB-01578,1578,13.0343,77.5702,13.0378,77.5705,397.1,631.2,631.597,27.1772,Moderate Misalignment,0.5169,0.4764,0.5067,0.004,-0.0053,77.5894,81.6208,99.0737,32.2896,30.2267,80.3467,59.2975,0.4479,58.4775,22.6035,No,0.0,-0.0002,0.0681,Poor,High,0.4927,10.0,10.0,26.6038,Moderate Risk,66.8426,80.5935,30.3135,Moderate Misalignment,81.0565,60.368,Separated Traffic,Peri-Urban,6.0123,True,Industrial,Poor Infrastructure | Above Human Tolerance Limit,0.1679,Light,False,62.9501,0.0002,-0.0019,Moderate Misalignment,78,Tank Bund Road(4th C,1
1579,Tank Bund Road,State Highway,SH-01579,1579,12.9745,77.5723,12.9745,77.5723,1152.1,631.6,632.752,11.5394,Aligned,0.9856,0.9653,-0.0075,-0.004,-0.0,48.0079,47.447,69.4291,62.4672,33.4634,48.7122,84.7842,0.0,50.7682,28.8754,No,0.0,-0.0037,0.0054,Poor,High,1.857,10.0,10.0,18.1258,Safe,83.6383,48.0493,16.8282,Aligned,47.8679,59.4636,Side Impact Potential,Urban,1.9394,False,Industrial,Meets Safe System Standards,0.0093,,False,38.5074,0.0002,0.005,Aligned,49,Tank Bund Road,1
1580,Tank Bund Road,State Highway,SH-01580,1580,12.9707,77.5665,12.9614,77.5593,3176.3,632.0,635.176,14.3897,Aligned,0.8892,0.8474,0.0935,0.0052,-0.008,53.1281,51.2722,98.6237,23.4023,35.0649,79.1382,76.8874,0.0,59.3242,26.176,No,0.0,-0.0044,1.0168,Poor,High,0.5935,10.0,10.0,25.3769,Moderate Risk,70.859,51.1188,23.686,Aligned,48.1,66.0195,Separated Traffic,Urban,5.0538,True,Commercial,Poor Infrastructure,-0.0139,,False,44.4835,0.0078,0.0048,Aligned,52,Tank Bund Road,2
1581,Tank Bund Road,Urban Road,URB-01581,1581,12.9161,77.617,12.913,77.6251,1185.2,632.4,633.585,30.5306,Moderate Misalignment,0.6973,0.3036,0.7144,-0.0024,0.0031,39.8422,40.0986,53.8025,11.7751,14.2631,49.7193,93.78,0.1549,31.4786,5.6057,No,0.0,-0.0011,0.0568,Poor,Low,1.5846,10.0,32.9148,22.8594,Safe,66.0514,39.2957,26.0122,Moderate Misalignment,40.03,35.5573,Side Impact Potential,Rural,3.0344,False,Residential,Poor Infrastructure,-0.0007,,False,33.0293,-0.0062,0.0124,Moderate Misalignment,39,Tank Bund Road,3
1582,Tank Bund Road,Urban Road,URB-01582,1582,13.0328,77.5543,13.038,77.5534,617.0,632.8,633.417,11.9637,Aligned,0.9558,0.9327,0.0608,0.0078,-0.0128,39.3037,39.8374,72.3101,25.2605,26.153,50.6808,85.136,0.0212,39.123,14.3263,No,0.0,-0.0074,-0.014,Good,Low,1.8823,10.0,10.0299,22.1466,Safe,73.6418,38.1603,18.7908,Aligned,38.7766,64.1564,Side Impact Potential,Urban,2.2444,False,Industrial,Poor Infrastructure,0.1417,Light,False,29.9182,0.0084,-0.0056,Aligned,38,Tank Bund Road,4
1583,Tank Bund Road,Urban Road,URB-01583,1583,13.0371,77.5659,13.0372,77.5662,1032.9,633.2,634.233,99.2369,Critical Misalignment,0.9733,-0.0273,0.0259,0.0033,0.9768,27.8273,32.7461,78.2904,56.2199,53.6592,29.8879,91.0096,4.7863,60.0,64.8172,No,0.0,0.002,0.9278,Good,Medium,2.3255,10.0,23.9608,50.2839,High Risk,44.0579,29.1269,79.1419,Critical Misalignment,74.1754,66.3427,Significant Pedestrian Interaction,Urban,1.9285,True,Mixed,Speed Limit Misaligned | High Pedestrian Interaction | Above Human Tolerance Limit,-0.0047,,False,67.5584,1.0046,0.0025,Critical Misalignment,28,Tank Bund Road,5
1584,Tannery Road,Urban Road,URB-01584,1584,13.002,77.612,13.0085,77.6133,757.8,633.6,634.358,16.7369,Aligned,0.7518,0.7556,0.2137,0.0029,-0.0087,44.3323,44.272,52.0609,16.7225,23.1508,49.3924,97.4686,0.0158,39.4297,8.403,No,0.0,-0.0091,0.0445,Good,Medium,1.9568,10.0,10.1389,23.2993,Safe,70.2922,45.8941,22.4768,Aligned,46.5664,58.4718,Side Impact Potential,Peri-Urban,2.1261,False,Residential,Poor Infrastructure,0.0053,,False,40.608,0.0025,0.002,Aligned,44,Tannery Road,1
1585,Taralabalu Marg,Urban Road,URB-01585,1585,13.0208,77.5925,13.0196,77.5968,492.7,634.0,634.493,9.1218,Aligned,0.9842,0.9947,0.0169,-0.0067,0.0046,26.3971,26.928,27.314,29.6056,25.2887,49.1104,85.7903,0.0,31.0716,19.4379,No,0.0,0.0109,0.0239,Poor,Low,3.3289,10.0,10.0,19.4607,Safe,75.718,27.7459,17.6081,Aligned,25.986,48.3907,Side Impact Potential,Peri-Urban,1.081,False,Industrial,Poor Infrastructure,-0.0113,,False,18.6733,0.0035,0.0027,Aligned,26,Taralabalu Marg,1
1586,Taralabalu Road,Urban Road,URB-01586,1586,13.0173,77.584,13.0169,77.588,1249.0,634.4,635.649,9.2693,Aligned,1.0065,0.9824,0.0471,0.0067,0.0018,41.1779,41.5926,73.2319,36.7815,27.97,50.859,75.4583,0.0,53.1148,20.6482,No,0.0,-0.0025,-0.0513,Poor,High,1.9731,10.0,10.0,20.9959,Safe,76.2037,44.1566,16.6929,Aligned,41.3817,56.8227,Side Impact Potential,Urban,3.1393,False,Commercial,Meets Safe System Standards,-0.0068,,False,32.223,-0.0022,0.0126,Aligned,40,Taralabalu Road,1
1587,Tavarekere Main Road,Urban Road,URB-01587,1587,12.9295,77.6151,12.9302,77.6128,269.4,634.8,635.069,9.2773,Aligned,0.9677,0.9527,0.0399,0.01,0.0021,26.8376,23.2833,52.6029,0.0,15.609,50.3977,81.3286,0.0,29.4351,2.0889,No,0.0,0.0062,0.0296,Poor,Medium,1.1281,10.0,10.0,20.0944,Safe,68.5561,22.8423,20.4298,Aligned,24.7472,44.8485,Side Impact Potential,Rural,4.0275,False,Industrial,Poor Infrastructure,0.2042,Light,False,15.9177,0.0023,0.0107,Aligned,24,Tavarekere Main Road,1
1588,Tavarekere Main Road,Urban Road,URB-01588,1588,12.9347,77.6098,12.9246,77.6092,1162.0,635.2,636.362,41.5315,Moderate Misalignment,0.9071,0.0507,0.907,0.0544,0.0014,50.6166,51.9515,100.0,27.8345,24.9888,49.2542,76.3318,0.0,60.0,15.2072,No,0.0,-0.0052,0.0393,Good,Medium,0.5198,10.0,10.0,31.0929,Moderate Risk,60.4541,50.8341,44.5943,Moderate Misalignment,59.6515,55.1013,Side Impact Potential,Urban,7.0997,False,Commercial,Poor Infrastructure | Above Human Tolerance Limit,-0.0019,,False,52.8141,-0.005,-0.0015,Moderate Misalignment,50,Tavarekere Main Road,2
1589,Temple Road,Urban Road,URB-01589,1589,13.0685,77.5595,13.075,77.5611,742.6,635.6,636.343,39.3362,Moderate Misalignment,0.9877,-0.0035,1.0425,0.0082,0.0147,77.8524,80.697,100.0,12.6524,15.4636,79.7996,99.5836,0.2715,60.0,7.0279,No,0.0,-0.0079,-0.0361,Poor,Low,0.1256,10.0,22.9311,27.1039,Moderate Risk,61.9942,80.2879,35.8162,Moderate Misalignment,99.554,34.4928,Separated Traffic,Rural,4.0601,True,Residential,Poor Infrastructure,-0.0176,,False,79.6127,0.0071,-0.006,Moderate Misalignment,80,Temple Road,1
1590,Temple Street,Urban Road,URB-01590,1590,12.9406,77.5473,12.9425,77.5477,224.0,636.0,636.224,10.9927,Aligned,0.9558,0.9606,0.0661,0.0131,-0.01,27.6028,29.3719,56.4159,10.4124,24.9749,50.0677,88.0138,0.5118,29.1754,9.5476,No,0.0,-0.0036,0.0297,Poor,Low,2.6917,10.0,10.0288,23.9698,Safe,70.3245,28.0319,18.6669,Aligned,30.9543,65.8348,Side Impact Potential,Urban,4.2187,False,Residential,Poor Infrastructure,0.1715,Light,False,22.6505,0.007,-0.0087,Aligned,28,Temple Street,1