segment_id,road_name,road_type,human_segment_id,internal_id,start_lat,start_lon,end_lat,end_lon,length_m,start_km,end_km,road_risk_score,ai_risk_label,ai_risk_probability,prob_low_risk,prob_medium_risk,prob_high_risk,prob_critical_risk,ai_recommended_speed,recommended_safe_speed,road_function_score,infrastructure_score,exposure_score,human_tolerance_limit,operating_speed_score,crash_risk_score,posted_speed_limit,pedestrian_exposure_score,blackspot_flag,crash_count,fatal_crashes,schools_count,lighting_quality,roadside_hazards,intersection_density,speed_compliance_rate,speed_violation_score,hotspot_score,hotspot_category,speed_safety_score,original_safe_speed,misalignment_score,misalignment_category,speed_p85,ptw_share_pct,exposure_tier,urban_rural_flag,lane_count,median_presence,land_use_type,top_ai_factors,congestion_index,congestion_category,congestion_smoothed,operating_speed_mean,minor_crashes,major_crashes,risk_category,final_safe_speed,corridor_base,corridor_seq
1591,Tent Road,Urban Road,URB-01591,1591,12.9708,77.525,12.9711,77.5214,386.1,636.4,636.786,37.11,Moderate Misalignment,0.8281,0.1754,0.8494,-0.0001,-0.0032,51.0236,49.2741,52.7937,13.8292,20.8305,52.2574,95.6672,0.0,42.2174,8.2273,No,0.0,-0.0034,0.0517,Good,High,2.3172,10.0,29.0064,26.8238,Moderate Risk,64.2965,50.0659,30.6768,Moderate Misalignment,50.7461,57.2589,Side Impact Potential,Peri-Urban,4.1072,False,Industrial,Poor Infrastructure,0.0122,,False,44.5905,-0.0033,0.0017,Moderate Misalignment,51,Tent Road,1
1592,Thamarai Kannan Road,Urban Road,URB-01592,1592,12.9818,77.6285,12.979,77.6291,315.1,636.8,637.115,39.2216,Moderate Misalignment,0.9851,0.014,0.9685,0.0095,-0.0122,79.401,80.0513,97.9697,0.0,14.7369,79.3152,10.6836,0.0,59.8587,0.6564,No,0.0,0.0013,0.0558,Poor,Low,0.2423,10.0,10.0,28.3361,Moderate Risk,57.2759,79.4479,40.3949,Moderate Misalignment,96.2482,46.6163,Separated Traffic,Rural,7.161,True,Residential,Active Congestion | Poor Infrastructure | Above Human Tolerance Limit,0.7741,Severe,False,23.3215,0.0059,-0.0097,Moderate Misalignment,80,Thamarai Kannan Road,1
1593,Thambuchettypalya Main Road,Urban Road,URB-01593,1593,13.0134,77.6636,13.013,77.6635,5710.9,637.2,642.911,35.4668,Moderate Misalignment,0.7822,0.2265,0.8369,0.0155,-0.0096,50.6874,49.1923,51.1137,10.5137,22.345,49.7248,49.4341,0.2151,49.2661,17.2014,No,0.0,-0.0004,-0.0253,Poor,Low,0.9211,10.0,18.4411,26.1695,Moderate Risk,64.9659,48.4045,29.0357,Moderate Misalignment,58.076,38.7173,Side Impact Potential,Rural,1.8896,False,Mixed,Active Congestion | Poor Infrastructure,0.7708,Severe,False,14.0215,-0.0064,-0.0116,Moderate Misalignment,49,Thambuchettypalya Ma,1
1594,Thanisandra Main Road Railway Underpass,State Highway,SH-01594,1594,13.0601,77.6329,13.0601,77.6328,310.7,637.6,637.911,20.6721,Aligned,0.6678,0.6379,0.376,-0.0089,0.0051,36.6884,35.2459,89.0234,22.6363,26.5706,50.1437,87.1926,0.5177,40.0,14.1704,No,0.0,0.0162,0.0242,Good,High,1.9957,10.0,10.1845,22.1835,Safe,72.1862,36.3421,19.5125,Aligned,37.8736,62.5022,Side Impact Potential,Urban,6.2027,True,Mixed,Poor Infrastructure,-0.0036,,False,31.7151,0.003,0.003,Aligned,35,Thanisandra Main Roa,1
1595,Thanisandra Main Road,State Highway,SH-01595,1595,13.0601,77.6328,13.0626,77.6335,9437.8,638.0,647.438,40.3574,Moderate Misalignment,0.9408,0.0469,0.9904,0.0322,0.0047,30.5552,31.1377,72.2884,57.9705,51.8667,30.5391,82.3847,0.0996,40.8593,56.9715,No,0.0,-0.0023,1.0415,Good,High,2.2433,10.0,10.0,30.61,Moderate Risk,70.5708,31.3155,34.6332,Moderate Misalignment,39.1342,63.0674,Significant Pedestrian Interaction,Urban,1.9914,False,Mixed,High Pedestrian Interaction | Above Human Tolerance Limit,-0.0085,,False,29.0776,-0.004,-0.001,Moderate Misalignment,30,Thanisandra Main Roa,2
1596,Thanisandra Main Road,State Highway,SH-01596,1596,13.0403,77.6243,13.0398,77.6241,4702.1,638.4,643.102,10.6135,Aligned,0.9711,0.9415,0.0327,0.015,0.0041,37.7744,38.49,85.6706,29.3128,44.8812,48.7072,71.834,0.0,50.1975,41.9637,No,0.0,-0.0028,0.9362,Poor,Low,1.8649,10.0,10.0,27.9304,Moderate Risk,70.7946,39.0837,23.6865,Aligned,38.3992,64.8516,Side Impact Potential,Urban,5.0533,True,Residential,Poor Infrastructure,0.1063,Light,False,29.6778,-0.0034,0.0057,Aligned,38,Thanisandra Main Roa,3
1597,Thanisandra Railway Station Road,Urban Road,URB-01597,1597,13.0607,77.631,13.0699,77.6206,1522.9,638.8,640.323,12.5922,Aligned,0.9263,0.8939,0.1119,0.0115,0.0048,16.0443,21.3363,28.3002,1.5013,19.0683,49.7837,91.4994,0.0,20.0,4.016,No,0.0,-0.0004,0.0558,Good,Medium,3.8204,10.0,10.0,23.1253,Safe,67.8876,19.1668,19.5361,Aligned,16.5151,61.0927,Side Impact Potential,Peri-Urban,2.099,False,Residential,Poor Infrastructure,0.0115,,False,16.232,-0.0017,-0.0009,Aligned,18,Thanisandra Railway ,1
1598,Thanisandra Railway Station Road,Urban Road,URB-01598,1598,13.0587,77.6329,13.0604,77.6309,478.3,639.2,639.678,14.0508,Aligned,0.8656,0.8935,0.1011,0.0159,0.0069,68.9929,67.9813,97.2685,3.2078,17.8939,82.3079,81.045,0.0,60.0,2.4992,No,0.0,-0.0018,-0.0312,Poor,Low,0.2587,10.0,10.4771,21.4648,Safe,68.2005,67.3513,19.0813,Aligned,67.8283,45.8789,Separated Traffic,Rural,6.9417,True,Mixed,Poor Infrastructure,-0.0177,,False,56.0716,0.0098,-0.0008,Aligned,68,Thanisandra Railway ,2
1599,Thavarekere Main Road,Urban Road,URB-01599,1599,12.9246,77.6092,12.9196,77.613,723.6,639.6,640.324,11.4862,Aligned,0.9505,0.9854,0.0086,-0.0087,0.0121,16.2217,18.3293,27.3174,14.0025,25.6837,48.4839,91.8259,0.2238,20.0,23.0031,No,0.0,-0.0024,0.9421,Poor,High,2.0067,10.0,10.0642,22.5993,Safe,71.8153,15.1796,20.5397,Aligned,13.6659,37.9278,Side Impact Potential,Rural,0.8978,False,Residential,Poor Infrastructure,0.002,,False,17.0106,-0.0013,-0.0006,Aligned,18,Thavarekere Main Roa,1
1600,Thigalarapalya Main Rd,Urban Road,URB-01600,1600,13.0157,77.4841,13.0136,77.4886,578.8,640.0,640.579,40.4609,Moderate Misalignment,0.9571,0.0811,0.9634,-0.0043,0.0026,27.0245,26.3119,50.603,53.4832,56.0571,30.9206,75.9165,0.2951,40.3837,70.7777,No,0.0,0.0015,1.0088,Good,Low,3.5945,10.0,10.0,33.1351,Moderate Risk,68.454,25.6993,37.9384,Moderate Misalignment,24.7032,59.484,Significant Pedestrian Interaction,Urban,2.163,False,Residential,High Pedestrian Interaction | Above Human Tolerance Limit,0.0009,,False,23.2507,0.0041,0.0105,Moderate Misalignment,28,Thigalarapalya Main ,1
1601,Thimmaiah Road,Urban Road,URB-01601,1601,12.9892,77.6132,12.994,77.5957,2129.8,640.4,642.53,38.9675,Moderate Misalignment,0.9984,0.0073,1.0223,0.0055,0.0064,79.2093,80.0963,99.3934,11.3083,14.2138,81.4955,98.4574,0.4295,60.0,8.5834,No,0.0,-0.0057,-0.0506,Poor,Low,0.2062,10.0,22.6939,27.0654,Moderate Risk,62.1851,79.6209,35.095,Moderate Misalignment,100.8936,34.8952,Separated Traffic,Rural,4.0325,True,Residential,Poor Infrastructure,-0.0047,,False,81.1872,-0.0007,-0.0066,Moderate Misalignment,79,Thimmaiah Road,1
1602,Thippasandra Main Road,Urban Road,URB-01602,1602,12.9731,77.6469,12.9714,77.6586,1299.1,640.8,642.099,9.7694,Aligned,0.9856,1.0415,-0.0107,-0.0007,0.0032,26.7039,24.7837,27.0478,28.0425,24.5391,49.3767,85.5992,0.1598,29.9466,18.5465,No,0.0,0.0019,0.0362,Poor,Low,3.2901,10.0,10.2292,19.1097,Safe,75.1894,25.9349,19.0557,Aligned,26.3586,48.8569,Side Impact Potential,Peri-Urban,1.0363,False,Industrial,Poor Infrastructure,-0.0023,,False,17.2424,-0.0083,0.0125,Aligned,26,Thippasandra Main Ro,1
1603,Thiru Valluvar Circle,Urban Road,URB-01603,1603,12.9826,77.6154,12.9826,77.6157,115.6,641.2,641.316,37.129,Moderate Misalignment,0.7069,0.2008,0.7272,0.1163,-0.0093,78.0538,79.5456,99.616,49.6379,32.9368,81.0697,85.3989,0.4207,60.0,24.3952,No,0.0,-0.0138,0.0202,Good,Low,0.5954,10.0,21.7872,27.3097,Moderate Risk,67.7543,81.8539,36.5772,Moderate Misalignment,98.7159,65.0252,Separated Traffic,Urban,5.1749,True,Mixed,Meets Safe System Standards,-0.0103,,False,88.3711,0.0063,-0.0164,Moderate Misalignment,77,Thiru Valluvar Circl,1
1604,Thirumalaraaya Swamy Temple Road,Urban Road,URB-01604,1604,12.9558,77.7209,12.9536,77.721,246.8,641.6,641.847,11.0923,Aligned,0.982,0.9367,0.0212,-0.0174,-0.009,38.1229,38.8094,51.3441,32.9449,28.6461,49.8743,86.2811,0.0,40.9664,15.8451,No,0.0,-0.0013,0.0244,Poor,Low,2.7824,10.0,10.0,21.0686,Safe,75.2957,39.6182,18.3349,Aligned,39.4332,64.0589,Side Impact Potential,Urban,3.0819,False,Mixed,Poor Infrastructure,0.1852,Light,False,32.2457,0.0056,-0.0034,Aligned,38,Thirumalaraaya Swamy,1
1605,Tin Factory Flyover,National Highway,NH-01605,1605,12.997,77.6694,13.005,77.6847,1887.6,642.0,643.888,20.4356,Aligned,0.601,0.5792,0.3465,0.0216,0.0065,49.6017,49.7323,87.9787,25.5279,33.6894,49.1914,89.1088,0.1491,60.0,25.3838,No,0.0,-0.0071,-0.0046,Good,High,1.6999,10.0,10.4471,24.9203,Safe,72.1642,48.8095,21.3789,Aligned,47.14,66.2479,Side Impact Potential,Urban,5.8687,True,Residential,Poor Infrastructure,-0.0126,,False,44.7587,0.0199,0.0015,Aligned,50,Tin Factory Flyover,1
1606,Tin Factory Flyover,National Highway,NH-01606,1606,13.0049,77.6849,12.9969,77.6697,1872.6,642.4,644.273,10.0841,Aligned,0.9668,0.9665,0.0408,0.0046,-0.003,29.0365,27.2623,53.6853,0.0,13.6268,51.4411,74.108,0.1501,60.0,9.1974,No,0.0,-0.0055,-0.0548,Poor,High,1.2388,10.0,10.1157,20.1861,Safe,69.5764,29.4696,17.9482,Aligned,30.3834,32.6008,Side Impact Potential,Rural,3.9697,False,Residential,Poor Infrastructure,0.168,Light,False,20.6834,0.0118,0.012,Aligned,28,Tin Factory Flyover,2
1607,Tippasandra Road,Urban Road,URB-01607,1607,12.8789,77.5558,12.8884,77.5621,1328.2,642.8,644.128,14.5768,Aligned,0.8867,0.8753,0.1003,-0.0054,0.0032,43.6941,44.8153,99.2049,41.3017,30.982,79.7633,66.661,0.6677,59.6589,25.7931,No,0.0,0.0121,1.0442,Good,Medium,0.5236,10.0,10.1786,21.0223,Safe,76.701,46.7758,17.7656,Aligned,45.5063,58.0765,Separated Traffic,Urban,6.1082,True,Mixed,Meets Safe System Standards,-0.0181,,False,38.2241,-0.0094,-0.006,Aligned,43,Tippasandra Road,1
1608,Tippenahalli Main Road,Urban Road,URB-01608,1608,13.036,77.4857,13.0372,77.491,628.3,643.2,643.828,34.2719,Moderate Misalignment,0.8023,0.1738,0.8292,0.0102,-0.0014,51.4117,49.9612,78.2672,40.2527,44.9676,50.2577,91.1339,0.0,41.5602,45.7513,No,0.0,-0.0034,1.0545,Poor,Medium,1.4975,10.0,23.7612,30.9366,Moderate Risk,67.0624,49.2193,34.3411,Moderate Misalignment,50.7257,63.519,Side Impact Potential,Urban,6.1453,False,Mixed,Meets Safe System Standards,0.027,,False,48.4212,-0.0123,0.0056,Moderate Misalignment,51,Tippenahalli Main Ro,1
1609,Towards Yelahanka Road,Urban Road,URB-01609,1609,13.0722,77.5926,13.076,77.5925,424.6,643.6,644.025,34.9354,Moderate Misalignment,0.9053,0.1061,0.8947,-0.0182,-0.0137,48.704,50.3335,81.5012,25.0152,31.2636,48.2624,95.2603,0.1277,39.017,22.7532,No,0.0,-0.0004,1.0104,Good,High,1.718,10.0,24.143,27.5876,Moderate Risk,67.1638,50.3611,29.5618,Moderate Misalignment,52.7155,69.5463,Side Impact Potential,Urban,3.0503,True,Commercial,Poor Infrastructure,-0.019,,False,43.3825,0.0092,0.006,Moderate Misalignment,48,Towards Yelahanka Ro,1
1610,Trinity Church Road,Urban Road,URB-01610,1610,12.9723,77.6195,12.9725,77.6191,1466.4,644.0,645.466,38.1981,Moderate Misalignment,0.9248,0.0499,0.9594,0.0084,0.0044,66.806,64.2238,81.1993,44.6151,29.1989,70.9542,97.3919,0.0,59.655,20.0662,No,0.0,0.0077,-0.0497,Good,Medium,1.6662,10.0,28.8839,26.2547,Moderate Risk,68.4586,65.0813,33.0671,Moderate Misalignment,66.9878,63.617,Separated Traffic,Urban,3.0792,True,Mixed,Meets Safe System Standards,0.133,Light,False,50.571,0.0108,0.0017,Moderate Misalignment,65,Trinity Church Road,1
1611,Triveni Road,Urban Road,URB-01611,1611,13.0187,77.5576,13.0287,77.5616,1210.8,644.4,645.611,11.0266,Aligned,0.9923,0.9941,0.0012,0.0117,0.0024,19.4595,19.672,27.2377,6.9023,18.7085,49.5551,91.9668,0.0127,20.0,12.0127,No,0.0,-0.0019,-0.0189,Poor,Low,1.5767,10.0,10.2457,21.9557,Safe,70.2651,16.0489,18.2107,Aligned,19.2107,47.7401,Side Impact Potential,Rural,0.929,False,Mixed,Poor Infrastructure,0.1508,Light,False,14.1424,0.0117,0.0122,Aligned,21,Triveni Road,1
1612,Tulsi Theatre Road,Urban Road,URB-01612,1612,12.9487,77.6974,12.9569,77.6981,927.1,644.8,645.727,10.3362,Aligned,0.9731,0.9332,0.0283,-0.0059,0.0022,41.2106,37.4304,76.9415,67.4766,36.1459,49.4686,72.5681,0.1407,50.1345,30.8709,No,0.0,0.0034,0.0118,Poor,High,1.6903,10.0,10.3018,18.2997,Safe,84.2091,39.4839,17.5456,Aligned,38.6905,68.1081,Side Impact Potential,Urban,2.0996,True,Commercial,Meets Safe System Standards,0.1244,Light,False,31.1378,-0.0091,-0.0008,Aligned,40,Tulsi Theatre Road,1
1613,Tulsipura Main Road,Urban Road,URB-01613,1613,12.8475,77.5587,12.862,77.5638,1758.9,645.2,646.959,12.1502,Aligned,0.9819,1.0183,0.0066,0.0004,0.0019,19.596,20.6891,56.5126,0.0,19.7539,49.3654,83.56,0.2796,39.2299,4.3795,No,0.0,-0.0043,0.0878,Poor,Medium,2.2161,10.0,10.0,22.7935,Safe,69.5688,17.8693,19.4084,Aligned,20.6164,60.5077,Side Impact Potential,Peri-Urban,3.9949,False,Commercial,Poor Infrastructure,-0.0161,,False,17.8117,-0.0033,0.0074,Aligned,20,Tulsipura Main Road,1
1614,Tumkur Road Exit,National Highway,NH-01614,1614,13.0459,77.5915,13.0427,77.5905,396.6,645.6,645.997,35.2169,Moderate Misalignment,0.766,0.1944,0.8106,0.011,0.0006,50.7952,49.9712,74.6025,40.327,27.4701,50.319,95.2946,0.4423,60.0,19.1734,No,0.0,-0.0014,-0.0178,Good,High,2.0198,10.0,19.352,29.2917,Moderate Risk,62.2671,47.6125,40.632,Moderate Misalignment,72.8076,54.7064,Side Impact Potential,Urban,3.0286,False,Mixed,Above Human Tolerance Limit,-0.0129,,False,61.3006,0.0059,-0.0005,Moderate Misalignment,49,Tumkur Road Exit,1
1615,Tumkur Road,National Highway,NH-01615,1615,13.0304,77.5372,13.0489,77.4966,11986.4,646.0,657.986,14.1544,Aligned,0.9009,0.9091,0.0975,0.027,0.0187,51.5723,48.6188,98.4522,9.988,16.8664,79.3572,66.1307,0.1048,60.0,9.3444,No,0.0,0.0002,0.0219,Poor,Low,0.3387,10.0,10.2002,20.4268,Safe,71.5721,50.2629,16.8884,Aligned,50.7821,38.1778,Separated Traffic,Rural,5.5947,True,Residential,Poor Infrastructure,0.1983,Light,False,36.1703,0.0114,0.0032,Aligned,51,Tumkur Road,1
1616,Tumkur Road,National Highway,NH-01616,1616,13.0489,77.497,13.0321,77.5345,4545.7,646.4,650.946,27.1151,Moderate Misalignment,0.6345,0.3381,0.6245,-0.0119,-0.0073,49.8891,52.2177,76.0927,6.6561,20.4827,50.4462,94.0458,0.0319,60.0,5.3718,No,0.0,-0.0076,0.02,Poor,Medium,1.2773,10.0,24.76,25.9968,Moderate Risk,64.0637,52.3203,30.9487,Moderate Misalignment,49.4923,61.2617,Side Impact Potential,Urban,4.1139,False,Mixed,Poor Infrastructure,0.1996,Light,False,39.6008,0.003,-0.0067,Moderate Misalignment,51,Tumkur Road,2
1617,Tunga Nagar Main Road,Urban Road,URB-01617,1617,12.9921,77.4853,12.9853,77.4851,767.2,646.8,647.567,13.1774,Aligned,0.9083,0.8767,0.0588,0.0277,0.0051,49.8542,49.8888,78.3155,32.9707,32.7389,51.4633,86.0684,0.0205,51.1051,29.1403,No,0.0,-0.007,1.0016,Poor,High,1.944,10.0,10.9564,25.0505,Moderate Risk,70.3353,49.1982,24.8803,Moderate Misalignment,55.0133,57.1721,Side Impact Potential,Urban,3.041,True,Residential,Poor Infrastructure,0.2005,Light,False,40.4823,-0.0025,0.0078,Aligned,48,Tunga Nagar Main Roa,1
1618,Ullal Junction Underpass,State Highway,SH-01618,1618,12.9538,77.5008,12.9509,77.4994,376.1,647.2,647.576,31.6672,Moderate Misalignment,0.6759,0.3041,0.6835,0.0243,-0.0029,40.7585,39.4466,27.267,0.0,15.1405,51.8232,95.2108,0.3792,40.0,8.5344,No,0.0,-0.006,-0.0463,Poor,Medium,1.7348,10.0,32.9246,25.066,Safe,62.8224,40.2297,28.5834,Moderate Misalignment,39.6763,38.0118,Side Impact Potential,Rural,1.9966,False,Residential,Poor Infrastructure,0.0084,,False,33.6307,-0.0023,-0.0055,Moderate Misalignment,41,Ullal Junction Under,1
1619,Ullal Main Road,Urban Road,URB-01619,1619,12.9514,77.4844,12.9512,77.4861,2265.9,647.6,649.866,12.58,Aligned,0.9608,0.9494,0.0385,-0.0075,0.0059,33.4261,31.1227,50.5985,31.5255,24.844,51.8947,83.2406,0.3882,40.1669,18.8835,No,0.0,-0.002,0.0328,Good,Low,3.3323,10.0,10.0,19.8041,Safe,76.361,36.3978,18.3231,Aligned,33.7779,56.9387,Side Impact Potential,Urban,2.0182,False,Commercial,Poor Infrastructure,-0.0031,,False,27.5907,-0.0092,0.0078,Aligned,35,Ullal Main Road,1
1620,Underpass,Urban Road,URB-01620,1620,12.8932,77.5136,12.8937,77.5133,61.7,648.0,648.062,16.2006,Aligned,0.8477,0.8493,0.1574,0.0159,-0.0017,46.0983,45.9579,100.0,5.0796,17.0141,80.8843,67.7721,0.0,58.0683,10.5995,No,0.0,0.0084,0.0808,Poor,High,0.4455,10.0,10.0,21.2468,Safe,69.4786,46.6659,18.1303,Aligned,49.8914,39.5349,Separated Traffic,Rural,6.1374,True,Industrial,Poor Infrastructure,0.139,Light,False,39.0683,-0.0039,0.0065,Aligned,49,Underpass,1
1621,Underpass,Urban Road,URB-01621,1621,12.8844,77.5014,12.8839,77.5019,86.5,648.4,648.487,38.7473,Moderate Misalignment,0.9718,-0.0178,0.957,0.0125,0.0057,49.6747,51.7364,81.1608,44.0254,45.1672,50.7128,93.5513,0.0194,48.8342,47.2894,No,0.0,0.0044,0.9673,Poor,High,2.4227,10.0,28.0457,31.4088,Moderate Risk,66.3725,47.4365,37.1892,Moderate Misalignment,66.2589,64.7691,Side Impact Potential,Urban,3.856,True,Commercial,Meets Safe System Standards,-0.0037,,False,53.3143,-0.0015,0.0007,Moderate Misalignment,49,Underpass,2
1622,University Road,Urban Road,URB-01622,1622,12.9503,77.5007,12.952,77.4997,3142.2,648.8,651.942,38.3025,Moderate Misalignment,0.838,0.0909,0.8346,0.0441,-0.0012,79.3244,80.5752,100.0,19.8549,24.4659,79.4707,91.0623,0.0,59.6103,17.938,No,0.0,-0.0027,0.0039,Poor,High,0.3115,10.0,10.0,28.9468,Moderate Risk,60.7607,82.0201,39.0925,Moderate Misalignment,98.3933,48.9682,Separated Traffic,Peri-Urban,7.8589,True,Residential,Poor Infrastructure | Above Human Tolerance Limit,-0.0081,,False,83.3914,0.0032,0.0125,Moderate Misalignment,79,University Road,1
1623,VP Road,Urban Road,URB-01623,1623,12.9198,77.6174,12.9213,77.6185,211.7,649.2,649.412,14.2418,Aligned,0.8952,0.9138,0.0802,0.0376,-0.0079,56.9211,58.486,95.8315,4.6816,16.5173,78.2909,54.837,0.224,60.0,9.1855,No,0.0,-0.0065,-0.018,Poor,Low,0.2625,10.0,10.1453,21.0701,Safe,69.7391,58.2454,19.3226,Aligned,60.7023,40.8663,Separated Traffic,Rural,6.7855,True,Residential,Poor Infrastructure,0.2087,Light,False,39.289,0.0014,-0.0067,Aligned,58,VP Road,1
1624,Vaibhava Sumukha Enclave Phase 2,Urban Road,URB-01624,1624,12.8618,77.5466,12.8619,77.543,389.2,649.6,649.989,14.1592,Aligned,0.9266,0.9391,0.0468,0.0016,-0.0052,49.8496,50.3717,69.0951,35.0464,31.3394,49.38,91.6561,0.0,51.7016,25.8582,No,0.0,0.0122,-0.0044,Good,Low,2.6121,10.0,10.0,22.5758,Safe,75.0987,50.2013,21.6321,Aligned,53.2266,59.4253,Side Impact Potential,Urban,1.9489,False,Commercial,Meets Safe System Standards,-0.0065,,False,44.7835,-0.0023,0.0025,Aligned,52,Vaibhava Sumukha Enc,1
1625,Vajarahalli Main Road,Urban Road,URB-01625,1625,12.8771,77.5192,12.8762,77.5294,3426.5,650.0,653.427,13.0745,Aligned,0.9433,0.9739,0.0528,0.0137,-0.0109,46.8037,49.2379,82.8433,28.8015,26.7838,49.8573,81.7026,0.0,59.3954,15.2218,No,0.0,-0.0066,-0.0371,Good,Medium,1.9723,10.0,10.0,25.8544,Moderate Risk,67.6971,53.5604,31.432,Moderate Misalignment,56.9197,61.2281,Side Impact Potential,Urban,2.9892,True,Commercial,Poor Infrastructure | Above Human Tolerance Limit,-0.0213,,False,49.2201,0.0269,-0.0108,Aligned,50,Vajarahalli Main Roa,1
1626,Vanivilas Flyover,Urban Road,URB-01626,1626,12.9483,77.5715,12.9483,77.5756,451.5,650.4,650.852,35.9326,Moderate Misalignment,0.848,0.1258,0.8475,0.0066,-0.0046,46.9873,48.272,59.4347,24.9237,32.5638,51.1784,98.2101,0.0835,38.8974,25.8063,No,0.0,-0.015,0.0141,Good,Medium,2.9589,10.0,15.044,26.3085,Moderate Risk,68.6923,47.9803,27.5236,Moderate Misalignment,49.0918,59.688,Side Impact Potential,Urban,4.0341,False,Residential,Poor Infrastructure,0.0009,,False,37.9562,-0.0045,0.0164,Moderate Misalignment,47,Vanivilas Flyover,1
1627,Vanivilas Flyover,Urban Road,URB-01627,1627,12.9482,77.5756,12.9482,77.5715,454.6,650.8,651.255,9.1124,Aligned,0.9743,0.9344,0.0259,0.0089,-0.0069,29.8869,31.3406,86.703,19.7096,29.1411,51.9221,77.1045,0.167,40.4796,21.6661,No,0.0,0.0018,-0.0109,Poor,Medium,2.3512,10.0,10.105,22.9536,Safe,73.0537,30.5091,20.8089,Aligned,31.6076,54.261,Side Impact Potential,Urban,4.9551,True,Commercial,Poor Infrastructure,0.007,,False,25.9274,0.006,0.0094,Aligned,31,Vanivilas Flyover,2
1628,Vanivilas Road,Urban Road,URB-01628,1628,12.9481,77.568,12.9482,77.5701,2157.8,651.2,653.358,11.3656,Aligned,0.9556,0.995,0.0487,0.0222,0.0036,23.3051,20.2675,52.0738,16.1507,25.2125,49.7004,80.3116,0.0022,29.5582,18.8046,No,0.0,-0.0038,0.0372,Good,High,2.4501,10.0,10.0,22.6207,Safe,71.2701,22.4947,20.5144,Aligned,21.5201,53.4127,Side Impact Potential,Peri-Urban,2.1417,False,Commercial,Poor Infrastructure,0.1741,Light,False,17.4239,0.0092,0.0092,Aligned,24,Vanivilas Road,1
1629,Vannarapet Road,Urban Road,URB-01629,1629,12.9621,77.6178,12.9566,77.6211,850.9,651.6,652.451,29.1895,Aligned,0.6022,0.5714,0.1715,0.2508,-0.005,67.2272,68.0923,100.0,9.9907,22.1251,78.0958,81.0199,0.0,60.0,13.409,No,0.0,-0.0023,-0.0169,Poor,High,0.1068,10.0,10.1272,21.9733,Safe,70.7026,70.2673,19.6248,Aligned,67.4912,47.8659,Separated Traffic,Rural,4.1942,True,Commercial,Poor Infrastructure,0.005,,False,57.6844,-0.0035,0.0117,Aligned,68,Vannarapet Road,1
1630,Varthur - Sarjapur Road,State Highway,SH-01630,1630,12.9361,77.7444,12.9193,77.7365,3214.2,652.0,655.214,14.3017,Aligned,0.7821,0.7822,0.26,-0.025,0.0023,32.2276,28.4288,49.2575,1.0356,16.8832,51.3694,94.9228,0.2185,40.0,9.3671,No,0.0,0.0107,-0.0524,Poor,Medium,1.322,10.0,10.0,22.0489,Safe,69.235,29.8887,19.7652,Aligned,30.4074,45.1833,Side Impact Potential,Rural,2.9274,False,Mixed,Poor Infrastructure,-0.0006,,False,27.5151,0.0057,-0.0108,Aligned,30,Varthur - Sarjapur R,1
1631,Varthur Lake Road,State Highway,SH-01631,1631,12.9562,77.7449,12.9538,77.7444,3057.4,652.4,655.457,98.0877,Critical Misalignment,1.0028,-0.0078,0.0275,-0.0027,1.0007,52.8499,48.8657,97.9693,0.0,17.6951,49.3437,87.1053,0.2891,60.6717,10.255,No,0.0,0.0046,-0.0574,Good,High,0.1115,10.0,23.5206,46.0958,Moderate Risk,33.2287,51.5579,76.186,Critical Misalignment,99.1083,38.6823,Side Impact Potential,Rural,7.2072,False,Industrial,Speed Limit Misaligned | Poor Infrastructure | Above Human Tolerance Limit,0.0115,,False,89.8962,-0.0012,0.013,Critical Misalignment,52,Varthur Lake Road,1
1632,Varthur Main Road,State Highway,SH-01632,1632,12.9382,77.7468,12.9425,77.747,920.4,652.8,653.72,12.0917,Aligned,0.9725,0.9486,0.066,-0.0032,0.0039,21.1909,24.0914,47.8886,17.2612,24.699,51.0351,78.42,0.1416,40.0,18.0699,No,0.0,-0.0005,-0.0233,Good,High,2.4364,10.0,10.3144,22.6493,Safe,71.6481,22.0024,19.1734,Aligned,23.772,53.227,Side Impact Potential,Peri-Urban,1.9174,False,Commercial,Poor Infrastructure,0.187,Light,False,19.3831,-0.0085,0.0019,Aligned,21,Varthur Main Road,1
1633,Varthur Road,State Highway,SH-01633,1633,12.9545,77.6799,12.9572,77.6744,8579.9,653.2,661.78,41.4078,Moderate Misalignment,0.9216,0.0531,0.8927,0.0613,-0.0039,48.9179,50.9583,99.4601,27.378,23.019,48.9526,74.2703,0.1921,60.2784,15.4922,No,0.0,0.0085,-0.0131,Good,Medium,0.4776,10.0,10.5537,31.1845,Moderate Risk,60.3211,50.6668,44.2582,Moderate Misalignment,59.9728,55.9865,Side Impact Potential,Urban,7.1959,False,Commercial,Poor Infrastructure | Above Human Tolerance Limit,0.0064,,False,50.9778,0.0028,-0.0041,Moderate Misalignment,49,Varthur Road,1