segment_id,road_name,road_type,human_segment_id,internal_id,start_lat,start_lon,end_lat,end_lon,length_m,start_km,end_km,road_risk_score,ai_risk_label,ai_risk_probability,prob_low_risk,prob_medium_risk,prob_high_risk,prob_critical_risk,ai_recommended_speed,recommended_safe_speed,road_function_score,infrastructure_score,exposure_score,human_tolerance_limit,operating_speed_score,crash_risk_score,posted_speed_limit,pedestrian_exposure_score,blackspot_flag,crash_count,fatal_crashes,schools_count,lighting_quality,roadside_hazards,intersection_density,speed_compliance_rate,speed_violation_score,hotspot_score,hotspot_category,speed_safety_score,original_safe_speed,misalignment_score,misalignment_category,speed_p85,ptw_share_pct,exposure_tier,urban_rural_flag,lane_count,median_presence,land_use_type,top_ai_factors,congestion_index,congestion_category,congestion_smoothed,operating_speed_mean,minor_crashes,major_crashes,risk_category,final_safe_speed,corridor_base,corridor_seq
1634,Varthur Road,State Highway,SH-01634,1634,12.956,77.7149,12.9558,77.7184,6481.7,653.6,660.082,10.2477,Aligned,0.9614,0.9982,0.0157,-0.0108,-0.0005,25.8908,27.1796,52.6722,10.5072,27.4618,50.7417,84.6293,0.2309,40.0,15.7487,No,0.0,0.0026,0.0489,Good,Low,3.6325,10.0,10.0,24.8763,Safe,68.9474,26.3602,22.3199,Aligned,28.2016,65.2041,Side Impact Potential,Urban,3.0124,False,Commercial,Poor Infrastructure,0.2086,Light,False,21.4829,-0.0123,-0.0016,Aligned,26,Varthur Road,2
1635,Varthuru Road,State Highway,SH-01635,1635,12.9557,77.7173,12.9557,77.7165,87.5,654.0,654.087,20.3353,Aligned,0.6679,0.6877,0.2607,0.006,-0.0024,65.6245,62.7316,100.0,5.4805,14.6222,80.3625,71.3557,0.0,59.1172,8.4095,No,0.0,0.0092,-0.0928,Poor,Low,0.057,10.0,10.2836,20.1104,Safe,71.4556,65.73,16.0677,Aligned,64.9214,33.2257,Separated Traffic,Rural,4.1455,True,Residential,Poor Infrastructure,0.0133,,False,59.5394,0.0021,-0.0119,Aligned,65,Varthuru Road,1
1636,Varthuru Road,Urban Road,URB-01636,1636,12.9895,77.6639,12.9912,77.6571,779.3,654.4,655.179,17.3385,Aligned,0.7091,0.7059,0.2924,-0.0038,0.007,50.5136,49.5898,75.4241,20.3882,32.8098,49.0916,89.5367,0.1065,51.997,19.4761,No,0.0,-0.0069,0.985,Good,Low,1.8301,10.0,18.019,27.8004,Moderate Risk,66.692,52.194,30.6099,Moderate Misalignment,57.4069,68.8045,Side Impact Potential,Urban,4.0457,False,Industrial,Poor Infrastructure,0.1841,Light,False,42.9708,0.0112,0.0025,Aligned,53,Varthuru Road,2
1637,Vasavi Mahal Road,Urban Road,URB-01637,1637,13.0084,77.6948,13.0132,77.6998,853.1,654.8,655.653,14.1027,Aligned,0.9088,0.9214,0.1126,0.0053,0.0085,42.9487,43.9195,84.2112,34.6172,33.6717,51.6758,85.5893,0.0,60.0,21.289,No,0.0,0.0076,0.0516,Good,Low,1.9553,10.0,10.0,21.7958,Safe,74.6296,42.5638,19.8608,Aligned,43.9729,64.9113,Side Impact Potential,Urban,4.9123,True,Industrial,Poor Infrastructure,0.0239,,False,40.1878,0.006,0.0143,Aligned,43,Vasavi Mahal Road,1
1638,Vasavi Temple Road,Urban Road,URB-01638,1638,12.9497,77.5768,12.9497,77.5768,809.5,655.2,656.01,10.5529,Aligned,0.9554,0.9298,0.0014,0.004,0.0033,28.6283,25.8763,87.9935,24.7579,23.7984,50.1715,72.7585,0.0,41.0912,14.3429,No,0.0,0.0023,0.0411,Good,Medium,1.7594,10.0,10.4466,22.5222,Safe,72.9003,30.0346,18.5075,Aligned,27.3068,62.7705,Side Impact Potential,Urban,6.0465,True,Residential,Poor Infrastructure,0.1736,Light,False,20.0174,-0.0106,0.004,Aligned,28,Vasavi Temple Road,1
1639,Vatal Nagaraj Road Underpass,Urban Road,URB-01639,1639,12.9818,77.5661,12.9823,77.5636,276.8,655.6,655.877,18.1539,Aligned,0.7087,0.6778,0.2686,0.0295,0.0016,69.0895,66.4751,98.0356,5.4707,18.5699,78.9851,78.5381,0.3019,59.8745,12.3447,No,0.0,0.0029,-0.0016,Poor,Low,0.1423,10.0,10.0945,20.6119,Safe,70.3165,68.0757,18.3859,Aligned,66.0115,38.7453,Separated Traffic,Rural,4.8246,True,Industrial,Poor Infrastructure,-0.0071,,False,54.1764,-0.0035,0.0217,Aligned,70,Vatal Nagaraj Road U,1
1640,Vatal Nagaraj Road,Urban Road,URB-01640,1640,12.9827,77.5615,12.982,77.5662,517.6,656.0,656.518,10.7241,Aligned,0.9489,0.9529,0.0557,-0.0004,0.0107,23.3035,21.5558,51.5409,16.2705,28.3253,48.5685,81.8451,0.0,29.7619,19.8394,No,0.0,0.0075,-0.0052,Poor,High,3.4559,10.0,10.0,23.6917,Safe,70.3464,22.3135,20.6966,Aligned,21.3551,54.7857,Side Impact Potential,Urban,2.1589,False,Mixed,Poor Infrastructure,0.1452,Light,False,18.6996,0.0094,0.0062,Aligned,23,Vatal Nagaraj Road,1
1641,Vatal Nagaraj Road,Urban Road,URB-01641,1641,12.9879,77.5498,12.9878,77.55,2698.2,656.4,659.098,9.4466,Aligned,0.9869,1.0027,0.0242,-0.0017,-0.0008,21.8348,22.2128,60.2464,5.5546,17.627,69.8512,85.8586,0.0,40.0724,9.9564,No,0.0,0.0035,0.0576,Poor,Medium,1.1466,10.0,10.4904,20.4265,Safe,70.6092,23.6166,18.6982,Aligned,21.5697,36.9164,Separated Traffic,Rural,3.1153,True,Residential,Poor Infrastructure,0.0078,,False,21.1651,0.0182,-0.0108,Aligned,23,Vatal Nagaraj Road,2
1642,Veerannapalya Flyover,National Highway,NH-01642,1642,13.043,77.6105,13.0412,77.6198,1066.1,656.8,657.866,10.8853,Aligned,0.9115,0.9145,0.033,0.0003,-0.0095,48.143,51.0253,70.0435,34.9464,29.8926,48.9687,91.1171,0.3522,60.0,26.0817,No,0.0,0.0079,0.0229,Good,Low,2.6572,10.0,10.3421,22.1538,Safe,73.9574,51.246,21.2325,Aligned,51.028,60.7249,Side Impact Potential,Urban,2.277,False,Commercial,Meets Safe System Standards,0.0013,,False,45.6416,-0.0021,-0.0141,Aligned,48,Veerannapalya Flyove,1
1643,Veerannapalya Flyover,National Highway,NH-01643,1643,13.0409,77.6187,13.0428,77.6103,947.3,657.2,658.147,12.6978,Aligned,0.9731,0.9735,0.0214,-0.0085,-0.0049,51.7081,53.2195,97.8481,8.364,17.1546,80.3597,13.9687,0.3315,60.0,9.5419,No,0.0,0.0012,-0.0567,Good,High,0.2582,10.0,10.2632,20.1414,Safe,71.4742,52.1745,17.6417,Aligned,52.5956,38.0775,Separated Traffic,Rural,3.9487,True,Residential,Active Congestion | Poor Infrastructure,0.7778,Severe,False,13.6723,0.0016,0.0094,Aligned,53,Veerannapalya Flyove,2
1644,Veerapillai Street,Urban Road,URB-01644,1644,12.9842,77.6069,12.9824,77.6124,639.1,657.6,658.239,8.3298,Aligned,0.9779,1.0156,0.0112,0.0004,0.0018,27.6538,28.5544,27.1955,0.9178,17.8841,48.3817,85.5832,0.0,34.6447,4.5216,No,0.0,-0.0112,0.0751,Poor,Medium,3.2475,10.0,10.0,22.4657,Safe,67.9742,28.1251,19.5373,Aligned,24.4432,53.499,Side Impact Potential,Peri-Urban,1.0973,False,Industrial,Poor Infrastructure,0.199,Light,False,17.0626,-0.0017,-0.008,Aligned,27,Veerapillai Street,1
1645,"Veggie's lover - vegetable, tea & grocery shop",Urban Road,URB-01645,1645,12.8718,77.5702,12.8738,77.5705,235.5,658.0,658.236,12.0837,Aligned,0.8939,0.8706,0.1055,0.0008,-0.0077,52.6624,53.2849,99.9964,0.1724,18.2719,80.388,59.6927,0.0,60.0,8.2616,No,0.0,-0.0039,0.0138,Poor,Medium,0.4054,10.0,10.1782,21.7013,Safe,68.2428,54.8222,17.9839,Aligned,54.4952,42.2894,Separated Traffic,Rural,3.781,True,Mixed,Poor Infrastructure,0.0036,,False,44.9804,0.0129,-0.0044,Aligned,53,Veggie's lover - veg,1
1646,Venkataswamy Naidu Road,Urban Road,URB-01646,1646,12.9839,77.5977,12.9836,77.5971,79.8,658.4,658.48,30.4933,Moderate Misalignment,0.5173,0.3839,0.4982,0.0558,-0.0087,61.6491,59.6093,99.6716,4.7279,20.7128,79.2831,88.3662,0.3057,60.0,7.4948,No,0.0,0.0086,0.017,Good,High,0.4926,10.0,10.0,21.7835,Safe,68.1699,60.3188,19.834,Aligned,60.4401,57.0336,Separated Traffic,Urban,5.8691,True,Industrial,Poor Infrastructure,-0.0122,,False,57.2115,0.0124,0.0045,Moderate Misalignment,62,Venkataswamy Naidu R,1
1647,Venkataswamy Raju Road,State Highway,SH-01647,1647,12.997,77.5845,12.999,77.5814,452.2,658.8,659.252,21.7683,Aligned,0.6384,0.6278,0.3595,0.017,0.0037,66.9239,68.1233,98.8422,23.0556,22.3113,79.9402,54.5275,0.0648,59.6164,11.7018,No,0.0,-0.0042,0.0178,Poor,High,0.561,10.0,10.2977,26.3628,Moderate Risk,65.6349,66.8208,30.982,Moderate Misalignment,65.563,56.5099,Separated Traffic,Urban,6.8567,True,Commercial,Poor Infrastructure | Above Human Tolerance Limit,-0.0141,,False,61.3212,0.0065,-0.0127,Aligned,67,Venkataswamy Raju Ro,1
1648,Vibgyor High School Road,Urban Road,URB-01648,1648,12.9453,77.718,12.9557,77.7173,1184.6,659.2,660.385,44.1889,Moderate Misalignment,0.6705,0.0977,0.6933,0.2336,0.0056,51.2344,47.6864,98.2504,13.5027,19.9512,50.5239,81.6332,0.0,60.0,11.4831,No,0.0,-0.0047,1.0073,Poor,Medium,0.1708,10.0,10.0,25.7252,Moderate Risk,64.996,47.9547,32.6616,Moderate Misalignment,52.4136,43.8211,Side Impact Potential,Rural,4.8742,False,Residential,Poor Infrastructure | Above Human Tolerance Limit,0.0197,,False,47.7072,-0.0051,0.0047,Moderate Misalignment,51,Vibgyor High School ,1
1649,Vibuthipura Main Road,Urban Road,URB-01649,1649,12.9641,77.6821,12.9618,77.6703,1514.6,659.6,661.115,12.9474,Aligned,0.9423,0.9011,0.0323,0.0051,-0.0044,31.699,31.8161,51.6216,11.824,26.1283,50.7011,77.8762,0.0255,41.5076,19.5385,No,0.0,0.001,0.071,Poor,Low,1.9752,10.0,10.1593,23.5483,Safe,69.7746,32.532,19.6378,Aligned,33.1005,50.4871,Side Impact Potential,Peri-Urban,3.0047,False,Industrial,Poor Infrastructure,0.1885,Light,False,24.0341,-0.0072,-0.0083,Aligned,31,Vibuthipura Main Roa,1
1650,Victoria Road,State Highway,SH-01650,1650,12.9654,77.6188,12.9672,77.6112,1405.3,660.0,661.405,14.6115,Aligned,0.799,0.7934,0.2058,-0.0014,0.0045,25.8452,24.9468,29.3649,10.5833,19.6866,50.6763,96.1256,0.1384,40.0,12.2399,No,0.0,0.0048,-0.0295,Poor,High,0.8917,10.0,27.0266,23.7228,Safe,67.0403,27.2322,24.9426,Aligned,25.5984,43.1873,Side Impact Potential,Rural,0.8476,False,Commercial,Poor Infrastructure,0.0232,,False,22.6117,0.0149,-0.0157,Aligned,25,Victoria Road,1
1651,Vidya Peetha Main Road,Urban Road,URB-01651,1651,12.9353,77.5608,12.9292,77.5639,920.3,660.4,661.32,32.0695,Moderate Misalignment,0.7801,0.1945,0.7967,0.0068,0.0033,35.6061,34.9626,57.3956,0.5395,19.686,50.2753,100.0,0.2145,29.5834,9.7394,No,0.0,-0.0049,-0.0135,Poor,High,1.7755,10.0,19.2071,24.6665,Moderate Risk,65.1465,36.7616,25.5041,Moderate Misalignment,34.4259,53.6788,Side Impact Potential,Peri-Urban,2.15,True,Commercial,Poor Infrastructure,-0.0021,,False,30.5831,-0.0115,-0.0072,Moderate Misalignment,36,Vidya Peetha Main Ro,1
1652,Vidya Peetha Road,Urban Road,URB-01652,1652,12.9263,77.5536,12.9346,77.5603,1306.3,660.8,662.106,14.9585,Aligned,0.9853,0.979,0.0413,-0.0093,0.004,30.7416,33.842,71.121,25.7393,33.7614,49.4941,81.2463,0.1269,39.6736,32.1928,No,0.0,0.0009,0.9987,Good,Low,1.6078,10.0,10.2504,24.8743,Safe,71.6315,31.3019,22.7833,Aligned,34.2295,58.9108,Side Impact Potential,Urban,2.9987,False,Residential,Poor Infrastructure,0.0099,,False,26.7756,0.0116,-0.0032,Aligned,32,Vidya Peetha Road,1
1653,Vidyaranyapura - Nanjangud Road,Urban Road,URB-01653,1653,13.084,77.5603,13.0829,77.56,131.8,661.2,661.332,15.4996,Aligned,0.9127,0.9159,0.0818,0.0248,0.0083,46.1304,48.0479,100.0,28.9261,25.858,81.1295,50.6311,0.796,60.0,30.1721,No,0.0,0.0042,0.9771,Poor,Medium,0.0477,10.0,10.0,21.438,Safe,74.3959,49.2501,16.6576,Aligned,47.195,32.9738,Separated Traffic,Rural,6.1227,True,Mixed,Poor Infrastructure,0.1294,Light,False,36.1548,0.0071,-0.0049,Aligned,47,Vidyaranyapura - Nan,1
1654,Vidyaranyapura Main Road,Urban Road,URB-01654,1654,13.086,77.5556,13.0843,77.5601,525.9,661.6,662.126,17.8878,Aligned,0.7202,0.7975,0.2219,0.0115,-0.0086,47.8455,48.0984,71.0458,33.3802,38.1,50.8068,91.0746,0.0,48.526,31.9787,No,0.0,-0.0037,0.9455,Good,High,1.9194,10.0,10.0,24.7322,Safe,72.6074,48.9867,20.166,Aligned,51.7042,64.6513,Side Impact Potential,Urban,1.967,False,Residential,Poor Infrastructure,0.0069,,False,42.4936,-0.0103,-0.0022,Aligned,50,Vidyaranyapura Main ,1
1655,Vidyaranyapura Road,Urban Road,URB-01655,1655,13.0491,77.5576,13.0673,77.5602,5457.0,662.0,667.457,12.7536,Aligned,0.8908,0.9148,0.0827,0.0182,0.0059,37.7267,33.3974,71.3761,16.2326,25.963,50.5561,66.1823,24.4594,52.4884,16.0795,No,0.0,-0.0077,0.009,Good,Medium,1.7127,10.0,10.0,28.6199,Moderate Risk,66.1249,36.9166,19.1281,Aligned,33.6078,55.8791,Side Impact Potential,Urban,1.8969,False,Industrial,Poor Infrastructure,0.2222,Light,False,28.4469,0.9845,1.0011,Aligned,37,Vidyaranyapura Road,1
1656,Vijayanagar Water Tank Road,Urban Road,URB-01656,1656,12.975,77.531,12.9733,77.5377,761.5,662.4,663.162,67.6028,High Misalignment,0.8264,-0.0255,0.1965,0.8056,0.0064,50.7164,50.47,100.0,2.4402,16.5153,50.3535,84.7049,0.2497,59.1126,4.0816,No,0.0,0.0058,-0.0088,Poor,Low,0.3693,10.0,31.1485,47.2288,Moderate Risk,28.8125,49.4061,84.1141,Critical Misalignment,104.446,44.1566,Side Impact Potential,Rural,6.0444,False,Mixed,Speed Limit Misaligned | Poor Infrastructure | Above Human Tolerance Limit,0.0068,,False,88.213,0.0028,-0.0024,High Misalignment,51,Vijayanagar Water Ta,1
1657,Vinayaka Devalaya Road,Urban Road,URB-01657,1657,12.9273,77.5802,12.9288,77.5817,238.5,662.8,663.039,35.6845,Moderate Misalignment,0.9034,0.107,0.8869,-0.0065,0.0005,48.1693,50.6584,80.1095,24.9873,31.7193,49.4112,94.3521,0.2122,38.9511,23.4905,No,0.0,0.0045,0.9939,Good,High,1.5915,10.0,23.9883,27.6943,Moderate Risk,67.0545,49.6655,28.2867,Moderate Misalignment,50.6876,69.7746,Side Impact Potential,Urban,2.9764,True,Commercial,Poor Infrastructure,-0.0167,,False,43.5019,0.0139,0.0018,Moderate Misalignment,48,Vinayaka Devalaya Ro,1
1658,Vinayaka Temple Road,Urban Road,URB-01658,1658,13.0212,77.6235,13.0221,77.6193,464.8,663.2,663.665,37.8682,Moderate Misalignment,0.9112,0.0803,0.9559,-0.0117,-0.0042,24.7551,26.7106,28.8842,0.2617,24.0418,49.47,98.1182,0.4276,60.0,12.2973,No,0.0,0.0062,0.0151,Good,Medium,2.9688,10.0,19.6617,26.3461,Moderate Risk,63.7363,26.4848,25.8751,Moderate Misalignment,23.3148,60.6928,Side Impact Potential,Peri-Urban,0.9215,False,Commercial,Poor Infrastructure,0.1448,Light,False,19.0572,0.003,-0.0146,Moderate Misalignment,24,Vinayaka Temple Road,1
1659,Vishwanatha Nagenhalli Main Road,Urban Road,URB-01659,1659,13.0395,77.6074,13.0412,77.59,1965.1,663.6,665.565,8.9922,Aligned,0.9917,0.9728,0.0585,-0.0015,-0.0064,31.1466,31.7287,28.6798,31.998,19.1541,50.8055,91.7098,0.3764,28.795,17.6896,No,0.0,-0.0065,0.0218,Poor,High,2.192,10.0,10.4092,19.2834,Safe,75.5691,32.0805,19.1882,Aligned,32.0631,40.19,Side Impact Potential,Rural,1.9824,False,Residential,Poor Infrastructure,0.191,Light,False,26.4841,-0.0004,-0.0169,Aligned,31,Vishwanatha Nagenhal,1
1660,Vittal Mallya Road,State Highway,SH-01660,1660,12.9718,77.594,12.9671,77.5946,558.8,664.0,664.559,17.4616,Aligned,0.7397,0.7735,0.254,0.0195,0.0079,52.224,50.5407,99.5768,14.4707,26.0237,79.8783,78.619,0.0,61.0597,23.0096,No,0.0,0.0049,0.9979,Poor,Medium,0.0624,10.0,10.2298,23.0637,Safe,70.5096,49.1865,20.0651,Aligned,52.7217,47.108,Separated Traffic,Rural,6.8458,True,Residential,Poor Infrastructure,0.022,,False,44.1958,0.0123,0.0012,Aligned,49,Vittal Mallya Road,1
1661,Vittal Mallya Road,Urban Road,URB-01661,1661,12.9712,77.5978,12.9712,77.5978,1199.4,664.4,665.599,33.9733,Moderate Misalignment,0.8632,0.1549,0.8227,-0.0009,-0.0072,45.1958,49.0189,58.1533,24.544,33.497,50.3885,95.9395,0.193,58.7983,25.3628,No,0.0,-0.0007,-0.0249,Good,Medium,2.9244,10.0,16.5885,26.9038,Moderate Risk,69.0044,47.3393,29.1677,Moderate Misalignment,45.7941,61.8624,Side Impact Potential,Urban,3.9124,False,Residential,Poor Infrastructure,0.0076,,False,37.036,-0.0024,0.0158,Moderate Misalignment,45,Vittal Mallya Road,2
1662,Vivekananda Park Road,Urban Road,URB-01662,1662,12.9406,77.5477,12.939,77.5478,173.3,664.8,664.973,10.3479,Aligned,0.9761,1.0583,0.0365,-0.0128,0.0164,25.985,26.1793,27.8538,57.7539,35.653,30.0478,88.7327,0.1077,30.5757,38.4048,No,0.0,0.0005,2.0217,Poor,Low,2.2391,10.0,10.0,21.2125,Safe,80.5693,22.8573,18.0294,Aligned,27.9669,59.1442,Significant Pedestrian Interaction,Peri-Urban,1.1604,False,Mixed,High Pedestrian Interaction,-0.006,,False,22.0014,-0.0092,-0.0007,Aligned,25,Vivekananda Park Roa,1
1663,Vivekananda Road,Urban Road,URB-01663,1663,13.013,77.6811,13.0111,77.6807,216.2,665.2,665.416,13.1851,Aligned,0.972,0.9756,0.0018,0.0016,0.0036,27.1257,25.4954,60.8236,65.4372,37.5872,49.6649,83.4988,0.1416,30.8912,36.8206,No,0.0,0.0008,0.0238,Poor,High,2.5648,10.0,10.5133,19.1866,Safe,82.6464,26.4274,17.1111,Aligned,27.6147,57.6682,Side Impact Potential,Urban,3.7955,True,Mixed,Meets Safe System Standards,0.2255,Light,False,19.8933,0.0082,-0.0031,Aligned,28,Vivekananda Road,1
1664,Vyalikaval Main Road,Urban Road,URB-01664,1664,12.9993,77.5781,13.0027,77.5785,1245.2,665.6,666.845,39.131,Moderate Misalignment,0.8798,0.1209,0.9067,-0.0051,-0.0036,38.0639,37.3145,55.2671,18.7136,26.1427,51.8546,100.0,0.0,29.9909,19.3438,No,0.0,-0.0002,-0.0461,Good,Low,1.8363,10.0,22.6483,25.9496,Moderate Risk,68.069,37.8932,27.3146,Moderate Misalignment,37.3573,58.0611,Side Impact Potential,Peri-Urban,2.9864,False,Industrial,Poor Infrastructure,0.1612,Light,False,29.0939,-0.0143,0.0106,Moderate Misalignment,36,Vyalikaval Main Road,1
1665,Vyasaraya Ballal Road,Urban Road,URB-01665,1665,12.9124,77.5673,12.9094,77.5641,611.7,666.0,666.612,20.0667,Aligned,0.7915,0.8141,0.1137,0.0743,-0.0024,55.3102,57.4269,100.0,50.0123,33.1438,79.4482,45.4532,0.0,59.9631,19.4045,No,0.0,-0.001,-0.0217,Good,Medium,0.5842,10.0,10.0796,19.7677,Safe,80.3771,56.0336,15.2238,Aligned,56.8323,69.6846,Separated Traffic,Urban,5.9959,True,Mixed,Meets Safe System Standards,0.1392,Light,False,44.092,-0.0082,0.0039,Aligned,55,Vyasaraya Ballal Roa,1
1666,Vyasraya Ballala Road,Urban Road,URB-01666,1666,12.9094,77.5641,12.9035,77.5565,1094.5,666.4,667.495,9.4219,Aligned,0.9765,0.992,0.0141,0.0116,0.0005,21.3464,23.5927,61.3979,6.8459,16.1633,70.5449,85.0734,0.0,38.3468,11.332,No,0.0,0.0064,0.0092,Poor,Medium,1.1755,10.0,10.3923,20.6476,Safe,70.1073,24.9265,18.6799,Aligned,23.2544,36.4783,Separated Traffic,Rural,3.1391,True,Residential,Poor Infrastructure,-0.0162,,False,21.0131,0.0211,-0.0179,Aligned,22,Vyasraya Ballala Roa,1
1667,Vydehi Hospital Road,Urban Road,URB-01667,1667,12.9697,77.7321,12.9715,77.7269,619.9,666.8,667.42,36.5885,Moderate Misalignment,0.9487,0.0382,0.9543,0.0245,-0.0016,80.6323,79.8856,96.7622,37.8063,26.7665,79.4949,12.288,0.0,60.0,22.378,No,0.0,-0.0004,0.0475,Poor,Medium,0.3121,10.0,10.2813,30.3584,Moderate Risk,61.6882,78.8038,44.1406,Moderate Misalignment,98.537,50.4619,Separated Traffic,Peri-Urban,8.0301,True,Commercial,Active Congestion | Above Human Tolerance Limit,0.7583,Severe,False,20.9411,-0.0014,0.004,Moderate Misalignment,80,Vydehi Hospital Road,1
1668,W H Hanumanthappa Road,Urban Road,URB-01668,1668,12.9749,77.577,12.9812,77.5769,710.7,667.2,667.911,65.2932,High Misalignment,0.7329,-0.0064,0.3115,0.6939,0.0081,49.1148,52.0423,100.0,53.6827,32.8158,48.4898,69.8392,0.0279,58.9662,26.3198,No,0.0,0.0018,-0.0194,Poor,Medium,0.6316,10.0,10.0,35.3649,Moderate Risk,56.8346,51.5867,55.5152,High Misalignment,66.7398,60.0346,Side Impact Potential,Urban,5.0455,False,Commercial,Speed Limit Misaligned | Above Human Tolerance Limit,0.0249,,False,59.7262,-0.0106,-0.0075,High Misalignment,50,W H Hanumanthappa Ro,1
1669,WOC,Urban Road,URB-01669,1669,12.9962,77.5504,12.9996,77.5498,377.4,667.6,667.977,66.2079,High Misalignment,0.7891,-0.0012,0.2101,0.7879,-0.0144,30.9385,30.1034,79.3197,50.9206,49.9174,28.2003,68.5766,0.0,59.594,60.5226,No,0.0,-0.005,1.0414,Good,Medium,1.8628,10.0,10.0755,42.7182,Moderate Risk,53.4652,27.6005,62.372,High Misalignment,48.021,59.9337,Significant Pedestrian Interaction,Urban,1.8403,True,Mixed,Speed Limit Misaligned | High Pedestrian Interaction | Above Human Tolerance Limit,-0.0105,,False,39.9057,-0.0159,0.005,High Misalignment,30,WOC,1
1670,Wheeler Road Extension,Urban Road,URB-01670,1670,12.9983,77.6225,13.0064,77.6255,964.0,668.0,668.964,40.6935,Moderate Misalignment,0.9688,0.068,0.9353,0.0274,-0.007,31.3464,27.4702,48.5792,64.41,65.8056,29.5217,80.2152,0.2867,40.9559,76.5759,No,0.0,0.0108,0.9649,Good,High,2.3577,10.0,10.0677,35.5092,Moderate Risk,69.4618,27.1477,38.2957,Moderate Misalignment,28.9341,66.8478,Significant Pedestrian Interaction,Urban,1.9767,False,Residential,High Pedestrian Interaction | Above Human Tolerance Limit,0.0052,,False,26.8495,-0.0064,0.005,Moderate Misalignment,29,Wheeler Road Extensi,1
1671,Wheeler Road Flyover,Urban Road,URB-01671,1671,12.9962,77.6176,12.9985,77.6238,736.0,668.4,669.136,13.1345,Aligned,0.8845,0.9057,0.0646,0.0144,0.0002,46.5038,47.6685,97.6101,31.8782,24.9988,81.2606,70.311,0.0,58.9224,16.8143,No,0.0,0.0008,-0.0646,Good,Medium,0.0713,10.0,10.0,19.4252,Safe,76.8642,45.8043,16.8352,Aligned,46.777,45.4988,Separated Traffic,Rural,8.0776,True,Residential,Poor Infrastructure,-0.0185,,False,38.026,-0.0068,0.0028,Aligned,45,Wheeler Road Flyover,1
1672,Wheeler Road Flyover,Urban Road,URB-01672,1672,12.9984,77.6238,12.9961,77.6177,729.0,668.8,669.529,10.6836,Aligned,0.959,0.9812,0.0154,-0.0065,0.0012,34.5477,33.3724,77.7057,29.8359,36.9812,51.3455,85.7316,0.0567,40.6467,33.0241,No,0.0,-0.0007,0.9992,Poor,Medium,1.8565,10.0,10.1562,25.5874,Moderate Risk,72.8608,34.2335,21.7346,Aligned,35.9457,67.5655,Side Impact Potential,Urban,4.9401,False,Commercial,Poor Infrastructure,0.0083,,False,29.3157,0.0064,-0.0124,Aligned,33,Wheeler Road Flyover,2
1673,Wheeler Road,Urban Road,URB-01673,1673,12.9944,77.6158,12.9906,77.6139,1832.2,669.2,671.032,28.1826,Moderate Misalignment,0.5595,0.3849,0.5821,-0.0215,0.0021,38.7207,35.8678,50.665,11.4214,27.8851,48.4388,97.5615,0.0,30.2676,17.1377,No,0.0,-0.0058,-0.0011,Poor,Low,2.6648,10.0,24.4779,27.1735,Moderate Risk,63.9855,35.9918,28.4012,Moderate Misalignment,37.6692,59.0725,Side Impact Potential,Peri-Urban,1.9377,False,Residential,Poor Infrastructure,0.1914,Light,False,29.5196,-0.0049,-0.0048,Moderate Misalignment,38,Wheeler Road,1
1674,WhiteField  - Hoskote Road,State Highway,SH-01674,1674,12.9936,77.7575,12.9838,77.7525,1285.6,669.6,670.886,10.6926,Aligned,0.966,0.9705,-0.0078,-0.0085,0.0119,26.7305,24.2619,82.0645,0.7121,20.1724,51.4793,70.3653,0.144,40.0,6.4337,No,0.0,-0.0005,-0.0446,Poor,Medium,1.7274,10.0,10.1233,23.1183,Safe,69.1281,25.6014,20.5151,Aligned,25.6717,56.3687,Side Impact Potential,Urban,3.1237,True,Residential,Poor Infrastructure,0.1854,Light,False,19.2412,-0.0047,-0.0107,Aligned,26,WhiteField  - Hoskot,1
1675,WhiteField - Hoskote Road,State Highway,SH-01675,1675,12.9946,77.7578,12.9936,77.7575,118.2,670.0,670.118,22.5356,Aligned,0.6007,0.6068,0.4104,0.0148,0.0011,79.9607,79.9816,99.2804,22.8911,17.212,80.8881,54.1571,0.1297,60.0983,6.7608,No,0.0,-0.0035,-0.0417,Poor,High,0.2433,10.0,10.0,25.1348,Safe,66.1255,81.7509,29.3827,Moderate Misalignment,82.4979,47.2544,Separated Traffic,Rural,8.0487,True,Industrial,Poor Infrastructure | Above Human Tolerance Limit,0.2379,Light,False,60.5606,-0.007,-0.0018,Aligned,80,WhiteField - Hoskote,1
1676,Whitefield - Hoskote Road,State Highway,SH-01676,1676,12.9838,77.7525,13.0069,77.7574,2817.1,670.4,673.217,33.1759,Moderate Misalignment,0.8155,0.2187,0.8352,-0.0058,-0.0005,50.2747,50.3422,81.9684,37.7203,43.4325,48.6269,91.6644,0.1127,41.9552,45.884,No,0.0,-0.0063,1.0756,Poor,Medium,1.4022,10.0,25.2966,30.4629,Moderate Risk,68.2036,49.7983,32.4688,Moderate Misalignment,50.6187,66.0493,Side Impact Potential,Urban,6.1063,False,Mixed,Meets Safe System Standards,0.0363,,False,46.6522,0.0054,-0.0067,Moderate Misalignment,51,Whitefield - Hoskote,1
1677,Whitefield Main Road,State Highway,SH-01677,1677,12.9614,77.7477,12.9614,77.7477,6139.3,670.8,676.939,31.4043,Moderate Misalignment,0.6941,0.3064,0.7004,-0.0023,-0.0109,39.0478,42.056,51.5802,9.8759,12.9584,49.9256,96.0823,0.0,40.0,6.5129,No,0.0,-0.0022,-0.0285,Poor,Low,1.6231,10.0,33.2667,23.2323,Safe,66.7505,41.1527,27.5696,Moderate Misalignment,38.2381,34.7211,Side Impact Potential,Rural,2.8806,False,Residential,Poor Infrastructure,0.0348,,False,33.3852,0.0025,0.0105,Moderate Misalignment,40,Whitefield Main Road,1