segment_id,road_name,road_type,human_segment_id,internal_id,start_lat,start_lon,end_lat,end_lon,length_m,start_km,end_km,road_risk_score,ai_risk_label,ai_risk_probability,prob_low_risk,prob_medium_risk,prob_high_risk,prob_critical_risk,ai_recommended_speed,recommended_safe_speed,road_function_score,infrastructure_score,exposure_score,human_tolerance_limit,operating_speed_score,crash_risk_score,posted_speed_limit,pedestrian_exposure_score,blackspot_flag,crash_count,fatal_crashes,schools_count,lighting_quality,roadside_hazards,intersection_density,speed_compliance_rate,speed_violation_score,hotspot_score,hotspot_category,speed_safety_score,original_safe_speed,misalignment_score,misalignment_category,speed_p85,ptw_share_pct,exposure_tier,urban_rural_flag,lane_count,median_presence,land_use_type,top_ai_factors,congestion_index,congestion_category,congestion_smoothed,operating_speed_mean,minor_crashes,major_crashes,risk_category,final_safe_speed,corridor_base,corridor_seq
1678,Whitefield Road,State Highway,SH-01678,1678,13.0004,77.6791,12.9948,77.6985,15755.8,671.2,686.956,10.7314,Aligned,0.9644,0.9607,0.0614,-0.0138,0.0088,78.4526,79.938,99.9896,11.2488,18.7159,80.072,26.8804,0.0,60.6178,12.6128,No,0.0,-0.0057,0.0235,Poor,High,0.2885,10.0,10.0,22.9447,Safe,66.9071,79.5357,22.5983,Aligned,82.3882,45.0351,Separated Traffic,Rural,6.9022,True,Residential,Active Congestion | Poor Infrastructure,0.6166,Severe,False,31.122,0.0015,-0.0017,Aligned,78,Whitefield Road,1
1679,Whitefield Road,State Highway,SH-01679,1679,12.992,77.7135,12.9929,77.7058,852.1,671.6,672.452,31.7497,Moderate Misalignment,0.7132,0.2955,0.7063,0.0219,0.0047,79.7078,77.9885,96.7664,14.2965,16.4754,79.5668,53.5301,0.0,59.4822,3.2384,No,0.0,0.0101,0.0375,Poor,Low,0.035,10.0,10.0,24.2633,Safe,63.6479,78.3171,29.361,Moderate Misalignment,80.1028,45.5217,Separated Traffic,Rural,7.9642,True,Industrial,Poor Infrastructure | Above Human Tolerance Limit,0.1846,Light,False,61.384,0.0072,-0.0173,Moderate Misalignment,80,Whitefield Road,2
1680,Whitefield Road,Urban Road,URB-01680,1680,12.9879,77.7335,12.9865,77.7318,251.0,672.0,672.251,39.2504,Moderate Misalignment,0.9673,0.0437,0.935,0.0131,0.0024,52.2633,48.8991,78.4117,21.888,28.2512,50.4891,99.5401,0.0,50.4856,16.6595,No,0.0,0.0059,0.0175,Good,Medium,2.6722,10.0,11.9153,25.7587,Moderate Risk,68.073,49.8223,27.3705,Moderate Misalignment,57.6209,67.7701,Side Impact Potential,Urban,5.0302,False,Commercial,Poor Infrastructure,-0.0174,,False,47.4863,0.0094,0.0095,Moderate Misalignment,51,Whitefield Road,3
1681,Wind Tunnel Road,Urban Road,URB-01681,1681,12.956,77.6534,12.956,77.6534,4598.5,672.4,676.999,66.2757,High Misalignment,0.7746,-0.0035,0.2134,0.7741,0.0042,29.0647,30.1281,76.7275,42.3692,51.6723,30.6167,90.0545,0.1904,58.7637,60.9176,No,0.0,-0.0009,2.0174,Good,Low,1.7637,10.0,15.3624,47.7116,Moderate Risk,44.9795,29.6123,74.8057,High Misalignment,70.4029,63.4112,Significant Pedestrian Interaction,Urban,1.9609,True,Residential,Speed Limit Misaligned | High Pedestrian Interaction | Above Human Tolerance Limit,0.146,Light,False,53.6845,-0.0007,0.0067,High Misalignment,27,Wind Tunnel Road,1
1682,Windsor Manor Bridge,Urban Road,URB-01682,1682,12.9953,77.5848,12.9932,77.5853,280.4,672.8,673.08,9.7397,Aligned,0.9612,0.9759,0.101,0.0024,-0.001,27.6373,27.1525,29.4381,18.462,19.3396,50.5096,92.2197,0.1828,39.6897,12.1438,No,0.0,-0.0035,-0.0416,Poor,Low,1.9632,10.0,10.2839,20.124,Safe,74.3813,30.0873,17.5194,Aligned,25.951,43.8726,Side Impact Potential,Rural,1.7136,False,Industrial,Poor Infrastructure,0.0082,,False,25.2787,-0.0084,0.0142,Aligned,30,Windsor Manor Bridge,1
1683,YNK Railway Station Road,Urban Road,URB-01683,1683,13.102,77.5933,13.1015,77.5936,66.8,673.2,673.267,45.9989,Moderate Misalignment,0.7943,0.0838,0.7483,0.1633,0.0143,47.8787,49.04,100.0,8.5993,23.3277,50.2665,88.6495,0.0,59.1175,4.1433,No,0.0,-0.0008,-0.0356,Poor,Medium,0.6082,10.0,10.2493,29.2673,Moderate Risk,58.6763,50.5269,37.9475,Moderate Misalignment,67.9378,67.8603,Side Impact Potential,Urban,3.8549,False,Commercial,Poor Infrastructure | Above Human Tolerance Limit,0.0118,,False,52.5234,-0.0093,-0.0016,Moderate Misalignment,49,YNK Railway Station ,1
1684,Yamalur Main Road,Urban Road,URB-01684,1684,12.9491,77.6887,12.9554,77.6895,769.1,673.6,674.369,10.2608,Aligned,0.9464,0.9728,0.0106,0.0025,-0.0042,40.0257,40.4204,90.0956,22.0216,27.7243,50.3676,72.928,0.5925,50.537,21.0132,No,0.0,-0.0039,-0.0139,Good,Low,2.2298,10.0,10.4199,22.7289,Safe,72.299,40.976,21.2648,Aligned,41.1133,63.2554,Side Impact Potential,Urban,5.967,True,Residential,Poor Infrastructure,0.1397,Light,False,29.9614,-0.0096,-0.017,Aligned,40,Yamalur Main Road,1
1685,Yelahanka New Town Main Road,Urban Road,URB-01685,1685,13.0994,77.5766,13.1005,77.5809,2208.2,674.0,676.208,16.1262,Aligned,0.8614,0.9048,0.1189,0.0154,0.0147,48.0261,49.9625,99.0161,25.8104,29.4719,80.9433,52.717,0.1781,60.0,22.4455,No,0.0,-0.0014,1.0298,Good,Low,0.4471,10.0,10.0,22.8311,Safe,73.7593,51.1577,20.1857,Aligned,52.3912,60.8879,Separated Traffic,Peri-Urban,3.877,True,Mixed,Approach to Congestion (Tapered) | Poor Infrastructure,0.1935,Light,True,39.0985,0.0002,0.008,Aligned,47,Yelahanka New Town M,1
1686,Yelahanka Road Flyover,State Highway,SH-01686,1686,13.0819,77.5931,13.0885,77.5939,746.7,674.4,675.147,37.2979,Moderate Misalignment,0.8899,0.0988,0.9023,0.0135,-0.0018,58.1407,56.9059,84.0938,41.7226,29.7361,72.6617,97.3873,0.1272,49.1064,20.6487,No,0.0,0.0082,-0.0087,Poor,Medium,1.3628,10.0,13.7606,23.1856,Safe,73.6977,56.1471,26.7148,Moderate Misalignment,63.1054,61.3901,Separated Traffic,Peri-Urban,5.8626,True,Residential,Meets Safe System Standards,-0.043,,False,46.8911,-0.0082,-0.0015,Moderate Misalignment,57,Yelahanka Road Flyov,1
1687,Yelahanka Road Flyover,State Highway,SH-01687,1687,13.0886,77.594,13.0821,77.5932,736.8,674.8,675.537,10.7673,Aligned,0.8842,0.8637,0.1321,0.007,-0.0039,69.9315,64.1962,100.0,2.0319,16.0956,79.1147,60.8254,0.3025,60.7624,11.153,No,0.0,0.0119,0.001,Poor,Medium,0.1878,10.0,10.1982,21.1787,Safe,68.3627,66.7338,18.5352,Aligned,65.3168,33.3988,Separated Traffic,Rural,5.0149,True,Industrial,Poor Infrastructure,-0.0113,,False,54.5841,-0.0143,-0.0003,Aligned,68,Yelahanka Road Flyov,2
1688,Yelahanka Road,Urban Road,URB-01688,1688,13.0784,77.5475,13.0607,77.545,13611.9,675.2,688.812,14.5245,Aligned,0.9184,0.887,0.1084,-0.0155,-0.0047,71.0055,71.1338,100.0,12.9341,21.4942,78.8771,62.0184,0.1489,60.0,10.6186,No,0.0,0.0017,0.0241,Poor,Low,0.5157,10.0,10.5251,22.1142,Safe,70.9581,70.4774,19.599,Aligned,71.6563,50.4069,Separated Traffic,Peri-Urban,6.1245,True,Residential,Poor Infrastructure,0.1577,Light,False,54.5254,-0.0258,-0.007,Aligned,70,Yelahanka Road,1
1689,Yelahanka Road,State Highway,SH-01689,1689,13.1,77.5889,13.1,77.5889,3310.2,675.6,678.91,10.3891,Aligned,0.9873,1.0,0.0131,-0.0139,0.0011,24.5316,24.4767,35.3403,0.0,19.2385,48.3231,83.925,0.0,40.0,8.6691,No,0.0,-0.0001,-0.1413,Good,Medium,3.5313,10.0,10.0,22.6905,Safe,68.1648,26.8994,20.1093,Aligned,23.8439,52.7354,Side Impact Potential,Peri-Urban,1.0473,True,Residential,Poor Infrastructure,0.1451,Light,False,19.5556,0.007,0.0129,Aligned,23,Yelahanka Road,2
1690,Yelahanka Road,State Highway,SH-01690,1690,13.0885,77.5939,13.0886,77.594,277.2,676.0,676.277,10.8897,Aligned,0.9267,0.8695,0.0843,0.0024,-0.0122,22.9323,22.7446,28.9456,30.2069,36.0323,29.636,78.4451,0.056,40.0,33.8021,No,0.0,0.0127,1.0164,Poor,High,2.7334,10.0,10.4337,24.6985,Safe,72.377,21.4948,22.2755,Aligned,23.0778,54.234,Significant Pedestrian Interaction,Peri-Urban,0.9683,False,Residential,High Pedestrian Interaction | Poor Infrastructure,0.1995,Light,False,15.9292,-0.0156,0.0001,Aligned,22,Yelahanka Road,3
1691,Yellahanka Railwaystation Road,Urban Road,URB-01691,1691,13.102,77.5933,13.1056,77.5923,461.2,676.4,676.861,39.436,Moderate Misalignment,0.7265,0.1942,0.6942,0.0884,0.0103,78.4252,80.351,99.1939,46.9694,31.5563,80.2163,86.5344,0.0756,60.0,23.5654,No,0.0,-0.0056,0.0284,Good,Low,0.4037,10.0,20.8392,27.8683,Moderate Risk,67.4887,79.7362,35.6588,Moderate Misalignment,97.2659,64.8981,Separated Traffic,Urban,4.9963,True,Mixed,Meets Safe System Standards,-0.0038,,False,88.2478,0.0143,-0.005,Moderate Misalignment,80,Yellahanka Railwayst,1
1692,Yellamma Koil Street,Urban Road,URB-01692,1692,12.9767,77.6204,12.9783,77.6287,1014.9,676.8,677.815,13.9266,Aligned,0.8819,0.8318,0.0903,0.0049,0.0006,47.8281,47.6485,77.7003,21.5769,30.1966,50.3321,88.724,19.402,50.4516,23.5495,No,0.0,-0.0076,0.0275,Poor,High,1.7928,10.0,10.0,29.2637,Moderate Risk,68.1062,50.5525,20.7707,Aligned,49.4412,57.384,Side Impact Potential,Urban,5.9995,False,Commercial,Poor Infrastructure,-0.0026,,False,40.5839,0.0128,1.0073,Aligned,49,Yellamma Koil Street,1
1693,Yemalur Main Road,Urban Road,URB-01693,1693,12.9496,77.6894,12.9491,77.6878,209.4,677.2,677.409,14.5101,Aligned,0.9194,0.9085,0.072,-0.0027,-0.0061,49.9572,48.2601,83.7652,85.0407,41.0008,48.8363,73.8399,0.0,60.0,43.0843,No,0.0,-0.0029,0.0274,Good,Medium,2.0832,10.0,10.0,23.9894,Safe,79.0388,49.0038,28.9113,Moderate Misalignment,49.2945,64.4112,Side Impact Potential,Urban,4.0789,True,Commercial,Above Human Tolerance Limit,0.0152,,False,39.6875,-0.0051,0.0146,Aligned,51,Yemalur Main Road,1
1694,Yeshwantpura Circle Flyover,National Highway,NH-01694,1694,13.0167,77.5565,13.0182,77.559,441.7,677.6,678.042,15.3145,Aligned,0.8116,0.7957,0.2009,0.0218,0.0069,66.3861,64.1841,96.4772,44.1561,38.6824,81.9053,52.0167,0.1042,80.7253,33.4246,No,0.0,0.0018,0.9881,Good,High,0.4276,10.0,10.2315,24.0707,Safe,75.9286,63.8901,20.4853,Aligned,64.466,64.4725,Separated Traffic,Urban,4.9073,True,Residential,Meets Safe System Standards,0.1873,Light,False,44.1259,0.0073,-0.001,Aligned,65,Yeshwantpura Circle ,1
1695,Yeshwantpura Circle Flyover,National Highway,NH-01695,1695,13.0181,77.5589,13.0171,77.5568,335.4,678.0,678.335,13.3337,Aligned,0.9433,0.9308,0.049,0.0211,0.0078,28.902,32.7029,51.6339,13.1888,27.0895,50.5976,76.1351,0.0,60.0,27.8122,No,0.0,0.0014,1.0103,Poor,Medium,1.0885,10.0,10.2778,24.4035,Safe,70.7986,32.4813,20.6933,Aligned,29.9243,39.8341,Side Impact Potential,Rural,3.2063,False,Industrial,Poor Infrastructure,0.2523,Light,False,18.9047,0.0076,-0.0019,Aligned,32,Yeshwantpura Circle ,2
1696,Unnamed Road,National Highway,NH-01696,1696,12.8505,77.5825,12.8504,77.5846,1323.4,678.4,679.723,8.5265,Aligned,0.9936,1.0362,0.0205,0.0015,0.0004,18.5997,19.7435,31.304,0.0,14.1726,50.4988,89.1826,0.0,60.0,4.1126,No,0.0,-0.0055,-0.0222,Poor,High,1.8876,10.0,10.1872,20.8587,Safe,68.9094,17.4751,18.447,Aligned,15.3598,41.5104,Side Impact Potential,Rural,2.2349,False,Industrial,Poor Infrastructure,0.1984,Light,False,12.4273,-0.0081,-0.007,Aligned,18,Unnamed Road,1
1697,Unnamed Road,National Highway,NH-01697,1697,12.8515,77.5924,12.8504,77.5918,165.7,678.8,678.966,14.2096,Aligned,0.9055,0.896,0.0859,0.0089,0.0121,70.7968,70.4591,97.3735,0.2732,14.0289,79.3904,72.6017,0.1284,61.7334,2.5167,No,0.0,0.001,-0.0103,Poor,Low,0.2354,10.0,10.1688,20.3315,Safe,69.3989,67.8742,18.2951,Aligned,71.1195,44.9112,Separated Traffic,Rural,3.9475,True,Mixed,Poor Infrastructure,0.026,,False,60.0608,-0.0156,0.0088,Aligned,70,Unnamed Road,2
1698,Unnamed Road,National Highway,NH-01698,1698,12.8508,77.5922,12.851,77.5919,62.4,679.2,679.262,20.93,Aligned,0.7219,0.7411,0.1827,0.0427,-0.0017,80.7984,78.2568,99.5359,14.1671,17.0727,80.1664,86.1861,0.1306,60.34,13.6729,No,0.0,0.0036,-0.0138,Poor,Low,0.2579,10.0,10.427,27.1099,Moderate Risk,61.1611,77.3461,33.053,Moderate Misalignment,92.6892,34.1761,Separated Traffic,Rural,5.018,True,Residential,Poor Infrastructure | Above Human Tolerance Limit,0.005,,False,78.8732,0.009,0.01,Aligned,79,Unnamed Road,3
1699,Unnamed Road,National Highway,NH-01699,1699,12.8497,77.5899,12.8508,77.5922,274.9,679.6,679.875,29.0911,Moderate Misalignment,0.5922,0.3764,0.5776,-0.0043,0.0204,49.1085,51.5701,80.992,30.5285,35.775,50.4863,89.3854,0.0,60.0,28.0153,No,0.0,-0.0003,-0.1181,Good,Medium,2.0027,10.0,26.3862,28.8347,Moderate Risk,67.6737,51.8934,31.0644,Moderate Misalignment,52.5116,65.4046,Side Impact Potential,Urban,3.843,True,Commercial,Poor Infrastructure,0.0189,,False,46.6998,-0.02,0.01,Moderate Misalignment,49,Unnamed Road,4
1700,Unnamed Road,National Highway,NH-01700,1700,12.8504,77.5918,12.8502,77.5915,30.9,680.0,680.031,14.8985,Aligned,0.8153,0.8488,0.2007,-0.005,-0.0039,35.9734,37.8754,27.8893,20.9429,19.2805,51.3007,96.9449,0.0,60.0,17.1347,No,0.0,0.0105,-0.0023,Poor,Medium,1.9573,10.0,22.5592,22.7505,Safe,69.8289,37.6349,24.8033,Aligned,36.3709,32.8497,Side Impact Potential,Rural,1.0967,False,Industrial,Poor Infrastructure,0.1918,Light,False,26.5666,0.004,0.0006,Aligned,37,Unnamed Road,5
1701,Unnamed Road,National Highway,NH-01701,1701,12.8497,77.5899,12.8493,77.5883,186.7,680.4,680.587,13.8123,Aligned,0.8345,0.8366,0.1453,0.0176,0.005,51.6787,50.7638,99.4467,6.4049,17.8807,81.3073,74.5409,0.0,60.0,12.312,No,0.0,-0.0074,-0.0201,Good,Low,0.2334,10.0,10.1501,21.6853,Safe,69.8697,49.4168,20.3111,Aligned,51.9296,39.2848,Separated Traffic,Rural,5.8836,True,Residential,Poor Infrastructure,0.0092,,False,42.3147,0.0021,-0.0004,Aligned,51,Unnamed Road,6
1702,Unnamed Road,National Highway,NH-01702,1702,12.8498,77.5883,12.8497,77.5899,181.9,680.8,680.982,10.8487,Aligned,1.0023,1.0433,-0.024,0.0026,-0.0023,17.4509,20.4463,25.7495,0.0,16.4061,47.3057,88.5517,0.1861,60.0,5.3304,No,0.0,-0.0066,-0.0236,Poor,Low,1.886,10.0,10.3532,20.7421,Safe,69.4966,13.1991,19.9054,Aligned,14.5204,41.862,Side Impact Potential,Rural,1.0152,False,Residential,Poor Infrastructure,-0.0037,,False,12.9276,-0.0057,-0.0031,Aligned,17,Unnamed Road,7
1703,Unnamed Road,National Highway,NH-01703,1703,12.8502,77.5915,12.8497,77.5899,203.0,681.2,681.403,13.427,Aligned,0.9857,0.9918,0.0251,-0.0264,-0.0067,35.8264,36.837,80.8217,51.9021,35.5219,50.0004,67.7462,0.1226,60.0,35.7019,No,0.0,0.0003,-0.063,Poor,Low,2.0286,10.0,10.4437,20.7342,Safe,79.9515,35.0649,18.498,Aligned,36.2066,57.3397,Side Impact Potential,Urban,5.9525,False,Residential,Meets Safe System Standards,-0.0192,,False,27.1006,0.0093,0.0107,Aligned,36,Unnamed Road,8
1704,Unnamed Road,National Highway,NH-01704,1704,12.8796,77.4956,12.8796,77.4947,292.5,681.6,681.893,24.1251,Aligned,0.7197,0.7465,0.0866,0.1702,0.0085,60.9855,60.6148,100.0,10.6476,20.5143,80.4639,81.5588,0.0521,60.0389,6.5602,No,0.0,-0.0027,0.0175,Good,Low,0.346,10.0,10.2481,21.3405,Safe,70.5209,60.8948,17.827,Aligned,61.4111,55.6084,Separated Traffic,Peri-Urban,7.1767,True,Residential,Poor Infrastructure,-0.02,,False,48.8814,0.0012,0.0046,Aligned,59,Unnamed Road,9
1705,Unnamed Road,National Highway,NH-01705,1705,12.8785,77.4952,12.8792,77.4955,318.5,682.0,682.318,11.4791,Aligned,0.9469,0.9415,0.0788,0.0046,-0.001,36.7776,36.6521,80.0248,68.3924,47.7422,49.724,73.4964,0.0082,60.0,54.2697,No,0.0,0.0134,0.9974,Good,Low,2.2109,10.0,10.1253,24.3219,Safe,82.3228,39.5123,20.5636,Aligned,36.3531,64.3986,Side Impact Potential,Urban,5.9943,False,Commercial,Meets Safe System Standards,-0.0032,,False,31.5963,0.0033,-0.0002,Aligned,38,Unnamed Road,10
1706,Unnamed Road,National Highway,NH-01706,1706,12.8825,77.4992,12.8862,77.5054,819.0,682.4,683.219,37.7698,Moderate Misalignment,0.9051,0.1316,0.8934,0.0243,-0.0041,29.6321,31.4406,67.7115,67.916,39.082,28.1478,78.6287,0.1098,60.0,40.7792,No,0.0,-0.005,-0.0012,Good,Low,1.3422,10.0,10.0,30.0753,Moderate Risk,65.5679,27.936,44.7261,Moderate Misalignment,47.7617,63.3271,Significant Pedestrian Interaction,Urban,3.0218,False,Mixed,High Pedestrian Interaction | Above Human Tolerance Limit,0.1497,Light,False,34.6824,-0.0043,0.0138,Moderate Misalignment,30,Unnamed Road,11
1707,Unnamed Road,National Highway,NH-01707,1707,12.9907,77.4721,12.993,77.4729,339.4,682.8,683.139,9.3212,Aligned,0.9942,1.0016,-0.0263,0.0027,-0.0054,26.2083,26.633,25.297,0.6837,16.5307,49.542,83.0879,0.0346,61.0695,12.4327,No,0.0,-0.0024,0.0293,Poor,Medium,1.6436,10.0,10.2068,21.737,Safe,68.8275,25.2893,18.4689,Aligned,28.5727,34.9337,Side Impact Potential,Rural,0.9549,False,Industrial,Poor Infrastructure,0.2521,Light,False,20.8,-0.009,-0.0023,Aligned,26,Unnamed Road,12
1708,Unnamed Road,National Highway,NH-01708,1708,12.9928,77.473,12.9914,77.4727,1027.0,683.2,684.227,18.8667,Aligned,0.772,0.8238,0.0992,0.0794,-0.0005,54.9133,54.3193,99.7836,6.7088,27.0315,79.3774,83.4164,0.5688,61.1573,16.7992,No,0.0,0.0031,0.0037,Poor,Medium,0.4647,10.0,10.0,24.0272,Safe,70.8282,57.571,21.1935,Aligned,55.9072,59.0746,Separated Traffic,Peri-Urban,4.9122,True,Industrial,Poor Infrastructure,-0.0082,,False,46.6457,-0.0041,-0.0176,Aligned,54,Unnamed Road,13
1709,Unnamed Road,National Highway,NH-01709,1709,12.9371,77.5313,12.937,77.5318,55.0,683.6,683.655,47.9603,High Misalignment,0.5588,0.3716,0.1172,0.5678,-0.0022,78.1225,79.9064,98.4425,0.0,13.6426,77.7304,83.2949,0.0,60.238,1.3108,No,0.0,-0.0046,-0.0078,Good,Low,0.3249,10.0,13.8908,36.5087,Moderate Risk,44.2243,80.9004,58.4455,High Misalignment,116.2968,42.8406,Separated Traffic,Rural,5.2196,True,Industrial,Speed Limit Misaligned | Poor Infrastructure | Above Human Tolerance Limit,0.1736,Light,False,89.7217,0.001,-0.0068,High Misalignment,79,Unnamed Road,14
1710,Unnamed Road,National Highway,NH-01710,1710,12.9395,77.5317,12.9396,77.5324,84.5,684.0,684.085,37.8489,Moderate Misalignment,0.9662,-0.0088,0.958,-0.0045,0.0024,48.8687,51.8801,54.9887,34.8665,44.5345,51.1152,100.0,0.0,60.0,48.738,No,0.0,0.0065,0.992,Good,Medium,2.3514,10.0,34.6531,32.8562,Moderate Risk,64.9189,51.69,38.4606,Moderate Misalignment,54.9211,65.5914,Side Impact Potential,Urban,3.7044,False,Commercial,Meets Safe System Standards,0.2118,Light,False,38.5512,-0.0032,0.0116,Moderate Misalignment,48,Unnamed Road,15
1711,Unnamed Road,National Highway,NH-01711,1711,12.9385,77.5319,12.9393,77.5318,88.1,684.4,684.488,10.3258,Aligned,0.9786,0.9665,-0.0023,0.0119,0.0009,30.5938,32.0782,76.8586,35.2864,33.7344,49.4381,73.1493,0.2678,60.0,33.0612,No,0.0,0.0032,1.9855,Good,Medium,2.011,10.0,10.4022,24.0606,Safe,74.7024,29.9303,21.3966,Aligned,26.554,57.8321,Side Impact Potential,Urban,4.1508,False,Residential,Poor Infrastructure,0.1834,Light,False,21.1079,-0.0048,-0.013,Aligned,30,Unnamed Road,16
1712,Unnamed Road,National Highway,NH-01712,1712,12.9393,77.5318,12.9395,77.5317,31.9,684.8,684.832,15.2012,Aligned,0.9112,0.8855,0.0873,0.0025,-0.0109,43.8651,42.6197,96.7666,0.2452,15.8718,79.0809,59.3943,0.0,60.0,2.5291,No,0.0,0.0024,0.0526,Poor,Medium,0.1638,10.0,10.3305,21.2468,Safe,69.7494,40.7706,17.9044,Aligned,44.1689,46.0625,Separated Traffic,Rural,7.0082,True,Residential,Poor Infrastructure,0.1257,Light,False,35.6765,0.0261,0.0014,Aligned,41,Unnamed Road,17
1713,Unnamed Road,National Highway,NH-01713,1713,12.9399,77.5324,12.9395,77.5317,127.9,685.2,685.328,14.1077,Aligned,0.8431,0.7953,0.1578,0.0184,0.0102,19.7907,20.4998,49.3599,17.1815,29.0027,49.4142,62.9193,0.0,60.0,14.2884,No,0.0,0.0011,0.0741,Good,High,2.5976,10.0,10.5459,23.4711,Safe,71.4966,18.6447,19.0872,Aligned,18.7626,64.7593,Side Impact Potential,Urban,2.028,False,Residential,Active Congestion | Poor Infrastructure,0.7094,Severe,False,11.8144,0.0091,-0.008,Aligned,20,Unnamed Road,18
1714,Unnamed Road,National Highway,NH-01714,1714,12.9395,77.5317,12.9414,77.5315,233.6,685.6,685.834,24.998,Aligned,0.5572,0.5879,0.4412,0.0002,-0.0011,50.6055,50.6716,50.4117,9.682,26.1389,48.9142,94.0296,0.0,60.0,13.187,No,0.0,-0.0005,-0.0009,Poor,Medium,3.8253,10.0,29.2444,29.4555,Moderate Risk,61.5278,51.1635,34.8606,Moderate Misalignment,49.9398,64.8304,Side Impact Potential,Urban,2.0208,False,Industrial,Poor Infrastructure,-0.0264,,False,43.589,0.0164,0.0127,Aligned,52,Unnamed Road,19
1715,Unnamed Road,National Highway,NH-01715,1715,12.8861,77.5056,12.8827,77.4995,771.7,686.0,686.772,10.04,Aligned,0.9898,0.9826,0.0299,0.0069,-0.0042,28.7357,28.7565,56.2593,45.6233,37.0695,50.804,85.3885,0.0,60.5581,33.9053,No,0.0,0.0015,-0.0378,Good,Low,3.4966,10.0,10.3316,22.7397,Safe,77.6016,29.2239,18.6506,Aligned,25.5882,65.4274,Side Impact Potential,Urban,3.8463,False,Residential,Meets Safe System Standards,0.144,Light,False,24.2774,0.0125,-0.0038,Aligned,29,Unnamed Road,20
1716,Unnamed Road,National Highway,NH-01716,1716,12.9406,77.533,12.9405,77.5322,200.2,686.4,686.6,14.1066,Aligned,0.7713,0.7999,0.2347,0.0133,0.0055,33.2555,32.249,51.4191,19.8812,24.2784,50.6776,97.7852,0.3766,60.0,11.3393,No,0.0,0.0007,0.0234,Poor,Medium,2.1665,10.0,12.778,22.9889,Safe,70.3544,34.8035,23.0345,Aligned,32.7542,56.9448,Side Impact Potential,Urban,2.8261,False,Industrial,Poor Infrastructure,-0.0028,,False,29.3392,-0.0087,0.0009,Aligned,34,Unnamed Road,21
1717,Unnamed Road,National Highway,NH-01717,1717,12.939,77.5323,12.9386,77.5325,56.7,686.8,686.857,9.3754,Aligned,0.9744,1.0138,0.0331,0.0114,-0.0014,44.808,47.3413,68.9889,63.7678,33.7473,48.2412,86.3654,0.0,60.0,28.0133,No,0.0,-0.0052,-0.061,Poor,High,1.9224,10.0,10.2045,19.075,Safe,82.4814,49.0691,15.7938,Aligned,49.551,59.2237,Side Impact Potential,Urban,2.054,False,Industrial,Meets Safe System Standards,0.0077,,False,38.8447,-0.0146,-0.0049,Aligned,48,Unnamed Road,22
1718,Unnamed Road,National Highway,NH-01718,1718,12.9386,77.5325,12.9385,77.532,57.9,687.2,687.258,41.4656,Moderate Misalignment,0.9864,0.0923,0.9993,0.0084,0.0064,29.7769,30.4702,67.4765,19.2996,40.5975,28.9481,98.2678,0.0,60.0,43.8619,No,0.0,0.0017,1.0335,Good,Low,1.9397,10.0,23.618,38.0862,Moderate Risk,55.4127,28.5067,47.0837,Moderate Misalignment,47.1996,54.8135,Significant Pedestrian Interaction,Peri-Urban,1.9174,False,Industrial,High Pedestrian Interaction | Poor Infrastructure | Above Human Tolerance Limit,0.0021,,False,41.4128,0.0063,0.0153,Moderate Misalignment,29,Unnamed Road,23
1719,Unnamed Road,National Highway,NH-01719,1719,12.9388,77.533,12.9386,77.5325,55.7,687.6,687.656,11.8099,Aligned,0.9484,0.9701,0.0209,0.0027,0.0093,34.7815,34.6655,67.9325,26.5281,37.503,50.598,66.3757,0.0154,60.0,39.3269,No,0.0,-0.0031,0.9912,Good,Low,1.5124,10.0,10.0,24.9131,Moderate Risk,72.2525,34.7934,23.5749,Aligned,33.0898,57.5138,Side Impact Potential,Urban,2.2355,False,Residential,Poor Infrastructure,0.0054,,False,27.2291,-0.0141,0.0058,Aligned,33,Unnamed Road,24
1720,Unnamed Road,National Highway,NH-01720,1720,12.9395,77.5328,12.9401,77.5329,254.6,688.0,688.255,22.1119,Aligned,0.6448,0.6381,0.3571,-0.0078,-0.0111,51.4872,51.3562,52.9394,11.6093,31.0394,52.0992,88.8812,0.1275,60.0,18.5152,No,0.0,0.0091,0.0644,Good,Medium,2.708,10.0,31.5179,29.6707,Moderate Risk,62.6653,49.3088,35.594,Moderate Misalignment,50.817,69.8209,Side Impact Potential,Urban,3.7559,False,Mixed,Poor Infrastructure,0.0093,,False,47.6337,-0.0078,0.0073,Aligned,50,Unnamed Road,25
1721,Unnamed Road,National Highway,NH-01721,1721,12.8725,77.4899,12.8727,77.4898,29.1,688.4,688.429,16.3038,Aligned,0.8411,0.8307,0.1129,0.0303,-0.002,64.1781,65.9005,99.1362,45.0942,31.9366,78.2249,71.1473,0.1983,78.1533,31.2527,No,0.0,-0.0102,0.9493,Good,Medium,0.405,10.0,10.0205,21.0354,Safe,78.0228,65.1527,18.1225,Aligned,65.4001,53.0653,Separated Traffic,Peri-Urban,4.8071,True,Residential,Meets Safe System Standards,0.003,,False,63.2198,0.0016,0.0004,Aligned,66,Unnamed Road,26