segment_id,road_name,road_type,human_segment_id,internal_id,start_lat,start_lon,end_lat,end_lon,length_m,start_km,end_km,road_risk_score,ai_risk_label,ai_risk_probability,prob_low_risk,prob_medium_risk,prob_high_risk,prob_critical_risk,ai_recommended_speed,recommended_safe_speed,road_function_score,infrastructure_score,exposure_score,human_tolerance_limit,operating_speed_score,crash_risk_score,posted_speed_limit,pedestrian_exposure_score,blackspot_flag,crash_count,fatal_crashes,schools_count,lighting_quality,roadside_hazards,intersection_density,speed_compliance_rate,speed_violation_score,hotspot_score,hotspot_category,speed_safety_score,original_safe_speed,misalignment_score,misalignment_category,speed_p85,ptw_share_pct,exposure_tier,urban_rural_flag,lane_count,median_presence,land_use_type,top_ai_factors,congestion_index,congestion_category,congestion_smoothed,operating_speed_mean,minor_crashes,major_crashes,risk_category,final_safe_speed,corridor_base,corridor_seq
1722,Unnamed Road,National Highway,NH-01722,1722,12.9051,77.4711,12.9052,77.4696,553.0,688.8,689.353,26.2741,Moderate Misalignment,0.5537,0.4519,0.542,0.0205,0.0051,51.9712,50.5652,55.9388,1.2154,24.3966,49.5764,93.8372,0.0,60.0,12.9906,No,0.0,0.0038,-0.026,Poor,Low,1.9941,10.0,25.8718,28.9346,Moderate Risk,60.689,50.0971,32.0988,Moderate Misalignment,49.2898,58.856,Side Impact Potential,Peri-Urban,2.7689,False,Commercial,Poor Infrastructure,0.0144,,False,46.2872,0.0182,-0.0005,Moderate Misalignment,51,Unnamed Road,27
1723,Unnamed Road,National Highway,NH-01723,1723,12.9011,77.4673,12.9052,77.4694,1057.6,689.2,690.258,12.6013,Aligned,0.9231,0.9244,0.0963,0.0008,-0.0047,50.3843,49.5503,98.2838,9.896,18.6696,78.2823,69.0426,0.0,60.5648,12.2228,No,0.0,0.005,0.0454,Poor,Low,0.1579,10.0,10.1865,20.8446,Safe,70.0317,51.0214,17.668,Aligned,47.7779,37.9733,Separated Traffic,Rural,6.5979,True,Residential,Poor Infrastructure,0.1869,Light,False,39.5444,0.0003,0.0116,Aligned,50,Unnamed Road,28
1724,Unnamed Road,National Highway,NH-01724,1724,12.8988,77.4636,12.8991,77.4642,71.9,689.6,689.672,8.5851,Aligned,0.9938,1.0037,-0.036,-0.0046,0.0128,19.7339,21.2282,28.5433,10.4859,15.9753,48.2406,80.4241,0.1807,60.0,7.8143,No,0.0,0.0046,-0.0663,Poor,Low,1.5636,10.0,10.0,20.1211,Safe,72.4952,20.5232,17.3721,Aligned,20.8049,41.6281,Side Impact Potential,Rural,2.0347,False,Industrial,Poor Infrastructure,0.0081,,False,18.297,0.0144,-0.0235,Aligned,17,Unnamed Road,29
1725,Unnamed Road,National Highway,NH-01725,1725,12.9043,77.4697,12.9013,77.4677,1056.9,690.0,691.057,10.9518,Aligned,0.9989,1.0064,0.0377,0.0166,0.0096,36.2257,37.6516,30.6667,16.8607,18.6633,49.0684,87.8538,0.0,60.0,5.7585,No,0.0,-0.0124,-0.0217,Poor,Low,3.8816,10.0,10.4839,19.4949,Safe,71.5176,35.4561,16.1665,Aligned,38.8021,50.4035,Side Impact Potential,Peri-Urban,0.9612,False,Mixed,Poor Infrastructure,0.001,,False,31.918,-0.0032,-0.0021,Aligned,36,Unnamed Road,30
1726,Unnamed Road,National Highway,NH-01726,1726,12.857,77.5267,12.8595,77.523,543.1,690.4,690.943,40.1163,Moderate Misalignment,0.9768,0.0485,1.0048,0.0285,-0.0006,49.2097,51.1788,80.8661,19.0685,29.5267,50.8041,100.0,0.608,60.0,21.782,No,0.0,0.0039,0.018,Good,Medium,1.7909,10.0,19.4137,29.0184,Moderate Risk,65.1097,49.6043,30.7983,Moderate Misalignment,59.0824,56.7855,Side Impact Potential,Urban,3.0017,True,Residential,Poor Infrastructure,-0.0118,,False,49.5629,-0.0008,0.009,Moderate Misalignment,49,Unnamed Road,31
1727,Unnamed Road,National Highway,NH-01727,1727,12.8592,77.5242,12.8571,77.5303,740.1,690.8,691.54,42.9871,Moderate Misalignment,0.8435,0.0114,0.8631,0.1339,-0.0008,29.561,30.5122,88.3475,57.296,52.0879,30.0519,66.8475,0.1288,60.6754,53.8591,No,0.0,0.0016,1.9668,Good,Low,1.8149,10.0,10.0,36.771,Moderate Risk,62.3105,30.5648,49.6099,Moderate Misalignment,36.1419,68.6133,Significant Pedestrian Interaction,Urban,5.056,True,Mixed,High Pedestrian Interaction | Above Human Tolerance Limit,0.1403,Light,False,30.2974,-0.0069,-0.0046,Moderate Misalignment,29,Unnamed Road,32
1728,Unnamed Road,National Highway,NH-01728,1728,12.9042,77.4705,12.8995,77.4722,616.2,691.2,691.816,10.3461,Aligned,0.9622,0.9663,0.015,0.0169,-0.0053,28.1092,27.5461,81.7285,19.3094,28.0217,49.3921,74.8388,0.0208,60.0,18.715,No,0.0,0.0033,0.987,Poor,Low,1.9873,10.0,10.1792,22.4341,Safe,72.7978,29.0727,18.4411,Aligned,25.2682,55.9931,Side Impact Potential,Urban,4.0082,True,Residential,Poor Infrastructure,0.0018,,False,22.5622,-0.0032,0.0,Aligned,29,Unnamed Road,33
1729,Unnamed Road,National Highway,NH-01729,1729,12.903,77.4698,12.9006,77.4713,489.8,691.6,692.09,12.1796,Aligned,0.9599,0.9927,0.0317,0.0121,-0.0061,32.5846,30.8513,71.6536,27.7769,38.4477,50.6266,64.7231,0.0,60.0,41.1378,No,0.0,0.004,1.0455,Good,Low,1.5066,10.0,10.0,25.3474,Moderate Risk,71.9197,33.2173,23.1132,Aligned,33.9555,57.0039,Side Impact Potential,Urban,1.8891,False,Residential,Poor Infrastructure,0.0035,,False,27.3549,0.0134,-0.0058,Aligned,34,Unnamed Road,34
1730,Unnamed Road,National Highway,NH-01730,1730,12.9006,77.4715,12.9038,77.4703,551.6,692.0,692.552,17.8569,Aligned,0.7865,0.7937,0.2149,0.0024,-0.0096,80.6392,81.7826,99.0547,2.5777,16.7097,81.1628,65.1976,0.0,90.4104,8.9761,No,0.0,0.0062,0.012,Poor,High,-0.0686,10.0,10.0,27.6342,Moderate Risk,60.3712,77.1987,32.3742,Moderate Misalignment,87.8802,44.4528,Separated Traffic,Rural,5.9825,True,Residential,Poor Infrastructure | Above Human Tolerance Limit,0.1517,Light,False,67.3233,0.0074,0.0107,Aligned,80,Unnamed Road,35
1731,Unnamed Road,National Highway,NH-01731,1731,12.8807,77.4937,12.8806,77.4967,330.1,692.4,692.73,13.7381,Aligned,0.899,0.8737,0.0656,0.0096,0.0084,45.2498,47.6359,100.0,33.9512,22.791,80.7191,68.6817,0.0137,61.0285,19.3819,No,0.0,0.0025,0.0213,Good,Medium,0.1721,10.0,10.0,19.2888,Safe,76.5697,47.4354,15.9858,Aligned,46.8416,47.8403,Separated Traffic,Rural,8.0613,True,Residential,Poor Infrastructure,0.0101,,False,38.3879,-0.0215,-0.0106,Aligned,47,Unnamed Road,36
1732,Unnamed Road,National Highway,NH-01732,1732,12.8756,77.4921,12.8754,77.4922,23.6,692.8,692.824,7.397,Aligned,0.9783,1.0151,0.0114,0.0094,-0.0074,28.2001,26.3853,31.6515,4.4392,15.4073,49.6276,78.4598,0.2245,60.0,6.2486,No,0.0,-0.0026,0.0224,Poor,Medium,2.5198,10.0,34.8114,22.0529,Safe,67.1408,27.1473,23.1367,Aligned,25.9401,39.9874,Side Impact Potential,Rural,1.8005,False,Residential,Active Congestion | Poor Infrastructure,0.7688,Severe,False,10.0,-0.0051,-0.0006,Aligned,29,Unnamed Road,37
1733,Unnamed Road,National Highway,NH-01733,1733,12.9418,77.5344,12.9386,77.5335,389.6,693.2,693.59,14.8698,Aligned,0.8621,0.8032,0.1375,0.0101,0.0029,48.4564,48.5933,100.0,4.9833,17.9805,83.3358,67.3454,0.0,60.0,10.0493,No,0.0,0.0089,0.0316,Poor,High,0.4428,10.0,10.1498,20.886,Safe,69.8355,45.5636,17.9719,Aligned,50.3183,39.6508,Separated Traffic,Rural,5.8876,True,Industrial,Poor Infrastructure,0.1419,Light,False,38.6456,0.0044,-0.0061,Aligned,50,Unnamed Road,38
1734,Unnamed Road,National Highway,NH-01734,1734,12.8569,77.5303,12.8575,77.5273,325.2,693.6,693.925,15.4717,Aligned,0.8307,0.8867,0.1563,-0.0006,0.0026,41.0426,40.7888,53.074,0.7409,12.9101,49.2085,88.9508,0.0671,60.0,2.277,No,0.0,0.0044,0.0001,Poor,Low,1.3239,10.0,10.0377,20.3076,Safe,69.9854,42.1584,15.5597,Aligned,38.998,39.0504,Side Impact Potential,Rural,3.0465,False,Residential,Poor Infrastructure,0.0314,,False,34.4369,0.0164,-0.0027,Aligned,42,Unnamed Road,39
1735,Unnamed Road,National Highway,NH-01735,1735,12.876,77.4961,12.8766,77.4931,365.6,694.0,694.366,15.8484,Aligned,0.7845,0.784,0.2344,0.0077,0.0096,29.3412,27.6242,50.0128,1.957,18.4442,49.0492,92.1186,0.1326,60.0,8.7701,No,0.0,0.0087,-0.0103,Poor,Medium,1.4186,10.0,10.0523,21.9715,Safe,68.6791,29.6959,19.6004,Aligned,30.375,45.7078,Side Impact Potential,Rural,2.9142,False,Mixed,Poor Infrastructure,0.0113,,False,23.5284,0.0231,-0.0054,Aligned,30,Unnamed Road,40
1736,Unnamed Road,National Highway,NH-01736,1736,12.8792,77.4947,12.8781,77.4942,341.1,694.4,694.741,65.7699,High Misalignment,0.7116,0.0001,0.2788,0.7351,0.005,51.3703,46.9014,98.351,53.671,32.8414,51.0636,72.1713,0.3512,78.9323,25.105,No,0.0,-0.002,0.0179,Poor,Medium,0.5792,10.0,10.0,35.0158,Moderate Risk,57.0672,49.2724,56.1641,High Misalignment,69.0302,59.6092,Side Impact Potential,Urban,4.932,False,Commercial,Speed Limit Misaligned | Above Human Tolerance Limit,0.0021,,False,60.1492,-0.0096,-0.0191,High Misalignment,50,Unnamed Road,41
1737,Unnamed Road,National Highway,NH-01737,1737,12.878,77.4943,12.8778,77.4954,260.2,694.8,695.06,16.1011,Aligned,0.8403,0.8401,0.1439,-0.0005,-0.0084,49.2404,48.1264,98.0182,9.4797,20.2048,80.8502,75.3551,0.1804,60.0,9.7176,No,0.0,0.007,0.0863,Poor,Medium,0.3809,10.0,10.0,22.8165,Safe,69.7819,48.1848,20.4337,Aligned,47.4928,51.2505,Separated Traffic,Peri-Urban,7.8597,True,Commercial,Poor Infrastructure,0.012,,False,44.5046,0.0047,-0.0028,Aligned,48,Unnamed Road,42
1738,Unnamed Road,National Highway,NH-01738,1738,12.8768,77.493,12.8806,77.4936,441.8,695.2,695.642,10.7426,Aligned,0.973,0.9729,0.0366,-0.0083,-0.0,26.6771,26.9923,75.2331,0.4054,24.0692,51.6517,71.6548,0.0,60.0,16.5802,No,0.0,0.0065,0.0582,Poor,High,1.9789,10.0,10.2037,25.0749,Moderate Risk,67.2053,26.5425,21.7018,Aligned,25.0248,59.0847,Side Impact Potential,Urban,4.0783,False,Residential,Poor Infrastructure,0.1393,Light,False,21.581,-0.0067,0.0013,Aligned,28,Unnamed Road,43
1739,Unnamed Road,National Highway,NH-01739,1739,12.8993,77.4721,12.9024,77.4693,550.3,695.6,696.15,38.0942,Moderate Misalignment,0.9506,0.0828,0.9649,0.0005,-0.0017,50.5116,49.2678,78.2018,22.3779,30.307,49.5769,96.8318,0.0,60.0,17.3052,No,0.0,-0.0057,0.0072,Good,Medium,2.6267,10.0,11.4157,26.6969,Moderate Risk,68.7989,50.2847,25.9237,Moderate Misalignment,56.8918,67.8447,Side Impact Potential,Urban,4.9248,False,Commercial,Poor Infrastructure,-0.0205,,False,49.2795,0.0008,-0.0065,Moderate Misalignment,51,Unnamed Road,44
1740,Unnamed Road,National Highway,NH-01740,1740,12.8805,77.4968,12.877,77.4959,406.4,696.0,696.406,13.0112,Aligned,0.9227,0.9085,0.1118,-0.0058,-0.0096,42.3621,41.2937,49.9632,30.7987,29.3721,50.2677,94.2966,0.0,60.0,22.6597,No,0.0,-0.0049,-0.0303,Good,Medium,2.3195,10.0,10.4485,22.8168,Safe,73.8037,39.0586,19.2248,Aligned,40.0973,58.6974,Side Impact Potential,Urban,1.8205,False,Mixed,Poor Infrastructure,0.0087,,False,34.2131,-0.0006,-0.0041,Aligned,42,Unnamed Road,45
1741,Unnamed Road,National Highway,NH-01741,1741,12.9411,77.5319,12.9419,77.5343,285.7,696.4,696.686,36.8031,Moderate Misalignment,0.9133,0.0954,0.9421,-0.0142,-0.0066,37.828,37.232,51.6101,10.1872,24.7221,49.0648,100.0,0.0,60.0,7.8376,No,0.0,-0.0071,-0.056,Poor,Low,3.0372,10.0,24.7901,26.208,Moderate Risk,64.9905,40.2845,28.8892,Moderate Misalignment,37.0949,64.9729,Side Impact Potential,Urban,3.3841,False,Residential,Poor Infrastructure,0.0161,,False,30.8743,-0.0023,0.0077,Moderate Misalignment,37,Unnamed Road,46
1742,Unnamed Road,National Highway,NH-01742,1742,12.9063,77.4691,12.9055,77.4716,547.4,696.8,697.347,10.6745,Aligned,0.9682,0.9668,0.0299,0.0161,0.0088,44.519,43.3245,71.757,33.4648,35.4244,50.3301,85.8642,0.0,60.0,33.3587,No,0.0,-0.003,1.9772,Poor,Low,1.9673,10.0,10.0104,23.6239,Safe,74.3387,44.2378,19.8814,Aligned,43.8646,61.7266,Side Impact Potential,Urban,3.1271,False,Residential,Poor Infrastructure,0.0078,,False,39.6255,-0.0059,-0.0009,Aligned,44,Unnamed Road,47
1743,Unnamed Road,State Highway,SH-01743,1743,12.9649,77.597,12.9651,77.5971,45.3,697.2,697.245,6.7654,Aligned,0.975,0.967,0.0309,-0.009,-0.0058,36.4628,35.9859,80.1489,29.9421,34.9096,48.8208,73.3708,0.0,48.8347,29.8573,No,0.0,0.0036,-0.0958,Good,Low,1.6212,10.0,10.1935,24.191,Safe,74.035,37.4557,21.0948,Aligned,36.9734,65.8138,Side Impact Potential,Urban,6.112,False,Mixed,Poor Infrastructure,-0.0015,,False,33.4508,-0.0016,-0.0012,Aligned,35,Unnamed Road,48
1744,Unnamed Road,State Highway,SH-01744,1744,12.9649,77.597,12.9653,77.597,58.1,697.6,697.658,11.1345,Aligned,0.9922,0.99,-0.0188,-0.0238,0.0065,39.9973,37.5876,58.9395,10.1535,15.8689,69.5117,84.2313,0.0,61.1024,11.5012,No,0.0,0.013,0.0417,Poor,High,1.2099,10.0,10.0,20.7073,Safe,72.4663,36.0742,15.9159,Aligned,37.8003,34.5392,Separated Traffic,Rural,1.8201,True,Residential,Poor Infrastructure,0.186,Light,False,31.8493,-0.0049,0.0099,Aligned,40,Unnamed Road,49
1745,Unnamed Road,State Highway,SH-01745,1745,12.965,77.5963,12.9649,77.597,72.3,698.0,698.072,40.6624,Moderate Misalignment,0.9831,0.0082,0.9846,0.0129,-0.0052,50.602,50.5906,81.1232,19.5327,29.322,50.5327,98.4855,0.5114,48.4044,22.8245,No,0.0,0.0064,0.0665,Good,Medium,1.8458,10.0,19.6357,28.0186,Moderate Risk,65.6051,51.5775,30.1472,Moderate Misalignment,58.864,55.9942,Side Impact Potential,Urban,2.9027,True,Residential,Poor Infrastructure,-0.016,,False,51.294,0.0016,0.0099,Moderate Misalignment,49,Unnamed Road,50
1746,Unnamed Road,State Highway,SH-01746,1746,12.9651,77.5971,12.9661,77.5981,155.6,698.4,698.556,14.047,Aligned,0.8389,0.846,0.1601,0.0194,0.0093,56.4027,54.1282,100.0,19.9192,23.3735,80.3356,74.4331,0.3791,61.1753,12.9794,No,0.0,-0.0041,-0.0186,Poor,High,0.399,10.0,10.0,21.2463,Safe,73.5448,56.4932,17.4256,Aligned,54.3556,51.2575,Separated Traffic,Peri-Urban,4.0313,True,Residential,Poor Infrastructure,0.1472,Light,False,44.4286,0.0114,0.0111,Aligned,54,Unnamed Road,51
1747,Unnamed Road,State Highway,SH-01747,1747,12.9653,77.597,12.9661,77.5981,144.7,698.8,698.945,10.4276,Aligned,1.0071,0.9644,-0.0051,-0.0058,-0.0048,28.1737,28.0543,24.7594,0.3894,18.7287,50.7112,85.7119,0.1274,40.0,5.6291,No,0.0,0.013,-0.0305,Poor,Medium,3.3562,10.0,10.2311,22.114,Safe,67.8376,26.7297,19.6264,Aligned,27.322,52.6419,Side Impact Potential,Peri-Urban,0.8995,False,Industrial,Poor Infrastructure,0.19,Light,False,18.1857,0.0063,-0.0036,Aligned,30,Unnamed Road,52
1748,Unnamed Road,State Highway,SH-01748,1748,12.8662,77.5919,12.8586,77.5891,899.4,699.2,700.099,37.3509,Moderate Misalignment,0.8693,0.1,0.8524,0.0222,-0.0047,79.03,80.0166,100.0,0.0,12.5557,79.4242,82.9952,0.5894,60.1076,3.2801,No,0.0,-0.0004,-0.0125,Poor,Medium,0.0256,10.0,31.2551,30.5881,Moderate Risk,53.7053,80.1973,44.846,Moderate Misalignment,106.8172,33.3938,Separated Traffic,Rural,6.9038,True,Residential,Poor Infrastructure,-0.0213,,False,93.0651,0.0044,0.0004,Moderate Misalignment,78,Unnamed Road,53
1749,Unnamed Road,State Highway,SH-01749,1749,12.9852,77.5722,12.9845,77.5718,99.8,699.6,699.7,10.8705,Aligned,0.9639,0.9882,0.0649,0.0006,-0.0058,20.3561,20.9446,50.7995,21.453,22.0525,49.221,82.5798,0.2598,40.0,16.73,No,0.0,0.003,-0.0358,Poor,Low,1.3504,10.0,10.5398,20.6333,Safe,74.1336,22.3632,16.8958,Aligned,22.483,40.4981,Side Impact Potential,Rural,3.8435,False,Residential,Approach to Congestion (Tapered) | Poor Infrastructure,0.0124,,True,19.8005,-0.0018,0.0118,Aligned,21,Unnamed Road,54
1750,Unnamed Road,State Highway,SH-01750,1750,13.0276,77.7233,13.0168,77.704,2449.1,700.0,702.449,12.564,Aligned,0.8982,0.9059,0.0958,0.0082,-0.0061,28.4396,27.8221,52.9294,4.974,23.0644,49.7391,89.3014,0.142,40.0,12.0992,No,0.0,-0.0047,0.0211,Poor,Low,2.1644,10.0,10.0,22.7909,Safe,70.2694,26.2958,20.9588,Aligned,30.9097,57.8751,Side Impact Potential,Peri-Urban,2.9738,False,Commercial,Poor Infrastructure,-0.0022,,False,21.2439,-0.0028,0.0118,Aligned,28,Unnamed Road,55
1751,Unnamed Road,State Highway,SH-01751,1751,13.0124,77.5541,13.0126,77.5539,34.1,700.4,700.434,20.9761,Aligned,0.552,0.5863,0.4529,0.012,-0.0075,50.1254,50.9525,50.6487,7.9294,26.8273,50.1434,91.0268,0.0657,40.6224,14.1655,No,0.0,-0.0053,-0.0253,Poor,Medium,3.6807,10.0,28.7424,29.4065,Moderate Risk,61.8392,49.9584,35.3622,Moderate Misalignment,50.1547,65.8288,Side Impact Potential,Urban,1.8159,False,Industrial,Poor Infrastructure,-0.0033,,False,43.4935,-0.0101,-0.018,Aligned,48,Unnamed Road,56
1752,Unnamed Road,State Highway,SH-01752,1752,13.0126,77.5539,13.0131,77.5538,64.9,700.8,700.865,9.6965,Aligned,0.965,0.9341,0.0282,0.0061,0.0085,33.5219,32.7051,50.6192,32.0596,24.3157,51.0277,82.3635,0.1736,40.0,17.3258,No,0.0,-0.0008,0.008,Good,Low,3.4167,10.0,10.3212,20.4066,Safe,76.1447,35.6888,17.8794,Aligned,34.166,57.1743,Side Impact Potential,Urban,1.8676,False,Commercial,Poor Infrastructure,-0.0015,,False,27.434,-0.0162,0.0023,Aligned,33,Unnamed Road,57
1753,Unnamed Road,State Highway,SH-01753,1753,13.0127,77.5534,13.0131,77.5538,59.7,701.2,701.26,33.534,Moderate Misalignment,0.7944,0.2304,0.8057,0.0012,0.0066,37.3143,35.1637,57.1182,0.4219,20.0222,50.4526,98.9482,0.0747,40.0,10.0467,No,0.0,-0.0024,-0.0985,Poor,High,1.7213,10.0,19.0415,25.3001,Moderate Risk,64.8214,35.0572,24.0533,Moderate Misalignment,35.8497,50.2119,Side Impact Potential,Peri-Urban,1.9872,True,Commercial,Poor Infrastructure,0.0089,,False,30.8079,-0.0038,-0.0013,Moderate Misalignment,36,Unnamed Road,58
1754,Unnamed Road,State Highway,SH-01754,1754,13.0131,77.5538,13.0135,77.5539,43.1,701.6,701.643,39.5877,Moderate Misalignment,0.9271,0.0667,0.9088,-0.008,0.0083,31.9205,31.6769,83.9636,79.1504,41.6666,29.3896,89.7314,0.1052,59.917,43.906,No,0.0,-0.0052,-0.0286,Good,Low,1.8099,10.0,12.3488,31.6649,Moderate Risk,66.7959,29.5206,47.9416,Moderate Misalignment,56.732,64.5668,Significant Pedestrian Interaction,Urban,5.1942,True,Residential,High Pedestrian Interaction | Above Human Tolerance Limit,0.1817,Light,False,41.848,0.0057,0.02,Moderate Misalignment,32,Unnamed Road,59
1755,Unnamed Road,State Highway,SH-01755,1755,13.0126,77.5545,13.0124,77.5541,47.7,702.0,702.048,12.1082,Aligned,0.9616,0.95,0.025,0.0072,-0.0148,39.4655,40.4337,90.6083,21.2083,27.3972,49.6022,73.7395,0.3629,50.5143,22.1666,No,0.0,0.0043,-0.0247,Good,Low,2.3501,10.0,10.0835,22.867,Safe,71.963,40.7319,21.8185,Aligned,42.1392,64.0695,Side Impact Potential,Urban,6.2201,True,Residential,Poor Infrastructure,0.1399,Light,False,31.8845,0.0038,-0.006,Aligned,40,Unnamed Road,60
1756,Unnamed Road,State Highway,SH-01756,1756,13.0135,77.5539,13.0153,77.5539,198.9,702.4,702.599,17.6782,Aligned,0.8297,0.8041,0.1559,-0.0134,-0.004,39.2989,37.6199,27.2758,10.6384,13.1059,48.6142,95.9351,0.1663,40.0,5.0793,No,0.0,0.0072,0.0458,Good,Medium,2.097,10.0,26.9814,22.1108,Safe,68.0102,38.2466,23.0654,Aligned,37.6856,31.5876,Side Impact Potential,Rural,0.9884,False,Residential,Poor Infrastructure,0.0105,,False,33.0418,-0.0004,-0.0056,Aligned,39,Unnamed Road,61
1757,Unnamed Road,State Highway,SH-01757,1757,13.0135,77.5539,13.0134,77.5543,46.3,702.8,702.846,9.3447,Aligned,0.9325,0.9333,0.0537,-0.0007,-0.0093,28.5525,27.7013,83.4569,56.4195,43.0235,50.4472,72.5427,0.1091,59.9766,50.5761,No,0.0,0.0037,0.9821,Poor,High,2.2785,10.0,10.0,23.7335,Safe,79.4247,27.299,20.6264,Aligned,29.2716,55.761,Side Impact Potential,Urban,4.6958,True,Commercial,Meets Safe System Standards,0.1652,Light,False,21.4908,0.0096,-0.018,Aligned,29,Unnamed Road,62
1758,Unnamed Road,State Highway,SH-01758,1758,13.0134,77.5543,13.0126,77.5545,87.3,703.2,703.287,10.1609,Aligned,0.9659,0.9716,0.0199,-0.0004,0.0174,12.5491,21.1814,25.6636,37.4794,33.3282,28.361,89.0439,0.2529,59.5658,25.494,No,0.0,-0.0094,1.019,Good,Medium,2.732,10.0,10.0,21.3804,Safe,76.1877,17.5191,17.9373,Aligned,16.2304,58.3382,Significant Pedestrian Interaction,Peri-Urban,0.962,False,Mixed,High Pedestrian Interaction,0.0091,,False,12.5767,-0.0169,0.0059,Aligned,16,Unnamed Road,63
1759,Unnamed Road,State Highway,SH-01759,1759,13.0123,77.5525,13.0127,77.5534,104.1,703.6,703.704,11.7727,Aligned,0.9649,0.8679,0.0438,-0.0085,-0.006,31.7677,31.8321,51.8903,11.0881,25.7668,50.3912,77.9073,0.285,40.0,19.0693,No,0.0,-0.0056,0.0151,Poor,Low,2.2027,10.0,10.0,23.309,Safe,70.1031,31.2111,19.9817,Aligned,33.1633,50.8835,Side Impact Potential,Peri-Urban,3.0546,False,Industrial,Poor Infrastructure,0.1489,Light,False,24.3089,0.0007,-0.0044,Aligned,33,Unnamed Road,64
1760,Unnamed Road,State Highway,SH-01760,1760,12.9611,77.5592,12.9673,77.5635,896.9,704.0,704.897,10.736,Aligned,0.9702,1.0164,0.0105,-0.0102,0.0029,33.9123,35.263,73.9049,57.6614,32.5652,49.6345,62.4944,0.2282,49.9916,27.9877,No,0.0,-0.0074,-0.0435,Good,Medium,1.9899,10.0,10.3477,19.5101,Safe,81.8832,35.6393,19.5636,Aligned,36.1258,56.8572,Side Impact Potential,Urban,5.3148,False,Commercial,Approach to Congestion (Tapered),0.2169,Light,True,26.0053,-0.0169,0.0109,Aligned,34,Unnamed Road,65
1761,Unnamed Road,State Highway,SH-01761,1761,13.0038,77.6176,13.0036,77.6182,70.3,704.4,704.47,15.4877,Aligned,0.8866,0.8988,0.1092,0.0174,-0.0127,68.095,67.4406,99.9979,66.3145,30.8171,80.5162,63.855,0.3166,59.5245,24.6276,No,0.0,-0.0018,0.0591,Good,Medium,0.3667,10.0,10.0,16.7364,Safe,83.9733,68.7305,16.7435,Aligned,69.1255,56.7635,Separated Traffic,Urban,4.0457,True,Residential,Meets Safe System Standards,0.0109,,False,58.2363,-0.0105,0.0026,Aligned,70,Unnamed Road,66
1762,Unnamed Road,State Highway,SH-01762,1762,13.0026,77.6164,13.0023,77.6166,43.7,704.8,704.844,10.4034,Aligned,0.95,0.9179,0.0693,0.0008,0.0099,20.6317,21.2815,54.641,20.4137,22.0532,49.9823,73.7881,0.0425,40.0,17.8549,No,0.0,-0.0028,0.03,Good,Low,0.6438,10.0,10.0,20.2829,Safe,74.503,18.5065,16.855,Aligned,20.9614,37.2302,Side Impact Potential,Rural,3.2996,False,Industrial,Poor Infrastructure,0.2219,Light,False,14.9522,-0.0027,0.0088,Aligned,22,Unnamed Road,67
1763,Unnamed Road,State Highway,SH-01763,1763,12.9243,77.6518,12.9243,77.6501,212.9,705.2,705.413,9.8759,Aligned,0.9485,0.9349,0.0269,0.006,0.0023,27.67,26.3231,81.5727,0.0,21.3019,48.9578,68.2099,0.2019,40.0,7.2413,No,0.0,0.0076,-0.0317,Poor,Medium,1.6329,10.0,10.0,23.4272,Safe,67.6167,24.6962,19.9792,Aligned,25.9722,55.2099,Side Impact Potential,Urban,2.7646,True,Residential,Poor Infrastructure,0.1803,Light,False,17.9662,0.0163,0.0158,Aligned,28,Unnamed Road,68
1764,Unnamed Road,State Highway,SH-01764,1764,12.9406,77.5754,12.9406,77.5738,171.9,705.6,705.772,10.084,Aligned,0.9811,0.9874,0.0203,0.0016,0.009,39.9003,40.8535,74.0963,14.3845,24.6014,49.7853,77.036,0.0851,49.7022,18.3612,No,0.0,-0.0019,1.0431,Good,High,1.4828,10.0,10.4089,21.9088,Safe,71.2511,38.3651,20.9998,Aligned,37.8805,51.2222,Side Impact Potential,Peri-Urban,4.095,False,Industrial,Approach to Congestion (Tapered) | Poor Infrastructure,-0.0199,,True,35.72,-0.0135,0.0131,Aligned,39,Unnamed Road,69
1765,Unnamed Road,State Highway,SH-01765,1765,12.9636,77.5842,12.9639,77.5839,40.0,706.0,706.04,23.0223,Aligned,0.5841,0.6154,0.3667,0.0397,-0.0007,64.4063,62.0173,99.5176,2.9513,13.6402,77.5431,46.3222,0.0,60.4852,0.7311,No,0.0,0.0049,-0.0819,Poor,Medium,0.0576,10.0,10.0,25.3917,Moderate Risk,61.1383,63.1429,30.073,Moderate Misalignment,65.6786,41.8921,Separated Traffic,Rural,7.7589,True,Residential,Poor Infrastructure | Above Human Tolerance Limit,0.0107,,False,51.6012,-0.0137,-0.0101,Aligned,64,Unnamed Road,70
1766,Unnamed Road,State Highway,SH-01766,1766,12.9804,77.5709,12.9802,77.5715,67.9,706.4,706.468,12.0817,Aligned,0.9187,0.8972,0.0891,0.0194,-0.0133,44.1991,45.2335,53.4852,11.6994,17.7668,50.0682,93.9801,0.0,41.0024,9.0966,No,0.0,0.0103,0.0869,Poor,Medium,1.921,10.0,10.002,21.7094,Safe,68.8349,46.6777,20.5218,Aligned,43.711,42.2616,Side Impact Potential,Rural,2.0871,False,Residential,Approach to Congestion (Tapered) | Poor Infrastructure,-0.013,,True,35.6122,0.0029,0.0135,Aligned,45,Unnamed Road,71