segment_id,road_name,road_type,human_segment_id,internal_id,start_lat,start_lon,end_lat,end_lon,length_m,start_km,end_km,road_risk_score,ai_risk_label,ai_risk_probability,prob_low_risk,prob_medium_risk,prob_high_risk,prob_critical_risk,ai_recommended_speed,recommended_safe_speed,road_function_score,infrastructure_score,exposure_score,human_tolerance_limit,operating_speed_score,crash_risk_score,posted_speed_limit,pedestrian_exposure_score,blackspot_flag,crash_count,fatal_crashes,schools_count,lighting_quality,roadside_hazards,intersection_density,speed_compliance_rate,speed_violation_score,hotspot_score,hotspot_category,speed_safety_score,original_safe_speed,misalignment_score,misalignment_category,speed_p85,ptw_share_pct,exposure_tier,urban_rural_flag,lane_count,median_presence,land_use_type,top_ai_factors,congestion_index,congestion_category,congestion_smoothed,operating_speed_mean,minor_crashes,major_crashes,risk_category,final_safe_speed,corridor_base,corridor_seq
1767,Unnamed Road,State Highway,SH-01767,1767,12.9802,77.5715,12.9803,77.5722,76.7,706.8,706.877,15.832,Aligned,0.8084,0.7986,0.1778,-0.0086,-0.0036,34.2846,32.5834,49.7667,59.295,32.65,49.4684,100.0,0.0,40.0,27.9544,No,0.0,0.0036,-0.0341,Good,Medium,3.5953,10.0,10.2012,19.9387,Safe,79.8315,33.3217,19.2818,Aligned,31.9819,56.6323,Side Impact Potential,Urban,2.0911,False,Residential,Meets Safe System Standards,0.007,,False,30.4682,-0.0051,-0.0058,Aligned,34,Unnamed Road,72
1768,Unnamed Road,State Highway,SH-01768,1768,12.9801,77.5712,12.9802,77.5715,35.6,707.2,707.236,38.3087,Moderate Misalignment,0.8929,0.0779,0.9042,-0.0084,-0.006,47.2676,48.0946,71.018,19.4697,24.8075,50.2363,100.0,0.0,40.0,13.0269,No,0.0,0.0029,-0.0036,Good,Medium,1.5438,10.0,17.7756,24.3801,Moderate Risk,67.8006,46.8764,27.1276,Moderate Misalignment,46.3371,66.2073,Side Impact Potential,Urban,2.0493,False,Industrial,Approach to Congestion (Tapered) | Poor Infrastructure,0.0133,,True,38.1204,0.0123,0.0029,Moderate Misalignment,46,Unnamed Road,73
1769,Unnamed Road,State Highway,SH-01769,1769,12.9543,77.5854,12.9541,77.5851,44.1,707.6,707.644,10.881,Aligned,0.9379,0.938,0.0581,0.0044,0.0037,30.8756,31.2234,54.159,46.1882,44.7416,49.8012,87.6895,0.1305,40.0,48.1549,No,0.0,-0.0044,1.033,Good,High,3.1474,10.0,10.056,25.5624,Moderate Risk,76.3756,31.624,21.6852,Aligned,30.0315,67.8659,Side Impact Potential,Urban,4.0215,False,Commercial,Meets Safe System Standards,0.181,Light,False,20.4395,-0.0062,-0.0031,Aligned,31,Unnamed Road,74
1770,Unnamed Road,State Highway,SH-01770,1770,12.9457,77.7472,12.9446,77.7471,124.7,708.0,708.125,10.6818,Aligned,0.9695,1.0507,0.0085,0.0164,0.0103,39.9662,39.0211,52.8921,31.5145,28.4599,51.1381,84.2465,0.1387,40.0,15.0225,No,0.0,-0.0041,0.032,Poor,Low,2.7243,10.0,10.0,21.0014,Safe,75.822,40.2376,17.6126,Aligned,39.0447,62.7299,Side Impact Potential,Urban,3.1808,False,Mixed,Poor Infrastructure,0.1814,Light,False,28.9071,0.0052,0.0038,Aligned,38,Unnamed Road,75
1771,Unnamed Road,State Highway,SH-01771,1771,12.9512,77.5373,12.9517,77.5371,52.8,708.4,708.453,36.9221,Moderate Misalignment,0.8917,0.1181,0.8996,0.0035,0.0161,33.5982,31.9276,52.4844,49.0706,45.1759,49.3697,98.8707,0.4197,40.0,53.8282,No,0.0,0.0027,0.9705,Poor,Medium,2.5971,10.0,14.0423,27.3882,Moderate Risk,74.3839,34.6119,27.8469,Moderate Misalignment,35.2823,60.6272,Side Impact Potential,Urban,2.0258,False,Industrial,Meets Safe System Standards,-0.0126,,False,31.1626,0.0029,0.0052,Moderate Misalignment,32,Unnamed Road,76
1772,Unnamed Road,State Highway,SH-01772,1772,12.9517,77.5371,12.952,77.5371,46.3,708.8,708.846,11.8644,Aligned,0.9493,0.9459,0.0666,-0.0026,-0.0025,27.3584,29.7207,60.7779,0.0,22.0455,51.6269,74.1303,0.2989,40.0,7.1882,No,0.0,-0.0005,-0.0581,Poor,Low,2.1832,10.0,10.0,23.5204,Safe,67.6395,27.8155,20.7198,Aligned,28.1159,61.7141,Side Impact Potential,Peri-Urban,3.7189,True,Residential,Poor Infrastructure,0.185,Light,False,19.8105,0.0149,-0.0018,Aligned,27,Unnamed Road,77
1773,Unnamed Road,State Highway,SH-01773,1773,12.952,77.5371,12.9523,77.5369,42.7,709.2,709.243,14.4878,Aligned,0.7773,0.7639,0.2449,-0.0136,0.0014,29.427,29.9383,51.6574,0.0,17.2743,50.0522,94.4058,0.0,40.0,8.6264,No,0.0,0.0077,0.0188,Poor,Medium,1.3247,10.0,10.0,22.6401,Safe,68.2932,29.1008,19.7421,Aligned,31.1072,47.5181,Side Impact Potential,Rural,2.8796,False,Mixed,Poor Infrastructure,-0.0106,,False,25.3563,0.0071,0.0021,Aligned,29,Unnamed Road,78
1774,Unnamed Road,State Highway,SH-01774,1774,12.952,77.5371,12.9523,77.537,42.1,709.6,709.642,10.1263,Aligned,0.9761,0.9653,-0.0184,-0.0131,-0.0166,21.6497,23.992,55.5547,39.1681,34.1239,50.7586,79.5292,0.5605,40.0,27.9147,No,0.0,-0.0049,0.0085,Good,High,2.804,10.0,10.569,21.7496,Safe,77.6716,22.7786,19.2311,Aligned,21.7551,57.622,Side Impact Potential,Urban,4.0046,False,Mixed,Meets Safe System Standards,0.1899,Light,False,18.6549,-0.0025,0.0025,Aligned,21,Unnamed Road,79
1775,Unnamed Road,State Highway,SH-01775,1775,12.9523,77.537,12.9527,77.5368,49.2,710.0,710.049,11.6039,Aligned,1.0027,0.9768,-0.0073,0.0135,-0.0077,23.7203,24.0624,28.8745,22.3392,21.8445,50.8702,88.1543,0.0,40.0,13.814,No,0.0,0.0053,-0.0004,Poor,Medium,2.3168,10.0,10.1531,20.4822,Safe,74.3605,25.1428,19.0514,Aligned,25.6501,52.4018,Side Impact Potential,Peri-Urban,2.0379,False,Industrial,Poor Infrastructure,-0.0233,,False,19.9159,0.0029,-0.002,Aligned,22,Unnamed Road,80
1776,Unnamed Road,State Highway,SH-01776,1776,13.0567,77.5073,13.0632,77.5055,789.0,710.4,711.189,11.4733,Aligned,0.9947,1.0305,0.0154,-0.0065,-0.0099,29.7573,28.926,53.6803,48.3318,36.865,49.258,85.8342,0.1999,40.0,33.1738,No,0.0,-0.0018,-0.002,Good,Low,3.3011,10.0,10.0,22.7033,Safe,76.3585,28.8882,20.5861,Aligned,25.5581,65.1292,Side Impact Potential,Urban,4.1259,False,Residential,Meets Safe System Standards,0.1566,Light,False,20.5227,0.0026,-0.0084,Aligned,28,Unnamed Road,81
1777,Unnamed Road,State Highway,SH-01777,1777,12.9878,77.7337,12.9879,77.7335,27.6,710.8,710.828,37.2173,Moderate Misalignment,0.8144,0.1423,0.7974,0.0548,0.0008,79.686,80.17,100.0,20.9984,16.412,79.4099,84.2503,0.0138,59.3435,8.2799,No,0.0,-0.0082,-0.0302,Poor,Medium,0.3827,10.0,10.149,24.8376,Safe,65.8342,79.4584,29.7009,Moderate Misalignment,86.1578,44.1781,Separated Traffic,Rural,4.9887,True,Residential,Poor Infrastructure | Above Human Tolerance Limit,0.0315,,False,80.1076,0.0069,0.0112,Moderate Misalignment,80,Unnamed Road,82
1778,Unnamed Road,State Highway,SH-01778,1778,13.0075,77.6407,13.0061,77.641,159.9,711.2,711.36,14.42,Aligned,0.8984,0.9219,0.1425,-0.0015,-0.0092,60.1797,59.502,98.8065,14.2018,21.9993,79.2392,66.5524,0.125,60.0476,13.8266,No,0.0,0.0023,-0.0122,Good,Low,0.3778,10.0,10.0,22.2923,Safe,70.3163,58.2313,20.3519,Aligned,59.6968,50.0058,Separated Traffic,Peri-Urban,6.1456,True,Residential,Poor Infrastructure,0.1663,Light,False,48.0854,0.0017,0.0273,Aligned,61,Unnamed Road,83
1779,Unnamed Road,State Highway,SH-01779,1779,13.0817,77.5934,13.0819,77.5931,42.9,711.6,711.643,37.38,Moderate Misalignment,0.8632,0.1752,0.8356,0.0098,0.0057,80.4198,80.1633,100.0,0.0,10.5078,78.6523,84.438,0.1158,70.81,0.5902,No,0.0,-0.007,-0.0593,Good,Low,0.0649,10.0,34.0654,28.8017,Moderate Risk,54.8359,79.1,42.1188,Moderate Misalignment,91.2908,36.0184,Separated Traffic,Rural,5.032,True,Industrial,Poor Infrastructure,-0.0248,,False,79.3654,0.0176,-0.0101,Moderate Misalignment,80,Unnamed Road,84
1780,Unnamed Road,State Highway,SH-01780,1780,12.9085,77.4775,12.9083,77.4771,43.7,712.0,712.044,14.4864,Aligned,0.8908,0.8662,0.1061,0.0386,0.003,41.0333,40.0116,99.0844,23.4423,28.7704,81.5743,60.4767,0.0515,61.6127,16.2201,No,0.0,-0.0045,0.0255,Poor,Low,0.5759,10.0,10.0,23.0141,Safe,71.4564,38.3479,19.2427,Aligned,37.8057,67.1837,Separated Traffic,Urban,7.0467,True,Commercial,Poor Infrastructure,-0.0082,,False,32.7719,-0.0135,0.0058,Aligned,39,Unnamed Road,85
1781,Unnamed Road,State Highway,SH-01781,1781,13.0002,77.6203,12.9995,77.62,111.8,712.4,712.512,14.6676,Aligned,0.8894,0.8645,0.1032,0.0259,-0.003,35.0335,36.642,79.396,14.9559,24.4535,50.7401,84.9916,0.1782,40.0,12.5509,No,0.0,-0.0005,0.0158,Good,Low,1.9066,10.0,10.3285,22.8949,Safe,70.2344,35.9745,22.1754,Aligned,40.5477,60.7697,Side Impact Potential,Urban,3.074,True,Mixed,Poor Infrastructure,-0.0145,,False,28.141,-0.0061,0.0039,Aligned,35,Unnamed Road,86
1782,Unnamed Road,State Highway,SH-01782,1782,12.9828,77.5697,12.9825,77.5701,56.3,712.8,712.856,12.1816,Aligned,0.9495,0.9836,0.0543,0.0116,-0.0026,29.5878,32.6662,91.3502,22.1531,29.6567,50.0429,79.6346,0.1374,42.0163,19.9767,No,0.0,-0.01,-0.0135,Good,High,1.6085,10.0,10.2305,23.7895,Safe,71.6725,35.0448,22.1531,Aligned,30.7259,65.6486,Side Impact Potential,Urban,6.2601,True,Commercial,Poor Infrastructure,-0.0061,,False,26.6127,0.0004,-0.0083,Aligned,30,Unnamed Road,87
1783,Unnamed Road,State Highway,SH-01783,1783,12.9906,77.5717,12.9899,77.5718,177.9,713.2,713.378,14.6198,Aligned,0.9059,0.877,0.0738,0.0161,-0.0088,37.4965,36.0953,57.4777,19.2566,38.2509,48.8513,88.9151,0.0659,41.0615,34.4088,No,0.0,0.0015,0.9353,Good,Medium,2.7368,10.0,10.0,26.5976,Moderate Risk,70.6014,34.9819,24.4101,Aligned,35.3201,68.8111,Side Impact Potential,Urban,1.7201,True,Mixed,Poor Infrastructure,-0.0017,,False,32.6341,0.0027,0.0191,Aligned,38,Unnamed Road,88
1784,Unnamed Road,State Highway,SH-01784,1784,13.0667,77.5034,13.0655,77.504,145.1,713.6,713.745,37.8446,Moderate Misalignment,0.7942,0.1556,0.7985,0.0648,0.0087,81.3236,78.0626,99.7432,19.7774,17.5823,78.6773,85.9515,0.3536,60.5582,7.4335,No,0.0,-0.0081,-0.0445,Poor,Medium,0.4402,10.0,10.3092,24.421,Safe,66.2818,79.7088,30.043,Moderate Misalignment,86.2238,43.1455,Separated Traffic,Rural,4.9495,True,Residential,Poor Infrastructure | Above Human Tolerance Limit,0.0017,,False,80.1502,0.0023,0.0108,Moderate Misalignment,80,Unnamed Road,89
1785,Unnamed Road,State Highway,SH-01785,1785,12.9869,77.4911,12.9859,77.4914,119.1,714.0,714.119,9.5952,Aligned,0.9665,0.9635,0.0152,0.0099,0.0081,24.5977,22.4712,28.3092,12.6277,19.5032,52.4528,89.5483,0.3243,59.0897,7.4187,No,0.0,0.0042,0.0099,Good,High,2.7811,10.0,10.0,20.4668,Safe,70.9304,25.8088,17.9255,Aligned,25.443,52.0911,Side Impact Potential,Peri-Urban,1.9774,False,Residential,Poor Infrastructure,-0.0042,,False,22.4579,-0.0037,-0.0042,Aligned,25,Unnamed Road,90
1786,Unnamed Road,State Highway,SH-01786,1786,12.9774,77.488,12.9768,77.4875,77.0,714.4,714.477,11.9034,Aligned,0.9123,0.9172,0.0719,-0.0022,-0.0033,39.203,41.7699,50.5946,10.7194,21.3973,47.4817,89.2352,0.0,40.0,7.7015,No,0.0,-0.0049,-0.0457,Good,Medium,3.3345,10.0,10.5839,20.6688,Safe,71.6267,41.9229,18.8083,Aligned,38.9813,54.9059,Side Impact Potential,Urban,2.3459,False,Commercial,Poor Infrastructure,-0.0278,,False,34.1401,0.0043,0.0086,Aligned,41,Unnamed Road,91
1787,Unnamed Road,State Highway,SH-01787,1787,12.9859,77.4914,12.9774,77.488,1069.7,714.8,715.87,12.8869,Aligned,0.9066,0.8803,0.0747,0.0353,-0.0024,59.122,56.9518,100.0,6.5976,15.9379,78.0578,56.6688,0.0996,70.1522,9.3111,No,0.0,-0.0071,-0.0669,Poor,Low,0.3021,10.0,10.0,20.9497,Safe,70.7455,55.4259,18.9255,Aligned,59.4814,42.0172,Separated Traffic,Rural,7.0934,True,Residential,Poor Infrastructure,0.1828,Light,False,39.3392,-0.002,-0.002,Aligned,57,Unnamed Road,92
1788,Unnamed Road,State Highway,SH-01788,1788,12.9772,77.4875,12.9774,77.4878,40.4,715.2,715.24,14.2394,Aligned,0.8236,0.8385,0.1529,-0.0067,0.0019,62.9597,61.2403,98.3768,6.624,18.5417,80.0338,76.1458,0.0,68.6754,8.3198,No,0.0,-0.0002,-0.0057,Poor,High,0.0472,10.0,10.0,20.9147,Safe,70.5578,61.974,19.3677,Aligned,62.3728,40.2348,Separated Traffic,Rural,5.9611,True,Residential,Poor Infrastructure,-0.0196,,False,50.5782,0.0055,-0.0045,Aligned,63,Unnamed Road,93
1789,Unnamed Road,State Highway,SH-01789,1789,12.9774,77.4878,12.9856,77.4914,1040.6,715.6,716.641,13.9405,Aligned,0.9076,0.8882,0.1161,0.0256,-0.0037,50.5388,53.656,98.6487,20.137,34.4615,78.9927,74.7037,0.0,60.3727,28.0588,No,0.0,-0.0089,0.9552,Poor,High,0.5666,10.0,10.1821,25.7245,Moderate Risk,71.4299,50.6369,20.9588,Aligned,51.5297,66.2431,Separated Traffic,Urban,5.3027,True,Commercial,Poor Infrastructure,-0.0014,,False,42.2736,0.0007,-0.0129,Aligned,53,Unnamed Road,94
1790,Unnamed Road,State Highway,SH-01790,1790,12.9856,77.4914,12.9859,77.4914,27.9,716.0,716.028,11.7154,Aligned,0.9275,0.9174,0.0612,0.0049,-0.0022,27.6764,28.8998,80.2775,18.5464,23.2028,51.7157,54.1706,0.2952,40.0,12.3037,No,0.0,0.0011,0.0548,Poor,Low,1.7742,10.0,10.6095,20.5389,Safe,73.322,29.164,18.2992,Aligned,31.2497,55.844,Side Impact Potential,Urban,5.8385,False,Residential,Active Congestion | Poor Infrastructure,0.6686,Severe,False,10.5524,-0.0151,-0.0065,Aligned,29,Unnamed Road,95
1791,Unnamed Road,State Highway,SH-01791,1791,12.9787,77.7095,12.9782,77.7103,99.6,716.4,716.5,10.5633,Aligned,1.0118,1.0037,0.0268,-0.0056,0.0103,19.7903,23.1568,26.6324,0.2507,16.2317,48.4459,79.9826,0.5284,40.0,10.5342,No,0.0,0.0001,-0.0176,Poor,Low,1.3389,10.0,10.4063,21.6105,Safe,67.9755,19.9708,20.0387,Aligned,21.8456,38.7337,Side Impact Potential,Rural,1.0541,False,Industrial,Poor Infrastructure,0.1899,Light,False,14.4106,-0.0053,0.0033,Aligned,20,Unnamed Road,96
1792,Unnamed Road,State Highway,SH-01792,1792,13.0023,77.6162,13.0024,77.6145,183.7,716.8,716.984,30.0057,Moderate Misalignment,0.7028,0.2849,0.6675,-0.0096,0.0015,39.64,39.6171,25.6007,12.8926,21.4499,51.1653,97.8311,0.0362,40.0,11.2989,No,0.0,-0.002,1.0145,Poor,Medium,1.8793,10.0,30.6135,25.4475,Moderate Risk,65.0521,38.6083,28.4237,Moderate Misalignment,38.1539,45.345,Side Impact Potential,Rural,0.9042,False,Residential,Poor Infrastructure,0.1278,Light,False,30.0952,-0.009,-0.0062,Moderate Misalignment,39,Unnamed Road,97
1793,Unnamed Road,State Highway,SH-01793,1793,12.9786,77.5734,12.9806,77.575,498.7,717.2,717.699,11.5637,Aligned,0.9775,0.9731,0.0469,-0.0052,-0.0019,33.1375,32.7518,80.5265,8.7845,26.2783,48.7803,81.0302,0.0572,59.9856,17.5445,No,0.0,0.0002,-0.0177,Good,Low,1.9369,10.0,10.0,24.5846,Safe,69.9412,34.6536,19.5058,Aligned,33.5228,63.6207,Side Impact Potential,Urban,2.7949,True,Residential,Poor Infrastructure,-0.0064,,False,28.5659,0.0063,0.0085,Aligned,34,Unnamed Road,98
1794,Unnamed Road,State Highway,SH-01794,1794,12.9626,77.6417,12.9609,77.6434,301.3,717.6,717.901,20.8577,Aligned,0.6413,0.6362,0.3557,-0.0054,0.0041,55.7012,55.0303,100.0,20.7481,17.9028,81.1549,46.2952,0.0,60.2607,11.9458,No,0.0,0.008,0.0609,Poor,Medium,0.2649,10.0,10.1103,18.7453,Safe,74.4721,53.8087,15.1499,Aligned,53.4748,34.6618,Separated Traffic,Rural,7.9963,True,Residential,Poor Infrastructure,0.1456,Light,False,43.1704,-0.0022,-0.0103,Aligned,58,Unnamed Road,99
1795,Unnamed Road,State Highway,SH-01795,1795,12.9162,77.6189,12.9162,77.6172,182.3,718.0,718.182,10.5885,Aligned,0.9636,0.9777,-0.002,-0.0002,-0.0115,32.542,31.7966,85.6082,58.3746,36.7998,49.8284,83.2914,0.0,40.0,36.1864,No,0.0,0.0082,0.0351,Good,Low,1.5016,10.0,10.3688,20.6683,Safe,80.8242,35.3999,17.2447,Aligned,33.1027,55.8942,Side Impact Potential,Urban,6.1818,True,Commercial,Meets Safe System Standards,0.0062,,False,27.9178,0.0034,0.0006,Aligned,32,Unnamed Road,100
1796,Unnamed Road,State Highway,SH-01796,1796,12.9666,77.6203,12.9669,77.6204,36.0,718.4,718.436,12.3235,Aligned,0.9762,1.0179,0.0365,0.0174,0.0079,36.6262,35.9469,58.0106,53.9326,45.8674,48.4609,88.3304,0.0,40.0,46.0534,No,0.0,0.0112,0.9493,Good,Low,3.5024,10.0,10.0,24.8159,Safe,78.4548,36.2502,21.4863,Aligned,36.8731,62.1584,Side Impact Potential,Urban,2.0673,True,Commercial,Meets Safe System Standards,-0.0207,,False,31.1853,0.0117,0.0068,Aligned,37,Unnamed Road,101
1797,Unnamed Road,State Highway,SH-01797,1797,13.0659,77.6335,13.0659,77.6337,21.6,718.8,718.822,7.9688,Aligned,1.0047,1.0001,-0.0391,-0.0038,0.005,19.79,18.5548,31.6403,9.7268,16.4726,49.3845,78.9535,0.1708,40.0,6.9482,No,0.0,0.0071,-0.0594,Poor,Low,1.5833,10.0,10.0,19.9284,Safe,71.8671,20.7931,17.3364,Aligned,17.9493,40.7123,Side Impact Potential,Rural,1.8734,False,Industrial,Poor Infrastructure,0.0081,,False,18.176,0.0096,-0.0096,Aligned,21,Unnamed Road,102
1798,Unnamed Road,State Highway,SH-01798,1798,12.9825,77.5636,12.9823,77.565,213.3,719.2,719.413,66.5363,High Misalignment,0.8482,0.1014,0.0999,0.8331,-0.0033,79.8535,77.6436,98.6341,5.593,20.9904,79.9641,11.8632,0.2274,59.8182,11.5861,No,0.0,-0.0008,-0.0304,Poor,Low,0.047,10.0,27.999,38.4489,Moderate Risk,47.0654,79.4108,58.1515,High Misalignment,116.3783,44.4815,Separated Traffic,Rural,4.823,True,Residential,Speed Limit Misaligned | Active Congestion | Poor Infrastructure,0.7515,Severe,False,29.9572,-0.0097,-0.0063,High Misalignment,80,Unnamed Road,103
1799,Unnamed Road,State Highway,SH-01799,1799,12.9639,77.5839,12.9634,77.5827,173.4,719.6,719.773,18.6004,Aligned,0.8215,0.7823,0.1819,-0.004,-0.0023,38.0033,38.5891,28.7036,9.9363,13.3203,50.1294,94.6138,0.0,40.0,7.2153,No,0.0,0.006,0.0139,Good,Medium,2.1257,10.0,27.8253,22.143,Safe,68.4227,36.227,23.4945,Aligned,36.7392,33.1998,Side Impact Potential,Rural,1.0995,False,Residential,Poor Infrastructure,0.0053,,False,33.4688,0.0146,-0.0161,Aligned,39,Unnamed Road,104
1800,Unnamed Road,State Highway,SH-01800,1800,12.9636,77.5789,12.9643,77.579,76.5,720.0,720.077,12.0761,Aligned,0.9472,0.969,0.0586,0.0132,0.0105,25.6555,27.3956,29.7392,4.756,17.1618,50.0069,94.6693,0.0554,40.0,4.405,No,0.0,0.0084,0.0026,Good,Low,2.5499,10.0,24.0708,22.957,Safe,67.1862,25.0762,23.893,Aligned,22.9666,49.8547,Side Impact Potential,Peri-Urban,1.9649,False,Residential,Poor Infrastructure,-0.0103,,False,24.8138,-0.0042,0.0013,Aligned,23,Unnamed Road,105
1801,Unnamed Road,State Highway,SH-01801,1801,12.9642,77.5769,12.9635,77.5773,110.3,720.4,720.51,12.0794,Aligned,0.9647,0.9829,0.0118,-0.0078,0.0016,37.3283,37.7566,71.951,24.6469,26.0417,49.8587,85.097,0.0,40.0,11.6691,No,0.0,-0.0022,0.025,Good,Low,1.8009,10.0,10.0,21.6231,Safe,74.0303,39.2492,18.6059,Aligned,37.2459,64.5684,Side Impact Potential,Urban,1.8077,False,Industrial,Poor Infrastructure,0.1421,Light,False,30.7341,-0.0051,-0.0008,Aligned,35,Unnamed Road,106
1802,Unnamed Road,State Highway,SH-01802,1802,12.9845,77.5718,12.9845,77.5723,60.8,720.8,720.861,44.3502,Moderate Misalignment,0.8905,0.04,0.8653,0.0998,0.0001,43.7831,41.6672,100.0,54.1106,42.8255,50.6595,63.0909,0.4687,58.7641,41.6194,No,0.0,0.0014,1.0246,Good,Medium,0.5695,10.0,10.0,29.4878,Moderate Risk,69.1872,40.2517,35.4455,Moderate Misalignment,43.1845,66.8997,Side Impact Potential,Urban,4.181,True,Residential,Above Human Tolerance Limit,-0.0089,,False,36.1437,0.0101,0.0193,Moderate Misalignment,42,Unnamed Road,107
1803,Unnamed Road,State Highway,SH-01803,1803,12.9832,77.5727,12.9803,77.5722,325.6,721.2,721.526,11.1959,Aligned,0.9974,0.9317,0.0011,0.0106,-0.0029,35.4899,33.7059,55.913,49.2962,31.3727,49.5715,70.9189,0.4979,52.1621,21.1606,No,0.0,0.0012,-0.0002,Good,Low,2.3309,10.0,10.0,19.6556,Safe,79.8591,35.6016,17.4152,Aligned,40.092,66.1358,Side Impact Potential,Urban,3.7371,False,Commercial,Meets Safe System Standards,0.0025,,False,29.8065,-0.0046,0.0082,Aligned,34,Unnamed Road,108
1804,Unnamed Road,State Highway,SH-01804,1804,12.9824,77.5682,12.9827,77.5686,62.6,721.6,721.663,12.1198,Aligned,0.8848,0.8601,0.1176,0.0124,0.0035,50.1157,45.6909,78.7438,19.7851,31.0534,50.523,87.4471,20.6268,49.0327,25.1923,No,0.0,-0.006,-0.0158,Poor,High,1.8896,10.0,10.2089,28.7332,Moderate Risk,66.704,48.9621,21.9322,Aligned,49.6909,57.076,Side Impact Potential,Urban,5.8865,False,Commercial,Poor Infrastructure,0.0008,,False,43.5737,0.0039,1.0081,Aligned,50,Unnamed Road,109
1805,Unnamed Road,State Highway,SH-01805,1805,12.9715,77.6061,12.9714,77.607,113.1,722.0,722.113,30.4885,Moderate Misalignment,0.5753,0.4224,0.586,0.0056,0.001,65.2224,65.5937,96.9946,0.2754,18.7688,79.5796,42.941,0.2653,60.4175,1.4706,No,0.0,0.0057,-0.045,Good,Low,0.2319,10.0,10.1418,27.3186,Moderate Risk,60.5361,65.4415,31.3887,Moderate Misalignment,64.8917,60.4311,Separated Traffic,Peri-Urban,3.9388,True,Mixed,Poor Infrastructure | Above Human Tolerance Limit,0.1151,Light,False,53.7611,0.009,-0.0078,Moderate Misalignment,64,Unnamed Road,110
1806,Unnamed Road,State Highway,SH-01806,1806,13.0127,77.5534,13.0123,77.5529,100.2,722.4,722.5,27.2497,Moderate Misalignment,0.4971,0.4576,0.5229,0.0348,-0.009,57.3043,59.0621,100.0,11.7603,14.1965,77.1295,92.9473,0.0574,61.2265,2.7591,No,0.0,-0.0049,-0.0503,Poor,Medium,0.2191,10.0,10.0,18.9136,Safe,71.2334,56.9143,17.6641,Aligned,61.3117,39.4974,Separated Traffic,Rural,4.1884,True,Industrial,Poor Infrastructure,0.0159,,False,54.5603,-0.0003,-0.0009,Moderate Misalignment,59,Unnamed Road,111
1807,Unnamed Road,State Highway,SH-01807,1807,13.0176,77.5539,13.0155,77.5545,253.0,722.8,723.053,40.0897,Moderate Misalignment,0.8947,0.0177,0.8818,0.039,-0.0079,28.0317,30.3176,76.1554,23.6418,40.2596,30.6777,76.8159,0.1496,40.0,40.3134,No,0.0,0.0093,1.0328,Poor,Medium,1.4864,10.0,10.0,32.2847,Moderate Risk,62.2938,31.1179,37.2845,Moderate Misalignment,29.7844,56.5727,Significant Pedestrian Interaction,Peri-Urban,6.1153,False,Residential,High Pedestrian Interaction | Poor Infrastructure | Above Human Tolerance Limit,0.1664,Light,False,23.8528,-0.0092,0.0108,Moderate Misalignment,32,Unnamed Road,112
1808,Unnamed Road,State Highway,SH-01808,1808,12.9962,77.5959,12.9947,77.597,224.9,723.2,723.425,37.8131,Moderate Misalignment,0.7869,0.1369,0.8034,0.0653,0.0098,81.73,79.2495,98.7281,0.5353,15.3871,79.7724,85.7816,0.1449,80.0,7.7216,No,0.0,-0.0033,0.0149,Poor,Medium,-0.003,10.0,10.2852,26.1676,Moderate Risk,60.5235,81.7705,31.4203,Moderate Misalignment,88.7547,38.7232,Separated Traffic,Rural,6.9014,True,Commercial,Poor Infrastructure | Above Human Tolerance Limit,-0.0093,,False,78.0765,0.0138,0.004,Moderate Misalignment,81,Unnamed Road,113
1809,Unnamed Road,State Highway,SH-01809,1809,13.0263,77.7203,13.0261,77.7206,44.2,723.6,723.644,55.4179,High Misalignment,0.4882,0.0965,0.4262,0.4875,0.0002,78.4394,75.2612,100.0,10.2696,23.0931,80.0796,94.9726,19.6795,80.0,14.2212,No,0.0,0.0018,0.1064,Poor,Low,0.3961,10.0,21.3345,40.4543,Moderate Risk,46.9342,79.1632,52.4426,High Misalignment,108.2366,52.2585,Separated Traffic,Peri-Urban,5.8625,True,Residential,Speed Limit Misaligned | Poor Infrastructure | Above Human Tolerance Limit,-0.0045,,False,90.6508,-0.0057,1.009,High Misalignment,80,Unnamed Road,114
1810,Unnamed Road,State Highway,SH-01810,1810,12.9966,77.5507,12.9962,77.5506,37.1,724.0,724.037,17.1075,Aligned,0.7272,0.7061,0.2517,0.0087,0.0016,67.8767,69.9918,99.8942,0.8584,15.2484,78.7124,77.155,0.3602,72.5582,9.775,No,0.0,0.004,-0.0091,Poor,Low,0.0992,10.0,10.0,21.4669,Safe,69.2628,68.5984,19.1866,Aligned,71.1002,33.7678,Separated Traffic,Rural,5.927,True,Industrial,Poor Infrastructure,0.1407,Light,False,52.3626,0.0089,-0.0129,Aligned,68,Unnamed Road,115
1811,Unnamed Road,State Highway,SH-01811,1811,12.9876,77.5133,12.9878,77.513,30.7,724.4,724.431,8.3267,Aligned,0.9939,1.0236,-0.0212,0.0065,-0.0011,22.1587,23.8012,48.7094,0.0,16.6452,48.2729,81.9469,0.1143,40.0,5.5934,No,0.0,-0.0025,-0.0529,Poor,High,2.0797,10.0,10.0,21.5175,Safe,68.0072,22.6305,18.8274,Aligned,24.7131,48.0085,Side Impact Potential,Peri-Urban,1.9983,False,Residential,Poor Infrastructure,-0.005,,False,19.1159,0.0067,-0.0121,Aligned,24,Unnamed Road,116