segment_id,road_name,road_type,human_segment_id,internal_id,start_lat,start_lon,end_lat,end_lon,length_m,start_km,end_km,road_risk_score,ai_risk_label,ai_risk_probability,prob_low_risk,prob_medium_risk,prob_high_risk,prob_critical_risk,ai_recommended_speed,recommended_safe_speed,road_function_score,infrastructure_score,exposure_score,human_tolerance_limit,operating_speed_score,crash_risk_score,posted_speed_limit,pedestrian_exposure_score,blackspot_flag,crash_count,fatal_crashes,schools_count,lighting_quality,roadside_hazards,intersection_density,speed_compliance_rate,speed_violation_score,hotspot_score,hotspot_category,speed_safety_score,original_safe_speed,misalignment_score,misalignment_category,speed_p85,ptw_share_pct,exposure_tier,urban_rural_flag,lane_count,median_presence,land_use_type,top_ai_factors,congestion_index,congestion_category,congestion_smoothed,operating_speed_mean,minor_crashes,major_crashes,risk_category,final_safe_speed,corridor_base,corridor_seq
1812,Unnamed Road,State Highway,SH-01812,1812,12.9581,77.6681,12.9586,77.6651,338.1,724.8,725.138,11.9751,Aligned,0.9407,0.957,0.0378,0.0166,-0.0001,47.6804,51.8347,80.7842,27.7259,25.4596,48.4542,83.5516,0.0,58.1014,12.4763,No,0.0,0.0014,0.0324,Good,Medium,1.9573,10.0,10.3828,25.9575,Moderate Risk,66.9167,51.2818,30.9531,Moderate Misalignment,56.963,58.3942,Side Impact Potential,Urban,3.1326,True,Commercial,Poor Infrastructure | Above Human Tolerance Limit,0.0149,,False,50.8757,0.0044,0.0127,Aligned,49,Unnamed Road,117
1813,Unnamed Road,State Highway,SH-01813,1813,13.1019,77.6345,13.1021,77.6347,36.9,725.2,725.237,13.3046,Aligned,0.9485,0.9095,0.0527,0.0162,-0.0016,30.2915,28.6855,80.0242,22.8654,23.725,50.3728,56.1042,0.1758,41.748,10.5773,No,0.0,-0.0032,-0.048,Poor,Low,1.643,10.0,10.0,20.9747,Safe,74.2823,29.8408,17.9705,Aligned,31.2979,57.5841,Side Impact Potential,Urban,5.9059,False,Residential,Active Congestion | Poor Infrastructure,0.698,Severe,False,10.9859,-0.0038,0.0072,Aligned,29,Unnamed Road,118
1814,Unnamed Road,State Highway,SH-01814,1814,12.956,77.7148,12.9558,77.7147,39.6,725.6,725.64,11.1271,Aligned,0.978,0.958,0.0317,0.0007,-0.0064,29.3293,28.9134,51.2612,3.2025,19.955,51.3221,72.5071,0.0466,59.6579,4.6203,No,0.0,0.0004,-0.0092,Poor,Low,3.4121,10.0,10.0362,23.2002,Safe,69.4794,26.4577,18.8176,Aligned,27.6347,58.7847,Side Impact Potential,Urban,4.0955,False,Mixed,Poor Infrastructure,0.1946,Light,False,20.8833,0.0159,-0.0044,Aligned,28,Unnamed Road,119
1815,Unnamed Road,State Highway,SH-01815,1815,12.9735,77.5409,12.9733,77.5411,29.9,726.0,726.03,45.5406,Moderate Misalignment,0.6048,0.1453,0.5885,0.3116,-0.0034,49.9777,52.6909,96.9336,17.2706,24.1194,50.0452,66.4081,0.0,79.9239,7.5466,No,0.0,0.0016,-0.0055,Poor,Medium,0.6286,10.0,10.0209,36.7474,Moderate Risk,48.7088,49.7208,57.3606,High Misalignment,72.3599,67.2064,Side Impact Potential,Urban,6.6775,False,Residential,Speed Limit Misaligned | Poor Infrastructure | Above Human Tolerance Limit,0.0101,,False,59.225,0.0009,-0.0027,Moderate Misalignment,50,Unnamed Road,120
1816,Unnamed Road,State Highway,SH-01816,1816,12.9744,77.5467,12.9751,77.5483,217.1,726.4,726.617,43.0447,Moderate Misalignment,0.791,0.0205,0.7914,0.1581,0.0054,49.2237,49.7428,100.0,36.1475,27.3213,48.7647,69.4871,0.2678,58.8398,12.8002,No,0.0,0.0038,0.0767,Good,Low,0.4863,10.0,10.0,25.6524,Moderate Risk,68.0714,49.8229,30.993,Moderate Misalignment,50.3611,63.1165,Side Impact Potential,Urban,5.9089,False,Commercial,Poor Infrastructure | Above Human Tolerance Limit,0.0084,,False,41.7251,-0.0029,0.0045,Moderate Misalignment,50,Unnamed Road,121
1817,Unnamed Road,State Highway,SH-01817,1817,12.975,77.5485,12.9742,77.5447,493.1,726.8,727.293,11.7951,Aligned,0.9031,0.9064,0.1135,0.0076,-0.0046,49.8645,49.4442,79.2592,31.8383,33.6072,51.2047,86.2478,0.056,50.6261,29.8316,No,0.0,0.0065,0.9453,Poor,High,2.0049,10.0,10.0,25.7584,Moderate Risk,69.6328,50.0353,26.2465,Moderate Misalignment,57.2606,55.5887,Side Impact Potential,Urban,2.8896,True,Residential,Poor Infrastructure,0.214,Light,False,39.7454,0.003,-0.0064,Aligned,50,Unnamed Road,122
1818,Unnamed Road,State Highway,SH-01818,1818,12.9759,77.5487,12.9781,77.5489,255.7,727.2,727.456,8.69,Aligned,0.9765,0.9677,0.0278,0.02,-0.0125,38.7543,39.3286,76.8103,38.6484,44.5396,50.0337,71.1462,0.1996,48.6896,45.9212,No,0.0,0.0003,1.046,Good,High,1.7029,10.0,10.0,27.347,Moderate Risk,72.3956,37.2109,22.8062,Aligned,33.6321,66.3643,Side Impact Potential,Urban,5.1644,False,Residential,Meets Safe System Standards,-0.0138,,False,30.7377,0.0135,0.0103,Aligned,39,Unnamed Road,123
1819,Unnamed Road,State Highway,SH-01819,1819,12.932,77.6133,12.9322,77.6135,40.3,727.6,727.64,12.0431,Aligned,0.9281,0.9066,0.0598,0.0046,0.0027,40.8183,41.0527,84.2163,31.9335,31.1816,49.5761,85.6461,0.6108,48.6607,22.4114,No,0.0,0.0011,-0.0369,Good,Low,2.0035,10.0,10.5716,22.4378,Safe,75.5925,42.6845,20.3518,Aligned,44.0341,65.5482,Side Impact Potential,Urban,4.8801,True,Industrial,Poor Infrastructure,0.0116,,False,41.5967,0.0009,-0.0046,Aligned,40,Unnamed Road,124
1820,Unnamed Road,State Highway,SH-01820,1820,12.9366,77.6015,12.9371,77.6011,74.5,728.0,728.074,16.9827,Aligned,0.7879,0.7806,0.219,-0.0162,0.0039,30.7228,29.5557,51.1576,0.2508,17.6811,48.995,96.2107,0.6209,40.0,7.1701,No,0.0,-0.0005,0.0319,Poor,Medium,1.4311,10.0,10.3146,22.0448,Safe,68.7356,31.2619,18.8792,Aligned,29.2725,46.8098,Side Impact Potential,Rural,3.3684,False,Mixed,Poor Infrastructure,-0.0036,,False,26.5312,0.0026,0.0108,Aligned,30,Unnamed Road,125
1821,Unnamed Road,State Highway,SH-01821,1821,12.937,77.6016,12.9371,77.6011,50.6,728.4,728.451,40.1121,Moderate Misalignment,0.9488,0.0674,0.9493,0.0021,-0.0102,41.6335,39.3347,89.1125,22.8232,41.4498,48.8891,95.499,0.1192,40.0,44.0831,No,0.0,-0.001,0.9796,Good,Low,1.7127,10.0,10.0,28.4237,Moderate Risk,69.1866,41.5584,26.3894,Moderate Misalignment,41.6118,55.4203,Side Impact Potential,Urban,6.1375,True,Commercial,Poor Infrastructure,0.0078,,False,34.4128,0.0014,-0.0092,Moderate Misalignment,42,Unnamed Road,126
1822,Unnamed Road,State Highway,SH-01822,1822,12.9371,77.6011,12.9379,77.599,261.8,728.8,729.062,11.3767,Aligned,0.9944,0.9759,0.0558,-0.0076,-0.0043,36.8336,34.2075,58.4626,56.743,43.7538,50.1042,88.8512,0.0273,40.0,45.8918,No,0.0,-0.0004,0.9639,Good,Low,3.2452,10.0,10.5518,23.8661,Safe,78.3835,34.9538,20.8598,Aligned,36.0936,62.2409,Side Impact Potential,Urban,1.7339,True,Commercial,Meets Safe System Standards,0.0146,,False,31.6657,-0.0069,-0.0,Aligned,36,Unnamed Road,127
1823,Unnamed Road,State Highway,SH-01823,1823,12.9375,77.6019,12.9372,77.6023,57.1,729.2,729.257,10.4469,Aligned,0.955,0.9595,0.055,-0.0078,0.0006,29.5614,29.0652,83.8124,36.3122,40.2702,52.9737,79.5211,0.0,60.6818,38.2122,No,0.0,-0.0004,1.0012,Good,High,1.7616,10.0,10.4447,25.4314,Moderate Risk,73.7097,29.9926,22.9214,Aligned,29.2857,64.9465,Side Impact Potential,Urban,4.0196,True,Commercial,Meets Safe System Standards,-0.0244,,False,23.1676,0.0006,-0.0104,Aligned,29,Unnamed Road,128
1824,Unnamed Road,State Highway,SH-01824,1824,12.9368,77.6036,12.937,77.6022,154.9,729.6,729.755,17.1451,Aligned,0.7468,0.727,0.2309,0.0085,0.0025,35.2571,35.0281,48.1749,0.0,20.0415,49.7935,96.5204,0.5934,40.0,8.8611,No,0.0,0.0004,-0.0443,Good,Low,2.4169,10.0,14.8962,25.9157,Moderate Risk,65.7754,33.2052,24.6444,Aligned,34.9156,53.1385,Side Impact Potential,Peri-Urban,2.0483,False,Residential,Poor Infrastructure,-0.0022,,False,32.0511,-0.0041,-0.0092,Aligned,33,Unnamed Road,129
1825,Unnamed Road,State Highway,SH-01825,1825,12.937,77.6022,12.9367,77.6018,60.4,730.0,730.06,29.1738,Moderate Misalignment,0.6188,0.358,0.6461,0.0199,0.0051,75.9195,77.2279,100.0,0.0,14.7642,79.3747,51.6168,0.247,59.9362,7.5121,No,0.0,0.0021,-0.0364,Poor,Low,0.2104,10.0,10.3897,26.8599,Moderate Risk,61.3511,74.7309,31.3781,Moderate Misalignment,75.4075,37.0508,Separated Traffic,Rural,3.9506,True,Industrial,Poor Infrastructure | Above Human Tolerance Limit,0.1313,Light,False,58.8993,0.0055,0.0061,Moderate Misalignment,77,Unnamed Road,130
1826,Unnamed Road,State Highway,SH-01826,1826,12.937,77.6022,12.937,77.6018,39.2,730.4,730.439,98.5009,Critical Misalignment,0.9937,0.0461,0.0049,-0.0031,0.9987,31.0716,28.643,98.9993,61.6048,44.5171,27.3628,81.9965,0.0,60.3575,48.5121,No,0.0,-0.0029,1.0335,Good,Low,0.4711,10.0,10.0,54.9222,High Risk,33.2603,27.8242,96.8639,Critical Misalignment,85.7735,57.9705,Significant Pedestrian Interaction,Urban,5.2748,True,Commercial,Speed Limit Misaligned | High Pedestrian Interaction | Above Human Tolerance Limit,-0.0106,,False,78.1287,0.0127,0.0034,Critical Misalignment,31,Unnamed Road,131
1827,Unnamed Road,State Highway,SH-01827,1827,12.938,77.599,12.9373,77.6012,261.4,730.8,731.061,14.8112,Aligned,0.8307,0.8646,0.1488,0.0083,-0.0021,48.18,48.0811,100.0,10.059,21.4162,79.4493,53.3069,0.0,68.4645,14.639,No,0.0,0.0038,0.0086,Poor,High,0.3633,10.0,10.0721,21.3785,Safe,70.73,47.0409,18.5903,Aligned,47.7613,48.6112,Separated Traffic,Peri-Urban,7.8845,True,Mixed,Poor Infrastructure,-0.0173,,False,39.6145,-0.0107,0.0046,Aligned,48,Unnamed Road,132
1828,Unnamed Road,State Highway,SH-01828,1828,12.9373,77.6012,12.9376,77.6017,69.4,731.2,731.269,11.0713,Aligned,0.9013,0.8603,0.1164,0.0065,-0.0003,52.439,52.967,100.0,0.2951,17.6764,80.0702,60.8856,0.1089,69.7375,8.5525,No,0.0,0.0013,0.0484,Poor,Medium,0.3944,10.0,10.2537,21.455,Safe,68.8685,53.6534,18.0344,Aligned,52.3449,43.2966,Separated Traffic,Rural,3.9987,True,Mixed,Poor Infrastructure,0.0018,,False,44.3255,0.0004,-0.0062,Aligned,51,Unnamed Road,133
1829,Unnamed Road,State Highway,SH-01829,1829,12.9373,77.6012,12.9373,77.6016,41.6,731.6,731.642,70.0228,High Misalignment,0.8714,-0.012,0.1279,0.859,0.0109,49.7632,47.5807,99.7376,47.5618,27.5953,49.9176,53.139,10.1662,61.1955,20.9445,No,0.0,-0.0001,-0.0894,Poor,Medium,0.273,10.0,10.2914,42.4219,Moderate Risk,46.6843,49.3429,68.6578,High Misalignment,68.3878,60.4793,Side Impact Potential,Peri-Urban,4.7881,False,Residential,Speed Limit Misaligned | Above Human Tolerance Limit,0.0121,,False,57.9649,2.0152,-0.0059,High Misalignment,50,Unnamed Road,134
1830,Unnamed Road,State Highway,SH-01830,1830,12.9372,77.6023,12.9369,77.6036,147.8,732.0,732.148,14.1163,Aligned,0.9104,0.8815,0.0704,0.0075,0.0001,19.6018,17.5929,38.3186,0.0,12.5119,70.4152,96.269,0.0,40.0,1.2027,No,0.0,-0.0059,0.0802,Poor,Medium,0.6739,10.0,10.2037,19.4129,Safe,70.141,19.9094,17.0187,Aligned,21.3688,36.9746,Separated Traffic,Rural,2.111,True,Residential,Poor Infrastructure,0.0156,,False,16.1242,0.0162,-0.0022,Aligned,20,Unnamed Road,135
1831,Unnamed Road,State Highway,SH-01831,1831,12.9373,77.6016,12.9372,77.6019,29.1,732.4,732.429,34.2393,Moderate Misalignment,0.85,0.1724,0.8373,-0.005,-0.013,80.4739,78.5272,100.0,15.6348,12.8057,78.9225,89.1274,0.0,60.3998,5.2249,No,0.0,0.0091,-0.011,Poor,Low,0.1483,10.0,33.0057,25.7979,Moderate Risk,61.1027,80.7668,35.7211,Moderate Misalignment,79.7673,35.6237,Separated Traffic,Rural,8.158,True,Industrial,Poor Infrastructure,0.0146,,False,67.5478,0.002,0.0082,Moderate Misalignment,79,Unnamed Road,136
1832,Unnamed Road,State Highway,SH-01832,1832,12.937,77.6016,12.9373,77.6016,23.1,732.8,732.823,39.7032,Moderate Misalignment,0.9749,0.0277,0.9897,-0.012,-0.0063,45.9772,44.626,86.9686,24.6917,32.1064,70.7014,100.0,0.2631,40.0,24.2791,No,0.0,-0.0091,0.0173,Good,Medium,1.5677,10.0,11.041,26.0543,Moderate Risk,69.0754,43.7771,25.6618,Moderate Misalignment,46.6751,64.6808,Separated Traffic,Urban,5.0221,True,Industrial,Poor Infrastructure,-0.0169,,False,40.5915,0.0001,0.01,Moderate Misalignment,46,Unnamed Road,137
1833,Unnamed Road,State Highway,SH-01833,1833,12.9372,77.6019,12.937,77.6018,23.3,733.2,733.223,46.7858,Moderate Misalignment,0.8312,0.0115,0.8232,0.1718,0.0113,30.432,31.2375,77.1362,50.539,52.3661,30.6887,95.6763,0.4166,41.6026,60.2809,No,0.0,-0.0112,0.9699,Good,High,1.7151,10.0,15.221,35.4899,Moderate Risk,63.3514,32.033,44.3682,Moderate Misalignment,47.5617,68.7896,Significant Pedestrian Interaction,Urban,2.0196,True,Residential,High Pedestrian Interaction | Above Human Tolerance Limit,0.0148,,False,39.2194,-0.0133,-0.006,Moderate Misalignment,29,Unnamed Road,138
1834,Unnamed Road,State Highway,SH-01834,1834,12.9372,77.6019,12.9372,77.6023,43.9,733.6,733.644,17.3395,Aligned,0.7788,0.7456,0.2104,-0.0029,-0.0028,35.6019,35.4883,53.3111,22.4726,23.1808,52.5769,100.0,0.2837,40.0,12.3,No,0.0,-0.0023,0.0329,Poor,Medium,2.1625,10.0,11.4359,23.031,Safe,70.72,33.6946,22.6515,Aligned,32.835,57.1909,Side Impact Potential,Urban,2.8596,False,Industrial,Poor Infrastructure,-0.0128,,False,29.2351,0.0008,-0.0051,Aligned,34,Unnamed Road,139
1835,Unnamed Road,State Highway,SH-01835,1835,12.937,77.6018,12.937,77.6016,29.9,734.0,734.03,39.796,Moderate Misalignment,0.9533,0.0417,0.9474,0.0057,0.0001,35.5493,35.9034,53.745,20.9342,26.1673,49.7206,99.6892,0.1391,40.0,15.9806,No,0.0,-0.0045,-0.0323,Good,Medium,3.2376,10.0,23.481,24.9802,Moderate Risk,68.1439,36.1677,27.6113,Moderate Misalignment,40.1403,62.2121,Side Impact Potential,Urban,4.0426,False,Commercial,Poor Infrastructure,-0.0025,,False,29.2916,0.0104,0.0023,Moderate Misalignment,36,Unnamed Road,140
1836,Unnamed Road,State Highway,SH-01836,1836,12.9835,77.5917,12.9833,77.5916,33.3,734.4,734.433,10.6872,Aligned,0.9581,0.9702,0.0666,0.0148,0.0114,29.2699,29.7536,76.8883,17.9718,29.2378,50.8418,71.0764,0.0,40.7761,20.3243,No,0.0,-0.0074,0.0442,Good,Low,2.0672,10.0,10.0,23.1122,Safe,72.2206,30.0987,21.2015,Aligned,29.6491,61.4248,Side Impact Potential,Urban,3.0876,True,Commercial,Poor Infrastructure,0.2212,Light,False,21.417,0.0125,0.0162,Aligned,31,Unnamed Road,141
1837,Unnamed Road,State Highway,SH-01837,1837,12.9659,77.6623,12.966,77.6625,35.2,734.8,734.835,15.9151,Aligned,0.8547,0.8333,0.1793,0.003,-0.0091,26.9174,30.1182,55.859,9.8953,24.7031,49.9251,89.2818,0.4128,40.0,8.0758,No,0.0,-0.0029,-0.0284,Good,Low,2.8736,10.0,10.0,23.3247,Safe,69.3112,30.2975,18.649,Aligned,24.5823,67.0107,Side Impact Potential,Urban,4.2159,False,Residential,Poor Infrastructure,-0.004,,False,27.1862,0.0048,-0.0114,Aligned,27,Unnamed Road,142
1838,Unnamed Road,State Highway,SH-01838,1838,12.9564,77.745,12.9566,77.7448,36.5,735.2,735.237,24.0056,Aligned,0.5376,0.5771,0.4125,-0.0082,0.0039,80.405,79.9789,97.8034,7.3388,19.7617,78.774,75.9018,0.5762,60.9699,10.7917,No,0.0,0.0111,-0.0259,Good,Medium,0.2876,10.0,10.0,27.3341,Moderate Risk,62.0649,79.7376,31.6904,Moderate Misalignment,84.2811,43.0186,Separated Traffic,Rural,4.7979,True,Residential,Poor Infrastructure | Above Human Tolerance Limit,0.0026,,False,71.8127,0.0103,-0.0017,Aligned,82,Unnamed Road,143
1839,Unnamed Road,State Highway,SH-01839,1839,12.9566,77.5774,12.9562,77.5776,41.4,735.6,735.641,18.4181,Aligned,0.7635,0.7731,0.1612,0.0531,-0.0062,58.0196,59.4392,99.6306,9.4926,18.643,80.1748,83.8268,0.2192,56.9935,4.1995,No,0.0,0.0011,0.0183,Poor,High,0.2624,10.0,10.2081,20.7817,Safe,70.3128,57.2672,18.2857,Aligned,57.6502,53.2532,Separated Traffic,Peri-Urban,8.1796,True,Commercial,Poor Infrastructure,0.0014,,False,50.3597,0.004,-0.0066,Aligned,57,Unnamed Road,144
1840,Unnamed Road,State Highway,SH-01840,1840,12.9484,77.5937,12.9485,77.5931,72.1,736.0,736.072,11.673,Aligned,0.9767,0.9607,0.0224,-0.0279,0.0036,28.4241,24.8826,53.1917,0.5805,13.7168,50.6199,72.6296,0.0948,41.6517,7.5676,No,0.0,-0.0073,-0.0835,Poor,High,1.2207,10.0,10.0,20.7078,Safe,69.9319,28.3858,17.8813,Aligned,29.7136,32.5295,Side Impact Potential,Rural,4.1833,False,Residential,Poor Infrastructure,0.1729,Light,False,21.3033,0.0085,0.0108,Aligned,29,Unnamed Road,145
1841,Unnamed Road,State Highway,SH-01841,1841,12.9747,77.5706,12.975,77.5706,55.9,736.4,736.456,14.6414,Aligned,0.9043,0.9665,0.0753,0.0289,-0.0114,57.5328,56.2554,95.7511,4.8393,16.5128,80.9897,59.1664,0.0,60.8981,7.9124,No,0.0,0.0016,-0.0368,Poor,Low,0.2246,10.0,10.0,20.5577,Safe,69.0991,56.5927,18.1024,Aligned,59.1324,41.9615,Separated Traffic,Rural,6.9373,True,Residential,Poor Infrastructure,0.1954,Light,False,43.3562,0.0131,0.0119,Aligned,57,Unnamed Road,146
1842,Unnamed Road,State Highway,SH-01842,1842,13.1014,77.6349,13.1016,77.6347,39.7,736.8,736.84,13.3226,Aligned,0.9309,0.9242,0.0652,-0.0129,-0.0055,40.9971,39.8114,79.4269,70.2744,47.3641,48.5565,74.3231,0.3066,50.7588,54.4558,No,0.0,0.0011,0.9479,Good,Low,2.1787,10.0,10.0,23.349,Safe,81.5767,37.8782,19.9852,Aligned,35.2167,65.1286,Side Impact Potential,Urban,5.9051,False,Commercial,Meets Safe System Standards,-0.0219,,False,31.4013,0.0004,-0.0123,Aligned,40,Unnamed Road,147
1843,Unnamed Road,State Highway,SH-01843,1843,12.9677,77.5901,12.9683,77.5895,161.9,737.2,737.362,98.8804,Critical Misalignment,0.9798,-0.0514,0.028,0.0117,0.983,28.7812,31.8403,76.0842,53.5373,53.9212,30.4698,91.3422,4.7428,59.4663,64.5966,No,0.0,0.0097,0.9843,Good,Medium,2.2175,10.0,24.6136,50.9046,High Risk,43.729,29.0188,77.7866,Critical Misalignment,72.6748,65.9805,Significant Pedestrian Interaction,Urban,1.9812,True,Mixed,Speed Limit Misaligned | High Pedestrian Interaction | Above Human Tolerance Limit,0.0076,,False,67.3067,0.9946,-0.0075,Critical Misalignment,28,Unnamed Road,148
1844,Unnamed Road,State Highway,SH-01844,1844,12.9568,77.7454,12.9574,77.7457,84.0,737.6,737.684,12.3044,Aligned,0.9651,0.9383,0.0624,0.0288,0.014,31.5032,27.5314,80.5503,24.0614,23.4628,50.7752,55.2072,0.1497,40.3821,10.7751,No,0.0,-0.0048,-0.0538,Poor,Low,1.6126,10.0,10.4671,20.4513,Safe,74.0953,29.0251,17.1432,Aligned,33.2287,56.638,Side Impact Potential,Urban,6.0891,False,Residential,Active Congestion | Poor Infrastructure,0.6826,Severe,False,10.0,-0.0076,0.0001,Aligned,30,Unnamed Road,149
1845,Unnamed Road,State Highway,SH-01845,1845,12.9807,77.598,12.9805,77.5976,56.9,738.0,738.057,24.6728,Aligned,0.5112,0.4938,0.4652,0.0164,0.0073,42.1743,42.0951,79.2261,11.8824,26.8461,49.4776,96.3698,0.0,40.0,14.0494,No,0.0,-0.0042,0.0145,Good,High,1.5395,10.0,10.0,24.0409,Moderate Risk,68.7211,41.8581,24.7689,Aligned,41.7591,67.6391,Side Impact Potential,Urban,5.9318,False,Residential,Poor Infrastructure,-0.0115,,False,34.9218,-0.0171,-0.0167,Aligned,43,Unnamed Road,150
1846,Unnamed Road,State Highway,SH-01846,1846,12.926,77.6173,12.9235,77.6189,329.9,738.4,738.73,11.1304,Aligned,0.9699,0.9638,0.0409,-0.0055,0.0035,29.8456,32.1992,50.4471,31.2293,27.3466,49.8366,76.6241,0.1595,59.4961,20.1322,No,0.0,-0.0093,-0.0673,Poor,High,2.8403,10.0,10.0,20.8646,Safe,74.1474,31.2118,16.6479,Aligned,31.5814,57.864,Side Impact Potential,Urban,2.7196,False,Mixed,Poor Infrastructure,0.1697,Light,False,23.8337,0.0129,-0.0028,Aligned,29,Unnamed Road,151
1847,Unnamed Road,State Highway,SH-01847,1847,12.9781,77.5842,12.9789,77.5849,114.9,738.8,738.915,34.2598,Moderate Misalignment,0.7677,0.2483,0.7462,-0.0003,-0.0066,37.0484,36.771,30.5824,0.0256,20.1506,50.8202,96.6677,0.0,40.0,11.7325,No,0.0,0.0017,-0.0007,Poor,High,1.2712,10.0,27.74,25.74,Moderate Risk,62.6886,38.3083,26.3162,Moderate Misalignment,38.9489,45.9186,Side Impact Potential,Rural,1.7152,False,Residential,Poor Infrastructure,0.2119,Light,False,27.1154,-0.0032,-0.0099,Moderate Misalignment,38,Unnamed Road,152
1848,Unnamed Road,State Highway,SH-01848,1848,12.9804,77.5725,12.9829,77.5728,281.5,739.2,739.482,11.5646,Aligned,0.9564,0.9732,0.0917,0.0076,0.002,19.2734,20.9651,51.1172,21.6513,22.3438,51.9578,76.6569,0.3184,40.0,18.7255,No,0.0,-0.006,-0.0545,Good,Low,0.7439,10.0,10.0074,20.3501,Safe,73.8074,22.6339,16.9282,Aligned,19.1136,37.6276,Side Impact Potential,Rural,3.2222,False,Industrial,Poor Infrastructure,0.2087,Light,False,12.5211,-0.0081,-0.0172,Aligned,20,Unnamed Road,153
1849,Unnamed Road,State Highway,SH-01849,1849,12.9808,77.5745,12.981,77.5747,28.8,739.6,739.629,16.6825,Aligned,0.7998,0.7708,0.1539,-0.0118,-0.0067,50.2103,51.1184,100.0,32.3499,27.0535,80.0604,56.3606,0.0,59.8543,18.2997,No,0.0,0.0083,0.0055,Good,Low,0.4854,10.0,10.0551,20.4554,Safe,75.9471,51.3481,19.1768,Aligned,48.8371,60.3115,Separated Traffic,Urban,6.9549,True,Industrial,Poor Infrastructure,0.0092,,False,39.6539,0.0123,-0.0146,Aligned,51,Unnamed Road,154
1850,Unnamed Road,State Highway,SH-01850,1850,12.9821,77.5699,12.9823,77.5691,465.4,740.0,740.465,11.7467,Aligned,0.9638,0.9741,0.0115,0.0043,0.0042,28.608,28.7501,54.98,1.4677,17.7409,50.685,89.4076,0.0,40.0,2.7472,No,0.0,0.0023,0.0164,Poor,Low,2.0761,10.0,10.0,23.0048,Safe,69.1996,27.7054,18.3119,Aligned,27.2924,55.6912,Side Impact Potential,Peri-Urban,4.0165,False,Mixed,Poor Infrastructure,-0.0028,,False,22.6977,0.0026,0.0002,Aligned,30,Unnamed Road,155
1851,Unnamed Road,State Highway,SH-01851,1851,12.9843,77.7511,12.9841,77.7514,403.7,740.4,740.804,13.4195,Aligned,0.8363,0.8333,0.1231,-0.0089,0.0113,50.4988,50.5733,100.0,1.3603,16.5423,77.9821,57.3077,0.1408,60.4195,8.5804,No,0.0,-0.009,0.0413,Poor,Medium,0.1702,10.0,10.6993,21.7387,Safe,68.6052,49.6263,18.3446,Aligned,47.8257,44.4157,Separated Traffic,Rural,5.8934,True,Industrial,Poor Infrastructure,0.024,,False,43.0623,0.0171,-0.0106,Aligned,50,Unnamed Road,156
1852,Unnamed Road,State Highway,SH-01852,1852,12.983,77.7522,12.9838,77.7521,104.5,740.8,740.905,11.7502,Aligned,0.9752,0.9691,0.0589,0.0034,-0.0122,34.457,33.3998,27.9008,10.2422,16.8735,51.2635,100.0,0.0496,40.0,7.0533,No,0.0,-0.0049,-0.0391,Poor,Medium,1.0667,10.0,13.8953,21.5061,Safe,70.1158,32.998,19.4862,Aligned,36.6956,38.3399,Side Impact Potential,Rural,0.7941,False,Industrial,Poor Infrastructure,0.0107,,False,30.6532,-0.0046,-0.0061,Aligned,35,Unnamed Road,157
1853,Unnamed Road,State Highway,SH-01853,1853,12.9877,77.5184,12.9882,77.5195,132.4,741.2,741.332,11.9222,Aligned,0.9822,1.0045,0.0155,0.0004,-0.0006,19.2426,21.1347,32.8465,0.0,15.0184,50.2117,79.4299,0.1905,40.0,6.3869,No,0.0,-0.0047,0.0101,Poor,Low,1.2537,10.0,10.0,20.9484,Safe,68.6124,19.039,16.3115,Aligned,16.0926,37.2261,Side Impact Potential,Rural,1.8975,False,Residential,Active Congestion | Poor Infrastructure,0.6264,Severe,False,10.0,-0.0057,0.0142,Aligned,17,Unnamed Road,158
1854,Unnamed Road,State Highway,SH-01854,1854,12.9876,77.5189,12.9878,77.5194,68.0,741.6,741.668,34.3922,Moderate Misalignment,0.7848,0.2282,0.8104,-0.0158,0.0005,48.2161,52.8272,68.2683,8.4034,21.7896,50.8437,98.1074,0.4835,49.6428,11.883,No,0.0,0.0089,0.0329,Poor,High,1.8266,10.0,27.6405,27.7092,Moderate Risk,61.0228,48.1949,34.5783,Moderate Misalignment,62.694,52.5834,Side Impact Potential,Peri-Urban,2.0037,False,Residential,Poor Infrastructure,0.1675,Light,False,47.6599,-0.0069,0.012,Moderate Misalignment,50,Unnamed Road,159
1855,Unnamed Road,State Highway,SH-01855,1855,12.9729,77.5813,12.9732,77.5811,34.7,742.0,742.035,33.8379,Moderate Misalignment,0.7577,0.2228,0.7597,0.0187,0.0075,80.0773,74.5265,99.7077,0.1725,14.3313,81.108,81.9854,19.5814,79.0626,0.0,No,0.0,0.0028,0.0048,Poor,Medium,0.3506,10.0,12.8005,35.6867,Moderate Risk,49.3511,82.7414,45.2345,Moderate Misalignment,102.8166,41.8866,Separated Traffic,Rural,6.7149,True,Industrial,Poor Infrastructure | Above Human Tolerance Limit,0.1674,Light,False,79.4647,-0.0031,1.0011,Moderate Misalignment,79,Unnamed Road,160
1856,Unnamed Road,State Highway,SH-01856,1856,13.102,77.6348,13.1018,77.635,40.6,742.4,742.441,10.3631,Aligned,1.0142,1.0543,0.0068,0.0337,0.0074,29.0893,28.781,30.387,49.3817,25.507,51.0028,90.7938,0.227,40.0,18.2997,No,0.0,0.0068,0.015,Poor,Low,3.6666,10.0,10.0592,18.0349,Safe,78.9933,28.3073,16.7824,Aligned,29.1493,51.9093,Side Impact Potential,Peri-Urban,1.0061,False,Industrial,Meets Safe System Standards,0.1609,Light,False,22.037,0.0215,0.0098,Aligned,29,Unnamed Road,161