segment_id,road_name,road_type,human_segment_id,internal_id,start_lat,start_lon,end_lat,end_lon,length_m,start_km,end_km,road_risk_score,ai_risk_label,ai_risk_probability,prob_low_risk,prob_medium_risk,prob_high_risk,prob_critical_risk,ai_recommended_speed,recommended_safe_speed,road_function_score,infrastructure_score,exposure_score,human_tolerance_limit,operating_speed_score,crash_risk_score,posted_speed_limit,pedestrian_exposure_score,blackspot_flag,crash_count,fatal_crashes,schools_count,lighting_quality,roadside_hazards,intersection_density,speed_compliance_rate,speed_violation_score,hotspot_score,hotspot_category,speed_safety_score,original_safe_speed,misalignment_score,misalignment_category,speed_p85,ptw_share_pct,exposure_tier,urban_rural_flag,lane_count,median_presence,land_use_type,top_ai_factors,congestion_index,congestion_category,congestion_smoothed,operating_speed_mean,minor_crashes,major_crashes,risk_category,final_safe_speed,corridor_base,corridor_seq
1857,Unnamed Road,State Highway,SH-01857,1857,13.0954,77.5946,13.095,77.5944,41.9,742.8,742.842,20.5375,Aligned,0.6886,0.6954,0.3357,0.0011,-0.006,50.0392,48.7209,98.8376,25.2139,19.9242,79.7696,77.819,0.0,59.4369,16.8105,No,0.0,-0.0091,-0.0814,Good,Medium,0.3546,10.0,10.5303,18.8634,Safe,75.149,48.2952,15.3528,Aligned,45.998,36.7526,Separated Traffic,Rural,5.8434,True,Residential,Poor Infrastructure,-0.0211,,False,42.9844,0.014,0.0052,Aligned,48,Unnamed Road,162
1858,Unnamed Road,State Highway,SH-01858,1858,12.9877,77.5197,12.9881,77.5199,223.7,743.2,743.424,14.5902,Aligned,0.9277,0.9204,0.0823,0.0133,0.0085,62.4275,60.0841,98.4011,11.6905,13.9686,79.0562,15.3543,0.1792,78.8447,10.5042,No,0.0,0.0028,0.0482,Poor,Medium,0.1282,10.0,10.0,19.1644,Safe,72.7378,60.9859,16.2831,Aligned,60.2801,34.3807,Separated Traffic,Rural,5.1534,True,Residential,Active Congestion | Poor Infrastructure,0.6142,Severe,False,25.1605,-0.0028,-0.0172,Aligned,63,Unnamed Road,163
1859,Unnamed Road,State Highway,SH-01859,1859,13.0126,77.6479,13.0125,77.648,27.6,743.6,743.628,28.0664,Moderate Misalignment,0.527,0.4353,0.51,-0.0059,-0.0169,48.3818,48.4026,51.9891,16.9824,25.6621,50.3758,93.1146,0.0,40.0,15.3037,No,0.0,-0.0029,0.0187,Good,Low,3.3829,10.0,14.2764,25.292,Moderate Risk,67.3883,45.4379,26.6124,Moderate Misalignment,46.9658,61.9059,Side Impact Potential,Urban,2.9818,False,Mixed,Poor Infrastructure,0.1761,Light,False,36.0686,-0.0032,0.012,Moderate Misalignment,47,Unnamed Road,164
1860,Unnamed Road,State Highway,SH-01860,1860,12.9486,77.593,12.9491,77.5933,59.2,744.0,744.059,13.1708,Aligned,0.8353,0.8492,0.1646,0.0308,0.0004,54.2468,53.075,99.4206,20.105,23.111,79.6446,74.0041,0.3442,62.8169,13.2196,No,0.0,0.0032,-0.0654,Poor,High,0.2653,10.0,10.0,20.3676,Safe,73.2366,54.8676,18.8611,Aligned,54.634,50.1841,Separated Traffic,Peri-Urban,4.096,True,Residential,Poor Infrastructure,0.1172,Light,False,42.0176,0.0124,-0.0012,Aligned,56,Unnamed Road,165
1861,Unnamed Road,State Highway,SH-01861,1861,12.9482,77.574,12.9479,77.5738,38.8,744.4,744.439,10.6227,Aligned,0.9971,1.0024,-0.0275,-0.0034,0.0116,20.0214,21.602,29.3071,9.3601,17.4886,50.6058,75.3834,0.0,40.4772,3.6891,No,0.0,0.0014,0.0533,Poor,High,3.0541,10.0,10.0,20.0073,Safe,70.4191,17.8833,16.1811,Aligned,21.053,50.1852,Side Impact Potential,Peri-Urban,1.1055,False,Residential,Poor Infrastructure,0.2069,Light,False,15.5515,-0.0094,0.0028,Aligned,20,Unnamed Road,166
1862,Unnamed Road,State Highway,SH-01862,1862,12.9873,77.512,12.9882,77.5114,160.3,744.8,744.96,69.2528,High Misalignment,0.7816,-0.0148,0.2327,0.7453,-0.0071,30.023,29.2194,76.7052,44.3973,51.6034,29.3509,89.7102,0.0515,59.6601,61.2198,No,0.0,0.0113,2.0215,Good,Low,1.6308,10.0,17.0442,47.0612,Moderate Risk,44.803,28.9153,74.3806,High Misalignment,69.3992,64.4372,Significant Pedestrian Interaction,Urban,1.9415,True,Residential,Speed Limit Misaligned | High Pedestrian Interaction | Above Human Tolerance Limit,0.1501,Light,False,52.7049,0.0032,0.0048,High Misalignment,28,Unnamed Road,167
1863,Unnamed Road,State Highway,SH-01863,1863,13.0021,77.6126,13.0015,77.6121,99.2,745.2,745.299,12.4407,Aligned,0.9574,0.9521,0.0583,-0.0044,-0.0064,25.7165,29.6002,60.8382,0.0,23.006,48.9962,72.62,0.0437,40.0,6.0352,No,0.0,-0.0031,0.0286,Poor,Low,2.3395,10.0,10.0409,23.9325,Safe,68.1372,28.0055,19.8318,Aligned,29.8535,61.508,Side Impact Potential,Peri-Urban,3.6601,True,Residential,Poor Infrastructure,0.1957,Light,False,21.2224,-0.0032,0.0001,Aligned,27,Unnamed Road,168
1864,Unnamed Road,State Highway,SH-01864,1864,12.9632,77.585,12.9637,77.5847,77.5,745.6,745.678,13.618,Aligned,0.9236,0.9451,0.0135,-0.0181,0.0048,32.2307,31.7592,79.3094,47.0826,40.173,50.3554,67.533,0.4213,50.1339,39.3592,No,0.0,-0.0077,2.0499,Good,Low,1.8845,10.0,10.1194,24.0184,Safe,76.7808,33.8481,21.9681,Aligned,35.7624,62.3085,Side Impact Potential,Urban,6.0872,False,Mixed,Meets Safe System Standards,0.0118,,False,29.4818,0.0116,0.001,Aligned,34,Unnamed Road,169
1865,Unnamed Road,State Highway,SH-01865,1865,12.9844,77.5972,12.9846,77.5971,32.6,746.0,746.033,13.7032,Aligned,0.8341,0.8382,0.1862,-0.0077,-0.0042,43.0387,43.357,98.7142,14.1947,14.6823,81.2049,61.7429,0.3061,59.3827,7.2746,No,0.0,0.0041,-0.0083,Poor,High,0.225,10.0,10.2738,19.6229,Safe,73.0969,42.6525,14.1978,Aligned,40.3556,35.791,Separated Traffic,Rural,4.134,True,Residential,Poor Infrastructure,0.1508,Light,False,34.9602,0.0133,-0.0055,Aligned,45,Unnamed Road,170
1866,Unnamed Road,State Highway,SH-01866,1866,12.998,77.5844,12.9978,77.5845,22.3,746.4,746.422,16.7251,Aligned,0.8551,0.8399,0.0805,0.0093,0.0014,47.0121,41.5949,100.0,37.2573,29.3014,82.5403,64.9818,40.1705,56.7263,14.2797,Yes,0.0,0.995,-0.0575,Poor,Low,0.4805,10.0,10.3267,30.1508,Moderate Risk,67.5289,47.4846,19.1039,Aligned,48.14,67.9426,Separated Traffic,Urban,4.9503,True,Industrial,Meets Safe System Standards,0.1338,Light,False,36.235,-0.0109,-0.0166,Aligned,49,Unnamed Road,171
1867,Unnamed Road,State Highway,SH-01867,1867,12.998,77.5844,12.9978,77.5847,44.0,746.8,746.844,11.1445,Aligned,0.9335,0.9785,0.033,-0.0015,0.0082,32.1879,32.1362,80.459,30.727,25.7869,71.7147,80.9469,0.0856,40.0,14.3422,No,0.0,-0.0051,-0.0253,Good,Low,1.3856,10.0,10.0,21.0925,Safe,73.8344,35.68,17.3779,Aligned,33.4573,63.5271,Separated Traffic,Urban,3.0117,True,Mixed,Poor Infrastructure,0.1383,Light,False,25.6269,0.0004,-0.0012,Aligned,33,Unnamed Road,172
1868,Unnamed Road,State Highway,SH-01868,1868,12.9987,77.5843,12.998,77.5844,88.1,747.2,747.288,39.361,Moderate Misalignment,0.9238,0.0319,0.9451,0.0173,0.0119,31.503,30.6965,58.3669,63.1749,56.8351,29.5093,82.7704,0.0,40.2207,80.7439,No,0.0,-0.0032,0.9759,Good,Medium,2.1107,10.0,10.4766,31.7328,Moderate Risk,70.3893,33.1583,36.52,Moderate Misalignment,32.8965,59.462,Significant Pedestrian Interaction,Urban,2.8357,True,Commercial,High Pedestrian Interaction | Above Human Tolerance Limit,-0.0064,,False,27.1328,0.0066,-0.0075,Moderate Misalignment,31,Unnamed Road,173
1869,Unnamed Road,State Highway,SH-01869,1869,12.966,77.6068,12.9662,77.6067,38.9,747.6,747.639,10.9407,Aligned,0.9812,0.9936,0.0465,0.0015,0.009,31.8686,33.1078,78.0522,9.3898,26.3883,48.4883,81.5626,0.2887,59.953,16.3702,No,0.0,0.0004,0.0149,Good,Low,1.7977,10.0,10.0,24.4654,Safe,69.3344,33.1019,20.5561,Aligned,31.7164,63.0839,Side Impact Potential,Urban,2.7071,True,Residential,Poor Infrastructure,0.0111,,False,27.2212,-0.0109,0.0053,Aligned,34,Unnamed Road,174
1870,Unnamed Road,State Highway,SH-01870,1870,12.9751,77.5765,12.9757,77.576,84.3,748.0,748.084,11.4829,Aligned,0.9615,0.9633,0.0263,0.001,-0.0004,36.9918,35.8576,73.4555,17.1899,28.0276,48.5859,66.0231,0.0963,52.499,21.2611,No,0.0,-0.0089,0.0204,Good,Medium,2.0457,10.0,10.1616,23.9313,Safe,70.528,36.5422,21.1907,Aligned,33.4762,62.4647,Side Impact Potential,Urban,4.0017,False,Commercial,Poor Infrastructure,0.1556,Light,False,28.9057,0.0098,0.001,Aligned,35,Unnamed Road,175
1871,Unnamed Road,State Highway,SH-01871,1871,12.9564,77.5771,12.9565,77.5774,35.6,748.4,748.436,10.5023,Aligned,0.9714,0.9982,0.0363,0.0145,0.0062,21.1368,21.0529,30.0265,17.6509,23.2311,49.9813,80.2582,0.0857,40.0,16.594,No,0.0,0.0014,-0.0161,Good,Medium,2.1214,10.0,10.0,21.5288,Safe,71.1759,21.7497,20.6477,Aligned,20.3003,48.9297,Side Impact Potential,Peri-Urban,2.1797,False,Residential,Poor Infrastructure,0.1928,Light,False,15.1746,0.0169,0.0053,Aligned,19,Unnamed Road,176
1872,Unnamed Road,State Highway,SH-01872,1872,12.9777,77.5846,12.9771,77.584,100.3,748.8,748.9,14.9858,Aligned,0.8743,0.8389,0.0906,0.0013,0.0089,70.463,70.3278,100.0,1.9107,15.4373,79.366,70.0265,0.3286,60.1295,7.783,No,0.0,-0.0055,-0.0811,Good,High,0.1275,10.0,10.0636,20.7588,Safe,69.0822,68.7514,17.6459,Aligned,72.2485,33.0761,Separated Traffic,Rural,5.046,True,Residential,Poor Infrastructure,-0.0083,,False,58.1846,0.0067,0.0019,Aligned,71,Unnamed Road,177
1873,Unnamed Road,State Highway,SH-01873,1873,12.9883,77.5114,12.988,77.5124,152.8,749.2,749.353,24.6506,Aligned,0.649,0.667,0.3322,0.0125,0.0061,66.315,65.2423,99.0864,20.5617,24.5183,81.2302,55.7708,0.5034,80.0,11.58,No,0.0,-0.0009,0.0416,Poor,High,0.4986,10.0,10.0893,26.6156,Moderate Risk,65.5429,67.3245,32.35,Moderate Misalignment,71.5253,57.265,Separated Traffic,Urban,7.0179,True,Commercial,Poor Infrastructure | Above Human Tolerance Limit,-0.0117,,False,60.6128,-0.0098,-0.0068,Aligned,67,Unnamed Road,178
1874,Unnamed Road,State Highway,SH-01874,1874,12.9788,77.5849,12.9778,77.5846,121.7,749.6,749.722,12.2101,Aligned,0.8831,0.872,0.049,0.022,0.0007,56.8602,57.4302,100.0,17.3856,28.9353,79.7598,59.5744,0.0,59.8322,17.905,No,0.0,0.0005,0.0084,Good,Low,0.4623,10.0,10.5869,23.4364,Safe,71.8915,56.9786,21.3442,Aligned,57.8949,65.6073,Separated Traffic,Urban,3.8138,True,Commercial,Poor Infrastructure,0.1575,Light,False,44.9492,-0.0039,-0.0021,Aligned,55,Unnamed Road,179
1875,Unnamed Road,State Highway,SH-01875,1875,12.9816,77.5944,12.982,77.5944,42.0,750.0,750.042,35.0125,Moderate Misalignment,0.8261,0.158,0.8119,-0.0107,-0.0059,78.8249,78.4843,99.7346,15.7853,12.6438,79.7811,86.8084,0.0,59.9794,4.7997,No,0.0,0.0031,0.0491,Poor,Low,0.1802,10.0,35.0407,26.7812,Moderate Risk,60.5256,78.0388,36.9426,Moderate Misalignment,80.643,33.4805,Separated Traffic,Rural,8.0615,True,Industrial,Poor Infrastructure,-0.0126,,False,66.4763,0.0011,0.0117,Moderate Misalignment,80,Unnamed Road,180
1876,Unnamed Road,State Highway,SH-01876,1876,12.982,77.597,12.9815,77.5959,143.3,750.4,750.543,12.3676,Aligned,0.998,1.0072,-0.016,-0.0178,-0.0013,23.8596,24.8266,55.5444,0.7922,14.2571,49.197,81.7986,0.1651,60.0465,4.0555,No,0.0,0.0058,-0.0011,Poor,Medium,1.1561,10.0,10.6374,21.1222,Safe,68.681,25.0838,19.9263,Aligned,24.057,44.2025,Side Impact Potential,Rural,3.925,False,Industrial,Poor Infrastructure,0.1975,Light,False,18.222,0.0042,0.0062,Aligned,26,Unnamed Road,181
1877,Unnamed Road,State Highway,SH-01877,1877,12.9975,77.5845,12.997,77.5846,54.9,750.8,750.855,43.8389,Moderate Misalignment,0.8103,0.027,0.8265,0.1334,-0.0014,48.0985,45.5579,99.8428,17.2329,18.3917,48.1501,66.3369,0.0,59.6689,8.1746,No,0.0,-0.002,-0.0192,Good,Medium,0.1012,10.0,10.1759,24.3405,Safe,66.9447,46.5546,29.3106,Moderate Misalignment,43.4893,42.7648,Side Impact Potential,Rural,7.8689,False,Industrial,Poor Infrastructure | Above Human Tolerance Limit,0.0011,,False,37.5746,0.0164,-0.0045,Moderate Misalignment,48,Unnamed Road,182
1878,Unnamed Road,State Highway,SH-01878,1878,12.9977,77.5847,12.9975,77.5845,44.9,751.2,751.245,36.2788,Moderate Misalignment,0.9085,0.0983,0.8858,0.015,-0.0009,27.449,28.1307,54.1357,46.1135,50.197,30.5164,76.2427,0.0,41.3774,65.7689,No,0.0,-0.0004,2.0428,Good,Medium,2.2571,10.0,10.2519,32.9594,Moderate Risk,67.5749,29.1045,37.5594,Moderate Misalignment,30.4619,57.0006,Significant Pedestrian Interaction,Peri-Urban,4.0628,False,Mixed,High Pedestrian Interaction | Above Human Tolerance Limit,-0.03,,False,23.4726,0.0083,0.0002,Moderate Misalignment,28,Unnamed Road,183
1879,Unnamed Road,State Highway,SH-01879,1879,12.9977,77.5845,12.9975,77.5845,28.1,751.6,751.628,41.8474,Moderate Misalignment,0.8694,0.0718,0.8528,0.0662,-0.0016,79.7391,79.8913,98.7375,6.4944,20.9554,80.7605,99.9957,0.2613,80.0,8.566,No,0.0,-0.002,0.0224,Good,Low,0.4864,10.0,24.8175,29.907,Moderate Risk,57.6186,80.3385,40.0216,Moderate Misalignment,100.3434,50.3855,Separated Traffic,Peri-Urban,4.9582,True,Residential,Poor Infrastructure,0.1342,Light,False,79.83,0.0136,-0.0068,Moderate Misalignment,78,Unnamed Road,184
1880,Unnamed Road,State Highway,SH-01880,1880,12.9771,77.5839,12.978,77.5842,101.5,752.0,752.101,35.267,Moderate Misalignment,0.8252,0.1317,0.788,0.002,-0.0008,50.6463,49.9232,68.3992,34.2618,44.9415,50.1941,94.6273,0.0716,40.0,50.6168,No,0.0,-0.0011,0.957,Good,Medium,1.6838,10.0,33.2457,32.556,Moderate Risk,64.4799,50.4077,36.7089,Moderate Misalignment,53.7076,64.3106,Side Impact Potential,Urban,1.9777,False,Mixed,Poor Infrastructure,0.0161,,False,44.7789,-0.002,-0.0045,Moderate Misalignment,50,Unnamed Road,185
1881,Unnamed Road,State Highway,SH-01881,1881,12.9864,77.5193,12.9867,77.5194,183.5,752.4,752.584,97.9326,Critical Misalignment,0.9572,0.0108,0.0254,-0.0043,0.9792,48.1337,52.9868,98.6508,0.2552,17.0797,49.8839,90.4578,0.1473,59.3119,10.3158,No,0.0,-0.0065,-0.032,Good,Medium,0.1792,10.0,10.0,44.7457,Moderate Risk,35.434,49.749,75.7908,Critical Misalignment,96.28,39.9973,Side Impact Potential,Rural,6.1251,False,Industrial,Speed Limit Misaligned | Poor Infrastructure | Above Human Tolerance Limit,-0.0036,,False,82.0163,-0.0121,0.01,Critical Misalignment,48,Unnamed Road,186
1882,Unnamed Road,State Highway,SH-01882,1882,12.9784,77.7095,12.9782,77.7103,144.1,752.8,752.944,27.3855,Moderate Misalignment,0.5583,0.4349,0.5884,0.0256,-0.0119,53.0262,50.0268,51.1868,19.8737,20.7464,50.7241,94.8864,0.0,41.0023,12.2773,No,0.0,-0.0014,0.0559,Poor,Low,2.1972,10.0,23.5398,24.256,Safe,67.259,49.665,26.8409,Moderate Misalignment,47.5167,53.4271,Side Impact Potential,Peri-Urban,2.8289,False,Commercial,Poor Infrastructure,0.0102,,False,42.7515,-0.0128,0.0045,Moderate Misalignment,51,Unnamed Road,187
1883,Unnamed Road,State Highway,SH-01883,1883,12.9681,77.5874,12.9679,77.5871,31.8,753.2,753.232,12.7196,Aligned,0.9765,0.9648,0.0363,0.0127,-0.0031,33.8263,31.3366,82.5257,55.4406,44.1933,49.6573,76.5682,0.0,42.7963,46.0185,No,0.0,0.0075,2.003,Good,Medium,1.9935,10.0,10.0,24.114,Safe,78.9664,31.7567,20.2347,Aligned,33.5669,59.0752,Side Impact Potential,Urban,3.8902,True,Commercial,Meets Safe System Standards,0.2021,Light,False,23.7739,-0.0015,0.0036,Aligned,33,Unnamed Road,188
1884,Unnamed Road,State Highway,SH-01884,1884,12.9686,77.6138,12.9684,77.6139,26.8,753.6,753.627,8.8343,Aligned,0.9806,0.9354,0.0351,-0.0084,-0.0038,27.0037,27.0549,52.8375,0.3957,17.1836,49.5551,90.0377,0.0,40.1054,6.4696,No,0.0,0.001,-0.0871,Poor,Medium,1.566,10.0,10.2013,21.4051,Safe,68.9387,26.4274,19.2139,Aligned,25.4902,42.7598,Side Impact Potential,Rural,1.9782,False,Residential,Poor Infrastructure,0.0036,,False,20.2538,0.0153,0.012,Aligned,26,Unnamed Road,189
1885,Unnamed Road,State Highway,SH-01885,1885,12.9753,77.5708,12.9746,77.5711,91.4,754.0,754.091,12.6169,Aligned,1.0106,0.9592,0.0089,-0.0089,0.0055,25.003,24.1168,28.4178,31.6661,26.6604,50.1313,82.9222,0.5744,40.0,23.2318,No,0.0,-0.0039,1.0465,Poor,Low,2.7581,10.0,10.2207,20.3127,Safe,74.6637,24.7576,17.9799,Aligned,24.283,51.796,Side Impact Potential,Peri-Urban,2.0829,False,Industrial,Poor Infrastructure,-0.0139,,False,23.0419,-0.0023,0.0044,Aligned,25,Unnamed Road,190
1886,Unnamed Road,State Highway,SH-01886,1886,12.9176,77.5748,12.9161,77.5738,217.2,754.4,754.617,41.6691,Moderate Misalignment,0.9424,0.0324,0.9489,0.031,0.0046,28.7872,31.1962,80.8538,70.7104,50.2023,31.4259,48.3583,0.0149,49.3955,67.312,No,0.0,-0.0021,1.9938,Good,High,1.3734,10.0,10.1651,36.1038,Moderate Risk,61.4626,30.1245,50.703,High Misalignment,55.3805,57.7803,Significant Pedestrian Interaction,Urban,4.0927,True,Mixed,Speed Limit Misaligned | High Pedestrian Interaction | Active Congestion,0.7524,Severe,False,15.6955,-0.0007,0.0043,Moderate Misalignment,29,Unnamed Road,191
1887,Unnamed Road,State Highway,SH-01887,1887,12.9626,77.5952,12.9624,77.5953,25.6,754.8,754.826,11.5429,Aligned,0.9605,0.9575,0.0676,0.0013,0.0051,34.585,33.3833,72.4711,20.4044,38.7905,50.8523,87.0537,0.0988,60.2176,40.579,No,0.0,-0.0056,1.0072,Good,Low,1.9385,10.0,10.42,27.0047,Moderate Risk,70.7606,35.2725,24.2064,Aligned,36.4339,60.5178,Side Impact Potential,Urban,3.0103,False,Residential,Poor Infrastructure,-0.0091,,False,28.9198,-0.0035,-0.0098,Aligned,34,Unnamed Road,192
1888,Unnamed Road,State Highway,SH-01888,1888,12.9814,77.5963,12.9817,77.5971,110.7,755.2,755.311,10.5012,Aligned,0.9801,0.9812,-0.009,0.0088,-0.0007,45.9092,46.4394,73.5633,33.2706,35.4062,50.7631,85.96,0.0,49.9821,35.8605,No,0.0,0.0005,1.9696,Poor,Low,2.068,10.0,10.0,24.5819,Safe,74.3772,44.316,20.6994,Aligned,45.7587,60.2361,Side Impact Potential,Urban,3.0216,False,Residential,Poor Infrastructure,0.0269,,False,38.9238,-0.0055,0.0186,Aligned,44,Unnamed Road,193
1889,Unnamed Road,State Highway,SH-01889,1889,12.9858,77.5494,12.9849,77.5493,93.8,755.6,755.694,8.425,Aligned,0.991,0.9617,0.0711,0.0241,-0.0016,40.5217,40.3726,56.6862,34.6548,27.747,49.0427,86.4491,0.4597,40.0,18.1191,No,0.0,0.0045,-0.0117,Good,High,2.6879,10.0,10.0,21.7411,Safe,74.9093,41.9546,19.5439,Aligned,41.7039,60.0132,Side Impact Potential,Urban,3.9363,False,Mixed,Poor Infrastructure,0.201,Light,False,30.8009,0.0036,-0.0228,Aligned,41,Unnamed Road,194
1890,Unnamed Road,State Highway,SH-01890,1890,12.9668,77.5948,12.9669,77.595,29.9,756.0,756.03,13.7304,Aligned,0.9117,0.914,0.0749,0.0008,-0.0031,67.6729,68.5874,100.0,1.3745,12.9012,79.0089,29.2639,0.0,61.3392,5.0094,No,0.0,0.0025,-0.0383,Poor,High,0.1504,10.0,10.0448,19.0836,Safe,69.8196,70.7556,18.2655,Aligned,71.0095,32.4923,Separated Traffic,Rural,7.8424,True,Residential,Active Congestion | Poor Infrastructure,0.6826,Severe,False,22.969,-0.0153,0.0146,Aligned,71,Unnamed Road,195
1891,Unnamed Road,State Highway,SH-01891,1891,13.0642,77.652,13.0642,77.6516,40.7,756.4,756.441,37.3617,Moderate Misalignment,0.9223,-0.0003,0.9001,0.0344,0.005,79.745,80.5325,100.0,6.3166,21.6032,81.0315,100.0,0.0,60.9876,10.5246,No,0.0,0.007,-0.0281,Good,High,0.2988,10.0,20.1064,29.1833,Moderate Risk,59.2096,78.695,36.974,Moderate Misalignment,96.3285,52.5284,Separated Traffic,Peri-Urban,7.7847,True,Residential,Poor Infrastructure,-0.0095,,False,80.3356,-0.0026,0.0135,Moderate Misalignment,80,Unnamed Road,196
1892,Unnamed Road,Urban Road,URB-01892,1892,13.0576,77.5915,13.0574,77.5932,207.2,756.8,757.007,38.2264,Moderate Misalignment,0.9742,0.0304,0.9591,0.0184,0.0038,44.6014,45.126,80.0295,60.2001,40.6298,51.4864,97.9294,0.0,39.634,46.2325,No,0.0,0.0008,0.9971,Good,Low,1.8958,10.0,12.0298,24.7631,Safe,76.6278,44.1931,26.3149,Moderate Misalignment,46.8035,57.1023,Side Impact Potential,Urban,5.8449,False,Commercial,Meets Safe System Standards,-0.0008,,False,40.2973,-0.0045,-0.01,Moderate Misalignment,45,Unnamed Road,197
1893,Unnamed Road,Urban Road,URB-01893,1893,12.9566,77.6211,12.9553,77.6209,145.2,757.2,757.345,9.5438,Aligned,0.9578,0.9126,0.0413,0.0001,-0.0062,31.1605,34.9273,72.01,26.1416,36.6819,51.4119,65.472,0.0688,49.3393,37.2722,No,0.0,-0.0107,1.0107,Good,Low,1.4981,10.0,10.1928,24.8841,Moderate Risk,71.6619,34.7128,23.2391,Aligned,31.2835,56.0344,Side Impact Potential,Urban,2.0221,False,Residential,Poor Infrastructure,0.0072,,False,25.3272,0.0059,-0.0006,Aligned,34,Unnamed Road,198
1894,Unnamed Road,Urban Road,URB-01894,1894,13.0217,77.535,13.0233,77.5332,408.7,757.6,758.009,11.3259,Aligned,0.9812,0.9465,0.0272,0.0028,-0.0057,35.9376,33.3788,55.4969,41.7359,33.0206,50.4727,87.1365,0.0,38.7592,25.918,No,0.0,0.0099,0.0445,Good,Low,2.7177,10.0,10.0585,21.6776,Safe,76.5717,35.3395,19.1065,Aligned,35.4719,63.9151,Side Impact Potential,Urban,3.336,False,Commercial,Meets Safe System Standards,-0.0289,,False,34.0752,-0.0254,0.0086,Aligned,34,Unnamed Road,199
1895,Unnamed Road,Urban Road,URB-01895,1895,12.9145,77.559,12.9136,77.559,99.4,758.0,758.099,9.876,Aligned,0.9471,0.9981,0.0593,0.0054,-0.0064,16.4868,18.6137,27.9606,0.0,12.9905,50.0479,89.9218,0.5552,20.9109,2.1245,No,0.0,0.0011,0.0498,Poor,Medium,1.7231,10.0,10.0,19.4621,Safe,69.4692,19.1345,16.6895,Aligned,18.1615,35.6398,Side Impact Potential,Rural,0.9004,False,Residential,Poor Infrastructure,0.1549,Light,False,14.251,0.001,0.0226,Aligned,17,Unnamed Road,200
1896,Unnamed Road,Urban Road,URB-01896,1896,12.9156,77.559,12.9145,77.559,126.3,758.4,758.526,16.327,Aligned,0.8596,0.8212,0.1434,0.0411,0.0086,56.7545,55.3912,97.0977,11.796,26.1477,80.1932,72.1566,0.183,60.0,14.426,No,0.0,0.002,-0.0216,Good,Medium,0.2735,10.0,10.0,23.7888,Safe,69.9634,57.7863,20.1844,Aligned,55.2054,61.5735,Separated Traffic,Peri-Urban,5.8245,True,Industrial,Poor Infrastructure,0.1764,Light,False,41.7344,-0.0067,0.008,Aligned,57,Unnamed Road,201
1897,Unnamed Road,Urban Road,URB-01897,1897,12.9136,77.559,12.9137,77.5594,43.7,758.8,758.844,40.7161,Moderate Misalignment,0.8874,0.0276,0.877,0.1001,-0.0028,46.7022,44.5344,98.6827,1.2063,12.9591,48.3119,29.1195,0.1616,60.0,2.787,No,0.0,0.0092,0.0351,Poor,Medium,0.3363,10.0,10.1572,25.34,Moderate Risk,60.5683,44.6998,31.3274,Moderate Misalignment,41.2707,40.3619,Side Impact Potential,Rural,5.0787,False,Residential,Active Congestion | Poor Infrastructure | Above Human Tolerance Limit,0.7234,Severe,False,14.3494,0.0138,-0.0124,Moderate Misalignment,45,Unnamed Road,202
1898,Unnamed Road,Urban Road,URB-01898,1898,12.9136,77.559,12.9128,77.5589,95.8,759.2,759.296,33.0268,Moderate Misalignment,0.8372,0.2023,0.8069,-0.0063,-0.0025,35.7313,36.8617,52.8409,25.0397,39.0449,49.7279,97.0549,0.2569,31.5331,33.3957,No,0.0,0.0029,1.0216,Good,High,2.9696,10.0,23.515,29.3903,Moderate Risk,66.0581,37.7007,30.6721,Moderate Misalignment,36.517,62.7964,Side Impact Potential,Urban,1.8225,False,Residential,Poor Infrastructure,-0.004,,False,32.2382,-0.0015,-0.0039,Moderate Misalignment,37,Unnamed Road,203
1899,Unnamed Road,Urban Road,URB-01899,1899,12.9137,77.5594,12.9138,77.5598,48.0,759.6,759.648,41.9369,Moderate Misalignment,0.9389,-0.0065,0.9443,0.0426,-0.0017,30.0134,27.4309,82.2381,67.1012,49.5729,31.6094,48.9714,0.34,49.7827,67.1495,No,0.0,0.0025,1.9979,Good,High,1.4581,10.0,10.1296,36.9829,Moderate Risk,63.5929,28.9352,50.2894,High Misalignment,51.3847,57.2072,Significant Pedestrian Interaction,Urban,3.9336,True,Mixed,Speed Limit Misaligned | High Pedestrian Interaction | Active Congestion,0.7257,Severe,False,16.9163,-0.0044,0.0095,Moderate Misalignment,29,Unnamed Road,204
1900,Unnamed Road,Urban Road,URB-01900,1900,13.032,77.6218,13.0266,77.6202,643.6,760.0,760.644,65.675,High Misalignment,0.7306,0.03,0.2443,0.7239,0.0194,30.3349,25.6546,75.8455,65.7786,53.7735,31.6205,88.5609,19.4899,50.3986,65.8788,No,0.0,0.0069,1.9352,Poor,Medium,1.3876,10.0,10.2425,41.8376,Moderate Risk,58.1313,31.0663,50.7443,High Misalignment,51.9176,66.0794,Significant Pedestrian Interaction,Urban,3.9559,False,Mixed,Speed Limit Misaligned | High Pedestrian Interaction | Above Human Tolerance Limit,0.1384,Light,False,44.3646,-0.0059,0.9908,High Misalignment,31,Unnamed Road,205