segment_id,road_name,road_type,human_segment_id,internal_id,start_lat,start_lon,end_lat,end_lon,length_m,start_km,end_km,road_risk_score,ai_risk_label,ai_risk_probability,prob_low_risk,prob_medium_risk,prob_high_risk,prob_critical_risk,ai_recommended_speed,recommended_safe_speed,road_function_score,infrastructure_score,exposure_score,human_tolerance_limit,operating_speed_score,crash_risk_score,posted_speed_limit,pedestrian_exposure_score,blackspot_flag,crash_count,fatal_crashes,schools_count,lighting_quality,roadside_hazards,intersection_density,speed_compliance_rate,speed_violation_score,hotspot_score,hotspot_category,speed_safety_score,original_safe_speed,misalignment_score,misalignment_category,speed_p85,ptw_share_pct,exposure_tier,urban_rural_flag,lane_count,median_presence,land_use_type,top_ai_factors,congestion_index,congestion_category,congestion_smoothed,operating_speed_mean,minor_crashes,major_crashes,risk_category,final_safe_speed,corridor_base,corridor_seq
1901,Unnamed Road,Urban Road,URB-01901,1901,12.8831,77.6096,12.883,77.6101,56.5,760.4,760.457,13.8203,Aligned,0.9147,0.9443,0.0916,0.0063,-0.0054,51.3985,52.663,98.388,11.4246,20.2541,79.8499,68.6223,0.0,58.0137,15.3806,No,0.0,0.0014,1.029,Poor,Medium,0.2707,10.0,10.0,21.1417,Safe,72.2228,53.8339,18.8306,Aligned,50.5915,43.8353,Separated Traffic,Rural,6.6624,True,Industrial,Poor Infrastructure,0.1697,Light,False,38.9836,0.0117,0.0024,Aligned,50,Unnamed Road,206
1902,Unnamed Road,Urban Road,URB-01902,1902,12.8548,77.5747,12.8551,77.573,179.6,760.8,760.98,29.919,Moderate Misalignment,0.5667,0.4286,0.5196,0.024,0.002,78.2481,77.6834,100.0,12.7649,15.3808,78.4448,56.958,0.0,58.8638,8.2639,No,0.0,-0.0119,0.0433,Poor,Low,0.0081,10.0,10.0,25.1754,Moderate Risk,64.4063,78.0847,29.2715,Moderate Misalignment,78.479,35.1876,Separated Traffic,Rural,4.0372,True,Industrial,Poor Infrastructure | Above Human Tolerance Limit,0.1583,Light,False,61.2684,-0.0111,-0.0005,Moderate Misalignment,77,Unnamed Road,207
1903,Unnamed Road,Urban Road,URB-01903,1903,12.8548,77.5747,12.8546,77.5755,94.1,761.2,761.294,11.2756,Aligned,0.9678,1.0087,-0.0294,-0.0144,-0.003,26.0556,25.3489,77.4266,28.6492,28.0092,69.8387,71.5347,0.0722,39.3272,16.8563,No,0.0,0.0028,0.016,Poor,Low,1.2523,10.0,10.0493,22.0276,Safe,75.0674,23.9414,17.2649,Aligned,25.383,67.1992,Separated Traffic,Urban,2.0064,True,Mixed,Poor Infrastructure,0.0072,,False,23.1202,-0.0115,-0.0082,Aligned,26,Unnamed Road,208
1904,Unnamed Road,Urban Road,URB-01904,1904,12.8551,77.573,12.8552,77.5728,30.1,761.6,761.63,11.1127,Aligned,0.9357,0.9011,0.0572,0.0019,-0.0018,25.1343,26.0394,27.4056,5.5813,21.3695,51.6808,90.0034,0.0,33.1878,14.1482,No,0.0,0.0072,0.012,Poor,Low,1.1377,10.0,10.1547,22.3919,Safe,69.3938,24.0831,18.9455,Aligned,24.5613,44.9216,Side Impact Potential,Rural,0.8651,False,Residential,Poor Infrastructure,-0.001,,False,25.1802,-0.0085,-0.0009,Aligned,25,Unnamed Road,209
1905,Unnamed Road,Urban Road,URB-01905,1905,12.8574,77.5608,12.8573,77.5611,34.7,762.0,762.035,9.4891,Aligned,0.9873,0.9929,0.0107,-0.0,-0.0084,18.3974,21.9804,27.0636,8.8337,19.0515,48.9855,93.1543,0.0,21.2938,9.8103,No,0.0,-0.0027,-0.0517,Poor,Low,1.5266,10.0,10.5936,21.9056,Safe,70.785,19.2653,19.4578,Aligned,20.2694,47.3123,Side Impact Potential,Rural,0.9591,False,Mixed,Poor Infrastructure,0.1377,Light,False,13.4062,-0.0212,0.0022,Aligned,16,Unnamed Road,210
1906,Unnamed Road,Urban Road,URB-01906,1906,12.8574,77.5608,12.8579,77.5595,159.5,762.4,762.56,10.7578,Aligned,0.9878,0.9972,0.0272,-0.0013,-0.0027,34.2072,31.8525,78.3231,28.7034,37.8099,49.4157,83.1958,0.1579,40.2345,31.6421,No,0.0,-0.0024,0.9425,Poor,Medium,1.6745,10.0,10.0,25.7951,Moderate Risk,72.8561,35.3355,22.5643,Aligned,31.6721,66.5024,Side Impact Potential,Urban,5.1802,False,Commercial,Poor Infrastructure,-0.0175,,False,27.5804,-0.0137,-0.0054,Aligned,32,Unnamed Road,211
1907,Unnamed Road,Urban Road,URB-01907,1907,12.8572,77.5614,12.8573,77.5611,35.3,762.8,762.835,34.0819,Moderate Misalignment,0.8696,0.0858,0.8846,0.01,-0.0007,50.6768,51.2141,74.0953,29.5554,25.5423,51.4148,96.3858,0.0473,50.4273,15.5243,No,0.0,0.0007,0.0175,Good,Low,1.9979,10.0,26.8905,26.4594,Moderate Risk,66.8435,49.8042,30.2364,Moderate Misalignment,62.0916,64.5773,Side Impact Potential,Urban,3.8828,False,Commercial,Poor Infrastructure,0.1726,Light,False,46.3081,0.0212,-0.0036,Moderate Misalignment,49,Unnamed Road,212
1908,Unnamed Road,Urban Road,URB-01908,1908,12.8579,77.5595,12.8586,77.5583,153.9,763.2,763.354,10.1254,Aligned,0.9814,0.9889,0.0166,-0.0201,0.0004,26.4621,30.1882,27.4306,1.9598,15.2808,47.637,87.7277,0.0,30.4747,7.6058,No,0.0,0.0012,-0.0166,Poor,High,1.2888,10.0,10.2039,21.392,Safe,68.4361,29.2234,18.9517,Aligned,29.1,37.6524,Side Impact Potential,Rural,0.9475,False,Residential,Poor Infrastructure,0.2123,Light,False,23.0768,0.0128,0.0015,Aligned,29,Unnamed Road,213
1909,Unnamed Road,Urban Road,URB-01909,1909,12.8589,77.5579,12.8586,77.5583,55.7,763.6,763.656,42.1463,Moderate Misalignment,0.8677,0.0716,0.879,0.0814,0.0027,50.6988,49.6662,99.7233,7.121,13.6966,50.0777,68.088,0.0063,60.0,1.9854,No,0.0,0.0029,0.0628,Poor,High,0.0071,10.0,10.0956,30.0892,Moderate Risk,55.6462,49.9743,43.0325,Moderate Misalignment,56.0163,43.0409,Side Impact Potential,Rural,6.9772,False,Residential,Poor Infrastructure | Above Human Tolerance Limit,0.0079,,False,51.6839,-0.0077,0.0047,Moderate Misalignment,49,Unnamed Road,214
1910,Unnamed Road,Urban Road,URB-01910,1910,12.8589,77.5579,12.8593,77.5582,49.0,764.0,764.049,13.5743,Aligned,0.9212,0.9005,0.0679,-0.0204,-0.0056,29.6694,26.8743,49.2045,22.6331,28.3199,48.0969,89.2676,0.0764,31.7271,13.6193,No,0.0,0.0029,0.0478,Good,Low,3.4914,10.0,10.4965,22.6823,Safe,72.0642,27.9693,19.9506,Aligned,27.2656,67.6315,Side Impact Potential,Urban,2.7323,False,Commercial,Poor Infrastructure,0.0041,,False,22.4487,0.015,0.0099,Aligned,28,Unnamed Road,215
1911,Unnamed Road,Urban Road,URB-01911,1911,12.8605,77.5594,12.8593,77.5582,187.8,764.4,764.588,26.7509,Moderate Misalignment,0.5374,0.4322,0.5634,0.0126,0.0026,48.3991,48.3832,48.6042,0.146,24.1623,50.6731,94.9154,0.151,42.0633,14.068,No,0.0,0.0007,0.0009,Poor,Medium,4.0419,10.0,30.3844,30.081,Moderate Risk,58.8074,49.7715,35.5061,Moderate Misalignment,51.9118,58.5826,Side Impact Potential,Urban,1.9062,False,Commercial,Poor Infrastructure,-0.0185,,False,42.2297,0.0133,0.0011,Moderate Misalignment,50,Unnamed Road,216
1912,Unnamed Road,Urban Road,URB-01912,1912,12.8535,77.5801,12.8538,77.5785,182.8,764.8,764.983,38.186,Moderate Misalignment,0.868,0.1397,0.8807,-0.0133,0.0029,44.5167,44.4086,53.1341,12.6645,27.3797,53.4471,100.0,0.0,40.7494,16.4422,No,0.0,-0.002,-0.0297,Poor,High,1.7159,10.0,12.1643,26.1296,Moderate Risk,65.6982,45.1166,26.7541,Moderate Misalignment,45.4245,57.2692,Side Impact Potential,Peri-Urban,3.155,False,Industrial,Poor Infrastructure,-0.0088,,False,41.1185,0.0062,-0.0014,Moderate Misalignment,45,Unnamed Road,217
1913,Unnamed Road,Urban Road,URB-01913,1913,12.8538,77.5785,12.8539,77.5783,21.0,765.2,765.221,16.3638,Aligned,0.7999,0.7644,0.1951,-0.0007,-0.0127,32.8294,33.6015,49.9433,60.197,33.5302,49.7919,99.3262,0.0927,29.3203,26.4426,No,0.0,0.0017,-0.0348,Good,Medium,3.4888,10.0,10.465,19.8615,Safe,80.1715,34.2992,18.9725,Aligned,32.6849,55.9184,Side Impact Potential,Urban,2.2148,False,Residential,Meets Safe System Standards,-0.0069,,False,29.6771,-0.008,-0.0088,Aligned,32,Unnamed Road,218
1914,Unnamed Road,Urban Road,URB-01914,1914,12.8531,77.5814,12.8535,77.5801,163.6,765.6,765.764,71.2238,High Misalignment,0.9057,0.0219,0.0647,0.8881,-0.0131,51.8117,49.237,100.0,8.2153,21.4641,51.2372,44.2725,0.13,60.0,7.5532,No,0.0,0.0029,0.0306,Poor,Low,0.3296,10.0,10.0,43.5677,Moderate Risk,39.534,50.9873,69.2753,High Misalignment,69.6392,54.428,Side Impact Potential,Peri-Urban,5.8621,False,Residential,Speed Limit Misaligned | Poor Infrastructure | Above Human Tolerance Limit,0.1983,Light,False,52.7373,0.0148,-0.01,High Misalignment,51,Unnamed Road,219
1915,Unnamed Road,Urban Road,URB-01915,1915,12.8535,77.5801,12.8534,77.5805,49.8,766.0,766.05,23.9478,Aligned,0.5428,0.5232,0.4656,0.0192,-0.0027,44.0095,45.0454,81.7988,40.7305,27.6582,70.3762,98.0822,0.0,38.9239,19.9336,No,0.0,0.0023,0.0154,Good,Low,1.5166,10.0,10.0,21.0236,Safe,75.6324,43.5645,22.1012,Aligned,46.0239,58.1475,Separated Traffic,Urban,2.0628,True,Residential,Meets Safe System Standards,0.0152,,False,36.5168,-0.0109,0.0024,Aligned,44,Unnamed Road,220
1916,Unnamed Road,Urban Road,URB-01916,1916,12.8538,77.5788,12.8535,77.5801,153.1,766.4,766.553,28.5004,Moderate Misalignment,0.6112,0.3256,0.6352,0.0389,0.0034,78.831,77.1071,99.1195,0.0586,15.2398,78.5476,52.2402,0.2637,60.0,8.2242,No,0.0,0.004,-0.0637,Poor,Low,0.0878,10.0,10.7201,26.7659,Moderate Risk,61.1791,75.395,30.5139,Moderate Misalignment,75.9064,35.8578,Separated Traffic,Rural,3.7305,True,Industrial,Poor Infrastructure | Above Human Tolerance Limit,0.0989,Light,False,59.4439,-0.0046,0.0039,Moderate Misalignment,79,Unnamed Road,221
1917,Unnamed Road,Urban Road,URB-01917,1917,12.8528,77.5845,12.8526,77.587,275.2,766.8,767.075,11.2168,Aligned,0.9867,0.9603,-0.0008,-0.0056,-0.0056,20.0432,18.3841,27.8418,0.0653,15.054,51.4374,77.0727,0.0385,20.4199,7.2646,No,0.0,0.0031,-0.0402,Poor,Low,1.4354,10.0,10.0747,20.8303,Safe,69.9057,18.5856,18.5366,Aligned,17.4127,37.4276,Side Impact Potential,Rural,2.2541,False,Residential,Active Congestion | Poor Infrastructure,0.636,Severe,False,10.5738,-0.0174,-0.012,Aligned,18,Unnamed Road,222
1918,Unnamed Road,Urban Road,URB-01918,1918,12.8526,77.587,12.8528,77.5875,54.4,767.2,767.254,27.1459,Moderate Misalignment,0.5246,0.4703,0.4795,0.0134,-0.0072,45.3016,47.8485,54.2457,18.0967,26.6741,49.4471,95.3613,0.6024,39.1667,12.9974,No,0.0,0.0053,-0.0437,Good,Low,3.4647,10.0,14.0647,24.6717,Moderate Risk,68.0551,46.2749,26.4866,Moderate Misalignment,48.5718,62.3344,Side Impact Potential,Urban,3.0374,False,Mixed,Poor Infrastructure,0.1646,Light,False,35.8904,0.0109,0.0029,Moderate Misalignment,48,Unnamed Road,223
1919,Unnamed Road,Urban Road,URB-01919,1919,12.8528,77.5823,12.8528,77.5845,236.4,767.6,767.836,15.1438,Aligned,0.8468,0.8477,0.1281,0.0074,0.0061,68.0861,60.7711,100.0,0.0,16.2682,79.6699,77.963,40.1064,60.0,5.5348,Yes,0.0,0.9866,-0.0143,Good,Medium,0.1539,10.0,10.1493,31.445,Moderate Risk,60.6141,71.796,19.5943,Aligned,68.9585,47.136,Separated Traffic,Rural,6.2236,True,Residential,Poor Infrastructure,0.0132,,False,65.8745,0.0205,0.0117,Aligned,70,Unnamed Road,224
1920,Unnamed Road,Urban Road,URB-01920,1920,12.8539,77.5783,12.8542,77.5772,123.2,768.0,768.123,41.9056,Moderate Misalignment,0.9539,0.0227,0.9362,0.0053,0.0012,30.5037,30.8359,50.4433,64.373,63.5018,31.3424,81.6568,0.0,40.215,78.1679,No,0.0,-0.0031,0.9704,Good,High,2.5612,10.0,10.0,34.8904,Moderate Risk,70.1516,32.3485,39.4548,Moderate Misalignment,30.1031,66.2737,Significant Pedestrian Interaction,Urban,1.9939,False,Residential,High Pedestrian Interaction | Above Human Tolerance Limit,-0.0041,,False,25.9945,0.0101,-0.0091,Moderate Misalignment,30,Unnamed Road,225
1921,Unnamed Road,Urban Road,URB-01921,1921,12.8539,77.5783,12.8539,77.5785,20.0,768.4,768.42,10.6945,Aligned,0.9608,0.9727,0.0513,-0.007,0.0068,50.23,51.8433,99.4249,1.5352,11.8828,80.0101,60.4011,0.2603,59.7655,3.5435,No,0.0,-0.0025,0.0619,Poor,Medium,-0.0393,10.0,10.2062,19.4162,Safe,69.6042,48.6679,17.8335,Aligned,53.2942,35.1555,Separated Traffic,Rural,5.2392,True,Residential,Poor Infrastructure,0.0106,,False,43.2045,-0.0263,-0.0053,Aligned,50,Unnamed Road,226
1922,Unnamed Road,Urban Road,URB-01922,1922,12.8542,77.5772,12.8544,77.5765,81.9,768.8,768.882,36.8936,Moderate Misalignment,0.8236,0.1215,0.792,0.0036,0.0024,30.0627,28.7376,52.47,57.2723,47.5368,30.3165,95.3387,0.2477,39.1132,53.0074,No,0.0,0.0068,0.9411,Good,Low,3.8443,10.0,10.1237,30.6154,Moderate Risk,69.6666,30.7387,34.8413,Moderate Misalignment,40.5739,70.1056,Significant Pedestrian Interaction,Urban,2.874,False,Mixed,High Pedestrian Interaction | Above Human Tolerance Limit,-0.0125,,False,34.8851,-0.0041,0.0088,Moderate Misalignment,31,Unnamed Road,227
1923,Unnamed Road,Urban Road,URB-01923,1923,12.8539,77.5785,12.8538,77.5788,32.0,769.2,769.232,11.4935,Aligned,0.9849,0.9195,0.0372,0.0116,0.0067,37.0357,39.9475,74.3418,20.1866,33.783,51.6357,74.3394,0.4408,60.0,24.0029,No,0.0,0.0074,0.0181,Good,High,1.5344,10.0,10.0,25.0531,Moderate Risk,70.8379,40.8882,22.4977,Aligned,40.4042,67.3554,Side Impact Potential,Urban,2.8969,False,Commercial,Poor Infrastructure,-0.0286,,False,35.6349,0.0031,0.0025,Aligned,38,Unnamed Road,228
1924,Unnamed Road,Urban Road,URB-01924,1924,12.8527,77.5845,12.8531,77.5814,345.5,769.6,769.946,39.1944,Moderate Misalignment,0.8824,0.0358,0.8607,0.0506,-0.0093,81.3426,78.0112,98.8165,35.7559,23.3322,81.0623,96.8846,0.5766,60.0,14.9903,No,0.0,-0.0016,-0.0167,Poor,Medium,0.2659,10.0,25.0026,26.4719,Moderate Risk,65.8897,81.7037,36.7827,Moderate Misalignment,99.2801,51.1694,Separated Traffic,Peri-Urban,4.0331,True,Industrial,Meets Safe System Standards,0.0021,,False,82.3439,0.0058,0.0004,Moderate Misalignment,82,Unnamed Road,229
1925,Unnamed Road,Urban Road,URB-01925,1925,12.8528,77.5875,12.8527,77.5845,337.7,770.0,770.338,11.4654,Aligned,0.9867,1.0074,-0.0013,0.0004,-0.0082,46.7045,44.1257,72.5221,43.399,38.74,48.7908,87.2492,0.3116,50.817,37.9548,No,0.0,-0.0072,0.9903,Good,Medium,1.5328,10.0,10.0,22.5348,Safe,76.3911,46.7613,18.6371,Aligned,44.6227,63.074,Side Impact Potential,Urban,2.0284,False,Residential,Meets Safe System Standards,-0.0191,,False,43.6283,-0.0025,0.0025,Aligned,47,Unnamed Road,230
1926,Unnamed Road,Urban Road,URB-01926,1926,12.8531,77.5814,12.853,77.5817,35.8,770.4,770.436,41.742,Moderate Misalignment,0.94,0.0552,0.8992,0.0431,-0.007,80.0631,78.3675,99.7174,0.0,15.184,80.3146,95.5808,0.0,60.0,9.7789,No,0.0,0.0057,0.014,Poor,High,0.2573,10.0,28.7446,36.8753,Moderate Risk,45.9541,77.5755,58.2741,High Misalignment,114.8109,37.8619,Separated Traffic,Rural,5.0202,True,Residential,Speed Limit Misaligned | Poor Infrastructure | Above Human Tolerance Limit,0.191,Light,False,88.5898,-0.0114,0.0064,Moderate Misalignment,79,Unnamed Road,231
1927,Unnamed Road,Urban Road,URB-01927,1927,12.8532,77.5812,12.8531,77.5814,34.6,770.8,770.835,12.9248,Aligned,0.8525,0.8907,0.1491,0.0029,-0.0125,38.225,36.5529,77.6442,25.872,27.7537,49.9044,90.2558,0.0,40.4446,17.1245,No,0.0,0.003,0.0375,Good,Low,1.8053,10.0,10.0,21.341,Safe,75.0471,36.9067,18.9218,Aligned,36.2347,57.6574,Side Impact Potential,Urban,5.8099,False,Industrial,Poor Infrastructure,0.0085,,False,32.8322,0.0083,0.0051,Aligned,38,Unnamed Road,232
1928,Unnamed Road,Urban Road,URB-01928,1928,12.8552,77.5728,12.8554,77.5714,148.6,771.2,771.349,8.3292,Aligned,0.9797,0.9978,0.0002,-0.0022,0.0054,24.7178,20.8892,49.2596,0.0,16.8688,50.9472,83.1216,0.1974,32.1247,7.1253,No,0.0,-0.002,0.0028,Poor,High,2.1825,10.0,10.0895,21.3547,Safe,68.0967,21.4228,19.3023,Aligned,23.0704,47.3764,Side Impact Potential,Peri-Urban,2.0483,False,Residential,Poor Infrastructure,-0.0146,,False,20.7617,-0.0012,-0.0015,Aligned,24,Unnamed Road,233
1929,Unnamed Road,Urban Road,URB-01929,1929,12.8528,77.5875,12.8528,77.5884,103.4,771.6,771.703,11.2486,Aligned,0.9733,0.9384,0.0528,0.0118,-0.0035,50.011,50.8668,79.1344,15.0524,27.6075,50.0828,82.6859,0.14,49.3571,19.5245,No,0.0,-0.0064,1.0192,Good,Low,2.1884,10.0,10.7445,24.7883,Moderate Risk,68.6805,51.3981,24.3094,Aligned,52.6163,59.0032,Side Impact Potential,Urban,6.0532,False,Commercial,Poor Infrastructure,0.2324,Light,False,38.0793,0.0044,0.0112,Aligned,50,Unnamed Road,234
1930,Unnamed Road,Urban Road,URB-01930,1930,12.857,77.5622,12.8572,77.5614,83.4,772.0,772.083,12.3579,Aligned,0.9247,0.933,0.0939,0.0047,0.001,22.7007,23.5427,29.2616,0.0,15.8468,50.8129,96.1688,0.3663,20.6986,9.4999,No,0.0,-0.0076,0.0309,Poor,Low,1.0156,10.0,20.9947,23.3927,Safe,66.0561,24.836,22.3339,Aligned,23.3212,36.6697,Side Impact Potential,Rural,1.8691,False,Industrial,Poor Infrastructure,0.191,Light,False,18.9093,-0.0053,0.0062,Aligned,22,Unnamed Road,235
1931,Unnamed Road,Urban Road,URB-01931,1931,12.857,77.5622,12.8568,77.563,91.9,772.4,772.492,13.3271,Aligned,0.9892,0.9935,0.0139,0.0038,0.0031,36.7248,38.3974,53.5266,13.7668,19.6164,50.6078,86.9992,0.4065,41.457,6.0415,No,0.0,-0.0042,-0.0674,Poor,High,3.1369,10.0,10.0,20.7031,Safe,71.6229,39.2299,17.1411,Aligned,38.3711,56.6237,Side Impact Potential,Urban,4.0578,False,Commercial,Poor Infrastructure,0.0205,,False,31.8213,0.0035,-0.0029,Aligned,37,Unnamed Road,236
1932,Unnamed Road,Urban Road,URB-01932,1932,12.8556,77.5704,12.8554,77.5714,109.6,772.8,772.91,35.8938,Moderate Misalignment,0.8304,0.1665,0.8421,-0.0059,0.0057,44.1923,45.1713,51.8185,20.9081,27.9253,50.3746,98.4748,0.2358,40.229,18.3734,No,0.0,-0.0027,0.071,Good,Medium,2.753,10.0,12.3286,24.7346,Safe,69.2261,44.5186,25.5263,Moderate Misalignment,41.5648,58.7725,Side Impact Potential,Peri-Urban,3.131,False,Residential,Poor Infrastructure,0.0146,,False,38.631,0.0071,0.0064,Moderate Misalignment,43,Unnamed Road,237
1933,Unnamed Road,Urban Road,URB-01933,1933,12.8556,77.5704,12.8557,77.5701,32.3,773.2,773.232,38.0991,Moderate Misalignment,0.901,0.0648,0.869,0.0244,-0.006,80.5231,77.9845,96.7673,10.4128,22.2867,80.1093,10.0,0.0,59.7273,5.8737,No,0.0,-0.0017,-0.0276,Poor,Medium,0.349,10.0,10.1604,26.4061,Moderate Risk,63.2829,79.1539,31.8209,Moderate Misalignment,78.4705,60.7108,Separated Traffic,Peri-Urban,8.1216,True,Mixed,Active Congestion | Poor Infrastructure | Above Human Tolerance Limit,0.6791,Severe,False,26.6743,-0.0129,-0.0132,Moderate Misalignment,80,Unnamed Road,238
1934,Unnamed Road,Urban Road,URB-01934,1934,12.856,77.5685,12.8557,77.5701,182.2,773.6,773.782,11.7561,Aligned,0.9361,0.9326,0.0447,0.0174,0.0149,34.984,34.1707,86.4785,28.0655,27.4774,48.2627,66.9429,0.0,48.9785,18.1907,No,0.0,-0.0043,1.0084,Good,Medium,1.8531,10.0,10.0,22.7537,Safe,72.6863,32.0035,20.2786,Aligned,33.8592,60.6018,Side Impact Potential,Urban,4.8842,True,Residential,Poor Infrastructure,-0.0213,,False,28.2525,0.0117,0.0082,Aligned,35,Unnamed Road,239
1935,Unnamed Road,Urban Road,URB-01935,1935,12.853,77.5817,12.8529,77.582,33.1,774.0,774.033,42.8498,Moderate Misalignment,0.9095,0.0128,0.9587,0.0567,-0.0096,48.8317,49.8897,97.6206,29.773,23.7078,49.4632,74.1245,0.0387,60.0,16.2078,No,0.0,0.0071,-0.0066,Good,Medium,0.7004,10.0,10.0443,31.6441,Moderate Risk,59.721,48.7588,43.412,Moderate Misalignment,62.6441,56.6311,Side Impact Potential,Urban,7.2741,False,Commercial,Poor Infrastructure | Above Human Tolerance Limit,0.0123,,False,51.2835,0.0122,0.0074,Moderate Misalignment,49,Unnamed Road,240
1936,Unnamed Road,Urban Road,URB-01936,1936,12.8529,77.582,12.8528,77.5823,37.0,774.4,774.437,8.635,Aligned,0.9983,1.0025,-0.0372,-0.0022,-0.0036,24.8916,26.7206,28.0401,26.3771,30.8995,49.801,83.1795,0.0,32.7771,21.3306,No,0.0,0.0058,1.9995,Good,Low,2.9919,10.0,10.0,22.8407,Safe,73.9488,27.5546,19.0116,Aligned,23.3449,60.8398,Side Impact Potential,Peri-Urban,0.9943,False,Residential,Poor Infrastructure,0.1317,Light,False,20.8478,-0.0094,0.004,Aligned,27,Unnamed Road,241
1937,Unnamed Road,Urban Road,URB-01937,1937,12.8534,77.5805,12.8532,77.5812,78.1,774.8,774.878,41.7482,Moderate Misalignment,0.8747,0.042,0.8744,0.0755,0.0097,29.6702,30.5291,85.7678,23.4167,41.6495,30.3849,68.8948,0.0,50.3139,46.2363,No,0.0,0.01,1.0481,Good,Low,1.5147,10.0,10.0,37.3909,Moderate Risk,55.0044,29.1763,49.3218,Moderate Misalignment,38.3329,59.2528,Significant Pedestrian Interaction,Urban,2.9412,True,Residential,High Pedestrian Interaction | Poor Infrastructure | Above Human Tolerance Limit,0.2416,Light,False,29.4134,-0.0021,0.0116,Moderate Misalignment,28,Unnamed Road,242
1938,Unnamed Road,Urban Road,URB-01938,1938,12.8544,77.5765,12.8546,77.5755,107.0,775.2,775.307,38.0182,Moderate Misalignment,0.9361,0.0554,0.9518,-0.0014,0.0007,80.0367,79.4153,100.0,30.6141,26.973,79.5371,11.6619,0.4902,59.1828,23.9455,No,0.0,0.0001,1.0513,Poor,Medium,0.5606,10.0,10.4765,26.2394,Moderate Risk,68.2365,80.3818,30.4303,Moderate Misalignment,83.9308,49.3851,Separated Traffic,Peri-Urban,7.946,True,Industrial,Active Congestion | Poor Infrastructure | Above Human Tolerance Limit,0.6277,Severe,False,29.6722,0.0106,0.0186,Moderate Misalignment,79,Unnamed Road,243
1939,Unnamed Road,Urban Road,URB-01939,1939,12.8568,77.563,12.8567,77.5634,41.6,775.6,775.642,23.6727,Aligned,0.5363,0.5348,0.4377,0.0023,-0.0124,44.8544,41.7701,79.6698,39.676,28.7162,72.1311,96.9517,0.025,39.9174,21.3089,No,0.0,0.0116,-0.042,Good,Low,1.4979,10.0,10.8658,21.0234,Safe,75.9258,42.1954,23.5144,Aligned,44.2968,57.4643,Separated Traffic,Urban,2.1756,True,Residential,Meets Safe System Standards,0.0096,,False,37.8853,-0.022,-0.0053,Aligned,46,Unnamed Road,244
1940,Unnamed Road,Urban Road,URB-01940,1940,12.8567,77.565,12.8567,77.5634,177.9,776.0,776.178,15.3189,Aligned,0.9032,0.8796,0.0434,0.0305,0.0108,75.9387,78.1152,99.888,1.2831,13.0092,79.1679,23.0016,0.0581,60.0,0.0,No,0.0,0.0049,0.0024,Poor,Medium,0.2001,10.0,10.5244,21.0488,Safe,69.3219,78.5252,18.3735,Aligned,80.1233,47.5534,Separated Traffic,Rural,5.1087,True,Residential,Active Congestion | Poor Infrastructure,0.6171,Severe,False,29.1382,-0.0083,0.0027,Aligned,80,Unnamed Road,245
1941,Unnamed Road,Urban Road,URB-01941,1941,12.856,77.5685,12.8562,77.568,59.0,776.4,776.459,11.7523,Aligned,0.9093,0.9227,0.036,0.0035,-0.0023,50.9372,51.6249,98.1703,1.4944,11.2433,79.6051,58.9393,0.0,60.0,3.0824,No,0.0,-0.0006,-0.1007,Poor,High,0.1018,10.0,10.1507,19.827,Safe,69.5356,54.4484,16.6854,Aligned,53.3258,37.8994,Separated Traffic,Rural,6.053,True,Residential,Approach to Congestion (Tapered) | Poor Infrastructure,0.1583,Light,True,41.1747,0.0024,0.0082,Aligned,52,Unnamed Road,246
1942,Unnamed Road,Urban Road,URB-01942,1942,12.8562,77.568,12.8566,77.5661,211.5,776.8,777.012,11.2313,Aligned,0.9801,0.9893,-0.0179,-0.023,-0.0027,36.567,34.9195,74.5734,27.1469,23.7672,50.2441,83.2326,0.0,40.0943,12.0885,No,0.0,0.001,0.0197,Poor,Medium,1.8745,10.0,10.0846,20.7982,Safe,75.1091,35.9671,17.0082,Aligned,37.0707,61.5612,Side Impact Potential,Urban,5.0979,False,Residential,Poor Infrastructure,0.1272,Light,False,28.1671,-0.0038,-0.0,Aligned,36,Unnamed Road,247
1943,Unnamed Road,Urban Road,URB-01943,1943,12.8566,77.5661,12.8567,77.565,119.5,777.2,777.32,13.4759,Aligned,0.9298,0.9786,0.0711,-0.0102,0.004,40.195,37.254,98.0223,16.0322,16.0585,79.3002,26.175,0.4847,60.0,6.845,No,0.0,0.0132,-0.0057,Poor,Low,0.0852,10.0,10.0,19.015,Safe,73.1182,39.573,16.3803,Aligned,36.6019,35.9207,Separated Traffic,Rural,6.8444,True,Industrial,Active Congestion | Poor Infrastructure,0.7373,Severe,False,10.0,0.0122,-0.0052,Aligned,38,Unnamed Road,248
1944,Unnamed Road,Urban Road,URB-01944,1944,12.8759,77.6176,12.8728,77.6221,776.2,777.6,778.376,36.8585,Moderate Misalignment,0.9221,0.0643,0.9137,-0.0176,0.008,50.3561,49.7952,53.7043,0.0,12.8987,47.7614,95.7246,0.3155,40.5231,2.2614,No,0.0,0.003,-0.0111,Poor,High,1.1913,10.0,23.7486,24.7043,Safe,63.1069,49.8657,26.0925,Moderate Misalignment,49.5535,37.6887,Side Impact Potential,Rural,2.971,False,Residential,Poor Infrastructure,0.1624,Light,False,39.3419,0.006,0.0046,Moderate Misalignment,51,Unnamed Road,249