segment_id,road_name,road_type,human_segment_id,internal_id,start_lat,start_lon,end_lat,end_lon,length_m,start_km,end_km,road_risk_score,ai_risk_label,ai_risk_probability,prob_low_risk,prob_medium_risk,prob_high_risk,prob_critical_risk,ai_recommended_speed,recommended_safe_speed,road_function_score,infrastructure_score,exposure_score,human_tolerance_limit,operating_speed_score,crash_risk_score,posted_speed_limit,pedestrian_exposure_score,blackspot_flag,crash_count,fatal_crashes,schools_count,lighting_quality,roadside_hazards,intersection_density,speed_compliance_rate,speed_violation_score,hotspot_score,hotspot_category,speed_safety_score,original_safe_speed,misalignment_score,misalignment_category,speed_p85,ptw_share_pct,exposure_tier,urban_rural_flag,lane_count,median_presence,land_use_type,top_ai_factors,congestion_index,congestion_category,congestion_smoothed,operating_speed_mean,minor_crashes,major_crashes,risk_category,final_safe_speed,corridor_base,corridor_seq
1945,Unnamed Road,Urban Road,URB-01945,1945,12.9417,77.5579,12.9435,77.5582,203.9,778.0,778.204,27.4628,Moderate Misalignment,0.517,0.4583,0.5289,0.0064,0.0066,51.0579,51.6906,52.1728,0.6519,24.2444,50.371,94.0456,0.0347,40.148,13.6359,No,0.0,-0.0067,0.0282,Poor,Medium,4.0625,10.0,29.9492,29.7682,Moderate Risk,59.327,48.7369,36.1639,Moderate Misalignment,52.1056,56.7751,Side Impact Potential,Urban,1.924,False,Commercial,Poor Infrastructure,0.0068,,False,42.7002,0.0033,0.006,Moderate Misalignment,50,Unnamed Road,250
1946,Unnamed Road,Urban Road,URB-01946,1946,12.9705,77.4902,12.9706,77.4898,43.6,778.4,778.444,41.1107,Moderate Misalignment,0.9871,0.0389,0.9691,0.0163,-0.0074,78.8767,78.2333,99.6392,23.1904,14.0892,79.9125,11.2254,0.1668,60.0,8.844,No,0.0,0.0017,-0.024,Poor,Low,0.15,10.0,10.0,22.63,Safe,67.7884,80.0373,27.6803,Moderate Misalignment,80.7466,35.4418,Separated Traffic,Rural,4.8499,True,Residential,Active Congestion | Poor Infrastructure | Above Human Tolerance Limit,0.6359,Severe,False,29.1753,-0.0058,-0.0085,Moderate Misalignment,79,Unnamed Road,251
1947,Unnamed Road,Urban Road,URB-01947,1947,12.9703,77.4907,12.9705,77.4902,59.5,778.8,778.86,11.7023,Aligned,0.9339,0.8934,0.0821,0.0052,-0.0014,38.4928,39.9881,79.7252,46.496,47.9521,50.1584,71.6592,0.0,48.875,51.7439,No,0.0,-0.0089,2.045,Poor,Medium,1.645,10.0,10.0,26.478,Moderate Risk,74.6321,41.5967,24.478,Aligned,40.4301,63.8972,Side Impact Potential,Urban,6.0044,False,Mixed,Meets Safe System Standards,0.1517,Light,False,30.6784,-0.0143,-0.0033,Aligned,39,Unnamed Road,252
1948,Unnamed Road,Urban Road,URB-01948,1948,12.9703,77.4907,12.9702,77.4912,53.4,779.2,779.253,12.4552,Aligned,0.9442,0.9519,0.0866,-0.0095,-0.0025,22.8843,25.2074,46.3806,12.5409,26.5712,49.3639,84.6115,0.057,30.6344,11.9457,No,0.0,-0.0004,0.0367,Good,Medium,1.6545,10.0,10.0516,22.9659,Safe,70.6404,24.5757,18.6322,Aligned,24.541,58.5725,Side Impact Potential,Peri-Urban,1.8962,False,Industrial,Poor Infrastructure,-0.0076,,False,22.0396,0.0179,0.0114,Aligned,23,Unnamed Road,253
1949,Unnamed Road,Urban Road,URB-01949,1949,12.9745,77.4878,12.9738,77.4877,81.1,779.6,779.681,39.3174,Moderate Misalignment,0.9467,0.0936,0.9754,0.0066,-0.0024,80.449,81.2357,99.4073,36.5266,28.4879,81.408,10.7835,0.0778,60.0,23.1469,No,0.0,-0.0022,-0.0476,Poor,Medium,0.2446,10.0,10.5479,31.029,Moderate Risk,60.7447,79.2287,43.3417,Moderate Misalignment,95.5868,49.5939,Separated Traffic,Peri-Urban,7.9581,True,Commercial,Active Congestion | Above Human Tolerance Limit,0.7898,Severe,False,19.679,-0.0051,0.0038,Moderate Misalignment,80,Unnamed Road,254
1950,Unnamed Road,Urban Road,URB-01950,1950,12.9757,77.4876,12.9745,77.4878,137.3,780.0,780.137,37.3542,Moderate Misalignment,0.8894,0.0987,0.8754,-0.0093,0.0191,47.8532,49.8677,70.8568,28.786,27.5495,48.3103,98.9644,0.4862,51.5749,17.2002,No,0.0,0.0064,-0.063,Good,Low,1.5514,10.0,10.0,21.9514,Safe,73.0974,50.3112,20.2908,Aligned,50.0654,67.2908,Side Impact Potential,Urban,2.8029,False,Mixed,Poor Infrastructure,0.0017,,False,49.089,-0.0062,0.0043,Moderate Misalignment,46,Unnamed Road,255
1951,Unnamed Road,Urban Road,URB-01951,1951,12.9738,77.4877,12.9731,77.4876,74.6,780.4,780.475,14.5183,Aligned,0.8606,0.9005,0.1077,-0.0099,0.0093,30.0872,30.0801,49.4243,99.1959,67.1268,30.6882,96.7086,0.0,39.1457,95.5553,No,0.0,0.0016,0.9292,Poor,High,2.4553,10.0,10.0,26.989,Moderate Risk,85.4587,29.8783,25.6846,Aligned,29.1813,62.1849,Significant Pedestrian Interaction,Urban,2.0816,False,Residential,High Pedestrian Interaction,-0.0047,,False,28.7409,0.0072,-0.007,Aligned,30,Unnamed Road,256
1952,Unnamed Road,Urban Road,URB-01952,1952,12.9731,77.4835,12.9727,77.4844,108.2,780.8,780.908,32.7689,Moderate Misalignment,0.6368,0.2919,0.6323,0.0506,-0.0029,61.7287,62.4016,100.0,6.1781,21.013,82.6212,49.7806,0.0327,59.8283,12.9913,No,0.0,0.0033,0.0826,Poor,Low,0.3909,10.0,10.0,27.3936,Moderate Risk,61.5673,60.4346,31.5465,Moderate Misalignment,62.8691,49.0961,Separated Traffic,Peri-Urban,8.004,True,Commercial,Poor Infrastructure | Above Human Tolerance Limit,-0.0072,,False,56.3777,0.0175,0.0006,Moderate Misalignment,62,Unnamed Road,257
1953,Unnamed Road,Urban Road,URB-01953,1953,12.9764,77.4875,12.976,77.4875,38.5,781.2,781.239,8.778,Aligned,0.9665,0.9942,0.031,0.0027,0.0023,21.3174,20.2506,55.4064,24.5224,23.9122,50.2996,81.4931,0.0,31.6817,17.6515,No,0.0,-0.0009,-0.0348,Good,Low,2.2587,10.0,10.0,20.5322,Safe,75.0756,23.205,18.2691,Aligned,20.0083,53.8434,Side Impact Potential,Peri-Urban,3.9425,False,Industrial,Poor Infrastructure,-0.0218,,False,22.0084,-0.0068,-0.0168,Aligned,22,Unnamed Road,258
1954,Unnamed Road,Urban Road,URB-01954,1954,12.9764,77.4875,12.9768,77.4875,51.3,781.6,781.651,12.3774,Aligned,0.9186,0.8757,0.0562,0.0546,0.0046,56.1313,56.8429,99.3294,6.6458,16.3838,80.4151,59.6531,0.1796,59.7626,6.1558,No,0.0,0.0096,-0.0425,Poor,Low,0.1359,10.0,10.1776,21.3428,Safe,69.7243,57.3387,17.2497,Aligned,59.1551,42.9211,Separated Traffic,Rural,7.2037,True,Residential,Poor Infrastructure,0.2068,Light,False,43.7846,-0.0049,-0.0123,Aligned,58,Unnamed Road,259
1955,Unnamed Road,Urban Road,URB-01955,1955,12.9757,77.4876,12.976,77.4875,40.1,782.0,782.04,8.8707,Aligned,0.9906,1.0122,0.0654,-0.0101,0.0019,34.8502,35.3685,81.3444,56.3843,30.7628,48.9789,81.5312,0.0,38.741,24.0743,No,0.0,0.0018,-0.0449,Good,High,1.8248,10.0,10.1359,18.3725,Safe,81.9803,35.2216,16.5743,Aligned,32.9696,59.9774,Side Impact Potential,Urban,5.9521,False,Residential,Meets Safe System Standards,0.1651,Light,False,24.6006,0.0028,0.0027,Aligned,35,Unnamed Road,260
1956,Unnamed Road,Urban Road,URB-01956,1956,12.9724,77.4851,12.9717,77.4869,211.4,782.4,782.611,8.9347,Aligned,0.9944,0.9787,-0.0292,0.0043,0.0054,19.9207,20.3948,30.5266,9.5907,17.2395,49.3962,75.5145,0.0,40.6541,4.1729,No,0.0,-0.002,0.0064,Poor,High,3.0908,10.0,10.0,20.8666,Safe,71.213,21.3537,16.2,Aligned,20.0378,51.1045,Side Impact Potential,Peri-Urban,1.167,False,Residential,Poor Infrastructure,0.1988,Light,False,14.4106,-0.0062,0.0154,Aligned,19,Unnamed Road,261
1957,Unnamed Road,Urban Road,URB-01957,1957,12.9724,77.4851,12.9727,77.4844,79.0,782.8,782.879,64.4411,High Misalignment,0.7575,-0.0006,0.2141,0.739,0.0059,30.8868,27.8819,77.6647,51.6103,51.0501,30.7361,89.2824,0.0,39.5002,65.4091,No,0.0,-0.009,0.9853,Poor,Medium,1.8307,10.0,10.0,32.6504,Moderate Risk,66.3429,28.7915,39.3009,Moderate Misalignment,44.7806,59.0651,Significant Pedestrian Interaction,Urban,1.9882,True,Commercial,High Pedestrian Interaction | Above Human Tolerance Limit,0.1213,Light,False,32.2148,-0.0159,-0.0079,High Misalignment,30,Unnamed Road,262
1958,Unnamed Road,Urban Road,URB-01958,1958,12.9717,77.4869,12.9716,77.4872,31.7,783.2,783.232,12.1153,Aligned,0.9571,0.9403,0.0667,0.0164,0.0015,16.4256,21.6417,25.6012,2.8265,12.8772,49.5404,89.5358,0.0194,20.0,2.1952,No,0.0,-0.0096,0.0275,Poor,Medium,1.8868,10.0,10.6379,20.2375,Safe,69.2577,15.4109,16.8318,Aligned,13.565,39.6528,Side Impact Potential,Rural,1.1624,False,Industrial,Poor Infrastructure,-0.0072,,False,13.1293,-0.0032,0.0116,Aligned,14,Unnamed Road,263
1959,Unnamed Road,Urban Road,URB-01959,1959,12.9716,77.4872,12.9714,77.4877,62.5,783.6,783.663,15.0892,Aligned,0.7871,0.7809,0.23,0.0182,0.0053,21.0167,21.8329,31.2385,0.0055,21.0263,51.2413,93.5822,0.2644,59.0378,6.9719,No,0.0,-0.0041,-0.0122,Good,Low,2.7683,10.0,10.0,23.9927,Safe,66.881,20.0397,21.5713,Aligned,22.6125,57.0978,Side Impact Potential,Peri-Urban,2.1534,False,Industrial,Poor Infrastructure,0.1589,Light,False,13.3558,0.0,0.0129,Aligned,19,Unnamed Road,264
1960,Unnamed Road,Urban Road,URB-01960,1960,12.9772,77.4875,12.9768,77.4875,35.6,784.0,784.036,67.9223,High Misalignment,0.7854,-0.0226,0.1823,0.7823,0.0025,31.9547,26.6667,79.0629,43.4937,50.9286,28.7393,91.5614,0.2208,59.509,60.9693,No,0.0,-0.0088,1.9958,Good,Low,1.6678,10.0,15.4174,47.8184,Moderate Risk,44.424,29.3633,74.1848,High Misalignment,70.5912,63.4769,Significant Pedestrian Interaction,Urban,1.9887,True,Residential,Speed Limit Misaligned | High Pedestrian Interaction | Above Human Tolerance Limit,0.1655,Light,False,54.4797,0.0038,0.0041,High Misalignment,31,Unnamed Road,265
1961,Unnamed Road,Urban Road,URB-01961,1961,12.9702,77.4912,12.97,77.4923,125.7,784.4,784.526,9.5207,Aligned,0.9551,0.9481,0.0651,0.0114,-0.0147,17.4465,20.4496,28.9096,0.2182,11.5843,50.4349,91.4786,0.0919,20.3719,4.1835,No,0.0,0.0023,-0.0185,Poor,Medium,1.666,10.0,10.0,19.2161,Safe,68.557,17.2223,17.3233,Aligned,16.6213,34.927,Side Impact Potential,Rural,1.2194,False,Residential,Poor Infrastructure,0.1469,Light,False,13.834,-0.0067,0.0097,Aligned,18,Unnamed Road,266
1962,Unnamed Road,Urban Road,URB-01962,1962,12.9701,77.4931,12.97,77.4923,83.3,784.8,784.883,34.4179,Moderate Misalignment,0.8097,0.1561,0.7885,0.0249,-0.0086,37.4485,35.5484,52.3626,4.0241,19.4267,49.0233,95.4591,0.1306,31.2543,11.9652,No,0.0,0.0093,-0.06,Poor,Low,1.2616,10.0,21.8028,24.691,Safe,64.9448,38.6151,26.2176,Moderate Misalignment,34.7792,43.5714,Side Impact Potential,Rural,4.2318,False,Commercial,Poor Infrastructure,0.0237,,False,33.0638,-0.0028,0.013,Moderate Misalignment,34,Unnamed Road,267
1963,Unnamed Road,Urban Road,URB-01963,1963,12.9714,77.4881,12.9714,77.4877,39.4,785.2,785.239,36.6531,Moderate Misalignment,0.7406,0.1855,0.7115,0.0846,0.0082,79.8247,77.1921,100.0,48.0262,31.71,79.295,88.772,0.0,60.0,23.1563,No,0.0,0.0005,-0.0006,Good,Low,0.5801,10.0,22.2511,28.1113,Moderate Risk,68.3492,81.9787,36.6002,Moderate Misalignment,95.4418,65.0902,Separated Traffic,Urban,4.896,True,Mixed,Meets Safe System Standards,0.0214,,False,88.6087,-0.0012,0.0167,Moderate Misalignment,79,Unnamed Road,268
1964,Unnamed Road,Urban Road,URB-01964,1964,12.9714,77.4881,12.9711,77.4886,63.0,785.6,785.663,35.2333,Moderate Misalignment,0.8879,0.1332,0.8771,0.0101,0.0056,24.9291,25.8601,29.2149,55.6159,41.3645,29.4045,97.5602,0.2472,40.3322,48.3943,No,0.0,0.0044,3.0126,Poor,High,2.5043,10.0,30.9102,25.4843,Moderate Risk,74.986,25.766,29.1039,Moderate Misalignment,26.9351,58.2145,Significant Pedestrian Interaction,Peri-Urban,1.1173,False,Industrial,High Pedestrian Interaction,0.0199,,False,20.9647,-0.0071,0.0034,Moderate Misalignment,24,Unnamed Road,269
1965,Unnamed Road,Urban Road,URB-01965,1965,12.9714,77.4881,12.9728,77.4876,172.7,786.0,786.173,10.3225,Aligned,0.9225,0.9854,0.0119,0.003,-0.0004,48.6265,50.0635,56.4387,27.269,31.2003,50.164,89.8946,0.0,49.1298,23.7646,No,0.0,-0.0017,1.0873,Poor,Low,3.059,10.0,10.4081,22.0891,Safe,72.5798,47.7704,19.2895,Aligned,48.7799,67.1387,Side Impact Potential,Urban,1.9391,True,Mixed,Poor Infrastructure,-0.0029,,False,45.8128,-0.013,-0.0074,Aligned,47,Unnamed Road,270
1966,Unnamed Road,Urban Road,URB-01966,1966,12.9711,77.4886,12.971,77.4889,29.1,786.4,786.429,12.9646,Aligned,0.9455,0.8874,0.0708,0.002,-0.0068,28.9698,25.3847,56.0161,49.7201,29.0382,48.5813,93.8305,0.4905,58.9325,20.8029,No,0.0,-0.0052,0.085,Poor,High,3.4236,10.0,10.0,17.9048,Safe,80.8814,28.7361,14.8248,Aligned,26.6173,56.1973,Side Impact Potential,Urban,4.0268,False,Industrial,Meets Safe System Standards,-0.0088,,False,24.0265,0.0079,0.0013,Aligned,27,Unnamed Road,271
1967,Unnamed Road,Urban Road,URB-01967,1967,12.9709,77.4892,12.971,77.4889,42.6,786.8,786.843,11.3051,Aligned,0.9769,0.9804,0.0072,-0.0092,-0.0069,18.9063,17.7546,53.9878,23.5577,24.2765,49.5727,81.7487,0.1918,30.1852,17.2438,No,0.0,0.0018,-0.034,Good,Low,2.3344,10.0,10.0,20.5711,Safe,74.5623,22.0317,17.7845,Aligned,20.6582,52.6804,Side Impact Potential,Peri-Urban,4.0473,False,Industrial,Poor Infrastructure,-0.0156,,False,17.7586,-0.0052,0.0075,Aligned,19,Unnamed Road,272
1968,Unnamed Road,Urban Road,URB-01968,1968,12.9731,77.4876,12.9728,77.4876,33.2,787.2,787.233,9.5593,Aligned,0.9342,0.9487,0.0315,0.0019,0.0048,18.0959,20.3251,30.0109,0.0,22.9543,49.5037,89.2919,0.1556,20.7194,7.2147,No,0.0,0.0005,0.045,Poor,Medium,3.7401,10.0,10.4696,24.2429,Safe,66.8593,19.3333,21.2861,Aligned,20.5396,58.7446,Side Impact Potential,Peri-Urban,0.8642,False,Industrial,Poor Infrastructure,0.1486,Light,False,16.5282,-0.0162,-0.0062,Aligned,18,Unnamed Road,273
1969,Unnamed Road,Urban Road,URB-01969,1969,12.9709,77.4892,12.9707,77.4896,38.0,787.6,787.638,38.2483,Moderate Misalignment,0.9233,0.0045,0.9133,0.032,0.0007,30.734,29.3711,51.7561,62.6329,51.7268,29.117,82.1382,0.0467,49.6488,66.877,No,0.0,0.0016,1.0403,Good,Medium,2.9072,10.0,10.0371,35.8728,Moderate Risk,63.4826,32.166,47.909,Moderate Misalignment,43.0596,64.3716,Significant Pedestrian Interaction,Urban,3.1707,False,Industrial,High Pedestrian Interaction | Above Human Tolerance Limit,-0.0184,,False,36.3832,0.0021,0.0159,Moderate Misalignment,31,Unnamed Road,274
1970,Unnamed Road,Urban Road,URB-01970,1970,12.9707,77.4896,12.9706,77.4898,30.2,788.0,788.03,26.1299,Moderate Misalignment,0.5473,0.4927,0.5075,0.0068,0.0008,51.0738,52.406,51.3513,0.0,24.504,49.094,94.2411,0.3424,39.9071,12.3891,No,0.0,-0.0111,-0.0036,Poor,Medium,4.0595,10.0,29.5963,30.1032,Moderate Risk,59.3867,49.3476,35.3291,Moderate Misalignment,51.4066,57.5945,Side Impact Potential,Urban,2.0006,False,Commercial,Poor Infrastructure,0.0049,,False,44.3071,0.0079,0.0005,Moderate Misalignment,50,Unnamed Road,275
1971,Unnamed Road,Urban Road,URB-01971,1971,12.9041,77.5124,12.9043,77.5124,24.3,788.4,788.424,8.8579,Aligned,0.9965,1.0103,0.0587,-0.0107,0.0028,40.0539,40.8129,54.5226,35.4537,29.0234,49.1101,86.5971,0.2005,38.9786,20.1296,No,0.0,0.0024,0.0012,Good,High,2.5325,10.0,10.0,21.8613,Safe,74.9305,41.8888,20.6672,Aligned,43.6918,60.8059,Side Impact Potential,Urban,3.8559,False,Mixed,Poor Infrastructure,0.1951,Light,False,30.5015,0.0004,-0.0015,Aligned,41,Unnamed Road,276
1972,Unnamed Road,Urban Road,URB-01972,1972,12.9642,77.5706,12.9641,77.5698,81.8,788.8,788.882,16.1058,Aligned,0.8521,0.7761,0.1817,0.0286,0.0068,61.9939,65.7796,100.0,1.3975,13.2472,79.9563,87.4611,0.0,59.2949,0.6271,No,0.0,0.0012,-0.0011,Poor,Medium,0.0649,10.0,10.0,19.9433,Safe,68.5075,61.8773,18.2831,Aligned,61.964,36.6289,Separated Traffic,Rural,4.0441,True,Industrial,Poor Infrastructure,-0.0098,,False,51.5403,0.014,-0.0166,Aligned,63,Unnamed Road,277
1973,Unnamed Road,Urban Road,URB-01973,1973,12.9643,77.5711,12.9642,77.5706,57.1,789.2,789.257,51.9369,Moderate Misalignment,0.7049,-0.0623,0.6797,0.2142,0.0704,49.0597,50.7396,99.2743,0.0,17.5519,50.796,97.4969,0.0588,60.0,3.1554,No,0.0,0.009,-0.0025,Good,High,0.3625,10.0,10.0,33.7907,Moderate Risk,49.4386,49.868,49.7015,High Misalignment,75.0145,51.71,Side Impact Potential,Peri-Urban,7.978,False,Industrial,Speed Limit Misaligned | Poor Infrastructure | Above Human Tolerance Limit,-0.0116,,False,68.2694,0.0099,-0.005,Moderate Misalignment,48,Unnamed Road,278
1974,Unnamed Road,Urban Road,URB-01974,1974,12.9643,77.5702,12.9644,77.5712,114.1,789.6,789.714,12.362,Aligned,0.9052,0.9055,0.1071,0.0303,-0.0061,57.7348,58.1644,99.0876,0.0719,20.045,80.9554,71.7865,0.0,60.0,9.9467,No,0.0,-0.0023,-0.0641,Poor,High,0.2826,10.0,10.2054,22.0973,Safe,68.4306,58.3736,19.3371,Aligned,55.0802,44.9971,Separated Traffic,Rural,8.1889,True,Residential,Poor Infrastructure,-0.0155,,False,48.1476,-0.0102,-0.0056,Aligned,58,Unnamed Road,279
1975,Unnamed Road,Urban Road,URB-01975,1975,12.9643,77.5699,12.9643,77.5702,25.5,790.0,790.025,37.8717,Moderate Misalignment,0.8026,0.1283,0.8131,0.0916,0.0009,79.6818,80.647,100.0,21.0144,18.3696,80.0738,83.8534,0.3107,60.0,9.3016,No,0.0,-0.0135,-0.0481,Poor,Medium,0.1954,10.0,10.0,24.3435,Safe,65.4788,80.6906,29.1915,Moderate Misalignment,82.6092,43.7941,Separated Traffic,Rural,5.2741,True,Residential,Poor Infrastructure | Above Human Tolerance Limit,-0.0219,,False,77.7096,0.0036,0.0027,Moderate Misalignment,79,Unnamed Road,280
1976,Unnamed Road,Urban Road,URB-01976,1976,12.9641,77.5698,12.9641,77.5696,25.9,790.4,790.426,14.4602,Aligned,0.8684,0.8564,0.0634,0.0398,-0.0078,58.0095,57.4573,100.0,0.0,15.2634,79.3603,25.7772,0.0,59.0509,10.5144,No,0.0,0.0071,-0.1217,Poor,Medium,0.1595,10.0,10.0434,20.7739,Safe,68.7382,57.1643,18.6099,Aligned,57.5187,35.8243,Separated Traffic,Rural,5.0748,True,Residential,Active Congestion | Poor Infrastructure,0.625,Severe,False,22.645,0.0107,-0.0086,Aligned,57,Unnamed Road,281
1977,Unnamed Road,Urban Road,URB-01977,1977,12.9644,77.5712,12.9645,77.5721,103.2,790.8,790.903,11.9949,Aligned,0.9466,0.9012,0.0635,0.0046,0.0011,27.8654,28.6632,28.7829,0.0,12.8442,49.8663,93.072,0.0,30.0467,3.5045,No,0.0,-0.0061,0.0185,Good,Low,1.2333,10.0,10.1538,19.8228,Safe,69.9129,27.3997,16.6073,Aligned,28.8767,33.7708,Side Impact Potential,Rural,2.0745,False,Residential,Poor Infrastructure,-0.0035,,False,24.6383,0.0174,-0.0009,Aligned,27,Unnamed Road,282
1978,Unnamed Road,Urban Road,URB-01978,1978,12.9642,77.5769,12.9645,77.5737,373.2,791.2,791.573,10.5112,Aligned,0.9659,0.9537,0.0113,-0.0018,0.0069,45.6149,46.3906,71.6482,48.023,38.8123,50.0394,88.5944,0.0,49.9015,36.4576,No,0.0,0.0003,0.9545,Good,Medium,1.4732,10.0,10.2399,23.0689,Safe,77.3086,46.4048,19.7991,Aligned,46.5494,62.4687,Side Impact Potential,Urban,2.0182,False,Residential,Meets Safe System Standards,0.005,,False,41.4876,-0.0186,0.0006,Aligned,48,Unnamed Road,283
1979,Unnamed Road,Urban Road,URB-01979,1979,12.9647,77.5747,12.9642,77.5769,247.2,791.6,791.847,12.8281,Aligned,0.95,0.9845,0.0425,-0.0025,0.0071,34.236,31.3162,88.5712,20.764,30.461,50.0513,78.5215,0.0,42.308,19.7876,No,0.0,0.0103,0.0205,Good,High,1.8688,10.0,10.0,24.3431,Safe,71.9095,32.8942,20.5538,Aligned,31.7802,64.7235,Side Impact Potential,Urban,6.0981,True,Commercial,Poor Infrastructure,-0.0042,,False,24.2302,-0.0136,0.0061,Aligned,33,Unnamed Road,284
1980,Unnamed Road,Urban Road,URB-01980,1980,12.9646,77.5741,12.9647,77.5747,67.5,792.0,792.067,8.8566,Aligned,0.9752,0.9558,0.0061,0.0164,0.0084,27.2478,26.5269,50.836,47.9946,32.8898,51.1934,70.4915,0.0385,40.7989,26.7443,No,0.0,-0.0027,-0.0737,Good,Medium,2.8599,10.0,10.4227,19.5806,Safe,79.6273,26.1275,16.8993,Aligned,25.1934,64.2522,Side Impact Potential,Urban,2.9457,False,Residential,Meets Safe System Standards,0.1885,Light,False,21.2927,0.0179,0.0108,Aligned,28,Unnamed Road,285
1981,Unnamed Road,Urban Road,URB-01981,1981,12.9645,77.5737,12.9644,77.5722,173.7,792.4,792.574,17.9602,Aligned,0.7817,0.75,0.2218,0.0525,0.014,56.0116,58.0735,95.9886,10.4541,19.2552,79.9276,85.7227,0.6293,59.2921,6.842,No,0.0,0.0115,0.0473,Poor,High,0.4183,10.0,10.0,20.4347,Safe,71.3322,57.5773,18.8485,Aligned,60.6096,51.8518,Separated Traffic,Peri-Urban,7.8405,True,Commercial,Poor Infrastructure,0.0028,,False,48.8091,-0.011,0.0025,Aligned,56,Unnamed Road,286
1982,Unnamed Road,Urban Road,URB-01982,1982,12.9644,77.5722,12.9643,77.5716,55.6,792.8,792.856,15.8741,Aligned,0.8485,0.852,0.1415,-0.0079,0.0035,48.1253,50.5174,99.8912,7.3297,20.829,80.2799,76.0092,0.3279,60.0,11.9007,No,0.0,-0.0015,0.0141,Poor,Medium,0.3778,10.0,10.3772,21.8286,Safe,68.6232,51.0395,19.0546,Aligned,49.0098,51.8911,Separated Traffic,Peri-Urban,8.0812,True,Commercial,Poor Infrastructure,-0.0018,,False,45.4233,0.0048,-0.008,Aligned,48,Unnamed Road,287
1983,Unnamed Road,Urban Road,URB-01983,1983,12.9645,77.5737,12.9646,77.5741,50.7,793.2,793.251,16.3726,Aligned,0.8114,0.8137,0.2139,0.0212,0.0043,53.1676,56.0046,97.5702,38.1664,37.2667,78.8502,72.928,0.0,58.9985,33.4691,No,0.0,0.0002,0.93,Good,High,0.5609,10.0,10.0,24.0661,Safe,74.8469,54.8884,20.7382,Aligned,52.0405,68.5796,Separated Traffic,Urban,7.1086,True,Mixed,Approach to Congestion (Tapered),0.0049,,True,40.6832,-0.0218,0.0005,Aligned,56,Unnamed Road,288
1984,Unnamed Road,Urban Road,URB-01984,1984,12.9645,77.5726,12.9646,77.5732,64.9,793.6,793.665,17.0355,Aligned,0.7962,0.7595,0.1699,0.0178,-0.004,58.8525,57.9249,99.7653,6.5578,23.4935,80.6668,53.6231,0.0,60.0,6.3758,No,0.0,-0.0027,-0.0118,Good,High,0.5011,10.0,10.1585,23.3124,Safe,69.1295,56.8677,19.6852,Aligned,58.2175,66.7757,Separated Traffic,Urban,6.097,True,Commercial,Poor Infrastructure,-0.01,,False,48.7642,0.0049,-0.0095,Aligned,58,Unnamed Road,289
1985,Unnamed Road,Urban Road,URB-01985,1985,12.9646,77.5732,12.9645,77.5737,59.3,794.0,794.059,14.8424,Aligned,0.8853,0.8917,0.0827,-0.0071,-0.0053,67.2316,65.0663,99.9293,0.615,14.7714,79.0582,62.2201,0.0,60.0,11.1649,No,0.0,-0.0053,-0.0696,Poor,Medium,0.2681,10.0,10.0,21.4869,Safe,68.7676,66.2367,18.1427,Aligned,64.9972,31.7272,Separated Traffic,Rural,4.9385,True,Industrial,Poor Infrastructure,0.0057,,False,54.5426,-0.0107,0.0035,Aligned,66,Unnamed Road,290
1986,Unnamed Road,Urban Road,URB-01986,1986,12.9643,77.5716,12.9643,77.5711,60.8,794.4,794.461,33.6314,Moderate Misalignment,0.7276,0.251,0.7749,0.0437,0.0065,62.2556,65.1267,100.0,4.4855,20.4694,81.3746,50.3756,0.0,60.0,9.5623,No,0.0,0.0022,0.0223,Poor,High,0.3045,10.0,10.0,22.0481,Safe,68.4,66.2995,20.0737,Aligned,67.449,50.5943,Separated Traffic,Peri-Urban,3.9398,True,Residential,Poor Infrastructure,0.2303,Light,False,45.2431,0.002,-0.0017,Moderate Misalignment,64,Unnamed Road,291
1987,Unnamed Road,Urban Road,URB-01987,1987,12.9645,77.5721,12.9645,77.5726,49.6,794.8,794.85,13.4249,Aligned,0.8775,0.8763,0.1078,0.0158,0.011,56.9335,59.6362,100.0,0.0,16.1803,80.6932,28.7757,0.0,60.0,10.3703,No,0.0,0.006,-0.0077,Poor,Medium,0.3629,10.0,10.0,20.9255,Safe,68.318,57.5236,17.5978,Aligned,58.5265,35.459,Separated Traffic,Rural,4.9717,True,Residential,Active Congestion | Poor Infrastructure,0.6241,Severe,False,23.0492,-0.0021,-0.0046,Aligned,60,Unnamed Road,292
1988,Unnamed Road,Urban Road,URB-01988,1988,12.9812,77.5769,12.9806,77.577,66.5,795.2,795.267,10.138,Aligned,0.9752,0.9739,0.0656,0.014,-0.0019,30.3847,31.8567,87.3253,20.8341,29.4893,51.5353,76.6995,0.1514,43.0875,22.7064,No,0.0,0.011,0.0451,Poor,Medium,2.3318,10.0,10.1239,23.1131,Safe,72.9816,30.571,19.9841,Aligned,33.9089,54.1341,Side Impact Potential,Urban,5.3809,True,Commercial,Poor Infrastructure,0.0091,,False,25.0475,0.0026,0.0125,Aligned,29,Unnamed Road,293
1989,Unnamed Road,Urban Road,URB-01989,1989,12.9505,77.6034,12.9483,77.6026,261.0,795.6,795.861,11.6005,Aligned,0.949,0.9489,-0.0047,0.0098,0.0056,35.8559,32.7032,80.3796,51.0078,35.177,48.1221,67.4968,0.0,49.1445,36.6687,No,0.0,0.0018,-0.0673,Poor,Low,2.044,10.0,10.0959,20.7767,Safe,79.4791,35.2264,19.5275,Aligned,33.4175,57.3358,Side Impact Potential,Urban,6.172,False,Residential,Meets Safe System Standards,0.0073,,False,29.2683,-0.0015,0.0049,Aligned,37,Unnamed Road,294