segment_id,road_name,road_type,human_segment_id,internal_id,start_lat,start_lon,end_lat,end_lon,length_m,start_km,end_km,road_risk_score,ai_risk_label,ai_risk_probability,prob_low_risk,prob_medium_risk,prob_high_risk,prob_critical_risk,ai_recommended_speed,recommended_safe_speed,road_function_score,infrastructure_score,exposure_score,human_tolerance_limit,operating_speed_score,crash_risk_score,posted_speed_limit,pedestrian_exposure_score,blackspot_flag,crash_count,fatal_crashes,schools_count,lighting_quality,roadside_hazards,intersection_density,speed_compliance_rate,speed_violation_score,hotspot_score,hotspot_category,speed_safety_score,original_safe_speed,misalignment_score,misalignment_category,speed_p85,ptw_share_pct,exposure_tier,urban_rural_flag,lane_count,median_presence,land_use_type,top_ai_factors,congestion_index,congestion_category,congestion_smoothed,operating_speed_mean,minor_crashes,major_crashes,risk_category,final_safe_speed,corridor_base,corridor_seq
1990,Unnamed Road,Urban Road,URB-01990,1990,12.8932,77.5136,12.8921,77.5144,145.9,796.0,796.146,67.1475,High Misalignment,0.7911,0.012,0.1852,0.7811,-0.0037,27.8272,31.9833,98.7828,64.2764,43.8527,32.0162,80.3998,0.0,59.4316,57.3185,No,0.0,-0.004,2.0182,Poor,Medium,0.3088,10.0,10.2264,39.4295,Moderate Risk,56.0547,29.0668,62.9234,High Misalignment,62.5486,52.4345,Significant Pedestrian Interaction,Peri-Urban,7.9024,False,Residential,Speed Limit Misaligned | High Pedestrian Interaction | Above Human Tolerance Limit,0.1896,Light,False,46.1151,-0.0099,-0.008,High Misalignment,29,Unnamed Road,295
1991,Unnamed Road,Urban Road,URB-01991,1991,12.8794,77.5165,12.8786,77.5166,93.3,796.4,796.493,9.8111,Aligned,0.9893,0.941,0.025,-0.0058,-0.0106,17.9214,20.9495,30.4604,17.8223,19.9565,50.3077,91.0356,0.0,20.0,14.5293,No,0.0,0.0001,0.0117,Good,Low,1.4227,10.0,10.4026,20.6526,Safe,73.0063,17.7368,17.5329,Aligned,15.4179,43.8801,Side Impact Potential,Rural,1.8545,False,Residential,Poor Infrastructure,-0.0047,,False,17.0151,0.0019,-0.0098,Aligned,19,Unnamed Road,296
1992,Unnamed Road,Urban Road,URB-01992,1992,12.8786,77.5166,12.878,77.5166,63.0,796.8,796.863,25.0559,Aligned,0.5625,0.5506,0.4838,0.0221,0.0124,60.6207,60.5093,100.0,0.0,15.3821,81.6513,76.218,0.2023,60.0,2.3396,No,0.0,-0.0002,0.0225,Good,Medium,0.2324,10.0,10.2487,21.2312,Safe,68.6188,59.3711,18.4622,Aligned,57.2797,42.994,Separated Traffic,Rural,8.1675,True,Residential,Approach to Congestion (Tapered) | Poor Infrastructure,-0.0166,,True,52.0549,-0.0151,-0.0024,Aligned,60,Unnamed Road,297
1993,Unnamed Road,Urban Road,URB-01993,1993,12.878,77.5166,12.8794,77.5165,154.4,797.2,797.354,9.7217,Aligned,0.9757,1.0122,0.0041,-0.0064,-0.0022,18.1386,18.9778,28.321,0.0325,18.5495,49.3892,91.8394,0.4309,20.0,10.4356,No,0.0,-0.0054,0.0014,Poor,Medium,0.8165,10.0,10.0,21.8009,Safe,68.821,18.3342,17.8916,Aligned,18.4418,43.1147,Side Impact Potential,Rural,0.7916,False,Residential,Poor Infrastructure,0.0129,,False,12.7261,0.0168,0.0061,Aligned,17,Unnamed Road,298
1994,Unnamed Road,Urban Road,URB-01994,1994,12.8794,77.5165,12.8806,77.5164,144.7,797.6,797.745,13.789,Aligned,0.8968,0.8913,0.1351,0.0165,0.0054,37.3972,33.9305,82.2267,17.956,23.8086,51.0406,84.3573,0.5535,39.4568,12.1097,No,0.0,-0.0025,-0.0012,Good,Low,1.962,10.0,10.6663,22.6145,Safe,71.6464,33.9901,20.2459,Aligned,34.8694,60.5741,Side Impact Potential,Urban,2.8833,True,Mixed,Poor Infrastructure,-0.0043,,False,30.9893,0.0023,-0.0053,Aligned,35,Unnamed Road,299
1995,Unnamed Road,Urban Road,URB-01995,1995,12.8806,77.5165,12.8794,77.5165,144.5,798.0,798.144,13.3935,Aligned,0.9022,0.9001,0.0577,0.0072,-0.0089,27.0042,27.7577,54.4095,6.0593,23.6458,49.7201,89.9039,0.0,30.6822,10.2034,No,0.0,-0.0003,-0.05,Poor,Low,2.2271,10.0,10.0,22.7851,Safe,70.7386,28.5479,20.5041,Aligned,28.1751,58.1176,Side Impact Potential,Peri-Urban,3.1233,False,Commercial,Poor Infrastructure,0.0203,,False,20.8527,-0.0024,0.0087,Aligned,28,Unnamed Road,300
1996,Unnamed Road,Urban Road,URB-01996,1996,12.8921,77.5144,12.8904,77.5154,220.4,798.4,798.62,15.2089,Aligned,0.8622,0.8591,0.1248,0.0226,0.0022,35.4729,32.0795,85.32,14.8838,29.2741,69.7004,87.2807,0.004,39.7376,18.3485,No,0.0,0.0042,0.0738,Poor,Low,1.5099,10.0,10.0,24.0902,Safe,70.0178,33.2386,20.1066,Aligned,34.2749,66.9127,Separated Traffic,Urban,4.9219,True,Industrial,Poor Infrastructure,-0.0149,,False,29.9702,0.0024,-0.0036,Aligned,37,Unnamed Road,301
1997,Unnamed Road,Urban Road,URB-01997,1997,12.8917,77.5147,12.8921,77.5144,56.1,798.8,798.856,10.0832,Aligned,0.9998,0.986,0.0139,-0.0065,0.0065,34.9339,33.4184,60.5,38.6085,30.1734,47.3335,75.5311,0.1295,41.4386,24.4878,No,0.0,0.0076,-0.0157,Good,Low,2.7932,10.0,10.286,22.1289,Safe,76.0429,32.6682,21.0868,Aligned,33.7163,62.6196,Side Impact Potential,Urban,3.1417,True,Residential,Meets Safe System Standards,0.1854,Light,False,25.549,-0.006,0.0,Aligned,36,Unnamed Road,302
1998,Unnamed Road,Urban Road,URB-01998,1998,12.8904,77.5154,12.8884,77.5161,237.0,799.2,799.437,12.6931,Aligned,0.9524,0.9482,0.042,0.009,0.0016,19.9503,22.258,55.5041,21.8313,21.9034,49.5655,79.1716,0.0,40.1694,19.143,No,0.0,0.003,0.0873,Good,Low,0.7215,10.0,10.0,20.6091,Safe,72.5719,20.3736,18.357,Aligned,18.3386,36.7162,Side Impact Potential,Rural,3.021,False,Industrial,Poor Infrastructure,0.2013,Light,False,15.6194,-0.0136,0.0014,Aligned,21,Unnamed Road,303
1999,Unnamed Road,Urban Road,URB-01999,1999,12.8884,77.5161,12.8882,77.5161,28.5,799.6,799.629,10.7204,Aligned,0.9429,0.9332,0.0361,-0.008,-0.0131,49.2994,49.4022,82.1413,23.2998,37.7306,50.3782,85.0566,0.1826,39.1425,34.6057,No,0.0,0.0013,1.0302,Good,Medium,1.493,10.0,31.1024,31.2797,Moderate Risk,63.7563,49.3862,36.7891,Moderate Misalignment,54.8949,62.0741,Side Impact Potential,Peri-Urban,6.0509,False,Commercial,Poor Infrastructure,0.0042,,False,45.5422,-0.0053,0.0039,Aligned,49,Unnamed Road,304
2000,Unnamed Road,Urban Road,URB-02000,2000,12.8882,77.5161,12.8864,77.5162,196.5,800.0,800.197,43.1589,Moderate Misalignment,0.8741,0.0487,0.8719,0.1063,0.0036,41.0594,41.9003,100.0,53.3149,42.7592,48.7293,64.024,0.0,60.0,36.4044,No,0.0,0.0029,0.995,Good,Medium,0.5675,10.0,10.0,29.3756,Moderate Risk,70.3077,40.7889,35.3626,Moderate Misalignment,41.0188,66.9958,Side Impact Potential,Urban,4.003,True,Residential,Above Human Tolerance Limit,-0.0088,,False,36.1236,0.0086,-0.0075,Moderate Misalignment,42,Unnamed Road,305
2001,Unnamed Road,Urban Road,URB-02001,2001,12.8837,77.5163,12.8834,77.5163,45.3,800.4,800.445,39.3218,Moderate Misalignment,0.9221,0.0543,0.9157,0.0576,0.0042,80.8398,80.441,97.2062,21.3229,21.6253,80.3247,98.39,0.2492,60.0,12.4315,No,0.0,-0.0007,-0.0139,Poor,High,0.4379,10.0,15.5003,25.13,Moderate Risk,66.3046,78.2016,29.4761,Moderate Misalignment,88.2628,51.0198,Separated Traffic,Peri-Urban,8.1642,True,Residential,Poor Infrastructure,-0.0198,,False,78.7573,-0.0016,-0.0139,Moderate Misalignment,79,Unnamed Road,306
2002,Unnamed Road,Urban Road,URB-02002,2002,12.8834,77.5163,12.8818,77.5164,176.5,800.8,800.977,22.3976,Aligned,0.6272,0.6475,0.3667,0.0359,0.0032,68.8769,64.9066,100.0,20.103,21.1223,80.0801,55.0849,0.1174,60.0,10.0213,No,0.0,0.0028,-0.0037,Poor,High,0.411,10.0,10.0631,25.8514,Moderate Risk,65.0391,67.0521,31.2154,Moderate Misalignment,65.6349,56.4569,Separated Traffic,Urban,7.0465,True,Commercial,Poor Infrastructure | Above Human Tolerance Limit,-0.0099,,False,60.3898,0.0018,-0.0107,Aligned,68,Unnamed Road,307
2003,Unnamed Road,Urban Road,URB-02003,2003,12.8834,77.5163,12.8864,77.5161,336.5,801.2,801.537,11.9304,Aligned,0.9439,0.9398,0.0774,-0.0108,-0.0041,17.576,19.3826,31.8373,2.1627,19.6432,50.7079,90.352,0.0,20.0,2.7543,No,0.0,-0.0022,-0.0879,Good,Medium,3.7173,10.0,10.2651,22.0394,Safe,67.9459,18.2442,19.8376,Aligned,16.274,59.3882,Side Impact Potential,Peri-Urban,1.8286,False,Residential,Poor Infrastructure,0.0014,,False,15.1269,0.0228,0.0119,Aligned,18,Unnamed Road,308
2004,Unnamed Road,Urban Road,URB-02004,2004,12.8818,77.5163,12.8834,77.5163,181.7,801.6,801.782,23.4042,Aligned,0.6029,0.5878,0.3517,0.0418,0.0137,29.8074,27.4217,49.5484,60.6167,47.2327,30.2672,95.8862,4.5464,30.1829,51.292,No,0.0,-0.0086,1.9883,Good,Low,4.1603,10.0,10.5704,25.8831,Moderate Risk,76.8282,30.3054,24.8287,Aligned,29.6285,58.1493,Significant Pedestrian Interaction,Urban,1.9246,False,Mixed,High Pedestrian Interaction,-0.0028,,False,27.8906,1.0077,-0.0063,Aligned,30,Unnamed Road,309
2005,Unnamed Road,Urban Road,URB-02005,2005,12.8864,77.5161,12.8882,77.5161,197.1,802.0,802.197,12.7956,Aligned,0.9532,0.9701,0.0035,-0.0094,-0.0048,37.0982,37.6423,78.4596,15.1796,30.9945,50.9452,70.6816,0.2006,48.6515,19.9695,No,0.0,0.0077,0.0356,Good,High,1.9243,10.0,10.0,24.2758,Safe,70.5607,34.6069,21.0637,Aligned,38.1302,62.4627,Side Impact Potential,Urban,1.9822,True,Commercial,Poor Infrastructure,-0.0048,,False,30.4508,0.002,-0.0182,Aligned,37,Unnamed Road,310
2006,Unnamed Road,Urban Road,URB-02006,2006,12.8818,77.5164,12.8814,77.5164,43.6,802.4,802.444,26.416,Aligned,0.5225,0.4983,0.4883,-0.005,-0.0102,37.0236,37.5446,32.2531,11.9403,24.4847,49.1792,97.8276,0.0,31.4755,13.6681,No,0.0,0.0028,0.005,Poor,Medium,3.0367,10.0,23.0301,26.5218,Moderate Risk,65.9333,36.1155,28.3754,Moderate Misalignment,39.4997,58.51,Side Impact Potential,Peri-Urban,2.2458,False,Residential,Poor Infrastructure,0.0314,,False,33.1995,-0.0001,0.0061,Aligned,37,Unnamed Road,311
2007,Unnamed Road,Urban Road,URB-02007,2007,12.8882,77.5161,12.8904,77.5154,263.7,802.8,803.064,50.143,High Misalignment,0.5609,0.3461,0.1137,0.5575,-0.0086,78.3985,80.6321,100.0,0.0,14.2373,78.9102,83.6565,0.0,60.0,3.0433,No,0.0,-0.0057,-0.0002,Good,Low,0.2652,10.0,14.0404,36.8592,Moderate Risk,44.4257,79.7565,57.8358,High Misalignment,115.1361,43.1125,Separated Traffic,Rural,5.0992,True,Industrial,Speed Limit Misaligned | Poor Infrastructure | Above Human Tolerance Limit,0.1859,Light,False,88.2864,-0.0034,0.0011,High Misalignment,79,Unnamed Road,312
2008,Unnamed Road,Urban Road,URB-02008,2008,12.8814,77.5164,12.8806,77.5165,87.9,803.2,803.288,11.5906,Aligned,0.9823,0.9787,0.0053,0.0125,-0.0095,19.7511,18.9356,60.8403,1.6545,20.4057,49.772,81.0096,0.5968,29.1243,3.0197,No,0.0,-0.0012,0.0662,Poor,Medium,3.5609,10.0,10.0,23.0064,Safe,67.0481,20.495,18.9924,Aligned,21.2883,65.2338,Side Impact Potential,Urban,3.0669,True,Commercial,Poor Infrastructure,-0.0027,,False,16.2114,-0.026,-0.0172,Aligned,20,Unnamed Road,313
2009,Unnamed Road,Urban Road,URB-02009,2009,12.8806,77.5164,12.8818,77.5163,131.5,803.6,803.731,69.6375,High Misalignment,0.8738,0.0122,0.0928,0.8672,-0.0202,51.0597,47.7815,99.6174,49.1127,27.9057,48.1818,51.4207,10.1016,60.0,21.7218,No,0.0,0.0019,0.0204,Poor,Medium,0.2627,10.0,10.0,42.5102,Moderate Risk,45.7487,51.816,68.6394,High Misalignment,65.3094,60.8425,Side Impact Potential,Peri-Urban,5.1026,False,Residential,Speed Limit Misaligned | Above Human Tolerance Limit,0.0085,,False,56.3586,2.0032,0.0143,High Misalignment,49,Unnamed Road,314
2010,Unnamed Road,Urban Road,URB-02010,2010,12.8864,77.5162,12.8837,77.5163,298.6,804.0,804.299,41.5735,Moderate Misalignment,0.9792,-0.0076,0.9908,0.0163,0.001,29.3585,29.0083,89.1596,55.5961,46.4255,29.2458,99.1278,0.1444,38.9922,61.8699,No,0.0,-0.0035,2.0163,Good,High,2.0279,10.0,14.5598,32.7876,Moderate Risk,66.1641,29.322,40.5289,Moderate Misalignment,44.712,52.4202,Significant Pedestrian Interaction,Peri-Urban,5.8955,True,Residential,High Pedestrian Interaction | Above Human Tolerance Limit,0.0028,,False,38.6999,-0.0066,0.007,Moderate Misalignment,30,Unnamed Road,315
2011,Unnamed Road,Urban Road,URB-02011,2011,12.8904,77.5154,12.8909,77.5151,53.3,804.4,804.453,38.3837,Moderate Misalignment,0.9557,0.0127,0.9605,0.0264,-0.0001,81.6129,79.5501,99.7695,24.7652,26.0464,78.5414,98.462,0.1128,59.3788,12.7282,No,0.0,0.0045,-0.0484,Good,High,0.3954,10.0,17.0462,27.4142,Moderate Risk,66.0466,77.9087,32.4436,Moderate Misalignment,96.7658,61.4786,Separated Traffic,Peri-Urban,5.9101,True,Residential,Poor Infrastructure,0.0053,,False,82.1919,0.0092,-0.0009,Moderate Misalignment,80,Unnamed Road,316
2012,Unnamed Road,Urban Road,URB-02012,2012,12.8909,77.5151,12.8913,77.5149,59.7,804.8,804.86,16.8855,Aligned,0.7363,0.7601,0.2813,-0.0023,-0.001,80.4224,80.3689,99.1687,1.2879,17.9026,80.3195,78.9411,0.2108,60.0,6.9532,No,0.0,0.0049,-0.0536,Poor,High,0.3304,10.0,10.0,24.2464,Safe,65.1175,79.6459,23.8209,Moderate Misalignment,84.4905,42.6787,Separated Traffic,Rural,7.1901,True,Residential,Poor Infrastructure,0.1826,Light,False,66.0423,0.0019,0.0104,Aligned,79,Unnamed Road,317
2013,Unnamed Road,Urban Road,URB-02013,2013,12.8913,77.5149,12.8917,77.5147,49.4,805.2,805.249,69.297,High Misalignment,0.8552,0.0057,0.1392,0.8504,-0.0062,48.4393,50.0933,73.1137,1.9575,21.472,51.1172,99.8343,0.0626,59.2957,11.9672,No,0.0,-0.0041,0.058,Good,Low,1.4804,10.0,29.8498,36.2067,Moderate Risk,49.0337,51.6965,52.6859,High Misalignment,76.2694,48.8121,Side Impact Potential,Peri-Urban,2.688,False,Mixed,Speed Limit Misaligned | Poor Infrastructure | Above Human Tolerance Limit,0.1526,Light,False,59.4312,0.012,0.0026,High Misalignment,48,Unnamed Road,318
2014,Unnamed Road,Urban Road,URB-02014,2014,12.9006,77.5232,12.9017,77.5234,138.3,805.6,805.738,36.8228,Moderate Misalignment,0.8097,0.1319,0.7996,0.0663,-0.006,80.0269,79.3637,98.7019,20.3953,16.7972,81.2834,83.8672,0.0618,58.4083,7.8239,No,0.0,0.0011,-0.0005,Poor,Medium,0.339,10.0,10.0242,24.7352,Safe,66.7162,79.82,28.6821,Moderate Misalignment,85.2994,43.9017,Separated Traffic,Rural,4.9331,True,Residential,Poor Infrastructure | Above Human Tolerance Limit,0.0326,,False,80.6071,-0.0092,-0.0007,Moderate Misalignment,79,Unnamed Road,319
2015,Unnamed Road,Urban Road,URB-02015,2015,12.9001,77.5232,12.9006,77.5232,47.2,806.0,806.047,12.7026,Aligned,0.8811,0.9181,0.0799,0.0153,0.0058,29.8263,29.0361,77.3618,5.6906,26.0275,48.5807,53.4222,0.0164,39.615,15.7035,No,0.0,-0.0047,0.0157,Good,Medium,1.4693,10.0,10.0,24.4877,Safe,68.3328,26.0962,20.1839,Aligned,28.4006,55.7073,Side Impact Potential,Peri-Urban,4.8699,False,Residential,Active Congestion | Poor Infrastructure,0.6856,Severe,False,10.0,0.0004,-0.0032,Aligned,30,Unnamed Road,320
2016,Unnamed Road,Urban Road,URB-02016,2016,12.8951,77.5228,12.8955,77.5228,39.7,806.4,806.44,42.4091,Moderate Misalignment,0.9727,-0.0117,1.005,0.0158,-0.011,29.4239,29.7013,88.788,55.6181,46.1494,29.1286,98.3839,0.2291,40.0208,58.5659,No,0.0,0.0097,2.037,Good,High,1.9083,10.0,13.5561,32.7945,Moderate Risk,66.7255,30.0298,41.5783,Moderate Misalignment,46.0496,52.5075,Significant Pedestrian Interaction,Peri-Urban,5.867,True,Residential,High Pedestrian Interaction | Above Human Tolerance Limit,0.0046,,False,42.3636,0.0005,0.0019,Moderate Misalignment,29,Unnamed Road,321
2017,Unnamed Road,Urban Road,URB-02017,2017,12.8955,77.5228,12.8978,77.523,260.1,806.8,807.06,32.5375,Moderate Misalignment,0.7835,0.2161,0.7388,-0.0055,-0.0011,49.3318,50.8828,70.6177,7.3487,22.64,48.1374,99.4279,0.0,47.7433,10.6877,No,0.0,0.0003,0.0126,Poor,High,2.0085,10.0,27.0535,28.1795,Moderate Risk,60.619,50.5366,34.1303,Moderate Misalignment,64.1456,52.1795,Side Impact Potential,Peri-Urban,2.2426,False,Residential,Poor Infrastructure,0.157,Light,False,50.8378,0.0059,-0.0101,Moderate Misalignment,47,Unnamed Road,322
2018,Unnamed Road,Urban Road,URB-02018,2018,12.8951,77.5231,12.8948,77.523,37.9,807.2,807.238,38.9268,Moderate Misalignment,0.8363,0.134,0.8473,0.0526,-0.003,28.3997,29.7786,84.0998,76.3836,43.6829,29.9259,83.5281,0.2015,39.4212,45.3635,No,0.0,-0.002,-0.0388,Good,High,2.1372,10.0,10.6536,26.1946,Moderate Risk,76.0343,31.1692,30.6856,Moderate Misalignment,38.786,65.6351,Significant Pedestrian Interaction,Urban,4.0728,True,Residential,High Pedestrian Interaction | Above Human Tolerance Limit,-0.0038,,False,29.3736,-0.0051,0.0049,Moderate Misalignment,31,Unnamed Road,323
2019,Unnamed Road,Urban Road,URB-02019,2019,12.8978,77.5232,12.8951,77.5231,295.4,807.6,807.895,9.017,Aligned,0.9865,0.9892,0.02,-0.0334,0.0008,30.7846,30.7137,74.8674,15.4953,29.57,47.8674,77.8263,0.0462,39.7835,21.0434,No,0.0,0.001,0.02,Good,High,1.3811,10.0,10.0139,23.7841,Safe,69.6732,30.3215,20.6862,Aligned,30.9781,58.2699,Side Impact Potential,Urban,4.1819,False,Commercial,Poor Infrastructure,-0.0126,,False,25.0807,0.005,0.0074,Aligned,29,Unnamed Road,324
2020,Unnamed Road,Urban Road,URB-02020,2020,12.8978,77.523,12.8982,77.5231,43.5,808.0,808.043,39.4815,Moderate Misalignment,0.8714,0.0975,0.8479,0.0616,-0.0045,79.5753,81.2305,97.7941,10.406,19.7598,77.5551,96.9101,0.1928,60.0,11.8025,No,0.0,-0.0052,0.0309,Good,Low,0.4828,10.0,24.9193,30.3724,Moderate Risk,59.1602,79.5984,40.1703,Moderate Misalignment,100.0012,50.3519,Separated Traffic,Peri-Urban,4.9438,True,Residential,Poor Infrastructure,0.144,Light,False,77.7276,0.0042,0.0018,Moderate Misalignment,79,Unnamed Road,325
2021,Unnamed Road,Urban Road,URB-02021,2021,12.901,77.5234,12.9005,77.5234,53.0,808.4,808.453,11.2158,Aligned,0.9218,0.9286,0.0581,0.0129,-0.0031,22.6471,23.0555,30.7886,30.1653,35.4795,29.783,78.8986,0.288,30.2643,34.6743,No,0.0,0.0093,1.0097,Poor,High,2.7234,10.0,10.0,24.0993,Safe,72.5546,20.33,21.1454,Aligned,21.934,54.0711,Significant Pedestrian Interaction,Peri-Urban,1.1722,False,Residential,High Pedestrian Interaction | Poor Infrastructure,0.2077,Light,False,16.5387,0.0133,0.0022,Aligned,22,Unnamed Road,326
2022,Unnamed Road,Urban Road,URB-02022,2022,12.9005,77.5234,12.9001,77.5233,42.0,808.8,808.842,11.7019,Aligned,0.9536,0.9373,0.0504,0.0026,0.0025,37.7412,36.5578,76.3161,14.5212,28.7457,49.8848,66.8495,0.0,47.7836,13.9482,No,0.0,-0.0066,0.0241,Poor,Medium,1.7279,10.0,10.1712,22.999,Safe,71.0877,38.1133,19.7492,Aligned,37.5523,65.8585,Side Impact Potential,Urban,5.2447,False,Residential,Poor Infrastructure,0.2072,Light,False,28.5674,0.0005,0.0025,Aligned,40,Unnamed Road,327
2023,Unnamed Road,Urban Road,URB-02023,2023,12.8934,77.523,12.8928,77.5229,61.2,809.2,809.261,18.92,Aligned,0.6488,0.6455,0.3426,0.0182,-0.0058,37.7938,39.4887,88.1462,18.8238,26.7904,50.3289,88.8201,0.449,41.4287,15.947,No,0.0,0.0034,0.0544,Good,High,2.0966,10.0,10.2305,21.4973,Safe,71.4983,36.2835,20.4101,Aligned,38.4689,62.6854,Side Impact Potential,Urban,6.2123,True,Mixed,Poor Infrastructure,-0.004,,False,32.2148,0.0087,0.0081,Aligned,38,Unnamed Road,328
2024,Unnamed Road,Urban Road,URB-02024,2024,12.8938,77.523,12.8934,77.523,47.1,809.6,809.647,22.3574,Aligned,0.6059,0.6164,0.3948,0.0117,-0.0081,29.495,29.8411,50.7437,40.7589,36.4018,30.0179,95.5082,0.3801,30.5034,35.9138,No,0.0,0.0011,1.0176,Good,Low,2.5344,10.0,10.0665,24.2034,Safe,75.9862,29.8092,21.8091,Aligned,31.9754,62.2187,Significant Pedestrian Interaction,Urban,1.8721,False,Industrial,High Pedestrian Interaction,0.002,,False,25.7726,-0.0019,-0.0064,Aligned,30,Unnamed Road,329
2025,Unnamed Road,Urban Road,URB-02025,2025,12.8942,77.523,12.8938,77.523,45.5,810.0,810.045,38.5763,Moderate Misalignment,0.9851,0.039,0.9975,0.0033,0.0014,51.1727,48.6379,50.8877,36.4942,44.4194,50.7977,99.1576,0.0,41.0728,49.2208,No,0.0,0.0063,1.0492,Good,Medium,2.3901,10.0,35.8607,32.8689,Moderate Risk,64.9915,51.0375,37.6386,Moderate Misalignment,51.981,65.639,Side Impact Potential,Urban,3.8713,False,Commercial,Meets Safe System Standards,0.2169,Light,False,39.5859,0.001,-0.0057,Moderate Misalignment,52,Unnamed Road,330
2026,Unnamed Road,Urban Road,URB-02026,2026,12.8945,77.523,12.8942,77.523,32.7,810.4,810.433,14.2479,Aligned,0.9358,0.918,0.0445,0.0251,0.004,33.408,34.7883,81.5978,46.2588,41.0782,50.8832,68.881,0.3138,50.8866,38.2035,No,0.0,-0.0042,2.0865,Good,Low,1.9902,10.0,10.0558,24.1454,Safe,77.1046,33.4015,22.2309,Aligned,35.725,61.5926,Side Impact Potential,Urban,5.9229,False,Mixed,Meets Safe System Standards,-0.0103,,False,30.9298,0.004,0.0062,Aligned,34,Unnamed Road,331
2027,Unnamed Road,Urban Road,URB-02027,2027,12.8948,77.523,12.8945,77.523,33.6,810.8,810.834,10.9803,Aligned,0.8808,0.8605,0.1176,0.0043,-0.0124,30.4477,32.1193,65.3343,30.4754,31.7158,48.9617,93.7699,0.1784,29.3159,24.6333,No,0.0,-0.0032,0.0042,Good,Medium,3.8615,10.0,10.0,23.629,Safe,73.2235,33.8124,20.6355,Aligned,30.8334,62.4977,Side Impact Potential,Urban,4.1839,True,Mixed,Poor Infrastructure,0.0138,,False,28.1962,-0.0189,-0.0136,Aligned,31,Unnamed Road,332
2028,Unnamed Road,Urban Road,URB-02028,2028,12.8982,77.5231,12.8985,77.5231,34.8,811.2,811.235,10.5775,Aligned,0.9792,0.9801,0.0117,-0.0098,-0.0019,28.0908,27.3401,80.496,27.855,28.0288,67.7347,70.6736,0.0,39.6372,15.4335,No,0.0,0.003,0.0661,Poor,Low,1.5793,10.0,10.0,22.1181,Safe,74.9156,23.5321,18.7292,Aligned,25.9483,66.3986,Separated Traffic,Urban,1.9821,True,Mixed,Poor Infrastructure,-0.0226,,False,21.0803,-0.0065,0.0151,Aligned,29,Unnamed Road,333
2029,Unnamed Road,Urban Road,URB-02029,2029,12.899,77.5233,12.8986,77.5232,43.5,811.6,811.644,34.8922,Moderate Misalignment,0.8542,0.1662,0.8326,-0.0024,0.0084,50.2988,48.8048,54.8857,14.2964,21.6269,49.0589,96.2403,0.4766,40.209,5.6981,No,0.0,-0.0003,-0.0001,Good,High,2.2769,10.0,29.5019,26.0288,Moderate Risk,64.4682,50.0271,31.5544,Moderate Misalignment,49.2848,57.2207,Side Impact Potential,Peri-Urban,4.0625,False,Industrial,Poor Infrastructure,-0.0073,,False,41.812,-0.0246,0.0045,Moderate Misalignment,51,Unnamed Road,334
2030,Unnamed Road,Urban Road,URB-02030,2030,12.8993,77.5233,12.899,77.5233,32.9,812.0,812.033,72.1442,High Misalignment,0.8872,0.0202,0.1291,0.8564,-0.0004,28.093,31.0143,88.3853,35.2968,48.2153,29.3889,97.5381,0.0,41.0606,51.3296,No,0.0,-0.0032,0.9732,Poor,Low,2.0361,10.0,33.9902,39.0287,Moderate Risk,56.0204,29.8126,52.5916,High Misalignment,53.0375,67.8389,Significant Pedestrian Interaction,Urban,5.9447,True,Residential,Speed Limit Misaligned | High Pedestrian Interaction | Above Human Tolerance Limit,0.1685,Light,False,42.151,-0.004,0.0027,High Misalignment,29,Unnamed Road,335
2031,Unnamed Road,Urban Road,URB-02031,2031,12.8986,77.5232,12.8978,77.5232,93.4,812.4,812.493,16.6172,Aligned,0.8158,0.8317,0.1866,0.0026,-0.0042,63.0867,65.717,100.0,14.5722,19.1236,80.0855,74.7805,0.3866,60.0,9.2093,No,0.0,-0.0054,0.9691,Poor,Low,0.3344,10.0,10.0,20.8412,Safe,72.0104,64.1449,17.1164,Aligned,62.2729,48.7803,Separated Traffic,Peri-Urban,4.4364,True,Mixed,Poor Infrastructure,-0.0114,,False,51.9014,0.014,0.0064,Aligned,64,Unnamed Road,336
2032,Unnamed Road,Urban Road,URB-02032,2032,12.8997,77.5233,12.8993,77.5233,42.4,812.8,812.842,10.5682,Aligned,0.9479,0.9359,0.0597,0.0128,-0.0006,21.0172,21.9429,52.138,17.036,26.2029,50.2771,84.3768,0.0,30.8259,19.1606,No,0.0,-0.0024,0.029,Good,High,4.0214,10.0,10.9195,22.3935,Safe,70.7696,20.7353,20.6363,Aligned,22.1173,55.9569,Side Impact Potential,Urban,4.1118,False,Industrial,Poor Infrastructure,0.0045,,False,20.2562,0.008,-0.0015,Aligned,19,Unnamed Road,337
2033,Unnamed Road,Urban Road,URB-02033,2033,12.9001,77.5233,12.8997,77.5233,49.5,813.2,813.25,29.8827,Moderate Misalignment,0.4896,0.4434,0.4701,0.0276,0.0094,79.4864,80.1843,99.9383,0.0,13.1131,79.8366,79.8616,0.0,60.0,1.8434,No,0.0,-0.0006,-0.0053,Poor,Low,0.0759,10.0,10.5051,25.2675,Moderate Risk,60.8345,79.6563,30.5885,Moderate Misalignment,81.8367,38.6886,Separated Traffic,Rural,3.8256,True,Residential,Poor Infrastructure | Above Human Tolerance Limit,-0.0077,,False,77.8366,0.0035,-0.0039,Moderate Misalignment,79,Unnamed Road,338