segment_id,road_name,road_type,human_segment_id,internal_id,start_lat,start_lon,end_lat,end_lon,length_m,start_km,end_km,road_risk_score,ai_risk_label,ai_risk_probability,prob_low_risk,prob_medium_risk,prob_high_risk,prob_critical_risk,ai_recommended_speed,recommended_safe_speed,road_function_score,infrastructure_score,exposure_score,human_tolerance_limit,operating_speed_score,crash_risk_score,posted_speed_limit,pedestrian_exposure_score,blackspot_flag,crash_count,fatal_crashes,schools_count,lighting_quality,roadside_hazards,intersection_density,speed_compliance_rate,speed_violation_score,hotspot_score,hotspot_category,speed_safety_score,original_safe_speed,misalignment_score,misalignment_category,speed_p85,ptw_share_pct,exposure_tier,urban_rural_flag,lane_count,median_presence,land_use_type,top_ai_factors,congestion_index,congestion_category,congestion_smoothed,operating_speed_mean,minor_crashes,major_crashes,risk_category,final_safe_speed,corridor_base,corridor_seq
2034,Unnamed Road,Urban Road,URB-02034,2034,12.9017,77.5234,12.9014,77.5234,39.6,813.6,813.64,23.5165,Aligned,0.5671,0.5607,0.4522,0.0145,-0.0015,58.3596,57.4076,100.0,0.0,14.7075,81.0449,75.7837,0.0,60.0,2.6488,No,0.0,0.0011,0.0606,Good,Medium,0.1742,10.0,10.1069,21.2462,Safe,69.551,57.455,16.96,Aligned,58.8476,42.5831,Separated Traffic,Rural,7.6578,True,Residential,Approach to Congestion (Tapered) | Poor Infrastructure,-0.0067,,True,51.379,-0.009,-0.002,Aligned,59,Unnamed Road,339
2035,Unnamed Road,Urban Road,URB-02035,2035,12.9014,77.5234,12.901,77.5234,45.3,814.0,814.045,7.2945,Aligned,0.9526,0.9714,0.0364,-0.0029,0.011,25.7038,24.9286,52.1716,24.1031,27.9898,52.4201,85.7731,0.0,28.4878,14.861,No,0.0,-0.0065,-0.0354,Good,Low,2.236,10.0,10.0,22.6587,Safe,73.395,24.9351,20.1878,Aligned,26.0924,63.4451,Side Impact Potential,Urban,2.9591,False,Commercial,Poor Infrastructure,0.0091,,False,23.4448,0.014,0.0006,Aligned,26,Unnamed Road,340
2036,Unnamed Road,Urban Road,URB-02036,2036,12.8985,77.5231,12.8989,77.5231,45.0,814.4,814.445,39.352,Moderate Misalignment,0.9368,0.0365,0.9104,0.0563,-0.0053,80.3656,80.2432,98.8009,0.0,15.4703,81.419,92.9662,0.0425,60.0,2.8425,No,0.0,-0.0014,0.0259,Poor,Medium,0.1395,10.0,13.0835,25.3615,Moderate Risk,62.1573,78.1524,29.3912,Moderate Misalignment,91.6209,44.9139,Separated Traffic,Rural,6.066,True,Industrial,Poor Infrastructure,0.029,,False,84.2849,-0.0006,0.0038,Moderate Misalignment,81,Unnamed Road,341
2037,Unnamed Road,Urban Road,URB-02037,2037,12.8989,77.5231,12.8993,77.5231,45.2,814.8,814.845,15.9504,Aligned,0.8078,0.8387,0.1738,-0.0083,-0.0031,35.3495,38.9515,29.6548,19.8445,19.0506,50.7439,97.1198,0.291,29.7661,19.6723,No,0.0,0.0028,0.0382,Poor,Medium,2.0533,10.0,23.5134,23.375,Safe,70.0058,37.119,23.8332,Aligned,36.1353,32.5878,Side Impact Potential,Rural,0.9835,False,Industrial,Poor Infrastructure,0.1802,Light,False,27.018,-0.0107,0.0011,Aligned,36,Unnamed Road,342
2038,Unnamed Road,Urban Road,URB-02038,2038,12.8993,77.5231,12.8997,77.5232,47.5,815.2,815.248,9.244,Aligned,0.9713,0.9996,0.0095,-0.0014,-0.0098,36.4376,34.9517,79.4045,27.9576,28.0018,49.0491,78.9622,0.0616,40.1296,14.4025,No,0.0,0.0036,-0.04,Good,Low,1.8771,10.0,10.0,21.4903,Safe,74.2274,33.4807,20.1054,Aligned,33.744,67.0666,Side Impact Potential,Urban,6.2882,False,Industrial,Poor Infrastructure,-0.0094,,False,26.726,0.0059,-0.0037,Aligned,36,Unnamed Road,343
2039,Unnamed Road,Urban Road,URB-02039,2039,12.8997,77.5232,12.9001,77.5232,44.6,815.6,815.645,11.9618,Aligned,0.8854,0.9185,0.1001,0.0041,0.0131,39.8068,37.7923,71.3473,11.1317,24.2418,50.608,90.4785,0.1572,60.0,15.8478,No,0.0,-0.0042,-0.0512,Good,Low,1.4244,10.0,10.3085,23.4596,Safe,70.2152,40.237,19.3599,Aligned,38.5491,51.4276,Side Impact Potential,Peri-Urban,2.0174,False,Commercial,Poor Infrastructure,-0.0008,,False,33.591,0.0102,-0.0028,Aligned,41,Unnamed Road,344
2040,Unnamed Road,Urban Road,URB-02040,2040,12.9033,77.5235,12.9017,77.5234,188.9,816.0,816.189,36.7819,Moderate Misalignment,0.9485,0.0565,0.9187,0.0113,-0.0117,48.3927,49.5306,86.7282,36.4427,40.136,49.3916,90.8251,0.45,40.445,37.1211,No,0.0,0.0079,0.9354,Good,Low,2.5056,10.0,20.3945,28.5684,Moderate Risk,68.9497,47.5732,30.726,Moderate Misalignment,47.3193,67.7179,Side Impact Potential,Urban,5.9172,True,Commercial,Meets Safe System Standards,0.2037,Light,False,34.7922,0.0076,0.0193,Moderate Misalignment,48,Unnamed Road,345
2041,Unnamed Road,Urban Road,URB-02041,2041,12.8928,77.5226,12.8937,77.5227,100.3,816.4,816.5,23.6979,Aligned,0.522,0.4831,0.46,0.0075,-0.013,36.8451,35.9745,30.8587,12.0554,25.0136,49.242,98.0018,0.2277,30.4642,15.747,No,0.0,-0.0052,-0.0096,Poor,Medium,3.06,10.0,24.0577,26.5126,Moderate Risk,66.1329,38.4274,28.6903,Moderate Misalignment,37.2401,57.1574,Side Impact Potential,Peri-Urban,1.893,False,Residential,Poor Infrastructure,0.0045,,False,29.9838,-0.0012,0.0063,Aligned,37,Unnamed Road,346
2042,Unnamed Road,Urban Road,URB-02042,2042,12.8937,77.5227,12.8951,77.5228,157.3,816.8,816.957,11.282,Aligned,0.9341,0.9131,0.1033,-0.0051,0.0059,15.9015,22.9232,27.5908,0.0,18.471,52.3839,92.2274,0.0,20.0,2.3474,No,0.0,0.0119,0.0398,Good,Medium,3.8189,10.0,10.0,23.1393,Safe,68.3922,18.6628,19.8805,Aligned,19.3412,59.9659,Side Impact Potential,Peri-Urban,1.8644,False,Residential,Poor Infrastructure,-0.0054,,False,16.8641,-0.007,0.0032,Aligned,17,Unnamed Road,347
2043,Unnamed Road,Urban Road,URB-02043,2043,12.8949,77.5554,12.8952,77.5526,356.7,817.2,817.557,11.6106,Aligned,0.9788,0.955,-0.0111,-0.0128,0.0075,29.3462,25.6702,72.4685,27.0683,31.9269,50.3502,79.3684,0.0,40.4141,23.6043,No,0.0,-0.0009,1.9324,Good,Medium,1.6697,10.0,10.0,22.9104,Safe,73.0075,28.2489,19.6827,Aligned,26.9489,59.5678,Side Impact Potential,Urban,3.0868,False,Commercial,Poor Infrastructure,-0.0179,,False,26.222,0.0035,-0.0102,Aligned,28,Unnamed Road,348
2044,Unnamed Road,Urban Road,URB-02044,2044,12.864,77.5543,12.8751,77.5598,1423.2,817.6,819.023,30.0144,Moderate Misalignment,0.5902,0.3878,0.5868,0.051,0.001,63.3441,65.3632,100.0,32.531,28.4107,79.8492,39.1735,0.0616,59.8323,22.0929,No,0.0,-0.006,0.0784,Poor,High,0.6815,10.0,10.2103,26.3972,Moderate Risk,68.5396,65.3113,32.923,Moderate Misalignment,64.4446,58.1472,Separated Traffic,Urban,6.9368,True,Residential,Poor Infrastructure | Above Human Tolerance Limit,0.1593,Light,False,49.0434,0.0084,-0.0108,Moderate Misalignment,65,Unnamed Road,349
2045,Unnamed Road,Urban Road,URB-02045,2045,13.0685,77.5597,13.0688,77.5604,87.1,818.0,818.087,8.9516,Aligned,0.9538,0.9795,0.0523,-0.0044,0.0158,18.5281,20.9755,52.8218,12.5033,24.4499,49.9658,79.635,0.0,29.7613,18.4627,No,0.0,-0.0021,0.0118,Poor,Medium,1.6133,10.0,10.0,22.6527,Safe,70.8182,18.671,18.1484,Aligned,20.096,46.1447,Side Impact Potential,Rural,1.9837,False,Industrial,Poor Infrastructure,0.1431,Light,False,16.2717,0.0006,-0.0021,Aligned,22,Unnamed Road,350
2046,Unnamed Road,Urban Road,URB-02046,2046,13.0684,77.5604,13.0688,77.5604,44.0,818.4,818.444,25.4556,Moderate Misalignment,0.5444,0.4526,0.512,0.0112,0.0,49.1115,51.6808,48.9194,0.5453,25.6365,49.5177,94.6272,0.4955,39.0834,14.0858,No,0.0,-0.0068,0.0155,Poor,Medium,3.953,10.0,30.1966,30.0329,Moderate Risk,59.6634,49.9575,35.3165,Moderate Misalignment,49.582,57.307,Side Impact Potential,Urban,1.7836,False,Commercial,Poor Infrastructure,0.0155,,False,43.2239,-0.0041,-0.002,Moderate Misalignment,48,Unnamed Road,351
2047,Unnamed Road,Urban Road,URB-02047,2047,13.069,77.5612,13.0688,77.5604,89.2,818.8,818.889,15.4611,Aligned,0.8621,0.8457,0.1427,0.0238,0.0048,62.1746,62.1349,99.0422,11.5186,15.4111,81.7405,70.8049,0.0,60.0,7.003,No,0.0,-0.0075,-0.0144,Poor,Medium,0.0952,10.0,10.3143,19.8263,Safe,70.5791,63.2581,18.2237,Aligned,61.7433,39.3177,Separated Traffic,Rural,4.7191,True,Industrial,Poor Infrastructure,0.0187,,False,50.6807,-0.0025,0.0075,Aligned,63,Unnamed Road,352
2048,Unnamed Road,Urban Road,URB-02048,2048,12.9797,77.6141,12.9796,77.6138,39.7,819.2,819.24,38.2822,Moderate Misalignment,0.8985,0.0479,0.9409,-0.0056,0.002,25.2251,26.0142,26.6701,0.0,24.4612,50.4744,98.8115,0.1261,60.0,12.1858,No,0.0,-0.0051,0.0459,Good,Medium,2.9535,10.0,19.423,26.3265,Moderate Risk,64.3701,27.9433,25.2659,Moderate Misalignment,23.5864,60.8837,Side Impact Potential,Peri-Urban,0.8676,False,Commercial,Poor Infrastructure,0.173,Light,False,18.1211,-0.0041,-0.008,Moderate Misalignment,22,Unnamed Road,353
2049,Unnamed Road,Urban Road,URB-02049,2049,12.9808,77.6147,12.9807,77.6145,27.8,819.6,819.628,12.1858,Aligned,0.9545,0.9591,0.0729,0.0206,-0.0042,38.8291,35.2743,88.9443,24.435,31.7297,48.9356,52.5111,0.0,40.0228,23.7718,No,0.0,0.0003,0.0376,Poor,High,2.4248,10.0,10.0,23.8341,Safe,71.5312,35.2517,21.5492,Aligned,36.146,59.6817,Side Impact Potential,Urban,6.0864,True,Residential,Active Congestion | Poor Infrastructure,0.7916,Severe,False,10.7376,-0.0068,0.0022,Aligned,39,Unnamed Road,354
2050,Unnamed Road,Urban Road,URB-02050,2050,12.9807,77.6145,12.9797,77.6141,112.7,820.0,820.113,9.2453,Aligned,0.9889,1.0166,0.006,-0.0006,-0.01,24.421,25.7019,27.3244,11.4571,18.6691,50.9209,98.8832,0.536,21.8926,14.3948,No,0.0,0.0008,-0.0439,Poor,High,1.175,10.0,30.5301,24.1167,Safe,67.3831,26.9587,25.5183,Aligned,25.1146,37.8261,Side Impact Potential,Rural,1.1735,False,Residential,Poor Infrastructure,0.1525,Light,False,18.9295,-0.0009,-0.0119,Aligned,22,Unnamed Road,355
2051,Unnamed Road,Urban Road,URB-02051,2051,12.9809,77.6144,12.9807,77.6145,27.4,820.4,820.427,65.9017,High Misalignment,0.7925,-0.0074,0.1591,0.7841,0.0004,30.6936,28.698,76.9049,43.7193,51.1933,29.6373,90.0581,0.3033,60.0,60.7179,No,0.0,-0.0081,2.0345,Good,Low,1.6595,10.0,16.0749,48.1481,Moderate Risk,44.4762,28.3206,73.6642,High Misalignment,67.6531,63.652,Significant Pedestrian Interaction,Urban,1.9416,True,Residential,Speed Limit Misaligned | High Pedestrian Interaction | Above Human Tolerance Limit,0.1691,Light,False,54.3518,-0.007,0.0048,High Misalignment,31,Unnamed Road,356
2052,Unnamed Road,Urban Road,URB-02052,2052,13.0099,77.5062,13.0036,77.5046,722.2,820.8,821.522,16.9113,Aligned,0.8708,0.8336,0.1528,0.0172,0.0006,20.3859,18.4134,28.1147,0.0,15.1806,49.6307,92.189,0.0,40.4953,4.4194,No,0.0,-0.0004,-0.0349,Poor,High,1.8133,10.0,10.0,20.4503,Safe,68.7171,16.348,16.3628,Aligned,19.8027,43.3431,Side Impact Potential,Rural,2.0068,False,Residential,Poor Infrastructure,0.2349,Light,False,13.0491,-0.0075,-0.0044,Aligned,20,Unnamed Road,357
2053,Unnamed Road,Urban Road,URB-02053,2053,12.9362,77.5127,12.9356,77.513,88.7,821.2,821.289,13.503,Aligned,0.9714,0.8969,0.006,0.0017,-0.0167,27.2067,28.115,55.0527,0.9703,18.5371,49.8988,92.167,0.1718,30.2075,4.2518,No,0.0,-0.0043,-0.031,Poor,Low,1.9287,10.0,10.1793,22.7544,Safe,67.9989,29.9501,18.154,Aligned,28.1073,55.8016,Side Impact Potential,Peri-Urban,4.0184,False,Mixed,Poor Infrastructure,-0.0086,,False,25.727,0.0097,-0.0026,Aligned,27,Unnamed Road,358
2054,Unnamed Road,Urban Road,URB-02054,2054,13.0399,77.5183,13.0401,77.5185,32.2,821.6,821.632,11.8648,Aligned,0.9249,0.9192,0.0482,0.0257,0.0041,37.0843,39.7878,46.8244,15.4593,21.295,51.8299,84.2042,0.1309,38.1312,9.8513,No,0.0,-0.0037,-0.0132,Poor,Low,1.7754,10.0,10.0,21.5394,Safe,72.2282,38.9673,18.2102,Aligned,39.4376,54.4977,Side Impact Potential,Peri-Urban,2.1074,False,Residential,Poor Infrastructure,0.1764,Light,False,30.9182,-0.0015,-0.003,Aligned,39,Unnamed Road,359
2055,Unnamed Road,Urban Road,URB-02055,2055,12.952,77.4997,12.952,77.4981,183.0,822.0,822.183,19.8871,Aligned,0.7408,0.7066,0.1946,0.0787,0.0018,61.826,66.8518,98.4684,1.0944,18.7044,77.6105,85.3878,0.2956,60.0,5.3215,No,0.0,0.0081,-0.0306,Good,High,0.5592,10.0,10.1264,22.4913,Safe,68.5215,63.2124,19.2742,Aligned,63.8019,56.0686,Separated Traffic,Urban,7.8451,True,Mixed,Poor Infrastructure,-0.0179,,False,59.613,0.0115,-0.0063,Aligned,62,Unnamed Road,360
2056,Unnamed Road,Urban Road,URB-02056,2056,13.0296,77.7179,13.029,77.7187,109.9,822.4,822.51,17.4028,Aligned,0.7731,0.8097,0.2013,0.0177,-0.0027,81.3677,80.1063,99.272,22.177,28.2944,80.8381,71.1138,0.4164,60.0,19.8842,No,0.0,0.0021,1.0003,Poor,High,0.4124,10.0,10.0,27.1639,Moderate Risk,65.563,81.2358,33.1112,Moderate Misalignment,89.2479,56.6592,Separated Traffic,Peri-Urban,6.1615,True,Residential,Approach to Congestion (Tapered) | Poor Infrastructure | Above Human Tolerance Limit,0.1534,Light,True,72.4794,-0.0005,0.0125,Aligned,80,Unnamed Road,361
2057,Unnamed Road,Urban Road,URB-02057,2057,13.029,77.7187,13.0285,77.7191,64.8,822.8,822.865,16.0541,Aligned,0.815,0.8587,0.1751,0.0011,-0.0055,61.3734,62.4228,96.6762,11.1543,15.893,81.0587,64.8135,0.5422,60.0,5.6845,No,0.0,-0.0017,0.0394,Poor,Medium,0.1301,10.0,10.2084,19.1889,Safe,71.896,60.9266,15.663,Aligned,64.5042,34.5243,Separated Traffic,Rural,4.8329,True,Mixed,Poor Infrastructure,0.2216,Light,False,44.7968,0.0066,0.0107,Aligned,61,Unnamed Road,362
2058,Unnamed Road,Urban Road,URB-02058,2058,13.029,77.7187,13.0296,77.7179,112.1,823.2,823.312,12.1405,Aligned,0.9455,0.984,0.0751,0.0206,-0.0115,31.6046,32.9626,70.6867,1.8371,24.7008,48.8652,70.9652,0.4662,50.3741,14.9974,No,0.0,-0.0013,-0.0195,Poor,Medium,1.6396,10.0,10.0,24.8275,Safe,68.1966,33.8729,21.0266,Aligned,32.9499,58.1487,Side Impact Potential,Peri-Urban,4.1237,False,Residential,Poor Infrastructure,-0.0063,,False,31.2699,0.0049,0.0078,Aligned,32,Unnamed Road,363
2059,Unnamed Road,Urban Road,URB-02059,2059,13.0263,77.7203,13.0266,77.7204,35.2,823.6,823.635,40.0761,Moderate Misalignment,0.943,-0.0003,0.9533,0.0348,0.0021,77.6291,75.963,100.0,25.358,31.1464,82.1406,92.8312,0.0,60.0,30.0631,No,0.0,0.0017,1.0544,Good,High,0.1992,10.0,28.6151,30.9089,Moderate Risk,62.3331,78.3559,38.6032,Moderate Misalignment,78.2994,50.5567,Separated Traffic,Peri-Urban,5.208,True,Industrial,Poor Infrastructure,0.2102,Light,False,57.5366,0.0048,0.0089,Moderate Misalignment,78,Unnamed Road,364
2060,Unnamed Road,Urban Road,URB-02060,2060,13.027,77.7202,13.0266,77.7204,46.3,824.0,824.046,13.4175,Aligned,0.9895,0.9775,0.0075,-0.0055,-0.0015,36.4231,37.8539,55.4286,6.6558,16.279,49.0748,82.9165,0.4488,40.9905,10.058,No,0.0,-0.0032,0.0177,Poor,Low,1.2101,10.0,10.0326,20.8495,Safe,70.3647,38.8576,16.9772,Aligned,39.2321,39.2436,Side Impact Potential,Rural,4.0841,False,Residential,Poor Infrastructure,0.2363,Light,False,28.7819,0.0014,-0.0022,Aligned,35,Unnamed Road,365
2061,Unnamed Road,Urban Road,URB-02061,2061,13.0273,77.7202,13.0275,77.7201,23.5,824.4,824.424,10.6473,Aligned,0.9698,0.9838,-0.0403,-0.009,-0.0013,26.0429,27.7187,27.4811,21.7689,16.3097,50.127,88.4626,0.2599,29.7807,6.4263,No,0.0,0.0057,-0.0385,Poor,Low,0.8558,10.0,10.1474,18.3437,Safe,73.2483,25.8459,17.7001,Aligned,26.0721,44.7016,Side Impact Potential,Rural,1.03,False,Residential,Poor Infrastructure,0.0062,,False,22.1213,-0.0009,-0.008,Aligned,27,Unnamed Road,366
2062,Unnamed Road,Urban Road,URB-02062,2062,13.0273,77.7202,13.027,77.7202,38.5,824.8,824.839,13.3811,Aligned,0.9515,0.9667,0.0492,0.0078,0.0009,34.9617,36.7756,49.029,0.0,14.1234,51.209,78.7658,0.0,60.0,3.0386,No,0.0,-0.0073,0.0246,Poor,Low,1.8242,10.0,10.2185,20.4866,Safe,69.6166,37.1073,17.3707,Aligned,36.3359,38.621,Side Impact Potential,Rural,2.259,False,Residential,Poor Infrastructure,0.2178,Light,False,26.9966,0.0179,0.0013,Aligned,36,Unnamed Road,367
2063,Unnamed Road,Urban Road,URB-02063,2063,13.0285,77.7191,13.0282,77.7194,48.1,825.2,825.248,10.8725,Aligned,0.9246,0.8977,0.0522,0.0276,0.0009,40.6308,37.8014,85.6817,20.37,24.6269,51.6457,54.9359,0.0,39.3093,12.4725,No,0.0,0.0019,0.0196,Poor,Medium,1.7044,10.0,10.0,21.2791,Safe,73.8018,39.4359,18.7938,Aligned,37.2865,58.0125,Side Impact Potential,Peri-Urban,5.1804,True,Mixed,Active Congestion | Poor Infrastructure,0.7347,Severe,False,10.0,-0.0025,0.0032,Aligned,41,Unnamed Road,368
2064,Unnamed Road,Urban Road,URB-02064,2064,13.0299,77.7176,13.0304,77.7172,61.5,825.6,825.662,9.0759,Aligned,1.0045,1.0147,0.0152,0.0068,0.0001,15.3852,20.4885,27.5563,0.5161,11.14,49.5504,89.086,0.5688,20.5914,2.2241,No,0.0,0.0017,0.0756,Poor,Low,2.4902,10.0,10.0583,19.4052,Safe,70.8892,17.5514,17.6809,Aligned,19.066,35.4326,Side Impact Potential,Rural,1.9305,False,Industrial,Poor Infrastructure,0.2199,Light,False,13.4361,0.0042,-0.0117,Aligned,14,Unnamed Road,369
2065,Unnamed Road,Urban Road,URB-02065,2065,13.0315,77.7163,13.0304,77.7172,165.6,826.0,826.166,13.1535,Aligned,0.9725,0.9663,0.0122,-0.0025,-0.0072,26.203,26.4899,31.9445,19.2376,23.3285,50.0444,92.2044,0.0,20.0,16.5823,No,0.0,-0.0005,-0.0053,Good,Low,3.5529,10.0,33.4503,24.7129,Safe,68.3013,27.6755,26.1078,Moderate Misalignment,27.3788,53.3217,Side Impact Potential,Peri-Urban,2.0293,False,Commercial,Poor Infrastructure,0.0018,,False,25.1607,0.0025,-0.0025,Aligned,26,Unnamed Road,370
2066,Unnamed Road,Urban Road,URB-02066,2066,13.0263,77.7203,13.0261,77.7206,54.3,826.4,826.454,27.9918,Moderate Misalignment,0.6755,0.3273,0.6428,0.0133,-0.0092,51.4491,49.1531,26.4008,9.7399,15.7128,50.8215,93.991,0.2516,40.9306,2.9002,No,0.0,-0.0019,0.0297,Poor,Medium,0.7677,10.0,29.9564,24.3789,Safe,63.7595,50.2268,29.5662,Moderate Misalignment,55.1448,43.2445,Side Impact Potential,Rural,2.1752,False,Industrial,Poor Infrastructure,0.0009,,False,43.8293,0.0047,-0.003,Moderate Misalignment,52,Unnamed Road,371
2067,Unnamed Road,Urban Road,URB-02067,2067,13.0299,77.7176,13.0296,77.7179,50.0,826.8,826.85,11.4791,Aligned,0.9894,0.99,0.0328,-0.0009,-0.005,28.0016,30.7925,74.6435,29.023,32.767,50.5623,75.6856,0.0,40.4291,21.8555,No,0.0,0.0003,2.0063,Good,Medium,1.4773,10.0,10.2833,22.9894,Safe,74.4618,28.4289,20.1765,Aligned,28.2489,58.659,Side Impact Potential,Urban,2.8998,False,Commercial,Poor Infrastructure,-0.0004,,False,25.0378,-0.0043,0.0014,Aligned,28,Unnamed Road,372
2068,Unnamed Road,Urban Road,URB-02068,2068,13.0275,77.7201,13.0282,77.7194,111.6,827.2,827.312,12.8058,Aligned,0.9835,1.0056,0.0357,0.0063,0.0016,41.6187,41.8165,83.2567,35.0086,31.1604,52.0646,47.2806,0.1271,52.8524,27.3715,No,0.0,0.0012,-0.0057,Good,High,1.8826,10.0,10.2874,21.7437,Safe,75.9548,40.0226,20.3739,Aligned,42.3527,56.3809,Side Impact Potential,Urban,3.9966,True,Commercial,Active Congestion,0.6091,Severe,False,15.2808,0.0041,0.0018,Aligned,42,Unnamed Road,373
2069,Unnamed Road,Urban Road,URB-02069,2069,13.0296,77.7179,13.0299,77.7176,50.5,827.6,827.651,33.8885,Moderate Misalignment,0.8318,0.156,0.8297,0.0205,-0.0045,45.7551,45.5669,54.1063,22.091,29.2296,48.3588,95.9533,0.0,40.9427,18.5554,No,0.0,-0.0137,0.0324,Good,Medium,2.624,10.0,13.3676,24.314,Safe,69.5046,44.2381,27.1913,Moderate Misalignment,44.7141,60.5349,Side Impact Potential,Peri-Urban,2.8262,False,Residential,Poor Infrastructure,-0.0066,,False,37.8482,0.0101,0.0072,Moderate Misalignment,47,Unnamed Road,374
2070,Unnamed Road,Urban Road,URB-02070,2070,12.961,77.5131,12.9608,77.5127,54.1,828.0,828.054,10.636,Aligned,0.9681,0.9316,0.0079,0.0041,-0.0087,29.5919,28.8079,58.199,53.0037,37.6394,47.9744,76.2223,0.0,39.6388,35.9371,No,0.0,0.0053,-0.0045,Good,Low,2.5824,10.0,10.0243,20.719,Safe,79.2545,29.167,19.7877,Aligned,30.7203,58.0106,Side Impact Potential,Peri-Urban,4.0296,False,Industrial,Meets Safe System Standards,0.1541,Light,False,23.5205,-0.0005,-0.0211,Aligned,30,Unnamed Road,375
2071,Unnamed Road,Urban Road,URB-02071,2071,12.9477,77.5678,12.9481,77.5677,46.5,828.4,828.447,38.9585,Moderate Misalignment,0.9111,0.0382,0.9627,0.0122,-0.0077,36.6376,36.0485,58.1231,0.2057,13.3007,69.7552,99.7383,0.0,28.423,0.8416,No,0.0,-0.0034,0.0006,Poor,Medium,1.4627,10.0,20.1414,22.734,Safe,65.6372,38.1768,23.6698,Aligned,36.8916,43.3136,Separated Traffic,Rural,1.6966,True,Residential,Poor Infrastructure,0.0158,,False,28.1438,-0.0068,-0.0036,Moderate Misalignment,35,Unnamed Road,376
2072,Unnamed Road,Urban Road,URB-02072,2072,12.9479,77.5681,12.9477,77.5678,43.9,828.8,828.844,12.4439,Aligned,0.9159,0.9016,0.1308,0.0122,0.0029,58.289,54.7876,98.8465,15.0653,23.661,79.6796,70.5658,0.16,60.0,8.0104,No,0.0,0.0042,0.0694,Good,High,0.266,10.0,10.1479,22.4992,Safe,72.2422,58.6026,17.7585,Aligned,58.8551,58.83,Separated Traffic,Peri-Urban,5.865,True,Residential,Poor Infrastructure,-0.0059,,False,50.917,-0.0093,0.0026,Aligned,57,Unnamed Road,377
2073,Unnamed Road,Urban Road,URB-02073,2073,12.9481,77.5677,12.9481,77.568,32.0,829.2,829.232,24.6516,Aligned,0.6231,0.6093,0.3241,0.0277,0.0046,28.9364,30.0809,51.1665,62.0613,47.7091,32.0678,99.7218,4.7325,32.9522,54.099,No,0.0,-0.0017,1.9938,Good,Low,4.051,10.0,10.0,26.0586,Moderate Risk,77.7176,30.496,24.3597,Aligned,32.384,59.1068,Significant Pedestrian Interaction,Urban,2.0578,False,Mixed,High Pedestrian Interaction,-0.0027,,False,28.6676,0.9847,0.0096,Aligned,29,Unnamed Road,378
2074,Unnamed Road,Urban Road,URB-02074,2074,12.9481,77.568,12.9479,77.5681,31.6,829.6,829.632,38.7989,Moderate Misalignment,0.8775,0.0972,0.8509,0.0494,-0.0025,78.6559,80.3211,98.9539,10.2119,19.8989,78.5739,97.5522,0.311,60.0,11.313,No,0.0,-0.0036,-0.0082,Good,Low,0.5049,10.0,25.12,30.1983,Moderate Risk,59.2572,80.4361,39.4594,Moderate Misalignment,98.9316,50.4331,Separated Traffic,Peri-Urban,5.0753,True,Residential,Poor Infrastructure,0.1558,Light,False,78.7875,-0.0172,0.0006,Moderate Misalignment,80,Unnamed Road,379
2075,Unnamed Road,Urban Road,URB-02075,2075,12.9482,77.5684,12.9481,77.568,55.3,830.0,830.055,100.0,Critical Misalignment,1.0109,0.044,0.0435,0.0064,0.994,48.63,50.2614,99.504,0.0,16.1782,50.2825,86.6359,0.0,60.0,8.549,No,0.0,-0.0006,0.0258,Good,High,0.205,10.0,24.272,45.6642,Moderate Risk,33.8236,49.0297,78.6996,Critical Misalignment,103.1044,39.1027,Side Impact Potential,Rural,6.8583,False,Industrial,Speed Limit Misaligned | Poor Infrastructure | Above Human Tolerance Limit,-0.0332,,False,89.8756,-0.0024,-0.0028,Critical Misalignment,50,Unnamed Road,380
2076,Unnamed Road,Urban Road,URB-02076,2076,12.9436,77.5769,12.9421,77.5769,166.3,830.4,830.566,10.225,Aligned,0.963,1.0189,0.001,0.0065,0.0115,16.0759,20.9479,28.2289,38.9172,32.2025,27.6351,89.1407,0.0,59.9436,25.0406,No,0.0,-0.0053,0.9766,Good,Medium,2.8051,10.0,10.0249,21.9023,Safe,75.6752,14.3688,19.8363,Aligned,13.5207,58.9503,Significant Pedestrian Interaction,Peri-Urban,1.1772,False,Mixed,High Pedestrian Interaction,0.012,,False,13.0601,-0.0281,0.0116,Aligned,15,Unnamed Road,381
2077,Unnamed Road,Urban Road,URB-02077,2077,12.9421,77.5769,12.9406,77.5773,198.4,830.8,830.998,15.9536,Aligned,0.881,0.8999,0.1246,0.0228,-0.003,55.0188,54.0281,100.0,20.6119,28.6844,79.5752,59.2751,0.0,60.0,18.7854,No,0.0,-0.0054,-0.0544,Good,Low,0.6515,10.0,11.2762,23.3045,Safe,71.8729,55.8047,19.9754,Aligned,57.2374,65.7451,Separated Traffic,Urban,3.9152,True,Commercial,Poor Infrastructure,0.1924,Light,False,41.9039,0.0135,0.0012,Aligned,55,Unnamed Road,382
2078,Unnamed Road,Urban Road,URB-02078,2078,12.9406,77.5773,12.9406,77.5778,51.7,831.2,831.252,11.3179,Aligned,0.9684,0.9832,0.0321,-0.0076,-0.0072,34.5111,34.5535,83.8078,27.8299,28.0752,50.9564,78.9004,0.0478,40.8143,14.6588,No,0.0,-0.0007,-0.0194,Good,Low,1.9826,10.0,10.0,21.8198,Safe,74.0675,31.0884,19.3451,Aligned,34.2318,67.353,Side Impact Potential,Urban,6.0432,False,Industrial,Poor Infrastructure,-0.0129,,False,25.9424,-0.006,-0.0113,Aligned,35,Unnamed Road,383
2079,Unnamed Road,Urban Road,URB-02079,2079,12.9406,77.5769,12.9406,77.5773,47.5,831.6,831.648,9.4566,Aligned,0.9837,0.9662,0.0213,-0.0109,0.0012,21.3368,23.1112,53.849,24.8989,21.8797,49.5494,84.0284,0.1869,34.349,19.8143,No,0.0,-0.0002,0.0176,Poor,Low,1.3232,10.0,10.0,20.2742,Safe,74.3729,21.3388,17.1596,Aligned,20.0486,41.9544,Side Impact Potential,Rural,3.973,False,Residential,Approach to Congestion (Tapered) | Poor Infrastructure,0.0102,,True,18.1006,-0.0079,0.0004,Aligned,22,Unnamed Road,384