segment_id,road_name,road_type,human_segment_id,internal_id,start_lat,start_lon,end_lat,end_lon,length_m,start_km,end_km,road_risk_score,ai_risk_label,ai_risk_probability,prob_low_risk,prob_medium_risk,prob_high_risk,prob_critical_risk,ai_recommended_speed,recommended_safe_speed,road_function_score,infrastructure_score,exposure_score,human_tolerance_limit,operating_speed_score,crash_risk_score,posted_speed_limit,pedestrian_exposure_score,blackspot_flag,crash_count,fatal_crashes,schools_count,lighting_quality,roadside_hazards,intersection_density,speed_compliance_rate,speed_violation_score,hotspot_score,hotspot_category,speed_safety_score,original_safe_speed,misalignment_score,misalignment_category,speed_p85,ptw_share_pct,exposure_tier,urban_rural_flag,lane_count,median_presence,land_use_type,top_ai_factors,congestion_index,congestion_category,congestion_smoothed,operating_speed_mean,minor_crashes,major_crashes,risk_category,final_safe_speed,corridor_base,corridor_seq
2080,Unnamed Road,Urban Road,URB-02080,2080,12.9406,77.5778,12.9402,77.5777,38.7,832.0,832.039,12.9508,Aligned,0.8302,0.8137,0.1512,0.0169,0.0155,53.463,54.0829,100.0,19.4513,23.3887,80.8896,74.4113,0.4649,60.0,13.6812,No,0.0,0.0086,-0.0447,Poor,High,0.2787,10.0,10.0,21.0003,Safe,73.054,56.2616,16.4744,Aligned,55.0109,51.3422,Separated Traffic,Peri-Urban,3.9381,True,Residential,Poor Infrastructure,0.1419,Light,False,44.6953,0.0022,0.0137,Aligned,56,Unnamed Road,385
2081,Unnamed Road,Urban Road,URB-02081,2081,12.9436,77.5769,12.9439,77.5769,29.7,832.4,832.43,12.4888,Aligned,0.9109,0.8641,0.1033,0.0097,-0.0137,27.6005,29.8418,54.3059,5.604,22.8923,50.4351,89.4732,0.0,30.8408,10.9277,No,0.0,0.0012,0.0188,Poor,Low,2.2649,10.0,10.0,22.899,Safe,69.9433,27.1351,20.6858,Aligned,27.8827,57.4701,Side Impact Potential,Peri-Urban,3.1286,False,Commercial,Poor Infrastructure,0.0043,,False,21.8606,-0.0021,0.0037,Aligned,30,Unnamed Road,386
2082,Unnamed Road,Urban Road,URB-02082,2082,12.9402,77.5769,12.9406,77.5769,44.7,832.8,832.845,25.7457,Moderate Misalignment,0.5296,0.4196,0.5407,-0.0056,0.0099,36.9206,37.9888,29.2791,1.5961,21.6537,49.1629,100.0,0.3907,29.8929,11.7548,No,0.0,-0.0019,-0.0245,Poor,Low,2.7255,10.0,28.9636,27.1925,Moderate Risk,62.2815,37.5064,29.4474,Moderate Misalignment,39.6952,50.7824,Side Impact Potential,Peri-Urban,0.7235,False,Commercial,Poor Infrastructure,-0.0005,,False,31.0051,-0.0017,0.0037,Moderate Misalignment,38,Unnamed Road,387
2083,Unnamed Road,Urban Road,URB-02083,2083,12.9406,77.5769,12.9406,77.5754,164.8,833.2,833.365,11.1986,Aligned,0.9972,0.9835,0.0459,-0.0071,0.0002,37.8639,40.0012,30.0716,11.7396,18.4744,51.0684,93.7389,0.1458,30.277,4.6299,No,0.0,-0.0004,0.0453,Poor,High,2.6023,10.0,33.4673,25.0156,Moderate Risk,64.8208,40.5481,28.5434,Moderate Misalignment,39.2111,53.3035,Side Impact Potential,Peri-Urban,2.0949,False,Mixed,Poor Infrastructure,-0.0096,,False,38.7064,-0.0166,0.0127,Aligned,39,Unnamed Road,388
2084,Unnamed Road,Urban Road,URB-02084,2084,13.0739,77.5669,13.0754,77.5677,190.6,833.6,833.791,26.5647,Moderate Misalignment,0.5221,0.4934,0.5064,0.0192,0.009,78.6932,77.9347,98.1026,33.1522,29.4017,80.286,61.2949,0.2156,60.0,22.4177,No,0.0,0.0021,-0.0337,Poor,High,0.4942,10.0,10.1014,26.5134,Moderate Risk,67.2073,80.4312,33.4741,Moderate Misalignment,83.8229,60.8455,Separated Traffic,Peri-Urban,5.8524,True,Industrial,Poor Infrastructure | Above Human Tolerance Limit,0.172,Light,False,64.6263,0.0054,-0.0012,Moderate Misalignment,80,Unnamed Road,389
2085,Unnamed Road,Urban Road,URB-02085,2085,13.0993,77.5771,13.0995,77.5771,22.6,834.0,834.023,25.5223,Moderate Misalignment,0.5548,0.5256,0.5385,0.0136,0.0017,44.9172,45.6843,53.5994,16.8247,26.8262,50.1592,92.9199,0.2476,37.6305,16.1365,No,0.0,-0.0132,0.0175,Good,Low,3.3095,10.0,14.6298,25.6453,Moderate Risk,68.3189,42.3338,26.6771,Moderate Misalignment,45.6582,62.0303,Side Impact Potential,Urban,2.9981,False,Mixed,Poor Infrastructure,0.1633,Light,False,34.1972,-0.0068,0.0116,Moderate Misalignment,46,Unnamed Road,390
2086,Unnamed Road,Urban Road,URB-02086,2086,13.0165,77.5056,13.011,77.5069,894.5,834.4,835.295,37.7972,Moderate Misalignment,0.9635,0.0118,0.9101,-0.0021,-0.0056,80.3771,79.7024,100.0,0.0,11.9703,81.455,88.4381,0.1361,59.3738,0.4991,No,0.0,0.0166,0.0202,Good,Low,0.2442,10.0,28.1507,28.0505,Moderate Risk,57.4279,81.7956,37.5605,Moderate Misalignment,89.217,39.068,Separated Traffic,Rural,6.1597,True,Residential,Poor Infrastructure,0.0096,,False,78.4365,-0.0075,-0.01,Moderate Misalignment,82,Unnamed Road,391
2087,Unnamed Road,Urban Road,URB-02087,2087,12.9124,77.5673,12.9137,77.566,334.9,834.8,835.135,10.9172,Aligned,0.9808,1.0085,0.0092,-0.0002,0.0051,39.1135,41.9727,28.571,17.8729,19.7593,50.2107,90.9377,0.0,39.5815,9.4347,No,0.0,0.004,0.0118,Good,High,3.2275,10.0,10.0,21.0706,Safe,72.9352,42.6486,19.0525,Aligned,41.7215,53.0567,Side Impact Potential,Peri-Urban,1.9164,False,Residential,Poor Infrastructure,-0.0016,,False,32.4431,0.0051,-0.0026,Aligned,40,Unnamed Road,392
2088,Unnamed Road,Urban Road,URB-02088,2088,12.9601,77.5331,12.9569,77.5286,829.3,835.2,836.029,10.5001,Aligned,0.9651,0.9035,0.007,-0.018,0.0106,26.1861,27.3772,82.036,0.4608,20.5916,49.9207,70.5626,0.0144,39.5194,9.9122,No,0.0,0.0013,0.0353,Poor,Medium,1.7163,10.0,10.2983,23.3994,Safe,68.1935,26.4823,20.2797,Aligned,28.0538,55.7947,Side Impact Potential,Urban,2.9004,True,Residential,Poor Infrastructure,0.2098,Light,False,19.4484,0.0087,0.0096,Aligned,27,Unnamed Road,393
2089,Unnamed Road,Urban Road,URB-02089,2089,13.0821,77.5932,13.1277,77.6135,5571.8,835.6,841.172,44.9577,Moderate Misalignment,0.5995,0.1347,0.5692,0.3109,0.0063,48.5018,49.869,99.8811,16.89,24.0126,49.3197,66.2719,0.0998,60.0,6.2634,No,0.0,0.0089,0.0178,Poor,Medium,0.5685,10.0,10.7026,37.0191,Moderate Risk,48.5165,49.8835,56.1306,High Misalignment,73.0117,67.6342,Side Impact Potential,Urban,6.7663,False,Residential,Speed Limit Misaligned | Poor Infrastructure | Above Human Tolerance Limit,-0.0036,,False,58.4998,0.0016,0.0059,Moderate Misalignment,50,Unnamed Road,394
2090,Unnamed Road,Urban Road,URB-02090,2090,13.0277,77.6622,13.0283,77.6631,124.8,836.0,836.125,18.6096,Aligned,0.7591,0.7333,0.2381,0.0156,0.0045,50.9657,50.6724,85.4744,31.4269,25.3758,49.1214,92.9592,0.0,49.4495,17.1083,No,0.0,-0.0017,-0.0482,Good,Low,1.6589,10.0,11.2834,22.1355,Safe,72.5371,48.1424,22.308,Aligned,54.9483,59.1429,Side Impact Potential,Urban,4.7138,True,Commercial,Poor Infrastructure,0.007,,False,46.2205,0.0038,0.007,Aligned,48,Unnamed Road,395
2091,Unnamed Road,Urban Road,URB-02091,2091,12.9615,77.5841,12.961,77.5883,471.6,836.4,836.872,11.4227,Aligned,0.8784,0.8624,0.0482,0.0144,0.0013,44.537,44.9057,99.3479,41.5338,31.0875,80.2294,68.8603,0.0437,60.0,21.5277,No,0.0,0.0094,1.0026,Good,Medium,0.5099,10.0,10.0,21.0864,Safe,77.0093,45.7465,18.3637,Aligned,44.7238,56.8,Separated Traffic,Urban,5.8637,True,Mixed,Meets Safe System Standards,-0.0189,,False,39.0838,0.0133,-0.0013,Aligned,46,Unnamed Road,396
2092,Unnamed Road,Urban Road,URB-02092,2092,12.9072,77.6289,12.9071,77.6288,30.9,836.8,836.831,35.8525,Moderate Misalignment,0.8195,0.1644,0.8286,0.0127,0.0048,44.321,45.5698,55.9308,0.9783,20.7028,51.9515,98.7705,0.006,60.0,9.6105,No,0.0,0.0046,-0.0438,Good,Low,2.12,10.0,13.049,24.594,Moderate Risk,64.3721,45.2334,25.3519,Moderate Misalignment,44.139,48.4667,Side Impact Potential,Peri-Urban,4.1303,False,Commercial,Poor Infrastructure,-0.001,,False,41.1758,0.0015,0.0004,Moderate Misalignment,45,Unnamed Road,397
2093,Unnamed Road,Urban Road,URB-02093,2093,13.0153,77.5539,13.0199,77.5528,533.2,837.2,837.733,39.2466,Moderate Misalignment,0.8002,0.1297,0.7823,0.0619,0.0083,79.7411,77.1282,99.7107,19.6013,17.9188,81.6106,86.079,0.0,59.9955,9.4201,No,0.0,-0.009,-0.0571,Poor,Medium,0.3903,10.0,10.0968,23.7028,Safe,66.7317,79.8927,28.953,Moderate Misalignment,86.4003,44.0832,Separated Traffic,Rural,5.0551,True,Residential,Poor Infrastructure | Above Human Tolerance Limit,0.0139,,False,80.8587,0.0007,0.0119,Moderate Misalignment,81,Unnamed Road,398
2094,Unnamed Road,Urban Road,URB-02094,2094,12.8927,77.6119,12.8924,77.6117,40.2,837.6,837.64,47.6255,Moderate Misalignment,0.7295,0.0237,0.7332,0.2704,0.0294,50.5815,51.7059,98.6099,28.5638,25.3728,50.1129,96.3279,0.0454,58.7359,11.0509,No,0.0,-0.0078,0.0268,Poor,Low,0.4574,10.0,22.9314,31.1936,Moderate Risk,58.2106,50.9098,45.0641,Moderate Misalignment,72.7801,61.8546,Side Impact Potential,Urban,7.7496,False,Commercial,Poor Infrastructure | Above Human Tolerance Limit,0.0046,,False,63.0953,-0.0052,0.0143,Moderate Misalignment,51,Unnamed Road,399
2095,Unnamed Road,Urban Road,URB-02095,2095,12.8937,77.6121,12.8934,77.6121,25.2,838.0,838.025,9.012,Aligned,0.9843,1.0115,0.0118,-0.01,-0.0028,32.7005,32.716,48.9972,10.636,19.084,49.6262,78.6253,0.0812,39.0248,13.8739,No,0.0,-0.0011,-0.0607,Poor,Low,0.6984,10.0,10.0,20.6601,Safe,71.949,30.5649,16.7807,Aligned,33.0439,40.3011,Side Impact Potential,Rural,2.9578,False,Residential,Poor Infrastructure,0.1533,Light,False,25.956,0.0068,0.0001,Aligned,32,Unnamed Road,400
2096,Unnamed Road,Urban Road,URB-02096,2096,12.8934,77.6121,12.8931,77.6119,45.2,838.4,838.445,21.0783,Aligned,0.6254,0.6387,0.4077,0.0094,-0.0119,23.8772,22.299,60.1565,56.2264,44.504,30.4217,62.9146,0.0388,30.0685,47.8385,No,0.0,0.0002,0.9707,Good,Low,2.5324,10.0,10.576,24.1773,Safe,77.3936,23.5063,20.5199,Aligned,24.7065,62.5264,Significant Pedestrian Interaction,Urban,1.886,True,Commercial,High Pedestrian Interaction | Active Congestion,0.7888,Severe,False,10.9966,0.0101,0.0141,Aligned,24,Unnamed Road,401
2097,Unnamed Road,Urban Road,URB-02097,2097,12.8931,77.6119,12.8927,77.6119,51.2,838.8,838.851,12.0289,Aligned,0.9581,0.9338,0.0698,0.0093,0.0004,30.9703,28.3506,83.6817,19.1904,28.8707,48.2118,78.4815,0.0,41.2162,22.088,No,0.0,-0.0034,0.0329,Poor,Medium,2.2957,10.0,10.0431,23.1372,Safe,72.1959,30.7877,20.6863,Aligned,32.5238,55.982,Side Impact Potential,Urban,4.7041,True,Commercial,Poor Infrastructure,-0.0102,,False,25.1347,-0.001,-0.0056,Aligned,31,Unnamed Road,402
2098,Unnamed Road,Urban Road,URB-02098,2098,12.8931,77.6119,12.8937,77.6121,71.7,839.2,839.272,11.468,Aligned,0.9712,0.9923,0.0493,-0.0155,-0.0008,27.0638,25.2751,52.1243,48.0586,32.1852,50.3045,72.1942,0.0,39.9361,26.2819,No,0.0,-0.0003,-0.0556,Good,Medium,2.9277,10.0,10.0,20.0097,Safe,80.1586,25.5895,18.1063,Aligned,28.7094,64.5773,Side Impact Potential,Urban,3.1805,False,Residential,Meets Safe System Standards,0.2081,Light,False,21.3395,0.0028,0.0105,Aligned,28,Unnamed Road,403
2099,Unnamed Road,Urban Road,URB-02099,2099,12.9991,77.5286,12.9993,77.5286,24.8,839.6,839.625,16.8665,Aligned,0.7619,0.7459,0.2444,-0.0073,0.0031,27.2325,28.0719,52.4285,19.9402,30.526,48.965,91.8636,4.9678,30.5865,22.5187,No,0.0,0.0004,0.0022,Good,Medium,2.4351,10.0,10.0,25.2422,Moderate Risk,68.8822,30.7997,22.1144,Aligned,27.1531,61.0587,Side Impact Potential,Urban,3.8943,False,Industrial,Poor Infrastructure,0.0002,,False,25.1354,1.0007,0.0028,Aligned,28,Unnamed Road,404
2100,Unnamed Road,Urban Road,URB-02100,2100,12.9145,77.4815,12.9167,77.4794,334.8,840.0,840.335,10.9245,Aligned,0.9677,0.9887,0.0601,-0.0206,0.009,32.117,32.1074,47.5083,0.0,16.5641,49.029,86.3932,0.042,39.9959,6.4979,No,0.0,-0.0013,-0.0676,Good,Low,1.3576,10.0,10.0,21.1682,Safe,68.9471,32.1714,19.9261,Aligned,34.2026,46.4787,Side Impact Potential,Rural,1.9541,False,Residential,Poor Infrastructure,0.0094,,False,32.5199,0.0005,-0.0085,Aligned,32,Unnamed Road,405
2101,Unnamed Road,Urban Road,URB-02101,2101,12.9466,77.5642,12.9473,77.5677,450.8,840.4,840.851,10.5685,Aligned,0.9607,0.9276,-0.0105,-0.0003,0.0088,27.527,28.4295,59.0726,64.5837,43.1121,48.1308,88.3655,0.567,28.8798,52.1409,No,0.0,0.0017,0.9503,Good,High,3.8283,10.0,10.5457,22.0903,Safe,81.8073,27.9814,18.5846,Aligned,28.1186,56.9779,Side Impact Potential,Urban,2.9598,True,Commercial,Meets Safe System Standards,0.1704,Light,False,21.7381,-0.0104,-0.0173,Aligned,27,Unnamed Road,406
2102,Unnamed Road,Urban Road,URB-02102,2102,12.9846,77.5883,12.9844,77.588,47.8,840.8,840.848,16.111,Aligned,0.7888,0.7923,0.2148,0.0018,-0.0018,19.176,22.1335,29.6058,2.1321,21.3961,49.0277,94.776,0.0,21.1096,5.7306,No,0.0,-0.0009,0.0378,Good,Low,2.7356,10.0,10.0,23.44,Safe,67.8457,19.8314,21.3407,Aligned,20.2363,56.1139,Side Impact Potential,Peri-Urban,1.9387,False,Industrial,Poor Infrastructure,0.151,Light,False,15.0041,0.0099,-0.004,Aligned,20,Unnamed Road,407
2103,Unnamed Road,Urban Road,URB-02103,2103,12.9656,77.5867,12.9655,77.5868,20.8,841.2,841.221,32.0961,Moderate Misalignment,0.7478,0.2609,0.7356,0.0023,0.0011,30.0613,32.4279,50.5119,35.9456,45.8498,27.8955,100.0,0.2596,30.3077,52.9589,No,0.0,-0.0006,1.0358,Good,Medium,3.6198,10.0,23.4787,30.3509,Moderate Risk,66.4745,29.6319,30.9215,Moderate Misalignment,38.5821,55.8634,Significant Pedestrian Interaction,Urban,1.8959,False,Commercial,High Pedestrian Interaction,-0.0325,,False,28.8553,-0.0118,0.009,Moderate Misalignment,30,Unnamed Road,408
2104,Unnamed Road,Urban Road,URB-02104,2104,12.8405,77.5938,12.8417,77.5885,594.8,841.6,842.195,36.1004,Moderate Misalignment,0.8214,0.1499,0.8702,0.0254,-0.0052,49.5733,48.8102,84.383,21.4823,27.5423,50.7269,30.562,0.2001,59.3096,20.0231,No,0.0,0.0056,-0.0662,Poor,Medium,1.6945,10.0,10.7767,27.5022,Moderate Risk,64.1242,50.913,32.4921,Moderate Misalignment,53.7233,53.4245,Side Impact Potential,Peri-Urban,5.0167,True,Industrial,Active Congestion | Poor Infrastructure | Above Human Tolerance Limit,0.7474,Severe,False,13.8778,0.0143,-0.0098,Moderate Misalignment,51,Unnamed Road,409
2105,Unnamed Road,Urban Road,URB-02105,2105,12.8747,77.6491,12.8747,77.6487,39.9,842.0,842.04,24.4859,Aligned,0.7391,0.7094,0.1128,0.1615,0.0076,61.2659,60.6361,100.0,11.9735,20.123,81.8688,83.0345,0.0189,60.0,6.0147,No,0.0,-0.001,-0.0049,Good,Low,0.2829,10.0,10.0,20.6625,Safe,71.2143,59.9446,18.0142,Aligned,60.3976,56.8694,Separated Traffic,Peri-Urban,7.2308,True,Residential,Poor Infrastructure,-0.0055,,False,48.4615,0.0011,-0.0012,Aligned,60,Unnamed Road,410
2106,Unnamed Road,Urban Road,URB-02106,2106,12.9302,77.6128,12.9311,77.6099,342.0,842.4,842.742,16.0011,Aligned,0.7833,0.8094,0.2329,-0.0081,-0.0017,21.7966,22.6675,30.2203,0.0,21.0914,50.6971,94.848,0.1159,20.4436,7.8915,No,0.0,0.0016,0.0369,Good,Low,2.5953,10.0,10.045,23.8095,Safe,66.901,22.5955,20.2817,Aligned,22.1565,58.108,Side Impact Potential,Peri-Urban,2.0121,False,Industrial,Poor Infrastructure,0.1828,Light,False,15.7426,-0.0103,0.0,Aligned,22,Unnamed Road,411
2107,Unnamed Road,Urban Road,URB-02107,2107,13.0598,77.5769,13.0597,77.5767,31.6,842.8,842.832,15.7048,Aligned,0.8427,0.8294,0.1249,0.0143,0.0033,49.7194,52.8758,99.1024,6.3179,17.1249,80.3572,74.6129,0.3576,59.4447,10.8087,No,0.0,-0.0145,-0.0563,Good,Low,0.1516,10.0,10.1582,21.775,Safe,69.5613,49.1076,18.6718,Aligned,53.8215,38.8189,Separated Traffic,Rural,5.6823,True,Residential,Poor Infrastructure,-0.0041,,False,43.6933,-0.0132,0.0067,Aligned,52,Unnamed Road,412
2108,Unnamed Road,Urban Road,URB-02108,2108,13.055,77.5347,13.0638,77.5347,1018.8,843.2,844.219,10.824,Aligned,0.966,0.9796,0.0518,-0.0048,-0.0106,20.441,21.6016,31.7417,17.3872,16.0176,51.3893,94.5141,0.0018,20.253,10.7825,No,0.0,-0.0008,0.0961,Poor,Low,1.0153,10.0,10.0,18.1909,Safe,74.7559,19.1949,15.1953,Aligned,19.3036,35.3686,Side Impact Potential,Rural,1.8713,False,Residential,Poor Infrastructure,0.135,Light,False,14.672,0.0072,-0.0035,Aligned,18,Unnamed Road,413
2109,Unnamed Road,Urban Road,URB-02109,2109,12.9442,77.5769,12.9444,77.5771,909.6,843.6,844.51,14.1161,Aligned,0.8527,0.815,0.1525,0.0025,0.0129,54.4791,55.031,100.0,9.8837,26.1811,79.2774,74.567,0.0,60.0,11.3476,No,0.0,-0.0029,0.0557,Good,Medium,0.4726,10.0,10.2952,23.4089,Safe,70.0947,56.7449,21.6676,Aligned,58.2476,61.0372,Separated Traffic,Peri-Urban,5.801,True,Industrial,Poor Infrastructure,0.2187,Light,False,41.6207,-0.0043,-0.0008,Aligned,56,Unnamed Road,414
2110,Unnamed Road,Urban Road,URB-02110,2110,13.0155,77.5558,13.0155,77.5554,45.6,844.0,844.046,10.5516,Aligned,0.9597,0.9697,0.038,0.01,0.0093,36.129,36.1912,80.5011,11.1076,23.4828,49.2529,73.2512,0.1192,50.235,5.4597,No,0.0,-0.0081,0.0577,Good,Low,2.0912,10.0,10.0,22.4496,Safe,70.3092,35.7785,19.5495,Aligned,37.2086,62.6518,Side Impact Potential,Urban,6.0202,False,Industrial,Poor Infrastructure,0.0065,,False,35.7478,0.0094,0.0062,Aligned,38,Unnamed Road,415
2111,Unnamed Road,Urban Road,URB-02111,2111,13.0548,77.5361,13.055,77.5431,782.7,844.4,845.183,69.4393,High Misalignment,0.8946,0.0936,-0.0169,0.8803,-0.01,79.9031,79.2365,98.295,0.0,13.5116,80.157,25.1798,0.2103,58.5829,0.0,No,0.0,-0.0038,0.0273,Poor,Low,0.1006,10.0,26.2821,34.1939,Moderate Risk,48.3433,79.4828,52.5078,High Misalignment,111.985,38.3109,Separated Traffic,Rural,4.2287,True,Residential,Speed Limit Misaligned | Active Congestion | Poor Infrastructure,0.639,Severe,False,40.9773,-0.0019,-0.0185,High Misalignment,79,Unnamed Road,416
2112,Unnamed Road,Urban Road,URB-02112,2112,12.9879,77.7335,12.9865,77.7318,240.8,844.8,845.041,16.9088,Aligned,0.8411,0.8309,0.1798,0.0115,0.0155,43.2878,42.3028,74.0125,35.3684,35.0584,49.4499,95.0213,0.1041,40.9958,29.5294,No,0.0,-0.0006,-0.0182,Poor,Low,1.4908,10.0,10.0,24.5322,Safe,72.6774,45.9238,22.3404,Aligned,42.3492,62.506,Side Impact Potential,Urban,3.0954,False,Mixed,Poor Infrastructure,-0.0027,,False,33.8787,-0.019,-0.0044,Aligned,43,Unnamed Road,417
2113,Unnamed Road,Urban Road,URB-02113,2113,12.963,77.5896,12.9622,77.5895,102.9,845.2,845.303,10.6395,Aligned,0.981,0.9919,0.0213,-0.0242,0.0245,33.4378,34.1244,62.7202,34.9157,29.4924,50.6933,80.5557,0.1832,40.71,18.6789,No,0.0,-0.0016,-0.0036,Poor,Medium,2.321,10.0,10.0,20.9288,Safe,76.3943,35.3102,18.5026,Aligned,35.4342,62.9083,Side Impact Potential,Urban,3.8018,True,Mixed,Poor Infrastructure,0.1465,Light,False,27.6255,-0.0081,-0.0058,Aligned,33,Unnamed Road,418
2114,Unnamed Road,Urban Road,URB-02114,2114,13.0818,77.5935,13.0817,77.5934,31.9,845.6,845.632,11.4167,Aligned,0.9765,0.9865,0.0425,-0.018,-0.0102,24.0809,25.2611,55.3194,0.0,12.8111,50.5749,82.709,0.2753,29.262,3.0073,No,0.0,-0.0035,0.0052,Poor,High,0.8269,10.0,10.3909,20.7531,Safe,69.1453,23.2539,17.5776,Aligned,23.9536,37.2896,Side Impact Potential,Rural,4.0198,False,Industrial,Poor Infrastructure,0.1897,Light,False,18.4763,0.027,0.0087,Aligned,26,Unnamed Road,419
2115,Unnamed Road,Urban Road,URB-02115,2115,12.9726,77.6196,12.9723,77.6196,39.7,846.0,846.04,42.4408,Moderate Misalignment,0.9589,-0.0233,1.004,0.0127,0.0047,75.1722,75.2641,99.4292,11.0889,15.2503,79.0958,99.8174,0.2214,60.0,4.3448,No,0.0,0.003,0.0333,Poor,Medium,0.1691,10.0,25.2233,25.5749,Moderate Risk,62.1222,74.2069,32.5095,Moderate Misalignment,72.3121,44.656,Separated Traffic,Rural,6.0633,True,Residential,Poor Infrastructure,0.1422,Light,False,58.1999,-0.0053,-0.0006,Moderate Misalignment,76,Unnamed Road,420
2116,Unnamed Road,Urban Road,URB-02116,2116,12.9903,77.6495,12.9874,77.6489,406.2,846.4,846.806,47.2064,Moderate Misalignment,0.8289,0.0113,0.8377,0.1532,-0.0077,30.1752,28.8148,75.7064,50.851,52.0548,31.7683,94.8039,0.0908,41.4398,60.5302,No,0.0,-0.0043,0.9835,Good,High,1.7207,10.0,14.8953,35.7856,Moderate Risk,63.7866,31.1811,43.8856,Moderate Misalignment,47.9082,68.6026,Significant Pedestrian Interaction,Urban,1.9153,True,Residential,High Pedestrian Interaction | Above Human Tolerance Limit,0.0051,,False,38.483,0.0006,-0.0051,Moderate Misalignment,31,Unnamed Road,421
2117,Unnamed Road,Urban Road,URB-02117,2117,12.9835,77.7683,12.9836,77.7688,53.4,846.8,846.853,40.1631,Moderate Misalignment,0.9407,0.0283,0.9923,0.0615,0.0002,30.3322,29.7023,70.8021,35.1655,44.7032,30.6051,42.0952,0.759,50.6527,53.5977,No,0.0,-0.0034,1.0332,Good,Medium,1.5127,10.0,10.3409,38.5684,Moderate Risk,56.5624,31.8995,52.8771,High Misalignment,34.2953,57.2468,Significant Pedestrian Interaction,Urban,3.184,False,Commercial,Speed Limit Misaligned | High Pedestrian Interaction | Active Congestion,0.7644,Severe,False,10.6077,0.0099,0.0129,Moderate Misalignment,32,Unnamed Road,422
2118,Unnamed Road,Urban Road,URB-02118,2118,12.975,77.6697,12.9753,77.6665,368.1,847.2,847.568,11.1548,Aligned,0.9157,0.87,0.0566,0.0174,-0.0009,27.0728,27.9604,76.6023,5.7438,25.9618,49.3603,54.6618,0.0821,39.0692,14.9113,No,0.0,-0.0019,-0.0032,Good,Medium,1.4922,10.0,10.2849,24.1755,Safe,69.173,27.9375,20.7242,Aligned,26.6515,57.6486,Side Impact Potential,Peri-Urban,4.912,False,Residential,Active Congestion | Poor Infrastructure,0.6787,Severe,False,10.4007,0.0077,-0.005,Aligned,27,Unnamed Road,423
2119,Unnamed Road,Urban Road,URB-02119,2119,12.9766,77.5454,12.9775,77.5457,110.9,847.6,847.711,37.1588,Moderate Misalignment,0.9107,0.0263,0.9427,0.028,0.006,29.4431,28.9772,55.1182,49.2739,52.9628,31.68,78.5337,0.3794,41.164,65.2679,No,0.0,0.0025,2.0309,Good,Medium,2.1425,10.0,10.0,32.9756,Moderate Risk,68.5872,29.7789,35.5153,Moderate Misalignment,31.2622,57.012,Significant Pedestrian Interaction,Peri-Urban,3.9239,False,Mixed,High Pedestrian Interaction | Above Human Tolerance Limit,-0.0082,,False,24.1834,0.0163,0.0025,Moderate Misalignment,28,Unnamed Road,424
2120,Unnamed Road,Urban Road,URB-02120,2120,12.9575,77.5278,12.9585,77.5258,252.1,848.0,848.252,10.3767,Aligned,0.9556,0.9358,0.072,-0.0011,0.0068,50.5102,50.5839,98.514,0.7932,11.065,82.1409,59.7025,0.4694,59.6603,2.9734,No,0.0,-0.0071,0.0101,Poor,Medium,-0.1003,10.0,10.0,19.6092,Safe,69.915,50.8558,17.6871,Aligned,51.1994,34.3444,Separated Traffic,Rural,5.1796,True,Residential,Poor Infrastructure,0.02,,False,42.4532,0.0059,0.0047,Aligned,49,Unnamed Road,425
2121,Unnamed Road,Urban Road,URB-02121,2121,12.9587,77.519,12.9583,77.5189,64.4,848.4,848.464,12.6764,Aligned,0.9754,0.9796,0.016,0.0283,0.0035,35.6573,34.7663,71.5942,41.7147,34.2723,52.005,84.0546,0.7558,38.2479,31.7754,No,0.0,0.0021,-0.0615,Good,Medium,1.6161,10.0,10.3388,22.7327,Safe,75.3745,33.843,18.8499,Aligned,33.1767,58.5566,Side Impact Potential,Urban,3.9137,False,Commercial,Meets Safe System Standards,-0.0005,,False,31.8917,0.0071,0.0096,Aligned,35,Unnamed Road,426
2122,Unnamed Road,Urban Road,URB-02122,2122,12.8768,77.6089,12.8769,77.6102,181.3,848.8,848.981,41.3408,Moderate Misalignment,0.8927,0.0384,0.9003,0.0759,-0.0046,43.711,44.6963,99.9599,0.2168,12.8529,49.0377,28.827,0.2129,60.0,1.6532,No,0.0,-0.0003,-0.0116,Poor,Medium,0.2198,10.0,10.0,25.4844,Moderate Risk,61.669,43.2731,29.7861,Moderate Misalignment,43.9219,39.0633,Side Impact Potential,Rural,5.2285,False,Residential,Active Congestion | Poor Infrastructure | Above Human Tolerance Limit,0.7025,Severe,False,10.0929,0.0056,0.0123,Moderate Misalignment,44,Unnamed Road,427
2123,Unnamed Road,Urban Road,URB-02123,2123,12.9607,77.5573,12.9614,77.5593,235.0,849.2,849.435,20.3096,Aligned,0.6547,0.626,0.3487,0.0067,-0.0022,35.2006,38.1592,85.6968,19.0424,26.5731,51.0571,88.2285,0.2031,39.7153,16.9179,No,0.0,-0.0025,-0.0016,Good,High,1.9946,10.0,10.0,22.3701,Safe,72.5703,36.7811,20.07,Aligned,37.591,64.4846,Side Impact Potential,Urban,6.0784,True,Mixed,Poor Infrastructure,-0.0131,,False,32.5736,0.0056,-0.0025,Aligned,36,Unnamed Road,428