segment_id,road_name,road_type,human_segment_id,internal_id,start_lat,start_lon,end_lat,end_lon,length_m,start_km,end_km,road_risk_score,ai_risk_label,ai_risk_probability,prob_low_risk,prob_medium_risk,prob_high_risk,prob_critical_risk,ai_recommended_speed,recommended_safe_speed,road_function_score,infrastructure_score,exposure_score,human_tolerance_limit,operating_speed_score,crash_risk_score,posted_speed_limit,pedestrian_exposure_score,blackspot_flag,crash_count,fatal_crashes,schools_count,lighting_quality,roadside_hazards,intersection_density,speed_compliance_rate,speed_violation_score,hotspot_score,hotspot_category,speed_safety_score,original_safe_speed,misalignment_score,misalignment_category,speed_p85,ptw_share_pct,exposure_tier,urban_rural_flag,lane_count,median_presence,land_use_type,top_ai_factors,congestion_index,congestion_category,congestion_smoothed,operating_speed_mean,minor_crashes,major_crashes,risk_category,final_safe_speed,corridor_base,corridor_seq
2124,Unnamed Road,Urban Road,URB-02124,2124,12.9563,77.5773,12.9528,77.5767,404.5,849.6,850.005,34.7456,Moderate Misalignment,0.8355,0.1751,0.7964,0.0255,-0.0097,77.7563,79.4783,100.0,34.3138,38.5206,80.5079,88.5608,0.3421,59.3789,33.7856,No,0.0,-0.0125,0.9629,Good,High,0.3728,10.0,10.0,30.6432,Moderate Risk,64.6707,80.6922,37.3759,Moderate Misalignment,95.7499,66.7719,Separated Traffic,Urban,6.0013,True,Industrial,Above Human Tolerance Limit,-0.0285,,False,81.8365,-0.0042,0.0168,Moderate Misalignment,78,Unnamed Road,429
2125,Unnamed Road,Urban Road,URB-02125,2125,12.9739,77.5478,12.9741,77.5476,25.0,850.0,850.025,42.0705,Moderate Misalignment,0.889,0.0499,0.8716,0.0602,-0.0103,43.0057,44.0219,100.0,0.1693,13.7285,50.2985,29.8958,0.1193,59.8788,2.4188,No,0.0,0.0142,-0.0069,Poor,Medium,0.3002,10.0,10.0,25.9225,Moderate Risk,62.0061,45.6969,31.3398,Moderate Misalignment,42.1564,39.748,Side Impact Potential,Rural,5.1569,False,Residential,Active Congestion | Poor Infrastructure | Above Human Tolerance Limit,0.7114,Severe,False,12.8853,-0.0108,0.0119,Moderate Misalignment,44,Unnamed Road,430
2126,Unnamed Road,Urban Road,URB-02126,2126,13.0005,77.7578,13.0005,77.7577,868.3,850.4,851.268,8.6407,Aligned,0.9935,1.0097,-0.0251,0.0068,-0.0007,26.7894,24.6798,28.8304,15.1071,15.0153,48.8443,83.3337,0.4446,31.2786,6.7791,No,0.0,0.0011,0.0269,Poor,High,1.6049,10.0,10.0,18.9602,Safe,73.1583,25.6396,16.8885,Aligned,22.7096,40.5087,Side Impact Potential,Rural,1.0225,False,Residential,Poor Infrastructure,0.2089,Light,False,18.4161,-0.0092,0.0126,Aligned,25,Unnamed Road,431
2127,Unnamed Road,Urban Road,URB-02127,2127,13.0384,77.5226,13.0377,77.5229,87.6,850.8,850.888,11.509,Aligned,0.8856,0.8847,0.1494,0.0158,-0.0049,56.9598,57.4877,98.3322,18.4636,18.2077,77.7475,57.9931,0.0,60.0,5.7515,No,0.0,-0.0092,0.0124,Poor,Low,0.516,10.0,10.1536,20.288,Safe,73.5235,59.5336,19.4496,Aligned,57.7658,53.5115,Separated Traffic,Peri-Urban,8.2469,True,Commercial,Poor Infrastructure,0.2059,Light,False,41.7519,0.0005,0.0018,Aligned,59,Unnamed Road,432
2128,Unnamed Road,Urban Road,URB-02128,2128,12.9876,77.6224,12.9869,77.6198,301.6,851.2,851.502,41.3027,Moderate Misalignment,0.8718,-0.0011,0.88,0.0693,-0.007,27.7933,31.0099,85.1729,22.7684,40.4521,29.4478,67.9749,0.261,49.4587,45.9667,No,0.0,0.0033,1.0131,Good,Low,1.465,10.0,10.0725,37.7007,Moderate Risk,55.2184,29.1438,48.7919,Moderate Misalignment,38.9759,58.1393,Significant Pedestrian Interaction,Urban,2.8977,True,Residential,High Pedestrian Interaction | Poor Infrastructure | Above Human Tolerance Limit,0.241,Light,False,31.6644,-0.0069,0.0007,Moderate Misalignment,30,Unnamed Road,433
2129,Unnamed Road,Urban Road,URB-02129,2129,12.9872,77.6193,12.9873,77.6198,56.7,851.6,851.657,13.1869,Aligned,0.8613,0.8491,0.1319,0.0189,-0.0083,45.8249,44.7405,97.3299,0.0,14.9284,79.8585,61.7242,0.0,60.0,7.9575,No,0.0,-0.0105,-0.016,Good,Medium,0.1028,10.0,10.0,21.4219,Safe,69.1287,43.2301,18.0395,Aligned,42.8669,35.2307,Separated Traffic,Rural,5.1899,True,Residential,Poor Infrastructure,0.0394,,False,33.13,0.0023,-0.0081,Aligned,45,Unnamed Road,434
2130,Unnamed Road,Urban Road,URB-02130,2130,12.9873,77.6198,12.9869,77.6198,49.5,852.0,852.049,12.0207,Aligned,0.9717,1.0055,0.0212,-0.0137,-0.0019,25.0338,26.2219,77.2354,28.1164,26.7867,69.5784,75.0696,0.0114,38.0611,15.8562,No,0.0,0.0017,-0.0141,Poor,Low,1.3145,10.0,10.1199,21.2715,Safe,75.587,24.5964,16.9287,Aligned,26.2768,66.247,Separated Traffic,Urban,1.8769,True,Mixed,Poor Infrastructure,-0.012,,False,24.2902,-0.0122,-0.0097,Aligned,26,Unnamed Road,435
2131,Unnamed Road,Urban Road,URB-02131,2131,12.9869,77.6198,12.9869,77.6194,48.7,852.4,852.449,45.1147,Moderate Misalignment,0.7886,0.0369,0.813,0.1384,0.0158,44.9389,46.0729,100.0,20.7454,18.838,50.2396,65.9206,0.0803,60.0,8.8681,No,0.0,0.0093,-0.0042,Good,Medium,0.2733,10.0,10.0073,24.0596,Safe,67.013,47.2997,30.4143,Moderate Misalignment,46.6659,41.8845,Side Impact Potential,Rural,7.8839,False,Industrial,Poor Infrastructure | Above Human Tolerance Limit,0.0012,,False,37.1295,0.0033,-0.0018,Moderate Misalignment,45,Unnamed Road,436
2132,Unnamed Road,Urban Road,URB-02132,2132,12.9869,77.6194,12.9872,77.6193,34.2,852.8,852.834,13.4619,Aligned,0.9002,0.885,0.1289,0.0004,0.004,39.5502,38.3972,98.049,25.0529,24.2591,80.4775,60.3323,0.1164,60.0,18.8205,No,0.0,0.0018,0.0006,Good,High,0.3273,10.0,10.0,21.5651,Safe,74.6776,39.442,20.196,Aligned,38.9685,48.8667,Separated Traffic,Peri-Urban,4.1278,True,Residential,Poor Infrastructure,-0.0134,,False,33.3666,-0.0032,0.0014,Aligned,40,Unnamed Road,437
2133,Unnamed Road,Urban Road,URB-02133,2133,12.983,77.5765,12.9828,77.5768,38.2,853.2,853.238,11.6127,Aligned,0.9603,0.9759,0.076,0.0093,-0.0013,20.7627,19.0578,52.514,21.8329,22.145,49.2686,76.6401,0.4546,29.7201,16.9188,No,0.0,-0.008,0.0329,Good,Low,0.7498,10.0,10.0536,20.5159,Safe,73.6774,20.2863,17.9745,Aligned,20.0315,36.8488,Side Impact Potential,Rural,3.253,False,Industrial,Poor Infrastructure,0.2293,Light,False,15.9379,-0.0152,0.0091,Aligned,21,Unnamed Road,438
2134,Unnamed Road,Urban Road,URB-02134,2134,12.9924,77.7162,12.9948,77.7179,332.5,853.6,853.933,24.538,Aligned,0.7436,0.7126,0.0423,0.1697,-0.0024,62.7922,59.6609,100.0,12.0339,20.6588,78.935,81.4893,0.0,60.0,6.297,No,0.0,-0.0013,0.0977,Good,Low,0.3169,10.0,10.0,21.4578,Safe,70.5974,60.9205,18.0146,Aligned,60.0172,57.1494,Separated Traffic,Peri-Urban,6.9866,True,Residential,Poor Infrastructure,0.0267,,False,49.2968,0.0051,0.0053,Aligned,62,Unnamed Road,439
2135,Unnamed Road,Urban Road,URB-02135,2135,13.0584,77.5085,13.0587,77.5085,34.9,854.0,854.035,10.5486,Aligned,0.9727,0.9626,0.0255,0.0071,-0.0112,28.3887,27.5041,80.9406,21.193,28.6003,48.3067,74.6697,0.1602,42.1153,20.2647,No,0.0,-0.0046,0.9532,Poor,Low,2.021,10.0,10.0,23.3642,Safe,72.2206,26.0664,18.9899,Aligned,26.8253,56.4197,Side Impact Potential,Urban,4.321,True,Residential,Poor Infrastructure,0.0128,,False,21.3165,-0.0034,-0.0047,Aligned,28,Unnamed Road,440
2136,Unnamed Road,Urban Road,URB-02136,2136,13.0587,77.5085,13.0589,77.5084,28.3,854.4,854.428,13.4866,Aligned,0.9005,0.8732,0.1088,0.0009,-0.0003,36.6418,35.1894,77.4907,48.8441,46.6836,49.8341,86.2863,0.1745,39.4286,53.4446,No,0.0,-0.011,1.0285,Good,High,1.9613,10.0,10.0,25.8629,Moderate Risk,75.9787,37.041,22.6724,Aligned,33.6546,61.7825,Side Impact Potential,Urban,2.2125,True,Mixed,Meets Safe System Standards,-0.0066,,False,31.372,-0.0092,0.0126,Aligned,37,Unnamed Road,441
2137,Unnamed Road,Urban Road,URB-02137,2137,13.0587,77.5085,13.0583,77.5087,51.0,854.8,854.851,38.8598,Moderate Misalignment,0.7843,0.1777,0.7878,0.067,0.0042,83.0273,80.4545,97.1926,0.0769,15.8484,79.5468,84.0029,0.1858,60.0,7.3221,No,0.0,0.0032,0.0461,Poor,Medium,0.0205,10.0,10.0,25.9562,Moderate Risk,60.8973,80.2497,30.38,Moderate Misalignment,89.1294,39.0617,Separated Traffic,Rural,7.1112,True,Commercial,Poor Infrastructure | Above Human Tolerance Limit,-0.001,,False,79.109,0.006,0.0011,Moderate Misalignment,82,Unnamed Road,442
2138,Unnamed Road,Urban Road,URB-02138,2138,13.0594,77.508,13.0589,77.5084,69.4,855.2,855.269,15.6792,Aligned,0.7913,0.7912,0.2185,-0.0213,-0.0091,39.8251,39.8464,51.3962,35.1772,36.4941,50.5239,94.5757,0.0113,33.0171,30.7456,No,0.0,-0.0042,1.0404,Good,Low,2.736,10.0,33.2467,28.228,Moderate Risk,66.1761,40.4191,33.1997,Moderate Misalignment,39.0623,64.2877,Side Impact Potential,Urban,2.225,False,Mixed,Poor Infrastructure,0.0093,,False,37.5685,-0.0123,0.0037,Aligned,38,Unnamed Road,443
2139,Unnamed Road,Urban Road,URB-02139,2139,13.0594,77.508,13.0594,77.507,125.7,855.6,855.726,10.9367,Aligned,0.9377,0.8648,0.0453,0.0083,-0.0022,33.531,32.3453,85.6453,24.371,29.0733,49.1838,64.6325,0.0761,49.9293,19.9887,No,0.0,0.0036,1.0243,Good,Medium,1.8164,10.0,10.0,22.064,Safe,73.8704,32.3144,21.4454,Aligned,33.0337,59.5909,Side Impact Potential,Urban,5.2579,True,Residential,Poor Infrastructure,0.0094,,False,26.2562,0.0078,-0.0024,Aligned,33,Unnamed Road,444
2140,Unnamed Road,Urban Road,URB-02140,2140,13.0581,77.5089,13.0571,77.5093,134.0,856.0,856.134,11.5814,Aligned,0.92,0.9755,0.14,-0.0028,0.0051,67.7067,65.0515,99.1298,0.0761,12.3612,79.6961,71.0177,0.7624,60.0,3.4238,No,0.0,-0.0016,-0.039,Good,Medium,0.3378,10.0,10.2286,20.7056,Safe,69.6222,66.3585,17.119,Aligned,64.3627,37.1435,Separated Traffic,Rural,5.9137,True,Residential,Poor Infrastructure,0.1755,Light,False,47.8677,-0.0077,-0.0165,Aligned,67,Unnamed Road,445
2141,Unnamed Road,Urban Road,URB-02141,2141,13.0583,77.5087,13.0581,77.5089,27.1,856.4,856.427,38.2309,Moderate Misalignment,0.9523,0.0462,1.0007,0.0148,0.0038,79.8337,78.7285,100.0,4.7136,22.0957,79.4067,10.0,0.0,60.0,14.8921,No,0.0,0.0012,0.026,Good,Medium,0.4035,10.0,10.0,28.0755,Moderate Risk,60.9612,76.8187,33.3151,Moderate Misalignment,77.1135,48.5481,Separated Traffic,Peri-Urban,5.9431,True,Commercial,Active Congestion | Poor Infrastructure | Above Human Tolerance Limit,0.7987,Severe,False,15.5572,-0.0085,0.0118,Moderate Misalignment,79,Unnamed Road,446
2142,Unnamed Road,Urban Road,URB-02142,2142,13.0571,77.5093,13.0582,77.5087,144.0,856.8,856.944,15.4013,Aligned,0.8246,0.8757,0.1123,0.0297,0.0026,69.8717,61.7713,100.0,0.0729,15.6884,79.3818,77.2334,39.8572,58.9798,5.0755,Yes,0.0,0.988,-0.0499,Good,Medium,0.1724,10.0,10.3726,31.1769,Moderate Risk,59.9068,71.4989,19.1353,Aligned,68.5997,47.5652,Separated Traffic,Rural,5.9816,True,Residential,Poor Infrastructure,0.021,,False,66.0437,0.0124,-0.0007,Aligned,69,Unnamed Road,447
2143,Unnamed Road,Urban Road,URB-02143,2143,13.0582,77.5087,13.0584,77.5085,22.6,857.2,857.223,69.0557,High Misalignment,0.8862,0.0803,0.0008,0.8919,0.0021,79.599,79.5811,98.6741,0.2986,12.2799,79.1138,23.4065,0.0759,60.0,0.4185,No,0.0,0.0039,-0.0041,Poor,Low,0.1623,10.0,24.8214,34.3227,Moderate Risk,48.5075,79.4646,53.2513,High Misalignment,111.9122,40.2633,Separated Traffic,Rural,3.7673,True,Residential,Speed Limit Misaligned | Active Congestion | Poor Infrastructure,0.6343,Severe,False,41.183,-0.0144,0.0197,High Misalignment,78,Unnamed Road,448
2144,Unnamed Road,Urban Road,URB-02144,2144,12.9486,77.593,12.9488,77.5935,57.0,857.6,857.657,15.3843,Aligned,0.8133,0.8454,0.2089,-0.0104,0.0038,27.4366,25.6621,26.0356,11.5435,20.629,48.2561,96.6707,0.1759,20.0,13.9343,No,0.0,0.0004,0.098,Poor,High,0.8369,10.0,27.7428,24.3283,Safe,66.5035,25.9773,24.6954,Aligned,23.2121,45.5695,Side Impact Potential,Rural,0.7643,False,Commercial,Poor Infrastructure,0.0054,,False,21.2884,0.0057,-0.0032,Aligned,26,Unnamed Road,449
2145,Unnamed Road,Urban Road,URB-02145,2145,12.9737,77.5385,12.973,77.5384,77.6,858.0,858.078,17.3892,Aligned,0.7941,0.802,0.1978,0.0295,0.0068,24.1083,25.2211,25.5464,10.4777,20.1219,52.3171,96.4086,0.216,20.0,9.7807,No,0.0,-0.002,0.0315,Poor,High,0.7844,10.0,28.492,23.9167,Safe,67.9535,25.5801,24.3484,Aligned,26.75,43.8844,Side Impact Potential,Rural,0.9704,False,Commercial,Poor Infrastructure,0.0144,,False,22.2124,-0.0039,0.0001,Aligned,25,Unnamed Road,450
2146,Unnamed Road,Urban Road,URB-02146,2146,12.9755,77.5385,12.9737,77.5385,196.2,858.4,858.596,40.9123,Moderate Misalignment,0.9705,0.0198,0.9454,0.0319,-0.0021,28.0751,30.2482,89.1201,54.5661,47.5122,29.9037,98.5243,0.0,40.368,62.2754,No,0.0,0.0053,1.9117,Good,High,2.077,10.0,14.4445,32.7961,Moderate Risk,66.5157,29.4995,41.1837,Moderate Misalignment,47.0557,53.6867,Significant Pedestrian Interaction,Peri-Urban,5.829,True,Residential,High Pedestrian Interaction | Above Human Tolerance Limit,0.0337,,False,42.6456,-0.0033,0.0064,Moderate Misalignment,31,Unnamed Road,451
2147,Unnamed Road,Urban Road,URB-02147,2147,12.9757,77.5386,12.9755,77.5385,32.4,858.8,858.832,47.076,High Misalignment,0.4851,0.3795,0.0991,0.5059,0.0049,61.7576,61.8171,100.0,26.2476,21.3632,79.6484,82.3721,0.1003,59.2174,13.9867,No,0.0,0.0146,0.0212,Good,Low,0.5204,10.0,10.0,20.2043,Safe,74.621,58.7828,17.9259,Aligned,61.5561,54.7701,Separated Traffic,Peri-Urban,6.1107,True,Residential,Poor Infrastructure,-0.0077,,False,49.4216,0.013,0.0038,High Misalignment,60,Unnamed Road,452
2148,Unnamed Road,Urban Road,URB-02148,2148,12.9735,77.5379,12.9744,77.5381,105.4,859.2,859.305,30.0915,Moderate Misalignment,0.5789,0.3399,0.5487,0.0143,0.0057,61.8314,56.3895,100.0,12.429,23.257,77.7114,39.1257,0.0674,60.0,27.4735,No,0.0,-0.0061,1.0323,Poor,Low,0.2559,10.0,10.3832,27.3813,Moderate Risk,63.2983,59.6356,32.5114,Moderate Misalignment,58.1383,35.051,Separated Traffic,Rural,3.9533,True,Residential,Poor Infrastructure | Above Human Tolerance Limit,0.0005,,False,51.0882,0.0,0.0019,Moderate Misalignment,60,Unnamed Road,453
2149,Unnamed Road,Urban Road,URB-02149,2149,12.9733,77.5377,12.9735,77.5379,25.9,859.6,859.626,9.6233,Aligned,0.9901,0.9921,0.0099,0.0275,-0.0099,47.2151,48.472,70.699,62.3252,33.7315,50.7507,84.954,0.0,51.6692,30.403,No,0.0,-0.0117,-0.0585,Poor,High,1.8492,10.0,10.0,18.4703,Safe,83.7613,48.2379,14.685,Aligned,47.1117,58.6479,Side Impact Potential,Urban,1.9326,False,Industrial,Meets Safe System Standards,0.0048,,False,38.9749,-0.0024,-0.0045,Aligned,50,Unnamed Road,454
2150,Unnamed Road,Urban Road,URB-02150,2150,12.973,77.5384,12.9733,77.5377,75.2,860.0,860.075,9.6525,Aligned,0.9646,0.9649,0.0592,-0.0045,-0.0063,38.928,39.1965,76.6818,14.9353,26.477,49.6111,70.4771,0.182,48.3757,13.6326,No,0.0,0.0083,-0.064,Poor,Medium,1.5972,10.0,10.0,24.0033,Safe,70.179,36.1789,21.795,Aligned,40.5036,67.0831,Side Impact Potential,Urban,5.1999,False,Residential,Poor Infrastructure,0.1954,Light,False,28.1634,-0.0114,0.01,Aligned,37,Unnamed Road,455
2151,Unnamed Road,Urban Road,URB-02151,2151,12.973,77.5384,12.9729,77.5386,29.8,860.4,860.43,12.042,Aligned,0.9737,1.0317,-0.0096,0.0075,-0.0035,32.3098,30.3245,76.1283,47.6628,26.9207,50.5674,78.4202,0.0,59.2982,19.9856,No,0.0,0.0004,-0.067,Good,High,2.1656,10.0,10.0,19.2604,Safe,79.9143,29.6731,15.1521,Aligned,30.0507,56.8313,Side Impact Potential,Urban,2.139,True,Commercial,Meets Safe System Standards,0.0126,,False,26.5812,-0.0028,-0.0121,Aligned,31,Unnamed Road,456
2152,Unnamed Road,Urban Road,URB-02152,2152,12.9334,77.487,12.9337,77.486,112.3,860.8,860.912,12.9655,Aligned,0.9158,0.9766,0.0503,-0.004,0.0037,38.9161,40.9013,59.2115,9.5161,21.4585,70.4432,89.4893,0.0118,40.017,15.985,No,0.0,0.0001,-0.0383,Poor,Medium,0.8762,10.0,10.403,21.5661,Safe,70.5374,38.1457,18.5947,Aligned,41.2986,41.9409,Separated Traffic,Rural,1.7183,True,Residential,Poor Infrastructure,-0.0051,,False,31.6915,0.0121,0.016,Aligned,39,Unnamed Road,457
2153,Unnamed Road,Urban Road,URB-02153,2153,12.9337,77.486,12.9339,77.4853,79.6,861.2,861.28,37.0096,Moderate Misalignment,0.7928,0.1572,0.8008,0.0067,0.0128,60.2188,60.6189,100.0,24.2472,25.6506,81.788,39.0765,0.0,60.0,14.7169,No,0.0,0.0038,-0.0289,Poor,Low,0.5009,10.0,10.0,26.6353,Moderate Risk,65.6119,57.9657,31.6824,Moderate Misalignment,57.8543,58.8972,Separated Traffic,Peri-Urban,5.9476,True,Industrial,Poor Infrastructure | Above Human Tolerance Limit,-0.0138,,False,51.2822,0.0039,-0.0078,Moderate Misalignment,58,Unnamed Road,458
2154,Unnamed Road,Urban Road,URB-02154,2154,12.9333,77.4876,12.9334,77.487,68.7,861.6,861.669,11.4845,Aligned,0.9695,0.9649,0.0603,0.0029,-0.004,22.3015,22.0104,49.8394,16.2208,28.8614,50.1827,82.0203,0.4115,31.6975,21.4086,No,0.0,-0.0033,-0.0407,Poor,High,3.6579,10.0,10.0,23.8442,Safe,70.4998,22.5671,21.7128,Aligned,20.2316,54.98,Side Impact Potential,Urban,2.2288,False,Mixed,Poor Infrastructure,0.1565,Light,False,17.5919,-0.0004,-0.0033,Aligned,23,Unnamed Road,459
2155,Unnamed Road,Urban Road,URB-02155,2155,12.9333,77.4876,12.9333,77.4879,36.1,862.0,862.036,13.793,Aligned,0.8737,0.8646,0.1662,0.0081,0.0049,47.3831,47.2873,98.6924,12.7947,23.7541,81.7418,33.5545,0.2627,58.9805,18.2146,No,0.0,0.0051,1.0471,Poor,High,0.5941,10.0,10.0,22.4842,Safe,71.9715,47.5042,19.3706,Aligned,45.8065,49.192,Separated Traffic,Peri-Urban,5.0931,True,Residential,Active Congestion | Poor Infrastructure,0.668,Severe,False,16.4027,0.0074,-0.0165,Aligned,47,Unnamed Road,460
2156,Unnamed Road,Urban Road,URB-02156,2156,12.933,77.488,12.9333,77.4876,61.7,862.4,862.462,38.9855,Moderate Misalignment,0.9604,0.0639,0.9846,-0.0022,-0.0118,79.4444,80.8324,99.7382,0.0,14.0511,79.2904,10.0,0.0,59.1829,0.0,No,0.0,-0.0052,0.0299,Poor,Low,0.1853,10.0,10.5085,28.6874,Moderate Risk,57.5743,79.6501,39.9576,Moderate Misalignment,95.4059,47.7177,Separated Traffic,Rural,7.035,True,Residential,Active Congestion | Poor Infrastructure | Above Human Tolerance Limit,0.7746,Severe,False,20.9107,-0.0103,0.001,Moderate Misalignment,80,Unnamed Road,461
2157,Unnamed Road,Urban Road,URB-02157,2157,12.9338,77.486,12.9333,77.4876,182.6,862.8,862.983,12.1349,Aligned,0.958,0.9874,0.0532,-0.0078,0.0072,39.2772,38.3304,80.859,24.7433,31.6279,51.1952,66.6803,0.3846,51.0086,20.7137,No,0.0,-0.008,0.0365,Good,Low,2.003,10.0,10.0,23.8551,Safe,72.7173,38.0395,20.5854,Aligned,41.6471,65.1562,Side Impact Potential,Urban,5.9322,False,Residential,Poor Infrastructure,0.2539,Light,False,27.8436,0.0079,-0.0047,Aligned,39,Unnamed Road,462
2158,Unnamed Road,Urban Road,URB-02158,2158,12.9328,77.4882,12.933,77.488,42.8,863.2,863.243,11.4323,Aligned,0.9881,0.9797,0.0513,0.0133,-0.0038,33.3121,36.0805,75.6578,39.9987,34.027,51.6884,85.0851,0.6621,38.7413,30.945,No,0.0,0.0034,-0.0637,Good,Medium,1.527,10.0,10.0,23.3615,Safe,76.0996,31.206,20.1958,Aligned,34.3234,57.7922,Side Impact Potential,Urban,3.8615,False,Commercial,Meets Safe System Standards,0.0021,,False,31.6923,0.0063,0.0044,Aligned,35,Unnamed Road,463
2159,Unnamed Road,Urban Road,URB-02159,2159,12.9339,77.4853,12.9341,77.4842,121.8,863.6,863.722,14.6614,Aligned,0.8196,0.8116,0.113,0.0297,-0.0039,71.7009,62.4392,100.0,0.6211,16.4786,81.2203,76.0361,39.8772,59.9686,3.5289,Yes,0.0,1.001,0.0384,Good,Medium,0.219,10.0,10.0,31.3752,Moderate Risk,60.512,68.7789,19.0286,Aligned,69.5816,46.3286,Separated Traffic,Rural,5.8519,True,Residential,Poor Infrastructure,0.0278,,False,65.4796,-0.0028,-0.0043,Aligned,71,Unnamed Road,464
2160,Unnamed Road,Urban Road,URB-02160,2160,12.9333,77.4879,12.933,77.488,35.8,864.0,864.036,15.4923,Aligned,0.821,0.8232,0.1143,0.0332,-0.0006,65.3738,67.7009,97.0055,45.9494,34.8595,78.0579,70.9283,0.0,60.0,33.1963,No,0.0,-0.0083,0.8767,Good,Medium,0.355,10.0,10.0,21.3775,Safe,77.2195,65.3453,18.5127,Aligned,65.1991,53.7765,Separated Traffic,Peri-Urban,5.0616,True,Residential,Meets Safe System Standards,0.0,,False,60.2172,0.0039,0.009,Aligned,67,Unnamed Road,465
2161,Unnamed Road,Urban Road,URB-02161,2161,12.9342,77.4842,12.9338,77.486,201.7,864.4,864.602,11.9416,Aligned,0.9188,0.9623,0.0464,-0.0111,-0.0003,39.7882,37.9692,97.827,12.682,14.1608,79.4308,25.654,0.3268,60.0,7.6665,No,0.0,0.0028,-0.0216,Poor,Low,0.0236,10.0,10.2695,18.6943,Safe,73.1016,37.3399,16.558,Aligned,39.0991,34.775,Separated Traffic,Rural,6.9996,True,Industrial,Active Congestion | Poor Infrastructure,0.7613,Severe,False,10.0,-0.0282,0.0004,Aligned,41,Unnamed Road,466
2162,Unnamed Road,Urban Road,URB-02162,2162,13.019,77.5397,13.0151,77.539,461.7,864.8,865.262,29.835,Moderate Misalignment,0.5785,0.3904,0.6106,0.0044,0.0037,66.2655,69.5087,98.926,0.0,18.4599,78.3329,43.9226,0.0,59.7403,0.3684,No,0.0,0.0018,0.0336,Good,Low,0.3324,10.0,10.3838,27.6626,Moderate Risk,60.4633,65.0746,32.4893,Moderate Misalignment,66.32,60.4242,Separated Traffic,Peri-Urban,3.8959,True,Mixed,Poor Infrastructure | Above Human Tolerance Limit,0.1144,Light,False,51.3614,0.0059,0.0096,Moderate Misalignment,65,Unnamed Road,467
2163,Unnamed Road,Urban Road,URB-02163,2163,12.8927,77.5595,12.8968,77.5602,469.9,865.2,865.67,15.863,Aligned,0.8545,0.9069,0.1296,0.0019,0.0139,48.4035,40.1761,97.6746,35.532,29.3823,81.1082,65.642,39.567,59.1737,15.5401,Yes,0.0,1.0069,-0.0025,Poor,Low,0.6118,10.0,10.0,31.1005,Moderate Risk,68.1274,46.5546,17.4884,Aligned,46.4948,68.0078,Separated Traffic,Urban,5.1059,True,Industrial,Meets Safe System Standards,0.1344,Light,False,38.8116,-0.0085,-0.0065,Aligned,49,Unnamed Road,468
2164,Unnamed Road,Urban Road,URB-02164,2164,12.9874,77.4926,12.9905,77.4899,593.9,865.6,866.194,68.4015,High Misalignment,0.8579,-0.0061,0.1147,0.8457,-0.0066,29.8193,30.5628,76.2246,60.3618,54.2039,29.8572,72.4549,0.5552,49.3881,69.9766,No,0.0,0.0018,2.0123,Good,Medium,2.3168,10.0,10.4979,36.9378,Moderate Risk,61.1348,30.3262,50.2929,High Misalignment,37.2785,61.6102,Significant Pedestrian Interaction,Urban,5.0467,False,Mixed,Speed Limit Misaligned | High Pedestrian Interaction | Above Human Tolerance Limit,0.0008,,False,33.3095,0.0005,-0.0078,High Misalignment,30,Unnamed Road,469
2165,Unnamed Road,Urban Road,URB-02165,2165,12.9589,77.5777,12.9591,77.5771,75.0,866.0,866.075,25.1657,Moderate Misalignment,0.4964,0.5118,0.4974,-0.0081,-0.009,38.3174,39.4793,54.0747,19.2589,21.0866,49.9386,95.2109,0.1909,29.4168,19.1941,No,0.0,-0.0091,0.0562,Good,High,1.165,10.0,29.7693,23.5496,Safe,68.5908,42.0161,26.5497,Moderate Misalignment,43.016,39.1512,Side Impact Potential,Rural,3.9125,False,Industrial,Poor Infrastructure,0.0217,,False,32.3019,-0.0028,0.0083,Moderate Misalignment,37,Unnamed Road,470
2166,Unnamed Road,Urban Road,URB-02166,2166,13.0848,77.5587,13.084,77.5603,229.7,866.4,866.63,37.9814,Moderate Misalignment,0.8329,0.1593,0.8325,0.0084,0.0076,44.1952,45.8735,57.6527,0.0,21.5324,50.3704,99.5533,0.0,60.0,10.5919,No,0.0,0.0001,-0.0073,Good,Low,2.0878,10.0,13.6364,25.5059,Moderate Risk,64.15,45.6895,25.4924,Moderate Misalignment,44.0407,48.1034,Side Impact Potential,Peri-Urban,3.8957,False,Commercial,Poor Infrastructure,-0.0089,,False,41.5131,0.002,0.004,Moderate Misalignment,45,Unnamed Road,471
2167,Unnamed Road,Urban Road,URB-02167,2167,12.9605,77.5683,12.9601,77.5684,49.3,866.8,866.849,28.6663,Moderate Misalignment,0.496,0.4851,0.5343,0.0261,-0.001,81.7535,81.4217,95.5318,2.3092,13.2367,78.4147,81.8569,0.4787,59.1303,3.7375,No,0.0,0.0084,0.0326,Poor,Low,0.1873,10.0,10.4199,25.2169,Moderate Risk,62.3449,80.0039,30.6301,Moderate Misalignment,84.5399,41.2197,Separated Traffic,Rural,4.059,True,Residential,Poor Infrastructure | Above Human Tolerance Limit,0.013,,False,76.5177,0.0,-0.0017,Moderate Misalignment,82,Unnamed Road,472