segment_id,road_name,road_type,human_segment_id,internal_id,start_lat,start_lon,end_lat,end_lon,length_m,start_km,end_km,road_risk_score,ai_risk_label,ai_risk_probability,prob_low_risk,prob_medium_risk,prob_high_risk,prob_critical_risk,ai_recommended_speed,recommended_safe_speed,road_function_score,infrastructure_score,exposure_score,human_tolerance_limit,operating_speed_score,crash_risk_score,posted_speed_limit,pedestrian_exposure_score,blackspot_flag,crash_count,fatal_crashes,schools_count,lighting_quality,roadside_hazards,intersection_density,speed_compliance_rate,speed_violation_score,hotspot_score,hotspot_category,speed_safety_score,original_safe_speed,misalignment_score,misalignment_category,speed_p85,ptw_share_pct,exposure_tier,urban_rural_flag,lane_count,median_presence,land_use_type,top_ai_factors,congestion_index,congestion_category,congestion_smoothed,operating_speed_mean,minor_crashes,major_crashes,risk_category,final_safe_speed,corridor_base,corridor_seq
2168,Unnamed Road,Urban Road,URB-02168,2168,13.0264,77.5932,13.0265,77.5926,77.1,867.2,867.277,31.6582,Moderate Misalignment,0.7146,0.3244,0.7122,0.0096,0.0086,49.3852,49.1628,51.1622,8.5157,22.6514,50.9988,96.9154,0.1891,41.0565,17.2813,No,0.0,0.0,0.0103,Good,High,1.8402,10.0,23.7207,26.844,Moderate Risk,63.8534,49.8364,30.4384,Moderate Misalignment,51.782,51.2174,Side Impact Potential,Peri-Urban,3.7218,False,Mixed,Poor Infrastructure,0.0385,,False,43.9205,0.0001,0.0038,Moderate Misalignment,49,Unnamed Road,473
2169,Unnamed Road,Urban Road,URB-02169,2169,13.0992,77.5767,13.0994,77.5766,21.8,867.6,867.622,12.916,Aligned,0.9205,0.8814,0.0883,0.007,0.0096,40.7093,40.8628,85.2538,35.2495,31.9707,49.0791,85.0047,0.1264,48.9615,23.6281,No,0.0,-0.001,-0.0208,Good,Low,1.9516,10.0,10.0,22.0585,Safe,75.2144,41.9849,18.6768,Aligned,43.8909,65.4917,Side Impact Potential,Urban,4.8485,True,Industrial,Poor Infrastructure,0.0348,,False,41.0037,-0.0031,-0.0041,Aligned,40,Unnamed Road,474
2170,Unnamed Road,Urban Road,URB-02170,2170,13.06,77.5588,13.0597,77.5593,66.1,868.0,868.066,33.5352,Moderate Misalignment,0.7692,0.2451,0.7662,0.0035,0.0096,37.9291,38.2127,31.857,0.0,19.3412,49.916,98.0165,0.2667,29.5721,9.2588,No,0.0,0.0055,-0.0285,Poor,High,1.2234,10.0,28.3809,26.8126,Moderate Risk,63.589,39.4495,28.7678,Moderate Misalignment,37.8628,45.261,Side Impact Potential,Rural,1.8598,False,Residential,Poor Infrastructure,0.2396,Light,False,27.1454,-0.001,0.0085,Moderate Misalignment,37,Unnamed Road,475
2171,Unnamed Road,Urban Road,URB-02171,2171,12.9055,77.585,12.9055,77.5857,79.9,868.4,868.48,17.664,Aligned,0.737,0.75,0.2544,0.016,0.0079,49.8091,48.4029,48.3875,25.6812,25.6016,50.4185,84.8191,4.4749,60.0,12.5174,No,0.0,0.0054,-0.0163,Good,Medium,2.2834,10.0,33.3265,27.3534,Moderate Risk,65.1168,50.2507,32.8693,Moderate Misalignment,53.5665,60.2071,Side Impact Potential,Peri-Urban,1.9023,False,Residential,Poor Infrastructure,-0.0084,,False,52.8007,0.9975,-0.0048,Aligned,51,Unnamed Road,476
2172,Unnamed Road,Urban Road,URB-02172,2172,13.0131,77.6627,13.0129,77.6625,34.0,868.8,868.834,41.8705,Moderate Misalignment,0.9231,-0.0131,0.9339,0.0541,0.0067,49.7055,49.1651,97.4625,0.9126,20.8501,50.753,98.796,0.0,60.0,11.8014,No,0.0,-0.0058,-0.0391,Good,Medium,0.4155,10.0,22.7976,34.6091,Moderate Risk,52.1995,48.468,47.0974,Moderate Misalignment,71.0659,49.5683,Side Impact Potential,Peri-Urban,6.1215,False,Industrial,Poor Infrastructure | Above Human Tolerance Limit,-0.0178,,False,58.8488,-0.0024,-0.0103,Moderate Misalignment,51,Unnamed Road,477
2173,Unnamed Road,Urban Road,URB-02173,2173,13.0046,77.5453,13.0044,77.5454,25.8,869.2,869.226,41.6268,Moderate Misalignment,0.943,0.0522,0.9555,0.0127,-0.0049,77.657,77.8954,100.0,2.082,20.7832,81.234,10.0,0.0,60.0,14.3091,No,0.0,-0.0096,-0.0603,Good,Medium,0.4466,10.0,10.0,28.2771,Moderate Risk,61.0342,75.5225,32.7516,Moderate Misalignment,75.4817,49.563,Separated Traffic,Peri-Urban,6.0353,True,Commercial,Active Congestion | Poor Infrastructure | Above Human Tolerance Limit,0.7951,Severe,False,14.6547,0.0072,-0.001,Moderate Misalignment,77,Unnamed Road,478
2174,Unnamed Road,Urban Road,URB-02174,2174,13.0187,77.5582,13.0183,77.5579,73.6,869.6,869.674,14.1507,Aligned,0.901,0.9114,0.0916,-0.0018,0.0009,50.661,50.8439,99.3634,13.3974,21.3709,80.0187,71.2845,0.0,60.0,14.4516,No,0.0,0.0038,1.0174,Poor,Medium,0.1261,10.0,10.0,21.4361,Safe,72.2812,51.4501,16.9951,Aligned,54.4624,43.2059,Separated Traffic,Rural,6.9417,True,Industrial,Poor Infrastructure,0.1532,Light,False,38.9297,0.0049,0.001,Aligned,51,Unnamed Road,479
2175,Unnamed Road,Urban Road,URB-02175,2175,12.9479,77.5797,12.9483,77.5794,54.1,870.0,870.054,19.3305,Aligned,0.684,0.6487,0.2924,-0.0126,-0.0093,80.9216,80.5862,98.9832,7.2958,17.8273,78.7516,72.6837,0.0,60.0,10.885,No,0.0,0.0016,-0.0088,Poor,Medium,0.1357,10.0,10.0,30.5303,Moderate Risk,55.9419,79.2268,42.6926,Moderate Misalignment,91.8767,39.6934,Separated Traffic,Rural,7.0647,True,Industrial,Poor Infrastructure | Above Human Tolerance Limit,0.0155,,False,79.9113,-0.0152,-0.0038,Aligned,83,Unnamed Road,480
2176,Unnamed Road,Urban Road,URB-02176,2176,12.9959,77.617,12.9956,77.617,43.1,870.4,870.443,9.7117,Aligned,0.9891,0.9737,-0.0363,0.0041,-0.0056,19.7737,19.6755,29.5041,0.2685,17.0666,49.9164,79.6401,0.0,29.6977,11.5949,No,0.0,0.0005,0.0586,Poor,Low,1.1621,10.0,10.0,21.8854,Safe,70.0933,21.267,18.9989,Aligned,24.1945,37.6582,Side Impact Potential,Rural,1.0249,False,Industrial,Poor Infrastructure,0.1609,Light,False,14.3476,-0.0055,0.005,Aligned,20,Unnamed Road,481
2177,Unnamed Road,Urban Road,URB-02177,2177,12.9483,77.5715,12.9483,77.5756,447.1,870.8,871.247,10.4864,Aligned,0.9911,0.9868,-0.0529,0.0147,-0.0171,23.93,25.8994,30.7959,2.7212,14.7002,51.4634,88.3738,0.0,29.3331,0.9397,No,0.0,-0.0115,-0.0625,Poor,Medium,1.218,10.0,10.02,20.6966,Safe,68.6544,25.7034,20.7749,Aligned,25.7817,47.0077,Side Impact Potential,Rural,1.8323,False,Residential,Poor Infrastructure,0.0234,,False,21.2793,-0.0114,-0.0073,Aligned,27,Unnamed Road,482
2178,Unnamed Road,Urban Road,URB-02178,2178,13.1053,77.6014,13.1055,77.6011,58.8,871.2,871.259,37.7941,Moderate Misalignment,0.9244,0.1033,0.8894,-0.0053,0.0053,49.1014,46.1963,79.1513,33.8968,30.4782,50.9316,98.2259,0.0,39.8203,17.4593,No,0.0,-0.0066,0.0183,Poor,Low,2.5129,10.0,19.5616,24.9591,Moderate Risk,70.8283,47.1016,27.0248,Moderate Misalignment,48.7477,66.9542,Side Impact Potential,Urban,5.1539,False,Residential,Poor Infrastructure,0.0081,,False,41.2518,-0.0009,0.0041,Moderate Misalignment,48,Unnamed Road,483
2179,Unnamed Road,Urban Road,URB-02179,2179,13.1021,77.6335,13.1018,77.6348,146.8,871.6,871.747,35.6223,Moderate Misalignment,0.824,0.1748,0.821,0.0244,0.0087,47.9369,49.5955,87.8337,47.0265,32.2563,51.0095,93.9365,0.0193,50.7052,25.9857,No,0.0,-0.0083,-0.0683,Good,High,1.7714,10.0,13.5189,24.4136,Safe,73.5073,51.2726,25.3626,Moderate Misalignment,60.908,62.5589,Side Impact Potential,Urban,6.2168,True,Commercial,Meets Safe System Standards,-0.0174,,False,46.9956,-0.0209,-0.0086,Moderate Misalignment,48,Unnamed Road,484
2180,Unnamed Road,Urban Road,URB-02180,2180,12.9833,77.5603,12.9827,77.5615,159.3,872.0,872.159,38.9166,Moderate Misalignment,0.9823,-0.0062,1.0055,-0.0078,-0.0086,45.3779,44.4276,84.8607,25.2389,32.5702,69.0813,99.6855,0.0,39.4358,23.7439,No,0.0,-0.0022,-0.0509,Good,Medium,1.6447,10.0,12.4447,25.8032,Moderate Risk,68.4511,45.7601,25.3846,Moderate Misalignment,46.2888,65.1153,Separated Traffic,Urban,4.8266,True,Industrial,Poor Infrastructure,-0.0137,,False,39.9366,-0.0027,0.0017,Moderate Misalignment,46,Unnamed Road,485
2181,Unnamed Road,Urban Road,URB-02181,2181,13.0063,77.579,13.0063,77.5791,116.8,872.4,872.517,27.9925,Moderate Misalignment,0.5813,0.3539,0.5537,0.0531,0.0124,67.9269,64.0275,99.1919,0.0625,16.9705,80.0013,42.7393,0.2786,59.7551,0.0,No,0.0,0.0099,-0.0275,Good,Low,0.3102,10.0,10.3281,27.99,Moderate Risk,60.4273,65.3452,31.8613,Moderate Misalignment,65.7437,60.5395,Separated Traffic,Peri-Urban,3.952,True,Mixed,Poor Infrastructure | Above Human Tolerance Limit,0.126,Light,False,52.5929,-0.0068,0.0038,Moderate Misalignment,68,Unnamed Road,486
2182,Unnamed Road,Urban Road,URB-02182,2182,13.0738,77.5929,13.0736,77.5932,48.5,872.8,872.849,16.2189,Aligned,0.7913,0.813,0.1719,-0.0101,0.0001,41.0372,43.2733,56.7509,33.9595,29.0911,49.1373,94.8903,0.3257,41.3093,21.3435,No,0.0,-0.0007,0.0058,Poor,Medium,2.0034,10.0,10.0,21.2262,Safe,74.9576,41.5729,21.4874,Aligned,41.1766,56.7514,Side Impact Potential,Peri-Urban,4.2382,False,Industrial,Meets Safe System Standards,-0.0184,,False,37.4815,0.009,0.006,Aligned,42,Unnamed Road,487
2183,Unnamed Road,Urban Road,URB-02183,2183,12.9585,77.5186,12.9587,77.519,55.4,873.2,873.255,17.8389,Aligned,0.7124,0.7173,0.2593,-0.0024,0.006,68.0959,69.2235,100.0,5.5268,16.6573,80.3246,75.8289,0.0,60.0,12.6579,No,0.0,-0.0019,0.0695,Poor,Low,0.1575,10.0,10.0,20.8576,Safe,69.6494,68.6953,18.3007,Aligned,64.3468,38.7948,Separated Traffic,Rural,5.0439,True,Industrial,Poor Infrastructure,0.0022,,False,53.4745,0.0034,0.0029,Aligned,70,Unnamed Road,488
2184,Unnamed Road,Urban Road,URB-02184,2184,12.9598,77.5195,12.9597,77.5197,39.4,873.6,873.639,71.0993,High Misalignment,0.8994,0.0503,0.0933,0.9084,-0.0027,49.8914,50.1483,100.0,7.3757,20.6769,49.1248,44.6509,0.2598,59.3654,9.1952,No,0.0,-0.0004,0.061,Poor,Low,0.2195,10.0,10.0,43.1325,Moderate Risk,38.6917,51.3542,71.3893,High Misalignment,70.1627,54.1625,Side Impact Potential,Peri-Urban,6.2676,False,Residential,Speed Limit Misaligned | Poor Infrastructure | Above Human Tolerance Limit,0.1895,Light,False,49.7533,0.0096,-0.001,High Misalignment,49,Unnamed Road,489
2185,Unnamed Road,Urban Road,URB-02185,2185,12.9842,77.5819,12.9849,77.5818,76.9,874.0,874.077,15.2327,Aligned,0.8248,0.8637,0.1331,0.0419,0.0085,67.4611,70.4354,98.8643,46.8507,28.2138,81.0429,75.4619,0.509,58.7303,16.6269,No,0.0,0.0009,-0.061,Good,High,0.4554,10.0,10.0,19.6443,Safe,80.5659,68.0424,17.0239,Aligned,70.8988,63.4975,Separated Traffic,Urban,7.9999,True,Commercial,Meets Safe System Standards,-0.0014,,False,66.197,-0.0027,-0.0096,Aligned,69,Unnamed Road,490
2186,Unnamed Road,Urban Road,URB-02186,2186,13.0436,77.5615,13.0435,77.5609,101.7,874.4,874.502,35.7022,Moderate Misalignment,0.6872,0.2537,0.6399,0.0382,-0.0058,80.6747,81.1141,100.0,29.0496,37.0462,78.9896,81.6685,0.473,59.8893,31.3649,No,0.0,-0.0081,0.9473,Good,Medium,0.4289,10.0,10.0,31.5878,Moderate Risk,61.129,79.5364,39.8401,Moderate Misalignment,95.7866,67.9517,Separated Traffic,Urban,8.2139,True,Residential,Poor Infrastructure | Above Human Tolerance Limit,-0.0162,,False,78.6741,0.0129,-0.0073,Moderate Misalignment,82,Unnamed Road,491
2187,Unnamed Road,Urban Road,URB-02187,2187,13.0436,77.5572,13.0436,77.557,37.3,874.8,874.837,10.2612,Aligned,0.9132,0.9344,0.0412,0.0049,0.0014,52.2795,52.6649,98.669,14.0397,21.3808,80.479,72.0149,0.1425,60.0,17.4258,No,0.0,-0.0012,0.9013,Poor,Medium,0.0799,10.0,10.0,21.1735,Safe,71.2697,52.1605,18.7063,Aligned,52.8559,43.6976,Separated Traffic,Rural,6.8581,True,Industrial,Poor Infrastructure,0.1572,Light,False,42.2884,-0.003,-0.0034,Aligned,52,Unnamed Road,492
2188,Unnamed Road,Urban Road,URB-02188,2188,12.9609,77.5123,12.9611,77.5125,37.1,875.2,875.237,35.7909,Moderate Misalignment,0.8159,0.1378,0.8076,0.0381,0.0003,50.6635,50.8993,81.5029,20.8978,26.9702,52.0476,31.8889,0.0988,60.0,18.9652,No,0.0,0.0051,0.0416,Poor,Medium,1.6923,10.0,10.0,27.8221,Moderate Risk,65.4695,49.1162,32.2625,Moderate Misalignment,55.1381,52.5428,Side Impact Potential,Peri-Urban,5.4326,True,Industrial,Active Congestion | Poor Infrastructure | Above Human Tolerance Limit,0.7336,Severe,False,15.6298,0.0089,0.0024,Moderate Misalignment,51,Unnamed Road,493
2189,Unnamed Road,Urban Road,URB-02189,2189,12.9611,77.5592,12.9606,77.5574,205.2,875.6,875.805,10.0242,Aligned,0.966,0.9728,0.004,-0.0025,0.0029,24.2646,27.6858,53.7729,8.8942,27.1036,50.1044,86.3768,0.2158,31.8831,16.8404,No,0.0,-0.0058,0.0557,Good,Low,3.6083,10.0,10.3276,24.8877,Safe,68.2653,26.6395,20.8535,Aligned,27.8447,64.2405,Side Impact Potential,Urban,2.9948,False,Commercial,Poor Infrastructure,0.2028,Light,False,19.5582,0.0007,0.011,Aligned,26,Unnamed Road,494
2190,Unnamed Road,Urban Road,URB-02190,2190,12.9719,77.5937,12.9725,77.5942,98.7,876.0,876.099,11.0713,Aligned,0.9714,0.9879,0.0457,0.0075,-0.005,19.9281,18.3575,56.8745,36.4995,31.1295,50.4291,63.2831,0.4058,60.0,28.9285,No,0.0,0.0022,0.0229,Good,Medium,2.8391,10.0,10.0,22.0904,Safe,75.9617,21.87,20.596,Aligned,18.8387,56.537,Side Impact Potential,Urban,4.1551,False,Residential,Active Congestion,0.7243,Severe,False,10.9232,-0.0014,-0.0225,Aligned,20,Unnamed Road,495
2191,Unnamed Road,Urban Road,URB-02191,2191,13.1015,77.6352,13.1016,77.6347,55.1,876.4,876.455,12.1724,Aligned,0.9753,0.9423,0.0082,0.0189,0.0018,50.3252,50.8323,74.5627,23.027,37.2821,49.9899,84.7222,0.0,49.8315,40.092,No,0.0,-0.004,1.0306,Poor,High,1.7321,10.0,31.5198,32.1056,Moderate Risk,60.8223,50.474,38.9202,Moderate Misalignment,68.7772,49.9352,Side Impact Potential,Peri-Urban,4.7682,False,Industrial,Poor Infrastructure,-0.0021,,False,61.9723,-0.0063,-0.003,Aligned,51,Unnamed Road,496
2192,Unnamed Road,Urban Road,URB-02192,2192,12.9819,77.6229,12.9818,77.6233,47.9,876.8,876.848,10.1198,Aligned,1.0109,0.9739,0.0275,0.0238,-0.0139,11.3575,23.0535,27.8125,0.0,16.8925,51.2743,87.0217,0.0545,22.6036,4.1575,No,0.0,-0.0001,0.0516,Poor,High,2.168,10.0,10.0628,22.2739,Safe,68.5491,14.3435,18.1912,Aligned,15.7199,46.4184,Side Impact Potential,Rural,1.069,False,Industrial,Poor Infrastructure,-0.0246,,False,12.7219,-0.0063,0.0091,Aligned,12,Unnamed Road,497
2193,Unnamed Road,Urban Road,URB-02193,2193,13.0133,77.6619,13.0133,77.6619,109.4,877.2,877.309,13.919,Aligned,0.9237,0.9107,0.0415,0.0061,-0.0037,37.369,38.7477,81.3289,29.9047,33.8518,51.3813,42.9737,0.4212,49.7342,27.323,No,0.0,-0.0041,0.0499,Good,Medium,1.9227,10.0,10.0,24.369,Safe,73.2761,36.6291,19.447,Aligned,37.7919,62.576,Side Impact Potential,Urban,5.75,False,Commercial,Active Congestion | Poor Infrastructure,0.7197,Severe,False,10.0001,0.0124,0.002,Aligned,38,Unnamed Road,498
2194,Unnamed Road,Urban Road,URB-02194,2194,13.0134,77.6624,13.0132,77.6628,60.4,877.6,877.66,10.2587,Aligned,0.9724,0.9878,0.0445,-0.0002,-0.0035,25.9024,25.4547,52.1366,51.7198,32.7248,51.4246,70.7474,0.322,40.2129,26.2754,No,0.0,-0.0072,-0.0003,Good,Medium,2.9763,10.0,10.0,20.358,Safe,79.5607,26.1315,17.8976,Aligned,28.7453,64.6592,Side Impact Potential,Urban,3.1953,False,Residential,Meets Safe System Standards,0.19,Light,False,20.759,-0.0079,0.0111,Aligned,27,Unnamed Road,499
2195,Unnamed Road,Urban Road,URB-02195,2195,12.8702,77.6533,12.87,77.6535,71.3,878.0,878.071,13.9705,Aligned,0.8025,0.8301,0.1723,0.0097,-0.0015,55.9038,56.5626,100.0,9.2447,17.5012,81.1781,58.0055,0.2359,60.0,6.8659,No,0.0,-0.0098,0.0124,Poor,High,0.2407,10.0,10.2454,20.1351,Safe,71.5791,56.1708,15.9819,Aligned,59.3182,45.2617,Separated Traffic,Rural,8.1922,True,Residential,Poor Infrastructure,-0.0192,,False,50.8437,0.0059,0.0121,Aligned,56,Unnamed Road,500
2196,Unnamed Road,Urban Road,URB-02196,2196,13.0221,77.5323,13.022,77.5327,66.0,878.4,878.466,21.0024,Aligned,0.6163,0.6008,0.3172,-0.0039,-0.0018,31.0157,29.3595,50.6905,43.0559,36.483,28.9013,94.9204,0.0803,30.1268,35.5906,No,0.0,0.0034,1.0199,Good,Low,2.5437,10.0,10.7477,23.1828,Safe,75.2336,31.9001,21.6859,Aligned,31.3354,60.6123,Significant Pedestrian Interaction,Urban,1.8864,False,Industrial,High Pedestrian Interaction,0.0076,,False,27.9944,0.0026,0.0005,Aligned,31,Unnamed Road,501
2197,Unnamed Road,Urban Road,URB-02197,2197,13.0857,77.5944,13.0856,77.5948,64.1,878.8,878.864,13.986,Aligned,0.9644,0.9626,0.0638,-0.006,-0.0015,19.624,21.224,25.6969,0.5935,13.8856,49.8623,75.6468,0.0,20.5445,2.0972,No,0.0,-0.0074,-0.0464,Poor,Low,1.3486,10.0,10.0,20.6323,Safe,70.2175,19.8347,18.1836,Aligned,21.3558,44.4582,Side Impact Potential,Rural,1.1489,False,Mixed,Active Congestion | Poor Infrastructure,0.7856,Severe,False,10.6402,-0.018,-0.0083,Aligned,20,Unnamed Road,502
2198,Unnamed Road,Urban Road,URB-02198,2198,12.9758,77.6017,12.9766,77.6005,152.4,879.2,879.352,68.5628,High Misalignment,0.7939,-0.0558,0.2118,0.806,-0.0018,32.6532,28.7982,79.1249,51.7217,49.6954,30.7,69.0794,0.0,58.5975,59.7627,No,0.0,-0.0019,0.9174,Good,Medium,1.6977,10.0,10.2315,42.3443,Moderate Risk,52.5618,31.3505,64.0979,High Misalignment,47.2508,59.2929,Significant Pedestrian Interaction,Urban,1.9652,True,Mixed,Speed Limit Misaligned | High Pedestrian Interaction | Above Human Tolerance Limit,-0.0197,,False,39.0224,-0.0237,0.011,High Misalignment,29,Unnamed Road,503
2199,Unnamed Road,Urban Road,URB-02199,2199,12.9362,77.58,12.9367,77.5792,110.6,879.6,879.711,34.9032,Moderate Misalignment,0.833,0.137,0.8257,0.0118,0.0029,50.3939,50.6318,84.5053,11.7759,22.1985,48.5128,97.5508,0.0,40.9349,14.6448,No,0.0,-0.0039,0.0412,Good,Low,2.0873,10.0,33.591,28.4557,Moderate Risk,61.7032,49.9968,33.2715,Moderate Misalignment,52.7486,57.5123,Side Impact Potential,Urban,5.1263,True,Residential,Poor Infrastructure,0.0134,,False,43.439,0.0018,0.0179,Moderate Misalignment,48,Unnamed Road,504
2200,Unnamed Road,Urban Road,URB-02200,2200,13.0864,77.5947,13.0863,77.5951,76.7,880.0,880.077,9.2187,Aligned,0.9895,1.0035,-0.0074,0.0018,-0.004,45.9615,50.2042,73.2754,65.0875,32.9847,49.921,87.082,0.0161,49.7388,27.8983,No,0.0,0.0056,-0.0504,Poor,High,1.7536,10.0,10.0,18.3004,Safe,84.1536,48.297,15.6104,Aligned,49.0736,58.4417,Side Impact Potential,Urban,2.0608,False,Industrial,Meets Safe System Standards,0.0169,,False,38.3594,-0.012,0.0,Aligned,50,Unnamed Road,505
2201,Unnamed Road,Urban Road,URB-02201,2201,12.9063,77.6296,12.906,77.6298,54.0,880.4,880.454,18.4948,Aligned,0.7574,0.7613,0.2752,-0.0141,-0.0077,71.7434,71.4174,99.4425,6.339,13.1164,78.166,56.2135,0.3899,60.0,4.4215,No,0.0,0.0001,0.0257,Poor,High,0.3084,10.0,10.0,24.9625,Safe,63.3636,73.5667,28.7665,Moderate Misalignment,72.6669,38.2275,Separated Traffic,Rural,6.7439,True,Industrial,Poor Infrastructure | Above Human Tolerance Limit,0.013,,False,61.0908,-0.0103,0.0025,Aligned,74,Unnamed Road,506
2202,Unnamed Road,Urban Road,URB-02202,2202,12.9724,77.5942,12.9721,77.5943,34.7,880.8,880.835,39.7814,Moderate Misalignment,0.7879,0.1835,0.7816,0.0635,0.0082,82.397,80.027,99.7329,0.5139,14.9114,79.4846,84.5691,0.0,60.0,6.7402,No,0.0,-0.0042,0.0694,Poor,Medium,-0.0533,10.0,10.2033,25.6597,Moderate Risk,61.2834,80.1329,31.1956,Moderate Misalignment,91.2713,38.018,Separated Traffic,Rural,6.8801,True,Commercial,Poor Infrastructure | Above Human Tolerance Limit,-0.011,,False,81.0269,0.0146,0.0087,Moderate Misalignment,81,Unnamed Road,507
2203,Unnamed Road,Urban Road,URB-02203,2203,12.9684,77.606,12.9683,77.6062,43.9,881.2,881.244,19.1254,Aligned,0.5954,0.5797,0.4075,-0.0012,0.0104,47.6756,48.3239,52.2271,0.3041,24.3671,50.3765,64.7225,0.1809,41.8908,13.3896,No,0.0,-0.0006,-0.0204,Good,Medium,1.8831,10.0,21.9063,27.8968,Moderate Risk,62.4878,48.2293,30.2061,Moderate Misalignment,47.5811,55.1208,Side Impact Potential,Peri-Urban,2.0411,False,Commercial,Active Congestion | Poor Infrastructure,0.6498,Severe,False,15.2037,0.0101,-0.0049,Aligned,48,Unnamed Road,508
2204,Unnamed Road,Urban Road,URB-02204,2204,12.9577,77.5191,12.9578,77.5187,38.6,881.6,881.639,9.3121,Aligned,0.9966,0.9804,-0.0368,0.0169,0.0015,30.4965,28.6567,25.2066,7.5342,18.5876,51.1567,90.6919,0.1563,27.6687,9.2338,No,0.0,-0.0086,-0.0589,Poor,Low,0.7858,10.0,10.176,20.9885,Safe,71.2003,29.2278,18.2918,Aligned,29.2237,40.3919,Side Impact Potential,Rural,1.1258,False,Mixed,Poor Infrastructure,-0.0051,,False,24.8462,-0.0041,-0.0007,Aligned,30,Unnamed Road,509
2205,Unnamed Road,Urban Road,URB-02205,2205,12.9484,77.5797,12.9486,77.58,43.6,882.0,882.044,12.7406,Aligned,0.8869,0.8915,0.1264,-0.0116,-0.0088,57.7211,55.8633,99.5301,19.6653,20.6888,80.7263,61.268,0.0,59.6813,6.4209,No,0.0,-0.0053,-0.03,Poor,Low,0.4926,10.0,10.0,19.5706,Safe,72.7326,56.9704,16.0694,Aligned,57.0452,52.3395,Separated Traffic,Peri-Urban,7.9766,True,Commercial,Poor Infrastructure,0.2107,Light,False,39.4449,0.0147,0.0092,Aligned,58,Unnamed Road,510
2206,Unnamed Road,Urban Road,URB-02206,2206,12.9766,77.6,12.9766,77.5992,88.8,882.4,882.489,13.022,Aligned,0.9932,0.9397,-0.0184,-0.0057,0.0036,24.8848,22.1901,26.9976,30.7138,27.9826,49.7668,85.6132,0.367,28.2175,22.6654,No,0.0,-0.0003,1.0333,Poor,Low,2.7203,10.0,10.1186,20.8536,Safe,74.2847,24.4527,18.2449,Aligned,22.0362,50.4119,Side Impact Potential,Peri-Urban,1.9978,False,Industrial,Poor Infrastructure,0.0082,,False,21.7619,0.0051,0.0063,Aligned,24,Unnamed Road,511
2207,Unnamed Road,Urban Road,URB-02207,2207,12.972,77.5942,12.9718,77.594,39.4,882.8,882.839,11.5274,Aligned,0.9726,0.9422,-0.0034,-0.0306,-0.0001,34.9559,35.8256,80.3139,52.3214,35.5463,49.3756,68.6156,0.2367,50.0735,34.7693,No,0.0,-0.0017,-0.0825,Poor,Low,1.965,10.0,10.0,21.1302,Safe,80.205,33.7479,18.2286,Aligned,34.9913,57.2153,Side Impact Potential,Urban,5.6523,False,Residential,Meets Safe System Standards,-0.0116,,False,30.3648,0.0033,0.01,Aligned,34,Unnamed Road,512
2208,Unnamed Road,Urban Road,URB-02208,2208,12.9606,77.513,12.9608,77.5124,72.5,883.2,883.273,34.8233,Moderate Misalignment,0.543,0.3165,0.5797,0.1271,-0.0027,82.1331,81.7218,97.6437,11.9693,18.1683,81.3123,86.9665,0.3671,60.0,9.3923,No,0.0,-0.0044,-0.0222,Poor,Low,0.1853,10.0,16.3644,31.7351,Moderate Risk,53.8157,81.2558,45.7434,Moderate Misalignment,106.2887,43.1179,Separated Traffic,Rural,8.0347,True,Residential,Poor Infrastructure | Above Human Tolerance Limit,0.1687,Light,False,80.9613,-0.0163,0.0175,Moderate Misalignment,82,Unnamed Road,513
2209,Unnamed Road,Urban Road,URB-02209,2209,12.9035,77.6272,12.9037,77.6268,48.1,883.6,883.648,10.3419,Aligned,0.9649,0.9798,-0.0042,0.0218,0.0105,25.8716,25.2226,28.2576,12.6305,18.8839,49.3955,89.0559,0.0,60.0,7.765,No,0.0,0.0051,-0.0222,Good,High,2.8205,10.0,10.0,20.1936,Safe,70.7454,25.533,17.3228,Aligned,25.9997,50.9578,Side Impact Potential,Peri-Urban,2.0096,False,Residential,Poor Infrastructure,0.0055,,False,22.227,0.0107,0.0121,Aligned,27,Unnamed Road,514
2210,Unnamed Road,Urban Road,URB-02210,2210,12.8701,77.582,12.8708,77.5796,344.6,884.0,884.345,9.3983,Aligned,0.9918,1.0564,0.043,0.0018,0.0028,37.1005,35.7944,57.2862,6.8139,16.9228,51.2818,81.5197,0.0,40.7572,9.8204,No,0.0,0.0013,-0.0573,Poor,Low,1.3251,10.0,10.0,21.0427,Safe,70.138,39.0344,18.1506,Aligned,37.4641,38.5799,Side Impact Potential,Rural,4.137,False,Residential,Poor Infrastructure,0.2136,Light,False,26.0341,-0.011,-0.0039,Aligned,38,Unnamed Road,515
2211,Unnamed Road,Urban Road,URB-02211,2211,13.0598,77.5933,13.0625,77.5932,294.5,884.4,884.695,22.84,Aligned,0.5608,0.5784,0.4112,0.0053,-0.0145,57.9456,57.8373,100.0,0.4073,14.7331,79.9316,65.6283,0.2514,60.0,2.1378,No,0.0,0.0027,0.0314,Good,Medium,0.229,10.0,10.0,21.4025,Safe,69.6163,56.4025,18.536,Aligned,56.885,44.4139,Separated Traffic,Rural,7.106,True,Residential,Poor Infrastructure,-0.003,,False,46.4696,-0.0052,-0.0009,Aligned,56,Unnamed Road,516
2212,Unnamed Road,Urban Road,URB-02212,2212,13.0625,77.5932,13.0644,77.5931,219.9,884.8,885.02,13.1813,Aligned,0.9604,0.9897,0.0064,-0.0086,-0.0064,35.2977,35.0086,82.5187,28.4698,27.4685,50.9993,78.8253,0.0011,39.8023,14.5249,No,0.0,-0.0031,0.0283,Good,Low,1.9496,10.0,10.0,21.7056,Safe,72.9894,30.7485,18.9348,Aligned,33.2334,67.0815,Side Impact Potential,Urban,6.1513,False,Industrial,Poor Infrastructure,0.0162,,False,24.9225,0.0013,-0.0121,Aligned,33,Unnamed Road,517