segment_id,road_name,road_type,human_segment_id,internal_id,start_lat,start_lon,end_lat,end_lon,length_m,start_km,end_km,road_risk_score,ai_risk_label,ai_risk_probability,prob_low_risk,prob_medium_risk,prob_high_risk,prob_critical_risk,ai_recommended_speed,recommended_safe_speed,road_function_score,infrastructure_score,exposure_score,human_tolerance_limit,operating_speed_score,crash_risk_score,posted_speed_limit,pedestrian_exposure_score,blackspot_flag,crash_count,fatal_crashes,schools_count,lighting_quality,roadside_hazards,intersection_density,speed_compliance_rate,speed_violation_score,hotspot_score,hotspot_category,speed_safety_score,original_safe_speed,misalignment_score,misalignment_category,speed_p85,ptw_share_pct,exposure_tier,urban_rural_flag,lane_count,median_presence,land_use_type,top_ai_factors,congestion_index,congestion_category,congestion_smoothed,operating_speed_mean,minor_crashes,major_crashes,risk_category,final_safe_speed,corridor_base,corridor_seq
2213,Unnamed Road,Urban Road,URB-02213,2213,13.0592,77.5933,13.0595,77.5933,31.5,885.2,885.232,11.5673,Aligned,0.9793,0.9726,0.0492,0.0067,0.0006,25.9571,29.4882,81.1283,18.6174,25.6727,49.724,75.5694,0.1775,41.8383,19.0288,No,0.0,0.001,1.0328,Poor,Low,2.0469,10.0,10.0,22.7047,Safe,71.5643,25.548,19.1813,Aligned,28.723,56.2997,Side Impact Potential,Urban,3.911,True,Residential,Poor Infrastructure,-0.0014,,False,24.5983,-0.0109,-0.0173,Aligned,28,Unnamed Road,518
2214,Unnamed Road,Urban Road,URB-02214,2214,13.0595,77.5933,13.0598,77.5933,33.9,885.6,885.634,15.7122,Aligned,0.8409,0.8509,0.1947,-0.0076,-0.0055,46.2761,44.4869,72.4432,34.7441,34.3223,50.2151,94.9479,0.1609,39.5087,29.6767,No,0.0,-0.0075,-0.0294,Poor,Low,1.5141,10.0,10.5942,24.8213,Safe,72.0298,44.8041,24.6644,Aligned,40.5167,62.0103,Side Impact Potential,Urban,3.2768,False,Mixed,Poor Infrastructure,-0.0064,,False,32.7037,0.0071,-0.0029,Aligned,43,Unnamed Road,519
2215,Unnamed Road,Urban Road,URB-02215,2215,13.0589,77.5933,13.0592,77.5933,36.2,886.0,886.036,35.7912,Moderate Misalignment,0.8418,0.1555,0.8509,-0.0275,-0.0123,30.1652,27.4434,50.1418,36.2663,43.8805,28.9755,94.428,0.0,40.4774,52.2763,No,0.0,0.0003,1.9997,Poor,Low,2.597,10.0,23.7033,29.5912,Moderate Risk,69.0995,28.7848,31.698,Moderate Misalignment,37.9039,57.2661,Significant Pedestrian Interaction,Urban,2.9169,False,Mixed,High Pedestrian Interaction,0.0251,,False,37.0741,0.004,0.0114,Moderate Misalignment,30,Unnamed Road,520
2216,Unnamed Road,Urban Road,URB-02216,2216,13.0651,77.5931,13.0654,77.5931,29.9,886.4,886.43,13.2016,Aligned,0.9651,0.9328,0.0053,0.0034,0.0077,36.2939,38.0077,75.3066,14.7773,27.8363,49.7375,68.8995,0.0,49.5734,19.8318,No,0.0,0.0003,0.0358,Good,Medium,1.9918,10.0,10.0,23.7924,Safe,71.4093,36.6438,21.1963,Aligned,35.0145,63.1008,Side Impact Potential,Urban,4.0516,False,Commercial,Poor Infrastructure,0.1696,Light,False,27.6691,-0.0104,0.0068,Aligned,37,Unnamed Road,521
2217,Unnamed Road,Urban Road,URB-02217,2217,13.0644,77.5931,13.0651,77.5931,76.0,886.8,886.876,39.0946,Aligned,0.3822,0.367,0.314,0.3053,-0.0018,57.8581,55.038,100.0,0.0,17.311,79.9481,47.025,0.0286,59.5136,5.9979,No,0.0,-0.0007,-0.0558,Poor,Low,0.3322,10.0,10.0169,21.693,Safe,68.834,56.741,17.8248,Aligned,56.7161,39.5788,Separated Traffic,Rural,8.2478,True,Industrial,Poor Infrastructure,0.1456,Light,False,43.3348,-0.0033,-0.0139,Aligned,55,Unnamed Road,522
2218,Unnamed Road,Urban Road,URB-02218,2218,13.0654,77.5931,13.0658,77.5931,40.7,887.2,887.241,12.5932,Aligned,0.9081,0.9117,0.1107,0.0023,0.0045,59.4746,63.6317,98.96,0.2165,23.3845,80.913,70.8664,0.0,60.0,7.3796,No,0.0,0.0092,0.0017,Good,Medium,0.5272,10.0,10.3115,23.826,Safe,66.968,60.1637,21.4015,Aligned,63.0627,61.5498,Separated Traffic,Peri-Urban,8.1391,True,Residential,Poor Infrastructure,-0.0079,,False,50.0147,-0.0068,-0.0074,Aligned,60,Unnamed Road,523
2219,Unnamed Road,Urban Road,URB-02219,2219,13.0586,77.5933,13.0589,77.5933,28.5,887.6,887.629,14.1051,Aligned,0.8204,0.8829,0.1348,0.0157,0.0028,37.2706,35.3435,81.1947,17.1329,24.4077,50.1265,85.8864,0.0,40.2072,10.7134,No,0.0,-0.0024,0.0506,Good,Medium,1.6907,10.0,10.1535,21.8118,Safe,72.8516,35.3833,19.2775,Aligned,35.5813,60.452,Side Impact Potential,Urban,3.9894,True,Commercial,Poor Infrastructure,0.0022,,False,29.7962,0.0029,-0.0032,Aligned,40,Unnamed Road,524
2220,Unnamed Road,Urban Road,URB-02220,2220,13.0658,77.5931,13.0662,77.593,48.5,888.0,888.048,36.4462,Moderate Misalignment,0.8041,0.1194,0.8104,0.0386,0.0039,50.5606,48.8469,83.2025,21.4435,26.9501,51.5136,30.5793,0.0,58.8197,20.9015,No,0.0,0.0065,-0.0626,Poor,Medium,1.6929,10.0,10.0,27.9362,Moderate Risk,64.4175,51.4568,31.8159,Moderate Misalignment,53.8915,52.4851,Side Impact Potential,Peri-Urban,5.1996,True,Industrial,Active Congestion | Poor Infrastructure | Above Human Tolerance Limit,0.7404,Severe,False,15.1261,-0.0095,0.0001,Moderate Misalignment,49,Unnamed Road,525
2221,Unnamed Road,Urban Road,URB-02221,2221,13.0662,77.593,13.067,77.593,86.0,888.4,888.486,13.1239,Aligned,0.9408,0.9248,0.0585,0.0142,0.0128,55.5119,56.8929,98.9148,11.214,22.8958,78.974,72.7025,0.0,60.0,11.4244,No,0.0,-0.0067,0.0333,Poor,Low,0.4752,10.0,10.0,21.645,Safe,70.5682,57.8304,17.6981,Aligned,53.2414,49.5116,Separated Traffic,Peri-Urban,4.9512,True,Industrial,Poor Infrastructure,-0.0204,,False,51.1053,0.0083,-0.0066,Aligned,56,Unnamed Road,526
2222,Unnamed Road,Urban Road,URB-02222,2222,13.0662,77.593,13.0662,77.5928,20.7,888.8,888.821,12.9755,Aligned,0.8422,0.8035,0.1365,-0.0042,-0.002,41.7214,42.5062,95.9387,13.2726,15.0943,79.9777,60.9343,0.0713,59.3188,6.9163,No,0.0,-0.0034,-0.0112,Poor,High,0.2398,10.0,10.1632,18.5619,Safe,73.2116,42.2779,17.615,Aligned,43.3611,35.1004,Separated Traffic,Rural,3.8395,True,Residential,Poor Infrastructure,0.1537,Light,False,36.1289,-0.0148,-0.0105,Aligned,41,Unnamed Road,527
2223,Unnamed Road,Urban Road,URB-02223,2223,13.0574,77.5932,13.0586,77.5933,147.2,889.2,889.347,40.6828,Moderate Misalignment,0.9667,-0.0187,0.912,0.0243,0.0071,28.9747,29.7622,79.7071,70.5043,50.6937,29.6991,47.975,0.058,48.91,67.8721,No,0.0,-0.0026,2.0241,Good,High,1.2451,10.0,10.5407,36.6835,Moderate Risk,61.5818,31.4235,51.936,High Misalignment,53.8237,57.0532,Significant Pedestrian Interaction,Urban,4.0468,True,Mixed,Speed Limit Misaligned | High Pedestrian Interaction | Active Congestion,0.7429,Severe,False,14.3779,0.0052,0.0041,Moderate Misalignment,28,Unnamed Road,528
2224,Unnamed Road,Urban Road,URB-02224,2224,13.0668,77.5908,13.067,77.5905,36.5,889.6,889.637,13.9441,Aligned,0.9078,0.8932,0.0788,0.0119,-0.0102,60.1825,58.4942,98.7872,9.9817,23.4855,81.2091,62.4019,0.0514,59.1225,13.6019,No,0.0,0.0045,0.0218,Good,Low,0.3015,10.0,10.0,22.5567,Safe,70.6515,58.4771,19.6346,Aligned,60.0722,52.8065,Separated Traffic,Peri-Urban,5.892,True,Residential,Poor Infrastructure,0.1687,Light,False,46.9286,-0.0125,0.0121,Aligned,61,Unnamed Road,529
2225,Unnamed Road,Urban Road,URB-02225,2225,13.0668,77.5908,13.0667,77.5911,33.7,890.0,890.034,65.8059,High Misalignment,0.7268,0.0013,0.2426,0.7385,0.0148,33.0958,26.5782,74.3248,62.1763,53.1565,29.8693,87.4429,19.6778,51.052,63.7747,No,0.0,0.0057,1.9423,Poor,Medium,1.3852,10.0,10.0065,41.6216,Moderate Risk,57.3126,31.9561,51.0159,High Misalignment,51.1498,67.4113,Significant Pedestrian Interaction,Urban,3.9596,False,Mixed,Speed Limit Misaligned | High Pedestrian Interaction | Above Human Tolerance Limit,0.143,Light,False,43.8012,-0.0148,0.9949,High Misalignment,31,Unnamed Road,530
2226,Unnamed Road,Urban Road,URB-02226,2226,13.067,77.593,13.0674,77.5929,47.1,890.4,890.447,26.2402,Aligned,0.5229,0.5525,0.4625,0.0132,0.005,42.0365,44.441,78.1573,41.5353,34.1957,51.0936,94.8953,0.0,39.783,30.3284,No,0.0,-0.0036,0.0042,Good,Medium,1.9258,10.0,10.0,22.7782,Safe,75.6254,40.2943,21.7541,Aligned,42.2172,56.6206,Side Impact Potential,Urban,6.3056,False,Mixed,Meets Safe System Standards,-0.0099,,False,38.0232,-0.007,0.0035,Aligned,43,Unnamed Road,531
2227,Unnamed Road,Urban Road,URB-02227,2227,13.0674,77.5929,13.0678,77.5929,41.5,890.8,890.842,9.5649,Aligned,0.9932,0.9995,-0.0005,0.0144,0.0044,22.4348,22.8857,34.6127,13.8061,27.0044,50.9506,82.7148,0.0,39.7336,15.9959,No,0.0,0.0027,0.9746,Poor,Medium,2.4038,10.0,10.2285,23.5359,Safe,70.216,20.9827,19.8158,Aligned,21.4773,63.0011,Side Impact Potential,Peri-Urban,2.0364,False,Residential,Poor Infrastructure,0.0318,,False,22.4326,0.0073,0.011,Aligned,23,Unnamed Road,532
2228,Unnamed Road,Urban Road,URB-02228,2228,13.0664,77.5918,13.0667,77.5911,90.9,891.2,891.291,12.725,Aligned,0.8963,0.9272,0.1182,0.0007,-0.0158,38.0533,38.1156,86.9638,24.0913,45.5007,48.8153,71.2862,0.0,50.2343,46.8073,No,0.0,0.0148,1.056,Good,Low,2.0199,10.0,10.0,29.7047,Moderate Risk,69.8902,37.9042,25.3261,Moderate Misalignment,36.3932,65.2929,Side Impact Potential,Urban,5.1399,True,Mixed,Approach to Congestion (Tapered) | Poor Infrastructure,-0.0094,,True,31.0843,0.0119,-0.0064,Aligned,38,Unnamed Road,533
2229,Unnamed Road,Urban Road,URB-02229,2229,13.0682,77.5929,13.0687,77.5928,59.5,891.6,891.659,14.6725,Aligned,0.8404,0.8045,0.1572,0.0007,0.0009,19.1743,19.9455,51.8764,15.2559,27.7332,48.8259,63.068,0.5314,59.3589,14.5223,No,0.0,0.0095,-0.0357,Good,High,2.6165,10.0,10.0,23.1647,Safe,71.3802,21.4725,20.8316,Aligned,20.4435,64.2152,Side Impact Potential,Urban,1.9892,False,Residential,Active Congestion | Poor Infrastructure,0.7086,Severe,False,10.0,-0.0027,0.016,Aligned,20,Unnamed Road,534
2230,Unnamed Road,Urban Road,URB-02230,2230,13.0687,77.5928,13.0722,77.5926,380.3,892.0,892.38,11.9077,Aligned,0.9097,0.8934,0.098,-0.0009,0.0123,55.0655,53.8472,100.0,1.4586,14.2252,80.3697,68.7202,0.0508,59.8255,3.7666,No,0.0,0.0002,0.0156,Good,Low,0.1103,10.0,10.0035,19.5987,Safe,70.0278,53.0,18.3603,Aligned,51.4272,33.7799,Separated Traffic,Rural,5.0176,True,Residential,Poor Infrastructure,0.2335,Light,False,36.9408,0.0044,-0.0041,Aligned,57,Unnamed Road,535
2231,Unnamed Road,Urban Road,URB-02231,2231,13.067,77.5905,13.0676,77.5895,135.1,892.4,892.535,38.3187,Moderate Misalignment,0.8155,0.1364,0.7655,0.0441,0.0017,81.5573,77.0596,98.8694,20.3436,16.7194,79.2202,85.2068,0.2212,59.3009,8.4656,No,0.0,0.001,-0.0556,Poor,Medium,0.4137,10.0,10.0,24.1015,Safe,65.917,79.4371,30.1772,Moderate Misalignment,86.2891,43.3633,Separated Traffic,Rural,4.8817,True,Residential,Poor Infrastructure | Above Human Tolerance Limit,0.0125,,False,79.6822,0.0019,0.0101,Moderate Misalignment,80,Unnamed Road,536
2232,Unnamed Road,Urban Road,URB-02232,2232,13.0664,77.5918,13.0662,77.5924,65.0,892.8,892.865,9.5138,Aligned,0.9783,0.9642,0.0124,0.0006,-0.0008,30.2526,30.1116,55.3158,55.5807,37.1106,49.4808,76.3346,0.0051,41.4124,33.039,No,0.0,0.0075,0.0279,Good,Low,2.44,10.0,10.081,21.7853,Safe,79.2925,29.1014,18.3431,Aligned,31.8733,57.2271,Side Impact Potential,Peri-Urban,3.8884,False,Industrial,Meets Safe System Standards,0.1558,Light,False,24.5903,0.0232,0.017,Aligned,31,Unnamed Road,537
2233,Unnamed Road,Urban Road,URB-02233,2233,13.0662,77.5924,13.0662,77.5928,50.2,893.2,893.25,8.173,Aligned,0.9775,0.9768,0.0234,0.0006,0.0013,39.0825,40.499,72.647,19.7745,28.3753,51.1351,77.2807,0.1986,48.5768,22.3975,No,0.0,0.0009,1.0101,Good,Low,1.3943,10.0,10.0,22.5685,Safe,72.0279,42.1965,18.7641,Aligned,40.1691,55.1219,Side Impact Potential,Urban,2.0168,False,Industrial,Poor Infrastructure,0.0085,,False,33.1298,-0.0077,-0.002,Aligned,39,Unnamed Road,538
2234,Unnamed Road,Urban Road,URB-02234,2234,13.0704,77.5871,13.0676,77.5895,439.5,893.6,894.039,17.5484,Aligned,0.7746,0.736,0.1942,0.0112,-0.0071,31.5331,35.2698,52.1409,2.4813,22.6468,49.3549,95.0106,0.0,29.9935,8.8592,No,0.0,0.0042,-0.0121,Poor,High,2.5901,10.0,10.0,25.7327,Moderate Risk,65.1346,32.8654,24.1041,Aligned,34.8338,58.9447,Side Impact Potential,Urban,2.0656,False,Mixed,Poor Infrastructure,-0.0158,,False,28.3737,0.0076,0.0043,Aligned,31,Unnamed Road,539
2235,Unnamed Road,Urban Road,URB-02235,2235,13.0678,77.5929,13.0682,77.5929,62.4,894.0,894.062,28.189,Moderate Misalignment,0.4973,0.4851,0.5032,0.0285,0.0004,57.7231,59.9071,97.8679,9.1673,14.3876,79.4478,90.8987,0.0,60.0,4.2665,No,0.0,-0.0001,-0.0019,Poor,Medium,0.2043,10.0,10.1261,18.6307,Safe,72.125,59.2367,15.4385,Aligned,57.2465,40.4122,Separated Traffic,Rural,3.9142,True,Industrial,Poor Infrastructure,-0.0084,,False,54.015,0.0016,-0.0033,Moderate Misalignment,58,Unnamed Road,540
2236,Unnamed Road,Urban Road,URB-02236,2236,13.033,77.5281,13.0323,77.5275,111.4,894.4,894.511,12.1769,Aligned,0.9696,0.9476,0.0263,0.011,-0.0111,50.8507,50.5201,79.7792,13.6473,28.59,50.43,82.3627,0.2289,50.5964,19.4147,No,0.0,0.007,1.0248,Good,Low,2.1541,10.0,10.0,24.8638,Moderate Risk,68.5939,52.5727,22.8235,Aligned,52.1044,60.3453,Side Impact Potential,Urban,5.9906,False,Commercial,Poor Infrastructure,0.2272,Light,False,37.7543,0.0106,0.0038,Aligned,51,Unnamed Road,541
2237,Unnamed Road,Urban Road,URB-02237,2237,13.0332,77.5283,13.033,77.5281,26.4,894.8,894.826,10.5673,Aligned,0.9702,0.9642,0.0301,0.0086,0.0051,30.4273,31.3676,78.2094,51.3068,26.591,50.2705,77.7687,0.2662,38.8354,19.286,No,0.0,0.0021,0.0028,Good,High,1.9338,10.0,10.0,17.9487,Safe,80.7429,29.9585,15.3462,Aligned,30.6803,56.1349,Side Impact Potential,Urban,1.9004,True,Commercial,Meets Safe System Standards,-0.0102,,False,26.8544,-0.0023,-0.002,Aligned,30,Unnamed Road,542
2238,Unnamed Road,Urban Road,URB-02238,2238,13.0186,77.5317,13.0193,77.5317,71.5,895.2,895.272,10.5464,Aligned,0.9547,0.9473,0.0596,-0.0067,0.0054,20.3127,20.2204,51.7335,47.7816,41.3764,48.9363,78.3876,0.1299,29.5257,41.5345,No,0.0,0.0015,0.9793,Good,High,2.5315,10.0,10.1798,23.8178,Safe,76.135,20.1346,19.5677,Aligned,20.4926,63.4246,Side Impact Potential,Urban,2.8987,False,Commercial,Meets Safe System Standards,0.1742,Light,False,16.0413,0.0105,0.0134,Aligned,21,Unnamed Road,543
2239,Unnamed Road,Urban Road,URB-02239,2239,13.0193,77.5317,13.0201,77.5319,87.9,895.6,895.688,19.7128,Aligned,0.6775,0.6896,0.2775,0.0123,0.0059,65.8697,65.9252,100.0,6.8258,13.4078,78.7265,70.8161,0.2495,59.3415,8.551,No,0.0,0.0068,-0.0142,Poor,Low,0.0287,10.0,10.0104,20.68,Safe,71.9219,65.3036,17.295,Aligned,64.279,33.9071,Separated Traffic,Rural,3.998,True,Residential,Poor Infrastructure,-0.0015,,False,56.838,-0.0052,-0.0103,Aligned,67,Unnamed Road,544
2240,Unnamed Road,Urban Road,URB-02240,2240,13.0201,77.5319,13.021,77.5321,108.3,896.0,896.108,41.3403,Moderate Misalignment,0.8856,0.0699,0.8943,0.054,-0.0097,29.9697,28.0674,76.7162,40.6517,41.1213,28.8109,72.0852,5.3091,50.2222,44.4469,No,0.0,-0.0051,0.9931,Good,High,1.5127,10.0,10.248,36.3705,Moderate Risk,57.9948,30.5035,47.9604,Moderate Misalignment,37.4575,55.1716,Significant Pedestrian Interaction,Urban,2.0819,True,Residential,High Pedestrian Interaction | Above Human Tolerance Limit,0.1645,Light,False,29.9204,0.9818,-0.0068,Moderate Misalignment,30,Unnamed Road,545
2241,Unnamed Road,Urban Road,URB-02241,2241,13.021,77.5321,13.0218,77.5322,94.1,896.4,896.494,87.6544,High Misalignment,0.4991,-0.0345,-0.0059,0.4935,0.4806,29.691,29.7635,99.8338,88.0943,55.4815,28.4949,100.0,0.0,59.8103,67.816,No,0.0,-0.0057,2.0396,Good,Low,0.4932,10.0,28.2662,46.0165,Moderate Risk,51.4225,28.2632,75.9523,Critical Misalignment,74.9015,67.6067,Significant Pedestrian Interaction,Urban,4.0465,True,Commercial,Speed Limit Misaligned | High Pedestrian Interaction | Above Human Tolerance Limit,0.1348,Light,False,59.6452,0.0126,0.0255,High Misalignment,28,Unnamed Road,546
2242,Unnamed Road,Urban Road,URB-02242,2242,13.0179,77.5302,13.0178,77.5305,28.8,896.8,896.829,17.9479,Aligned,0.8024,0.7783,0.1913,0.0282,-0.008,26.2196,27.1601,26.2368,8.5942,21.2942,50.5055,96.9872,0.2292,20.0,12.4214,No,0.0,-0.0035,-0.0485,Poor,High,0.9058,10.0,28.95,23.9394,Safe,67.9422,25.202,25.3759,Aligned,24.17,44.2507,Side Impact Potential,Rural,0.9427,False,Commercial,Poor Infrastructure,0.0175,,False,21.9061,0.0152,-0.0039,Aligned,26,Unnamed Road,547
2243,Unnamed Road,Urban Road,URB-02243,2243,13.0179,77.5302,13.0179,77.53,23.3,897.2,897.223,14.2371,Aligned,0.9085,0.8827,0.0654,0.0117,-0.0071,62.1365,61.9807,98.5234,0.0,17.2701,80.5728,60.3035,0.0,60.0,8.8469,No,0.0,0.0073,0.0073,Poor,Medium,0.1269,10.0,10.1545,22.7074,Safe,68.5411,63.953,20.7906,Aligned,67.046,43.4272,Separated Traffic,Rural,8.2539,True,Residential,Poor Infrastructure,0.0123,,False,51.4706,-0.0097,-0.0119,Aligned,61,Unnamed Road,548
2244,Unnamed Road,Urban Road,URB-02244,2244,13.0183,77.5315,13.0186,77.5317,43.9,897.6,897.644,11.3332,Aligned,0.9631,0.9919,0.0067,0.0001,0.0034,30.0825,31.8748,78.183,25.835,30.9832,49.8355,79.9206,0.231,39.2735,17.2187,No,0.0,0.0039,0.0353,Good,Low,2.199,10.0,10.4239,22.7488,Safe,73.3224,30.1083,20.8125,Aligned,30.8101,67.9015,Side Impact Potential,Urban,1.8558,True,Mixed,Poor Infrastructure,0.0038,,False,25.8079,-0.0113,0.0132,Aligned,29,Unnamed Road,549
2245,Unnamed Road,Urban Road,URB-02245,2245,13.0142,77.5306,13.0125,77.5296,217.6,898.0,898.218,14.6137,Aligned,0.8457,0.8076,0.1591,0.0285,-0.0003,62.2715,64.6834,97.9793,1.1849,11.8616,80.7355,89.0487,0.0,60.0,3.2547,No,0.0,0.0026,-0.0076,Poor,Medium,0.0815,10.0,10.0,20.135,Safe,68.5893,60.6098,18.6826,Aligned,61.7767,34.5135,Separated Traffic,Rural,3.971,True,Industrial,Poor Infrastructure,-0.0104,,False,51.6535,0.0004,-0.0093,Aligned,62,Unnamed Road,550
2246,Unnamed Road,Urban Road,URB-02246,2246,13.0125,77.5296,13.0123,77.5294,38.0,898.4,898.438,14.3526,Aligned,0.8471,0.866,0.1845,-0.005,-0.0006,36.3671,36.8431,81.095,28.5,27.1009,50.0837,90.4075,0.0,41.3485,18.9646,No,0.0,0.007,0.0274,Good,Low,1.9665,10.0,10.0075,21.1407,Safe,74.0352,37.1946,19.8459,Aligned,37.6582,56.7946,Side Impact Potential,Urban,6.075,False,Industrial,Poor Infrastructure,0.0046,,False,32.6822,-0.0178,0.0032,Aligned,36,Unnamed Road,551
2247,Unnamed Road,Urban Road,URB-02247,2247,13.0231,77.5195,13.0246,77.5213,253.3,898.8,899.053,11.0239,Aligned,1.0015,0.9861,0.0011,0.0062,-0.0145,52.4491,47.7925,82.0135,11.7174,37.0414,48.0488,79.1964,0.0,59.874,35.7348,No,0.0,0.0009,0.9701,Good,High,1.4757,10.0,10.4666,32.2879,Moderate Risk,60.4413,47.868,36.4907,Moderate Misalignment,49.2871,57.8968,Side Impact Potential,Urban,6.115,False,Residential,Poor Infrastructure | Above Human Tolerance Limit,0.0015,,False,45.591,-0.0014,-0.0026,Aligned,53,Unnamed Road,552
2248,Unnamed Road,Urban Road,URB-02248,2248,13.0242,77.5188,13.0231,77.5195,142.1,899.2,899.342,34.133,Moderate Misalignment,0.7278,0.2213,0.7807,0.0278,0.0151,63.5546,66.3555,98.6364,3.3424,20.0474,82.549,52.6546,0.4752,58.9116,11.6696,No,0.0,0.0023,0.027,Poor,High,0.2684,10.0,10.5355,22.2603,Safe,69.25,64.6251,19.4744,Aligned,67.2766,50.3411,Separated Traffic,Peri-Urban,3.9249,True,Residential,Poor Infrastructure,0.2344,Light,False,46.3754,0.0073,-0.0023,Moderate Misalignment,62,Unnamed Road,553
2249,Unnamed Road,Urban Road,URB-02249,2249,13.0225,77.5187,13.0231,77.5195,108.0,899.6,899.708,26.5361,Moderate Misalignment,0.5151,0.418,0.5281,0.0526,-0.0123,59.0623,59.8491,98.6641,5.5949,20.3524,79.303,88.8422,0.3563,60.0,5.2462,No,0.0,0.0082,-0.0289,Good,High,0.6766,10.0,10.0,22.0312,Safe,69.8376,59.8734,20.399,Aligned,57.7073,57.2436,Separated Traffic,Urban,5.9578,True,Industrial,Poor Infrastructure,0.0017,,False,53.5697,0.0051,-0.0036,Moderate Misalignment,60,Unnamed Road,554
2250,Unnamed Road,Urban Road,URB-02250,2250,13.0175,77.5266,13.0175,77.527,40.3,900.0,900.04,14.3118,Aligned,0.8225,0.7954,0.192,0.0015,-0.0091,56.3218,55.3289,99.3567,10.1929,18.0121,83.1973,58.9484,0.0,60.0,9.846,No,0.0,-0.0061,-0.0587,Poor,High,0.3483,10.0,10.0,20.6795,Safe,71.5787,55.6302,14.854,Aligned,56.2012,45.0877,Separated Traffic,Rural,8.2108,True,Residential,Poor Infrastructure,-0.0205,,False,50.7589,0.0057,0.0092,Aligned,55,Unnamed Road,555
2251,Unnamed Road,Urban Road,URB-02251,2251,13.0175,77.527,13.018,77.5276,115.6,900.4,900.516,12.0677,Aligned,0.9096,0.8994,0.0948,0.015,0.0013,49.5176,49.6779,78.6781,31.7246,34.2498,51.7487,85.966,0.0,49.2946,31.1376,No,0.0,0.0088,1.0021,Poor,High,1.8713,10.0,11.1058,25.4397,Moderate Risk,71.1835,49.3306,26.0656,Moderate Misalignment,54.8794,58.2743,Side Impact Potential,Urban,2.9306,True,Residential,Poor Infrastructure,0.2018,Light,False,42.17,0.0001,-0.0207,Aligned,52,Unnamed Road,556
2252,Unnamed Road,Urban Road,URB-02252,2252,13.018,77.5276,13.0182,77.5282,58.7,900.8,900.859,16.675,Aligned,0.8462,0.7917,0.1642,0.0025,0.0018,36.7143,33.6373,83.0856,19.6334,25.7519,49.1923,86.805,0.2772,40.152,11.9853,No,0.0,-0.0016,0.0419,Good,Low,1.7002,10.0,10.0,21.405,Safe,73.21,36.2756,18.2678,Aligned,36.527,63.0035,Side Impact Potential,Urban,4.1457,True,Residential,Poor Infrastructure,0.0033,,False,31.9117,0.0198,0.0068,Aligned,36,Unnamed Road,557
2253,Unnamed Road,Urban Road,URB-02253,2253,13.0156,77.5254,13.0156,77.5252,28.5,901.2,901.229,29.3753,Moderate Misalignment,0.6341,0.3724,0.5975,0.018,0.004,36.518,34.5563,29.0738,0.8075,22.7557,50.4046,96.4454,0.1465,30.2088,10.7344,No,0.0,0.0037,-0.0262,Poor,Low,2.8846,10.0,19.519,26.8466,Moderate Risk,62.6098,35.9382,27.4359,Moderate Misalignment,33.0476,54.8512,Side Impact Potential,Peri-Urban,1.0824,False,Residential,Poor Infrastructure,0.1519,Light,False,30.3634,0.0098,-0.0042,Moderate Misalignment,36,Unnamed Road,558
2254,Unnamed Road,Urban Road,URB-02254,2254,13.0156,77.5254,13.0155,77.5258,43.5,901.6,901.644,35.3753,Moderate Misalignment,0.7498,0.197,0.7976,0.0367,-0.0029,81.1265,78.7874,100.0,8.9658,18.9821,80.3845,90.9164,0.2681,60.0,12.6464,No,0.0,-0.0087,0.0117,Good,High,0.0686,10.0,11.3635,25.2692,Moderate Risk,64.6502,81.0482,28.5044,Moderate Misalignment,92.6515,37.7434,Separated Traffic,Rural,7.0076,True,Industrial,Approach to Congestion (Tapered) | Poor Infrastructure,-0.025,,True,74.2704,-0.0093,-0.0025,Moderate Misalignment,79,Unnamed Road,559
2255,Unnamed Road,Urban Road,URB-02255,2255,13.0225,77.5198,13.0225,77.5195,34.7,902.0,902.035,33.7593,Moderate Misalignment,0.8477,0.1125,0.8203,0.0017,0.0095,48.8341,48.4872,87.9573,12.2244,23.1263,49.2269,96.2232,0.0147,41.443,11.733,No,0.0,0.0054,-0.0302,Good,Low,2.1118,10.0,34.0551,28.822,Moderate Risk,61.4676,48.7147,34.593,Moderate Misalignment,52.0481,56.7098,Side Impact Potential,Urban,5.0588,True,Residential,Poor Infrastructure,-0.0162,,False,42.3133,0.0077,-0.0027,Moderate Misalignment,49,Unnamed Road,560
2256,Unnamed Road,Urban Road,URB-02256,2256,13.0225,77.52,13.0225,77.5198,24.7,902.4,902.425,37.6082,Moderate Misalignment,0.9518,0.088,0.9267,0.0163,-0.0112,65.6896,65.678,81.5882,46.1059,30.3129,69.3181,100.0,0.0,48.2498,21.0983,No,0.0,-0.0006,-0.0104,Good,Medium,1.5099,10.0,29.3685,26.6328,Moderate Risk,68.5618,61.9554,33.1722,Moderate Misalignment,62.5133,63.371,Separated Traffic,Urban,3.0345,True,Mixed,Meets Safe System Standards,0.1197,Light,False,51.5555,0.0161,0.0095,Moderate Misalignment,65,Unnamed Road,561
2257,Unnamed Road,Urban Road,URB-02257,2257,13.0225,77.5195,13.0225,77.5191,43.8,902.8,902.844,15.505,Aligned,0.8891,0.9248,0.1355,-0.0015,-0.0118,60.2421,59.082,98.8664,13.0874,12.3616,81.6333,74.0377,0.1841,60.0,4.1263,No,0.0,0.0023,0.0464,Good,Low,0.0847,10.0,10.0,18.9799,Safe,72.9246,59.854,15.965,Aligned,54.7179,34.5574,Separated Traffic,Rural,7.9258,True,Mixed,Poor Infrastructure,-0.0293,,False,51.9905,-0.0075,-0.0011,Aligned,57,Unnamed Road,562