segment_id,road_name,road_type,human_segment_id,internal_id,start_lat,start_lon,end_lat,end_lon,length_m,start_km,end_km,road_risk_score,ai_risk_label,ai_risk_probability,prob_low_risk,prob_medium_risk,prob_high_risk,prob_critical_risk,ai_recommended_speed,recommended_safe_speed,road_function_score,infrastructure_score,exposure_score,human_tolerance_limit,operating_speed_score,crash_risk_score,posted_speed_limit,pedestrian_exposure_score,blackspot_flag,crash_count,fatal_crashes,schools_count,lighting_quality,roadside_hazards,intersection_density,speed_compliance_rate,speed_violation_score,hotspot_score,hotspot_category,speed_safety_score,original_safe_speed,misalignment_score,misalignment_category,speed_p85,ptw_share_pct,exposure_tier,urban_rural_flag,lane_count,median_presence,land_use_type,top_ai_factors,congestion_index,congestion_category,congestion_smoothed,operating_speed_mean,minor_crashes,major_crashes,risk_category,final_safe_speed,corridor_base,corridor_seq
2258,Unnamed Road,Urban Road,URB-02258,2258,13.0225,77.5187,13.0225,77.5191,38.8,903.2,903.239,10.0535,Aligned,0.9613,0.9508,0.0128,0.0077,-0.0029,16.2384,20.7965,29.3544,0.4793,13.713,51.3643,80.3072,0.1526,22.522,6.0286,No,0.0,-0.0023,-0.0326,Poor,Low,1.2248,10.0,10.2204,20.5415,Safe,68.4987,17.1075,19.7165,Aligned,20.3724,37.7041,Side Impact Potential,Rural,2.0877,False,Residential,Active Congestion | Poor Infrastructure,0.6381,Severe,False,10.0,-0.0026,0.0003,Aligned,14,Unnamed Road,563
2259,Unnamed Road,Urban Road,URB-02259,2259,13.0157,77.5268,13.0157,77.5271,30.8,903.6,903.631,34.0379,Moderate Misalignment,0.5468,0.3342,0.5693,0.1342,-0.0007,82.2799,80.5096,100.0,11.6558,19.1508,79.6944,86.8605,0.5578,60.0,10.3087,No,0.0,-0.004,0.0156,Poor,Low,0.1085,10.0,16.3626,31.6843,Moderate Risk,53.6921,79.814,45.9432,Moderate Misalignment,105.6366,41.6193,Separated Traffic,Rural,7.9459,True,Residential,Poor Infrastructure | Above Human Tolerance Limit,0.1614,Light,False,79.5823,-0.0157,0.0115,Moderate Misalignment,83,Unnamed Road,564
2260,Unnamed Road,Urban Road,URB-02260,2260,13.0157,77.5274,13.0157,77.5271,37.5,904.0,904.038,16.8015,Aligned,0.7754,0.7706,0.2441,-0.0049,-0.0036,51.569,49.9971,78.8696,14.3536,23.4687,50.4579,95.837,0.0,59.9996,7.6355,No,0.0,0.0011,0.0181,Good,Low,1.8585,10.0,10.3859,22.5683,Safe,70.7704,48.9421,18.5199,Aligned,51.0834,62.1354,Side Impact Potential,Urban,3.9887,False,Commercial,Poor Infrastructure,-0.006,,False,45.8137,-0.0004,-0.0031,Aligned,51,Unnamed Road,565
2261,Unnamed Road,Urban Road,URB-02261,2261,13.0323,77.5275,13.0316,77.5257,252.1,904.4,904.652,42.709,Moderate Misalignment,0.9121,-0.0441,0.9753,0.0593,-0.0053,29.6123,30.1493,80.311,68.3959,48.5979,29.1658,82.0627,0.7077,40.4933,57.2248,No,0.0,-0.0004,2.0013,Poor,Low,1.8696,10.0,10.0,29.5654,Moderate Risk,73.4768,30.5508,36.6828,Moderate Misalignment,37.5199,59.8582,Significant Pedestrian Interaction,Urban,6.0985,False,Commercial,High Pedestrian Interaction | Above Human Tolerance Limit,0.2019,Light,False,28.4877,-0.0042,-0.0121,Moderate Misalignment,31,Unnamed Road,566
2262,Unnamed Road,Urban Road,URB-02262,2262,13.0316,77.5257,13.0274,77.5226,589.3,904.8,905.389,11.5531,Aligned,0.9569,0.9251,0.0516,0.0079,-0.0058,31.0072,32.2873,47.878,29.3175,24.3124,51.8485,93.288,0.3591,40.8869,23.7072,No,0.0,0.0076,0.9993,Poor,Low,1.4182,10.0,10.0041,20.7915,Safe,73.213,31.9065,20.2502,Aligned,32.4722,38.1752,Side Impact Potential,Rural,1.9968,False,Residential,Poor Infrastructure,0.1497,Light,False,27.4788,0.0066,-0.0166,Aligned,32,Unnamed Road,567
2263,Unnamed Road,Urban Road,URB-02263,2263,13.0274,77.5226,13.0258,77.5208,268.2,905.2,905.468,68.3526,High Misalignment,0.8448,0.0155,0.1106,0.8499,0.0015,48.4387,48.3363,73.233,0.1878,21.1301,52.0063,100.0,0.0,59.218,11.5275,No,0.0,0.0017,0.0318,Good,Low,1.466,10.0,29.7642,36.0353,Moderate Risk,49.1879,52.7742,52.7366,High Misalignment,77.4999,48.7123,Side Impact Potential,Peri-Urban,2.6377,False,Mixed,Speed Limit Misaligned | Poor Infrastructure | Above Human Tolerance Limit,0.1652,Light,False,59.6434,0.0149,0.0207,High Misalignment,47,Unnamed Road,568
2264,Unnamed Road,Urban Road,URB-02264,2264,13.0261,77.525,13.0274,77.5226,291.5,905.6,905.892,10.6242,Aligned,0.9765,0.9343,0.0152,0.013,0.0004,50.735,48.3132,77.3176,22.6294,35.9848,51.408,84.1839,0.0,49.8405,39.5954,No,0.0,0.0027,1.0219,Poor,High,1.7278,10.0,30.7351,32.9068,Moderate Risk,60.4293,51.0304,40.1689,Moderate Misalignment,67.3072,49.5453,Side Impact Potential,Peri-Urban,4.8696,False,Industrial,Poor Infrastructure,-0.003,,False,60.7105,-0.0047,0.0013,Aligned,53,Unnamed Road,569
2265,Unnamed Road,Urban Road,URB-02265,2265,13.022,77.5327,13.0216,77.5326,41.5,906.0,906.042,10.581,Aligned,0.9556,0.9561,0.0285,-0.0104,-0.0041,24.1106,25.2488,54.2625,12.8277,22.3815,49.2354,84.9329,0.3384,29.3711,12.4348,No,0.0,0.0069,0.0233,Poor,Low,2.1446,10.0,10.1249,22.1349,Safe,70.5032,26.2347,17.8651,Aligned,26.6149,50.7205,Side Impact Potential,Peri-Urban,2.9368,False,Mixed,Poor Infrastructure,0.0221,,False,20.1557,0.005,0.0086,Aligned,24,Unnamed Road,570
2266,Unnamed Road,Urban Road,URB-02266,2266,13.0181,77.5289,13.0182,77.5285,34.1,906.4,906.434,43.7248,Moderate Misalignment,0.8175,0.0671,0.883,0.1015,0.0096,42.9402,42.0016,100.0,6.882,18.9714,48.2988,65.5401,0.0,59.6612,5.7771,No,0.0,-0.0,0.025,Poor,Low,0.409,10.0,10.0,26.639,Moderate Risk,63.02,39.9939,31.831,Moderate Misalignment,42.2822,50.0833,Side Impact Potential,Peri-Urban,6.6537,False,Industrial,Poor Infrastructure | Above Human Tolerance Limit,0.0135,,False,35.8708,0.0046,-0.0034,Moderate Misalignment,42,Unnamed Road,571
2267,Unnamed Road,Urban Road,URB-02267,2267,13.0181,77.5292,13.0181,77.5289,34.2,906.8,906.834,11.2735,Aligned,0.9263,0.9299,0.0681,0.0076,0.011,34.0772,35.9924,84.7397,26.9985,27.7447,49.5137,68.1599,0.0,47.0447,19.4199,No,0.0,0.0029,1.0053,Good,Medium,1.8219,10.0,10.0,22.1782,Safe,73.1516,33.0285,20.7832,Aligned,33.9328,60.0211,Side Impact Potential,Urban,4.898,True,Residential,Poor Infrastructure,0.0099,,False,28.3465,0.0119,0.0074,Aligned,34,Unnamed Road,572
2268,Unnamed Road,Urban Road,URB-02268,2268,13.0335,77.5286,13.0332,77.5283,51.1,907.2,907.251,23.0999,Aligned,0.5729,0.5458,0.4527,0.0049,-0.001,59.8903,59.3739,99.1714,0.3953,14.9126,79.4457,74.9305,0.0,60.0,1.6172,No,0.0,-0.0076,-0.0433,Good,Medium,0.1453,10.0,10.0,20.8483,Safe,68.9165,58.595,18.229,Aligned,58.075,43.3853,Separated Traffic,Rural,7.7389,True,Residential,Approach to Congestion (Tapered) | Poor Infrastructure,-0.0335,,True,51.1661,-0.0126,0.0034,Aligned,61,Unnamed Road,573
2269,Unnamed Road,Urban Road,URB-02269,2269,13.0225,77.52,13.0225,77.5204,35.4,907.6,907.635,44.1239,High Misalignment,0.4522,0.3602,0.2142,0.4415,0.0042,78.6849,79.1386,95.8962,8.1413,19.9218,79.7021,85.9269,0.4065,60.0,14.1205,No,0.0,0.0054,-0.0155,Poor,High,0.2163,10.0,23.56,35.471,Moderate Risk,49.5039,76.5085,54.3123,High Misalignment,109.2014,43.8056,Separated Traffic,Rural,3.9423,True,Industrial,Speed Limit Misaligned | Poor Infrastructure | Above Human Tolerance Limit,-0.0041,,False,98.8038,0.0043,0.008,High Misalignment,79,Unnamed Road,574
2270,Unnamed Road,Urban Road,URB-02270,2270,13.0225,77.5179,13.0225,77.5176,32.7,908.0,908.033,8.2682,Aligned,0.9868,1.0002,-0.0072,-0.0028,0.0018,28.9622,26.125,31.2419,29.9252,28.2157,27.4786,90.6067,0.0,59.8367,35.1855,No,0.0,0.009,1.0365,Poor,Low,1.0699,10.0,10.1298,21.8441,Safe,74.3761,29.2386,18.6342,Aligned,30.0689,34.9459,Significant Pedestrian Interaction,Rural,2.0897,False,Residential,High Pedestrian Interaction | Poor Infrastructure,0.0019,,False,25.8,0.0033,-0.0062,Aligned,28,Unnamed Road,575
2271,Unnamed Road,Urban Road,URB-02271,2271,13.0225,77.5179,13.0225,77.5182,34.6,908.4,908.435,12.4596,Aligned,0.8763,0.8558,0.0962,0.0118,-0.0038,28.8937,27.8892,45.3389,99.8184,68.5581,30.2605,98.7695,0.0,28.5531,96.3292,No,0.0,0.0021,1.0228,Poor,High,2.5076,10.0,10.0,26.447,Moderate Risk,85.0318,30.5715,24.8934,Aligned,32.044,61.4146,Significant Pedestrian Interaction,Urban,1.9037,False,Residential,High Pedestrian Interaction,-0.0203,,False,26.2243,0.002,0.0218,Aligned,29,Unnamed Road,576
2272,Unnamed Road,Urban Road,URB-02272,2272,13.0225,77.5172,13.0225,77.5176,33.9,908.8,908.834,47.4265,Moderate Misalignment,0.8237,0.0121,0.8314,0.1642,0.0038,28.9328,31.9384,75.9746,51.7886,51.9668,29.2498,98.2405,0.0,40.5875,59.8219,No,0.0,-0.003,0.9716,Good,High,1.7393,10.0,16.3395,35.5879,Moderate Risk,64.1493,27.4329,43.6779,Moderate Misalignment,47.3289,68.223,Significant Pedestrian Interaction,Urban,2.0367,True,Residential,High Pedestrian Interaction | Above Human Tolerance Limit,0.0179,,False,40.0032,0.005,-0.0001,Moderate Misalignment,28,Unnamed Road,577
2273,Unnamed Road,Urban Road,URB-02273,2273,13.0225,77.5185,13.0225,77.5182,35.0,909.2,909.235,39.0405,Moderate Misalignment,0.9089,0.0469,0.8924,0.0352,-0.0095,77.2184,80.3461,100.0,1.4863,13.1928,81.12,100.0,0.2314,60.0,3.0782,No,0.0,-0.0044,0.0478,Poor,Low,0.045,10.0,33.5135,31.5078,Moderate Risk,52.6987,78.0767,45.1533,Moderate Misalignment,105.7944,36.7047,Separated Traffic,Rural,4.1293,True,Residential,Approach to Congestion (Tapered) | Poor Infrastructure,0.1792,Light,True,81.0291,-0.0013,0.0093,Moderate Misalignment,80,Unnamed Road,578
2274,Unnamed Road,Urban Road,URB-02274,2274,13.0182,77.5285,13.0182,77.5282,42.7,909.6,909.643,9.2563,Aligned,0.9577,0.949,0.0238,-0.0195,-0.0036,39.2979,37.2576,75.622,16.0127,26.6564,49.7097,69.1082,0.0,48.9329,13.7323,No,0.0,0.0047,-0.0309,Poor,Medium,1.6453,10.0,10.0,23.838,Safe,70.2002,38.2296,20.6247,Aligned,36.7996,66.2577,Side Impact Potential,Urban,4.9627,False,Residential,Poor Infrastructure,0.1757,Light,False,29.4235,-0.0176,0.0033,Aligned,38,Unnamed Road,579
2275,Unnamed Road,Urban Road,URB-02275,2275,13.0209,77.5198,13.0211,77.52,27.4,910.0,910.027,7.8276,Aligned,1.0126,1.0118,-0.0065,0.0055,-0.0108,14.5171,16.0889,29.8386,0.0,14.7378,50.9572,86.7566,0.3759,20.6215,5.6495,No,0.0,0.0057,-0.0126,Poor,Low,0.9357,10.0,10.0,21.3077,Safe,69.0784,12.7335,19.4189,Aligned,13.1857,37.7428,Side Impact Potential,Rural,1.7263,False,Industrial,Poor Infrastructure,0.0081,,False,10.0,-0.0078,0.0062,Aligned,13,Unnamed Road,580
2276,Unnamed Road,Urban Road,URB-02276,2276,13.0211,77.52,13.0214,77.5204,55.9,910.4,910.456,21.6612,Aligned,0.5936,0.6422,0.3616,-0.0115,0.0003,26.171,25.2372,55.0823,43.0702,43.3629,51.9445,90.1065,0.0,60.0,41.2278,No,0.0,0.0048,1.0134,Good,Low,3.9415,10.0,10.0,25.2408,Moderate Risk,75.0859,26.3061,21.8412,Aligned,26.5883,66.3023,Side Impact Potential,Urban,4.0923,False,Mixed,Meets Safe System Standards,-0.0061,,False,23.0317,-0.0028,0.0058,Aligned,25,Unnamed Road,581
2277,Unnamed Road,Urban Road,URB-02277,2277,13.0161,77.5313,13.0164,77.5314,37.7,910.8,910.838,42.3579,Moderate Misalignment,0.9309,0.0558,0.8954,0.0713,-0.0068,48.9822,49.5899,98.6199,27.3969,23.2896,48.8782,73.412,0.3936,59.6935,14.6821,No,0.0,-0.002,-0.0321,Good,Medium,0.5073,10.0,10.0,31.1332,Moderate Risk,59.0749,50.5267,45.0063,Moderate Misalignment,61.7674,55.7367,Side Impact Potential,Urban,7.1828,False,Commercial,Poor Infrastructure | Above Human Tolerance Limit,0.0178,,False,50.5534,0.0157,-0.0039,Moderate Misalignment,50,Unnamed Road,582
2278,Unnamed Road,Urban Road,URB-02278,2278,13.0161,77.5313,13.0158,77.5312,34.3,911.2,911.234,18.0338,Aligned,0.7335,0.7198,0.2763,0.0144,0.0091,49.4641,47.2987,47.984,25.4516,26.4317,51.2252,86.2617,4.6121,60.0,12.3157,No,0.0,0.0086,-0.0141,Good,Medium,2.3283,10.0,32.9814,27.2466,Moderate Risk,65.7682,49.9453,32.2443,Moderate Misalignment,54.2378,57.9867,Side Impact Potential,Peri-Urban,2.0883,False,Residential,Poor Infrastructure,-0.0026,,False,48.8497,0.9798,-0.0104,Aligned,52,Unnamed Road,583
2279,Unnamed Road,Urban Road,URB-02279,2279,13.0167,77.5315,13.0164,77.5314,36.5,911.6,911.637,9.0968,Aligned,0.9769,0.9437,0.0604,0.0166,0.0065,27.7645,28.0265,25.7615,1.1868,15.7948,49.7082,89.2694,0.0,39.4135,9.341,No,0.0,0.0029,-0.0346,Poor,High,1.5979,10.0,10.5418,21.4427,Safe,68.7245,25.2075,17.4185,Aligned,30.3348,40.0549,Side Impact Potential,Rural,0.9006,False,Mixed,Poor Infrastructure,0.0177,,False,22.9224,-0.0063,0.0067,Aligned,30,Unnamed Road,584
2280,Unnamed Road,Urban Road,URB-02280,2280,13.0155,77.5311,13.0158,77.5312,30.5,912.0,912.03,36.9786,Moderate Misalignment,0.8788,0.1503,0.8646,-0.0087,-0.0137,47.0884,50.1516,76.1458,31.1389,25.8849,48.5834,97.1578,0.0282,50.7376,13.0477,No,0.0,-0.0031,0.0433,Good,Low,1.9347,10.0,25.7466,26.5458,Moderate Risk,66.3094,48.3238,30.6661,Moderate Misalignment,63.0023,65.1169,Side Impact Potential,Urban,4.264,False,Commercial,Poor Infrastructure,0.1574,Light,False,47.5033,0.0026,-0.0141,Moderate Misalignment,50,Unnamed Road,585
2281,Unnamed Road,Urban Road,URB-02281,2281,13.0225,77.5207,13.0236,77.5219,201.0,912.4,912.601,19.2509,Aligned,0.7746,0.8122,0.1719,0.0461,-0.0176,57.3247,58.0707,97.8539,10.6054,19.2112,80.1101,83.7864,0.0322,59.829,6.22,No,0.0,-0.0032,0.033,Poor,High,0.326,10.0,10.0,20.3758,Safe,71.3243,58.0915,19.0361,Aligned,60.3525,53.5793,Separated Traffic,Peri-Urban,7.908,True,Commercial,Poor Infrastructure,-0.0038,,False,49.0565,-0.0069,-0.0056,Aligned,58,Unnamed Road,586
2282,Unnamed Road,Urban Road,URB-02282,2282,13.0222,77.5249,13.0207,77.5232,251.7,912.8,913.052,24.1087,Aligned,0.644,0.6306,0.3521,-0.003,0.0088,65.6009,67.0286,100.0,18.3486,24.2253,81.9086,55.8424,0.1296,60.0,11.6122,No,0.0,0.0058,0.056,Poor,High,0.3595,10.0,10.0,26.5663,Moderate Risk,65.1298,65.0032,31.4567,Moderate Misalignment,68.3162,58.6099,Separated Traffic,Urban,7.0347,True,Commercial,Poor Infrastructure | Above Human Tolerance Limit,-0.0242,,False,60.3335,0.0084,0.0027,Aligned,66,Unnamed Road,587
2283,Unnamed Road,Urban Road,URB-02283,2283,13.0261,77.525,13.0222,77.5249,625.1,913.2,913.825,15.5687,Aligned,0.804,0.8121,0.2264,0.0198,-0.0074,57.563,59.0405,98.9628,6.2399,21.1455,80.968,52.1472,0.3991,58.3174,4.8945,No,0.0,-0.0009,0.0394,Good,High,0.5067,10.0,10.185,22.6123,Safe,69.1315,59.4065,20.2557,Aligned,56.5216,66.4533,Separated Traffic,Urban,6.0439,True,Commercial,Poor Infrastructure,0.0049,,False,47.054,0.0097,-0.0052,Aligned,55,Unnamed Road,588
2284,Unnamed Road,Urban Road,URB-02284,2284,13.0205,77.5253,13.0216,77.5268,202.8,913.6,913.803,67.6001,High Misalignment,0.8405,0.1084,0.0751,0.8308,-0.0085,79.331,76.8599,99.9571,3.7577,21.9823,80.0782,10.0,0.0,60.0,12.3371,No,0.0,0.005,-0.0319,Poor,Low,0.1797,10.0,26.8693,38.8133,Moderate Risk,45.9984,78.5208,56.5526,High Misalignment,115.8347,45.7404,Separated Traffic,Rural,5.2321,True,Residential,Speed Limit Misaligned | Active Congestion | Poor Infrastructure,0.7274,Severe,False,29.7435,-0.0075,-0.0131,High Misalignment,80,Unnamed Road,589
2285,Unnamed Road,Urban Road,URB-02285,2285,13.025,77.5185,13.0258,77.5208,268.5,914.0,914.269,11.048,Aligned,0.9962,1.023,-0.0305,0.0153,-0.0008,19.1343,19.0333,27.2672,11.101,15.9669,50.4168,84.3794,0.0,60.0,6.5876,No,0.0,-0.0025,-0.0054,Poor,Low,1.6679,10.0,10.0,20.6706,Safe,72.2978,19.6295,17.1797,Aligned,18.6401,40.8032,Side Impact Potential,Rural,2.0024,False,Industrial,Poor Infrastructure,-0.0058,,False,16.6698,0.0037,-0.002,Aligned,18,Unnamed Road,590
2286,Unnamed Road,Urban Road,URB-02286,2286,13.016,77.531,13.0164,77.531,57.6,914.4,914.458,11.0558,Aligned,0.976,0.9559,0.0422,0.0081,0.0037,35.8052,36.5861,57.1052,55.443,45.8262,49.1778,89.2976,0.0,39.6296,46.4082,No,0.0,0.0004,0.9177,Good,Low,3.5293,10.0,10.0,24.6944,Safe,78.6327,37.2465,22.2742,Aligned,38.2643,61.0966,Side Impact Potential,Urban,2.345,True,Commercial,Meets Safe System Standards,-0.0256,,False,32.2777,0.0121,0.0003,Aligned,35,Unnamed Road,591
2287,Unnamed Road,Urban Road,URB-02287,2287,13.0205,77.5193,13.0209,77.5198,70.1,914.8,914.87,16.1971,Aligned,0.7579,0.7223,0.2679,-0.0096,-0.0034,43.1923,41.9888,54.7793,17.7647,22.7306,48.8556,95.9454,0.0,39.8667,9.2782,No,0.0,-0.0108,0.04,Good,Medium,2.0581,10.0,10.155,22.5325,Safe,70.7469,42.7918,21.1127,Aligned,47.3751,57.3215,Side Impact Potential,Peri-Urban,2.4093,False,Residential,Poor Infrastructure,-0.0243,,False,38.6356,-0.0113,0.0077,Aligned,43,Unnamed Road,592
2288,Unnamed Road,Urban Road,URB-02288,2288,13.0225,77.5187,13.0225,77.5185,25.1,915.2,915.225,41.929,Moderate Misalignment,0.9695,0.0666,0.9603,0.0194,-0.0044,29.7541,27.7592,50.1059,65.7142,64.5939,29.4823,81.0695,0.3466,41.3561,76.5642,No,0.0,0.0057,0.9563,Good,High,2.4768,10.0,10.13,35.3607,Moderate Risk,69.2896,28.3081,39.8604,Moderate Misalignment,29.6063,67.976,Significant Pedestrian Interaction,Urban,2.0501,False,Residential,High Pedestrian Interaction | Above Human Tolerance Limit,0.0134,,False,28.3459,-0.003,0.0026,Moderate Misalignment,30,Unnamed Road,593
2289,Unnamed Road,Urban Road,URB-02289,2289,13.0228,77.5167,13.0242,77.5188,275.1,915.6,915.875,9.6684,Aligned,0.9749,1.0086,0.0623,0.0082,-0.0076,25.3748,26.7744,26.4415,10.5082,18.7683,52.34,98.2493,0.0,20.6507,12.9571,No,0.0,0.0028,0.0452,Poor,High,1.2796,10.0,30.167,23.9973,Safe,67.7551,26.6381,26.183,Aligned,26.359,36.7683,Side Impact Potential,Rural,1.0114,False,Residential,Poor Infrastructure,0.158,Light,False,20.937,0.0086,0.0055,Aligned,25,Unnamed Road,594
2290,Unnamed Road,Urban Road,URB-02290,2290,13.0262,77.518,13.0276,77.5174,164.8,916.0,916.165,14.3929,Aligned,0.9152,0.9209,0.0843,-0.0024,0.0009,54.8327,56.489,99.298,13.9815,23.3905,79.6106,69.9363,0.0,60.0,11.8206,No,0.0,0.0059,0.0058,Good,High,0.2429,10.0,10.1384,21.9659,Safe,71.0162,57.7563,18.0112,Aligned,55.5258,59.4317,Separated Traffic,Peri-Urban,6.0957,True,Residential,Poor Infrastructure,0.0317,,False,48.2542,0.0182,0.0087,Aligned,56,Unnamed Road,595
2291,Unnamed Road,Urban Road,URB-02291,2291,13.0242,77.5188,13.025,77.5185,90.6,916.4,916.491,40.2734,Moderate Misalignment,0.8971,0.1411,0.8927,0.0049,0.0043,57.3176,57.7214,92.7203,41.2963,29.2407,68.3924,100.0,0.0,59.6321,20.8742,No,0.0,0.0086,-0.0407,Poor,Medium,1.2201,10.0,14.2453,23.4515,Safe,72.8825,55.0311,24.7966,Moderate Misalignment,56.0337,60.2152,Separated Traffic,Peri-Urban,5.8503,True,Residential,Meets Safe System Standards,-0.003,,False,49.6867,-0.0151,-0.0232,Moderate Misalignment,56,Unnamed Road,596
2292,Unnamed Road,Urban Road,URB-02292,2292,13.0225,77.5168,13.0225,77.5172,49.8,916.8,916.85,16.2454,Aligned,0.7815,0.7649,0.2427,0.0057,-0.0042,58.5721,56.8395,99.9913,26.182,23.2644,79.6792,69.7481,0.0,60.0,16.3821,No,0.0,0.0002,0.021,Poor,Low,0.4502,10.0,10.0,20.503,Safe,74.6673,56.795,18.881,Aligned,58.827,50.1127,Separated Traffic,Peri-Urban,6.8348,True,Industrial,Poor Infrastructure,0.0012,,False,50.4924,-0.0076,-0.0083,Aligned,59,Unnamed Road,597
2293,Unnamed Road,Urban Road,URB-02293,2293,13.0174,77.5313,13.0177,77.5314,28.6,917.2,917.229,30.0207,Moderate Misalignment,0.5495,0.3984,0.5167,0.0459,-0.0028,82.0876,75.9694,98.6789,13.1201,16.4456,78.7799,55.5743,0.3071,60.0,8.6597,No,0.0,0.0103,-0.0404,Poor,Low,0.0475,10.0,10.0,25.2163,Moderate Risk,63.5745,79.8965,29.7182,Moderate Misalignment,79.3579,35.1593,Separated Traffic,Rural,4.0063,True,Industrial,Poor Infrastructure | Above Human Tolerance Limit,0.1749,Light,False,59.9103,-0.0107,-0.0163,Moderate Misalignment,81,Unnamed Road,598
2294,Unnamed Road,Urban Road,URB-02294,2294,13.0172,77.5312,13.0174,77.5313,25.2,917.6,917.625,11.7794,Aligned,0.9594,0.9343,0.0203,0.0122,0.0005,17.0636,20.5335,28.6839,9.7678,20.6155,52.0105,92.5979,0.0,20.0074,7.8399,No,0.0,0.003,-0.0484,Good,Medium,3.2306,10.0,10.4763,21.6449,Safe,69.8866,19.5553,19.94,Aligned,19.0091,54.0068,Side Impact Potential,Peri-Urban,1.1721,False,Residential,Poor Infrastructure,0.0214,,False,13.9563,-0.015,-0.0016,Aligned,16,Unnamed Road,599
2295,Unnamed Road,Urban Road,URB-02295,2295,13.0177,77.5314,13.0177,77.531,38.2,918.0,918.038,11.8171,Aligned,0.964,1.0167,0.0534,0.0246,0.0189,33.4672,33.4656,49.653,38.2083,32.3922,50.3633,81.5296,0.5322,42.5016,24.2013,No,0.0,0.0019,0.0608,Poor,Medium,3.614,10.0,10.0908,21.4006,Safe,75.4254,31.0842,17.3501,Aligned,31.4187,64.1684,Side Impact Potential,Urban,1.8479,False,Mixed,Meets Safe System Standards,0.0216,,False,26.0454,0.0034,0.0196,Aligned,32,Unnamed Road,600
2296,Unnamed Road,Urban Road,URB-02296,2296,13.0177,77.5314,13.0183,77.5315,66.5,918.4,918.467,12.9205,Aligned,0.9835,0.987,0.025,0.0098,-0.008,18.7633,17.693,61.6803,1.682,21.2109,51.0639,79.5605,0.3257,27.8288,2.0098,No,0.0,0.0005,0.0466,Poor,Medium,3.4942,10.0,10.0,22.9593,Safe,67.4653,20.4209,19.3259,Aligned,22.0145,65.5516,Side Impact Potential,Urban,2.7696,True,Commercial,Poor Infrastructure,0.0039,,False,17.0919,-0.0205,-0.0109,Aligned,19,Unnamed Road,601
2297,Unnamed Road,Urban Road,URB-02297,2297,13.024,77.516,13.0226,77.5139,271.4,918.8,919.071,28.3467,Moderate Misalignment,0.6155,0.3847,0.656,0.0087,-0.0017,48.3294,51.5107,72.8932,9.0254,19.4368,50.7023,94.3444,0.0,59.9893,3.5827,No,0.0,0.0035,0.0089,Poor,Medium,1.4589,10.0,24.8099,25.9807,Moderate Risk,64.4396,50.2188,27.2404,Moderate Misalignment,49.5719,61.3495,Side Impact Potential,Urban,3.9349,False,Mixed,Poor Infrastructure,0.214,Light,False,35.8963,-0.0116,-0.0035,Moderate Misalignment,49,Unnamed Road,602
2298,Unnamed Road,Urban Road,URB-02298,2298,13.024,77.516,13.025,77.5185,291.9,919.2,919.492,9.2426,Aligned,0.9817,0.9592,-0.0077,-0.0088,-0.0034,27.1134,29.1748,51.0779,9.5431,26.9711,51.6936,86.0726,0.2227,30.6561,14.7718,No,0.0,-0.0016,0.0521,Good,Low,3.6957,10.0,10.0,24.6242,Safe,69.0914,25.6319,23.1398,Aligned,28.5943,64.9033,Side Impact Potential,Urban,2.7434,False,Commercial,Poor Infrastructure,0.2062,Light,False,21.0346,-0.0036,-0.0073,Aligned,26,Unnamed Road,603
2299,Unnamed Road,Urban Road,URB-02299,2299,13.0262,77.518,13.025,77.5185,152.0,919.6,919.752,27.6315,Moderate Misalignment,0.6377,0.3956,0.6511,0.0289,0.0002,78.3722,77.434,100.0,15.202,15.9419,80.1226,58.7584,0.1229,59.3039,6.8963,No,0.0,0.0025,0.0147,Poor,Medium,0.2377,10.0,10.0,24.1323,Safe,65.7805,79.8965,30.054,Moderate Misalignment,77.57,39.3747,Separated Traffic,Rural,5.1406,True,Residential,Poor Infrastructure | Above Human Tolerance Limit,0.1449,Light,False,61.6808,-0.0187,-0.0223,Moderate Misalignment,80,Unnamed Road,604
2300,Unnamed Road,Urban Road,URB-02300,2300,13.0123,77.5294,13.0121,77.5292,40.4,920.0,920.04,12.3817,Aligned,0.9246,0.8783,0.0521,-0.0124,-0.01,27.1634,28.6508,85.4455,56.0455,42.8539,50.2472,73.0806,0.0,41.714,50.2785,No,0.0,0.0091,0.9767,Poor,High,2.3499,10.0,10.0,23.2015,Safe,78.9117,28.0247,19.7803,Aligned,30.0517,53.8962,Side Impact Potential,Urban,5.0394,True,Commercial,Meets Safe System Standards,0.1688,Light,False,20.2951,0.0045,-0.0008,Aligned,28,Unnamed Road,605
2301,Unnamed Road,Urban Road,URB-02301,2301,13.0191,77.5321,13.0189,77.532,21.0,920.4,920.421,8.0841,Aligned,1.0003,1.0184,0.0293,0.0013,0.0039,25.5962,25.5804,29.3682,3.8532,14.1496,50.9103,86.86,0.309,28.8663,2.534,No,0.0,-0.006,0.0302,Poor,Medium,1.1688,10.0,10.0722,21.015,Safe,69.294,23.0018,20.6225,Aligned,22.0626,46.1161,Side Impact Potential,Rural,1.613,False,Residential,Poor Infrastructure,-0.0124,,False,23.6884,0.0064,0.0038,Aligned,27,Unnamed Road,606