segment_id,road_name,road_type,human_segment_id,internal_id,start_lat,start_lon,end_lat,end_lon,length_m,start_km,end_km,road_risk_score,ai_risk_label,ai_risk_probability,prob_low_risk,prob_medium_risk,prob_high_risk,prob_critical_risk,ai_recommended_speed,recommended_safe_speed,road_function_score,infrastructure_score,exposure_score,human_tolerance_limit,operating_speed_score,crash_risk_score,posted_speed_limit,pedestrian_exposure_score,blackspot_flag,crash_count,fatal_crashes,schools_count,lighting_quality,roadside_hazards,intersection_density,speed_compliance_rate,speed_violation_score,hotspot_score,hotspot_category,speed_safety_score,original_safe_speed,misalignment_score,misalignment_category,speed_p85,ptw_share_pct,exposure_tier,urban_rural_flag,lane_count,median_presence,land_use_type,top_ai_factors,congestion_index,congestion_category,congestion_smoothed,operating_speed_mean,minor_crashes,major_crashes,risk_category,final_safe_speed,corridor_base,corridor_seq
2302,Unnamed Road,Urban Road,URB-02302,2302,13.0191,77.5321,13.0179,77.5319,129.2,920.8,920.929,12.5163,Aligned,0.9876,0.9949,0.0152,0.0156,-0.0094,34.744,33.9774,68.3575,25.3707,27.3293,52.7428,84.1239,0.0,39.6835,13.9927,No,0.0,0.0061,0.0009,Good,Medium,1.819,10.0,10.0,21.897,Safe,73.4455,35.8447,19.143,Aligned,36.4996,65.3336,Side Impact Potential,Urban,2.3979,False,Commercial,Poor Infrastructure,-0.003,,False,29.5448,-0.0162,-0.0109,Aligned,36,Unnamed Road,607
2303,Unnamed Road,Urban Road,URB-02303,2303,13.0216,77.5326,13.0191,77.5321,289.0,921.2,921.489,40.3472,Moderate Misalignment,0.9043,0.0574,0.9236,0.0111,-0.0051,81.5776,81.448,100.0,1.4755,13.5524,79.2646,92.6499,0.0,60.0,3.1742,No,0.0,-0.0009,-0.0038,Poor,Medium,0.0661,10.0,33.3324,32.5652,Moderate Risk,52.2053,80.893,45.8895,Moderate Misalignment,108.5985,40.3346,Separated Traffic,Rural,7.023,True,Residential,Poor Infrastructure,0.1457,Light,False,86.9434,0.0106,0.0014,Moderate Misalignment,81,Unnamed Road,608
2304,Unnamed Road,Urban Road,URB-02304,2304,13.0176,77.5317,13.0179,77.5319,39.4,921.6,921.639,13.2285,Aligned,0.9628,0.9969,0.0515,0.034,-0.0039,40.2957,40.4368,82.0773,34.8357,31.4463,51.896,48.251,0.1471,50.2661,25.542,No,0.0,-0.0001,-0.0241,Good,High,1.9043,10.0,10.8317,21.8507,Safe,75.9608,41.0758,19.916,Aligned,42.7462,56.9387,Side Impact Potential,Urban,4.1568,True,Commercial,Active Congestion,0.5996,Severe,False,13.7213,0.0114,-0.0101,Aligned,41,Unnamed Road,609
2305,Unnamed Road,Urban Road,URB-02305,2305,13.0191,77.523,13.0195,77.5237,87.8,922.0,922.088,65.0257,High Misalignment,0.8096,0.0032,0.1917,0.8191,0.0056,51.7332,48.654,99.7269,31.7278,25.0523,48.0442,52.2689,0.0,60.0,16.9162,No,0.0,-0.0029,0.0211,Poor,Medium,0.2836,10.0,10.0,36.1321,Moderate Risk,52.7463,49.1031,56.4419,High Misalignment,58.8075,51.9003,Side Impact Potential,Peri-Urban,8.2457,False,Mixed,Speed Limit Misaligned | Poor Infrastructure | Above Human Tolerance Limit,-0.0036,,False,48.5618,0.0099,-0.0,High Misalignment,52,Unnamed Road,610
2306,Unnamed Road,Urban Road,URB-02306,2306,13.0195,77.5219,13.0191,77.523,119.2,922.4,922.519,12.2646,Aligned,0.9933,0.9916,0.0448,0.0112,-0.0051,36.6685,34.6758,75.9933,39.7544,34.8579,51.6725,85.8563,0.8002,39.1558,31.7395,No,0.0,0.0001,-0.0238,Good,Medium,1.5714,10.0,10.2772,23.2287,Safe,75.517,32.7749,18.8113,Aligned,32.9994,58.0125,Side Impact Potential,Urban,3.9442,False,Commercial,Meets Safe System Standards,0.0003,,False,31.8337,0.0071,0.0061,Aligned,35,Unnamed Road,611
2307,Unnamed Road,Urban Road,URB-02307,2307,13.0189,77.5228,13.0191,77.523,27.8,922.8,922.828,22.1713,Aligned,0.619,0.6072,0.3674,-0.0069,-0.0038,28.4306,24.4305,54.7915,42.4121,43.5989,48.2668,92.7153,0.0,30.0463,41.9792,No,0.0,0.0054,0.9938,Good,Low,3.8712,10.0,10.3775,25.17,Moderate Risk,75.0334,27.0322,23.3015,Aligned,25.3978,66.1811,Side Impact Potential,Urban,4.2994,False,Mixed,Meets Safe System Standards,-0.0095,,False,24.2565,0.0059,-0.0096,Aligned,26,Unnamed Road,612
2308,Unnamed Road,Urban Road,URB-02308,2308,13.0198,77.5242,13.0195,77.5237,69.5,923.2,923.269,9.9736,Aligned,0.9741,0.9897,0.0139,-0.0004,-0.0131,28.5629,27.684,48.9762,0.0,17.8819,50.4679,88.4962,0.0,60.0,7.3271,No,0.0,0.0004,0.004,Poor,Medium,1.4857,10.0,10.2376,21.4538,Safe,68.1611,24.9917,18.9315,Aligned,24.4778,44.142,Side Impact Potential,Rural,2.1379,False,Residential,Poor Infrastructure,0.0076,,False,19.731,0.0075,-0.0077,Aligned,26,Unnamed Road,613
2309,Unnamed Road,Urban Road,URB-02309,2309,13.0167,77.5315,13.017,77.5316,31.2,923.6,923.631,13.387,Aligned,0.8612,0.8817,0.1437,0.0138,0.0038,70.2582,70.766,99.5778,0.0,14.0768,80.2991,68.1361,0.0669,60.0,7.2274,No,0.0,0.0027,0.0355,Good,High,0.2422,10.0,10.0,20.5034,Safe,68.9963,70.6528,17.7413,Aligned,71.4476,32.7917,Separated Traffic,Rural,5.2652,True,Residential,Poor Infrastructure,0.0108,,False,57.5309,0.0086,0.0009,Aligned,70,Unnamed Road,614
2310,Unnamed Road,Urban Road,URB-02310,2310,13.0174,77.5316,13.017,77.5316,40.6,924.0,924.041,11.034,Aligned,0.9848,0.9541,-0.0358,-0.0034,0.0007,43.9493,44.5468,87.3109,38.1169,30.984,51.4502,79.2749,0.0872,50.4507,23.7674,No,0.0,-0.0059,0.0214,Good,Medium,1.92,10.0,10.2223,20.7315,Safe,76.681,42.7131,18.9,Aligned,39.8021,57.4888,Side Impact Potential,Urban,4.9656,True,Residential,Meets Safe System Standards,0.013,,False,35.2057,0.0085,-0.0032,Aligned,43,Unnamed Road,615
2311,Unnamed Road,Urban Road,URB-02311,2311,13.0155,77.5311,13.0153,77.531,31.6,924.4,924.432,19.2162,Aligned,0.7852,0.7438,0.2338,0.0131,-0.0084,66.9662,68.1363,98.7613,12.5028,15.8479,79.8262,76.7887,0.2157,60.0,10.539,No,0.0,-0.0058,0.0989,Poor,High,0.1463,10.0,10.0,19.2403,Safe,71.4831,69.9396,19.5401,Aligned,66.6916,32.0472,Separated Traffic,Rural,5.0363,True,Residential,Poor Infrastructure,0.001,,False,56.191,0.0062,-0.0049,Aligned,67,Unnamed Road,616
2312,Unnamed Road,Urban Road,URB-02312,2312,13.0153,77.531,13.0151,77.5309,22.3,924.8,924.822,10.7832,Aligned,0.9862,0.9545,0.0469,-0.0048,-0.0041,23.2974,23.692,54.8704,25.07,22.5862,49.3639,84.4674,0.0,32.7593,21.0812,No,0.0,0.0007,0.0295,Poor,Low,1.3703,10.0,10.068,20.9151,Safe,74.1555,21.4929,16.3391,Aligned,21.4515,42.1596,Side Impact Potential,Rural,4.0724,False,Residential,Approach to Congestion (Tapered) | Poor Infrastructure,0.0157,,True,15.8234,0.0044,0.0085,Aligned,22,Unnamed Road,617
2313,Unnamed Road,Urban Road,URB-02313,2313,13.0215,77.5224,13.0224,77.5214,142.3,925.2,925.342,14.6372,Aligned,0.8595,0.8367,0.07,0.0082,-0.0011,49.4698,42.1879,100.0,37.2284,28.961,80.5631,65.5605,40.2492,58.7959,14.9419,Yes,0.0,0.9947,-0.0475,Poor,Low,0.4864,10.0,10.2625,30.9566,Moderate Risk,67.4544,49.6172,17.6101,Aligned,47.666,67.6816,Separated Traffic,Urban,4.9442,True,Industrial,Meets Safe System Standards,0.1304,Light,False,36.5798,-0.0093,-0.0124,Aligned,49,Unnamed Road,618
2314,Unnamed Road,Urban Road,URB-02314,2314,13.0224,77.5214,13.0214,77.5204,153.0,925.6,925.753,36.3561,Moderate Misalignment,0.8225,0.2175,0.8098,0.0135,0.0016,50.4635,50.2573,87.487,0.5018,28.3369,48.7959,91.6275,0.0195,50.6467,13.1002,No,0.0,-0.0058,-0.045,Good,High,1.8869,10.0,21.7226,30.5566,Moderate Risk,59.806,49.8898,33.6238,Moderate Misalignment,62.633,66.9722,Side Impact Potential,Urban,5.0801,True,Commercial,Poor Infrastructure,0.0232,,False,56.4148,0.0091,0.0002,Moderate Misalignment,51,Unnamed Road,619
2315,Unnamed Road,Urban Road,URB-02315,2315,13.0224,77.5214,13.0225,77.5207,77.0,926.0,926.077,26.5285,Moderate Misalignment,0.515,0.4657,0.5212,0.0023,0.0037,74.0695,76.2456,97.9565,0.0,14.3103,78.0015,65.8163,0.3989,60.0,2.0506,No,0.0,-0.0066,0.0677,Poor,Low,0.263,10.0,10.5315,26.7792,Moderate Risk,60.8321,73.6156,31.5539,Moderate Misalignment,72.8628,41.7824,Separated Traffic,Rural,4.8682,True,Residential,Poor Infrastructure | Above Human Tolerance Limit,0.0031,,False,66.4307,-0.0063,-0.0112,Moderate Misalignment,73,Unnamed Road,620
2316,Unnamed Road,Urban Road,URB-02316,2316,13.0207,77.5232,13.0198,77.5242,145.3,926.4,926.545,39.4903,Moderate Misalignment,0.94,-0.0522,0.9886,0.0325,-0.0037,28.0256,28.6507,74.9595,59.6722,54.1905,28.7624,95.7791,0.0,42.5093,58.2275,No,0.0,0.0066,0.9583,Good,Medium,1.4353,10.0,10.019,34.2626,Moderate Risk,66.7391,29.9228,40.2154,Moderate Misalignment,46.0648,67.6545,Significant Pedestrian Interaction,Urban,4.1727,False,Commercial,High Pedestrian Interaction | Above Human Tolerance Limit,0.003,,False,34.9603,0.0163,-0.0053,Moderate Misalignment,31,Unnamed Road,621
2317,Unnamed Road,Urban Road,URB-02317,2317,13.0198,77.5242,13.0203,77.5249,87.5,926.8,926.888,71.4242,High Misalignment,0.8819,0.0113,0.1142,0.8855,-0.0106,49.7809,49.1172,98.2822,7.697,15.0581,47.6397,55.6572,0.2336,60.0,14.3967,No,0.0,0.0078,0.0526,Good,Low,0.202,10.0,10.0,35.6006,Moderate Risk,47.6029,47.2107,56.369,High Misalignment,58.9058,34.5409,Side Impact Potential,Rural,8.1517,False,Residential,Speed Limit Misaligned | Poor Infrastructure | Above Human Tolerance Limit,-0.0157,,False,49.2235,0.0026,-0.0014,High Misalignment,51,Unnamed Road,622
2318,Unnamed Road,Urban Road,URB-02318,2318,13.0207,77.5232,13.0195,77.5219,191.4,927.2,927.391,13.5208,Aligned,0.8952,0.9319,0.0753,0.0049,0.011,39.0893,35.9382,70.239,9.7932,25.0501,50.091,91.886,0.0475,60.0,14.9431,No,0.0,-0.0032,-0.0309,Good,Low,1.4332,10.0,10.2427,23.053,Safe,70.2333,41.3948,19.0176,Aligned,39.2932,52.2622,Side Impact Potential,Peri-Urban,2.0943,False,Commercial,Poor Infrastructure,-0.0001,,False,33.1327,0.0001,-0.009,Aligned,42,Unnamed Road,623
2319,Unnamed Road,Urban Road,URB-02319,2319,13.0195,77.5219,13.0196,77.5218,20.4,927.6,927.62,16.3899,Aligned,0.7716,0.7965,0.2089,0.0172,-0.0009,33.8767,33.2084,50.7522,22.6071,23.6426,47.7542,99.7959,0.0874,60.0,11.2659,No,0.0,0.0091,0.0996,Poor,Medium,2.3016,10.0,11.8807,22.8538,Safe,70.2818,35.9779,22.4773,Aligned,34.1733,57.2407,Side Impact Potential,Urban,2.6695,False,Industrial,Poor Infrastructure,0.0054,,False,27.7632,0.0096,0.0031,Aligned,34,Unnamed Road,624
2320,Unnamed Road,Urban Road,URB-02320,2320,13.0205,77.5253,13.0203,77.5249,52.6,928.0,928.053,31.2599,Moderate Misalignment,0.6969,0.2895,0.6954,-0.006,-0.0009,39.8755,42.2024,53.3012,8.1449,13.0154,47.3175,95.8427,0.0,28.9467,4.6138,No,0.0,-0.0051,-0.0145,Poor,Low,1.6433,10.0,33.6466,22.9291,Safe,66.5187,41.4248,29.2138,Moderate Misalignment,39.0765,34.2491,Side Impact Potential,Rural,2.9276,False,Residential,Poor Infrastructure,0.0033,,False,33.1847,-0.0074,0.0066,Moderate Misalignment,40,Unnamed Road,625
2321,Unnamed Road,Urban Road,URB-02321,2321,13.0225,77.5207,13.0225,77.5204,36.1,928.4,928.436,13.0663,Aligned,0.9013,0.9127,0.0756,0.0037,0.0068,50.1044,51.1883,100.0,10.3786,19.6519,79.5505,67.5758,0.2706,58.7656,12.3679,No,0.0,0.0018,-0.0221,Poor,Low,0.2934,10.0,10.0,20.6847,Safe,70.1556,50.4366,19.2459,Aligned,49.8259,35.7677,Separated Traffic,Rural,7.0871,True,Residential,Poor Infrastructure,0.158,Light,False,37.9362,-0.0085,-0.0053,Aligned,50,Unnamed Road,626
2322,Unnamed Road,Urban Road,URB-02322,2322,13.0148,77.5308,13.0151,77.5309,31.2,928.8,928.831,14.1431,Aligned,0.8601,0.878,0.1481,0.0337,-0.0067,68.5164,69.0304,99.2338,1.9462,16.2537,81.3861,80.5831,0.4564,59.3033,3.9888,No,0.0,0.0036,0.0541,Poor,Low,0.3355,10.0,10.0,21.4099,Safe,68.7389,68.21,19.3506,Aligned,67.2228,46.699,Separated Traffic,Rural,6.8672,True,Mixed,Poor Infrastructure,0.0047,,False,55.8394,0.0048,0.0133,Aligned,68,Unnamed Road,627
2323,Unnamed Road,Urban Road,URB-02323,2323,13.0215,77.5224,13.0207,77.5232,131.5,929.2,929.332,12.3825,Aligned,0.9952,1.0032,-0.0017,0.0059,-0.0097,24.8367,23.8006,29.2056,30.2873,28.1431,49.2472,85.5885,0.0,30.1255,21.3417,No,0.0,0.0043,0.9603,Poor,Low,2.7432,10.0,10.0,20.9021,Safe,74.4159,24.2529,18.3532,Aligned,24.5721,51.6596,Side Impact Potential,Peri-Urban,1.9016,False,Industrial,Poor Infrastructure,-0.0163,,False,20.6497,0.0231,0.002,Aligned,23,Unnamed Road,628
2324,Unnamed Road,Urban Road,URB-02324,2324,13.0158,77.5265,13.0168,77.5266,117.7,929.6,929.718,12.9067,Aligned,0.9031,0.8949,0.107,0.0127,0.0035,60.7296,60.3648,99.8773,12.3396,23.7849,80.9637,64.8002,0.1902,58.7528,13.7742,No,0.0,0.0063,0.0123,Good,Low,0.2397,10.0,10.0,22.3887,Safe,70.64,59.5182,18.8743,Aligned,60.2914,52.3616,Separated Traffic,Peri-Urban,5.7019,True,Residential,Poor Infrastructure,0.1602,Light,False,48.863,-0.0089,0.0124,Aligned,61,Unnamed Road,629
2325,Unnamed Road,Urban Road,URB-02325,2325,13.0158,77.5265,13.0157,77.5268,33.8,930.0,930.034,16.418,Aligned,0.8958,0.9225,0.0647,0.0034,-0.0054,25.5908,26.3457,54.1089,35.3975,44.6496,50.2144,87.1119,0.0,30.2693,43.5336,No,0.0,-0.0122,1.9882,Good,Medium,2.764,10.0,10.2262,27.0048,Moderate Risk,72.6585,26.6213,23.9786,Aligned,23.8473,64.8143,Side Impact Potential,Urban,3.6932,False,Commercial,Poor Infrastructure,-0.0194,,False,23.3635,0.0055,0.0054,Aligned,24,Unnamed Road,630
2326,Unnamed Road,Urban Road,URB-02326,2326,13.0158,77.5265,13.0155,77.5261,51.8,930.4,930.452,9.604,Aligned,0.9611,0.9614,0.0588,-0.0094,-0.0117,35.2738,36.641,79.4429,10.9062,22.7607,49.6946,76.0281,0.2474,50.4205,6.7769,No,0.0,0.0057,-0.0216,Good,Low,2.028,10.0,10.1516,22.6752,Safe,69.4191,39.5401,19.0221,Aligned,36.4433,63.5754,Side Impact Potential,Urban,6.3579,False,Industrial,Poor Infrastructure,-0.0191,,False,34.4018,0.0148,-0.0024,Aligned,35,Unnamed Road,631
2327,Unnamed Road,Urban Road,URB-02327,2327,13.0168,77.5266,13.0175,77.5266,74.0,930.8,930.874,23.3704,Aligned,0.5721,0.5799,0.4501,0.014,-0.0081,68.7663,68.1769,100.0,10.0456,14.6103,80.7526,72.2155,0.0,60.0,7.8505,No,0.0,-0.0014,0.0462,Poor,High,0.0892,10.0,10.0,18.6395,Safe,72.5365,69.6407,16.3384,Aligned,70.0197,39.7047,Separated Traffic,Rural,4.8435,True,Residential,Poor Infrastructure,0.1202,Light,False,56.9756,0.0106,0.0027,Aligned,69,Unnamed Road,632
2328,Unnamed Road,Urban Road,URB-02328,2328,13.0155,77.5261,13.0155,77.5258,32.0,931.2,931.232,8.1326,Aligned,0.9994,1.035,-0.0289,-0.0124,0.0023,16.7055,21.1045,27.6764,1.9784,15.4139,52.4234,90.0273,0.0424,41.0997,5.3374,No,0.0,0.0015,0.0131,Poor,High,1.9073,10.0,10.0978,21.2105,Safe,68.678,18.281,18.9742,Aligned,17.28,42.4431,Side Impact Potential,Rural,2.1004,False,Industrial,Poor Infrastructure,0.1925,Light,False,11.7586,-0.0009,0.0013,Aligned,16,Unnamed Road,633
2329,Unnamed Road,Urban Road,URB-02329,2329,13.0199,77.5207,13.0205,77.5193,155.6,931.6,931.756,66.3426,High Misalignment,0.7887,0.0116,0.2287,0.7711,0.0082,28.5691,31.4775,75.8127,44.8438,51.2862,29.3976,91.2739,0.0,59.6065,61.2629,No,0.0,0.0001,2.0829,Good,Low,1.7917,10.0,16.3557,48.1173,Moderate Risk,44.8195,32.3098,75.2286,High Misalignment,71.8048,64.6378,Significant Pedestrian Interaction,Urban,1.8575,True,Residential,Speed Limit Misaligned | High Pedestrian Interaction | Above Human Tolerance Limit,0.1715,Light,False,54.5875,-0.001,-0.006,High Misalignment,29,Unnamed Road,634
2330,Unnamed Road,Urban Road,URB-02330,2330,13.0199,77.5207,13.0196,77.5218,126.3,932.0,932.126,17.1148,Aligned,0.7691,0.7641,0.2028,0.0287,0.0087,68.198,66.21,97.4044,1.1106,13.6699,79.5746,84.7871,0.0,60.0,7.1279,No,0.0,-0.0,-0.0153,Good,Low,0.1167,10.0,10.0,20.0424,Safe,69.506,68.3051,17.8975,Aligned,67.7241,31.3923,Separated Traffic,Rural,6.2553,True,Mixed,Poor Infrastructure,-0.0047,,False,58.5893,-0.0016,0.0026,Aligned,70,Unnamed Road,635
2331,Unnamed Road,Urban Road,URB-02331,2331,13.0157,77.5244,13.0157,77.5242,25.5,932.4,932.426,45.0955,Moderate Misalignment,0.6863,0.1285,0.677,0.2248,-0.0047,50.1019,49.8865,98.8316,14.9235,28.0226,52.5336,64.8999,0.0,59.3221,28.6642,No,0.0,0.001,0.9719,Good,Medium,0.1597,10.0,10.0,33.7103,Moderate Risk,55.6512,48.9026,46.5659,Moderate Misalignment,64.3515,38.0222,Side Impact Potential,Rural,4.1152,False,Residential,Approach to Congestion (Tapered) | Poor Infrastructure | Above Human Tolerance Limit,0.2054,Light,True,48.0638,0.0141,0.0101,Moderate Misalignment,50,Unnamed Road,636
2332,Unnamed Road,Urban Road,URB-02332,2332,13.0157,77.5244,13.0156,77.5252,83.5,932.8,932.884,38.2548,Moderate Misalignment,0.9614,0.0432,0.9459,-0.0077,0.0014,83.6466,81.2656,100.0,1.6024,13.6689,80.8999,89.0124,0.1074,60.0,0.7388,No,0.0,-0.0063,0.0123,Good,Low,0.1546,10.0,29.0643,27.5402,Moderate Risk,57.7004,82.0843,38.9055,Moderate Misalignment,85.7529,38.2242,Separated Traffic,Rural,5.9959,True,Residential,Poor Infrastructure,-0.0021,,False,78.5727,-0.0139,0.0207,Moderate Misalignment,82,Unnamed Road,637
2333,Unnamed Road,Urban Road,URB-02333,2333,13.0157,77.5242,13.0156,77.5239,31.6,933.2,933.232,34.2099,Moderate Misalignment,0.789,0.2109,0.8276,-0.0096,0.0024,28.2397,30.8622,54.1186,42.889,45.1,30.3163,79.5693,0.5221,40.065,56.7352,No,0.0,-0.0058,0.973,Good,Low,1.8184,10.0,10.0,31.3683,Moderate Risk,66.403,29.7464,35.7782,Moderate Misalignment,32.8792,47.8725,Significant Pedestrian Interaction,Peri-Urban,3.0841,False,Industrial,High Pedestrian Interaction | Above Human Tolerance Limit,0.0145,,False,27.6658,0.0059,-0.0026,Moderate Misalignment,28,Unnamed Road,638
2334,Unnamed Road,Urban Road,URB-02334,2334,13.0205,77.5253,13.02,77.5256,62.4,933.6,933.662,38.8385,Moderate Misalignment,0.9201,0.0486,0.9184,0.0357,0.0042,80.4336,81.3237,99.023,0.4482,13.6845,80.2406,91.3779,0.0,60.0,2.6813,No,0.0,-0.0075,-0.0175,Poor,Medium,0.1358,10.0,33.166,31.9536,Moderate Risk,52.4209,79.2662,47.2807,Moderate Misalignment,105.373,40.252,Separated Traffic,Rural,6.8611,True,Residential,Poor Infrastructure,0.1247,Light,False,85.205,0.0314,0.01,Moderate Misalignment,80,Unnamed Road,639
2335,Unnamed Road,Urban Road,URB-02335,2335,13.0197,77.5257,13.02,77.5256,42.6,934.0,934.043,10.0041,Aligned,0.9888,1.0061,0.0007,0.0019,-0.0026,16.7709,19.4217,28.0946,29.4927,24.4205,49.1204,88.6882,0.0,41.3302,12.6808,No,0.0,0.0053,-0.0381,Poor,Low,3.4682,10.0,10.4838,19.9608,Safe,74.4,17.2879,16.9304,Aligned,15.4189,61.6549,Side Impact Potential,Peri-Urban,0.9938,False,Residential,Poor Infrastructure,-0.01,,False,15.7053,-0.0033,-0.0053,Aligned,17,Unnamed Road,640
2336,Unnamed Road,Urban Road,URB-02336,2336,13.0177,77.531,13.0178,77.5308,29.3,934.4,934.429,39.3195,Moderate Misalignment,0.9095,0.0641,0.9144,0.0086,-0.0013,81.8273,79.4851,98.8964,0.8826,19.1298,78.0049,94.9866,0.0,58.8964,8.0381,No,0.0,-0.0035,-0.0347,Poor,Medium,0.2138,10.0,34.5841,30.9089,Moderate Risk,55.6242,77.4855,40.6969,Moderate Misalignment,81.3115,46.6112,Separated Traffic,Rural,6.0046,True,Residential,Poor Infrastructure,0.1671,Light,False,64.327,-0.0016,0.0068,Moderate Misalignment,83,Unnamed Road,641
2337,Unnamed Road,Urban Road,URB-02337,2337,13.0164,77.531,13.0172,77.5312,90.0,934.8,934.89,28.1203,Moderate Misalignment,0.5556,0.427,0.5793,0.0103,-0.0032,78.4125,79.7943,96.7605,11.4271,16.2613,79.3976,56.6501,0.3615,59.6786,11.0276,No,0.0,-0.0037,0.0084,Poor,Low,0.1294,10.0,10.0,25.3473,Moderate Risk,64.3771,77.9979,30.822,Moderate Misalignment,78.0854,34.9327,Separated Traffic,Rural,3.9772,True,Industrial,Poor Infrastructure | Above Human Tolerance Limit,0.1514,Light,False,62.0361,-0.0043,0.0008,Moderate Misalignment,80,Unnamed Road,642
2338,Unnamed Road,Urban Road,URB-02338,2338,13.0181,77.5292,13.018,77.5295,33.2,935.2,935.233,32.4886,Moderate Misalignment,0.7247,0.3133,0.7108,0.0007,-0.0062,50.7259,49.5356,56.1351,10.5415,23.6389,51.2486,94.6669,0.1737,40.6266,14.4494,No,0.0,-0.007,0.0043,Good,High,1.9076,10.0,24.2193,27.0508,Moderate Risk,63.6324,50.1561,29.849,Moderate Misalignment,49.3304,49.493,Side Impact Potential,Peri-Urban,3.7215,False,Mixed,Poor Infrastructure,-0.0398,,False,43.1561,-0.0164,-0.0033,Moderate Misalignment,54,Unnamed Road,643
2339,Unnamed Road,Urban Road,URB-02339,2339,13.018,77.5295,13.018,77.5298,35.1,935.6,935.635,11.7689,Aligned,0.9109,0.9007,0.1092,-0.0071,0.013,55.682,54.3652,98.6638,1.9093,13.1231,81.7041,71.0555,0.1337,59.5237,5.2755,No,0.0,0.0026,0.0109,Good,Low,0.0168,10.0,10.0,20.821,Safe,69.99,53.9652,17.7559,Aligned,54.6976,32.6516,Separated Traffic,Rural,4.962,True,Residential,Poor Infrastructure,0.2406,Light,False,39.6918,0.0078,-0.0115,Aligned,55,Unnamed Road,644
2340,Unnamed Road,Urban Road,URB-02340,2340,13.0146,77.5307,13.0148,77.5308,31.7,936.0,936.032,22.7827,Aligned,0.7472,0.7088,0.0742,0.1421,-0.0098,60.896,61.4557,98.4939,10.7249,21.8416,78.9381,85.9592,0.0,60.0,7.5314,No,0.0,0.0036,-0.0237,Good,Low,0.303,10.0,10.0,21.6408,Safe,70.6146,60.0141,18.0641,Aligned,59.7471,56.1847,Separated Traffic,Peri-Urban,7.1693,True,Residential,Poor Infrastructure,0.0147,,False,49.3654,-0.0028,0.0031,Aligned,62,Unnamed Road,645
2341,Unnamed Road,Urban Road,URB-02341,2341,13.0146,77.5307,13.0142,77.5306,39.4,936.4,936.439,21.9215,Aligned,0.6305,0.6034,0.3221,0.0284,-0.0034,28.565,28.4176,49.6616,61.6826,46.7173,30.8685,97.9835,5.1142,32.7737,54.4497,No,0.0,-0.0033,2.0264,Good,Low,3.9742,10.0,10.7411,25.8,Moderate Risk,78.4422,30.7297,23.0533,Aligned,31.6221,58.7774,Significant Pedestrian Interaction,Urban,2.1535,False,Mixed,High Pedestrian Interaction,-0.0011,,False,29.0033,1.0082,0.0057,Aligned,32,Unnamed Road,646
2342,Unnamed Road,Urban Road,URB-02342,2342,13.0146,77.5307,13.0149,77.5299,93.9,936.8,936.894,75.7006,High Misalignment,0.9943,0.0151,-0.0148,0.9654,-0.0018,49.1643,51.0118,97.3461,6.3975,24.6916,50.1231,10.0,0.4696,60.0,9.0526,No,0.0,-0.0028,-0.0144,Good,High,0.4859,10.0,10.0,39.5267,Moderate Risk,45.2852,51.408,60.1711,High Misalignment,66.1327,68.8612,Side Impact Potential,Urban,3.8623,False,Residential,Speed Limit Misaligned | Active Congestion | Poor Infrastructure,0.7833,Severe,False,16.8954,-0.0032,-0.0193,High Misalignment,52,Unnamed Road,647
2343,Unnamed Road,Urban Road,URB-02343,2343,13.0157,77.5274,13.0149,77.5299,288.5,937.2,937.489,9.2985,Aligned,0.9808,0.9321,-0.0333,-0.0057,0.0076,28.239,28.3208,30.9228,2.7771,13.8727,48.805,80.0882,0.1628,21.0779,6.0508,No,0.0,-0.015,0.0596,Poor,Medium,2.475,10.0,34.3113,23.6747,Safe,66.7303,26.1069,24.0544,Aligned,25.7831,39.2016,Side Impact Potential,Rural,2.0463,False,Residential,Active Congestion | Poor Infrastructure,0.7519,Severe,False,10.25,0.0007,0.0115,Aligned,28,Unnamed Road,648
2344,Unnamed Road,Urban Road,URB-02344,2344,13.0176,77.5317,13.0174,77.5316,30.7,937.6,937.631,18.7145,Aligned,0.7366,0.7767,0.2518,0.0152,-0.0041,49.872,48.8029,100.0,14.389,25.9119,80.4176,76.7726,0.0,58.2608,24.3233,No,0.0,-0.0004,1.0227,Poor,Medium,0.1574,10.0,10.6251,23.1738,Safe,71.724,48.5683,18.9775,Aligned,49.545,46.6486,Separated Traffic,Rural,6.9001,True,Residential,Poor Infrastructure,-0.0077,,False,47.3138,0.0067,0.0052,Aligned,50,Unnamed Road,649
2345,Unnamed Road,Urban Road,URB-02345,2345,13.0189,77.5228,13.0188,77.5229,20.8,938.0,938.021,14.5989,Aligned,0.8668,0.8837,0.0937,0.0141,0.006,52.176,53.2313,99.2391,9.0759,16.8896,78.533,73.2527,0.0,60.0,7.1503,No,0.0,-0.0069,-0.1114,Poor,High,0.1791,10.0,10.0518,20.3449,Safe,71.8507,51.5137,17.0257,Aligned,51.6131,46.0812,Separated Traffic,Rural,3.904,True,Residential,Poor Infrastructure,0.1343,Light,False,44.2515,-0.0018,0.0053,Aligned,54,Unnamed Road,650
2346,Unnamed Road,Urban Road,URB-02346,2346,13.0188,77.5229,13.0185,77.5233,55.7,938.4,938.456,10.9267,Aligned,1.0128,0.9809,-0.0047,0.0035,-0.005,24.6279,25.1969,24.8642,0.8973,13.0819,51.1292,86.1612,0.0,29.1755,1.8312,No,0.0,-0.001,-0.0325,Poor,Medium,2.3486,10.0,10.0,19.9569,Safe,69.7066,22.8081,15.7559,Aligned,27.4258,38.9545,Side Impact Potential,Rural,0.9803,False,Residential,Poor Infrastructure,-0.0083,,False,20.4586,-0.0021,-0.0121,Aligned,22,Unnamed Road,651