segment_id,road_name,road_type,human_segment_id,internal_id,start_lat,start_lon,end_lat,end_lon,length_m,start_km,end_km,road_risk_score,ai_risk_label,ai_risk_probability,prob_low_risk,prob_medium_risk,prob_high_risk,prob_critical_risk,ai_recommended_speed,recommended_safe_speed,road_function_score,infrastructure_score,exposure_score,human_tolerance_limit,operating_speed_score,crash_risk_score,posted_speed_limit,pedestrian_exposure_score,blackspot_flag,crash_count,fatal_crashes,schools_count,lighting_quality,roadside_hazards,intersection_density,speed_compliance_rate,speed_violation_score,hotspot_score,hotspot_category,speed_safety_score,original_safe_speed,misalignment_score,misalignment_category,speed_p85,ptw_share_pct,exposure_tier,urban_rural_flag,lane_count,median_presence,land_use_type,top_ai_factors,congestion_index,congestion_category,congestion_smoothed,operating_speed_mean,minor_crashes,major_crashes,risk_category,final_safe_speed,corridor_base,corridor_seq
2347,Unnamed Road,Urban Road,URB-02347,2347,13.018,77.5266,13.0175,77.5266,51.3,938.8,938.851,69.648,High Misalignment,0.8837,-0.0179,0.1136,0.889,0.0076,49.8473,48.405,99.0043,8.9,22.0806,48.5652,44.5162,0.0,60.0,6.7574,No,0.0,-0.0033,0.0337,Poor,Low,0.3379,10.0,10.0,43.4124,Moderate Risk,37.9645,49.0194,69.9151,High Misalignment,68.1723,54.8144,Side Impact Potential,Peri-Urban,6.151,False,Residential,Speed Limit Misaligned | Poor Infrastructure | Above Human Tolerance Limit,0.1726,Light,False,50.1321,-0.0053,-0.0041,High Misalignment,50,Unnamed Road,652
2348,Unnamed Road,Urban Road,URB-02348,2348,13.0185,77.5233,13.0168,77.5235,198.5,939.2,939.399,31.9701,Moderate Misalignment,0.6681,0.3588,0.6947,0.0357,-0.0002,69.9077,65.7727,100.0,12.5898,19.1271,76.716,49.3457,0.4773,59.2779,15.1135,No,0.0,-0.0004,0.0176,Poor,High,0.1655,10.0,10.0,26.7175,Moderate Risk,64.3243,66.8849,31.7175,Moderate Misalignment,66.1896,42.7435,Separated Traffic,Rural,5.9337,True,Residential,Poor Infrastructure | Above Human Tolerance Limit,-0.0021,,False,55.4256,0.0041,-0.0115,Moderate Misalignment,69,Unnamed Road,653
2349,Unnamed Road,Urban Road,URB-02349,2349,13.0168,77.5235,13.0156,77.5236,130.7,939.6,939.731,12.9998,Aligned,0.9871,0.9873,0.0254,-0.0072,0.0091,32.3598,34.1742,82.5382,17.7681,28.2594,49.0643,81.3326,0.037,41.4543,17.7505,No,0.0,-0.0042,0.0569,Good,Medium,1.6984,10.0,10.0,23.2154,Safe,71.227,30.1013,19.8853,Aligned,34.2696,63.4412,Side Impact Potential,Urban,4.1031,True,Commercial,Poor Infrastructure,0.0032,,False,29.7274,-0.0096,0.0013,Aligned,31,Unnamed Road,654
2350,Unnamed Road,Urban Road,URB-02350,2350,13.018,77.5298,13.0179,77.53,27.4,940.0,940.027,16.068,Aligned,0.8886,0.8922,0.1126,0.0141,0.0105,70.779,69.7874,99.4795,0.3,14.3497,79.6225,72.1732,0.0,59.4229,1.3749,No,0.0,0.0028,-0.0302,Poor,Low,0.1034,10.0,10.0,20.2271,Safe,69.5013,69.1172,16.5128,Aligned,72.1552,45.1488,Separated Traffic,Rural,3.807,True,Mixed,Poor Infrastructure,-0.0194,,False,60.2603,0.0077,0.0008,Aligned,73,Unnamed Road,655
2351,Unnamed Road,Urban Road,URB-02351,2351,13.0156,77.5236,13.0156,77.5239,35.4,940.4,940.435,34.7177,Moderate Misalignment,0.8191,0.1557,0.8307,0.0005,0.0074,80.6553,80.0293,98.1072,14.5746,14.0607,81.0238,87.8237,0.1095,59.0168,4.6157,No,0.0,0.0017,-0.0569,Poor,Low,0.0467,10.0,34.3171,26.5232,Moderate Risk,60.8055,79.6883,35.7548,Moderate Misalignment,80.3621,33.6126,Separated Traffic,Rural,7.9454,True,Industrial,Poor Infrastructure,0.0019,,False,67.0981,0.0101,-0.0083,Moderate Misalignment,82,Unnamed Road,656
2352,Unnamed Road,Urban Road,URB-02352,2352,13.0178,77.5308,13.0178,77.5305,30.7,940.8,940.831,33.9664,Moderate Misalignment,0.7927,0.1777,0.7863,0.0231,-0.002,50.7179,51.0111,83.7548,0.8385,27.2596,52.3784,91.7445,0.0,51.3483,16.0521,No,0.0,-0.0047,-0.0052,Good,High,1.9292,10.0,21.2847,30.7083,Moderate Risk,60.0666,49.5852,34.131,Moderate Misalignment,61.8067,69.825,Side Impact Potential,Urban,5.1476,True,Commercial,Poor Infrastructure,0.0209,,False,53.7111,0.0114,-0.0141,Moderate Misalignment,50,Unnamed Road,657
2353,Unnamed Road,Urban Road,URB-02353,2353,13.0197,77.5257,13.0195,77.5258,25.2,941.2,941.225,9.7074,Aligned,0.9589,0.9544,-0.0131,0.0224,0.0038,28.1705,27.5166,80.4207,2.23,20.7907,49.9155,70.4945,0.4396,39.9841,8.8903,No,0.0,0.0043,0.0454,Poor,Medium,1.5873,10.0,10.0,23.6078,Safe,67.2662,27.5918,21.1571,Aligned,25.9882,56.0362,Side Impact Potential,Urban,2.9404,True,Residential,Poor Infrastructure,0.2,Light,False,20.5126,0.0201,-0.0124,Aligned,26,Unnamed Road,658
2354,Unnamed Road,Urban Road,URB-02354,2354,13.0195,77.5258,13.019,77.5261,59.2,941.6,941.659,31.2401,Moderate Misalignment,0.7116,0.1927,0.7226,0.014,0.0004,66.0246,66.1248,98.095,2.7136,20.4695,78.8462,50.2264,0.4267,60.0,11.0484,No,0.0,-0.0137,-0.0427,Poor,High,0.3651,10.0,10.0,22.025,Safe,69.6123,63.4411,18.9343,Aligned,66.8971,50.0994,Separated Traffic,Peri-Urban,3.6372,True,Residential,Poor Infrastructure,0.2099,Light,False,49.5149,0.0076,-0.0091,Moderate Misalignment,65,Unnamed Road,659
2355,Unnamed Road,Urban Road,URB-02355,2355,13.0186,77.5263,13.019,77.5261,54.6,942.0,942.055,10.3296,Aligned,0.9778,0.9987,0.053,-0.0206,0.0107,36.553,36.0298,69.0303,31.0089,32.0098,50.0148,73.9789,0.2228,49.3854,28.535,No,0.0,-0.0002,0.9637,Good,Low,2.0906,10.0,10.1488,22.2074,Safe,73.3427,38.4639,18.9459,Aligned,34.8316,59.1156,Side Impact Potential,Urban,1.8592,False,Commercial,Poor Infrastructure,-0.0009,,False,32.191,-0.0181,0.0025,Aligned,37,Unnamed Road,660
2356,Unnamed Road,Urban Road,URB-02356,2356,13.018,77.5266,13.0184,77.5264,54.3,942.4,942.454,10.7761,Aligned,0.9726,1.0365,0.027,-0.0068,0.0112,36.2803,39.1425,70.4892,30.5693,33.2253,50.2089,73.7249,0.3025,48.8963,28.1266,No,0.0,0.0042,0.9696,Good,Low,1.979,10.0,10.103,22.282,Safe,73.0572,36.3356,20.7119,Aligned,35.8719,59.6251,Side Impact Potential,Urban,1.8868,False,Commercial,Poor Infrastructure,0.0189,,False,32.1525,-0.0287,-0.0027,Aligned,37,Unnamed Road,661
2357,Unnamed Road,Urban Road,URB-02357,2357,13.0186,77.5263,13.0184,77.5264,21.4,942.8,942.821,12.1391,Aligned,0.9579,0.961,0.0237,0.005,0.0088,38.376,37.1322,77.8935,53.8153,40.5065,49.8302,81.4636,0.0,40.5503,45.5364,No,0.0,0.0013,1.01,Good,Medium,2.6077,10.0,10.3493,22.3349,Safe,78.6414,35.6516,19.18,Aligned,39.0987,57.1899,Side Impact Potential,Urban,3.9996,False,Commercial,Meets Safe System Standards,0.2153,Light,False,28.5009,0.0081,0.0132,Aligned,37,Unnamed Road,662
2358,Unnamed Road,Urban Road,URB-02358,2358,12.9939,77.5851,12.9953,77.5848,163.6,943.2,943.364,63.6605,High Misalignment,0.7579,0.1933,0.0655,0.7848,0.0141,80.7993,80.1615,99.6774,34.8096,27.677,78.0884,82.479,0.4174,60.0,15.7448,No,0.0,0.0001,-0.0042,Good,Low,0.4913,10.0,31.9079,36.4664,Moderate Risk,51.5274,81.8967,58.8398,High Misalignment,119.9534,66.1585,Separated Traffic,Urban,8.0406,True,Residential,Speed Limit Misaligned | Above Human Tolerance Limit,0.004,,False,100.5545,0.0007,0.0044,High Misalignment,81,Unnamed Road,663
2359,Unnamed Road,Urban Road,URB-02359,2359,12.9934,77.585,12.9934,77.5841,124.8,943.6,943.725,49.9199,High Misalignment,0.5576,0.303,0.1373,0.5544,0.0039,78.7675,78.4041,100.0,1.7928,13.4279,81.7242,80.5589,0.0,60.0,3.4706,No,0.0,-0.0035,-0.0298,Good,Low,0.2853,10.0,13.4828,36.8133,Moderate Risk,44.5407,79.3445,60.0518,High Misalignment,114.2649,42.5332,Separated Traffic,Rural,4.8333,True,Industrial,Speed Limit Misaligned | Poor Infrastructure | Above Human Tolerance Limit,0.1697,Light,False,88.8754,0.0207,-0.0123,High Misalignment,78,Unnamed Road,664
2360,Unnamed Road,Urban Road,URB-02360,2360,12.8773,77.6225,12.8778,77.6255,372.6,944.0,944.373,44.5642,Moderate Misalignment,0.8749,0.0442,0.9045,0.0626,0.0023,28.1001,29.6995,77.6768,67.7578,49.3856,31.3349,85.9232,0.5683,38.5636,62.832,No,0.0,0.0108,2.0571,Good,Medium,1.6159,10.0,33.0324,35.1959,Moderate Risk,64.8977,30.3431,47.7376,Moderate Misalignment,53.1729,55.4094,Significant Pedestrian Interaction,Urban,1.7302,True,Commercial,High Pedestrian Interaction | Above Human Tolerance Limit,-0.0117,,False,46.8158,-0.0104,-0.004,Moderate Misalignment,26,Unnamed Road,665
2361,Unnamed Road,Urban Road,URB-02361,2361,12.9719,77.6943,12.9715,77.6942,38.0,944.4,944.438,9.7392,Aligned,0.9635,0.963,0.0274,0.0012,-0.0063,14.5817,21.7193,29.9814,14.7449,24.5917,50.6708,90.22,0.1238,21.7757,24.7802,No,0.0,0.0003,1.0242,Poor,High,2.1098,10.0,10.3795,23.2551,Safe,72.3475,14.542,19.9988,Aligned,13.6813,39.1177,Side Impact Potential,Rural,1.1606,False,Residential,Poor Infrastructure,0.0322,,False,13.6545,-0.0168,-0.0076,Aligned,14,Unnamed Road,666
2362,Unnamed Road,Urban Road,URB-02362,2362,12.949,77.7079,12.9489,77.7091,151.1,944.8,944.951,13.124,Aligned,0.8529,0.8202,0.1723,-0.0099,-0.0094,19.7361,20.3066,51.6392,18.0426,26.8465,50.4066,64.4808,0.0,29.0825,14.5387,No,0.0,-0.0055,0.0057,Good,High,2.5538,10.0,10.2779,23.3702,Safe,71.7367,19.2826,22.0381,Aligned,17.2278,63.5415,Side Impact Potential,Urban,2.0381,False,Residential,Active Congestion | Poor Infrastructure,0.7062,Severe,False,10.0,0.0071,-0.005,Aligned,21,Unnamed Road,667
2363,Unnamed Road,Urban Road,URB-02363,2363,13.0249,77.6598,13.0255,77.6602,106.5,945.2,945.307,31.111,Moderate Misalignment,0.6919,0.2548,0.6919,0.0075,0.0023,49.1155,50.9433,83.4948,11.7527,19.7505,50.1096,91.5044,0.3378,51.9649,5.6524,No,0.0,-0.0104,-0.0363,Good,Low,1.6971,10.0,24.9961,26.4266,Moderate Risk,63.1195,51.6688,32.2043,Moderate Misalignment,62.7452,57.4846,Side Impact Potential,Urban,3.1269,True,Commercial,Poor Infrastructure,0.0321,,False,53.8725,0.0206,0.0006,Moderate Misalignment,50,Unnamed Road,668
2364,Unnamed Road,Urban Road,URB-02364,2364,13.0178,77.5343,13.014,77.5321,520.7,945.6,946.121,29.0119,Moderate Misalignment,0.6393,0.3891,0.6331,0.0059,0.003,78.1825,78.7151,100.0,14.9721,15.1018,81.3208,59.4987,0.2095,59.2289,7.9364,No,0.0,0.0039,0.047,Poor,Medium,0.2365,10.0,10.0,24.4657,Safe,65.195,80.4251,29.6959,Moderate Misalignment,77.2257,39.2704,Separated Traffic,Rural,5.1214,True,Residential,Poor Infrastructure | Above Human Tolerance Limit,0.1304,Light,False,61.4604,0.0022,-0.0053,Moderate Misalignment,79,Unnamed Road,669
2365,Unnamed Road,Urban Road,URB-02365,2365,12.9743,77.7066,12.9743,77.7071,66.6,946.0,946.067,34.2468,Moderate Misalignment,0.8006,0.1708,0.7931,-0.0056,-0.0041,49.7524,50.2641,86.4779,0.0353,29.2388,49.2521,93.7578,0.0905,50.4353,15.2603,No,0.0,-0.0038,0.0138,Good,High,1.8978,10.0,22.762,30.8285,Moderate Risk,58.9,49.6449,34.7175,Moderate Misalignment,61.3056,68.2214,Side Impact Potential,Urban,4.8376,True,Commercial,Poor Infrastructure,-0.0246,,False,56.5229,0.0148,-0.0015,Moderate Misalignment,49,Unnamed Road,670
2366,Unnamed Road,Urban Road,URB-02366,2366,12.9745,77.7037,12.9743,77.7066,306.7,946.4,946.707,18.3096,Aligned,0.7159,0.7927,0.2404,-0.0156,-0.016,81.2012,81.6996,98.6878,1.099,17.9944,82.5261,74.7407,0.0,60.0,7.6374,No,0.0,-0.0019,-0.012,Poor,High,0.3004,10.0,10.0,24.0552,Safe,64.3651,80.8467,24.8806,Moderate Misalignment,85.1398,41.6,Separated Traffic,Rural,7.0962,True,Residential,Poor Infrastructure,0.1576,Light,False,64.2437,-0.0058,0.0078,Aligned,81,Unnamed Road,671
2367,Unnamed Road,Urban Road,URB-02367,2367,12.9725,77.7117,12.972,77.7114,60.3,946.8,946.86,39.5974,Moderate Misalignment,0.9485,0.0622,0.9372,-0.0171,0.0037,52.4414,49.7375,78.7004,23.4167,29.3264,49.5532,96.9429,0.0475,50.1719,14.7175,No,0.0,0.0047,-0.035,Good,Medium,2.6015,10.0,11.3514,26.0985,Moderate Risk,67.2065,49.0032,26.341,Moderate Misalignment,55.5271,67.1929,Side Impact Potential,Urban,5.0488,False,Commercial,Poor Infrastructure,0.0069,,False,48.1024,0.0095,-0.0112,Moderate Misalignment,52,Unnamed Road,672
2368,Unnamed Road,Urban Road,URB-02368,2368,12.9722,77.7113,12.9725,77.7117,49.4,947.2,947.249,10.236,Aligned,0.9867,0.9754,0.0115,-0.0179,0.0058,34.7664,36.0932,51.6052,24.7168,40.8684,50.3911,86.3832,0.245,40.4245,46.5973,No,0.0,-0.0051,0.9823,Good,High,1.5644,10.0,10.2869,27.7904,Moderate Risk,71.8294,35.1067,22.2376,Aligned,36.927,56.6217,Side Impact Potential,Peri-Urban,1.8757,False,Residential,Poor Infrastructure,-0.0019,,False,32.4431,0.0017,0.0129,Aligned,36,Unnamed Road,673
2369,Unnamed Road,Urban Road,URB-02369,2369,12.9802,77.7089,12.9815,77.7085,165.9,947.6,947.766,12.8048,Aligned,0.8862,0.9122,0.0803,0.014,0.0131,70.571,70.6597,100.0,0.9586,14.4068,81.8454,71.408,0.0,59.6862,1.8925,No,0.0,0.0038,0.0061,Poor,Low,0.2595,10.0,10.0,19.7469,Safe,69.8909,70.7902,18.4098,Aligned,72.8836,44.8186,Separated Traffic,Rural,3.8506,True,Mixed,Poor Infrastructure,0.0151,,False,61.5474,-0.0116,-0.0087,Aligned,69,Unnamed Road,674
2370,Unnamed Road,Urban Road,URB-02370,2370,12.9797,77.707,12.9802,77.7089,208.5,948.0,948.208,29.2398,Moderate Misalignment,0.7074,0.3274,0.7508,0.0086,0.0137,49.7053,48.8936,53.3642,7.4892,22.6614,51.5651,96.8398,0.0732,39.4602,17.8454,No,0.0,-0.0025,0.0161,Good,High,1.8595,10.0,23.2167,26.4648,Moderate Risk,63.7921,48.9412,30.528,Moderate Misalignment,50.1295,50.9836,Side Impact Potential,Peri-Urban,4.0434,False,Mixed,Poor Infrastructure,0.0258,,False,45.0098,0.0004,-0.0039,Moderate Misalignment,51,Unnamed Road,675
2371,Unnamed Road,Urban Road,URB-02371,2371,12.9838,77.7064,12.9835,77.7064,35.8,948.4,948.436,32.2526,Moderate Misalignment,0.6984,0.277,0.6902,0.0027,0.0007,49.3668,52.2006,81.9212,10.0209,19.5865,49.9637,93.0958,0.0103,51.8678,5.8562,No,0.0,-0.0142,0.0034,Good,Low,1.6131,10.0,25.0885,25.9119,Moderate Risk,63.9176,49.9725,30.6057,Moderate Misalignment,64.0166,56.326,Side Impact Potential,Urban,3.1648,True,Commercial,Poor Infrastructure,0.0024,,False,54.6889,0.0135,0.0035,Moderate Misalignment,50,Unnamed Road,676
2372,Unnamed Road,Urban Road,URB-02372,2372,12.9843,77.7063,12.9838,77.7064,55.2,948.8,948.855,14.1046,Aligned,0.8908,0.8933,0.0745,0.02,0.0001,40.5218,41.1621,99.6091,0.03,17.8525,79.9271,63.2612,0.3548,60.0,9.0589,No,0.0,-0.0033,-0.0207,Poor,Medium,-0.1112,10.0,10.0,22.2831,Safe,68.4694,41.6525,18.7644,Aligned,43.0906,40.3994,Separated Traffic,Rural,7.954,True,Residential,Poor Infrastructure,-0.0017,,False,36.1064,0.0028,0.0041,Aligned,43,Unnamed Road,677
2373,Unnamed Road,Urban Road,URB-02373,2373,12.9832,77.7065,12.9835,77.7064,31.4,949.2,949.231,38.3693,Moderate Misalignment,0.9045,0.0775,0.8703,0.0085,-0.004,47.2419,50.1405,74.127,26.5304,29.9741,47.5094,98.8056,0.0069,39.5265,20.8071,No,0.0,0.009,0.0154,Good,Low,2.1745,10.0,24.5541,26.6282,Moderate Risk,68.2874,48.112,29.9275,Moderate Misalignment,48.5619,59.6688,Side Impact Potential,Urban,2.9147,False,Residential,Poor Infrastructure,0.1265,Light,False,37.2016,0.0074,0.0135,Moderate Misalignment,48,Unnamed Road,678
2374,Unnamed Road,Urban Road,URB-02374,2374,12.972,77.7114,12.9724,77.7107,94.8,949.6,949.695,12.3182,Aligned,0.9408,0.9175,0.0552,-0.0072,-0.0012,19.3876,20.9193,30.2059,0.8877,19.4207,50.9985,91.7307,0.1837,20.6703,0.0314,No,0.0,0.0055,-0.0589,Good,Medium,3.8864,10.0,10.0,22.1739,Safe,67.4444,18.0764,21.205,Aligned,17.8273,60.1763,Side Impact Potential,Peri-Urban,2.0282,False,Residential,Poor Infrastructure,0.001,,False,16.6777,-0.0012,0.0162,Aligned,19,Unnamed Road,679
2375,Unnamed Road,Urban Road,URB-02375,2375,12.9758,77.7083,12.9776,77.7076,210.6,950.0,950.211,27.6082,Moderate Misalignment,0.6713,0.2942,0.6338,0.0066,-0.0019,66.6984,69.1422,98.0445,13.1157,17.8474,80.3888,52.6156,0.0625,60.0,12.4923,No,0.0,0.0014,0.0755,Poor,High,0.26,10.0,10.0,25.9658,Moderate Risk,62.7386,67.6756,32.5189,Moderate Misalignment,66.5323,41.6677,Separated Traffic,Rural,5.9143,True,Residential,Poor Infrastructure | Above Human Tolerance Limit,0.0106,,False,56.4563,-0.0151,0.0043,Moderate Misalignment,66,Unnamed Road,680
2376,Unnamed Road,Urban Road,URB-02376,2376,12.9776,77.7076,12.9797,77.707,237.1,950.4,950.637,8.9116,Aligned,0.9546,0.9574,0.0244,-0.0083,-0.0018,14.3708,20.3055,31.5396,15.6212,24.6876,49.0993,91.243,0.2865,21.7651,24.2496,No,0.0,0.0031,1.0126,Poor,High,2.1946,10.0,10.0649,23.3494,Safe,71.2568,15.7281,20.256,Aligned,15.9707,38.8494,Side Impact Potential,Rural,1.199,False,Residential,Poor Infrastructure,0.0207,,False,12.8983,-0.0118,-0.0002,Aligned,15,Unnamed Road,681
2377,Unnamed Road,Urban Road,URB-02377,2377,12.9758,77.7083,12.974,77.7089,210.9,950.8,951.011,23.7676,Aligned,0.5438,0.5551,0.4609,0.0174,-0.0055,29.4065,30.5916,54.58,9.4035,23.1601,50.0352,96.3719,0.2403,31.1261,15.1085,No,0.0,0.0045,0.0047,Poor,Medium,2.0648,10.0,10.1354,22.6247,Safe,68.2349,31.3582,20.985,Aligned,33.2296,49.9492,Side Impact Potential,Peri-Urban,3.9505,False,Commercial,Poor Infrastructure,0.008,,False,26.9543,-0.0032,-0.0077,Aligned,31,Unnamed Road,682
2378,Unnamed Road,Urban Road,URB-02378,2378,12.974,77.7089,12.9735,77.7074,171.8,951.2,951.372,12.3822,Aligned,0.9617,0.9691,0.0188,0.0013,-0.0013,34.1006,34.1956,57.8716,22.0467,32.0509,50.7909,86.0154,0.0,39.4083,22.7517,No,0.0,-0.0078,-0.06,Good,Medium,3.1389,10.0,10.0,23.8757,Safe,71.3628,33.477,21.7099,Aligned,36.3598,58.0872,Side Impact Potential,Urban,3.0317,True,Commercial,Poor Infrastructure,-0.0015,,False,29.4022,0.0059,0.0027,Aligned,35,Unnamed Road,683
2379,Unnamed Road,Urban Road,URB-02379,2379,12.974,77.7089,12.9732,77.7093,108.1,951.6,951.708,25.3151,Aligned,0.4997,0.5244,0.4907,0.0143,-0.0131,51.1056,51.0262,76.4997,34.5621,27.4063,47.8988,93.9409,0.5433,40.0192,15.0045,No,0.0,0.0082,-0.0035,Good,High,2.1286,10.0,31.5594,25.4253,Moderate Risk,68.5801,51.9127,31.2469,Moderate Misalignment,52.6952,63.9085,Side Impact Potential,Urban,2.9427,True,Residential,Poor Infrastructure,-0.0368,,False,44.5174,0.0016,0.0051,Aligned,50,Unnamed Road,684
2380,Unnamed Road,Urban Road,URB-02380,2380,12.9797,77.707,12.9805,77.7068,94.3,952.0,952.094,13.7176,Aligned,0.8946,0.8889,0.0861,-0.0023,0.0012,37.2916,35.4096,76.5805,49.1708,46.8463,50.3739,87.0204,0.5197,40.7959,53.5999,No,0.0,-0.005,1.0043,Good,High,1.9726,10.0,10.0667,25.4108,Moderate Risk,75.2594,35.8036,22.9833,Aligned,34.9533,61.6703,Side Impact Potential,Urban,1.9794,True,Mixed,Meets Safe System Standards,0.0073,,False,27.4165,-0.0029,-0.0013,Aligned,37,Unnamed Road,685
2381,Unnamed Road,Urban Road,URB-02381,2381,12.9805,77.7068,12.9823,77.7066,221.4,952.4,952.621,14.2484,Aligned,0.8834,0.9202,0.0957,0.0158,0.0042,31.013,25.8773,53.6203,4.8151,24.3019,50.2713,89.5166,0.4318,28.6755,10.4404,No,0.0,-0.0084,0.0229,Poor,Low,2.1681,10.0,10.125,23.1969,Safe,69.0123,26.5284,21.0715,Aligned,25.9362,58.0835,Side Impact Potential,Peri-Urban,3.125,False,Commercial,Poor Infrastructure,-0.0108,,False,22.5145,0.0137,0.014,Aligned,29,Unnamed Road,686
2382,Unnamed Road,Urban Road,URB-02382,2382,12.9823,77.7066,12.9826,77.7065,32.6,952.8,952.833,8.6487,Aligned,1.0027,1.0297,-0.0286,0.0167,-0.0116,24.3434,22.0714,28.8269,23.5222,22.4928,50.5438,89.6655,0.3966,30.497,14.2213,No,0.0,-0.0009,-0.0255,Poor,Medium,2.368,10.0,10.0061,21.213,Safe,74.222,21.6154,16.3485,Aligned,23.345,51.3168,Side Impact Potential,Peri-Urban,2.171,False,Industrial,Poor Infrastructure,-0.0006,,False,21.3526,0.0086,0.0086,Aligned,21,Unnamed Road,687
2383,Unnamed Road,Urban Road,URB-02383,2383,12.9832,77.7065,12.9829,77.7065,31.7,953.2,953.232,13.3814,Aligned,0.9015,0.8793,0.1057,-0.0066,-0.0115,40.6501,41.1187,70.8455,1.3543,25.1728,50.0849,43.9099,0.3029,49.8522,12.2563,No,0.0,-0.0026,-0.0082,Good,Low,1.8085,10.0,10.0,25.4305,Moderate Risk,67.367,41.2257,20.8249,Aligned,40.185,63.6013,Side Impact Potential,Urban,2.8675,False,Commercial,Active Congestion | Poor Infrastructure,0.6548,Severe,False,14.5441,0.0075,-0.0107,Aligned,39,Unnamed Road,688
2384,Unnamed Road,Urban Road,URB-02384,2384,12.9829,77.7065,12.9826,77.7065,32.4,953.6,953.632,9.3025,Aligned,0.954,0.9714,0.043,0.0071,0.004,33.7978,33.0421,80.713,0.9399,25.9361,49.5832,80.7749,0.0,42.1975,15.0163,No,0.0,-0.0111,-0.0315,Poor,High,1.7127,10.0,10.1721,23.906,Safe,67.5869,34.7286,20.5107,Aligned,33.2464,56.8107,Side Impact Potential,Urban,5.9051,False,Mixed,Poor Infrastructure,0.1763,Light,False,25.7354,0.0055,0.0079,Aligned,34,Unnamed Road,689
2385,Unnamed Road,Urban Road,URB-02385,2385,12.9843,77.7063,12.9844,77.7082,204.7,954.0,954.205,12.2885,Aligned,0.9257,0.9322,0.0308,-0.0075,0.0068,35.7059,35.1486,72.5916,0.0,22.3059,49.3092,36.4401,0.0,52.1738,12.7483,No,0.0,0.006,-0.0306,Poor,Low,1.3794,10.0,10.0739,23.4985,Safe,68.0244,37.9828,19.6919,Aligned,35.4604,52.3318,Side Impact Potential,Peri-Urban,2.9005,False,Industrial,Active Congestion | Poor Infrastructure,0.7966,Severe,False,10.0,0.002,0.0019,Aligned,35,Unnamed Road,690
2386,Unnamed Road,Urban Road,URB-02386,2386,12.9743,77.7071,12.9758,77.7083,285.8,954.4,954.686,32.8568,Moderate Misalignment,0.7849,0.2443,0.7826,-0.0172,-0.0064,45.5322,44.1574,84.7316,23.9629,33.6492,49.6039,88.147,0.0,42.088,26.282,No,0.0,-0.0012,0.942,Good,Low,1.8471,10.0,10.0,26.3718,Moderate Risk,69.0646,44.157,27.6674,Moderate Misalignment,46.1493,61.0701,Side Impact Potential,Urban,5.1772,True,Commercial,Poor Infrastructure,0.1459,Light,False,33.006,0.0031,-0.0088,Moderate Misalignment,44,Unnamed Road,691
2387,Unnamed Road,Urban Road,URB-02387,2387,12.9735,77.7074,12.9743,77.7071,93.6,954.8,954.894,20.645,Aligned,0.6535,0.66,0.3183,0.0154,0.004,39.3706,38.7472,88.5547,19.4397,27.0418,49.3604,87.7422,0.2146,41.13,16.9107,No,0.0,0.0015,0.0289,Good,High,2.073,10.0,10.0,21.4152,Safe,72.0977,37.3177,19.741,Aligned,37.7931,62.0754,Side Impact Potential,Urban,6.0931,True,Mixed,Poor Infrastructure,0.0206,,False,32.4046,0.0127,0.0246,Aligned,36,Unnamed Road,692
2388,Unnamed Road,Urban Road,URB-02388,2388,12.9745,77.7037,12.9735,77.7031,135.5,955.2,955.336,9.3328,Aligned,0.9903,1.0219,-0.0244,0.0026,-0.0017,39.1008,38.7448,58.2143,10.3414,16.6993,69.7351,83.9633,0.4553,59.3197,12.3468,No,0.0,0.0052,0.0335,Poor,High,1.1816,10.0,10.2474,19.9865,Safe,71.3512,36.7145,15.0907,Aligned,41.0321,34.8245,Separated Traffic,Rural,1.9177,True,Residential,Poor Infrastructure,0.2028,Light,False,28.6512,-0.0173,0.0055,Aligned,39,Unnamed Road,693
2389,Unnamed Road,Urban Road,URB-02389,2389,12.9724,77.7107,12.9732,77.7093,171.7,955.6,955.772,37.4433,Moderate Misalignment,0.889,0.1259,0.8888,0.0246,0.0034,79.8483,79.0109,100.0,0.5682,13.8418,79.5738,82.8011,0.9273,60.0,3.8303,No,0.0,-0.0017,-0.0876,Poor,Medium,0.3428,10.0,31.8928,29.8099,Moderate Risk,53.8877,79.9216,43.6994,Moderate Misalignment,106.5828,34.2082,Separated Traffic,Rural,7.1598,True,Residential,Poor Infrastructure,-0.0035,,False,89.7033,0.0114,0.0169,Moderate Misalignment,79,Unnamed Road,694
2390,Unnamed Road,Urban Road,URB-02390,2390,12.9732,77.7093,12.9722,77.7113,243.9,956.0,956.244,40.0507,Moderate Misalignment,0.9394,0.0558,0.9264,-0.0003,0.0022,52.1773,46.7985,83.2605,6.3604,21.9825,50.7069,95.1248,0.0,49.3299,9.9108,No,0.0,0.0065,0.0036,Good,High,1.8032,10.0,18.0983,25.361,Moderate Risk,64.4904,52.8618,27.5664,Moderate Misalignment,58.8915,53.1463,Side Impact Potential,Peri-Urban,4.9531,True,Industrial,Poor Infrastructure,0.0079,,False,47.6411,-0.0094,0.0032,Moderate Misalignment,51,Unnamed Road,695
2391,Unnamed Road,Urban Road,URB-02391,2391,13.0473,77.5759,13.0476,77.5759,33.1,956.4,956.433,11.5304,Aligned,0.9194,0.9261,0.0545,0.0007,-0.0041,25.7964,25.2692,27.587,5.7836,20.4912,51.1296,90.5812,0.0888,32.0815,12.4516,No,0.0,0.0122,0.0164,Poor,Low,1.1854,10.0,10.1982,22.6158,Safe,70.0398,24.8107,20.0417,Aligned,25.3816,46.0865,Side Impact Potential,Rural,0.9166,False,Residential,Poor Infrastructure,0.0042,,False,23.9711,0.0006,-0.0056,Aligned,25,Unnamed Road,696