segment_id,road_name,road_type,human_segment_id,internal_id,start_lat,start_lon,end_lat,end_lon,length_m,start_km,end_km,road_risk_score,ai_risk_label,ai_risk_probability,prob_low_risk,prob_medium_risk,prob_high_risk,prob_critical_risk,ai_recommended_speed,recommended_safe_speed,road_function_score,infrastructure_score,exposure_score,human_tolerance_limit,operating_speed_score,crash_risk_score,posted_speed_limit,pedestrian_exposure_score,blackspot_flag,crash_count,fatal_crashes,schools_count,lighting_quality,roadside_hazards,intersection_density,speed_compliance_rate,speed_violation_score,hotspot_score,hotspot_category,speed_safety_score,original_safe_speed,misalignment_score,misalignment_category,speed_p85,ptw_share_pct,exposure_tier,urban_rural_flag,lane_count,median_presence,land_use_type,top_ai_factors,congestion_index,congestion_category,congestion_smoothed,operating_speed_mean,minor_crashes,major_crashes,risk_category,final_safe_speed,corridor_base,corridor_seq
2392,Unnamed Road,Urban Road,URB-02392,2392,13.0475,77.5786,13.0473,77.5764,250.3,956.8,957.05,39.5529,Moderate Misalignment,0.8962,0.0642,0.9049,0.0756,-0.0024,50.6121,45.9834,99.5309,54.6298,41.0822,50.2271,72.2511,0.2057,60.0,41.2652,No,0.0,-0.0013,0.9646,Poor,Medium,0.5557,10.0,10.0982,28.1747,Moderate Risk,70.9968,47.9119,32.7442,Moderate Misalignment,48.866,62.7905,Side Impact Potential,Urban,4.9207,True,Commercial,Above Human Tolerance Limit,0.0057,,False,40.682,-0.0158,0.0115,Moderate Misalignment,49,Unnamed Road,697
2393,Unnamed Road,Urban Road,URB-02393,2393,13.0473,77.5764,13.0473,77.5759,56.1,957.2,957.256,12.4836,Aligned,0.9806,0.9669,0.0285,0.0011,-0.0011,24.5932,25.4459,78.3818,32.8061,35.6809,51.0753,68.0647,0.1268,40.8424,34.1463,No,0.0,-0.004,1.034,Good,High,2.015,10.0,10.0695,23.6007,Safe,73.2719,25.505,20.8253,Aligned,27.547,53.9827,Side Impact Potential,Urban,5.2047,False,Residential,Poor Infrastructure,0.1507,Light,False,19.8859,0.0047,0.0012,Aligned,26,Unnamed Road,698
2394,Unnamed Road,Urban Road,URB-02394,2394,13.0473,77.5759,13.0472,77.5735,264.0,957.6,957.864,37.5135,Moderate Misalignment,0.9069,0.105,0.8802,0.0194,0.001,57.6329,57.5942,91.3789,39.8176,30.088,69.6533,98.6044,0.057,59.1185,20.9178,No,0.0,0.0046,-0.0379,Poor,Medium,1.3475,10.0,14.1365,23.5012,Safe,72.0832,55.0795,24.8701,Moderate Misalignment,53.5946,59.6629,Separated Traffic,Peri-Urban,6.0326,True,Residential,Meets Safe System Standards,0.0079,,False,47.4542,0.005,-0.0058,Moderate Misalignment,56,Unnamed Road,699
2395,Unnamed Road,Urban Road,URB-02395,2395,13.0429,77.5866,13.046,77.581,723.1,958.0,958.723,10.3577,Aligned,0.9779,1.0173,0.0151,-0.0028,-0.0069,39.3886,40.5743,29.9076,11.5712,18.6781,50.8854,93.7721,0.3469,39.7373,5.8484,No,0.0,-0.0025,-0.0315,Poor,High,2.6758,10.0,34.0381,24.7739,Moderate Risk,65.2146,39.7604,26.4727,Moderate Misalignment,38.6097,53.9904,Side Impact Potential,Peri-Urban,1.7883,False,Mixed,Poor Infrastructure,0.0023,,False,34.913,0.001,-0.0007,Aligned,40,Unnamed Road,700
2396,Unnamed Road,Urban Road,URB-02396,2396,13.046,77.581,13.0475,77.5786,305.3,958.4,958.705,14.2329,Aligned,0.8676,0.8202,0.1327,-0.0089,-0.0062,49.7248,48.6039,77.0691,18.2428,23.5222,50.6575,90.9336,0.3534,52.3056,9.0923,No,0.0,0.006,-0.035,Good,Medium,2.2687,10.0,24.6031,26.1193,Moderate Risk,64.3901,48.1271,33.9528,Moderate Misalignment,59.8015,66.5551,Side Impact Potential,Urban,4.9914,False,Residential,Poor Infrastructure,-0.0047,,False,57.1717,0.0084,-0.0083,Aligned,50,Unnamed Road,701
2397,Unnamed Road,Urban Road,URB-02397,2397,12.9107,77.5725,12.9109,77.5728,41.7,958.8,958.842,39.6266,Moderate Misalignment,0.9759,0.0067,0.9874,0.0168,-0.0128,78.2989,78.6793,98.0282,0.4971,13.5019,80.2115,10.0,0.159,59.092,0.6879,No,0.0,0.0036,0.0535,Poor,Low,0.0912,10.0,10.2963,28.7247,Moderate Risk,57.2087,80.3524,39.2688,Moderate Misalignment,94.6258,45.9512,Separated Traffic,Rural,7.0042,True,Residential,Active Congestion | Poor Infrastructure | Above Human Tolerance Limit,0.7721,Severe,False,23.5831,-0.0091,-0.0058,Moderate Misalignment,80,Unnamed Road,702
2398,Unnamed Road,Urban Road,URB-02398,2398,12.9107,77.5725,12.9104,77.5722,43.3,959.2,959.243,9.1415,Aligned,0.9857,1.0163,0.005,-0.0003,-0.0009,18.7569,20.3206,31.1036,0.6569,19.9375,48.6974,84.0441,0.0,29.6097,4.1628,No,0.0,0.0033,0.0256,Poor,Low,3.4745,10.0,10.3037,23.5872,Safe,67.9547,17.646,20.9847,Aligned,17.2273,58.8706,Side Impact Potential,Peri-Urban,2.0465,False,Commercial,Poor Infrastructure,-0.0044,,False,18.2093,-0.0089,-0.001,Aligned,21,Unnamed Road,703
2399,Unnamed Road,Urban Road,URB-02399,2399,12.9095,77.5714,12.9095,77.5724,104.6,959.6,959.705,10.003,Aligned,0.9767,1.0082,0.076,0.0024,-0.0005,27.2882,30.3156,71.4121,54.2183,37.7553,50.5283,76.6696,0.0908,40.2435,32.774,No,0.0,0.0018,-0.0659,Good,Low,1.6311,10.0,10.0,20.816,Safe,80.4978,26.4918,18.5973,Aligned,29.0552,64.382,Side Impact Potential,Urban,1.6825,False,Mixed,Meets Safe System Standards,0.0079,,False,24.9348,0.0174,-0.0041,Aligned,30,Unnamed Road,704
2400,Unnamed Road,Urban Road,URB-02400,2400,12.9093,77.5709,12.9095,77.5714,65.3,960.0,960.065,15.6577,Aligned,0.8131,0.8576,0.1951,-0.004,0.0004,38.1693,36.3143,81.9126,19.9655,23.4413,49.5096,88.6931,0.0,37.9067,10.7101,No,0.0,0.0058,-0.0103,Good,Low,1.8147,10.0,10.0912,21.2223,Safe,72.9059,32.9365,18.5432,Aligned,37.644,62.2244,Side Impact Potential,Urban,4.1171,True,Residential,Poor Infrastructure,0.0239,,False,34.0831,-0.0085,0.0043,Aligned,36,Unnamed Road,705
2401,Unnamed Road,Urban Road,URB-02401,2401,12.9093,77.5709,12.9094,77.5698,128.1,960.4,960.528,14.6295,Aligned,0.8784,0.8987,0.1446,0.0035,-0.0124,46.4447,47.4973,82.1955,30.0005,30.622,51.31,89.9555,0.522,49.1488,29.5565,No,0.0,-0.0014,0.9489,Good,Low,1.5928,10.0,10.0,22.9339,Safe,74.9665,46.6709,19.2891,Aligned,47.38,50.7098,Side Impact Potential,Peri-Urban,3.9632,True,Residential,Poor Infrastructure,-0.0128,,False,44.3722,0.007,0.0001,Aligned,49,Unnamed Road,706
2402,Unnamed Road,Urban Road,URB-02402,2402,12.9093,77.5709,12.9099,77.5716,107.3,960.8,960.907,24.223,Aligned,0.5032,0.5272,0.4703,0.0024,0.0137,41.9797,43.0229,83.9199,11.5397,27.5225,50.7626,95.7297,0.0,39.2956,12.5897,No,0.0,0.0093,0.0118,Good,High,1.4957,10.0,10.0,25.3584,Moderate Risk,68.9606,41.3221,22.6114,Aligned,43.1384,66.1925,Side Impact Potential,Urban,6.2259,False,Residential,Poor Infrastructure,-0.0033,,False,34.5386,-0.0027,0.0018,Aligned,42,Unnamed Road,707
2403,Unnamed Road,Urban Road,URB-02403,2403,12.9093,77.5709,12.909,77.5706,44.1,961.2,961.244,29.5287,Moderate Misalignment,0.657,0.2765,0.6609,0.0075,0.0072,37.1561,38.4869,51.8512,0.5868,14.0404,50.2194,100.0,0.0,59.6042,1.7526,No,0.0,-0.0025,-0.0675,Good,Low,1.4747,10.0,22.5597,23.3605,Safe,66.2178,37.464,25.2142,Moderate Misalignment,37.3293,47.4492,Side Impact Potential,Rural,2.9164,False,Industrial,Poor Infrastructure,0.195,Light,False,27.4767,0.0109,-0.0094,Moderate Misalignment,37,Unnamed Road,708
2404,Unnamed Road,Urban Road,URB-02404,2404,12.9099,77.5716,12.9102,77.572,49.1,961.6,961.649,41.0663,Moderate Misalignment,0.8572,0.0529,0.889,0.0669,-0.0082,30.5791,29.4235,76.5129,26.2207,41.022,28.0925,68.4863,0.141,51.9658,43.2481,No,0.0,-0.0105,1.0386,Good,Low,1.5515,10.0,10.0,37.7528,Moderate Risk,56.4686,27.9588,48.9245,Moderate Misalignment,41.0082,59.7447,Significant Pedestrian Interaction,Urban,3.0312,True,Residential,High Pedestrian Interaction | Poor Infrastructure | Above Human Tolerance Limit,0.2408,Light,False,28.0376,0.0106,-0.0115,Moderate Misalignment,30,Unnamed Road,709
2405,Unnamed Road,Urban Road,URB-02405,2405,12.9087,77.5703,12.909,77.5706,58.3,962.0,962.058,12.0186,Aligned,0.9845,0.9592,0.0413,0.0199,0.0102,20.1486,22.2932,55.2924,0.0,19.8226,48.4717,84.4935,0.6284,28.3178,1.5609,No,0.0,0.0016,0.0454,Poor,Medium,2.2509,10.0,10.0,22.9462,Safe,67.3175,21.1724,19.8782,Aligned,16.1198,62.2619,Side Impact Potential,Peri-Urban,4.0013,False,Commercial,Poor Infrastructure,0.0235,,False,17.589,0.0049,-0.0135,Aligned,21,Unnamed Road,710
2406,Unnamed Road,Urban Road,URB-02406,2406,12.9102,77.572,12.9104,77.5722,35.6,962.4,962.436,11.9846,Aligned,0.984,0.9679,-0.0047,-0.0062,0.0033,28.1761,27.4906,49.9408,51.6189,32.1628,50.225,70.391,0.0854,42.2236,24.4258,No,0.0,0.0042,-0.0474,Good,Medium,3.1013,10.0,10.0,19.3288,Safe,80.4469,27.7366,18.6439,Aligned,26.1253,65.482,Side Impact Potential,Urban,3.1634,False,Residential,Meets Safe System Standards,0.1516,Light,False,22.125,-0.0017,-0.0058,Aligned,31,Unnamed Road,711
2407,Unnamed Road,Urban Road,URB-02407,2407,12.9095,77.5724,12.9095,77.5729,52.2,962.8,962.852,44.5912,Moderate Misalignment,0.8361,0.037,0.792,0.1543,-0.0094,33.1759,31.4481,79.6806,50.4282,51.8908,28.9774,95.7654,0.6674,38.7431,61.3041,No,0.0,0.0039,1.0191,Good,High,1.606,10.0,15.6809,35.6205,Moderate Risk,64.1504,27.8603,41.7611,Moderate Misalignment,44.5731,68.6067,Significant Pedestrian Interaction,Urban,1.9025,True,Residential,High Pedestrian Interaction | Above Human Tolerance Limit,0.0183,,False,39.8022,-0.0036,-0.0058,Moderate Misalignment,31,Unnamed Road,712
2408,Unnamed Road,Urban Road,URB-02408,2408,12.9508,77.6256,12.9506,77.6255,24.5,963.2,963.225,24.8323,Moderate Misalignment,0.5666,0.4048,0.6004,0.0308,-0.0023,43.2942,42.5555,76.6255,35.7966,34.4049,52.1803,99.8495,0.0186,39.7994,28.7381,No,0.0,-0.0069,-0.0543,Good,Medium,1.8249,10.0,10.4256,24.4789,Safe,71.8507,42.551,24.1056,Aligned,45.1898,56.9961,Side Impact Potential,Urban,5.8876,False,Mixed,Meets Safe System Standards,0.0065,,False,39.7776,-0.0058,0.0017,Moderate Misalignment,43,Unnamed Road,713
2409,Unnamed Road,Urban Road,URB-02409,2409,12.9508,77.6256,12.9515,77.6257,86.0,963.6,963.686,11.3,Aligned,0.9774,1.0281,0.034,-0.0104,-0.0045,21.4291,22.2505,47.9553,42.6363,37.1221,49.9992,80.114,0.078,39.6995,33.0361,No,0.0,-0.0107,1.0582,Poor,High,2.9358,10.0,10.3353,22.2477,Safe,76.6828,19.7702,19.3647,Aligned,21.1113,58.9762,Side Impact Potential,Urban,1.9507,False,Industrial,Meets Safe System Standards,0.1405,Light,False,18.7259,0.0089,0.0103,Aligned,21,Unnamed Road,714
2410,Unnamed Road,Urban Road,URB-02410,2410,12.9504,77.6254,12.9506,77.6255,27.4,964.0,964.027,44.9764,Moderate Misalignment,0.8338,-0.0259,0.8393,0.1791,0.0083,29.3931,30.4752,78.0884,50.6135,51.9533,29.7084,99.6189,0.0,41.3777,59.1761,No,0.0,-0.0096,0.9708,Good,High,1.8058,10.0,16.4486,35.7223,Moderate Risk,64.5703,30.3261,43.8619,Moderate Misalignment,46.4534,69.1597,Significant Pedestrian Interaction,Urban,1.9437,True,Residential,High Pedestrian Interaction | Above Human Tolerance Limit,-0.0111,,False,37.5312,-0.0046,0.0006,Moderate Misalignment,31,Unnamed Road,715
2411,Unnamed Road,Urban Road,URB-02411,2411,12.9545,77.6211,12.9545,77.6207,53.6,964.4,964.454,28.2029,Moderate Misalignment,0.4978,0.4536,0.5383,0.0317,-0.0016,80.524,80.358,96.7318,1.8594,12.5454,79.5676,81.2433,0.0,60.0,2.8685,No,0.0,0.0014,0.0679,Poor,Low,0.0855,10.0,10.0,25.1733,Moderate Risk,62.852,78.6459,31.1716,Moderate Misalignment,84.5917,41.1102,Separated Traffic,Rural,4.0147,True,Residential,Poor Infrastructure | Above Human Tolerance Limit,0.0078,,False,76.7979,-0.0002,-0.0037,Moderate Misalignment,82,Unnamed Road,716
2412,Unnamed Road,Urban Road,URB-02412,2412,12.9521,77.6258,12.9519,77.6258,30.7,964.8,964.831,38.2328,Moderate Misalignment,0.861,0.1145,0.8345,0.0197,-0.002,77.2542,79.7537,99.1993,0.0594,11.9996,80.5415,82.7938,0.0,60.0,3.8122,No,0.0,0.0008,-0.0286,Poor,Medium,0.0611,10.0,31.6983,30.3515,Moderate Risk,54.2618,80.485,43.492,Moderate Misalignment,106.0849,32.2305,Separated Traffic,Rural,6.8176,True,Residential,Poor Infrastructure,-0.0108,,False,92.2219,-0.0099,0.0005,Moderate Misalignment,80,Unnamed Road,717
2413,Unnamed Road,Urban Road,URB-02413,2413,12.9521,77.6258,12.9537,77.6248,208.5,965.2,965.409,9.2825,Aligned,0.9598,0.9867,0.014,0.0183,-0.0015,35.3426,35.1275,71.5993,24.4137,25.8133,49.7684,85.9649,0.0635,38.8668,16.3071,No,0.0,-0.0036,0.0438,Good,Medium,1.6957,10.0,10.3395,21.4944,Safe,73.6194,35.2794,17.5222,Aligned,37.3563,65.5714,Side Impact Potential,Urban,1.9135,False,Commercial,Poor Infrastructure,-0.0067,,False,29.8756,-0.0067,-0.0036,Aligned,34,Unnamed Road,718
2414,Unnamed Road,Urban Road,URB-02414,2414,12.9519,77.6258,12.9515,77.6257,37.8,965.6,965.638,59.7602,High Misalignment,0.5629,0.0301,0.4492,0.5669,0.006,49.404,50.5793,99.7715,0.0,15.8406,50.0814,80.8002,0.2357,59.4789,9.5604,No,0.0,0.0007,-0.0583,Poor,High,0.1337,10.0,10.0,26.2972,Moderate Risk,60.8282,50.4589,31.8822,Moderate Misalignment,56.848,39.6893,Side Impact Potential,Rural,6.2317,False,Commercial,Poor Infrastructure | Above Human Tolerance Limit,-0.0137,,False,45.2556,0.0178,0.0031,High Misalignment,50,Unnamed Road,719
2415,Unnamed Road,Urban Road,URB-02415,2415,12.9537,77.6248,12.9538,77.6246,23.9,966.0,966.024,11.7889,Aligned,0.9229,0.9497,0.0691,-0.0106,0.0018,40.2863,39.8007,97.8219,12.1389,15.5554,77.9923,26.4019,0.1566,59.1743,8.2452,No,0.0,0.0026,-0.0054,Poor,Low,0.0643,10.0,10.2853,19.1981,Safe,73.7378,37.9628,16.397,Aligned,35.9776,34.8488,Separated Traffic,Rural,7.2097,True,Industrial,Active Congestion | Poor Infrastructure,0.7376,Severe,False,10.9319,-0.0257,-0.0049,Aligned,40,Unnamed Road,720
2416,Unnamed Road,Urban Road,URB-02416,2416,12.954,77.6238,12.9541,77.623,84.2,966.4,966.484,14.5227,Aligned,0.8302,0.817,0.1378,-0.0074,-0.0035,49.9958,51.5212,98.4652,0.0,17.3034,77.5337,58.0115,0.2881,60.0,8.117,No,0.0,-0.0071,-0.0282,Poor,Medium,0.2664,10.0,10.2675,22.473,Safe,67.9801,51.7748,17.9798,Aligned,47.6923,43.2661,Separated Traffic,Rural,6.0477,True,Industrial,Poor Infrastructure,-0.0104,,False,40.952,0.0084,-0.0135,Aligned,51,Unnamed Road,721
2417,Unnamed Road,Urban Road,URB-02417,2417,12.954,77.6238,12.9537,77.6237,39.6,966.8,966.84,11.6467,Aligned,0.9151,0.9689,0.0716,-0.0043,-0.0055,39.3937,39.2003,97.9688,13.9454,15.3759,79.4632,24.1757,0.2283,58.7692,8.3563,No,0.0,0.0113,0.0034,Poor,Low,0.1474,10.0,10.0452,18.9414,Safe,73.1753,38.5183,16.3085,Aligned,39.4643,35.2678,Separated Traffic,Rural,7.1604,True,Industrial,Active Congestion | Poor Infrastructure,0.7541,Severe,False,11.2279,-0.017,0.003,Aligned,40,Unnamed Road,722
2418,Unnamed Road,Urban Road,URB-02418,2418,12.954,77.6238,12.9538,77.6246,91.0,967.2,967.291,20.408,Aligned,0.6256,0.6608,0.3608,0.0316,0.0031,68.8671,65.9032,100.0,19.5524,21.4286,80.2083,54.7969,0.5795,60.0,10.5576,No,0.0,-0.0025,0.0292,Poor,High,0.5596,10.0,10.0,26.1581,Moderate Risk,65.9037,67.0048,31.048,Moderate Misalignment,66.4876,57.3683,Separated Traffic,Urban,7.1724,True,Commercial,Poor Infrastructure | Above Human Tolerance Limit,-0.0107,,False,61.3506,0.022,0.0006,Aligned,69,Unnamed Road,723
2419,Unnamed Road,Urban Road,URB-02419,2419,12.9541,77.623,12.9543,77.6222,90.6,967.6,967.691,8.8604,Aligned,1.0029,0.9913,0.0144,0.0087,0.0065,25.8985,25.8864,27.9826,28.6039,25.9453,50.6369,87.9389,0.0,30.1327,21.1065,No,0.0,0.0001,1.0115,Poor,Low,2.7014,10.0,10.0,20.3759,Safe,74.6663,23.4108,18.0759,Aligned,23.4566,49.6549,Side Impact Potential,Peri-Urban,1.9376,False,Industrial,Poor Infrastructure,0.0194,,False,19.3627,0.0033,-0.0077,Aligned,25,Unnamed Road,724
2420,Unnamed Road,Urban Road,URB-02420,2420,12.9533,77.6236,12.9537,77.6237,38.8,968.0,968.039,16.2754,Aligned,0.8837,0.8885,0.1022,0.0279,0.0084,63.7929,62.4605,98.6394,3.1895,14.9041,79.9361,59.5742,0.1809,60.0,9.1811,No,0.0,0.0035,0.0195,Poor,High,0.3355,10.0,10.0,19.9463,Safe,71.8838,60.4051,17.1685,Aligned,60.728,34.0667,Separated Traffic,Rural,4.8211,True,Residential,Poor Infrastructure,0.0194,,False,53.1915,0.0011,-0.0042,Aligned,63,Unnamed Road,725
2421,Unnamed Road,Urban Road,URB-02421,2421,12.9509,77.6231,12.9512,77.6232,32.7,968.4,968.433,26.6758,Moderate Misalignment,0.6318,0.3246,0.6167,-0.0085,-0.0018,51.9711,50.1803,73.0525,5.1786,21.318,48.7318,95.0841,0.0,39.6683,3.9712,No,0.0,-0.006,-0.0394,Poor,Medium,1.2971,10.0,24.4327,26.3005,Moderate Risk,64.6349,52.7459,29.7882,Moderate Misalignment,50.8145,61.1156,Side Impact Potential,Urban,4.1146,False,Mixed,Poor Infrastructure,0.1942,Light,False,36.9093,0.0024,-0.0059,Moderate Misalignment,51,Unnamed Road,726
2422,Unnamed Road,Urban Road,URB-02422,2422,12.9515,77.6233,12.9512,77.6232,36.4,968.8,968.836,42.2269,Moderate Misalignment,0.4837,0.2284,0.462,0.2884,-0.0001,78.7456,79.3327,100.0,1.9775,14.921,81.5022,87.4307,0.369,60.0,4.9846,No,0.0,0.0008,0.0141,Poor,Low,-0.0221,10.0,12.2531,31.0441,Moderate Risk,54.1871,79.7317,42.7319,Moderate Misalignment,102.588,47.6262,Separated Traffic,Rural,3.8057,True,Residential,Poor Infrastructure | Above Human Tolerance Limit,-0.0129,,False,78.3613,-0.0028,0.0064,Moderate Misalignment,79,Unnamed Road,727
2423,Unnamed Road,Urban Road,URB-02423,2423,12.9526,77.6235,12.9522,77.6234,45.0,969.2,969.245,38.7674,Aligned,0.3866,0.3917,0.3123,0.302,0.0022,54.9747,56.3432,99.3488,0.0,16.7813,78.6124,44.8926,0.2439,60.0,9.3174,No,0.0,-0.0033,-0.0323,Poor,Low,0.3244,10.0,10.0,21.6833,Safe,68.6562,56.6194,17.4651,Aligned,58.1086,39.2451,Separated Traffic,Rural,8.1048,True,Industrial,Poor Infrastructure,0.1446,Light,False,42.389,-0.0022,0.0039,Aligned,58,Unnamed Road,728
2424,Unnamed Road,Urban Road,URB-02424,2424,12.9526,77.6235,12.9529,77.6236,38.5,969.6,969.639,98.7037,Critical Misalignment,0.9735,0.0046,-0.0336,0.0115,0.9843,51.6696,49.4546,98.216,1.9509,17.245,50.9917,85.4885,0.6208,60.0,9.0375,No,0.0,0.0044,0.0637,Poor,Medium,-0.0259,10.0,12.3574,47.5911,Moderate Risk,30.6653,51.75,81.314,Critical Misalignment,100.1902,36.3158,Side Impact Potential,Rural,4.1971,False,Residential,Speed Limit Misaligned | Poor Infrastructure | Above Human Tolerance Limit,-0.0185,,False,83.9622,0.0169,0.0017,Critical Misalignment,52,Unnamed Road,729
2425,Unnamed Road,Urban Road,URB-02425,2425,12.9522,77.6234,12.9515,77.6233,77.1,970.0,970.077,10.2555,Aligned,0.972,0.9949,0.0221,0.0138,-0.003,20.8602,21.547,48.9201,38.9486,35.883,48.6965,79.9594,0.0,30.396,32.5692,No,0.0,-0.01,0.9661,Poor,High,3.0979,10.0,10.0,22.5955,Safe,76.4184,21.3499,19.3833,Aligned,19.7998,59.2165,Side Impact Potential,Urban,2.1287,False,Industrial,Meets Safe System Standards,0.1779,Light,False,16.5458,0.0044,-0.0008,Aligned,21,Unnamed Road,730
2426,Unnamed Road,Urban Road,URB-02426,2426,12.9533,77.6236,12.9529,77.6236,42.3,970.4,970.442,20.5493,Aligned,0.6144,0.5893,0.3589,0.0299,0.0005,48.7812,47.0095,86.0608,25.6334,33.8227,49.9648,89.6684,0.1474,50.2503,24.5123,No,0.0,-0.0038,-0.0116,Good,High,1.7903,10.0,10.8079,24.7101,Safe,71.8747,47.399,21.9793,Aligned,46.7918,66.3102,Side Impact Potential,Urban,5.8812,True,Residential,Poor Infrastructure,0.0024,,False,44.5261,0.0087,0.0014,Aligned,50,Unnamed Road,731
2427,Unnamed Road,Urban Road,URB-02427,2427,12.9543,77.6222,12.9543,77.622,28.2,970.8,970.828,10.5762,Aligned,0.9901,0.9858,0.0578,0.0184,0.0015,12.3745,21.0095,29.3797,21.2286,28.6831,49.1442,86.8985,0.2429,20.0181,16.8524,No,0.0,-0.0038,-0.0011,Poor,High,1.9064,10.0,10.0,22.7482,Safe,72.6316,14.5312,20.1379,Aligned,13.9258,57.862,Side Impact Potential,Peri-Urban,0.7907,False,Residential,Poor Infrastructure,-0.0041,,False,10.0,0.0005,-0.0042,Aligned,14,Unnamed Road,732
2428,Unnamed Road,Urban Road,URB-02428,2428,12.9543,77.622,12.9544,77.6215,47.1,971.2,971.247,12.2716,Aligned,0.954,0.9756,0.0646,-0.0425,0.0073,38.9659,35.1146,52.4521,56.2039,35.4876,49.8287,85.3368,20.3693,38.2957,30.2801,No,0.0,0.0001,0.0483,Good,High,2.7766,10.0,10.1017,25.3702,Moderate Risk,76.0942,37.4606,18.0266,Aligned,38.1613,60.7818,Side Impact Potential,Urban,3.196,False,Commercial,Meets Safe System Standards,0.1567,Light,False,29.675,0.0088,0.9977,Aligned,39,Unnamed Road,733
2429,Unnamed Road,Urban Road,URB-02429,2429,12.9544,77.6215,12.9545,77.6211,43.5,971.6,971.644,9.8462,Aligned,0.9964,1.0205,0.0019,-0.0081,-0.0037,38.3771,37.9629,56.5355,10.0751,15.4578,70.2484,81.5328,0.0,60.0,12.3323,No,0.0,-0.0027,-0.0001,Poor,High,1.1706,10.0,10.2591,20.8403,Safe,71.0416,38.8683,16.3337,Aligned,40.4859,34.4328,Separated Traffic,Rural,1.8886,True,Residential,Poor Infrastructure,0.1891,Light,False,28.4034,-0.0039,0.0074,Aligned,39,Unnamed Road,734
2430,Unnamed Road,Urban Road,URB-02430,2430,12.9099,77.5273,12.9103,77.5274,48.8,972.0,972.049,16.5508,Aligned,0.854,0.8472,0.1108,0.0163,-0.0084,55.4968,57.5974,100.0,19.7868,21.116,79.8314,76.4085,0.0,59.4368,13.8232,No,0.0,-0.005,0.0025,Poor,High,0.1916,10.0,10.0773,21.2831,Safe,72.9451,53.7632,18.7464,Aligned,56.9668,50.1063,Separated Traffic,Peri-Urban,3.9668,True,Residential,Poor Infrastructure,0.1252,Light,False,44.9404,-0.0143,0.0131,Aligned,57,Unnamed Road,735
2431,Unnamed Road,Urban Road,URB-02431,2431,12.9099,77.5273,12.9094,77.5272,49.1,972.4,972.449,9.0302,Aligned,0.9721,0.9725,-0.0146,0.0077,-0.0022,28.539,25.9587,29.3201,21.6001,18.1925,50.9411,87.5172,0.168,29.0447,6.8267,No,0.0,-0.0048,-0.0239,Poor,Low,0.8439,10.0,10.1224,18.378,Safe,74.5433,25.5985,16.0413,Aligned,26.2688,44.6399,Side Impact Potential,Rural,1.11,False,Residential,Poor Infrastructure,0.0009,,False,21.9304,0.0169,-0.0065,Aligned,27,Unnamed Road,736
2432,Unnamed Road,Urban Road,URB-02432,2432,12.9103,77.5274,12.9107,77.5275,42.3,972.8,972.842,10.1062,Aligned,0.9635,0.9861,0.0894,0.0092,0.0003,31.2224,33.1169,72.6038,0.123,24.5138,47.63,71.961,0.4521,51.2579,14.6882,No,0.0,-0.0078,-0.0388,Poor,Medium,1.5828,10.0,10.1446,24.783,Safe,66.8604,34.4219,19.9015,Aligned,34.3105,56.7557,Side Impact Potential,Peri-Urban,4.0637,False,Residential,Poor Infrastructure,-0.0255,,False,32.691,0.0146,0.0015,Aligned,33,Unnamed Road,737
2433,Unnamed Road,Urban Road,URB-02433,2433,12.911,77.5276,12.9107,77.5275,42.5,973.2,973.243,33.6321,Moderate Misalignment,0.7717,0.2672,0.7694,0.0316,0.013,57.3395,58.8441,79.2526,10.2811,19.5543,69.7196,94.795,0.3268,50.7181,5.7758,No,0.0,0.0095,0.0187,Good,High,1.5228,10.0,17.4268,24.2795,Safe,66.1155,57.9525,27.2666,Moderate Misalignment,58.1971,54.845,Separated Traffic,Urban,2.1078,True,Mixed,Poor Infrastructure,0.1198,Light,False,44.2652,-0.0008,-0.0189,Moderate Misalignment,57,Unnamed Road,738
2434,Unnamed Road,Urban Road,URB-02434,2434,12.911,77.5276,12.9115,77.5277,51.4,973.6,973.651,15.6802,Aligned,0.9106,0.9313,0.1472,-0.0009,0.0058,39.6674,40.5059,50.6254,19.859,30.4845,48.8622,90.4607,0.1789,41.3619,21.5705,No,0.0,0.0059,-0.015,Poor,Low,1.5084,10.0,10.0,22.7722,Safe,70.8208,40.9595,22.6186,Aligned,36.8562,59.6581,Side Impact Potential,Peri-Urban,3.0806,False,Residential,Poor Infrastructure,0.0019,,False,30.7944,-0.0011,0.0162,Aligned,40,Unnamed Road,739
2435,Unnamed Road,Urban Road,URB-02435,2435,12.912,77.5279,12.9115,77.5277,53.3,974.0,974.053,23.4098,Aligned,0.7312,0.7028,0.1386,0.1732,0.003,60.5335,58.3255,97.8118,9.1897,19.5576,81.4134,79.8899,0.0,60.0,5.8429,No,0.0,0.0,-0.0279,Good,Low,0.2931,10.0,10.3439,21.158,Safe,70.5743,61.1105,17.9972,Aligned,59.9344,56.2712,Separated Traffic,Peri-Urban,7.399,True,Residential,Poor Infrastructure,-0.013,,False,48.8055,-0.0039,0.0063,Aligned,59,Unnamed Road,740