segment_id,road_name,road_type,human_segment_id,internal_id,start_lat,start_lon,end_lat,end_lon,length_m,start_km,end_km,road_risk_score,ai_risk_label,ai_risk_probability,prob_low_risk,prob_medium_risk,prob_high_risk,prob_critical_risk,ai_recommended_speed,recommended_safe_speed,road_function_score,infrastructure_score,exposure_score,human_tolerance_limit,operating_speed_score,crash_risk_score,posted_speed_limit,pedestrian_exposure_score,blackspot_flag,crash_count,fatal_crashes,schools_count,lighting_quality,roadside_hazards,intersection_density,speed_compliance_rate,speed_violation_score,hotspot_score,hotspot_category,speed_safety_score,original_safe_speed,misalignment_score,misalignment_category,speed_p85,ptw_share_pct,exposure_tier,urban_rural_flag,lane_count,median_presence,land_use_type,top_ai_factors,congestion_index,congestion_category,congestion_smoothed,operating_speed_mean,minor_crashes,major_crashes,risk_category,final_safe_speed,corridor_base,corridor_seq
2436,Unnamed Road,Urban Road,URB-02436,2436,12.9081,77.5272,12.9094,77.5272,157.7,974.4,974.558,34.7923,Moderate Misalignment,0.8472,0.0875,0.8208,-0.0085,-0.0048,30.9866,27.1415,50.8413,38.252,44.558,30.7965,95.8216,0.1634,33.4603,50.3182,No,0.0,-0.0027,2.0214,Poor,Low,2.5615,10.0,25.5348,29.4733,Moderate Risk,69.0713,31.2275,30.2589,Moderate Misalignment,36.9926,57.4779,Significant Pedestrian Interaction,Urban,3.1509,False,Mixed,High Pedestrian Interaction,-0.0014,,False,35.2597,-0.0078,-0.003,Moderate Misalignment,30,Unnamed Road,741
2437,Unnamed Road,Urban Road,URB-02437,2437,12.9094,77.5272,12.908,77.5275,177.9,974.8,974.978,16.829,Aligned,0.822,0.8177,0.1884,-0.0049,0.0015,31.7433,31.6164,50.0863,9.4079,18.5274,49.8967,55.3744,0.0,59.1401,12.5582,No,0.0,0.008,-0.0513,Good,High,1.4677,10.0,10.0,20.6545,Safe,71.009,30.9957,17.0605,Aligned,32.3486,38.697,Side Impact Potential,Rural,2.2457,False,Residential,Active Congestion | Poor Infrastructure,0.7077,Severe,False,10.0,0.0013,0.0023,Aligned,31,Unnamed Road,742
2438,Unnamed Road,Urban Road,URB-02438,2438,12.9081,77.5294,12.9082,77.5297,36.4,975.2,975.236,15.0435,Aligned,0.9214,0.8972,0.0169,0.0285,0.0021,48.8508,48.1878,100.0,9.9434,13.8269,78.9605,73.1907,0.0,59.4011,7.5695,No,0.0,-0.0101,-0.0333,Good,Low,0.1549,10.0,10.2453,18.2504,Safe,72.0445,46.813,15.4114,Aligned,47.2582,33.9501,Separated Traffic,Rural,7.9786,True,Industrial,Poor Infrastructure,0.0082,,False,42.2818,-0.0035,0.0063,Aligned,50,Unnamed Road,743
2439,Unnamed Road,Urban Road,URB-02439,2439,12.9081,77.5294,12.9079,77.5287,82.8,975.6,975.683,14.6119,Aligned,0.8855,0.9036,0.1354,0.0322,-0.0018,67.8373,68.5875,97.8555,3.6736,17.3541,82.1829,81.7287,0.4806,59.7492,2.9148,No,0.0,-0.0035,-0.0032,Poor,Low,0.305,10.0,10.2088,21.4381,Safe,68.2588,67.4421,18.838,Aligned,68.4972,46.2006,Separated Traffic,Rural,6.9446,True,Mixed,Poor Infrastructure,-0.0124,,False,57.1455,-0.0001,0.0124,Aligned,67,Unnamed Road,744
2440,Unnamed Road,Urban Road,URB-02440,2440,12.9084,77.5302,12.9082,77.5297,48.4,976.0,976.048,29.6623,Moderate Misalignment,0.6421,0.3722,0.6301,0.0023,-0.0009,78.337,78.1555,99.0092,12.268,16.4151,79.122,54.9547,0.0433,59.1569,6.3956,No,0.0,-0.0004,-0.0082,Poor,Medium,0.1334,10.0,10.2979,24.4833,Safe,64.1276,76.9234,30.2478,Moderate Misalignment,76.2821,38.9535,Separated Traffic,Rural,5.0736,True,Residential,Poor Infrastructure | Above Human Tolerance Limit,0.1411,Light,False,61.7596,0.0285,0.0027,Moderate Misalignment,79,Unnamed Road,745
2441,Unnamed Road,Urban Road,URB-02441,2441,12.9128,77.5282,12.9138,77.5285,121.7,976.4,976.522,36.9186,Moderate Misalignment,0.8941,0.0862,0.9278,0.0102,0.0102,33.5168,34.1173,52.3851,48.7157,45.1546,50.9692,98.339,0.4605,29.2213,52.8601,No,0.0,-0.004,0.9588,Poor,Medium,2.4969,10.0,14.3751,27.4821,Moderate Risk,72.6155,34.0691,26.8292,Moderate Misalignment,34.4101,59.5362,Side Impact Potential,Urban,2.1059,False,Industrial,Meets Safe System Standards,0.0001,,False,33.4241,0.0044,0.0191,Moderate Misalignment,34,Unnamed Road,746
2442,Unnamed Road,Urban Road,URB-02442,2442,12.9128,77.5282,12.912,77.5279,96.5,976.8,976.897,27.6975,Moderate Misalignment,0.6367,0.4031,0.6244,0.0152,-0.0077,33.1643,36.344,29.8318,1.2124,22.8615,49.5981,98.4233,0.0996,30.3293,11.228,No,0.0,0.0016,-0.0286,Poor,Low,2.9955,10.0,19.9668,26.5967,Moderate Risk,62.9148,34.279,26.3597,Moderate Misalignment,37.2416,55.9216,Side Impact Potential,Peri-Urban,1.0751,False,Residential,Poor Infrastructure,0.1725,Light,False,29.8716,0.0201,-0.0174,Moderate Misalignment,37,Unnamed Road,747
2443,Unnamed Road,Urban Road,URB-02443,2443,12.9084,77.5302,12.9085,77.5307,57.4,977.2,977.257,10.2871,Aligned,0.9622,0.9365,0.0221,0.003,-0.0039,33.1628,33.4773,85.8947,58.1376,35.5772,50.1286,83.5455,0.0,38.7909,35.3228,No,0.0,0.0036,0.0166,Good,Low,1.5756,10.0,10.3112,20.5042,Safe,80.1517,34.3003,17.151,Aligned,33.6865,56.4862,Side Impact Potential,Urban,6.2553,True,Commercial,Meets Safe System Standards,0.0002,,False,26.3683,0.0027,-0.004,Aligned,33,Unnamed Road,748
2444,Unnamed Road,Urban Road,URB-02444,2444,12.9081,77.5315,12.9083,77.5311,46.6,977.6,977.647,34.0495,Moderate Misalignment,0.813,0.2172,0.8068,0.0195,0.003,51.5112,51.7804,84.1143,1.2105,27.3758,52.9257,92.2358,0.0,52.258,15.8699,No,0.0,-0.0046,-0.0517,Good,High,1.8242,10.0,22.1763,30.211,Moderate Risk,58.7139,50.5747,33.3848,Moderate Misalignment,59.7996,69.0989,Side Impact Potential,Urban,4.9052,True,Commercial,Poor Infrastructure,-0.0175,,False,54.5598,0.0067,-0.0038,Moderate Misalignment,50,Unnamed Road,749
2445,Unnamed Road,Urban Road,URB-02445,2445,12.9079,77.532,12.9081,77.5315,63.8,978.0,978.064,38.9927,Moderate Misalignment,0.8561,0.0917,0.853,0.0678,0.0091,78.8773,80.1089,100.0,10.3131,20.9387,79.9036,98.1337,0.2979,59.892,12.0129,No,0.0,-0.0043,-0.0872,Good,Low,0.4939,10.0,24.8618,29.6845,Moderate Risk,57.4675,80.0152,40.1987,Moderate Misalignment,100.3803,51.0261,Separated Traffic,Peri-Urban,5.1877,True,Residential,Poor Infrastructure,0.1827,Light,False,80.8231,0.0061,0.0167,Moderate Misalignment,79,Unnamed Road,750
2446,Unnamed Road,Urban Road,URB-02446,2446,12.9084,77.5309,12.9083,77.5311,20.0,978.4,978.42,34.3284,Moderate Misalignment,0.8358,0.1948,0.8512,-0.0241,-0.0006,79.7742,81.3432,98.9455,13.7653,13.3112,80.6012,87.8344,0.0886,59.7394,4.0777,No,0.0,-0.0079,-0.0151,Poor,Low,-0.0358,10.0,34.6576,27.1805,Moderate Risk,61.1393,76.7963,36.4379,Moderate Misalignment,81.2007,35.3791,Separated Traffic,Rural,7.9005,True,Industrial,Poor Infrastructure,-0.0022,,False,66.6029,0.015,-0.0048,Moderate Misalignment,79,Unnamed Road,751
2447,Unnamed Road,Urban Road,URB-02447,2447,12.9084,77.5309,12.9085,77.5307,32.7,978.8,978.833,17.3513,Aligned,0.8184,0.8561,0.1985,-0.0036,-0.0102,62.1158,64.0355,97.0054,14.6571,18.7232,80.5738,75.3527,0.0,60.0,10.9558,No,0.0,-0.0059,0.9626,Poor,Low,0.2428,10.0,10.0,20.7189,Safe,70.89,61.9975,18.1186,Aligned,63.0248,49.2745,Separated Traffic,Peri-Urban,4.0205,True,Mixed,Poor Infrastructure,0.0048,,False,53.0328,0.0033,-0.0081,Aligned,60,Unnamed Road,752
2448,Unnamed Road,Urban Road,URB-02448,2448,12.908,77.5275,12.9081,77.5272,30.7,979.2,979.231,11.4137,Aligned,0.9653,0.9102,0.0419,-0.0185,0.0078,35.7655,33.2863,29.8459,0.2874,16.8585,50.903,97.0887,0.4333,29.1238,5.6123,No,0.0,0.0113,-0.0025,Poor,Low,0.9052,10.0,15.9536,23.6806,Safe,66.2904,33.4269,23.4226,Aligned,34.569,43.3888,Side Impact Potential,Rural,1.8916,False,Residential,Poor Infrastructure,0.0017,,False,29.3943,-0.0013,-0.0083,Aligned,33,Unnamed Road,753
2449,Unnamed Road,Urban Road,URB-02449,2449,12.908,77.5275,12.9077,77.5284,108.2,979.6,979.708,13.7589,Aligned,0.931,0.9706,0.0531,-0.0062,0.0058,48.8962,48.0418,74.5092,46.0402,29.3012,50.5835,90.4669,0.0766,51.8195,22.1957,No,0.0,0.0046,-0.0471,Good,High,1.5245,10.0,10.5495,21.6107,Safe,75.2435,48.9299,21.5748,Aligned,54.0821,54.7425,Side Impact Potential,Urban,3.7979,False,Residential,Meets Safe System Standards,0.1116,Light,False,42.8268,0.0177,-0.0075,Aligned,50,Unnamed Road,754
2450,Unnamed Road,Urban Road,URB-02450,2450,12.9077,77.5284,12.9079,77.5287,44.4,980.0,980.044,21.6796,Aligned,0.6513,0.6434,0.3323,0.0169,-0.0017,36.155,36.3232,85.4354,21.3156,25.4865,48.694,89.3984,0.0992,38.1617,17.7808,No,0.0,0.0038,0.0345,Good,High,2.0109,10.0,10.2199,22.5846,Safe,72.9353,36.5956,20.2189,Aligned,36.6056,64.3619,Side Impact Potential,Urban,5.8931,True,Mixed,Poor Infrastructure,-0.0134,,False,31.9564,0.012,0.0088,Aligned,36,Unnamed Road,755
2451,Unnamed Road,Urban Road,URB-02451,2451,13.014,77.6393,13.0135,77.6394,61.1,980.4,980.461,24.024,Aligned,0.7576,0.7005,0.0768,0.1619,-0.0051,61.2943,59.8294,99.5323,11.9478,21.6974,80.5275,83.3964,0.1633,58.8799,6.6737,No,0.0,-0.0043,-0.0209,Good,Low,0.2466,10.0,10.2802,21.5649,Safe,71.0357,59.4625,17.0444,Aligned,61.466,56.9527,Separated Traffic,Peri-Urban,7.0255,True,Residential,Poor Infrastructure,-0.0051,,False,48.2819,-0.0177,0.0239,Aligned,60,Unnamed Road,756
2452,Unnamed Road,Urban Road,URB-02452,2452,13.0119,77.6352,13.0117,77.636,86.9,980.8,980.887,64.4699,High Misalignment,0.7466,0.0184,0.2714,0.7343,-0.0106,29.7492,26.3237,78.5092,66.0464,52.4301,31.5987,85.2895,19.8661,60.0,64.9812,No,0.0,-0.0024,1.9445,Poor,Medium,1.5148,10.0,10.0,41.8529,Moderate Risk,58.4821,28.716,51.3734,High Misalignment,51.6669,68.0447,Significant Pedestrian Interaction,Urban,3.6165,False,Mixed,Speed Limit Misaligned | High Pedestrian Interaction | Above Human Tolerance Limit,0.1553,Light,False,41.5732,-0.0005,1.0058,High Misalignment,29,Unnamed Road,757
2453,Unnamed Road,Urban Road,URB-02453,2453,13.0117,77.636,13.0117,77.6363,31.8,981.2,981.232,12.3736,Aligned,0.8979,0.8922,0.1063,0.0061,0.0063,29.8911,30.0176,64.4453,26.8097,31.853,48.5074,94.2524,0.1121,29.1502,22.4554,No,0.0,-0.0044,0.0931,Good,Medium,3.8499,10.0,10.304,23.3485,Safe,73.0643,32.2284,21.9771,Aligned,31.9191,61.1866,Side Impact Potential,Urban,4.2586,True,Mixed,Poor Infrastructure,0.009,,False,26.0579,-0.0008,0.0032,Aligned,30,Unnamed Road,758
2454,Unnamed Road,Urban Road,URB-02454,2454,13.0049,77.6371,13.0057,77.637,86.7,981.6,981.687,13.334,Aligned,0.8823,0.8514,0.1169,-0.0026,0.0084,46.7149,43.4462,98.5412,0.2086,14.7955,81.0842,64.149,0.0778,59.4513,8.081,No,0.0,0.0002,0.0083,Good,Medium,0.0709,10.0,10.0131,20.8962,Safe,69.3366,46.1067,18.1102,Aligned,47.418,36.733,Separated Traffic,Rural,4.6685,True,Residential,Poor Infrastructure,-0.0014,,False,36.394,0.0146,-0.0098,Aligned,46,Unnamed Road,759
2455,Unnamed Road,Urban Road,URB-02455,2455,13.0062,77.637,13.0057,77.637,55.2,982.0,982.055,38.9396,Moderate Misalignment,0.9676,0.0447,0.9475,-0.0052,-0.0011,80.9833,79.0245,98.5049,2.0959,13.0284,81.4697,89.0732,0.1811,60.0,0.0381,No,0.0,-0.0012,-0.0379,Good,Low,0.222,10.0,28.6622,27.3659,Moderate Risk,57.6595,81.7582,38.472,Moderate Misalignment,87.7735,38.2913,Separated Traffic,Rural,6.3084,True,Residential,Poor Infrastructure,-0.0123,,False,78.8848,-0.0177,0.0113,Moderate Misalignment,83,Unnamed Road,760
2456,Unnamed Road,Urban Road,URB-02456,2456,13.0062,77.637,13.0066,77.637,55.0,982.4,982.455,38.6941,Moderate Misalignment,0.8678,0.1032,0.8893,0.0482,-0.0051,79.7223,79.8731,100.0,15.6546,24.9712,80.232,86.5194,0.0,60.0,13.7946,No,0.0,-0.0112,0.0359,Poor,Medium,0.6611,10.0,18.0969,29.0372,Moderate Risk,62.781,77.9268,33.6895,Moderate Misalignment,91.1906,61.0073,Separated Traffic,Urban,8.1204,True,Commercial,Poor Infrastructure,0.1655,Light,False,70.4528,0.0151,0.0074,Moderate Misalignment,78,Unnamed Road,761
2457,Unnamed Road,Urban Road,URB-02457,2457,13.0066,77.637,13.0069,77.637,33.3,982.8,982.833,11.0342,Aligned,0.9766,1.001,0.0207,-0.0214,0.0051,27.4379,27.2093,49.8182,1.0138,16.9969,49.9351,86.0428,0.0,30.7133,5.7404,No,0.0,-0.003,0.0554,Poor,Medium,1.5384,10.0,10.9113,20.7874,Safe,68.4893,25.1035,20.2076,Aligned,25.463,43.0654,Side Impact Potential,Rural,2.0295,False,Residential,Poor Infrastructure,0.0072,,False,20.3335,-0.0008,0.0116,Aligned,26,Unnamed Road,762
2458,Unnamed Road,Urban Road,URB-02458,2458,13.0081,77.6369,13.0085,77.6368,41.8,983.2,983.242,35.0974,Moderate Misalignment,0.7174,0.1606,0.7163,0.0728,-0.0057,29.2775,28.605,78.9479,34.6149,42.8584,31.4285,75.8367,0.0,49.46,51.7264,No,0.0,0.0082,0.9807,Poor,High,1.4409,10.0,10.0,37.1011,Moderate Risk,56.5417,30.4253,49.1739,Moderate Misalignment,40.4852,55.9382,Significant Pedestrian Interaction,Peri-Urban,2.2607,True,Industrial,High Pedestrian Interaction | Poor Infrastructure | Above Human Tolerance Limit,-0.0057,,False,34.9392,-0.0108,-0.0184,Moderate Misalignment,28,Unnamed Road,763
2459,Unnamed Road,Urban Road,URB-02459,2459,13.0075,77.637,13.0081,77.6369,75.2,983.6,983.675,9.2647,Aligned,0.9757,0.9769,0.0486,0.0135,0.0057,29.349,27.3531,26.7843,0.9204,15.6289,48.7393,90.4265,0.0,39.8926,9.7309,No,0.0,-0.002,0.0308,Poor,High,1.6727,10.0,10.0,20.9131,Safe,68.951,27.0842,18.91,Aligned,29.0094,39.8422,Side Impact Potential,Rural,0.8663,False,Mixed,Poor Infrastructure,0.0223,,False,23.9626,-0.0098,-0.0035,Aligned,29,Unnamed Road,764
2460,Unnamed Road,Urban Road,URB-02460,2460,13.0091,77.6369,13.0085,77.6368,74.8,984.0,984.075,23.0698,Aligned,0.5888,0.5817,0.351,0.0348,0.0016,61.8995,62.2522,99.9191,0.1078,13.8365,79.9504,43.5748,0.0695,59.9842,3.2832,No,0.0,0.0013,-0.0272,Poor,Medium,0.2828,10.0,10.0,26.061,Moderate Risk,61.7452,63.3549,30.1194,Moderate Misalignment,63.4759,43.3957,Separated Traffic,Rural,7.9699,True,Residential,Poor Infrastructure | Above Human Tolerance Limit,-0.0373,,False,52.7257,-0.0005,-0.0077,Aligned,61,Unnamed Road,765
2461,Unnamed Road,Urban Road,URB-02461,2461,13.0112,77.6388,13.0113,77.6383,51.5,984.4,984.452,19.2318,Aligned,0.7871,0.7842,0.2078,0.0301,0.0043,28.1011,26.2689,57.8136,71.8055,54.5791,29.1433,83.8871,0.0991,29.8702,70.9751,No,0.0,-0.0002,1.9522,Good,Low,3.646,10.0,10.0,25.1631,Safe,82.4635,24.1697,23.1947,Aligned,23.7418,57.3206,Significant Pedestrian Interaction,Urban,3.7883,False,Residential,High Pedestrian Interaction,0.1786,Light,False,19.1354,0.0052,0.0052,Aligned,27,Unnamed Road,766
2462,Unnamed Road,Urban Road,URB-02462,2462,13.0114,77.638,13.0113,77.6383,29.7,984.8,984.83,11.5513,Aligned,0.9599,0.9813,-0.0207,-0.0002,-0.0028,19.2748,18.8085,54.3241,33.9467,29.6049,50.7538,65.6976,0.0174,31.4701,27.2586,No,0.0,0.0001,-0.0059,Good,Medium,3.0911,10.0,10.3906,22.4728,Safe,75.9951,16.5539,19.2199,Aligned,18.8163,55.4698,Side Impact Potential,Urban,4.0974,False,Residential,Active Congestion,0.7054,Severe,False,11.4988,-0.0269,0.0099,Aligned,20,Unnamed Road,767
2463,Unnamed Road,Urban Road,URB-02463,2463,13.0114,77.638,13.0114,77.6378,32.5,985.2,985.233,15.6745,Aligned,0.845,0.8595,0.1361,0.0184,-0.0121,68.1545,62.5403,98.3752,0.3455,15.092,81.9967,76.3228,40.6324,60.0,4.9725,Yes,0.0,0.9912,-0.0278,Good,Medium,0.159,10.0,10.0,32.053,Moderate Risk,59.4632,69.3993,20.4759,Aligned,72.1609,46.9463,Separated Traffic,Rural,6.0013,True,Residential,Poor Infrastructure,0.0189,,False,64.5897,-0.0002,0.0088,Aligned,69,Unnamed Road,768
2464,Unnamed Road,Urban Road,URB-02464,2464,13.0115,77.6374,13.0114,77.6378,33.6,985.6,985.634,39.3507,Moderate Misalignment,0.7119,0.1957,0.6991,0.0841,0.0078,78.6358,78.1336,100.0,47.555,32.0563,78.4004,89.3551,0.0,60.0,22.7533,No,0.0,-0.0037,-0.0418,Good,Low,0.53,10.0,22.1443,27.716,Moderate Risk,68.1038,80.2842,36.8259,Moderate Misalignment,95.3463,64.3265,Separated Traffic,Urban,4.8643,True,Mixed,Meets Safe System Standards,0.0223,,False,89.0073,-0.0128,-0.0022,Moderate Misalignment,79,Unnamed Road,769
2465,Unnamed Road,Urban Road,URB-02465,2465,13.0115,77.6374,13.0115,77.6371,35.2,986.0,986.035,15.0513,Aligned,0.7909,0.8291,0.1937,0.0137,-0.0057,38.0504,37.5832,73.8227,32.3869,29.2509,51.1397,38.269,0.1962,50.6911,16.2175,No,0.0,0.0003,-0.0172,Good,Medium,1.9697,10.0,10.0,21.8391,Safe,75.2085,34.0684,17.9853,Aligned,38.0324,64.4357,Side Impact Potential,Urban,3.9324,False,Commercial,Active Congestion | Poor Infrastructure,0.7581,Severe,False,10.0,0.0014,-0.0014,Aligned,39,Unnamed Road,770
2466,Unnamed Road,Urban Road,URB-02466,2466,13.0115,77.6374,13.0108,77.6372,81.8,986.4,986.482,42.684,Moderate Misalignment,0.4989,0.2507,0.4946,0.2957,-0.0008,80.3496,78.5982,100.0,0.0,16.5502,79.5148,87.9141,0.1773,59.8145,5.4774,No,0.0,-0.0044,0.0346,Poor,Low,0.1103,10.0,11.7015,30.8675,Moderate Risk,54.2097,79.0398,42.0412,Moderate Misalignment,100.057,46.4128,Separated Traffic,Rural,3.8971,True,Residential,Poor Infrastructure | Above Human Tolerance Limit,0.0079,,False,79.0256,0.0017,-0.012,Moderate Misalignment,80,Unnamed Road,771
2467,Unnamed Road,Urban Road,URB-02467,2467,13.0116,77.6369,13.0115,77.6371,30.1,986.8,986.83,40.2988,Moderate Misalignment,0.9377,0.071,0.9317,0.0138,0.0159,31.3984,29.6672,52.398,64.7426,52.9435,30.5832,83.0472,0.1289,50.532,67.6264,No,0.0,0.0096,1.0129,Good,Medium,2.8699,10.0,10.0219,36.167,Moderate Risk,63.8577,28.4627,48.7862,Moderate Misalignment,41.796,64.0602,Significant Pedestrian Interaction,Urban,2.9158,False,Industrial,High Pedestrian Interaction | Above Human Tolerance Limit,0.0157,,False,38.4256,-0.0001,0.0012,Moderate Misalignment,28,Unnamed Road,772
2468,Unnamed Road,Urban Road,URB-02468,2468,13.0108,77.6372,13.0104,77.6371,46.7,987.2,987.247,28.8621,Moderate Misalignment,0.5961,0.4382,0.5689,-0.011,-0.0031,25.5315,29.0651,53.4344,32.604,36.1941,52.0853,92.5748,0.4472,32.9766,30.6542,No,0.0,0.0015,1.0148,Good,Medium,2.6284,10.0,10.0,24.2971,Safe,73.1524,30.5527,21.4069,Aligned,29.0236,62.4412,Side Impact Potential,Urban,3.8259,False,Mixed,Poor Infrastructure,0.0029,,False,27.803,0.0069,0.0026,Moderate Misalignment,28,Unnamed Road,773
2469,Unnamed Road,Urban Road,URB-02469,2469,13.0097,77.637,13.0104,77.6371,81.5,987.6,987.682,33.2466,Moderate Misalignment,0.7649,0.2493,0.7505,0.0133,0.0044,35.2539,35.2104,30.5306,17.3656,25.386,49.9953,98.713,0.6524,30.2541,16.3576,No,0.0,0.0088,0.0053,Good,High,3.0889,10.0,20.0998,24.774,Moderate Risk,66.826,38.1035,26.0535,Moderate Misalignment,33.0104,58.1153,Side Impact Potential,Peri-Urban,1.9827,False,Industrial,Poor Infrastructure,-0.0229,,False,31.2291,-0.0204,-0.0017,Moderate Misalignment,38,Unnamed Road,774
2470,Unnamed Road,Urban Road,URB-02470,2470,13.0116,77.6366,13.0117,77.6363,28.7,988.0,988.029,23.6083,Aligned,0.6732,0.6454,0.2769,0.0579,0.0054,47.453,48.5286,55.1533,15.9684,22.0013,49.317,97.9441,0.0,40.1649,8.2192,No,0.0,-0.0001,-0.0267,Poor,High,2.9591,10.0,19.5185,23.7193,Safe,68.3508,48.9498,25.82,Moderate Misalignment,49.4795,56.403,Side Impact Potential,Urban,3.0083,False,Residential,Approach to Congestion (Tapered) | Poor Infrastructure,-0.0241,,True,41.4058,-0.0145,0.0149,Aligned,46,Unnamed Road,775
2471,Unnamed Road,Urban Road,URB-02471,2471,13.0116,77.6366,13.0116,77.6369,33.0,988.4,988.433,10.1131,Aligned,0.9649,0.9889,0.0239,0.0267,-0.0019,47.7583,45.1304,69.6065,64.0295,33.301,50.3074,85.7226,0.1808,49.7352,28.7881,No,0.0,-0.0041,-0.042,Poor,High,1.7805,10.0,10.0,18.2519,Safe,83.3893,48.6479,15.4078,Aligned,48.6635,58.7044,Side Impact Potential,Urban,1.8675,False,Industrial,Meets Safe System Standards,0.0181,,False,38.5005,0.0005,-0.0151,Aligned,47,Unnamed Road,776
2472,Unnamed Road,Urban Road,URB-02472,2472,13.0097,77.637,13.0091,77.6369,61.7,988.8,988.862,20.0369,Aligned,0.703,0.7395,0.296,-0.0014,-0.0179,31.3612,31.5609,52.4189,0.8379,20.7274,50.0687,98.3917,0.2051,31.2873,12.1391,No,0.0,-0.0011,-0.0177,Poor,Medium,0.5455,10.0,10.0,23.6592,Safe,67.3372,30.7295,21.4939,Aligned,33.0079,46.8034,Side Impact Potential,Rural,2.922,False,Residential,Poor Infrastructure,-0.0106,,False,30.5633,0.0005,-0.0098,Aligned,34,Unnamed Road,777
2473,Unnamed Road,Urban Road,URB-02473,2473,13.0111,77.6396,13.0112,77.6388,91.1,989.2,989.291,33.2477,Moderate Misalignment,0.6761,0.2931,0.6987,0.013,0.0014,29.6907,32.4833,52.5761,9.9751,25.6624,50.1674,96.1089,0.3401,28.8986,20.2915,No,0.0,-0.0049,0.0058,Good,Low,2.4689,10.0,10.0,23.0727,Safe,70.158,27.6825,19.8722,Aligned,29.6479,48.021,Side Impact Potential,Peri-Urban,3.2423,False,Residential,Poor Infrastructure,-0.0156,,False,26.3893,0.0161,0.0105,Moderate Misalignment,29,Unnamed Road,778
2474,Unnamed Road,Urban Road,URB-02474,2474,13.0069,77.637,13.0072,77.637,28.5,989.6,989.629,9.7567,Aligned,0.9767,0.9878,-0.0061,0.0015,-0.0026,39.7971,42.0434,84.6735,28.4952,31.7208,67.4233,78.6668,0.0,51.8683,18.7065,No,0.0,-0.0073,0.0282,Good,Low,1.4637,10.0,10.3788,22.8151,Safe,74.859,39.7531,18.9967,Aligned,40.091,67.4419,Separated Traffic,Urban,5.0851,True,Mixed,Poor Infrastructure,-0.0181,,False,34.4748,-0.0146,-0.0022,Aligned,42,Unnamed Road,779
2475,Unnamed Road,Urban Road,URB-02475,2475,13.0111,77.6396,13.0115,77.6396,45.0,990.0,990.045,13.6052,Aligned,0.9564,1.0042,0.0334,-0.0034,0.0002,31.6373,32.4384,85.4942,23.892,28.3958,48.7951,67.9066,0.0935,49.9212,19.197,No,0.0,-0.0042,0.9896,Good,Medium,1.7983,10.0,10.0613,23.3136,Safe,72.6906,31.9828,20.5459,Aligned,31.3429,58.92,Side Impact Potential,Urban,5.1623,True,Residential,Poor Infrastructure,0.0077,,False,25.9861,-0.0036,0.0152,Aligned,33,Unnamed Road,780
2476,Unnamed Road,Urban Road,URB-02476,2476,13.0111,77.6396,13.0109,77.6402,70.9,990.4,990.471,11.9212,Aligned,0.9411,0.9163,0.0673,-0.0082,-0.001,36.8262,38.9129,97.0808,15.7459,16.0427,80.5204,26.5358,0.1074,59.811,8.5602,No,0.0,-0.0004,-0.0178,Poor,Low,-0.0111,10.0,10.0,19.5456,Safe,72.5161,39.5796,16.1544,Aligned,37.617,35.5455,Separated Traffic,Rural,7.1663,True,Industrial,Active Congestion | Poor Infrastructure,0.7449,Severe,False,11.5821,0.0144,0.0072,Aligned,39,Unnamed Road,781
2477,Unnamed Road,Urban Road,URB-02477,2477,13.0115,77.6396,13.0118,77.6396,30.6,990.8,990.831,37.4449,Moderate Misalignment,0.8345,0.1194,0.8383,-0.0088,0.0074,49.5021,49.1968,54.6834,13.332,20.9515,50.2219,95.3832,0.0,40.9124,8.1925,No,0.0,-0.0063,0.0502,Good,High,2.316,10.0,29.4488,26.1942,Moderate Risk,64.6898,48.3086,31.7374,Moderate Misalignment,50.9278,57.5089,Side Impact Potential,Peri-Urban,4.1186,False,Industrial,Poor Infrastructure,-0.0059,,False,44.7285,0.0044,0.0027,Moderate Misalignment,50,Unnamed Road,782
2478,Unnamed Road,Urban Road,URB-02478,2478,13.0109,77.6405,13.0109,77.6402,30.0,991.2,991.23,47.0455,High Misalignment,0.4747,0.3863,0.1254,0.4911,0.008,62.2205,59.0314,99.4842,26.5415,21.7694,78.7065,80.9882,0.112,59.7683,14.962,No,0.0,0.014,0.0147,Good,Low,0.5109,10.0,10.0,19.7191,Safe,74.2747,60.3363,17.7345,Aligned,62.6706,53.8019,Separated Traffic,Peri-Urban,6.0378,True,Residential,Poor Infrastructure,-0.0014,,False,48.9216,0.0152,0.0062,High Misalignment,62,Unnamed Road,783
2479,Unnamed Road,Urban Road,URB-02479,2479,13.0109,77.6405,13.0111,77.6412,72.6,991.6,991.673,8.9646,Aligned,0.9761,1.0139,0.0251,-0.015,0.013,39.6498,41.0435,74.9925,31.977,27.6931,48.9591,74.9928,0.0,50.0602,18.094,No,0.0,-0.0169,0.0205,Good,Low,1.7062,10.0,10.1227,21.271,Safe,75.6289,42.8447,18.9912,Aligned,39.7191,55.5126,Side Impact Potential,Urban,2.942,False,Residential,Poor Infrastructure,0.1529,Light,False,33.0144,0.0062,-0.0026,Aligned,40,Unnamed Road,784
2480,Unnamed Road,Urban Road,URB-02480,2480,13.0111,77.6412,13.0111,77.6415,32.2,992.0,992.032,16.3256,Aligned,0.7997,0.8509,0.1852,0.0009,0.0041,55.2991,53.5387,98.2764,10.7613,16.762,76.5704,57.0398,0.4726,60.0,9.4883,No,0.0,0.0003,-0.0374,Poor,High,0.0873,10.0,10.4492,20.3913,Safe,71.7113,53.9834,18.3055,Aligned,55.0313,44.918,Separated Traffic,Rural,8.0766,True,Residential,Poor Infrastructure,0.02,,False,49.5131,-0.0056,-0.0026,Aligned,54,Unnamed Road,785