segment_id,road_name,road_type,human_segment_id,internal_id,start_lat,start_lon,end_lat,end_lon,length_m,start_km,end_km,road_risk_score,ai_risk_label,ai_risk_probability,prob_low_risk,prob_medium_risk,prob_high_risk,prob_critical_risk,ai_recommended_speed,recommended_safe_speed,road_function_score,infrastructure_score,exposure_score,human_tolerance_limit,operating_speed_score,crash_risk_score,posted_speed_limit,pedestrian_exposure_score,blackspot_flag,crash_count,fatal_crashes,schools_count,lighting_quality,roadside_hazards,intersection_density,speed_compliance_rate,speed_violation_score,hotspot_score,hotspot_category,speed_safety_score,original_safe_speed,misalignment_score,misalignment_category,speed_p85,ptw_share_pct,exposure_tier,urban_rural_flag,lane_count,median_presence,land_use_type,top_ai_factors,congestion_index,congestion_category,congestion_smoothed,operating_speed_mean,minor_crashes,major_crashes,risk_category,final_safe_speed,corridor_base,corridor_seq
2481,Unnamed Road,Urban Road,URB-02481,2481,13.0075,77.637,13.0072,77.637,30.1,992.4,992.43,20.851,Aligned,0.7027,0.6989,0.2897,-0.0046,-0.0102,41.8049,44.2228,61.852,1.3472,25.1604,51.7978,97.2012,0.0,41.9186,13.3438,No,0.0,-0.0,-0.0032,Poor,Low,3.2934,10.0,10.0,26.3723,Moderate Risk,64.8899,42.5649,25.4434,Aligned,41.7408,63.4414,Side Impact Potential,Urban,2.8837,True,Residential,Poor Infrastructure,-0.0128,,False,37.8747,0.0096,0.0096,Aligned,43,Unnamed Road,786
2482,Unnamed Road,Urban Road,URB-02482,2482,13.0112,77.6418,13.0111,77.6415,33.1,992.8,992.833,15.4695,Aligned,0.8186,0.836,0.1727,-0.0043,-0.0089,63.4608,61.4723,97.9252,10.7675,15.0023,81.1684,63.5611,0.0,60.0,7.6771,No,0.0,0.0027,-0.0713,Poor,Medium,0.2525,10.0,10.1772,19.3236,Safe,72.4422,58.7902,16.1039,Aligned,65.598,34.2877,Separated Traffic,Rural,4.9691,True,Mixed,Poor Infrastructure,0.2365,Light,False,44.8065,-0.007,0.0024,Aligned,62,Unnamed Road,787
2483,Unnamed Road,Urban Road,URB-02483,2483,13.0112,77.6418,13.0112,77.642,29.7,993.2,993.23,14.5223,Aligned,0.8032,0.7433,0.169,0.0259,0.0014,24.9033,25.6995,27.383,10.2374,20.3064,49.9182,95.9131,0.4657,20.0,12.5673,No,0.0,-0.0034,0.0227,Poor,High,0.9031,10.0,27.3385,23.3236,Safe,67.0632,26.7188,25.4866,Aligned,23.9482,43.7193,Side Impact Potential,Rural,0.6677,False,Commercial,Poor Infrastructure,0.0045,,False,22.2257,0.0004,-0.0172,Aligned,27,Unnamed Road,788
2484,Unnamed Road,Urban Road,URB-02484,2484,13.0081,77.6416,13.0087,77.6419,86.4,993.6,993.686,29.712,Moderate Misalignment,0.5768,0.3856,0.6164,0.0251,0.0029,62.99,61.8658,99.2479,34.5755,26.9329,78.5382,42.3584,0.0,60.0,22.1625,No,0.0,0.0061,0.0014,Poor,High,0.5897,10.0,10.1459,26.4506,Moderate Risk,68.6508,64.2361,30.6651,Moderate Misalignment,64.2586,57.3994,Separated Traffic,Urban,7.115,True,Residential,Poor Infrastructure | Above Human Tolerance Limit,0.1653,Light,False,50.49,-0.0115,-0.0003,Moderate Misalignment,63,Unnamed Road,789
2485,Unnamed Road,Urban Road,URB-02485,2485,13.009,77.6419,13.0087,77.6419,23.7,994.0,994.024,70.5324,High Misalignment,0.8674,-0.0286,0.1482,0.8577,-0.0165,31.8322,31.7717,87.2763,35.306,47.9258,31.0891,94.9433,0.0047,40.9593,51.3398,No,0.0,-0.0021,1.0736,Poor,Low,1.9546,10.0,33.2644,39.3625,Moderate Risk,55.9818,32.7701,50.8103,High Misalignment,52.1936,68.7793,Significant Pedestrian Interaction,Urban,5.9595,True,Residential,Speed Limit Misaligned | High Pedestrian Interaction | Above Human Tolerance Limit,0.174,Light,False,39.8268,0.0106,-0.0032,High Misalignment,32,Unnamed Road,790
2486,Unnamed Road,Urban Road,URB-02486,2486,13.0127,77.6395,13.012,77.6395,77.8,994.4,994.478,13.512,Aligned,0.905,0.9302,0.0495,0.0073,-0.0076,51.1637,54.5627,98.6138,0.4618,11.2501,78.5544,61.0577,0.5379,60.0,2.9874,No,0.0,-0.0013,-0.1154,Poor,High,0.1928,10.0,10.2919,19.504,Safe,69.7215,52.8097,18.0684,Aligned,53.3568,38.0035,Separated Traffic,Rural,6.1608,True,Residential,Approach to Congestion (Tapered) | Poor Infrastructure,0.1738,Light,True,39.4143,0.0078,0.0056,Aligned,51,Unnamed Road,791
2487,Unnamed Road,Urban Road,URB-02487,2487,13.0127,77.6395,13.0135,77.6394,84.1,994.8,994.884,12.4,Aligned,0.9244,0.9247,0.0451,-0.0012,-0.0153,52.5198,46.5479,84.1248,84.6912,41.8661,47.5388,73.1097,0.1411,60.0,43.2552,No,0.0,-0.0041,0.0608,Good,Medium,2.019,10.0,10.0,24.1138,Safe,79.8339,49.7657,28.5411,Moderate Misalignment,50.0685,64.3402,Side Impact Potential,Urban,4.1984,True,Commercial,Above Human Tolerance Limit,0.0224,,False,40.114,-0.0058,0.0087,Aligned,51,Unnamed Road,792
2488,Unnamed Road,Urban Road,URB-02488,2488,13.012,77.6395,13.0118,77.6396,30.8,995.2,995.231,41.4208,Moderate Misalignment,0.9869,0.0235,0.9737,-0.0115,0.0033,45.8501,47.3938,87.1782,23.9891,31.3171,69.9303,97.1204,0.1914,59.6236,23.6993,No,0.0,-0.0064,0.0754,Good,Medium,1.6375,10.0,11.7443,25.8307,Moderate Risk,68.4447,44.656,25.7437,Moderate Misalignment,43.7035,63.9332,Separated Traffic,Urban,5.0179,True,Industrial,Poor Infrastructure,0.0063,,False,38.8117,0.0213,-0.0018,Moderate Misalignment,48,Unnamed Road,793
2489,Unnamed Road,Urban Road,URB-02489,2489,13.009,77.6419,13.0092,77.6419,21.5,995.6,995.621,74.8555,High Misalignment,0.9828,0.0017,-0.0276,0.96,-0.0093,47.9479,51.4652,99.141,8.8311,23.78,49.9856,10.0,0.2315,60.0,8.5065,No,0.0,0.0032,-0.0046,Good,High,0.467,10.0,10.2021,39.2945,Moderate Risk,46.2092,51.4393,60.5194,High Misalignment,67.2508,67.9477,Side Impact Potential,Urban,4.1519,False,Residential,Speed Limit Misaligned | Active Congestion | Poor Infrastructure,0.8012,Severe,False,18.3626,-0.0107,-0.0148,High Misalignment,50,Unnamed Road,794
2490,Unnamed Road,Urban Road,URB-02490,2490,13.0095,77.6419,13.0092,77.6419,34.2,996.0,996.034,12.4438,Aligned,0.9526,0.9385,0.0505,0.0183,0.002,61.2497,60.143,100.0,1.7643,12.8328,79.5187,59.9567,0.0,59.4557,1.8628,No,0.0,0.0013,-0.0192,Poor,High,0.3206,10.0,10.4934,20.1069,Safe,68.8546,60.3931,17.6219,Aligned,59.3836,41.0818,Separated Traffic,Rural,3.8384,True,Residential,Poor Infrastructure,0.2133,Light,False,41.3174,0.0204,0.0061,Aligned,63,Unnamed Road,795
2491,Unnamed Road,Urban Road,URB-02491,2491,13.0106,77.642,13.0101,77.6419,52.1,996.4,996.452,11.6652,Aligned,0.9611,0.9806,0.068,-0.0239,-0.011,18.1842,22.3991,30.609,22.5442,34.5854,29.1174,86.8003,0.1098,40.754,30.2074,No,0.0,0.0064,1.0303,Poor,High,3.6393,10.0,10.1026,25.3865,Moderate Risk,70.7478,16.0507,21.3953,Aligned,15.9721,59.0812,Significant Pedestrian Interaction,Peri-Urban,2.0657,False,Mixed,High Pedestrian Interaction | Poor Infrastructure,0.2025,Light,False,12.7625,0.0021,-0.0078,Aligned,19,Unnamed Road,796
2492,Unnamed Road,Urban Road,URB-02492,2492,13.0106,77.642,13.0112,77.642,68.5,996.8,996.869,38.8499,Moderate Misalignment,0.9141,0.0306,0.8972,0.0212,-0.0022,79.9883,78.9648,100.0,5.2431,22.1312,78.7778,100.0,0.237,59.5767,12.2718,No,0.0,0.0076,0.0301,Good,High,0.3346,10.0,20.9575,29.4456,Moderate Risk,59.7605,80.3504,38.4396,Moderate Misalignment,96.6044,52.4092,Separated Traffic,Peri-Urban,7.8966,True,Residential,Poor Infrastructure,-0.0113,,False,79.9681,-0.0038,0.0109,Moderate Misalignment,80,Unnamed Road,797
2493,Unnamed Road,Urban Road,URB-02493,2493,13.0117,77.642,13.0121,77.6419,44.1,997.2,997.244,70.7226,High Misalignment,0.9078,0.0593,0.1271,0.89,-0.0057,50.5086,50.3525,98.977,5.6708,20.956,49.8893,44.1705,0.4371,59.624,10.4437,No,0.0,0.0018,0.0204,Poor,Low,0.3711,10.0,10.0,42.4648,Moderate Risk,38.9629,50.6287,71.6146,High Misalignment,69.1298,53.9733,Side Impact Potential,Peri-Urban,6.163,False,Residential,Speed Limit Misaligned | Poor Infrastructure | Above Human Tolerance Limit,0.1997,Light,False,53.5682,0.0059,-0.0067,High Misalignment,51,Unnamed Road,798
2494,Unnamed Road,Urban Road,URB-02494,2494,13.0101,77.6419,13.0099,77.6419,24.4,997.6,997.624,66.0505,High Misalignment,0.6863,-0.0034,0.2421,0.7016,0.0033,50.9087,49.9916,97.5039,14.8702,15.6628,49.4387,45.7878,0.5622,60.0,12.2517,No,0.0,0.0008,-0.0565,Poor,Medium,0.3171,10.0,10.0,34.8268,Moderate Risk,49.8532,50.2216,54.9502,High Misalignment,53.2504,34.8784,Side Impact Potential,Rural,5.8517,False,Residential,Speed Limit Misaligned | Poor Infrastructure | Above Human Tolerance Limit,0.0226,,False,44.795,0.0042,0.0018,High Misalignment,49,Unnamed Road,799
2495,Unnamed Road,Urban Road,URB-02495,2495,13.0117,77.642,13.0112,77.642,52.5,998.0,998.053,43.7831,Moderate Misalignment,0.8906,-0.0012,0.8851,0.0577,-0.0082,76.6633,80.2175,99.6317,0.0,16.2082,79.0969,98.1003,0.276,60.0,5.2661,No,0.0,-0.0059,0.0468,Poor,Low,0.2548,10.0,13.3064,25.7617,Moderate Risk,62.1179,79.0562,29.6526,Moderate Misalignment,92.8378,43.3565,Separated Traffic,Rural,7.0863,True,Industrial,Poor Infrastructure,-0.0198,,False,81.7625,0.0048,0.0048,Moderate Misalignment,79,Unnamed Road,800
2496,Unnamed Road,Urban Road,URB-02496,2496,13.0095,77.6419,13.0099,77.6419,50.6,998.4,998.451,37.5304,Moderate Misalignment,0.9192,0.0783,0.9039,-0.0073,-0.0068,48.6202,51.2446,72.819,27.38,30.8001,48.9379,100.0,0.5495,40.1205,22.6698,No,0.0,-0.0009,0.0036,Good,Low,2.0873,10.0,24.9513,27.0207,Moderate Risk,67.5395,50.0885,29.4049,Moderate Misalignment,48.7812,60.4593,Side Impact Potential,Urban,3.2214,False,Residential,Poor Infrastructure,0.1419,Light,False,38.4527,-0.0017,-0.0072,Moderate Misalignment,50,Unnamed Road,801
2497,Unnamed Road,Urban Road,URB-02497,2497,13.0047,77.5355,13.0112,77.5356,1295.9,998.8,1000.096,28.902,Moderate Misalignment,0.591,0.3608,0.6039,0.0261,0.0001,59.7098,56.7938,100.0,14.8081,24.0524,78.2201,36.7785,0.3233,60.0,28.5356,No,0.0,0.001,1.0094,Poor,Low,0.2115,10.0,10.0,27.6933,Moderate Risk,62.4239,58.9386,31.5716,Moderate Misalignment,56.7258,35.337,Separated Traffic,Rural,4.1404,True,Residential,Poor Infrastructure | Above Human Tolerance Limit,-0.001,,False,50.1964,-0.0068,0.0056,Moderate Misalignment,60,Unnamed Road,802
2498,Unnamed Road,Urban Road,URB-02498,2498,12.9908,77.6872,12.9911,77.6873,39.6,999.2,999.24,38.4957,Moderate Misalignment,0.9703,0.0103,0.9574,0.0042,0.0008,49.719,48.5232,55.7487,1.1923,25.9636,51.6541,98.8877,0.0342,37.5917,11.8413,No,0.0,0.0025,-0.0195,Good,Medium,2.6469,10.0,20.8221,29.4066,Moderate Risk,60.6861,48.8949,31.378,Moderate Misalignment,46.1756,64.5538,Side Impact Potential,Urban,4.0313,False,Commercial,Poor Infrastructure,0.0001,,False,36.158,-0.0063,0.0076,Moderate Misalignment,50,Unnamed Road,803
2499,Unnamed Road,Urban Road,URB-02499,2499,12.9914,77.6876,12.9911,77.6873,51.2,999.6,999.651,28.567,Moderate Misalignment,0.6082,0.3998,0.6054,-0.0083,0.0045,29.039,29.0564,54.6552,31.9454,37.4086,50.1913,94.3987,0.0,31.3362,34.2949,No,0.0,0.0041,1.0326,Good,Medium,2.6435,10.0,10.0743,24.6424,Safe,73.831,27.2413,20.7088,Aligned,30.6466,63.146,Side Impact Potential,Urban,3.9799,False,Mixed,Poor Infrastructure,0.0142,,False,26.675,-0.001,0.0038,Moderate Misalignment,30,Unnamed Road,804
2500,Unnamed Road,Urban Road,URB-02500,2500,12.9911,77.6873,12.9922,77.6864,158.7,1000.0,1000.159,39.8625,Moderate Misalignment,0.8866,0.0829,0.8959,0.0131,0.0129,79.7633,79.7688,97.0216,9.9937,16.0525,80.4905,86.9362,5.3711,58.8595,4.8799,No,0.0,0.0047,-0.0338,Poor,High,0.1483,10.0,31.0571,30.4638,Moderate Risk,56.9557,80.8063,39.5446,Moderate Misalignment,93.423,43.7831,Separated Traffic,Rural,7.9781,True,Industrial,Poor Infrastructure,0.0058,,False,75.8583,1.0146,0.0005,Moderate Misalignment,80,Unnamed Road,805
2501,Unnamed Road,Urban Road,URB-02501,2501,12.9914,77.6876,12.992,77.6884,127.6,1000.4,1000.528,76.6792,High Misalignment,0.9955,0.0177,0.0143,1.0051,0.0005,49.8129,48.1643,100.0,8.621,25.5612,49.1627,10.0,0.0,59.7012,11.9743,No,0.0,0.0135,-0.0484,Good,High,0.6388,10.0,10.0618,39.5908,Moderate Risk,45.9098,50.2786,58.873,High Misalignment,67.779,69.6169,Side Impact Potential,Urban,4.113,False,Residential,Speed Limit Misaligned | Active Congestion | Poor Infrastructure,0.768,Severe,False,17.3841,-0.0126,0.0114,High Misalignment,49,Unnamed Road,806
2502,Unnamed Road,Urban Road,URB-02502,2502,12.9412,77.5246,12.9425,77.5254,172.4,1000.8,1000.972,10.6916,Aligned,0.9778,0.9873,0.0033,-0.0023,-0.0041,45.5468,46.0472,71.8495,43.6862,37.5097,49.0203,87.7806,0.0155,49.4582,35.2488,No,0.0,0.005,0.9537,Good,Medium,1.46,10.0,10.1057,23.203,Safe,76.8848,45.7125,21.156,Aligned,47.836,62.4202,Side Impact Potential,Urban,2.1429,False,Residential,Meets Safe System Standards,-0.0175,,False,41.1325,-0.0071,0.0008,Aligned,46,Unnamed Road,807
2503,Unnamed Road,Urban Road,URB-02503,2503,13.0141,77.5328,13.0138,77.5327,29.6,1001.2,1001.23,37.586,Moderate Misalignment,0.9092,0.1034,0.8994,0.0098,0.0034,50.8542,51.4804,87.1722,30.071,32.7357,51.8589,96.1076,0.0,51.8092,25.3383,No,0.0,0.0028,0.0477,Poor,Low,2.0757,10.0,19.8231,26.5953,Moderate Risk,67.9849,53.1409,30.2014,Moderate Misalignment,58.1985,64.7311,Side Impact Potential,Urban,5.9525,True,Residential,Poor Infrastructure,0.0156,,False,50.9552,-0.0201,0.0071,Moderate Misalignment,50,Unnamed Road,808
2504,Unnamed Road,Urban Road,URB-02504,2504,12.9518,77.5208,12.9523,77.5204,84.9,1001.6,1001.685,11.9215,Aligned,0.9404,0.9305,0.1006,0.0188,-0.0031,20.8139,20.0217,53.8798,19.483,21.9408,49.5776,76.1331,0.1781,29.2691,18.7631,No,0.0,0.0015,0.0039,Good,Low,0.7918,10.0,10.0,20.8588,Safe,72.4494,21.2154,17.4368,Aligned,22.467,36.8145,Side Impact Potential,Rural,3.1779,False,Industrial,Poor Infrastructure,0.2273,Light,False,16.0305,0.0057,0.0073,Aligned,20,Unnamed Road,809
2505,Unnamed Road,Urban Road,URB-02505,2505,12.9523,77.5204,12.9538,77.5197,178.4,1002.0,1002.178,73.561,High Misalignment,0.9097,0.0419,0.0915,0.9267,-0.0066,29.0275,32.7683,88.4999,43.2074,52.4271,31.2155,90.1217,0.1388,48.5286,59.8382,No,0.0,-0.0079,0.9599,Good,Medium,1.92,10.0,10.8829,41.2671,Moderate Risk,55.2394,28.2247,57.6205,High Misalignment,57.1708,63.2204,Significant Pedestrian Interaction,Urban,6.1105,True,Commercial,Speed Limit Misaligned | High Pedestrian Interaction | Above Human Tolerance Limit,0.1599,Light,False,43.1945,-0.0035,-0.0021,High Misalignment,29,Unnamed Road,810
2506,Unnamed Road,Urban Road,URB-02506,2506,12.9869,77.5195,12.9867,77.5194,22.2,1002.4,1002.422,11.7712,Aligned,0.9414,0.9226,0.0441,-0.0051,0.0021,21.2411,22.5621,30.6188,0.0133,21.6372,50.7628,95.8155,0.0,40.7157,6.3032,No,0.0,0.0038,-0.0132,Poor,Low,2.8084,10.0,12.083,24.0004,Safe,66.378,19.8401,21.4532,Aligned,23.9422,56.2509,Side Impact Potential,Peri-Urban,2.1474,False,Commercial,Poor Infrastructure,0.2068,Light,False,15.3492,0.0106,-0.0013,Aligned,20,Unnamed Road,811
2507,Unnamed Road,Urban Road,URB-02507,2507,12.9867,77.5194,12.9864,77.5193,34.5,1002.8,1002.835,39.261,Moderate Misalignment,0.8784,0.0817,0.8725,0.0482,0.0057,79.9444,80.4521,99.0528,36.468,22.7495,77.9884,96.5751,0.0299,60.0,15.2131,No,0.0,-0.0005,0.0425,Poor,Medium,0.3955,10.0,25.2499,26.1947,Moderate Risk,64.4863,79.2436,35.8678,Moderate Misalignment,99.4524,51.7333,Separated Traffic,Peri-Urban,4.0954,True,Industrial,Meets Safe System Standards,-0.0069,,False,82.8953,0.0122,0.0123,Moderate Misalignment,78,Unnamed Road,812
2508,Unnamed Road,Urban Road,URB-02508,2508,12.9583,77.5189,12.9566,77.5197,221.5,1003.2,1003.422,10.7328,Aligned,0.974,0.992,0.0389,0.0037,0.0166,19.892,21.2959,66.4336,0.9669,19.7979,50.4286,82.159,0.1035,31.1498,1.3128,No,0.0,-0.0087,0.0122,Poor,Medium,3.6523,10.0,10.5799,22.7669,Safe,67.3737,21.5667,18.5554,Aligned,20.3838,65.4568,Side Impact Potential,Urban,3.1572,True,Commercial,Poor Infrastructure,0.0008,,False,16.3414,0.0088,0.0117,Aligned,21,Unnamed Road,813
2509,Unnamed Road,Urban Road,URB-02509,2509,12.9566,77.5197,12.9557,77.5197,95.4,1003.6,1003.695,10.8301,Aligned,0.972,1.0135,0.0478,0.0144,0.001,44.1713,45.5132,71.0489,33.4841,33.5206,50.0045,86.3072,0.0916,50.377,35.1216,No,0.0,-0.002,2.0009,Poor,Low,1.9173,10.0,10.0,24.162,Safe,74.1017,44.5534,20.9751,Aligned,43.7393,60.3207,Side Impact Potential,Urban,2.8406,False,Residential,Poor Infrastructure,0.0218,,False,40.3486,0.0051,0.0011,Aligned,46,Unnamed Road,814
2510,Unnamed Road,Urban Road,URB-02510,2510,12.9557,77.5197,12.9554,77.5197,37.5,1004.0,1004.038,39.5585,Moderate Misalignment,0.9876,-0.0007,0.9719,0.0013,0.0098,80.1223,79.8413,99.5303,25.5677,16.2447,79.6176,10.8367,0.0,60.0,7.4108,No,0.0,0.0063,-0.0146,Poor,Low,-0.0372,10.0,10.0,22.5212,Safe,68.9422,80.0688,27.6867,Moderate Misalignment,83.5184,36.9425,Separated Traffic,Rural,4.7256,True,Residential,Active Congestion | Poor Infrastructure | Above Human Tolerance Limit,0.6647,Severe,False,26.7015,-0.004,-0.0023,Moderate Misalignment,79,Unnamed Road,815
2511,Unnamed Road,Urban Road,URB-02511,2511,12.9864,77.5193,12.9829,77.5183,407.2,1004.4,1004.807,14.57,Aligned,0.7985,0.8111,0.2202,0.0098,-0.0103,32.8917,33.7217,49.5551,60.2126,31.5156,51.1682,98.5712,0.0,27.8204,26.2146,No,0.0,0.0087,0.0554,Good,Medium,3.5321,10.0,10.0,19.5635,Safe,79.7451,34.186,18.7936,Aligned,31.9569,56.1513,Side Impact Potential,Urban,1.9186,False,Residential,Meets Safe System Standards,-0.0261,,False,30.7116,-0.0057,-0.0163,Aligned,34,Unnamed Road,816
2512,Unnamed Road,Urban Road,URB-02512,2512,12.97,77.5091,12.9702,77.5091,22.9,1004.8,1004.823,37.4348,Moderate Misalignment,0.9516,0.0461,0.94,0.0049,0.0048,68.5967,67.8108,98.4413,0.0,15.6318,79.9287,93.1364,0.0,59.8341,5.2951,No,0.0,-0.0122,-0.0354,Good,Medium,0.3121,10.0,11.9897,23.0148,Safe,64.6977,64.625,25.6587,Moderate Misalignment,68.2074,41.1803,Separated Traffic,Rural,7.9746,True,Residential,Poor Infrastructure,0.0194,,False,55.7593,0.0061,0.0145,Moderate Misalignment,67,Unnamed Road,817
2513,Unnamed Road,Urban Road,URB-02513,2513,12.97,77.5091,12.9695,77.5092,60.1,1005.2,1005.26,20.9118,Aligned,0.6072,0.5796,0.3619,0.0094,0.0038,40.3493,39.8471,53.9182,13.8559,34.8707,48.6371,73.4553,0.3365,29.013,34.54,No,0.0,0.0038,0.9518,Poor,Medium,2.5333,10.0,34.2918,31.3278,Moderate Risk,62.6851,40.4618,33.3055,Moderate Misalignment,39.5818,60.3585,Side Impact Potential,Peri-Urban,3.881,False,Mixed,Active Congestion | Poor Infrastructure,0.7073,Severe,False,12.7322,-0.0036,-0.0039,Aligned,38,Unnamed Road,818
2514,Unnamed Road,Urban Road,URB-02514,2514,12.9704,77.5089,12.9702,77.5091,25.7,1005.6,1005.626,19.0094,Aligned,0.7711,0.7179,0.224,-0.0144,-0.0059,66.2593,69.5849,100.0,12.1126,15.0258,80.4428,75.3056,0.2716,60.0,10.0166,No,0.0,-0.0022,0.0596,Poor,High,0.1549,10.0,10.0,19.3729,Safe,71.7932,68.3455,19.2684,Aligned,68.5724,33.9393,Separated Traffic,Rural,5.186,True,Residential,Poor Infrastructure,-0.0259,,False,54.1663,-0.0009,0.005,Aligned,69,Unnamed Road,819
2515,Unnamed Road,Urban Road,URB-02515,2515,12.987,77.5192,12.9874,77.5193,41.2,1006.0,1006.041,11.052,Aligned,0.9987,1.0699,-0.0295,-0.0012,-0.0207,38.8568,40.169,69.8112,20.5227,34.3277,47.5477,76.4325,0.0,49.6855,24.2271,No,0.0,-0.0,-0.0085,Good,High,1.6042,10.0,10.0,24.8228,Moderate Risk,70.1453,40.966,23.4421,Aligned,40.1885,68.4921,Side Impact Potential,Urban,3.2485,False,Commercial,Poor Infrastructure,-0.0007,,False,31.6953,-0.0091,0.0127,Aligned,38,Unnamed Road,820
2516,Unnamed Road,Urban Road,URB-02516,2516,12.9695,77.5092,12.9693,77.5092,21.4,1006.4,1006.421,28.1973,Moderate Misalignment,0.6192,0.3083,0.649,-0.0159,0.001,78.7877,76.8621,98.3744,12.5779,14.0735,80.709,60.1851,0.0,59.565,6.0121,No,0.0,0.0022,-0.0333,Poor,Medium,0.1509,10.0,10.2756,24.6902,Safe,64.3176,77.861,30.6679,Moderate Misalignment,78.5417,39.1215,Separated Traffic,Rural,4.9349,True,Residential,Poor Infrastructure | Above Human Tolerance Limit,0.1393,Light,False,62.9986,-0.0081,0.0083,Moderate Misalignment,78,Unnamed Road,821
2517,Unnamed Road,Urban Road,URB-02517,2517,12.9608,77.5127,12.9611,77.5125,34.5,1006.8,1006.835,12.5311,Aligned,0.9483,0.9511,0.0583,-0.0102,0.008,17.1739,19.1752,28.6316,14.246,25.0191,47.5676,91.9656,0.0,20.026,23.6089,No,0.0,-0.0042,0.9554,Poor,High,2.0199,10.0,10.1151,22.0505,Safe,71.4778,17.0629,20.9213,Aligned,14.1946,38.957,Side Impact Potential,Rural,0.9805,False,Residential,Poor Infrastructure,-0.0038,,False,17.5089,-0.0061,0.0141,Aligned,17,Unnamed Road,822
2518,Unnamed Road,Urban Road,URB-02518,2518,12.9611,77.5125,12.9615,77.5124,43.4,1007.2,1007.243,66.0205,High Misalignment,0.7284,0.0059,0.2574,0.7378,0.0199,31.0932,25.7627,75.0077,63.8102,53.2853,31.2726,86.5085,19.1452,51.2213,64.113,No,0.0,-0.0031,1.91,Poor,Medium,1.3323,10.0,10.0,41.4913,Moderate Risk,58.0079,29.7185,51.5262,High Misalignment,51.4482,67.4055,Significant Pedestrian Interaction,Urban,4.0028,False,Mixed,Speed Limit Misaligned | High Pedestrian Interaction | Above Human Tolerance Limit,0.1277,Light,False,43.2245,0.0012,0.991,High Misalignment,31,Unnamed Road,823
2519,Unnamed Road,Urban Road,URB-02519,2519,12.9707,77.5088,12.9704,77.5089,38.7,1007.6,1007.639,11.1839,Aligned,0.9943,0.9322,0.041,-0.0113,-0.0099,37.5977,35.096,60.5589,56.141,43.651,49.7115,89.1239,0.1723,37.7583,46.0973,No,0.0,-0.002,0.9344,Good,Low,3.3243,10.0,10.0,24.1273,Safe,78.7533,34.7209,21.0778,Aligned,36.5017,62.3592,Side Impact Potential,Urban,1.9068,True,Commercial,Meets Safe System Standards,0.0057,,False,33.0545,-0.0008,0.0031,Aligned,35,Unnamed Road,824
2520,Unnamed Road,Urban Road,URB-02520,2520,12.9707,77.5088,12.9713,77.5084,76.5,1008.0,1008.077,13.7272,Aligned,0.9141,0.9396,0.1006,-0.0049,0.0101,51.7457,49.8688,99.872,9.6524,22.7644,81.3922,51.2562,0.2339,60.0,11.7434,No,0.0,-0.0068,0.0287,Good,Low,0.4664,10.0,10.0,21.7654,Safe,69.7823,50.3567,18.5594,Aligned,50.3772,57.4239,Separated Traffic,Peri-Urban,4.1648,True,Industrial,Poor Infrastructure,0.2057,Light,False,36.1904,-0.007,-0.0186,Aligned,49,Unnamed Road,825
2521,Unnamed Road,Urban Road,URB-02521,2521,12.9713,77.5084,12.9715,77.5081,44.7,1008.4,1008.445,8.3721,Aligned,1.006,0.9672,0.0052,0.0058,0.0141,47.7071,48.7672,26.1451,12.2975,16.0248,51.4937,93.5157,0.1004,40.9811,6.4584,No,0.0,-0.0019,0.0754,Poor,Medium,1.6569,10.0,21.2406,22.9242,Safe,67.2823,46.1423,24.3429,Moderate Misalignment,50.2593,43.4368,Side Impact Potential,Rural,0.8426,False,Industrial,Poor Infrastructure,0.0188,,False,44.2349,-0.0003,-0.009,Aligned,47,Unnamed Road,826
2522,Unnamed Road,Urban Road,URB-02522,2522,12.9718,77.5076,12.9715,77.5081,55.0,1008.8,1008.855,17.7977,Aligned,0.8082,0.7807,0.1607,0.0046,0.0034,38.909,36.8422,27.986,9.5976,12.878,50.6588,95.8665,0.0,28.797,6.0575,No,0.0,0.0014,0.0814,Good,Medium,2.0981,10.0,27.0252,22.3161,Safe,67.9515,37.9767,24.4305,Aligned,39.6759,32.0206,Side Impact Potential,Rural,1.0077,False,Residential,Poor Infrastructure,-0.0108,,False,32.8857,0.0015,-0.0008,Aligned,37,Unnamed Road,827
2523,Unnamed Road,Urban Road,URB-02523,2523,12.958,77.5188,12.9583,77.5183,60.3,1009.2,1009.26,25.4995,Moderate Misalignment,0.5578,0.4872,0.5531,0.0352,0.0061,50.3508,48.8953,57.0144,0.7948,23.161,49.5878,92.8083,0.2589,39.2045,13.3022,No,0.0,0.0084,-0.0416,Poor,Low,2.0577,10.0,25.9165,28.6874,Moderate Risk,60.714,48.7962,32.9255,Moderate Misalignment,50.0335,59.4428,Side Impact Potential,Peri-Urban,3.0251,False,Commercial,Poor Infrastructure,0.0191,,False,45.6783,-0.0051,0.0148,Moderate Misalignment,52,Unnamed Road,828