segment_id,road_name,road_type,human_segment_id,internal_id,start_lat,start_lon,end_lat,end_lon,length_m,start_km,end_km,road_risk_score,ai_risk_label,ai_risk_probability,prob_low_risk,prob_medium_risk,prob_high_risk,prob_critical_risk,ai_recommended_speed,recommended_safe_speed,road_function_score,infrastructure_score,exposure_score,human_tolerance_limit,operating_speed_score,crash_risk_score,posted_speed_limit,pedestrian_exposure_score,blackspot_flag,crash_count,fatal_crashes,schools_count,lighting_quality,roadside_hazards,intersection_density,speed_compliance_rate,speed_violation_score,hotspot_score,hotspot_category,speed_safety_score,original_safe_speed,misalignment_score,misalignment_category,speed_p85,ptw_share_pct,exposure_tier,urban_rural_flag,lane_count,median_presence,land_use_type,top_ai_factors,congestion_index,congestion_category,congestion_smoothed,operating_speed_mean,minor_crashes,major_crashes,risk_category,final_safe_speed,corridor_base,corridor_seq
2524,Unnamed Road,Urban Road,URB-02524,2524,12.9583,77.5183,12.9584,77.5178,54.0,1009.6,1009.654,14.1596,Aligned,0.8934,0.8942,0.1434,-0.0027,0.0067,42.9146,43.0224,99.4838,42.0314,30.7385,78.4943,66.8908,0.2329,59.8867,25.491,No,0.0,0.0097,1.0687,Good,Medium,0.5951,10.0,10.0,21.5329,Safe,76.9204,46.4615,18.4892,Aligned,44.9191,58.5632,Separated Traffic,Urban,5.9592,True,Mixed,Meets Safe System Standards,-0.0239,,False,35.9436,0.0099,-0.008,Aligned,42,Unnamed Road,829
2525,Unnamed Road,Urban Road,URB-02525,2525,12.9577,77.5191,12.958,77.5188,44.7,1010.0,1010.045,46.1613,Moderate Misalignment,0.6778,0.0916,0.7131,0.2423,0.0073,48.7009,48.0686,99.1793,13.6073,20.5213,50.2689,82.3468,0.1935,59.9456,14.1817,No,0.0,-0.006,1.0503,Poor,Medium,0.1467,10.0,10.2943,26.0301,Moderate Risk,64.9859,49.8681,32.4249,Moderate Misalignment,52.3724,44.3024,Side Impact Potential,Rural,4.991,False,Residential,Poor Infrastructure | Above Human Tolerance Limit,0.0245,,False,47.2804,-0.0094,0.0087,Moderate Misalignment,52,Unnamed Road,830
2526,Unnamed Road,Urban Road,URB-02526,2526,12.9961,77.523,12.9953,77.5225,114.9,1010.4,1010.515,73.2336,High Misalignment,0.9287,0.0299,0.1054,0.9282,0.0018,28.665,27.9263,86.048,45.5415,52.7951,30.2639,87.2097,0.0,51.591,61.2416,No,0.0,-0.0032,1.0121,Good,Medium,1.8542,10.0,11.2903,41.8599,Moderate Risk,54.6439,30.4405,56.6274,High Misalignment,54.9415,64.058,Significant Pedestrian Interaction,Urban,6.1564,True,Commercial,Speed Limit Misaligned | High Pedestrian Interaction | Above Human Tolerance Limit,0.1578,Light,False,43.6965,-0.014,-0.0156,High Misalignment,30,Unnamed Road,831
2527,Unnamed Road,Urban Road,URB-02527,2527,12.998,77.524,12.9961,77.523,243.9,1010.8,1011.044,34.6813,Moderate Misalignment,0.7766,0.2387,0.7889,0.0092,0.0077,49.2631,48.0059,68.4955,8.9708,21.9678,50.0892,99.785,0.4379,47.5102,11.2482,No,0.0,0.0036,-0.0876,Poor,High,1.7752,10.0,26.3577,27.8416,Moderate Risk,61.969,51.0896,34.5601,Moderate Misalignment,63.7861,54.4833,Side Impact Potential,Peri-Urban,1.9244,False,Residential,Poor Infrastructure,0.1752,Light,False,50.6453,0.008,0.0023,Moderate Misalignment,48,Unnamed Road,832
2528,Unnamed Road,Urban Road,URB-02528,2528,12.9678,77.5085,12.9674,77.5084,42.4,1011.2,1011.242,39.825,Moderate Misalignment,0.9919,-0.0165,1.0079,0.0013,0.0018,80.4799,80.4977,99.7551,11.2131,15.2678,81.8249,100.0,0.28,60.0,8.3994,No,0.0,-0.0037,-0.0292,Poor,Low,0.171,10.0,23.4124,27.5763,Moderate Risk,61.5072,78.4688,35.7336,Moderate Misalignment,98.8012,35.3069,Separated Traffic,Rural,4.0857,True,Residential,Poor Infrastructure,-0.0085,,False,80.4248,0.0104,-0.0105,Moderate Misalignment,80,Unnamed Road,833
2529,Unnamed Road,Urban Road,URB-02529,2529,12.9678,77.5085,12.9693,77.5092,183.5,1011.6,1011.784,68.3658,High Misalignment,0.9017,0.0647,0.0882,0.8895,-0.008,48.5614,50.1584,96.8756,6.3351,21.6407,48.5973,44.8008,0.1167,59.4984,9.1675,No,0.0,-0.002,0.0237,Poor,Low,0.3468,10.0,10.42,42.9816,Moderate Risk,38.2952,50.9222,70.5788,High Misalignment,69.526,54.3217,Side Impact Potential,Peri-Urban,6.1463,False,Residential,Speed Limit Misaligned | Poor Infrastructure | Above Human Tolerance Limit,0.215,Light,False,51.9647,0.0047,0.0066,High Misalignment,50,Unnamed Road,834
2530,Unnamed Road,Urban Road,URB-02530,2530,12.9515,77.521,12.9518,77.5208,34.7,1012.0,1012.035,13.7385,Aligned,0.9031,0.8792,0.0676,0.0026,-0.0057,37.4649,35.5466,78.2468,50.6113,45.8532,51.1613,87.9777,0.3871,40.1619,52.5447,No,0.0,-0.0031,1.029,Good,High,1.9701,10.0,10.0,25.504,Moderate Risk,75.7387,34.8772,22.3095,Aligned,34.7806,61.6469,Side Impact Potential,Urban,2.1044,True,Mixed,Meets Safe System Standards,-0.006,,False,29.7635,-0.0039,-0.0037,Aligned,38,Unnamed Road,835
2531,Unnamed Road,Urban Road,URB-02531,2531,12.9628,77.5111,12.9631,77.5112,38.0,1012.4,1012.438,43.9712,Moderate Misalignment,0.8781,0.0458,0.8989,0.0918,0.0078,40.5423,41.3468,97.5373,53.2519,42.5058,50.1502,63.0602,0.129,57.8606,41.6826,No,0.0,-0.0,0.9712,Good,Medium,0.6486,10.0,10.199,29.7785,Moderate Risk,70.554,40.5004,34.5384,Moderate Misalignment,43.6842,68.735,Side Impact Potential,Urban,4.2894,True,Residential,Above Human Tolerance Limit,-0.0176,,False,35.3806,0.004,0.0199,Moderate Misalignment,41,Unnamed Road,836
2532,Unnamed Road,Urban Road,URB-02532,2532,12.9631,77.5112,12.9635,77.5113,40.2,1012.8,1012.84,27.1926,Moderate Misalignment,0.5592,0.4184,0.5409,-0.0065,0.0014,50.9875,50.9288,82.8031,36.9616,32.4483,48.1497,92.7529,0.3811,50.7776,29.6409,No,0.0,-0.0105,-0.0089,Good,Low,1.8346,10.0,27.0537,28.5639,Moderate Risk,67.2914,50.8843,32.6985,Moderate Misalignment,63.1415,61.1126,Side Impact Potential,Urban,2.8883,True,Commercial,Meets Safe System Standards,-0.022,,False,56.69,0.0081,-0.0006,Moderate Misalignment,50,Unnamed Road,837
2533,Unnamed Road,Urban Road,URB-02533,2533,12.9953,77.5225,12.9951,77.5225,30.6,1013.2,1013.231,13.7887,Aligned,0.9393,0.983,0.0543,0.008,0.0086,49.722,46.9671,99.1007,9.097,13.0284,80.5726,74.0076,0.0,60.0,6.9939,No,0.0,-0.005,-0.0653,Good,Low,0.0878,10.0,10.0,18.9872,Safe,72.2251,47.0266,18.6615,Aligned,48.9246,33.9348,Separated Traffic,Rural,7.8577,True,Industrial,Poor Infrastructure,0.0033,,False,45.9627,-0.0103,0.0133,Aligned,50,Unnamed Road,838
2534,Unnamed Road,Urban Road,URB-02534,2534,12.9951,77.5225,12.9932,77.5215,239.8,1013.6,1013.84,12.2842,Aligned,0.9514,0.9304,0.0374,0.0156,0.0057,23.026,20.1034,48.6967,15.2359,28.908,49.4526,79.2783,0.0,40.8273,21.3565,No,0.0,0.0053,-0.0063,Poor,High,3.6423,10.0,10.0,24.0689,Safe,70.4597,24.5701,19.8333,Aligned,18.5102,56.1249,Side Impact Potential,Urban,1.8612,False,Mixed,Poor Infrastructure,0.1376,Light,False,16.8511,0.0058,0.0056,Aligned,21,Unnamed Road,839
2535,Unnamed Road,Urban Road,URB-02535,2535,12.9709,77.5112,12.9713,77.5113,52.4,1014.0,1014.052,36.5331,Moderate Misalignment,0.8041,0.1822,0.7362,0.0099,0.01,30.2971,29.8196,74.5357,54.894,36.611,29.1677,75.5635,0.0,41.2639,33.7408,No,0.0,-0.003,0.0097,Poor,Low,2.1319,10.0,10.0,26.9513,Moderate Risk,72.8434,28.6732,30.7548,Moderate Misalignment,26.6442,61.3428,Significant Pedestrian Interaction,Urban,2.2839,True,Residential,High Pedestrian Interaction | Above Human Tolerance Limit,0.1367,Light,False,24.3301,-0.0001,-0.005,Moderate Misalignment,29,Unnamed Road,840
2536,Unnamed Road,Urban Road,URB-02536,2536,12.9709,77.5112,12.9704,77.511,59.2,1014.4,1014.459,38.9273,Moderate Misalignment,0.9084,0.0976,0.904,0.0187,-0.0073,32.1046,34.5873,59.2125,43.1656,46.2441,48.8293,97.3724,0.0,31.9682,51.6183,No,0.0,0.0112,1.0263,Good,Low,3.6236,10.0,10.9217,27.5991,Moderate Risk,72.5736,34.1037,25.246,Moderate Misalignment,36.1407,57.7519,Side Impact Potential,Urban,1.9744,True,Commercial,Meets Safe System Standards,-0.0027,,False,28.252,0.0005,-0.0013,Moderate Misalignment,30,Unnamed Road,841
2537,Unnamed Road,Urban Road,URB-02537,2537,12.979,77.5152,12.9802,77.5159,160.2,1014.8,1014.96,33.8342,Moderate Misalignment,0.7527,0.2727,0.7916,0.0018,-0.0019,37.3912,34.9369,28.2924,17.423,25.5876,49.5875,100.0,0.0024,31.9937,16.4925,No,0.0,0.0024,0.0791,Good,High,3.2321,10.0,20.1325,24.6665,Moderate Risk,67.2946,34.974,26.1802,Moderate Misalignment,35.1921,57.9247,Side Impact Potential,Peri-Urban,2.0277,False,Industrial,Poor Infrastructure,-0.0062,,False,31.2525,0.0043,0.0097,Moderate Misalignment,36,Unnamed Road,842
2538,Unnamed Road,Urban Road,URB-02538,2538,12.9783,77.5148,12.979,77.5152,91.8,1015.2,1015.292,10.7102,Aligned,0.9682,0.9382,0.0667,-0.0142,-0.0057,35.4234,34.0375,57.4778,21.4982,26.5766,50.6686,82.0198,0.0708,40.3266,17.2158,No,0.0,0.0017,0.0222,Poor,Low,3.0806,10.0,10.3068,22.8114,Safe,72.0493,37.2856,20.7147,Aligned,37.2007,56.5101,Side Impact Potential,Urban,1.8878,True,Commercial,Poor Infrastructure,-0.0112,,False,27.4933,0.0047,0.0015,Aligned,36,Unnamed Road,843
2539,Unnamed Road,Urban Road,URB-02539,2539,12.9802,77.5159,12.9802,77.515,98.7,1015.6,1015.699,8.3072,Aligned,0.9689,0.9741,0.0533,-0.0065,-0.0096,14.3534,19.8718,25.8799,1.5092,12.7239,49.5218,88.5156,0.6,58.5073,3.0835,No,0.0,-0.0029,-0.0542,Poor,Medium,1.7264,10.0,10.0,20.2976,Safe,69.743,13.1372,16.9641,Aligned,16.8503,38.3547,Side Impact Potential,Rural,0.9822,False,Industrial,Poor Infrastructure,0.0298,,False,15.7016,0.0082,0.0127,Aligned,13,Unnamed Road,844
2540,Unnamed Road,Urban Road,URB-02540,2540,12.9802,77.5159,12.9818,77.5171,224.8,1016.0,1016.225,12.611,Aligned,0.9822,0.9843,-0.0014,-0.0015,0.009,48.2014,50.5255,79.9875,26.7928,24.5902,47.8456,82.7147,0.0715,50.2194,15.2633,No,0.0,0.0046,-0.0358,Poor,High,1.9483,10.0,10.0,20.3225,Safe,74.8707,47.119,19.8651,Aligned,48.3768,56.8456,Side Impact Potential,Urban,2.9146,True,Mixed,Poor Infrastructure,0.0114,,False,38.1592,-0.0227,0.0091,Aligned,50,Unnamed Road,845
2541,Unnamed Road,Urban Road,URB-02541,2541,12.9714,77.5126,12.972,77.5127,71.3,1016.4,1016.471,37.318,Moderate Misalignment,0.7903,0.1382,0.795,0.0543,0.0042,81.3901,81.3464,99.0303,0.39,15.6832,80.1142,84.9333,0.0,60.0,7.3331,No,0.0,-0.0045,0.0135,Poor,Medium,-0.1107,10.0,10.0,26.5412,Moderate Risk,60.7193,80.7466,32.159,Moderate Misalignment,87.2058,38.9044,Separated Traffic,Rural,6.9164,True,Commercial,Poor Infrastructure | Above Human Tolerance Limit,-0.0173,,False,78.0782,0.0184,0.0042,Moderate Misalignment,82,Unnamed Road,846
2542,Unnamed Road,Urban Road,URB-02542,2542,12.9709,77.5126,12.9714,77.5126,59.0,1016.8,1016.859,68.9019,High Misalignment,0.8034,0.0274,0.1668,0.796,-0.0058,48.8383,49.2436,98.5215,33.351,24.3416,48.1665,53.3329,0.1596,60.0,17.5279,No,0.0,0.0031,-0.0349,Poor,Medium,0.3872,10.0,10.0,35.4537,Moderate Risk,52.938,51.1252,55.174,High Misalignment,58.8607,51.4602,Side Impact Potential,Peri-Urban,7.8813,False,Mixed,Speed Limit Misaligned | Poor Infrastructure | Above Human Tolerance Limit,0.025,,False,47.2644,-0.0021,0.0107,High Misalignment,49,Unnamed Road,847
2543,Unnamed Road,Urban Road,URB-02543,2543,12.972,77.5127,12.9747,77.5133,317.0,1017.2,1017.517,12.1793,Aligned,0.9452,0.8852,0.0842,0.0182,-0.0119,52.2291,53.543,97.192,0.0696,12.8514,79.85,58.7162,0.4173,59.1397,4.64,No,0.0,-0.0079,0.0202,Poor,High,0.267,10.0,10.0,20.3899,Safe,70.0885,51.016,16.0122,Aligned,54.2659,36.6151,Separated Traffic,Rural,5.677,True,Residential,Approach to Congestion (Tapered) | Poor Infrastructure,0.1335,Light,True,39.5665,-0.0014,0.0026,Aligned,53,Unnamed Road,848
2544,Unnamed Road,Urban Road,URB-02544,2544,12.9697,77.5107,12.9704,77.511,78.7,1017.6,1017.679,13.0979,Aligned,0.9181,0.9069,0.086,-0.0047,-0.0058,58.3368,58.5771,98.2295,13.5751,23.9972,78.5704,69.1313,0.0,59.8984,9.5202,No,0.0,0.0032,-0.0746,Good,High,0.2646,10.0,10.1658,21.4357,Safe,71.9429,55.3009,18.6704,Aligned,61.0985,58.8176,Separated Traffic,Peri-Urban,5.9218,True,Residential,Poor Infrastructure,-0.0108,,False,48.1198,0.0199,-0.0149,Aligned,58,Unnamed Road,849
2545,Unnamed Road,Urban Road,URB-02545,2545,12.9713,77.5113,12.9717,77.5115,52.8,1018.0,1018.053,29.0441,Moderate Misalignment,0.5793,0.3788,0.5958,0.0255,-0.0033,61.1213,57.7113,98.7191,11.6814,24.5158,78.4401,37.8821,0.4481,59.5854,27.9215,No,0.0,0.003,1.0912,Poor,Low,0.1888,10.0,10.0,27.4803,Moderate Risk,63.2469,58.3715,31.5757,Moderate Misalignment,56.4952,35.5926,Separated Traffic,Rural,3.9347,True,Residential,Poor Infrastructure | Above Human Tolerance Limit,-0.0018,,False,49.9487,-0.0034,-0.0085,Moderate Misalignment,61,Unnamed Road,850
2546,Unnamed Road,Urban Road,URB-02546,2546,12.9982,77.5244,12.998,77.524,44.7,1018.4,1018.445,15.4537,Aligned,0.8924,0.8793,0.1084,0.0137,-0.0073,49.5413,48.1833,98.8502,25.6763,30.8546,80.0917,52.8989,0.1535,60.0,24.0437,No,0.0,0.0052,1.0494,Good,Low,0.3836,10.0,10.0,23.0992,Safe,72.8108,49.7547,18.7349,Aligned,49.6661,60.6765,Separated Traffic,Peri-Urban,4.1088,True,Mixed,Approach to Congestion (Tapered) | Poor Infrastructure,0.1849,Light,True,36.7639,-0.0027,0.0038,Aligned,49,Unnamed Road,851
2547,Unnamed Road,Urban Road,URB-02547,2547,12.9726,77.5118,12.9721,77.5117,62.9,1018.8,1018.863,36.4711,Moderate Misalignment,0.8412,0.1615,0.8288,0.0075,0.003,47.05,48.6651,62.6182,14.1874,22.2259,49.9133,99.9155,0.6251,59.789,12.4002,No,0.0,-0.0051,0.0096,Good,Low,1.9572,10.0,22.8754,25.0366,Moderate Risk,66.4547,51.8942,27.462,Moderate Misalignment,50.4435,51.583,Side Impact Potential,Peri-Urban,4.3352,True,Residential,Poor Infrastructure,0.1541,Light,False,38.3669,-0.0105,-0.0106,Moderate Misalignment,49,Unnamed Road,852
2548,Unnamed Road,Urban Road,URB-02548,2548,12.9717,77.513,12.971,77.5143,169.4,1019.2,1019.369,10.89,Aligned,0.9607,0.9348,0.0223,0.0025,0.0019,39.0766,39.5944,84.4067,29.7622,43.4431,50.6018,73.0894,0.6685,49.9693,44.9716,No,0.0,0.0026,0.9775,Poor,Low,1.7922,10.0,10.0,27.7366,Moderate Risk,70.7649,39.6331,25.0672,Aligned,41.979,66.4821,Side Impact Potential,Urban,5.1085,True,Residential,Poor Infrastructure,0.1243,Light,False,30.488,-0.005,-0.0038,Aligned,40,Unnamed Road,853
2549,Unnamed Road,Urban Road,URB-02549,2549,12.9708,77.5148,12.971,77.5143,57.7,1019.6,1019.658,11.4671,Aligned,0.956,0.9308,0.0311,-0.005,0.0023,35.5923,35.8174,61.5617,21.4689,29.9021,50.9104,85.7212,0.0153,40.7916,23.6137,No,0.0,-0.002,0.0157,Good,Medium,3.1526,10.0,10.0,24.0881,Safe,71.6189,34.3283,21.2214,Aligned,34.2532,59.6028,Side Impact Potential,Urban,3.0067,True,Commercial,Poor Infrastructure,0.0199,,False,30.1641,0.0112,0.0102,Aligned,35,Unnamed Road,854
2550,Unnamed Road,Urban Road,URB-02550,2550,12.9717,77.513,12.9711,77.5129,64.0,1020.0,1020.064,39.227,Moderate Misalignment,0.8103,0.0937,0.7579,0.1137,-0.0014,31.6861,31.0891,87.2214,53.108,47.1572,30.0869,87.3808,0.1757,59.5722,54.9563,No,0.0,0.0029,2.0193,Good,Medium,1.8732,10.0,10.4653,41.127,Moderate Risk,53.6231,30.0443,61.0563,High Misalignment,56.2881,61.137,Significant Pedestrian Interaction,Urban,4.9232,True,Mixed,Speed Limit Misaligned | High Pedestrian Interaction | Above Human Tolerance Limit,0.0063,,False,52.6163,-0.0139,0.0047,Moderate Misalignment,31,Unnamed Road,855
2551,Unnamed Road,Urban Road,URB-02551,2551,12.9711,77.5129,12.9697,77.5128,165.4,1020.4,1020.565,38.6299,Moderate Misalignment,0.9085,0.0392,0.9059,0.0538,0.001,79.1042,81.5532,100.0,0.4734,14.1067,80.5512,93.3176,0.1071,60.0,4.381,No,0.0,-0.0138,-0.0035,Poor,Medium,0.2029,10.0,33.4274,31.2228,Moderate Risk,52.3145,79.6178,47.0422,Moderate Misalignment,108.0823,40.327,Separated Traffic,Rural,6.9962,True,Residential,Poor Infrastructure,0.1272,Light,False,85.4121,0.0227,0.0033,Moderate Misalignment,80,Unnamed Road,856
2552,Unnamed Road,Urban Road,URB-02552,2552,12.967,77.5082,12.9656,77.5096,211.1,1020.8,1021.011,13.3982,Aligned,0.9058,0.9314,0.052,0.0304,0.0007,50.455,52.5355,100.0,8.2631,21.8896,80.6984,50.9028,0.1855,59.9487,9.5754,No,0.0,0.0028,-0.026,Good,Low,0.3025,10.0,10.4646,22.4324,Safe,69.2087,51.5071,19.9942,Aligned,48.8958,56.82,Separated Traffic,Peri-Urban,3.9233,True,Industrial,Poor Infrastructure,0.201,Light,False,38.5828,-0.0096,-0.0007,Aligned,52,Unnamed Road,857
2553,Unnamed Road,Urban Road,URB-02553,2553,12.967,77.5082,12.9674,77.5084,50.2,1021.2,1021.25,67.7713,High Misalignment,0.7867,0.0305,0.2099,0.7965,0.0012,28.8526,30.8622,80.4402,43.8393,53.068,28.6891,90.4989,0.0,60.0,60.5309,No,0.0,0.0064,1.9762,Good,Low,1.7365,10.0,15.7986,47.9045,Moderate Risk,44.7247,33.1837,73.2871,High Misalignment,70.5895,64.5169,Significant Pedestrian Interaction,Urban,2.1167,True,Residential,Speed Limit Misaligned | High Pedestrian Interaction | Above Human Tolerance Limit,0.1793,Light,False,50.147,-0.0067,-0.0046,High Misalignment,29,Unnamed Road,858
2554,Unnamed Road,Urban Road,URB-02554,2554,12.9708,77.5148,12.9703,77.5147,58.1,1021.6,1021.658,25.0534,Aligned,0.6419,0.5905,0.2107,0.1616,0.0005,79.272,79.8522,95.7127,25.6755,29.6885,78.7139,83.8044,0.0,60.0,24.7259,No,0.0,0.0028,0.9488,Good,High,0.4475,10.0,11.0465,26.4754,Moderate Risk,67.7205,78.6701,31.1476,Moderate Misalignment,90.9107,55.9984,Separated Traffic,Urban,4.0564,True,Residential,Poor Infrastructure,0.1473,Light,False,70.5581,0.0096,-0.0006,Aligned,79,Unnamed Road,859
2555,Unnamed Road,Urban Road,URB-02555,2555,12.9695,77.5147,12.9703,77.5147,86.1,1022.0,1022.086,55.0035,High Misalignment,0.5017,0.0424,0.4297,0.5075,0.0031,78.7929,77.07,100.0,10.849,22.2651,79.9781,97.2525,19.8638,60.0,13.5192,No,0.0,0.0052,-0.0413,Poor,Low,0.4636,10.0,20.7385,40.2176,Moderate Risk,47.8905,80.3919,52.4645,High Misalignment,109.2316,54.6661,Separated Traffic,Peri-Urban,5.9324,True,Residential,Speed Limit Misaligned | Poor Infrastructure | Above Human Tolerance Limit,-0.0168,,False,89.6321,0.0072,1.0014,High Misalignment,79,Unnamed Road,860
2556,Unnamed Road,Urban Road,URB-02556,2556,12.9635,77.5113,12.9643,77.5107,122.5,1022.4,1022.523,17.3619,Aligned,0.8278,0.8314,0.1345,-0.0036,-0.0033,47.6151,46.0576,100.0,0.0,15.1311,80.6903,64.7828,0.0,59.6817,9.4947,No,0.0,-0.0126,-0.0141,Good,Low,0.1891,10.0,10.0,21.2463,Safe,68.7103,47.9792,17.2392,Aligned,47.6786,32.2232,Separated Traffic,Rural,5.8537,True,Industrial,Poor Infrastructure,0.1711,Light,False,37.6457,0.0022,0.0017,Aligned,47,Unnamed Road,861
2557,Unnamed Road,Urban Road,URB-02557,2557,12.9635,77.5113,12.9636,77.5122,107.0,1022.8,1022.907,11.7997,Aligned,0.9543,0.9344,0.0546,0.0121,0.011,36.3146,34.3042,54.679,5.9522,23.2244,50.9805,81.8751,0.4842,41.4634,16.1046,No,0.0,0.0086,0.0127,Poor,Medium,2.1367,10.0,10.1103,22.9516,Safe,68.6432,37.6474,19.9041,Aligned,36.0416,51.1487,Side Impact Potential,Peri-Urban,3.1058,False,Residential,Poor Infrastructure,0.198,Light,False,28.2987,-0.0193,0.0039,Aligned,37,Unnamed Road,862
2558,Unnamed Road,Urban Road,URB-02558,2558,12.9656,77.5096,12.9643,77.5107,188.4,1023.2,1023.388,13.4605,Aligned,0.8788,0.8703,0.0877,0.0214,0.006,46.3763,47.0817,100.0,31.5759,25.4035,81.2085,50.6577,0.0,59.3526,30.4476,No,0.0,0.0031,1.0441,Poor,Medium,0.0859,10.0,10.1981,20.7973,Safe,75.366,45.0252,18.9568,Aligned,49.7344,33.2127,Separated Traffic,Rural,6.0813,True,Mixed,Poor Infrastructure,0.1589,Light,False,37.4524,-0.0045,0.0029,Aligned,47,Unnamed Road,863
2559,Unnamed Road,Urban Road,URB-02559,2559,12.9656,77.5096,12.9662,77.5096,68.4,1023.6,1023.668,38.4577,Moderate Misalignment,0.9461,0.0466,0.9428,0.0278,0.0055,78.0364,77.6444,99.2367,3.2987,21.8437,80.5629,10.0,0.318,60.0,12.5947,No,0.0,-0.0096,-0.0019,Good,Medium,0.5562,10.0,10.0,28.2426,Moderate Risk,61.2607,77.8008,32.376,Moderate Misalignment,78.7213,50.1456,Separated Traffic,Peri-Urban,6.0632,True,Commercial,Active Congestion | Poor Infrastructure | Above Human Tolerance Limit,0.8107,Severe,False,13.917,-0.0019,-0.0128,Moderate Misalignment,78,Unnamed Road,864
2560,Unnamed Road,Urban Road,URB-02560,2560,12.9721,77.5117,12.9717,77.5115,46.7,1024.0,1024.047,12.8774,Aligned,0.9399,0.9584,0.0363,0.0209,0.0001,78.9451,78.6587,96.8302,0.7883,16.5884,80.1527,16.4043,0.0,60.0,11.8491,No,0.0,0.0104,0.0093,Poor,Medium,0.3782,10.0,10.1992,23.9811,Safe,65.2086,79.1867,23.6174,Aligned,84.6934,34.6423,Separated Traffic,Rural,5.0635,True,Industrial,Active Congestion | Poor Infrastructure,0.7325,Severe,False,27.0394,0.0111,-0.0042,Aligned,80,Unnamed Road,865
2561,Unnamed Road,Urban Road,URB-02561,2561,12.9636,77.5126,12.962,77.5126,185.1,1024.4,1024.585,11.1332,Aligned,0.9242,0.9517,0.0475,0.0222,-0.0078,28.702,30.274,81.2477,18.6148,23.7401,50.397,54.9878,0.2965,40.8924,11.3662,No,0.0,0.0043,0.0495,Poor,Low,1.8214,10.0,10.4717,20.4748,Safe,73.5175,29.0,19.0704,Aligned,30.7506,55.4313,Side Impact Potential,Urban,5.8556,False,Residential,Active Congestion | Poor Infrastructure,0.6752,Severe,False,12.2273,-0.003,-0.0129,Aligned,29,Unnamed Road,866
2562,Unnamed Road,Urban Road,URB-02562,2562,12.962,77.5126,12.961,77.5131,131.5,1024.8,1024.931,8.7682,Aligned,0.9448,0.9596,0.0453,-0.0123,-0.0041,29.7937,30.0017,69.7456,53.9939,39.486,49.5382,75.5069,0.0,41.5618,34.5475,No,0.0,-0.0005,-0.0648,Good,Low,1.6498,10.0,10.0,21.4016,Safe,80.354,28.4303,19.7244,Aligned,28.5769,64.2528,Side Impact Potential,Urban,1.8681,False,Mixed,Meets Safe System Standards,0.0158,,False,23.8771,0.0158,-0.0186,Aligned,29,Unnamed Road,867
2563,Unnamed Road,Urban Road,URB-02563,2563,12.9816,77.5174,12.9787,77.5153,410.1,1025.2,1025.61,9.225,Aligned,0.9634,0.9854,0.0771,0.0103,-0.0075,36.0865,37.1998,51.8024,14.0053,27.7167,50.2751,79.3464,0.3146,39.7538,23.2347,No,0.0,0.0005,1.0342,Good,Low,1.9815,10.0,10.0,24.8022,Safe,69.8734,37.9098,21.1471,Aligned,35.7151,53.8562,Side Impact Potential,Peri-Urban,2.8284,False,Residential,Poor Infrastructure,0.1912,Light,False,29.6333,-0.0025,-0.005,Aligned,36,Unnamed Road,868
2564,Unnamed Road,Urban Road,URB-02564,2564,12.9787,77.5153,12.9781,77.5151,73.8,1025.6,1025.674,69.8616,High Misalignment,0.8227,-0.0107,0.14,0.8019,0.0111,50.9517,51.0336,98.9319,0.0117,16.0878,49.4604,85.7805,0.0752,60.0,5.2724,No,0.0,-0.0054,0.0185,Poor,Low,0.1906,10.0,30.2509,47.0204,Moderate Risk,29.3728,49.2139,83.4902,Critical Misalignment,104.195,45.4936,Side Impact Potential,Rural,6.0735,False,Mixed,Speed Limit Misaligned | Poor Infrastructure | Above Human Tolerance Limit,-0.0044,,False,90.4282,-0.0233,0.0037,High Misalignment,51,Unnamed Road,869
2565,Unnamed Road,Urban Road,URB-02565,2565,12.9781,77.5151,12.9772,77.5146,121.4,1026.0,1026.121,12.5047,Aligned,0.9638,0.9574,0.0425,0.0178,0.0061,23.6894,20.9989,25.6983,23.6634,21.1703,49.9485,99.7422,0.1993,59.0825,13.272,No,0.0,-0.0031,-0.0485,Good,Medium,2.4598,10.0,15.8946,21.5632,Safe,72.83,21.8373,20.5606,Aligned,25.7525,50.0463,Side Impact Potential,Peri-Urban,1.0197,False,Commercial,Poor Infrastructure,-0.0068,,False,19.4085,-0.0152,-0.0175,Aligned,23,Unnamed Road,870
2566,Unnamed Road,Urban Road,URB-02566,2566,12.9685,77.5127,12.9683,77.5127,30.9,1026.4,1026.431,34.9237,Moderate Misalignment,0.7619,0.2222,0.7164,0.0228,-0.0003,80.4955,81.4084,99.7959,9.553,19.3794,80.2293,91.8614,0.0,60.0,14.0204,No,0.0,0.004,0.0147,Good,High,-0.0057,10.0,12.1171,25.1843,Moderate Risk,64.9157,79.7351,29.7047,Moderate Misalignment,91.3081,37.488,Separated Traffic,Rural,6.9054,True,Industrial,Approach to Congestion (Tapered) | Poor Infrastructure,0.0085,,True,72.7703,-0.0198,0.0052,Moderate Misalignment,80,Unnamed Road,871
2567,Unnamed Road,Urban Road,URB-02567,2567,12.9688,77.5128,12.9685,77.5127,32.1,1026.8,1026.832,22.5517,Aligned,0.5993,0.5683,0.3478,0.0335,0.0043,66.0475,66.9016,100.0,25.4848,28.2262,79.662,44.0762,0.0,58.9869,21.4411,No,0.0,0.0006,0.8602,Good,Low,0.4655,10.0,10.1425,27.3949,Moderate Risk,66.036,67.2788,32.4976,Moderate Misalignment,67.0197,54.7634,Separated Traffic,Peri-Urban,5.1151,True,Residential,Poor Infrastructure | Above Human Tolerance Limit,0.169,Light,False,51.0052,0.0003,-0.0101,Aligned,65,Unnamed Road,872