segment_id,road_name,road_type,human_segment_id,internal_id,start_lat,start_lon,end_lat,end_lon,length_m,start_km,end_km,road_risk_score,ai_risk_label,ai_risk_probability,prob_low_risk,prob_medium_risk,prob_high_risk,prob_critical_risk,ai_recommended_speed,recommended_safe_speed,road_function_score,infrastructure_score,exposure_score,human_tolerance_limit,operating_speed_score,crash_risk_score,posted_speed_limit,pedestrian_exposure_score,blackspot_flag,crash_count,fatal_crashes,schools_count,lighting_quality,roadside_hazards,intersection_density,speed_compliance_rate,speed_violation_score,hotspot_score,hotspot_category,speed_safety_score,original_safe_speed,misalignment_score,misalignment_category,speed_p85,ptw_share_pct,exposure_tier,urban_rural_flag,lane_count,median_presence,land_use_type,top_ai_factors,congestion_index,congestion_category,congestion_smoothed,operating_speed_mean,minor_crashes,major_crashes,risk_category,final_safe_speed,corridor_base,corridor_seq
2568,Unnamed Road,Urban Road,URB-02568,2568,12.9697,77.5107,12.9692,77.5105,61.3,1027.2,1027.261,35.635,Moderate Misalignment,0.7586,0.1894,0.7792,0.0128,-0.0035,68.0256,66.9754,100.0,14.3114,21.7902,81.7722,91.6071,0.7002,58.772,14.4873,No,0.0,-0.0044,-0.0089,Poor,High,0.1369,10.0,11.0589,24.7264,Safe,66.8577,67.6728,27.2133,Moderate Misalignment,67.6243,44.5725,Separated Traffic,Rural,7.8066,True,Industrial,Poor Infrastructure,-0.0071,,False,55.2841,0.0074,-0.0054,Moderate Misalignment,67,Unnamed Road,873
2569,Unnamed Road,Urban Road,URB-02569,2569,12.967,77.5097,12.9692,77.5105,258.5,1027.6,1027.859,20.0464,Aligned,0.7496,0.7208,0.2707,-0.0023,0.0024,72.1081,73.9125,99.5706,6.5544,14.3257,81.3955,56.2284,0.3446,59.5784,2.8934,No,0.0,0.0099,0.0161,Poor,High,0.2281,10.0,10.0,24.5947,Safe,63.4093,71.3947,29.1041,Moderate Misalignment,74.9166,38.2312,Separated Traffic,Rural,7.1582,True,Industrial,Poor Infrastructure | Above Human Tolerance Limit,0.016,,False,59.766,-0.0113,-0.0067,Aligned,74,Unnamed Road,874
2570,Unnamed Road,Urban Road,URB-02570,2570,12.9667,77.5096,12.967,77.5097,39.2,1028.0,1028.039,8.4119,Aligned,1.0339,0.98,0.0425,-0.032,-0.0169,18.9963,18.8657,31.5438,10.6077,16.5446,51.0337,81.847,0.0,29.3829,6.7249,No,0.0,-0.001,-0.039,Poor,Low,1.6945,10.0,10.0104,19.4298,Safe,72.223,20.7113,17.8158,Aligned,19.8171,41.991,Side Impact Potential,Rural,1.7395,False,Industrial,Poor Infrastructure,-0.0111,,False,17.8524,0.0147,-0.0004,Aligned,20,Unnamed Road,875
2571,Unnamed Road,Urban Road,URB-02571,2571,12.9667,77.5096,12.9662,77.5096,46.4,1028.4,1028.446,65.3366,High Misalignment,0.8543,0.0753,0.1009,0.8168,0.0035,79.157,79.294,99.9677,6.333,21.7501,80.7508,10.0,0.0,59.7252,12.0469,No,0.0,0.002,0.0613,Poor,Low,0.001,10.0,28.2286,37.904,Moderate Risk,47.5173,79.6279,57.6134,High Misalignment,115.6682,44.7596,Separated Traffic,Rural,5.0732,True,Residential,Speed Limit Misaligned | Active Congestion | Poor Infrastructure,0.7233,Severe,False,30.5165,0.0225,-0.0027,High Misalignment,77,Unnamed Road,876
2572,Unnamed Road,Urban Road,URB-02572,2572,12.9818,77.5171,12.9859,77.519,505.3,1028.8,1029.305,13.5676,Aligned,0.8594,0.9388,0.1227,0.0227,0.0043,49.356,39.652,99.2268,36.1252,29.6431,79.5064,66.7309,40.044,59.3287,14.7649,Yes,0.0,0.9979,-0.0162,Poor,Low,0.7468,10.0,10.0,31.3194,Moderate Risk,68.2063,46.8698,18.7582,Aligned,47.8446,68.5,Separated Traffic,Urban,4.8022,True,Industrial,Meets Safe System Standards,0.15,Light,False,38.3623,0.0154,-0.0204,Aligned,49,Unnamed Road,877
2573,Unnamed Road,Urban Road,URB-02573,2573,12.9819,77.5161,12.9818,77.5171,115.7,1029.2,1029.316,11.3055,Aligned,0.9834,1.0034,0.0383,-0.0213,-0.002,22.7719,22.3362,56.7814,9.9104,26.8763,50.0941,82.2913,0.0,39.7715,19.82,No,0.0,0.0043,0.0129,Poor,Low,2.3061,10.0,10.0,24.1874,Safe,69.8904,20.5621,20.2317,Aligned,23.221,56.8489,Side Impact Potential,Peri-Urban,3.9562,False,Commercial,Poor Infrastructure,-0.0212,,False,19.5378,0.0095,0.0145,Aligned,23,Unnamed Road,878
2574,Unnamed Road,Urban Road,URB-02574,2574,12.961,77.5131,12.9602,77.5148,217.5,1029.6,1029.818,12.0825,Aligned,0.9679,0.9669,0.0292,0.0055,0.0032,20.7721,19.7982,47.6277,39.4304,35.3172,50.5069,80.9093,0.0,29.6639,33.196,No,0.0,-0.0079,1.0434,Poor,High,3.0892,10.0,10.0253,23.5433,Safe,76.9515,21.405,17.7917,Aligned,20.1941,57.6105,Side Impact Potential,Urban,2.1982,False,Industrial,Meets Safe System Standards,0.1743,Light,False,16.4496,-0.0028,0.0088,Aligned,21,Unnamed Road,879
2575,Unnamed Road,Urban Road,URB-02575,2575,12.9606,77.513,12.9608,77.5127,44.9,1030.0,1030.045,9.111,Aligned,0.9903,0.9775,0.0218,-0.0117,0.0031,19.7862,21.4421,24.4923,7.5914,16.9482,49.7552,77.1987,0.3655,29.8636,3.5924,No,0.0,-0.0116,-0.0012,Poor,High,3.1545,10.0,10.0661,20.8942,Safe,71.3177,21.2996,18.1027,Aligned,19.8545,49.9661,Side Impact Potential,Peri-Urban,0.9519,False,Residential,Poor Infrastructure,0.2209,Light,False,14.8519,-0.0063,-0.0042,Aligned,19,Unnamed Road,880
2576,Unnamed Road,Urban Road,URB-02576,2576,12.9602,77.5148,12.9601,77.515,24.9,1030.4,1030.425,42.8734,Moderate Misalignment,0.5008,0.2292,0.5145,0.2593,0.0024,79.0123,78.3187,99.6442,0.4091,17.0502,79.8672,86.4082,0.4387,59.578,4.2896,No,0.0,-0.0016,0.0126,Poor,Low,0.1918,10.0,11.8576,30.9927,Moderate Risk,54.6974,80.7579,42.599,Moderate Misalignment,101.8203,46.455,Separated Traffic,Rural,4.1764,True,Residential,Poor Infrastructure | Above Human Tolerance Limit,0.0051,,False,78.7032,-0.0095,-0.0129,Moderate Misalignment,81,Unnamed Road,881
2577,Unnamed Road,Urban Road,URB-02577,2577,12.957,77.5158,12.9574,77.516,51.0,1030.8,1030.851,12.7312,Aligned,0.9252,0.9595,0.0497,0.0073,-0.0008,29.884,30.4471,82.344,18.2038,23.1443,49.7822,55.2486,0.0,40.6858,11.8828,No,0.0,0.0007,0.0989,Poor,Low,1.714,10.0,10.0,20.6554,Safe,74.0786,30.1565,18.2965,Aligned,30.1739,55.3869,Side Impact Potential,Urban,5.7355,False,Residential,Active Congestion | Poor Infrastructure,0.6699,Severe,False,12.5119,-0.0038,0.0074,Aligned,29,Unnamed Road,882
2578,Unnamed Road,Urban Road,URB-02578,2578,12.957,77.5158,12.9571,77.5155,29.2,1031.2,1031.229,32.7974,Moderate Misalignment,0.7293,0.1713,0.7446,0.04,0.0046,67.7009,67.9384,99.7333,0.0,17.9001,79.3511,87.0677,0.0,60.0,12.1283,No,0.0,0.0063,-0.0146,Good,Low,0.1617,10.0,12.752,25.2272,Moderate Risk,63.5982,67.1674,26.9832,Moderate Misalignment,68.938,37.6555,Separated Traffic,Rural,7.9146,True,Residential,Poor Infrastructure,0.1583,Light,False,51.1347,-0.0023,-0.0084,Moderate Misalignment,71,Unnamed Road,883
2579,Unnamed Road,Urban Road,URB-02579,2579,12.9574,77.516,12.9576,77.5161,22.8,1031.6,1031.623,9.596,Aligned,0.9788,0.9635,0.0494,-0.0202,-0.0029,40.7629,37.9916,84.9653,31.5911,44.3849,50.5995,73.1464,0.4386,51.0121,42.8836,No,0.0,-0.0004,0.9924,Poor,Low,1.795,10.0,10.0,27.8679,Moderate Risk,70.8197,39.7234,23.9524,Aligned,38.5598,65.5933,Side Impact Potential,Urban,5.0692,True,Residential,Poor Infrastructure,0.1369,Light,False,31.0378,0.0057,-0.0044,Aligned,38,Unnamed Road,884
2580,Unnamed Road,Urban Road,URB-02580,2580,12.9572,77.5151,12.9571,77.5155,44.8,1032.0,1032.045,27.7958,Moderate Misalignment,0.5988,0.3632,0.5768,-0.0045,0.0056,28.7051,29.1409,52.5612,31.4527,36.8829,50.4302,93.912,0.3576,31.4231,32.388,No,0.0,-0.0094,0.9504,Good,Medium,2.6502,10.0,10.0,25.3746,Safe,73.2631,29.0361,21.3828,Aligned,29.3436,62.8029,Side Impact Potential,Urban,4.0125,False,Mixed,Poor Infrastructure,0.0106,,False,28.5867,-0.0071,0.0034,Moderate Misalignment,29,Unnamed Road,885
2581,Unnamed Road,Urban Road,URB-02581,2581,12.9447,77.5223,12.9447,77.5227,38.1,1032.4,1032.438,10.0894,Aligned,1.0057,0.9948,0.0057,-0.0037,0.0078,25.7005,25.867,27.7061,30.0733,25.4792,49.4136,85.1882,0.1296,29.3466,17.561,No,0.0,-0.0011,0.0429,Poor,Low,3.3184,10.0,10.0,19.7075,Safe,75.9368,25.1757,17.7501,Aligned,26.1391,48.7085,Side Impact Potential,Peri-Urban,0.8958,False,Industrial,Poor Infrastructure,-0.0105,,False,18.6504,-0.0066,-0.0075,Aligned,27,Unnamed Road,886
2582,Unnamed Road,Urban Road,URB-02582,2582,12.9448,77.5232,12.9447,77.5227,54.1,1032.8,1032.854,67.3037,High Misalignment,0.7964,0.0064,0.2178,0.7999,-0.0058,30.6152,29.6345,79.0853,53.0028,50.9977,27.575,66.3614,0.2824,59.3913,61.442,No,0.0,-0.0051,1.0331,Good,Medium,1.8512,10.0,10.1811,42.7383,Moderate Risk,54.0279,28.9139,61.9566,High Misalignment,48.8681,58.6228,Significant Pedestrian Interaction,Urban,1.8263,True,Mixed,Speed Limit Misaligned | High Pedestrian Interaction | Above Human Tolerance Limit,-0.0236,,False,39.3937,-0.0097,-0.0046,High Misalignment,31,Unnamed Road,887
2583,Unnamed Road,Urban Road,URB-02583,2583,12.9743,77.515,12.9746,77.5136,157.3,1033.2,1033.357,30.1164,Moderate Misalignment,0.7007,0.3337,0.7032,-0.0086,-0.0084,39.3368,38.7818,25.8991,12.9927,21.7571,50.9438,99.4081,0.1459,28.7657,12.7306,No,0.0,-0.0016,1.041,Poor,Medium,1.996,10.0,30.2533,25.3471,Moderate Risk,66.2475,38.2407,28.9961,Moderate Misalignment,36.5459,46.2358,Side Impact Potential,Rural,1.2241,False,Residential,Poor Infrastructure,0.1447,Light,False,28.5882,-0.0135,0.0009,Moderate Misalignment,40,Unnamed Road,888
2584,Unnamed Road,Urban Road,URB-02584,2584,12.951,77.5218,12.9506,77.522,48.4,1033.6,1033.648,11.8454,Aligned,0.9844,0.9425,-0.006,0.0074,-0.0026,43.0269,41.3438,72.7262,38.0494,43.643,50.6381,83.9979,0.0,51.7109,46.0146,No,0.0,-0.0043,1.0098,Good,High,2.0306,10.0,10.1872,26.3127,Moderate Risk,72.8372,41.3113,23.7779,Aligned,40.1039,60.9046,Side Impact Potential,Urban,2.9101,False,Industrial,Approach to Congestion (Tapered),0.0066,,True,39.261,0.0164,-0.0146,Aligned,43,Unnamed Road,889
2585,Unnamed Road,Urban Road,URB-02585,2585,12.951,77.5218,12.9519,77.521,133.5,1034.0,1034.133,38.5388,Moderate Misalignment,0.8743,0.1169,0.8639,-0.0103,-0.0111,48.484,50.042,76.4425,30.3794,25.9606,48.5376,96.5518,0.0,49.3356,11.3668,No,0.0,-0.0052,-0.0194,Good,Low,1.9271,10.0,25.3967,26.9791,Moderate Risk,67.1495,49.2101,30.9078,Moderate Misalignment,63.4663,64.9851,Side Impact Potential,Urban,4.0716,False,Commercial,Poor Infrastructure,0.1875,Light,False,49.0809,-0.0002,-0.0093,Moderate Misalignment,51,Unnamed Road,890
2586,Unnamed Road,Urban Road,URB-02586,2586,12.9509,77.5215,12.9512,77.5212,49.0,1034.4,1034.449,13.2378,Aligned,0.9609,0.9795,0.0465,0.0017,0.0042,38.2357,39.8545,81.9008,27.2681,31.4639,51.3246,66.6918,0.0,50.0016,19.0997,No,0.0,0.0034,-0.0188,Good,Low,2.0192,10.0,10.5921,24.1788,Safe,72.6743,38.7949,20.2818,Aligned,39.3066,65.6937,Side Impact Potential,Urban,5.946,False,Residential,Poor Infrastructure,0.2566,Light,False,26.2973,-0.0069,-0.0054,Aligned,41,Unnamed Road,891
2587,Unnamed Road,Urban Road,URB-02587,2587,12.9512,77.5212,12.9515,77.521,40.7,1034.8,1034.841,10.1308,Aligned,0.9752,1.0022,0.0336,0.021,0.0015,20.154,20.3569,30.1816,16.2103,23.872,49.348,79.044,0.0718,31.6602,15.8362,No,0.0,0.0085,-0.0142,Good,Medium,2.1314,10.0,10.6286,21.3834,Safe,72.2989,20.4291,20.7405,Aligned,21.9174,47.843,Side Impact Potential,Peri-Urban,1.9823,False,Residential,Poor Infrastructure,0.19,Light,False,12.6702,0.0146,-0.0046,Aligned,19,Unnamed Road,892
2588,Unnamed Road,Urban Road,URB-02588,2588,12.9601,77.515,12.9593,77.5166,201.7,1035.2,1035.402,39.2893,Moderate Misalignment,0.9376,0.0479,0.9025,0.0247,-0.0021,47.9861,49.6134,87.5296,38.6643,38.7057,50.1876,94.9609,0.0264,40.2619,38.0549,No,0.0,0.0018,1.0355,Good,Low,2.265,10.0,20.4794,28.4783,Moderate Risk,69.3366,48.557,30.4483,Moderate Misalignment,48.6862,68.3133,Side Impact Potential,Urban,6.2842,True,Commercial,Meets Safe System Standards,0.1875,Light,False,36.1254,0.012,-0.0009,Moderate Misalignment,48,Unnamed Road,893
2589,Unnamed Road,Urban Road,URB-02589,2589,12.9593,77.5166,12.9587,77.5178,152.6,1035.6,1035.753,13.5839,Aligned,0.9169,0.9191,0.0903,0.0183,-0.0062,45.6493,35.7377,51.0999,0.1474,15.8537,48.8549,97.916,40.1742,39.2915,5.5079,Yes,0.0,0.9983,0.0337,Poor,High,1.5231,10.0,11.6521,33.1906,Moderate Risk,58.2075,44.7678,22.1373,Aligned,44.5313,39.6133,Side Impact Potential,Rural,1.75,False,Industrial,Poor Infrastructure,0.0095,,False,38.4111,0.0127,0.0026,Aligned,46,Unnamed Road,894
2590,Unnamed Road,Urban Road,URB-02590,2590,12.9475,77.5241,12.9479,77.5237,68.2,1036.0,1036.068,13.8521,Aligned,0.8709,0.8928,0.1109,0.0217,0.0086,67.3914,69.3878,98.2333,67.2278,29.6938,79.4253,67.8118,0.3781,59.555,27.6335,No,0.0,0.0054,0.0287,Good,Medium,0.3546,10.0,10.3541,16.5812,Safe,84.3449,69.3295,15.8968,Aligned,69.4729,55.7722,Separated Traffic,Urban,4.0275,True,Residential,Meets Safe System Standards,0.0081,,False,58.7309,0.0185,0.0022,Aligned,68,Unnamed Road,895
2591,Unnamed Road,Urban Road,URB-02591,2591,12.9479,77.5237,12.9485,77.5232,81.9,1036.4,1036.482,16.0473,Aligned,0.8055,0.7395,0.2102,-0.006,0.005,55.1072,53.6276,99.1336,9.7066,18.7201,77.7293,57.0794,0.5146,60.0,8.5175,No,0.0,0.0064,-0.002,Poor,High,0.1665,10.0,10.1508,20.15,Safe,72.2202,56.2046,17.2568,Aligned,57.0911,44.2567,Separated Traffic,Rural,7.8313,True,Residential,Poor Infrastructure,-0.0069,,False,51.3707,-0.0062,0.0032,Aligned,55,Unnamed Road,896
2592,Unnamed Road,Urban Road,URB-02592,2592,12.98,77.517,12.9816,77.5174,179.4,1036.8,1036.979,45.8984,Moderate Misalignment,0.5095,0.2344,0.4664,0.2719,-0.0052,78.5131,80.5834,100.0,0.4977,15.1472,81.4065,84.6034,0.2928,59.2417,5.0587,No,0.0,0.0017,-0.0126,Poor,Low,0.0418,10.0,12.969,30.8554,Moderate Risk,55.4139,81.5307,41.6117,Moderate Misalignment,98.7616,46.2564,Separated Traffic,Rural,4.0035,True,Residential,Poor Infrastructure | Above Human Tolerance Limit,0.0007,,False,82.8172,0.0044,-0.0053,Moderate Misalignment,79,Unnamed Road,897
2593,Unnamed Road,Urban Road,URB-02593,2593,12.9764,77.5143,12.9746,77.5136,214.8,1037.2,1037.415,69.9358,High Misalignment,0.8981,-0.0356,0.1153,0.8894,0.0124,30.6128,29.4557,84.0298,47.7524,47.7319,31.9658,61.2487,0.0,60.0,56.3858,No,0.0,0.0164,2.0679,Good,Medium,1.8608,10.0,10.0864,42.5014,Moderate Risk,52.5801,29.9663,62.8481,High Misalignment,46.3769,67.0482,Significant Pedestrian Interaction,Urban,5.0204,True,Mixed,Speed Limit Misaligned | High Pedestrian Interaction | Above Human Tolerance Limit,0.2026,Light,False,36.0514,0.0144,0.0033,High Misalignment,32,Unnamed Road,898
2594,Unnamed Road,Urban Road,URB-02594,2594,12.9746,77.5136,12.9747,77.5133,42.0,1037.6,1037.642,12.4419,Aligned,0.8939,0.8751,0.0473,0.0035,0.0066,43.0256,42.8053,100.0,0.0,18.3241,81.2601,62.2731,0.0128,60.0,8.9874,No,0.0,-0.0054,0.0256,Poor,Medium,0.0346,10.0,10.0,21.5562,Safe,68.3998,41.5634,18.0071,Aligned,41.9091,40.434,Separated Traffic,Rural,8.1559,True,Residential,Poor Infrastructure,0.0144,,False,35.1728,-0.0034,0.0075,Aligned,42,Unnamed Road,899
2595,Unnamed Road,Urban Road,URB-02595,2595,12.9746,77.5136,12.9731,77.5132,174.2,1038.0,1038.174,36.0763,Moderate Misalignment,0.8973,0.1037,0.9205,-0.0137,0.002,48.7318,49.2106,82.5528,23.6921,32.3291,50.6462,95.1201,0.5264,37.7397,23.3877,No,0.0,-0.0077,0.9855,Good,High,1.5724,10.0,24.9606,28.5443,Moderate Risk,66.782,48.2956,31.2018,Moderate Misalignment,51.0164,69.1387,Side Impact Potential,Urban,3.0303,True,Commercial,Poor Infrastructure,-0.0153,,False,46.0771,-0.0045,-0.0081,Moderate Misalignment,49,Unnamed Road,900
2596,Unnamed Road,Urban Road,URB-02596,2596,12.9731,77.5132,12.9717,77.513,154.2,1038.4,1038.554,12.073,Aligned,0.9345,0.9759,0.0511,0.0091,0.0087,24.6278,26.9736,85.3635,28.6741,37.7791,49.866,68.1995,0.0348,39.3174,32.5819,No,0.0,-0.0016,1.0262,Poor,Low,1.8114,10.0,10.0,25.0697,Moderate Risk,72.7812,25.7912,21.4635,Aligned,24.8472,66.9386,Side Impact Potential,Urban,5.9486,True,Residential,Poor Infrastructure,0.2139,Light,False,21.3729,0.0126,0.0049,Aligned,26,Unnamed Road,901
2597,Unnamed Road,Urban Road,URB-02597,2597,12.9859,77.519,12.987,77.5192,124.9,1038.8,1038.925,40.0328,Moderate Misalignment,0.9724,0.0671,0.9514,-0.0088,0.0023,67.6631,67.2745,99.7833,11.6885,16.5444,80.0711,99.1781,0.0,60.0,0.0,No,0.0,-0.0011,-0.0071,Poor,Medium,0.3239,10.0,13.5223,22.6704,Safe,66.671,68.0671,26.7388,Moderate Misalignment,67.9311,46.2027,Separated Traffic,Rural,6.841,True,Residential,Poor Infrastructure,0.0109,,False,59.1991,0.0036,-0.0014,Moderate Misalignment,67,Unnamed Road,902
2598,Unnamed Road,Urban Road,URB-02598,2598,12.9932,77.5215,12.9911,77.5208,259.3,1039.2,1039.459,11.0837,Aligned,0.9626,0.9911,0.0627,0.023,-0.0067,26.0816,28.0371,30.6066,40.601,22.6136,50.6572,95.4401,0.4915,20.3181,12.8719,No,0.0,0.001,0.0091,Poor,Low,3.4377,10.0,31.1405,20.6192,Safe,75.7718,26.4269,21.7485,Aligned,26.6928,51.1495,Side Impact Potential,Peri-Urban,1.0144,False,Residential,Meets Safe System Standards,0.0019,,False,20.7383,-0.0167,-0.0075,Aligned,25,Unnamed Road,903
2599,Unnamed Road,Urban Road,URB-02599,2599,12.9911,77.5208,12.9906,77.5206,79.6,1039.6,1039.68,7.7041,Aligned,0.9876,0.9781,0.0367,0.0026,-0.0025,42.5553,43.5427,53.1067,3.2635,16.7208,49.6949,89.4511,0.0,40.6123,6.4982,No,0.0,0.0042,0.016,Good,Medium,1.1616,10.0,10.0,22.4084,Safe,69.0262,42.006,21.4979,Aligned,44.6479,41.0826,Side Impact Potential,Rural,2.8007,False,Residential,Poor Infrastructure,0.1727,Light,False,36.6655,-0.0058,0.0085,Aligned,43,Unnamed Road,904
2600,Unnamed Road,Urban Road,URB-02600,2600,12.9488,77.5229,12.9499,77.5222,150.3,1040.0,1040.15,8.7585,Aligned,0.9746,0.9847,0.0255,-0.0037,0.0135,29.1721,27.65,75.1557,45.5087,32.151,50.1085,76.4824,0.0713,40.3094,29.2048,No,0.0,-0.002,-0.0026,Good,Low,1.604,10.0,10.0719,21.0527,Safe,77.5432,27.8858,18.95,Aligned,30.3721,57.9119,Side Impact Potential,Urban,4.1095,False,Commercial,Meets Safe System Standards,-0.0005,,False,26.0993,-0.0132,0.0016,Aligned,29,Unnamed Road,905
2601,Unnamed Road,Urban Road,URB-02601,2601,12.9499,77.5222,12.9506,77.5217,88.3,1040.4,1040.488,13.122,Aligned,0.9002,0.9293,0.0617,-0.0008,0.0076,60.558,61.3825,99.5442,11.8662,24.1563,79.7712,65.8401,0.0,59.128,13.7374,No,0.0,-0.0011,-0.007,Good,Low,0.5645,10.0,10.0,22.4901,Safe,70.8941,59.2506,18.9275,Aligned,60.5555,50.733,Separated Traffic,Peri-Urban,5.9773,True,Residential,Poor Infrastructure,0.118,Light,False,46.3072,-0.0001,0.013,Aligned,57,Unnamed Road,906
2602,Unnamed Road,Urban Road,URB-02602,2602,12.9982,77.5244,12.9978,77.5243,39.1,1040.8,1040.839,13.9626,Aligned,0.8363,0.8216,0.1947,0.021,0.0104,42.8107,43.6939,72.3981,36.3011,33.6557,49.5403,95.6535,0.0,39.649,28.466,No,0.0,0.0068,-0.0193,Poor,Low,1.3195,10.0,10.5124,24.5355,Safe,73.3017,44.4177,23.4966,Aligned,43.0415,63.1015,Side Impact Potential,Urban,3.0267,False,Mixed,Poor Infrastructure,0.0092,,False,33.9756,0.005,0.0029,Aligned,44,Unnamed Road,907
2603,Unnamed Road,Urban Road,URB-02603,2603,12.9877,77.5197,12.9872,77.5196,49.3,1041.2,1041.249,11.5687,Aligned,0.942,0.9953,0.0688,-0.0055,0.0004,46.8762,46.3142,59.6772,26.1263,30.71,50.7949,92.4703,0.2188,50.7745,23.2398,No,0.0,-0.0129,1.031,Poor,Low,3.2297,10.0,10.0,23.4414,Safe,73.3155,47.7607,19.4562,Aligned,49.9824,66.5532,Side Impact Potential,Urban,2.0933,True,Mixed,Poor Infrastructure,0.0056,,False,43.8395,0.0055,-0.0031,Aligned,47,Unnamed Road,908
2604,Unnamed Road,Urban Road,URB-02604,2604,12.9881,77.5199,12.9877,77.5197,49.0,1041.6,1041.649,11.2693,Aligned,0.982,0.9399,0.0138,0.0024,-0.0086,29.476,28.477,28.283,12.7424,25.7996,51.4639,90.3715,0.0881,34.419,16.6478,No,0.0,0.0026,0.0365,Poor,Medium,3.0274,10.0,10.0,21.546,Safe,71.8339,28.4461,18.9076,Aligned,26.748,54.2148,Side Impact Potential,Peri-Urban,0.9738,False,Residential,Poor Infrastructure,0.1469,Light,False,24.4314,-0.0047,-0.0033,Aligned,26,Unnamed Road,909
2605,Unnamed Road,Urban Road,URB-02605,2605,12.9636,77.5126,12.9637,77.513,37.3,1042.0,1042.037,68.1037,High Misalignment,0.7868,0.0003,0.1819,0.7811,0.0088,30.4529,28.4471,76.7446,45.1661,50.6862,28.3863,90.4578,0.3726,59.6657,60.4932,No,0.0,-0.0012,2.015,Good,Low,1.6493,10.0,15.4893,48.5345,Moderate Risk,44.2604,31.6417,74.5126,High Misalignment,68.3786,63.4291,Significant Pedestrian Interaction,Urban,1.9727,True,Residential,Speed Limit Misaligned | High Pedestrian Interaction | Above Human Tolerance Limit,0.177,Light,False,55.2771,-0.0124,0.001,High Misalignment,33,Unnamed Road,910
2606,Unnamed Road,Urban Road,URB-02606,2606,12.9637,77.513,12.9637,77.5132,26.7,1042.4,1042.427,19.9631,Aligned,0.6711,0.689,0.3117,-0.0049,0.0004,80.4404,79.6143,100.0,9.2736,16.5365,79.7609,70.5669,0.0,60.0,10.0741,No,0.0,0.0004,-0.0132,Poor,Medium,0.1732,10.0,10.2585,30.2649,Moderate Risk,56.4309,81.1503,43.1852,Moderate Misalignment,92.3297,39.2946,Separated Traffic,Rural,6.9153,True,Industrial,Poor Infrastructure | Above Human Tolerance Limit,0.0048,,False,80.224,-0.0069,0.0058,Aligned,82,Unnamed Road,911
2607,Unnamed Road,Urban Road,URB-02607,2607,12.9872,77.5196,12.9869,77.5195,37.0,1042.8,1042.837,9.6058,Aligned,0.9913,1.0555,0.0523,-0.0032,-0.0165,19.777,18.4223,28.3814,10.1298,18.1187,50.0994,76.3408,0.0327,30.6207,6.5601,No,0.0,0.0066,0.0272,Poor,High,3.1724,10.0,10.4589,20.0245,Safe,70.8096,19.7928,18.2697,Aligned,21.0928,49.6472,Side Impact Potential,Peri-Urban,1.0501,False,Residential,Poor Infrastructure,0.2029,Light,False,15.9437,0.0151,-0.0105,Aligned,21,Unnamed Road,912
2608,Unnamed Road,Urban Road,URB-02608,2608,12.9638,77.514,12.9638,77.5135,49.5,1043.2,1043.25,12.7129,Aligned,0.9584,0.9648,0.0578,0.0107,-0.0076,20.9941,20.2583,23.8954,24.7358,25.7848,48.4051,97.8279,0.0022,20.0,13.0469,No,0.0,-0.0028,-0.002,Poor,Medium,2.3519,10.0,10.0,21.2374,Safe,73.1753,18.0425,18.5471,Aligned,24.1636,59.0046,Side Impact Potential,Peri-Urban,1.0571,False,Residential,Poor Infrastructure,0.1224,Light,False,17.6095,-0.0066,-0.0028,Aligned,23,Unnamed Road,913
2609,Unnamed Road,Urban Road,URB-02609,2609,12.9638,77.514,12.9637,77.5145,51.8,1043.6,1043.652,11.4971,Aligned,0.9506,0.9188,0.0552,0.0121,0.0098,39.4455,37.3795,34.0122,14.3969,16.153,48.9691,94.4923,0.7153,31.0803,11.438,No,0.0,-0.0007,1.0128,Good,Low,2.0655,10.0,17.5616,22.6683,Safe,68.0736,37.285,23.614,Aligned,32.9924,35.3171,Side Impact Potential,Rural,2.2671,True,Industrial,Poor Infrastructure,0.1435,Light,False,31.8743,0.0145,-0.0036,Aligned,36,Unnamed Road,914
2610,Unnamed Road,Urban Road,URB-02610,2610,12.9638,77.5135,12.9637,77.5132,36.9,1044.0,1044.037,21.364,Aligned,0.6639,0.6579,0.2938,0.0499,0.0078,49.6805,48.896,51.0382,15.9699,20.197,49.7061,100.0,0.387,39.4925,4.9727,No,0.0,-0.0,-0.0251,Poor,High,3.0506,10.0,19.4681,24.2816,Safe,67.8936,48.5179,25.6901,Moderate Misalignment,50.3114,55.2011,Side Impact Potential,Urban,2.9204,False,Residential,Approach to Congestion (Tapered) | Poor Infrastructure,0.0042,,True,40.337,-0.0282,-0.0068,Aligned,49,Unnamed Road,915
2611,Unnamed Road,Urban Road,URB-02611,2611,12.9637,77.5148,12.9637,77.5145,34.9,1044.4,1044.435,12.0532,Aligned,0.9031,0.944,0.0734,-0.0093,0.01,39.813,42.5619,50.1362,15.9769,30.6743,52.1961,87.6178,0.4805,39.8376,20.7579,No,0.0,-0.0019,-0.0366,Poor,Low,1.7648,10.0,10.0,23.3373,Safe,71.7911,40.3925,21.2267,Aligned,40.3965,59.0202,Side Impact Potential,Peri-Urban,3.0864,False,Residential,Poor Infrastructure,-0.0265,,False,32.4498,-0.0087,0.0112,Aligned,40,Unnamed Road,916