segment_id,road_name,road_type,human_segment_id,internal_id,start_lat,start_lon,end_lat,end_lon,length_m,start_km,end_km,road_risk_score,ai_risk_label,ai_risk_probability,prob_low_risk,prob_medium_risk,prob_high_risk,prob_critical_risk,ai_recommended_speed,recommended_safe_speed,road_function_score,infrastructure_score,exposure_score,human_tolerance_limit,operating_speed_score,crash_risk_score,posted_speed_limit,pedestrian_exposure_score,blackspot_flag,crash_count,fatal_crashes,schools_count,lighting_quality,roadside_hazards,intersection_density,speed_compliance_rate,speed_violation_score,hotspot_score,hotspot_category,speed_safety_score,original_safe_speed,misalignment_score,misalignment_category,speed_p85,ptw_share_pct,exposure_tier,urban_rural_flag,lane_count,median_presence,land_use_type,top_ai_factors,congestion_index,congestion_category,congestion_smoothed,operating_speed_mean,minor_crashes,major_crashes,risk_category,final_safe_speed,corridor_base,corridor_seq
2612,Unnamed Road,Urban Road,URB-02612,2612,12.9772,77.5146,12.9764,77.5143,90.5,1044.8,1044.89,37.4279,Moderate Misalignment,0.8309,0.1632,0.8086,0.0099,0.0026,28.8032,30.9929,54.6484,57.3374,48.641,29.681,96.1055,0.2183,39.0612,51.5422,No,0.0,0.008,0.984,Good,Low,3.8235,10.0,10.0,30.3697,Moderate Risk,69.9625,30.7769,36.185,Moderate Misalignment,37.8944,69.7481,Significant Pedestrian Interaction,Urban,2.9724,False,Mixed,High Pedestrian Interaction | Above Human Tolerance Limit,-0.0067,,False,34.0762,-0.0155,0.0102,Moderate Misalignment,31,Unnamed Road,917
2613,Unnamed Road,Urban Road,URB-02613,2613,12.9692,77.5128,12.9688,77.5128,49.1,1045.2,1045.249,41.0298,Moderate Misalignment,0.9091,0.0257,0.9263,0.0915,0.001,47.9239,50.5137,99.3488,26.6168,25.5781,51.3436,73.9426,0.0977,60.0,16.7053,No,0.0,0.003,0.0057,Good,Medium,0.6102,10.0,10.1638,31.3611,Moderate Risk,59.173,49.8966,43.5798,Moderate Misalignment,62.5764,55.7161,Side Impact Potential,Urban,6.7038,False,Commercial,Poor Infrastructure | Above Human Tolerance Limit,0.02,,False,52.5156,-0.0101,-0.0012,Moderate Misalignment,50,Unnamed Road,918
2614,Unnamed Road,Urban Road,URB-02614,2614,12.9637,77.5148,12.9636,77.5152,40.8,1045.6,1045.641,11.1752,Aligned,0.9209,0.9443,0.0577,-0.0034,0.0049,20.6826,19.0746,55.1284,18.9775,21.5976,49.1775,77.9246,0.2397,31.5222,19.6687,No,0.0,-0.0032,-0.0002,Good,Low,0.667,10.0,10.4678,20.7409,Safe,73.2139,19.5281,19.1517,Aligned,18.2379,37.2011,Side Impact Potential,Rural,3.1818,False,Industrial,Poor Infrastructure,0.1929,Light,False,17.1126,-0.0095,-0.0124,Aligned,22,Unnamed Road,919
2615,Unnamed Road,Urban Road,URB-02615,2615,12.9636,77.5152,12.9636,77.5156,48.5,1046.0,1046.049,12.4635,Aligned,0.9469,0.9275,0.0839,-0.0042,-0.0012,35.5118,39.8476,80.4431,67.2575,47.1409,49.7844,71.9225,0.0,47.8641,55.8898,No,0.0,0.0035,1.0464,Good,Low,2.2042,10.0,10.0569,23.5021,Safe,82.2692,38.9255,20.9852,Aligned,37.0801,64.5245,Side Impact Potential,Urban,5.7654,False,Commercial,Meets Safe System Standards,0.0112,,False,31.5289,0.0136,0.0041,Aligned,36,Unnamed Road,920
2616,Unnamed Road,Urban Road,URB-02616,2616,12.9635,77.516,12.9636,77.5156,45.4,1046.4,1046.445,10.5568,Aligned,0.9471,0.9526,0.0519,0.0053,0.0013,51.3682,49.6782,100.0,0.053,13.7282,78.4397,57.9717,0.3512,60.0,2.5254,No,0.0,0.001,-0.0602,Poor,Medium,0.0871,10.0,10.0429,19.7782,Safe,69.2699,51.7106,18.704,Aligned,51.2131,34.5744,Separated Traffic,Rural,4.852,True,Residential,Poor Infrastructure,-0.0215,,False,41.329,0.0118,0.0157,Aligned,53,Unnamed Road,921
2617,Unnamed Road,Urban Road,URB-02617,2617,12.9631,77.5123,12.9636,77.5122,55.5,1046.8,1046.855,10.9181,Aligned,0.9529,0.9995,0.0481,-0.019,-0.0083,36.2171,35.8971,75.8169,12.5021,41.0698,50.2031,82.0612,0.0067,37.7956,39.0885,No,0.0,0.0015,1.0382,Good,Low,1.861,10.0,10.0,28.7257,Moderate Risk,66.1928,37.0476,24.1359,Moderate Misalignment,34.858,68.1317,Side Impact Potential,Urban,5.9401,False,Commercial,Poor Infrastructure,0.1622,Light,False,28.8257,-0.0018,-0.0011,Aligned,36,Unnamed Road,922
2618,Unnamed Road,Urban Road,URB-02618,2618,12.9628,77.5123,12.9631,77.5123,35.3,1047.2,1047.235,13.152,Aligned,0.9335,0.9257,0.0793,-0.0158,0.0042,28.3569,28.3821,57.639,49.8071,29.3437,49.2584,92.1521,0.0,30.163,20.8458,No,0.0,-0.0036,0.0219,Poor,High,3.3375,10.0,10.4051,18.2655,Safe,80.2151,27.5101,14.3377,Aligned,28.7952,56.4703,Side Impact Potential,Urban,3.9627,False,Industrial,Meets Safe System Standards,-0.0026,,False,25.4773,-0.0044,0.0061,Aligned,29,Unnamed Road,923
2619,Unnamed Road,Urban Road,URB-02619,2619,12.9636,77.5122,12.9636,77.5126,43.1,1047.6,1047.643,13.5256,Aligned,0.9898,0.9933,0.0688,0.0122,-0.0124,19.234,18.3547,60.5253,0.6423,19.7463,49.8454,79.5598,0.6305,29.6863,3.0802,No,0.0,-0.0088,0.0313,Poor,Medium,3.5612,10.0,10.2836,23.062,Safe,68.1413,20.4379,18.1665,Aligned,21.2148,65.6885,Side Impact Potential,Urban,2.9125,True,Commercial,Poor Infrastructure,-0.0016,,False,17.095,0.0037,-0.0122,Aligned,19,Unnamed Road,924
2620,Unnamed Road,Urban Road,URB-02620,2620,12.9636,77.5122,12.9691,77.5124,610.5,1048.0,1048.611,11.4399,Aligned,0.9831,1.0173,-0.0309,0.0121,-0.0052,24.6541,23.645,26.0033,33.1226,28.1127,48.9859,81.4084,0.0,21.2452,22.9794,No,0.0,0.0058,1.0203,Good,High,2.6414,10.0,15.6533,21.9818,Safe,74.292,21.9261,21.1779,Aligned,24.3983,50.0027,Side Impact Potential,Peri-Urban,0.6361,False,Mixed,Active Congestion | Poor Infrastructure,0.6596,Severe,False,10.0,0.0082,0.0065,Aligned,24,Unnamed Road,925
2621,Unnamed Road,Urban Road,URB-02621,2621,12.9585,77.5186,12.9583,77.5189,37.5,1048.4,1048.438,13.363,Aligned,0.89,0.8703,0.077,-0.0099,-0.01,55.4476,57.0143,98.5523,1.0117,18.1315,81.3564,68.5896,0.0,60.0,4.9554,No,0.0,-0.0086,-0.0134,Poor,High,0.4458,10.0,10.0,22.5029,Safe,68.0297,56.0009,19.2256,Aligned,56.9887,52.1554,Separated Traffic,Peri-Urban,3.8612,True,Industrial,Poor Infrastructure,-0.0057,,False,50.9366,0.0111,-0.0173,Aligned,56,Unnamed Road,926
2622,Unnamed Road,Urban Road,URB-02622,2622,12.9586,77.5182,12.9585,77.5186,43.5,1048.8,1048.843,23.5731,Aligned,0.5438,0.587,0.4515,-0.0009,-0.006,28.2403,30.7447,54.7992,8.3436,21.8942,48.9969,94.5155,0.0,30.0864,14.2925,No,0.0,0.0039,-0.04,Poor,Medium,1.9151,10.0,10.0,22.9125,Safe,69.1459,29.6116,22.0617,Aligned,30.8805,48.9216,Side Impact Potential,Peri-Urban,3.935,False,Commercial,Poor Infrastructure,-0.0009,,False,27.4806,0.007,-0.0001,Aligned,29,Unnamed Road,927
2623,Unnamed Road,Urban Road,URB-02623,2623,12.9481,77.5266,12.9477,77.5264,48.7,1049.2,1049.249,17.7389,Aligned,0.766,0.7322,0.231,0.0223,-0.0044,76.2009,75.3495,99.9484,0.014,11.8377,79.9487,95.7224,0.2032,58.4091,1.6019,No,0.0,-0.0021,-0.0233,Good,Low,0.2454,10.0,10.3482,22.6749,Safe,66.688,74.7753,25.0189,Aligned,75.4765,33.6925,Separated Traffic,Rural,6.982,True,Residential,Poor Infrastructure,0.0022,,False,65.7492,-0.0035,0.0035,Aligned,77,Unnamed Road,928
2624,Unnamed Road,Urban Road,URB-02624,2624,12.9481,77.5266,12.9483,77.5267,26.9,1049.6,1049.627,22.7915,Aligned,0.5682,0.5731,0.4537,-0.0141,0.0073,51.9905,49.3017,50.7552,7.1429,26.8477,48.6136,92.3383,0.0,41.3552,14.6479,No,0.0,-0.001,-0.0447,Poor,Medium,3.7491,10.0,29.8891,29.4111,Moderate Risk,61.5905,50.0246,32.1836,Moderate Misalignment,50.1053,65.5223,Side Impact Potential,Urban,1.9055,False,Industrial,Poor Infrastructure,0.0064,,False,44.5326,-0.0008,0.0004,Aligned,50,Unnamed Road,929
2625,Unnamed Road,Urban Road,URB-02625,2625,12.9477,77.5264,12.9473,77.5262,45.6,1050.0,1050.046,30.2032,Moderate Misalignment,0.6664,0.3544,0.6767,0.0309,0.0031,68.4966,63.7519,99.9637,13.2757,18.1921,80.1276,50.4661,0.0,59.787,12.8418,No,0.0,-0.0038,0.0065,Poor,High,0.1811,10.0,10.0,26.6566,Moderate Risk,64.4985,66.0124,31.9895,Moderate Misalignment,66.3722,42.5587,Separated Traffic,Rural,5.8113,True,Residential,Poor Infrastructure | Above Human Tolerance Limit,-0.0219,,False,54.7704,0.0106,-0.0045,Moderate Misalignment,66,Unnamed Road,930
2626,Unnamed Road,Urban Road,URB-02626,2626,12.9683,77.5127,12.9636,77.5126,521.3,1050.4,1050.921,10.7539,Aligned,0.9811,0.9682,0.0476,0.0004,0.0047,21.3793,22.8013,54.5381,2.2976,20.5872,52.9248,83.5085,0.0,60.0,6.2807,No,0.0,0.0025,0.0002,Poor,Low,2.3775,10.0,10.0,23.2537,Safe,68.5424,21.4379,19.4484,Aligned,22.6923,58.6023,Side Impact Potential,Peri-Urban,4.1092,False,Residential,Poor Infrastructure,0.0106,,False,17.8819,0.0024,-0.0144,Aligned,20,Unnamed Road,931
2627,Unnamed Road,Urban Road,URB-02627,2627,12.9596,77.5155,12.9599,77.5148,82.0,1050.8,1050.882,32.8511,Moderate Misalignment,0.6561,0.3539,0.6461,0.0041,-0.0062,68.5666,68.2248,97.8424,11.2614,19.6999,81.6426,50.9892,0.1769,59.5773,12.9052,No,0.0,0.0131,0.0321,Poor,High,0.09,10.0,10.0,25.4301,Moderate Risk,63.0251,67.6037,30.7323,Moderate Misalignment,67.3003,43.0766,Separated Traffic,Rural,5.8383,True,Residential,Poor Infrastructure | Above Human Tolerance Limit,-0.0,,False,53.6062,-0.0084,-0.003,Moderate Misalignment,69,Unnamed Road,932
2628,Unnamed Road,Urban Road,URB-02628,2628,12.9599,77.5148,12.9601,77.5142,75.0,1051.2,1051.275,41.8325,Moderate Misalignment,0.8796,0.0817,0.8696,0.0807,-0.007,49.3847,49.3675,100.0,7.9454,14.7981,49.9416,66.6918,0.0968,59.7732,0.0835,No,0.0,0.0042,-0.0993,Poor,High,0.0922,10.0,10.0,29.7697,Moderate Risk,55.4604,49.4189,43.0699,Moderate Misalignment,50.8046,45.4095,Side Impact Potential,Rural,7.182,False,Residential,Poor Infrastructure | Above Human Tolerance Limit,-0.0233,,False,46.1563,-0.018,-0.0093,Moderate Misalignment,51,Unnamed Road,933
2629,Unnamed Road,Urban Road,URB-02629,2629,12.9824,77.518,12.9816,77.5174,111.6,1051.6,1051.712,12.4367,Aligned,0.9805,1.0255,0.0303,0.0001,0.0198,21.7142,23.0653,64.7082,0.0,19.5453,50.891,81.1397,0.0,28.8684,2.1967,No,0.0,-0.0012,0.0204,Poor,Medium,3.521,10.0,10.4694,23.0508,Safe,68.0829,21.9443,17.5884,Aligned,20.5525,65.5576,Side Impact Potential,Urban,3.3798,True,Commercial,Poor Infrastructure,-0.0171,,False,16.3156,0.0013,0.0152,Aligned,21,Unnamed Road,934
2630,Unnamed Road,Urban Road,URB-02630,2630,12.9595,77.5158,12.9596,77.5155,30.8,1052.0,1052.031,12.5131,Aligned,0.9608,0.9118,0.0203,0.0016,-0.0054,32.2611,27.788,68.3129,57.4607,39.0231,49.9427,77.2479,0.215,40.5517,32.8736,No,0.0,-0.0007,-0.0265,Good,Low,1.4673,10.0,10.5002,22.1088,Safe,80.2594,29.4183,19.8092,Aligned,29.5222,62.7562,Side Impact Potential,Urban,1.8761,False,Mixed,Meets Safe System Standards,-0.005,,False,24.3412,-0.0044,-0.0053,Aligned,30,Unnamed Road,935
2631,Unnamed Road,Urban Road,URB-02631,2631,12.9473,77.5262,12.9466,77.5259,86.3,1052.4,1052.486,15.2919,Aligned,0.8754,0.8555,0.1522,0.0052,0.0038,33.7437,33.5407,56.6203,20.1499,33.4545,49.1509,58.9429,0.2223,39.2979,29.5172,No,0.0,-0.0009,1.0951,Good,High,2.8448,10.0,10.0,24.556,Moderate Risk,72.4932,33.9142,22.1687,Aligned,34.3519,56.1378,Side Impact Potential,Urban,4.0747,False,Commercial,Active Congestion | Poor Infrastructure,0.5922,Severe,False,14.6088,-0.009,0.0029,Aligned,33,Unnamed Road,936
2632,Unnamed Road,Urban Road,URB-02632,2632,12.9462,77.5257,12.9466,77.5259,50.8,1052.8,1052.851,14.6255,Aligned,0.9247,0.9217,0.0603,-0.0041,0.002,63.5981,59.422,98.1942,11.1857,14.0824,79.0637,16.9036,0.4306,60.0,10.4079,No,0.0,0.0047,-0.0513,Poor,Medium,0.2226,10.0,10.0,19.3333,Safe,72.2673,60.2789,16.3187,Aligned,62.4736,34.2107,Separated Traffic,Rural,4.925,True,Residential,Active Congestion | Poor Infrastructure,0.6124,Severe,False,24.4712,0.0136,-0.0255,Aligned,64,Unnamed Road,937
2633,Unnamed Road,Urban Road,URB-02633,2633,12.9466,77.5259,12.9467,77.5255,43.7,1053.2,1053.244,14.4155,Aligned,0.8679,0.7999,0.1307,0.0095,-0.0052,20.6423,19.7862,27.2915,0.0,15.4111,49.6791,90.43,0.0117,40.2603,4.3574,No,0.0,-0.005,-0.0044,Poor,High,1.8245,10.0,10.0,20.7236,Safe,69.1264,19.2519,17.6231,Aligned,18.5606,43.2005,Side Impact Potential,Rural,2.1113,False,Residential,Poor Infrastructure,0.2463,Light,False,12.9371,-0.0086,0.0015,Aligned,21,Unnamed Road,938
2634,Unnamed Road,Urban Road,URB-02634,2634,12.9447,77.5223,12.9446,77.522,34.4,1053.6,1053.634,66.2516,High Misalignment,0.8433,0.0534,0.0523,0.8296,0.0035,79.1405,79.4762,99.183,5.1632,21.0851,80.491,13.1881,0.4733,60.0,13.3406,No,0.0,-0.0046,0.0717,Poor,Low,0.2658,10.0,26.8914,37.4829,Moderate Risk,45.8912,81.6094,57.3796,High Misalignment,113.7636,45.7473,Separated Traffic,Rural,5.067,True,Residential,Speed Limit Misaligned | Active Congestion | Poor Infrastructure,0.7417,Severe,False,33.72,-0.0032,0.0028,High Misalignment,78,Unnamed Road,939
2635,Unnamed Road,Urban Road,URB-02635,2635,12.9446,77.522,12.9446,77.5214,72.4,1054.0,1054.072,40.484,Moderate Misalignment,0.9637,0.0188,0.9905,-0.0031,-0.0008,78.8277,79.3367,97.4725,0.0,12.442,80.5318,88.9748,0.0616,60.0,0.0,No,0.0,0.005,0.0256,Good,Low,0.2079,10.0,27.3684,28.4949,Moderate Risk,57.5505,80.252,36.4066,Moderate Misalignment,90.2456,40.6744,Separated Traffic,Rural,5.8734,True,Residential,Poor Infrastructure,-0.0098,,False,79.1125,-0.0209,0.0016,Moderate Misalignment,82,Unnamed Road,940
2636,Unnamed Road,Urban Road,URB-02636,2636,12.9567,77.5172,12.9571,77.5173,44.9,1054.4,1054.445,71.5258,High Misalignment,0.8816,-0.0211,0.0555,0.8936,0.0152,32.5417,29.4378,82.5026,48.8665,49.3899,30.6726,62.7314,0.2788,60.0,57.7319,No,0.0,0.0098,2.1314,Good,Medium,1.7252,10.0,10.0,42.2906,Moderate Risk,51.6348,28.895,62.8336,High Misalignment,44.8601,65.5988,Significant Pedestrian Interaction,Urban,4.8572,True,Mixed,Speed Limit Misaligned | High Pedestrian Interaction | Above Human Tolerance Limit,0.1911,Light,False,35.8079,-0.0023,0.0148,High Misalignment,30,Unnamed Road,941
2637,Unnamed Road,Urban Road,URB-02637,2637,12.9575,77.5175,12.9571,77.5173,46.7,1054.8,1054.847,8.9176,Aligned,0.9498,0.9738,0.0201,0.0381,-0.0072,33.6202,34.4678,89.0525,57.7449,37.1434,49.7834,82.8654,0.5043,38.905,37.0359,No,0.0,-0.0002,0.0325,Good,Low,1.6698,10.0,10.0,20.5159,Safe,80.9112,32.5912,16.5962,Aligned,35.3815,55.8529,Side Impact Potential,Urban,6.0542,True,Commercial,Meets Safe System Standards,0.0009,,False,30.2584,0.003,0.0049,Aligned,33,Unnamed Road,942
2638,Unnamed Road,Urban Road,URB-02638,2638,12.9462,77.5257,12.9464,77.5253,49.9,1055.2,1055.25,10.8776,Aligned,0.9403,0.9362,0.0587,-0.0104,0.0028,20.2078,18.5659,53.5591,20.916,22.0537,49.5782,77.7703,0.0,30.363,19.6986,No,0.0,0.0099,0.0122,Good,Low,0.6032,10.0,10.0,20.8825,Safe,73.3203,20.8207,17.672,Aligned,17.2303,38.2496,Side Impact Potential,Rural,2.9651,False,Industrial,Poor Infrastructure,0.188,Light,False,15.8069,-0.0209,-0.0075,Aligned,20,Unnamed Road,943
2639,Unnamed Road,Urban Road,URB-02639,2639,12.9462,77.5257,12.9449,77.5252,153.1,1055.6,1055.753,12.3967,Aligned,0.9539,0.981,0.0503,-0.0012,-0.0013,25.2391,22.7138,49.1272,13.9935,29.6358,49.4067,87.1789,0.0807,59.4821,18.3595,No,0.0,-0.0081,0.0202,Good,Low,2.3463,10.0,10.0,25.5179,Safe,68.7909,24.2878,21.4924,Aligned,22.3799,68.0858,Side Impact Potential,Urban,2.8316,False,Commercial,Poor Infrastructure,-0.0006,,False,21.5199,-0.0033,-0.0051,Aligned,25,Unnamed Road,944
2640,Unnamed Road,Urban Road,URB-02640,2640,12.9588,77.5168,12.9595,77.5158,130.0,1056.0,1056.13,47.7375,Moderate Misalignment,0.8267,0.0067,0.8368,0.1683,0.0026,30.1435,30.3208,76.8003,51.9561,50.9863,28.862,97.2671,0.2715,40.7639,60.5502,No,0.0,0.0015,1.0229,Good,High,1.7442,10.0,15.2237,35.3952,Moderate Risk,63.9112,28.6872,43.6,Moderate Misalignment,45.0534,68.6861,Significant Pedestrian Interaction,Urban,2.0516,True,Residential,High Pedestrian Interaction | Above Human Tolerance Limit,0.0052,,False,40.0237,0.0065,-0.0006,Moderate Misalignment,31,Unnamed Road,945
2641,Unnamed Road,Urban Road,URB-02641,2641,12.9464,77.5253,12.9466,77.5248,65.7,1056.4,1056.466,35.071,Moderate Misalignment,0.7909,0.2372,0.7972,0.0246,0.0042,51.2384,48.755,72.4883,40.1656,26.9545,48.9113,98.2172,0.2397,58.0086,21.9783,No,0.0,0.0015,-0.0136,Good,High,2.049,10.0,19.6526,29.6748,Moderate Risk,61.9276,49.7669,41.5588,Moderate Misalignment,70.3857,55.0888,Side Impact Potential,Urban,2.894,False,Mixed,Above Human Tolerance Limit,-0.0077,,False,63.6326,-0.0146,-0.0044,Moderate Misalignment,50,Unnamed Road,946
2642,Unnamed Road,Urban Road,URB-02642,2642,12.9449,77.5252,12.9447,77.5255,43.6,1056.8,1056.844,9.4975,Aligned,0.9762,1.017,0.0028,-0.0086,0.0093,39.5819,41.0973,30.0929,20.6581,19.6162,49.7841,90.4346,0.0,40.4843,9.5171,No,0.0,0.0058,-0.0352,Good,High,3.2707,10.0,10.3708,20.8523,Safe,72.6038,42.1698,18.2296,Aligned,44.2728,52.824,Side Impact Potential,Peri-Urban,1.8452,False,Residential,Poor Infrastructure,-0.0063,,False,31.8717,0.0099,-0.0117,Aligned,41,Unnamed Road,947
2643,Unnamed Road,Urban Road,URB-02643,2643,12.9445,77.5241,12.9446,77.5238,35.1,1057.2,1057.235,28.7582,Moderate Misalignment,0.5947,0.4138,0.5582,0.0153,-0.0018,27.2421,28.4642,55.1243,31.6475,37.0443,49.1999,95.3176,0.0,58.6229,32.6562,No,0.0,0.0032,1.029,Good,Medium,2.7911,10.0,10.2455,24.113,Safe,73.7937,27.6359,20.5511,Aligned,29.188,62.3872,Side Impact Potential,Urban,4.0014,False,Mixed,Poor Infrastructure,0.0072,,False,24.1681,0.0004,0.0089,Moderate Misalignment,29,Unnamed Road,948
2644,Unnamed Road,Urban Road,URB-02644,2644,12.9445,77.5241,12.9444,77.5245,47.2,1057.6,1057.647,24.532,Aligned,0.5335,0.574,0.4287,-0.0024,0.0022,78.9018,77.9088,100.0,0.1671,14.7272,80.2329,73.937,0.0363,59.778,6.0276,No,0.0,0.0173,-0.0008,Poor,Medium,0.2099,10.0,10.21,25.7841,Moderate Risk,62.989,78.0606,31.7615,Moderate Misalignment,86.4853,39.7465,Separated Traffic,Rural,6.0627,True,Residential,Poor Infrastructure | Above Human Tolerance Limit,-0.0198,,False,69.9086,-0.0025,0.0007,Aligned,81,Unnamed Road,949
2645,Unnamed Road,Urban Road,URB-02645,2645,12.9448,77.5235,12.9446,77.5238,33.6,1058.0,1058.034,27.4094,Moderate Misalignment,0.495,0.4521,0.5107,0.0274,0.0079,79.7612,80.9415,99.5421,0.1865,13.8851,79.1396,81.1208,0.2275,60.0,0.764,No,0.0,0.0092,-0.0059,Poor,Low,0.161,10.0,10.0,25.0086,Moderate Risk,61.1889,80.2679,30.7045,Moderate Misalignment,86.7344,41.8003,Separated Traffic,Rural,4.309,True,Residential,Poor Infrastructure | Above Human Tolerance Limit,-0.0131,,False,78.2013,-0.0109,-0.0002,Moderate Misalignment,81,Unnamed Road,950
2646,Unnamed Road,Urban Road,URB-02646,2646,12.9447,77.5255,12.9444,77.5245,125.6,1058.4,1058.526,11.3847,Aligned,0.9575,0.9213,0.0571,0.0065,-0.0127,32.7209,33.0109,49.5232,29.8524,25.2792,50.9408,92.3189,0.0,39.952,23.6999,No,0.0,-0.0029,0.9955,Poor,Low,1.3892,10.0,10.0,20.672,Safe,73.5772,32.7837,17.6732,Aligned,32.0498,37.5065,Side Impact Potential,Rural,1.8221,False,Residential,Poor Infrastructure,0.1656,Light,False,25.1838,-0.0015,-0.0171,Aligned,34,Unnamed Road,951
2647,Unnamed Road,Urban Road,URB-02647,2647,12.9473,77.5241,12.9475,77.5241,27.6,1058.8,1058.828,19.6994,Aligned,0.6817,0.6384,0.2994,-0.0054,-0.0063,38.8899,38.125,52.5593,9.0304,22.1874,50.2924,91.5491,0.184,40.051,10.5285,No,0.0,-0.0129,0.0033,Good,High,2.6527,10.0,28.6025,26.0563,Moderate Risk,65.3818,39.2796,26.7704,Moderate Misalignment,39.2044,52.2208,Side Impact Potential,Peri-Urban,2.9239,False,Mixed,Poor Infrastructure,0.0004,,False,36.9572,0.0022,-0.0086,Aligned,40,Unnamed Road,952
2648,Unnamed Road,Urban Road,URB-02648,2648,12.9473,77.5241,12.9471,77.5243,23.6,1059.2,1059.224,16.427,Aligned,0.8292,0.8526,0.1844,0.0131,0.0104,61.6266,60.9329,98.6159,10.9807,16.7476,80.9208,72.2678,0.2341,60.0,10.0679,No,0.0,-0.0011,-0.0045,Poor,High,-0.0008,10.0,10.0,20.3011,Safe,69.9881,62.4139,17.9214,Aligned,60.8681,40.4857,Separated Traffic,Rural,5.9991,True,Residential,Poor Infrastructure,0.0093,,False,51.7681,-0.0133,0.0151,Aligned,62,Unnamed Road,953
2649,Unnamed Road,Urban Road,URB-02649,2649,12.9575,77.5126,12.9572,77.5125,33.4,1059.6,1059.633,20.5504,Aligned,0.5988,0.5947,0.4272,0.0035,0.0172,49.3711,47.4251,51.5978,0.0,25.058,47.7374,63.7512,0.0,39.5122,14.8489,No,0.0,-0.0026,0.0557,Good,Medium,1.7329,10.0,21.874,28.0006,Moderate Risk,62.4799,50.3604,30.3379,Moderate Misalignment,47.5264,55.919,Side Impact Potential,Peri-Urban,2.1278,False,Commercial,Active Congestion | Poor Infrastructure,0.6358,Severe,False,15.7046,0.0053,-0.0059,Aligned,47,Unnamed Road,954
2650,Unnamed Road,Urban Road,URB-02650,2650,12.9575,77.5126,12.9574,77.5129,40.0,1060.0,1060.04,25.1296,Moderate Misalignment,0.5106,0.5045,0.4917,-0.0007,-0.0059,79.5107,77.9651,100.0,29.0905,23.9955,79.5393,76.6715,0.0576,60.0,16.4135,No,0.0,0.0047,-0.0147,Poor,Low,0.4712,10.0,10.0,25.3216,Moderate Risk,66.8408,78.3236,31.4841,Moderate Misalignment,85.3407,52.5548,Separated Traffic,Peri-Urban,6.1642,True,Residential,Poor Infrastructure | Above Human Tolerance Limit,0.0049,,False,73.0157,0.0062,0.0019,Moderate Misalignment,79,Unnamed Road,955
2651,Unnamed Road,Urban Road,URB-02651,2651,12.9572,77.5125,12.9568,77.5124,48.1,1060.4,1060.448,32.3221,Moderate Misalignment,0.7367,0.2754,0.7639,-0.0026,0.0146,30.3227,29.458,50.8894,35.2401,45.8356,29.1116,97.7747,0.5314,32.335,52.0193,No,0.0,-0.0087,1.0512,Good,Medium,3.5363,10.0,23.441,30.9204,Moderate Risk,67.7141,30.1556,30.5657,Moderate Misalignment,37.8121,55.296,Significant Pedestrian Interaction,Urban,1.9832,False,Commercial,High Pedestrian Interaction,0.0194,,False,27.7959,0.0009,0.0035,Moderate Misalignment,29,Unnamed Road,956
2652,Unnamed Road,Urban Road,URB-02652,2652,12.9574,77.5129,12.9572,77.5137,83.5,1060.8,1060.883,38.0443,Moderate Misalignment,0.9614,0.029,0.9218,-0.008,0.0051,79.763,77.7179,100.0,38.332,27.0942,80.8086,10.0,0.1058,60.0,26.7027,No,0.0,-0.0004,2.0672,Poor,Low,0.2,10.0,10.8496,24.9825,Moderate Risk,69.3209,78.0352,30.9511,Moderate Misalignment,85.3882,38.8872,Separated Traffic,Rural,6.0942,True,Residential,Active Congestion | Above Human Tolerance Limit,0.6484,Severe,False,29.7131,0.0064,0.0034,Moderate Misalignment,82,Unnamed Road,957
2653,Unnamed Road,Urban Road,URB-02653,2653,12.9471,77.5243,12.9468,77.5246,45.7,1061.2,1061.246,12.2152,Aligned,0.9177,0.9104,0.0609,0.0013,-0.0159,45.0535,42.5467,85.2964,34.0475,31.4797,51.5075,83.105,0.0,50.7256,22.065,No,0.0,-0.0049,0.0285,Good,Low,1.7539,10.0,10.0,22.5016,Safe,74.4677,43.932,20.9647,Aligned,42.3564,64.4419,Side Impact Potential,Urban,5.0959,True,Industrial,Poor Infrastructure,-0.0005,,False,40.8249,0.0012,-0.0011,Aligned,45,Unnamed Road,958
2654,Unnamed Road,Urban Road,URB-02654,2654,12.9448,77.5235,12.9448,77.5232,37.1,1061.6,1061.637,12.4788,Aligned,0.8406,0.875,0.1285,0.0265,0.0037,69.7804,67.683,99.8227,1.4466,16.9578,80.2963,80.3043,0.2159,58.1517,3.8894,No,0.0,-0.0089,-0.0531,Poor,Low,0.2994,10.0,10.0,21.2254,Safe,68.7458,67.2308,19.5764,Aligned,68.4687,46.2392,Separated Traffic,Rural,6.8875,True,Mixed,Poor Infrastructure,-0.0059,,False,56.4524,-0.0006,0.0051,Aligned,70,Unnamed Road,959
2655,Unnamed Road,Urban Road,URB-02655,2655,12.9485,77.5232,12.9488,77.5229,48.2,1062.0,1062.048,69.198,High Misalignment,0.8143,0.0178,0.1574,0.8223,-0.0005,50.0072,51.1301,98.6222,0.0467,15.883,50.5424,86.9115,0.0,60.0,4.1969,No,0.0,-0.0031,0.0229,Poor,Low,0.1739,10.0,30.3343,46.7354,Moderate Risk,29.8366,48.9589,82.8337,Critical Misalignment,104.7102,45.7373,Side Impact Potential,Rural,5.9878,False,Mixed,Speed Limit Misaligned | Poor Infrastructure | Above Human Tolerance Limit,-0.0112,,False,88.8226,-0.0117,0.0034,High Misalignment,50,Unnamed Road,960