segment_id,road_name,road_type,human_segment_id,internal_id,start_lat,start_lon,end_lat,end_lon,length_m,start_km,end_km,road_risk_score,ai_risk_label,ai_risk_probability,prob_low_risk,prob_medium_risk,prob_high_risk,prob_critical_risk,ai_recommended_speed,recommended_safe_speed,road_function_score,infrastructure_score,exposure_score,human_tolerance_limit,operating_speed_score,crash_risk_score,posted_speed_limit,pedestrian_exposure_score,blackspot_flag,crash_count,fatal_crashes,schools_count,lighting_quality,roadside_hazards,intersection_density,speed_compliance_rate,speed_violation_score,hotspot_score,hotspot_category,speed_safety_score,original_safe_speed,misalignment_score,misalignment_category,speed_p85,ptw_share_pct,exposure_tier,urban_rural_flag,lane_count,median_presence,land_use_type,top_ai_factors,congestion_index,congestion_category,congestion_smoothed,operating_speed_mean,minor_crashes,major_crashes,risk_category,final_safe_speed,corridor_base,corridor_seq
2656,Unnamed Road,Urban Road,URB-02656,2656,12.9585,77.5176,12.9586,77.5173,38.8,1062.4,1062.439,17.1025,Aligned,0.7716,0.7939,0.2155,0.0013,0.0037,48.8643,47.8313,99.4361,21.314,32.5483,81.0127,66.4934,0.2621,59.705,27.9145,No,0.0,0.001,0.9357,Good,Low,0.4914,10.0,10.0,25.159,Safe,71.6247,48.2307,22.0202,Aligned,47.4514,61.8753,Separated Traffic,Urban,7.0466,True,Mixed,Poor Infrastructure,0.1553,Light,False,36.2807,0.0176,-0.0044,Aligned,50,Unnamed Road,961
2657,Unnamed Road,Urban Road,URB-02657,2657,12.9584,77.5178,12.9585,77.5176,24.7,1062.8,1062.825,10.0339,Aligned,0.9635,0.9714,0.0522,0.0032,-0.0002,16.5577,20.9814,31.8998,1.0342,12.9936,50.172,90.7904,0.303,20.588,2.6172,No,0.0,-0.0004,-0.0215,Poor,Low,2.5085,10.0,10.4869,19.1795,Safe,69.7555,18.6068,16.0383,Aligned,16.9044,32.7523,Side Impact Potential,Rural,1.9167,False,Industrial,Poor Infrastructure,0.2088,Light,False,12.8434,-0.0056,-0.0021,Aligned,17,Unnamed Road,962
2658,Unnamed Road,Urban Road,URB-02658,2658,12.9586,77.5173,12.9588,77.517,35.0,1063.2,1063.235,20.6582,Aligned,0.7065,0.6798,0.2701,0.0095,0.0008,65.8638,64.8065,99.7876,7.126,16.1372,79.465,74.5424,0.5806,60.0,10.3211,No,0.0,0.0034,-0.0036,Poor,Low,0.1357,10.0,10.5957,21.0322,Safe,70.0921,67.5361,17.5629,Aligned,67.7579,39.9834,Separated Traffic,Rural,5.0364,True,Industrial,Poor Infrastructure,0.0067,,False,56.4338,0.0193,0.0031,Aligned,66,Unnamed Road,963
2659,Unnamed Road,Urban Road,URB-02659,2659,12.9588,77.517,12.9588,77.5168,27.4,1063.6,1063.627,30.3097,Moderate Misalignment,0.6543,0.2707,0.6508,0.02,-0.0055,35.6249,36.6839,49.3643,0.0,13.68,50.6879,100.0,0.1769,60.0,0.0,No,0.0,0.0038,-0.0297,Good,Low,1.4782,10.0,22.7135,23.8903,Safe,66.0702,35.734,25.4435,Moderate Misalignment,36.8037,47.1162,Side Impact Potential,Rural,2.9643,False,Industrial,Poor Infrastructure,0.1722,Light,False,28.7353,0.0039,-0.004,Moderate Misalignment,38,Unnamed Road,964
2660,Unnamed Road,Urban Road,URB-02660,2660,12.9588,77.5168,12.9584,77.5163,65.2,1064.0,1064.065,9.4515,Aligned,0.9973,0.9709,-0.0061,-0.0088,0.0106,48.0693,48.6332,26.0711,11.7834,15.4118,51.7903,94.3148,0.3098,39.439,5.0281,No,0.0,0.0024,0.0187,Poor,Medium,1.6478,10.0,21.2829,23.0617,Safe,67.3365,48.5554,24.7551,Moderate Misalignment,50.5645,42.4166,Side Impact Potential,Rural,0.8222,False,Industrial,Poor Infrastructure,0.0131,,False,45.7124,-0.0026,-0.0003,Aligned,50,Unnamed Road,965
2661,Unnamed Road,Urban Road,URB-02661,2661,12.9697,77.5128,12.9692,77.5128,49.7,1064.4,1064.45,14.8283,Aligned,0.9204,0.8915,0.0923,0.0246,-0.0047,18.836,20.5146,28.7706,0.0,20.4495,51.2277,93.202,0.1976,21.4058,1.7986,No,0.0,-0.0046,-0.0328,Good,Medium,3.9292,10.0,10.0,22.3138,Safe,67.9517,18.1818,20.4277,Aligned,18.4589,60.2914,Side Impact Potential,Peri-Urban,2.3404,False,Residential,Poor Infrastructure,-0.0247,,False,15.2521,0.0263,0.0207,Aligned,20,Unnamed Road,966
2662,Unnamed Road,Urban Road,URB-02662,2662,12.9554,77.5197,12.9519,77.521,422.4,1064.8,1065.222,14.7202,Aligned,0.9041,0.8914,0.091,0.0025,-0.0107,27.3755,25.7369,48.2184,7.6281,31.7184,50.648,90.0873,0.064,29.0276,17.7464,No,0.0,-0.0026,-0.0212,Good,High,2.8974,10.0,10.068,25.2338,Moderate Risk,69.119,25.6136,21.2998,Aligned,25.1504,68.3946,Side Impact Potential,Urban,1.9603,False,Commercial,Poor Infrastructure,-0.0122,,False,23.767,0.009,0.0012,Aligned,27,Unnamed Road,967
2663,Unnamed Road,Urban Road,URB-02663,2663,12.9468,77.5246,12.9466,77.5248,27.4,1065.2,1065.227,13.1184,Aligned,0.8915,0.8909,0.0962,0.0109,0.0022,41.9363,41.6885,100.0,0.0,14.061,79.5558,61.157,0.0909,58.9492,3.667,No,0.0,-0.003,-0.0446,Poor,Medium,0.1807,10.0,10.2536,21.3537,Safe,68.9022,43.5937,17.9641,Aligned,43.4268,45.5836,Separated Traffic,Rural,6.8966,True,Residential,Poor Infrastructure,0.1357,Light,False,35.4009,0.006,0.0086,Aligned,43,Unnamed Road,968
2664,Unnamed Road,Urban Road,URB-02664,2664,12.9819,77.5161,12.982,77.5158,26.9,1065.6,1065.627,37.6755,Moderate Misalignment,0.8516,0.0958,0.8583,0.0251,0.0086,72.2958,68.7237,96.2172,14.9867,18.8009,81.9591,89.4835,0.0,60.0,10.0603,No,0.0,0.0018,0.0217,Poor,Medium,0.1379,10.0,17.5834,24.6403,Safe,65.55,70.7596,29.3975,Moderate Misalignment,69.4088,45.7666,Separated Traffic,Rural,4.1073,True,Mixed,Poor Infrastructure,0.1586,Light,False,55.6282,0.0014,-0.014,Moderate Misalignment,72,Unnamed Road,969
2665,Unnamed Road,Urban Road,URB-02665,2665,12.982,77.5158,12.982,77.5155,30.6,1066.0,1066.031,12.2997,Aligned,0.9141,0.8981,0.0366,0.0056,-0.0007,30.5831,30.4354,55.6254,0.0,16.4722,48.9653,93.1675,0.6649,29.1898,5.8022,No,0.0,-0.0001,-0.0113,Poor,Medium,1.2221,10.0,10.2177,21.7289,Safe,68.4868,32.9798,19.5468,Aligned,27.7452,46.5205,Side Impact Potential,Rural,4.0515,False,Commercial,Poor Infrastructure,-0.0019,,False,24.4849,0.0084,-0.0119,Aligned,30,Unnamed Road,970
2666,Unnamed Road,Urban Road,URB-02666,2666,12.982,77.5155,12.982,77.5149,63.5,1066.4,1066.464,41.3234,Moderate Misalignment,0.9003,0.0157,0.8898,0.0535,-0.0014,49.7685,52.7083,99.0329,28.8376,24.4708,49.2636,76.8678,0.0,60.0,15.9679,No,0.0,-0.0111,-0.0214,Good,Medium,0.5537,10.0,10.0,31.1587,Moderate Risk,60.2542,50.3224,44.2938,Moderate Misalignment,60.8732,55.2553,Side Impact Potential,Urban,7.0604,False,Commercial,Poor Infrastructure | Above Human Tolerance Limit,0.0247,,False,55.2765,-0.0088,0.0024,Moderate Misalignment,49,Unnamed Road,971
2667,Unnamed Road,Urban Road,URB-02667,2667,12.9809,77.5115,12.981,77.511,55.1,1066.8,1066.855,24.9055,Aligned,0.5464,0.5306,0.4411,0.0004,-0.0048,36.3866,38.0382,53.4189,1.1023,22.1477,50.8897,62.1412,0.3711,29.521,15.6687,No,0.0,-0.0058,0.0412,Poor,High,1.6265,10.0,27.746,26.6054,Moderate Risk,62.1864,39.3008,29.0355,Moderate Misalignment,41.7655,46.9113,Side Impact Potential,Rural,2.9517,False,Industrial,Active Congestion | Poor Infrastructure,0.8195,Severe,False,10.0,-0.0026,-0.0147,Aligned,36,Unnamed Road,972
2668,Unnamed Road,Urban Road,URB-02668,2668,12.9809,77.5115,12.9807,77.5123,84.4,1067.2,1067.284,10.4796,Aligned,0.9893,0.9953,0.0254,0.0163,0.0054,21.2233,20.4914,52.4236,0.5318,18.0672,49.669,77.5856,0.0,41.617,11.8695,No,0.0,-0.003,-0.0746,Poor,Low,0.7288,10.0,10.0406,21.782,Safe,68.4347,20.0171,17.9924,Aligned,19.9602,36.3248,Side Impact Potential,Rural,3.927,False,Residential,Poor Infrastructure,0.0097,,False,17.3982,-0.006,-0.0028,Aligned,21,Unnamed Road,973
2669,Unnamed Road,Urban Road,URB-02669,2669,12.9806,77.5129,12.9807,77.5123,62.7,1067.6,1067.663,25.5265,Aligned,0.556,0.506,0.4078,-0.0003,0.0037,37.4441,36.6761,52.0631,0.0,21.3776,48.7335,66.8974,0.3849,29.2672,14.19,No,0.0,-0.0026,0.0565,Poor,High,1.5777,10.0,26.9113,27.0215,Moderate Risk,61.5135,39.6739,29.3584,Moderate Misalignment,40.9943,46.5472,Side Impact Potential,Rural,2.803,False,Industrial,Active Congestion | Poor Infrastructure,0.8222,Severe,False,10.7664,-0.0058,-0.0247,Aligned,39,Unnamed Road,974
2670,Unnamed Road,Urban Road,URB-02670,2670,12.9545,77.5195,12.9568,77.5193,256.3,1068.0,1068.256,23.4115,Aligned,0.5624,0.5607,0.4503,0.0091,0.0064,79.4205,80.3091,100.0,6.1151,19.6687,79.867,74.3536,0.0,60.0,13.7605,No,0.0,-0.003,-0.0155,Good,Medium,0.2847,10.0,10.7404,27.8699,Moderate Risk,61.4865,80.7379,31.4133,Moderate Misalignment,83.5852,43.3815,Separated Traffic,Rural,4.9017,True,Residential,Poor Infrastructure | Above Human Tolerance Limit,-0.0075,,False,72.1013,0.0131,-0.0087,Aligned,78,Unnamed Road,975
2671,Unnamed Road,Urban Road,URB-02671,2671,12.9568,77.5193,12.9571,77.5193,33.4,1068.4,1068.433,23.2046,Aligned,0.6384,0.6484,0.3425,0.0131,0.0114,55.7592,55.4409,99.6982,24.4083,18.1901,80.0392,47.5391,0.0065,60.0,12.1651,No,0.0,0.0032,0.0541,Poor,Medium,0.2709,10.0,10.0,18.2197,Safe,74.5085,55.6796,14.9367,Aligned,53.5496,34.0595,Separated Traffic,Rural,8.0606,True,Residential,Poor Infrastructure,0.1325,Light,False,43.2597,0.0019,-0.0113,Aligned,56,Unnamed Road,976
2672,Unnamed Road,Urban Road,URB-02672,2672,12.9584,77.5178,12.9578,77.5176,70.8,1068.8,1068.871,11.7244,Aligned,0.9501,0.9579,0.0575,0.0142,-0.0031,16.2511,22.7553,29.4283,16.3108,23.7452,50.1616,88.5934,0.1344,20.0,24.7204,No,0.0,-0.0086,0.9986,Poor,Low,1.6172,10.0,10.0,22.545,Safe,71.5748,17.6457,19.1323,Aligned,16.3823,40.543,Side Impact Potential,Rural,1.7389,False,Residential,Poor Infrastructure,0.1405,Light,False,13.9134,-0.0135,0.0003,Aligned,18,Unnamed Road,977
2673,Unnamed Road,Urban Road,URB-02673,2673,12.9578,77.5176,12.9575,77.5175,36.4,1069.2,1069.236,9.5575,Aligned,0.9973,1.0159,0.0008,-0.0009,-0.0003,25.5111,27.0793,27.7474,12.8298,17.853,49.2158,86.1907,0.2275,28.6557,7.6746,No,0.0,-0.0051,-0.0124,Poor,Medium,2.8607,10.0,10.0,19.7889,Safe,72.0111,27.7014,16.4583,Aligned,27.7435,51.0474,Side Impact Potential,Peri-Urban,1.0187,False,Residential,Poor Infrastructure,0.0043,,False,20.6796,0.0027,0.01,Aligned,24,Unnamed Road,978
2674,Unnamed Road,Urban Road,URB-02674,2674,12.9572,77.5151,12.9572,77.5137,155.8,1069.6,1069.756,16.202,Aligned,0.8454,0.8697,0.146,-0.0021,-0.0052,79.1025,80.0755,96.8297,8.3529,18.3417,77.9706,75.2908,0.2203,58.6362,4.8569,No,0.0,0.0013,0.0386,Poor,Low,0.232,10.0,10.0,21.1499,Safe,69.8826,78.5547,20.96,Aligned,81.1341,49.9317,Separated Traffic,Peri-Urban,7.9979,True,Commercial,Poor Infrastructure,0.192,Light,False,64.3304,-0.0007,0.0088,Aligned,81,Unnamed Road,979
2675,Unnamed Road,Urban Road,URB-02675,2675,12.9747,77.5133,12.975,77.5135,47.8,1070.0,1070.048,64.2393,High Misalignment,0.7116,0.0104,0.2852,0.7144,-0.0082,50.8509,50.0195,100.0,52.4833,32.5121,50.6396,71.9908,0.3294,60.0,28.0739,No,0.0,-0.005,-0.0351,Poor,Medium,0.666,10.0,10.0,35.2354,Moderate Risk,56.671,51.3258,55.8111,High Misalignment,66.8179,58.5463,Side Impact Potential,Urban,5.1934,False,Commercial,Speed Limit Misaligned | Above Human Tolerance Limit,0.0109,,False,60.3003,0.0021,-0.0124,High Misalignment,49,Unnamed Road,980
2676,Unnamed Road,Urban Road,URB-02676,2676,12.975,77.5135,12.9753,77.5136,33.0,1070.4,1070.433,13.9015,Aligned,0.8515,0.8117,0.1645,-0.0026,-0.0044,47.6224,46.7728,98.5997,4.5162,16.909,80.2584,67.1678,0.0,58.1833,10.3832,No,0.0,0.0023,0.0232,Poor,High,0.3458,10.0,10.4485,21.4384,Safe,69.7331,46.2927,18.4611,Aligned,48.9913,39.0941,Separated Traffic,Rural,5.9776,True,Industrial,Poor Infrastructure,0.1587,Light,False,39.5823,-0.0039,0.005,Aligned,47,Unnamed Road,981
2677,Unnamed Road,Urban Road,URB-02677,2677,12.9611,77.5107,12.9617,77.5109,64.4,1070.8,1070.864,41.9356,Moderate Misalignment,0.9342,0.0668,0.9082,0.0434,-0.0098,79.3333,80.6565,100.0,0.0,14.9567,80.9193,97.0918,0.0,60.0,9.995,No,0.0,0.0072,-0.0085,Poor,High,0.3357,10.0,28.6984,36.8716,Moderate Risk,44.9392,80.8717,57.2394,High Misalignment,114.4186,36.7291,Separated Traffic,Rural,5.1223,True,Residential,Speed Limit Misaligned | Poor Infrastructure | Above Human Tolerance Limit,0.1806,Light,False,86.9995,-0.0133,0.0116,Moderate Misalignment,81,Unnamed Road,982
2678,Unnamed Road,Urban Road,URB-02678,2678,12.9617,77.5109,12.9621,77.511,47.5,1071.2,1071.247,32.5362,Moderate Misalignment,0.7666,0.2405,0.7958,0.0332,0.0105,77.7686,79.7682,97.9327,6.1181,15.0876,82.5152,54.1259,0.0,60.0,8.1088,No,0.0,-0.0096,-0.0069,Poor,Low,0.1633,10.0,10.0,24.2696,Moderate Risk,62.6183,79.9137,30.2176,Moderate Misalignment,81.3216,33.7404,Separated Traffic,Rural,5.9325,True,Residential,Poor Infrastructure | Above Human Tolerance Limit,0.215,Light,False,62.1899,0.0137,-0.0113,Moderate Misalignment,79,Unnamed Road,983
2679,Unnamed Road,Urban Road,URB-02679,2679,12.9624,77.5111,12.9621,77.511,37.0,1071.6,1071.637,13.1984,Aligned,0.9507,0.9608,0.0698,0.0129,-0.0008,38.8524,33.4996,51.8192,15.2769,28.5886,50.466,80.9123,0.0395,40.0058,22.8073,No,0.0,0.0013,0.9904,Good,Low,2.0804,10.0,10.1882,24.4182,Safe,70.811,34.243,21.3476,Aligned,33.7073,55.4405,Side Impact Potential,Peri-Urban,3.2643,False,Residential,Poor Infrastructure,0.1799,Light,False,26.1984,-0.0029,0.0006,Aligned,38,Unnamed Road,984
2680,Unnamed Road,Urban Road,URB-02680,2680,12.9571,77.5193,12.9577,77.5191,70.9,1072.0,1072.071,10.7526,Aligned,0.9759,0.9539,0.0511,0.0088,-0.0133,41.3008,40.0875,70.1445,12.8307,28.042,49.9727,80.7427,0.0771,51.6255,14.6694,No,0.0,-0.0065,0.9914,Good,Medium,2.0531,10.0,10.0,24.3156,Safe,69.5484,38.7944,22.0899,Aligned,41.7999,66.5985,Side Impact Potential,Urban,1.849,False,Commercial,Poor Infrastructure,-0.0196,,False,33.3604,0.0127,-0.0141,Aligned,42,Unnamed Road,985
2681,Unnamed Road,Urban Road,URB-02681,2681,12.9601,77.5142,12.9606,77.513,140.0,1072.4,1072.54,9.0875,Aligned,0.9941,0.9435,0.0661,0.0003,-0.0022,18.9444,18.7676,44.7028,30.272,30.035,48.9229,80.5254,0.0701,29.8783,16.5187,No,0.0,0.0043,-0.0369,Good,Low,3.5382,10.0,10.0,22.6517,Safe,74.6684,20.7869,19.7767,Aligned,16.3226,65.3406,Side Impact Potential,Urban,1.8018,False,Commercial,Poor Infrastructure,-0.0068,,False,18.4688,0.0025,0.013,Aligned,18,Unnamed Road,986
2682,Unnamed Road,Urban Road,URB-02682,2682,12.9804,77.5137,12.9802,77.515,150.4,1072.8,1072.95,15.2164,Aligned,0.8858,0.9055,0.1234,0.0276,-0.0014,51.0131,48.1881,78.6957,33.3542,34.2282,50.3922,85.6031,0.0263,48.6185,30.5365,No,0.0,0.0046,1.0334,Poor,High,1.7836,10.0,11.7879,25.0676,Moderate Risk,71.3015,50.3502,25.1654,Moderate Misalignment,55.7434,57.6258,Side Impact Potential,Urban,3.0789,True,Residential,Poor Infrastructure,0.225,Light,False,41.9573,0.0012,0.0025,Aligned,50,Unnamed Road,987
2683,Unnamed Road,Urban Road,URB-02683,2683,12.9804,77.5137,12.9805,77.5133,44.5,1073.2,1073.245,8.5992,Aligned,0.9789,0.9801,0.0503,0.0134,0.0033,28.6914,27.4833,25.7314,0.778,15.8583,47.7136,90.5698,0.0328,39.3995,8.5207,No,0.0,0.0005,-0.0368,Poor,High,1.5624,10.0,10.0,22.0594,Safe,68.4361,26.7468,18.0932,Aligned,29.2115,38.9177,Side Impact Potential,Rural,1.0263,False,Mixed,Poor Infrastructure,0.0215,,False,23.8769,-0.0263,0.0025,Aligned,30,Unnamed Road,988
2684,Unnamed Road,Urban Road,URB-02684,2684,12.9806,77.5129,12.9805,77.5133,44.8,1073.6,1073.645,36.7656,Aligned,0.3895,0.4353,0.3245,0.2973,-0.0064,57.4726,56.0356,100.0,0.0,17.0221,80.0984,43.2859,0.0,60.0,8.707,No,0.0,-0.0127,-0.0434,Poor,Low,0.2281,10.0,10.0,21.6708,Safe,68.6197,55.1543,18.9168,Aligned,57.6721,39.768,Separated Traffic,Rural,8.1796,True,Industrial,Poor Infrastructure,0.1575,Light,False,42.0297,-0.0068,-0.0028,Aligned,55,Unnamed Road,989
2685,Unnamed Road,Urban Road,URB-02685,2685,12.9447,77.521,12.9446,77.5214,41.8,1074.0,1074.042,11.7982,Aligned,0.9514,1.0027,0.0102,-0.0113,0.0005,36.2017,35.0025,75.7437,18.8326,29.9424,49.1583,65.9573,0.0,51.0132,19.4811,No,0.0,-0.0035,-0.0584,Good,Medium,1.927,10.0,10.4175,23.8795,Safe,71.2025,36.316,19.766,Aligned,36.9783,62.9559,Side Impact Potential,Urban,4.0641,False,Commercial,Poor Infrastructure,0.1671,Light,False,26.9908,0.0017,0.0028,Aligned,37,Unnamed Road,990
2686,Unnamed Road,Urban Road,URB-02686,2686,12.9584,77.5163,12.9576,77.5161,96.6,1074.4,1074.497,13.3222,Aligned,0.9137,0.8907,0.1168,-0.0191,-0.0039,25.9234,26.0793,51.1029,22.736,27.9729,50.7715,85.9744,0.0,30.9635,13.2047,No,0.0,-0.0037,0.0019,Good,Low,3.4824,10.0,10.0357,22.6506,Safe,72.2808,26.7636,18.9919,Aligned,27.8117,68.2708,Side Impact Potential,Urban,2.8913,False,Commercial,Poor Infrastructure,0.0019,,False,22.4446,0.0152,-0.0036,Aligned,27,Unnamed Road,991
2687,Unnamed Road,Urban Road,URB-02687,2687,12.9615,77.5124,12.9628,77.5123,146.9,1074.8,1074.947,11.6163,Aligned,0.9909,1.0279,-0.004,-0.0046,-0.0155,38.9269,40.6998,71.1562,21.3023,33.2813,48.3537,76.6851,0.4158,50.1336,23.9423,No,0.0,-0.0011,-0.0247,Good,High,1.5652,10.0,10.4069,24.6867,Moderate Risk,71.1637,40.8083,23.2552,Aligned,39.7244,66.9615,Side Impact Potential,Urban,3.1502,False,Commercial,Poor Infrastructure,-0.0067,,False,32.6869,-0.0142,0.015,Aligned,40,Unnamed Road,992
2688,Unnamed Road,Urban Road,URB-02688,2688,12.9624,77.5111,12.9628,77.5111,38.6,1075.2,1075.239,98.1748,Critical Misalignment,0.9864,-0.0211,0.015,0.0218,0.9951,28.4706,32.0214,99.7603,51.8358,46.5712,31.0594,86.3336,0.0765,60.0,50.3777,No,0.0,0.0045,1.0663,Poor,Medium,0.3732,10.0,14.9722,56.4605,High Risk,30.7522,31.5001,98.9424,Critical Misalignment,94.3067,58.5874,Significant Pedestrian Interaction,Urban,5.1472,False,Commercial,Speed Limit Misaligned | High Pedestrian Interaction | Above Human Tolerance Limit,0.1727,Light,False,68.7215,-0.0119,-0.0061,Critical Misalignment,29,Unnamed Road,993
2689,Unnamed Road,Urban Road,URB-02689,2689,12.9506,77.5217,12.9509,77.5215,44.9,1075.6,1075.645,35.1611,Moderate Misalignment,0.5683,0.3368,0.5643,0.0936,-0.0045,60.0664,61.8104,99.9641,28.3797,23.4503,78.8771,92.1946,0.0,59.1496,13.9152,No,0.0,0.0051,-0.0326,Poor,High,0.4731,10.0,10.2984,19.4766,Safe,74.6501,60.5538,17.4546,Aligned,58.2304,51.7531,Separated Traffic,Peri-Urban,6.7824,True,Industrial,Poor Infrastructure,-0.0047,,False,55.6968,-0.0031,-0.0023,Moderate Misalignment,57,Unnamed Road,994
2690,Unnamed Road,Urban Road,URB-02690,2690,12.9765,77.5141,12.9778,77.5145,149.8,1076.0,1076.15,33.8534,Moderate Misalignment,0.8363,0.1671,0.8721,-0.0046,0.0092,50.551,49.743,82.2098,29.7016,30.8116,52.2452,90.7845,0.2391,48.58,21.0976,No,0.0,0.001,-0.0129,Good,High,1.7025,10.0,22.4182,27.1369,Moderate Risk,66.5391,49.9472,31.0393,Moderate Misalignment,60.1353,59.8013,Side Impact Potential,Urban,4.1031,True,Commercial,Poor Infrastructure,-0.0081,,False,57.8721,-0.017,-0.0129,Moderate Misalignment,49,Unnamed Road,995
2691,Unnamed Road,Urban Road,URB-02691,2691,12.9778,77.5145,12.9783,77.5148,60.8,1076.4,1076.461,8.8292,Aligned,1.0004,1.0128,0.0395,0.0026,0.0007,26.9882,27.8673,28.7484,14.8625,14.2872,49.7547,73.9386,0.0,39.4801,5.5829,No,0.0,0.0064,-0.0553,Poor,Low,0.7487,10.0,10.2794,17.852,Safe,74.3308,28.6895,13.7547,Aligned,28.9563,35.2359,Side Impact Potential,Rural,1.0377,False,Industrial,Poor Infrastructure,0.1749,Light,False,22.9426,-0.0142,0.011,Aligned,27,Unnamed Road,996
2692,Unnamed Road,Urban Road,URB-02692,2692,12.9587,77.5178,12.9586,77.5182,38.4,1076.8,1076.838,14.5581,Aligned,0.895,0.8787,0.0862,-0.0003,-0.0047,40.3719,38.9217,100.0,22.7316,25.8088,82.0923,60.8153,0.5331,59.0292,19.9657,No,0.0,-0.0069,-0.0251,Good,High,0.1913,10.0,10.0,21.0954,Safe,74.0028,40.4353,17.447,Aligned,38.9321,47.9937,Separated Traffic,Peri-Urban,4.0616,True,Residential,Poor Infrastructure,-0.0119,,False,33.6621,0.0251,-0.0117,Aligned,42,Unnamed Road,997
2693,Unnamed Road,Urban Road,URB-02693,2693,12.9476,77.5243,12.9474,77.5246,51.0,1077.2,1077.251,39.6457,Moderate Misalignment,0.88,0.0925,0.8648,0.051,0.0101,47.798,46.726,100.0,55.0943,41.3328,50.2216,69.2869,0.0317,60.0,38.3712,No,0.0,0.0064,0.9892,Poor,Medium,0.4523,10.0,10.049,28.2068,Moderate Risk,70.6201,48.8183,33.7497,Moderate Misalignment,49.7736,61.7613,Side Impact Potential,Urban,5.031,True,Commercial,Above Human Tolerance Limit,-0.0007,,False,42.7125,0.009,-0.0026,Moderate Misalignment,48,Unnamed Road,998
2694,Unnamed Road,Urban Road,URB-02694,2694,12.9476,77.5243,12.9479,77.5241,46.7,1077.6,1077.647,11.9683,Aligned,0.9011,0.9174,0.0625,0.0285,0.0093,47.7196,51.1074,99.7807,11.1739,13.0548,79.6094,74.375,0.0,60.0,5.0605,No,0.0,-0.002,-0.016,Good,Low,0.1897,10.0,10.0385,18.817,Safe,72.5528,46.9205,16.6418,Aligned,47.5226,34.6971,Separated Traffic,Rural,8.0447,True,Industrial,Poor Infrastructure,0.0071,,False,42.6321,0.011,0.0103,Aligned,47,Unnamed Road,999
2695,Unnamed Road,Urban Road,URB-02695,2695,12.9474,77.5246,12.9467,77.5255,122.0,1078.0,1078.122,10.8804,Aligned,0.8997,0.8812,0.0768,0.021,0.0031,41.1749,43.4266,100.0,0.8664,15.7951,79.6346,61.9578,0.0,60.0,2.4445,No,0.0,-0.012,-0.0647,Poor,Medium,0.0141,10.0,10.3837,20.804,Safe,69.1309,43.4351,18.7657,Aligned,39.491,44.5403,Separated Traffic,Rural,7.0023,True,Residential,Poor Infrastructure,0.1322,Light,False,34.5581,0.0073,-0.0019,Aligned,41,Unnamed Road,1000
2696,Unnamed Road,Urban Road,URB-02696,2696,12.9491,77.5233,12.9479,77.5241,154.5,1078.4,1078.555,14.3696,Aligned,0.9661,0.9219,0.0586,0.006,0.0071,27.7483,27.4928,85.5462,19.1506,27.5504,50.1088,76.4611,0.0,39.143,20.6663,No,0.0,-0.003,1.0024,Poor,Low,2.1075,10.0,10.0,23.3576,Safe,73.0015,27.8715,18.1025,Aligned,27.0623,55.3319,Side Impact Potential,Urban,3.9512,True,Residential,Poor Infrastructure,0.0023,,False,23.1242,0.0092,-0.0039,Aligned,29,Unnamed Road,1001
2697,Unnamed Road,Urban Road,URB-02697,2697,12.9497,77.5228,12.95,77.5225,41.7,1078.8,1078.842,13.6635,Aligned,0.9854,0.9778,0.0321,0.0113,-0.0124,40.5086,40.8736,28.7984,20.0271,21.1302,48.2123,91.1692,0.8114,40.9538,9.6504,No,0.0,0.0038,0.0416,Good,High,3.4795,10.0,10.0,20.7558,Safe,72.928,42.6012,17.9992,Aligned,40.3181,53.2669,Side Impact Potential,Peri-Urban,1.9462,False,Residential,Poor Infrastructure,-0.0206,,False,34.4287,-0.0042,-0.0021,Aligned,39,Unnamed Road,1002
2698,Unnamed Road,Urban Road,URB-02698,2698,12.9497,77.5228,12.9494,77.5231,44.9,1079.2,1079.245,25.7186,Moderate Misalignment,0.5185,0.5058,0.5454,0.0119,-0.0013,69.851,72.0188,97.1065,1.1832,13.688,80.7771,46.4931,0.3644,59.6204,2.5322,No,0.0,0.0026,-0.066,Good,Low,0.206,10.0,10.0,24.9498,Moderate Risk,61.5027,70.5388,30.1887,Moderate Misalignment,67.1323,42.049,Separated Traffic,Rural,6.7406,True,Residential,Approach to Congestion (Tapered) | Poor Infrastructure | Above Human Tolerance Limit,0.1728,Light,True,54.4476,0.0041,0.0022,Moderate Misalignment,70,Unnamed Road,1003
2699,Unnamed Road,Urban Road,URB-02699,2699,12.95,77.5225,12.9503,77.5223,45.8,1079.6,1079.646,39.3797,Moderate Misalignment,0.9778,0.0472,0.9683,0.0176,0.0039,71.9932,75.0824,100.0,11.0387,15.8997,79.6147,98.6233,0.0,58.8802,4.1858,No,0.0,-0.0113,-0.0835,Poor,Medium,0.0002,10.0,24.9429,25.5189,Moderate Risk,63.7022,75.7112,32.6011,Moderate Misalignment,76.2811,43.6125,Separated Traffic,Rural,6.0508,True,Residential,Poor Infrastructure,0.1453,Light,False,61.2774,-0.0041,-0.0125,Moderate Misalignment,75,Unnamed Road,1004
2700,Unnamed Road,Urban Road,URB-02700,2700,12.9494,77.5231,12.9491,77.5233,44.3,1080.0,1080.044,29.9012,Moderate Misalignment,0.708,0.3169,0.7217,0.0093,0.0103,38.9298,43.3425,52.7695,9.8063,12.9796,50.5445,95.8906,0.0,30.4993,6.067,No,0.0,-0.0007,-0.0332,Poor,Low,1.4053,10.0,34.4086,22.9872,Safe,66.1171,38.7464,26.5922,Moderate Misalignment,43.459,33.9964,Side Impact Potential,Rural,3.1322,False,Residential,Poor Infrastructure,-0.0063,,False,35.7176,0.0056,-0.0021,Moderate Misalignment,38,Unnamed Road,1005