segment_id,road_name,road_type,human_segment_id,internal_id,start_lat,start_lon,end_lat,end_lon,length_m,start_km,end_km,road_risk_score,ai_risk_label,ai_risk_probability,prob_low_risk,prob_medium_risk,prob_high_risk,prob_critical_risk,ai_recommended_speed,recommended_safe_speed,road_function_score,infrastructure_score,exposure_score,human_tolerance_limit,operating_speed_score,crash_risk_score,posted_speed_limit,pedestrian_exposure_score,blackspot_flag,crash_count,fatal_crashes,schools_count,lighting_quality,roadside_hazards,intersection_density,speed_compliance_rate,speed_violation_score,hotspot_score,hotspot_category,speed_safety_score,original_safe_speed,misalignment_score,misalignment_category,speed_p85,ptw_share_pct,exposure_tier,urban_rural_flag,lane_count,median_presence,land_use_type,top_ai_factors,congestion_index,congestion_category,congestion_smoothed,operating_speed_mean,minor_crashes,major_crashes,risk_category,final_safe_speed,corridor_base,corridor_seq
2701,Unnamed Road,Urban Road,URB-02701,2701,12.9447,77.521,12.945,77.52,111.1,1080.4,1080.511,17.5477,Aligned,0.7729,0.7463,0.239,0.0079,-0.0093,49.0998,48.6847,76.9063,10.1394,23.9989,50.3447,93.7087,0.0,52.2674,9.6369,No,0.0,-0.0141,0.0361,Good,Low,1.9138,10.0,10.0,22.8173,Safe,70.5853,48.5086,19.831,Aligned,48.3,62.8826,Side Impact Potential,Urban,3.7866,False,Commercial,Poor Infrastructure,0.0001,,False,48.8181,-0.0026,-0.0053,Aligned,48,Unnamed Road,1006
2702,Unnamed Road,Urban Road,URB-02702,2702,12.9506,77.522,12.9503,77.5223,44.6,1080.8,1080.845,11.5433,Aligned,0.959,0.9822,0.0432,-0.0083,0.004,30.2717,30.4555,81.229,1.2144,22.1684,50.0086,80.2849,0.0,39.875,6.8668,No,0.0,-0.0008,0.0147,Good,Low,2.0863,10.0,10.0424,23.7168,Safe,66.9186,30.0023,19.2692,Aligned,27.7333,63.1811,Side Impact Potential,Urban,1.9144,True,Mixed,Approach to Congestion (Tapered) | Poor Infrastructure,0.0034,,True,25.382,0.0125,0.0071,Aligned,31,Unnamed Road,1007
2703,Unnamed Road,Urban Road,URB-02703,2703,12.9753,77.5136,12.9756,77.5137,35.8,1081.2,1081.236,70.4778,High Misalignment,0.8808,0.0089,0.0896,0.9085,-0.0105,30.1563,29.6594,87.8999,49.7127,50.3249,27.78,61.7365,0.2274,59.0933,57.0869,No,0.0,-0.0042,1.9523,Good,Medium,1.9526,10.0,10.0,42.078,Moderate Risk,52.4758,29.4126,62.9147,High Misalignment,48.2696,66.0345,Significant Pedestrian Interaction,Urban,5.0388,True,Mixed,Speed Limit Misaligned | High Pedestrian Interaction | Above Human Tolerance Limit,0.1975,Light,False,33.5107,-0.0065,-0.0039,High Misalignment,29,Unnamed Road,1008
2704,Unnamed Road,Urban Road,URB-02704,2704,12.9756,77.5137,12.9765,77.5141,114.1,1081.6,1081.714,21.0848,Aligned,0.7135,0.6776,0.2253,0.0426,0.0006,81.0567,80.34,97.7772,12.1374,16.7245,80.8906,81.1793,0.0251,59.7946,13.9136,No,0.0,0.0012,-0.0271,Poor,Low,0.1988,10.0,10.5194,27.0988,Moderate Risk,61.3324,81.3823,34.3182,Moderate Misalignment,93.3366,32.3776,Separated Traffic,Rural,5.0098,True,Residential,Poor Infrastructure | Above Human Tolerance Limit,-0.0027,,False,79.5321,0.0141,-0.0117,Aligned,80,Unnamed Road,1009
2705,Unnamed Road,Urban Road,URB-02705,2705,12.9691,77.5124,12.9704,77.5125,149.0,1082.0,1082.149,9.9529,Aligned,0.9777,0.9957,0.0321,0.0154,0.0027,48.95,48.7886,75.6901,32.6119,29.3229,50.0896,80.6917,0.0939,51.0068,19.8346,No,0.0,-0.0003,-0.0264,Good,Medium,1.4411,10.0,10.0,21.4718,Safe,74.2245,51.844,19.8934,Aligned,52.5845,60.5916,Side Impact Potential,Urban,4.89,False,Residential,Poor Infrastructure,0.2381,Light,False,37.12,-0.0088,-0.0034,Aligned,50,Unnamed Road,1010
2706,Unnamed Road,Urban Road,URB-02706,2706,12.9829,77.5183,12.9824,77.518,67.9,1082.4,1082.468,29.483,Moderate Misalignment,0.6181,0.3448,0.6273,0.0138,-0.0097,74.3315,75.6776,98.5963,2.0362,15.867,80.9728,52.9249,0.1582,60.0,7.448,No,0.0,0.0064,0.0195,Poor,Low,0.3422,10.0,10.0,25.9914,Moderate Risk,61.2874,74.6209,32.0248,Moderate Misalignment,74.9655,36.0758,Separated Traffic,Rural,4.1121,True,Industrial,Poor Infrastructure | Above Human Tolerance Limit,0.1494,Light,False,59.6708,0.0042,-0.0122,Moderate Misalignment,74,Unnamed Road,1011
2707,Unnamed Road,Urban Road,URB-02707,2707,12.9906,77.5206,12.9881,77.5199,288.6,1082.8,1083.089,39.7213,Moderate Misalignment,0.8823,0.0628,0.9242,0.0314,-0.0136,25.5919,27.4525,76.9536,35.0775,41.1042,31.8546,72.9237,0.1484,40.6385,49.7499,No,0.0,-0.0073,1.0113,Poor,Low,1.6018,10.0,10.0,31.7052,Moderate Risk,64.9654,26.6488,36.4672,Moderate Misalignment,26.0747,51.8012,Significant Pedestrian Interaction,Peri-Urban,2.7584,True,Industrial,High Pedestrian Interaction | Poor Infrastructure | Above Human Tolerance Limit,0.0158,,False,23.3754,0.0079,-0.0102,Moderate Misalignment,27,Unnamed Road,1012
2708,Unnamed Road,Urban Road,URB-02708,2708,12.9704,77.5125,12.9709,77.5126,54.5,1083.2,1083.255,11.3776,Aligned,0.9655,0.9568,0.0144,0.025,0.0046,32.6618,32.6697,84.4597,0.0,23.9595,50.7651,78.6122,0.0,40.6839,13.7163,No,0.0,-0.0035,-0.0252,Poor,High,1.7177,10.0,10.5632,24.4025,Safe,66.0568,32.6019,22.8332,Aligned,35.6145,55.5572,Side Impact Potential,Urban,5.9028,False,Mixed,Poor Infrastructure,0.1653,Light,False,23.9238,0.0032,-0.0186,Aligned,34,Unnamed Road,1013
2709,Unnamed Road,Urban Road,URB-02709,2709,12.9538,77.5197,12.9545,77.5195,84.9,1083.6,1083.685,12.2036,Aligned,0.989,0.9649,-0.0319,-0.0151,-0.0034,34.5198,34.2015,74.5929,48.5359,31.7154,50.1063,69.1603,0.3511,50.83,24.8077,No,0.0,0.0062,-0.0202,Poor,Low,2.2014,10.0,10.1567,20.7506,Safe,79.06,33.8804,17.9938,Aligned,34.0687,60.2809,Side Impact Potential,Urban,2.7508,False,Residential,Meets Safe System Standards,-0.0228,,False,32.961,0.0093,-0.0079,Aligned,37,Unnamed Road,1014
2710,Unnamed Road,Urban Road,URB-02710,2710,12.8679,77.5697,12.8686,77.568,203.4,1084.0,1084.203,14.5232,Aligned,0.8695,0.8615,0.1559,0.0193,-0.0085,45.1089,43.0556,97.4408,0.0,15.3145,78.4376,62.2573,0.0,60.0,8.99,No,0.0,-0.0111,-0.0475,Good,Medium,0.2991,10.0,10.1934,20.73,Safe,68.4862,42.8752,18.5672,Aligned,42.899,34.9477,Separated Traffic,Rural,5.2255,True,Residential,Poor Infrastructure,0.0148,,False,32.9632,0.0017,-0.0024,Aligned,44,Unnamed Road,1015
2711,Unnamed Road,Urban Road,URB-02711,2711,12.8686,77.568,12.8688,77.5677,28.5,1084.4,1084.428,30.2547,Moderate Misalignment,0.6225,0.3397,0.5753,0.0101,-0.0028,74.8648,77.3217,99.6212,0.7126,14.7118,82.3895,54.5223,0.0,60.0,6.808,No,0.0,-0.0044,-0.0478,Poor,Low,0.2642,10.0,10.0,26.1684,Moderate Risk,61.4205,77.5081,29.9958,Moderate Misalignment,71.9698,36.8628,Separated Traffic,Rural,4.1041,True,Industrial,Poor Infrastructure | Above Human Tolerance Limit,0.1507,Light,False,56.8604,-0.0007,0.0135,Moderate Misalignment,74,Unnamed Road,1016
2712,Unnamed Road,Urban Road,URB-02712,2712,12.8551,77.573,12.8556,77.5732,60.9,1084.8,1084.861,29.5123,Moderate Misalignment,0.5651,0.4052,0.5407,0.0399,-0.0059,78.8878,77.4732,98.9884,10.741,14.8219,79.7882,55.0426,0.0,59.5843,8.0384,No,0.0,-0.0052,0.0613,Poor,Low,0.092,10.0,10.0,25.5192,Moderate Risk,63.6782,78.1491,28.5656,Moderate Misalignment,79.0683,35.0182,Separated Traffic,Rural,3.97,True,Industrial,Poor Infrastructure | Above Human Tolerance Limit,0.1419,Light,False,63.1695,0.0039,-0.0027,Moderate Misalignment,80,Unnamed Road,1017
2713,Unnamed Road,Urban Road,URB-02713,2713,12.8546,77.5729,12.8551,77.573,57.2,1085.2,1085.257,66.6803,High Misalignment,0.732,0.0352,0.2806,0.7494,0.0139,31.8618,24.7004,74.43,64.5278,53.9874,30.7682,89.0019,19.3556,51.1081,64.2124,No,0.0,-0.0001,1.9639,Poor,Medium,1.3579,10.0,10.4649,42.0633,Moderate Risk,57.8695,31.2771,51.5456,High Misalignment,50.3529,66.7645,Significant Pedestrian Interaction,Urban,3.8713,False,Mixed,Speed Limit Misaligned | High Pedestrian Interaction | Above Human Tolerance Limit,0.157,Light,False,42.3943,0.002,1.0017,High Misalignment,32,Unnamed Road,1018
2714,Unnamed Road,Urban Road,URB-02714,2714,12.8619,77.5609,12.8618,77.5613,50.2,1085.6,1085.65,10.7685,Aligned,1.0081,0.9662,0.0293,-0.0049,-0.0019,35.7894,40.8076,26.3276,11.2886,18.3553,48.9517,94.7149,0.0,30.0685,5.3068,No,0.0,0.0115,-0.0119,Poor,High,2.5408,10.0,33.2635,25.5084,Moderate Risk,64.0348,38.2016,27.0472,Moderate Misalignment,41.0147,54.6048,Side Impact Potential,Peri-Urban,2.3425,False,Mixed,Poor Infrastructure,0.0262,,False,32.4073,-0.0299,-0.0016,Aligned,40,Unnamed Road,1019
2715,Unnamed Road,Urban Road,URB-02715,2715,12.8617,77.5617,12.8618,77.5613,46.4,1086.0,1086.046,9.7795,Aligned,0.975,0.956,0.0384,0.0041,-0.0054,29.3664,32.301,83.3341,21.7513,29.5236,51.5937,78.1946,0.3052,41.6253,21.1978,No,0.0,0.0065,0.0299,Poor,Medium,2.1948,10.0,10.0175,22.2426,Safe,72.7502,28.7471,20.9691,Aligned,30.6714,54.6066,Side Impact Potential,Urban,5.3933,True,Commercial,Poor Infrastructure,0.0026,,False,25.173,0.0138,0.0006,Aligned,30,Unnamed Road,1020
2716,Unnamed Road,Urban Road,URB-02716,2716,12.8619,77.5609,12.8612,77.5601,119.6,1086.4,1086.52,10.9452,Aligned,0.9891,0.9785,0.0373,-0.0122,0.0114,21.9649,22.2784,31.1124,6.7983,21.7309,49.7997,80.34,0.0198,28.7899,9.834,No,0.0,-0.0044,-0.0381,Good,Medium,2.2913,10.0,10.0,23.2461,Safe,68.6715,22.0357,18.9624,Aligned,22.0259,55.1018,Side Impact Potential,Peri-Urban,2.2928,False,Industrial,Poor Infrastructure,0.1864,Light,False,19.2582,-0.0039,0.0065,Aligned,24,Unnamed Road,1021
2717,Unnamed Road,Urban Road,URB-02717,2717,12.8617,77.5624,12.8621,77.5628,61.7,1086.8,1086.862,11.2771,Aligned,0.9891,0.9223,0.0099,0.0069,0.0046,47.7949,47.5212,69.5656,66.4511,32.8397,49.5859,86.1891,0.0,49.7233,30.1332,No,0.0,-0.0015,0.025,Poor,High,1.9279,10.0,10.0,18.3869,Safe,83.6122,47.8064,17.129,Aligned,47.3458,60.1533,Side Impact Potential,Urban,1.8048,False,Industrial,Meets Safe System Standards,0.0182,,False,37.4787,0.0078,-0.0018,Aligned,48,Unnamed Road,1022
2718,Unnamed Road,Urban Road,URB-02718,2718,12.8617,77.5617,12.8617,77.5624,67.7,1087.2,1087.268,11.1456,Aligned,0.9031,0.9123,0.0734,-0.0022,-0.0034,65.1298,64.534,98.6514,0.0,14.8312,80.4961,69.4069,0.0,60.0,4.918,No,0.0,-0.0068,-0.0571,Good,Medium,0.3994,10.0,10.298,20.595,Safe,69.7554,65.9517,18.0362,Aligned,65.7294,36.5777,Separated Traffic,Rural,5.9483,True,Residential,Poor Infrastructure,0.1927,Light,False,50.0172,0.0207,-0.0003,Aligned,66,Unnamed Road,1023
2719,Unnamed Road,Urban Road,URB-02719,2719,12.8621,77.5628,12.8621,77.5631,32.9,1087.6,1087.633,11.6476,Aligned,0.9548,0.9898,0.088,0.0188,0.0095,37.5091,34.9135,72.2912,25.4741,25.6324,51.7766,65.7455,0.0,51.5004,14.7296,No,0.0,-0.0042,-0.0205,Good,Medium,1.8934,10.0,10.0,21.0466,Safe,75.0858,38.4169,19.3104,Aligned,36.4736,54.098,Side Impact Potential,Urban,3.0439,False,Commercial,Poor Infrastructure,0.1696,Light,False,28.272,0.0099,-0.0098,Aligned,38,Unnamed Road,1024
2720,Unnamed Road,Urban Road,URB-02720,2720,12.8615,77.5649,12.8617,77.5644,54.5,1088.0,1088.054,13.3281,Aligned,0.8898,0.9114,0.1004,0.0229,-0.0055,54.9314,51.8134,100.0,0.0,15.0988,78.5944,62.0115,0.0,58.4597,9.7448,No,0.0,-0.0017,0.0081,Poor,Low,0.1192,10.0,10.4951,20.9709,Safe,69.9423,50.5189,18.7573,Aligned,53.0703,35.8244,Separated Traffic,Rural,6.9975,True,Industrial,Approach to Congestion (Tapered) | Poor Infrastructure,-0.0122,,True,43.3605,-0.0037,0.0081,Aligned,52,Unnamed Road,1025
2721,Unnamed Road,Urban Road,URB-02721,2721,12.8615,77.5649,12.8614,77.5653,44.4,1088.4,1088.444,14.2778,Aligned,0.8759,0.8956,0.0916,0.032,0.0115,59.6674,58.1743,100.0,2.536,15.7208,82.1447,29.572,0.0513,60.0,10.0601,No,0.0,0.0072,-0.004,Poor,Medium,0.2202,10.0,10.0173,21.533,Safe,68.5791,57.3736,17.5838,Aligned,55.9682,34.6337,Separated Traffic,Rural,5.2944,True,Residential,Active Congestion | Poor Infrastructure,0.6452,Severe,False,23.2305,-0.0039,-0.013,Aligned,59,Unnamed Road,1026
2722,Unnamed Road,Urban Road,URB-02722,2722,12.8614,77.5653,12.8612,77.5655,33.2,1088.8,1088.833,13.7829,Aligned,0.8753,0.8991,0.1085,-0.01,-0.0086,60.5517,62.2824,99.1433,9.1231,15.884,80.6184,58.302,0.1979,60.0,7.21,No,0.0,-0.0061,-0.0394,Poor,High,0.3443,10.0,10.0,19.958,Safe,70.723,62.6437,16.316,Aligned,62.9566,33.5914,Separated Traffic,Rural,5.1341,True,Residential,Poor Infrastructure,0.0054,,False,52.0737,0.012,0.0034,Aligned,60,Unnamed Road,1027
2723,Unnamed Road,Urban Road,URB-02723,2723,12.8593,77.5701,12.8585,77.5711,143.4,1089.2,1089.343,9.1604,Aligned,0.981,0.9676,0.0421,-0.0029,-0.0036,23.2126,21.9154,27.5301,0.0,25.1911,50.0018,79.3166,0.2834,29.067,12.4688,No,0.0,0.004,0.0115,Poor,Medium,2.814,10.0,10.0,24.2263,Safe,68.2763,21.4345,20.7193,Aligned,22.8321,59.3587,Side Impact Potential,Peri-Urban,0.9026,False,Mixed,Poor Infrastructure,0.1806,Light,False,16.79,0.0013,-0.0049,Aligned,22,Unnamed Road,1028
2724,Unnamed Road,Urban Road,URB-02724,2724,12.8593,77.5701,12.8608,77.5669,380.4,1089.6,1089.98,36.475,Moderate Misalignment,0.8779,0.1039,0.8932,0.0302,-0.0087,81.5108,78.9144,99.9694,16.5185,26.4565,81.8079,85.9388,0.5208,59.5272,14.8423,No,0.0,-0.0015,0.0414,Poor,Medium,0.5691,10.0,17.0126,28.1406,Moderate Risk,62.9867,79.4586,32.31,Moderate Misalignment,93.0663,63.3928,Separated Traffic,Urban,8.1995,True,Commercial,Poor Infrastructure,0.1561,Light,False,72.2258,-0.0129,-0.0109,Moderate Misalignment,78,Unnamed Road,1029
2725,Unnamed Road,Urban Road,URB-02725,2725,12.858,77.572,12.8585,77.5711,111.6,1090.0,1090.112,12.789,Aligned,0.9245,0.9743,0.0517,0.0057,-0.0035,72.6586,73.6286,98.2519,5.1973,20.7325,78.5977,69.3706,0.27,59.8715,13.9643,No,0.0,0.0066,-0.0325,Poor,Low,0.0245,10.0,10.5289,21.8591,Safe,68.9098,76.5183,20.3371,Aligned,72.7512,44.2618,Separated Traffic,Rural,5.9974,True,Industrial,Poor Infrastructure,0.1333,Light,False,58.695,-0.0086,-0.0009,Aligned,75,Unnamed Road,1030
2726,Unnamed Road,Urban Road,URB-02726,2726,12.858,77.572,12.8578,77.5722,32.8,1090.4,1090.433,13.3507,Aligned,0.8921,0.8974,0.1048,-0.0028,0.0026,36.3875,37.6471,58.7598,19.6249,38.3971,48.9414,89.5589,0.2943,40.2034,32.8916,No,0.0,0.0032,1.0258,Good,Medium,2.6772,10.0,10.0186,27.1738,Moderate Risk,70.0771,40.0905,24.4606,Aligned,36.216,68.4092,Side Impact Potential,Urban,1.9886,True,Mixed,Poor Infrastructure,0.0042,,False,33.0389,-0.0058,0.0143,Aligned,38,Unnamed Road,1031
2727,Unnamed Road,Urban Road,URB-02727,2727,12.8605,77.5594,12.8612,77.5601,106.9,1090.8,1090.907,13.2503,Aligned,0.9331,0.9074,0.1172,0.0206,-0.0045,50.6363,50.811,95.8875,11.7177,23.2421,81.3178,51.2747,0.0,60.0,9.4473,No,0.0,-0.0052,0.0076,Good,Low,0.4306,10.0,10.0893,22.2716,Safe,69.7496,50.8267,19.5198,Aligned,50.5503,57.7398,Separated Traffic,Peri-Urban,4.039,True,Industrial,Poor Infrastructure,0.2192,Light,False,35.7688,-0.0013,-0.009,Aligned,50,Unnamed Road,1032
2728,Unnamed Road,Urban Road,URB-02728,2728,12.8715,77.5624,12.8712,77.5624,33.0,1091.2,1091.233,15.6914,Aligned,0.8567,0.8475,0.0741,-0.0029,0.0114,49.617,43.041,99.6851,36.8213,29.9121,80.8949,63.9677,40.02,57.4956,15.5201,Yes,0.0,0.9903,-0.0093,Poor,Low,0.4876,10.0,10.0,30.8695,Moderate Risk,67.847,46.4006,17.436,Aligned,47.3628,68.7146,Separated Traffic,Urban,5.0172,True,Industrial,Meets Safe System Standards,0.1353,Light,False,36.2853,0.005,-0.0117,Aligned,47,Unnamed Road,1033
2729,Unnamed Road,Urban Road,URB-02729,2729,12.8715,77.5624,12.8725,77.5627,122.2,1091.6,1091.722,11.0329,Aligned,0.9935,0.9726,0.0028,-0.0037,0.0037,20.3203,21.4145,51.8737,1.4827,20.61,51.0121,81.8915,0.1809,60.0,6.7848,No,0.0,0.008,-0.042,Poor,Low,2.3627,10.0,10.1815,22.8667,Safe,68.0501,22.1625,18.7727,Aligned,20.8716,58.014,Side Impact Potential,Peri-Urban,4.2374,False,Residential,Poor Infrastructure,0.0182,,False,19.4642,-0.0001,-0.0141,Aligned,20,Unnamed Road,1034
2730,Unnamed Road,Urban Road,URB-02730,2730,12.8731,77.5628,12.8725,77.5627,65.8,1092.0,1092.066,72.6551,High Misalignment,0.8658,-0.0281,0.1555,0.8765,0.002,29.8382,29.3167,85.4831,33.3748,46.7067,30.0434,97.0846,0.4515,39.2782,52.1633,No,0.0,-0.0044,0.9378,Poor,Low,2.031,10.0,34.5346,39.2477,Moderate Risk,55.4399,32.6931,52.2057,High Misalignment,53.3927,67.3486,Significant Pedestrian Interaction,Urban,5.8175,True,Residential,Speed Limit Misaligned | High Pedestrian Interaction | Above Human Tolerance Limit,0.1607,Light,False,40.6033,-0.0134,0.0069,High Misalignment,31,Unnamed Road,1035
2731,Unnamed Road,Urban Road,URB-02731,2731,12.8572,77.5735,12.8578,77.5736,77.8,1092.4,1092.478,27.8786,Moderate Misalignment,0.5049,0.4406,0.5182,0.0491,-0.0232,59.6492,58.1138,98.3291,11.7892,13.5099,80.3152,92.5761,0.3271,59.3304,3.9626,No,0.0,0.001,0.0343,Poor,Medium,0.2053,10.0,10.0017,19.0416,Safe,72.6924,58.8885,16.8099,Aligned,57.0369,39.3628,Separated Traffic,Rural,3.7393,True,Industrial,Poor Infrastructure,-0.0143,,False,53.7368,0.0155,0.0152,Moderate Misalignment,60,Unnamed Road,1036
2732,Unnamed Road,Urban Road,URB-02732,2732,12.8578,77.5736,12.8587,77.5737,99.0,1092.8,1092.899,32.7205,Moderate Misalignment,0.7148,0.2643,0.7122,0.0068,-0.0036,78.3106,77.9664,99.6146,14.0186,16.6674,80.3428,54.3955,0.0769,58.5867,4.2589,No,0.0,0.0074,0.0525,Poor,Low,0.0225,10.0,10.0,24.2813,Safe,64.3689,78.6658,28.6509,Moderate Misalignment,79.1727,45.3728,Separated Traffic,Rural,8.0872,True,Industrial,Poor Infrastructure | Above Human Tolerance Limit,0.1766,Light,False,60.8062,-0.0027,-0.0101,Moderate Misalignment,78,Unnamed Road,1037
2733,Unnamed Road,Urban Road,URB-02733,2733,12.8715,77.5702,12.8718,77.5702,30.5,1093.2,1093.231,16.9453,Aligned,0.8035,0.7668,0.1886,0.0233,0.0242,45.1483,45.774,99.6803,5.1824,13.6575,82.1571,47.425,0.0,60.0,7.3927,No,0.0,-0.0013,0.0171,Poor,Low,0.1022,10.0,10.371,20.1916,Safe,71.0872,46.2115,16.7875,Aligned,46.1664,33.8081,Separated Traffic,Rural,6.1267,True,Industrial,Poor Infrastructure,0.1667,Light,False,37.3714,-0.0104,-0.0063,Aligned,43,Unnamed Road,1038
2734,Unnamed Road,Urban Road,URB-02734,2734,12.8715,77.5702,12.8713,77.5702,26.7,1093.6,1093.627,40.6498,Moderate Misalignment,0.9594,0.0243,0.9597,0.0274,-0.0014,79.8437,79.0986,99.7322,23.6419,25.9763,80.3843,95.8776,0.0,60.0,13.5246,No,0.0,-0.0044,-0.0286,Good,High,0.3984,10.0,16.498,27.2337,Moderate Risk,65.0818,78.1756,32.9032,Moderate Misalignment,92.7198,61.4638,Separated Traffic,Peri-Urban,5.7818,True,Residential,Poor Infrastructure,0.0119,,False,81.9231,0.0048,-0.0074,Moderate Misalignment,82,Unnamed Road,1039
2735,Unnamed Road,Urban Road,URB-02735,2735,12.8713,77.5702,12.8703,77.5704,115.5,1094.0,1094.116,10.8246,Aligned,0.9968,1.007,0.0111,-0.0072,0.0044,21.8691,23.7774,60.0728,6.9476,17.4992,69.0706,84.2389,0.0473,31.1327,11.4162,No,0.0,-0.0002,-0.0384,Poor,Medium,1.1953,10.0,10.4079,20.7094,Safe,70.5643,19.9634,18.1838,Aligned,18.3337,37.2957,Separated Traffic,Rural,3.0436,True,Residential,Poor Infrastructure,0.014,,False,20.6811,0.0046,-0.0025,Aligned,23,Unnamed Road,1040
2736,Unnamed Road,Urban Road,URB-02736,2736,12.8699,77.5704,12.8703,77.5704,37.6,1094.4,1094.438,9.8713,Aligned,0.9677,0.9507,0.0654,0.0028,-0.0018,28.0652,24.8387,81.3452,0.0,21.8875,49.6021,69.7341,0.3012,39.9734,7.5277,No,0.0,0.0038,0.0585,Poor,Medium,1.5353,10.0,10.0,23.2582,Safe,67.8073,27.0806,20.5435,Aligned,31.5101,54.6451,Side Impact Potential,Urban,3.1094,True,Residential,Poor Infrastructure,0.1724,Light,False,22.6847,-0.0082,-0.0112,Aligned,28,Unnamed Road,1041
2737,Unnamed Road,Urban Road,URB-02737,2737,12.8699,77.5704,12.8683,77.5698,196.8,1094.8,1094.997,19.1433,Aligned,0.7641,0.7957,0.2095,0.0092,0.0009,29.8751,30.9875,50.8415,9.7573,24.8193,50.4187,92.1031,0.2015,41.1702,13.967,No,0.0,0.0073,0.0221,Good,Low,3.5725,10.0,10.5095,22.586,Safe,69.8839,30.9103,20.7164,Aligned,32.5721,59.8955,Side Impact Potential,Urban,1.8406,False,Mixed,Poor Infrastructure,-0.0159,,False,25.7779,0.0071,-0.0026,Aligned,30,Unnamed Road,1042
2738,Unnamed Road,Urban Road,URB-02738,2738,12.8644,77.5708,12.8645,77.57,82.7,1095.2,1095.283,12.4548,Aligned,0.951,0.9735,0.0245,0.0214,-0.0003,18.3436,19.364,30.0292,15.1897,25.2345,48.1352,92.0362,0.0,20.0,22.1619,No,0.0,0.005,0.8951,Poor,High,2.0702,10.0,10.0,22.232,Safe,71.7791,14.8647,19.5156,Aligned,12.3228,38.8802,Side Impact Potential,Rural,0.8891,False,Residential,Poor Infrastructure,0.0128,,False,16.3722,-0.0098,0.0108,Aligned,18,Unnamed Road,1043
2739,Unnamed Road,Urban Road,URB-02739,2739,12.8644,77.5711,12.8644,77.5708,33.7,1095.6,1095.634,38.5418,Moderate Misalignment,0.9521,0.0295,0.9749,-0.0053,-0.0039,36.6559,36.1386,55.6685,20.1851,26.2214,50.0123,98.6035,0.0,30.2901,13.427,No,0.0,-0.0078,0.0498,Good,Medium,3.123,10.0,22.8274,24.6277,Moderate Risk,67.722,35.8975,25.9003,Moderate Misalignment,35.5714,61.8747,Side Impact Potential,Urban,3.8158,False,Commercial,Poor Infrastructure,-0.0028,,False,30.5082,0.0107,-0.0072,Moderate Misalignment,36,Unnamed Road,1044
2740,Unnamed Road,Urban Road,URB-02740,2740,12.8646,77.5697,12.8645,77.57,41.3,1096.0,1096.041,16.4029,Aligned,0.7882,0.7952,0.1856,0.0179,0.0026,21.9701,20.3865,30.8707,0.0,20.6007,50.6752,92.0692,0.0,20.8235,6.7109,No,0.0,0.0063,0.012,Good,Low,2.7403,10.0,10.0,23.1326,Safe,67.2133,24.418,22.0672,Aligned,20.0961,58.1192,Side Impact Potential,Peri-Urban,2.0309,False,Industrial,Poor Infrastructure,0.1678,Light,False,13.6449,0.0082,0.0005,Aligned,22,Unnamed Road,1045
2741,Unnamed Road,Urban Road,URB-02741,2741,12.8646,77.5753,12.8658,77.5754,135.8,1096.4,1096.536,15.7314,Aligned,0.7925,0.8079,0.2268,-0.0043,-0.0004,30.7341,30.1368,50.1101,0.0,18.2427,50.8465,93.9993,0.5021,31.0702,9.7494,No,0.0,0.0021,0.0239,Poor,Medium,1.3053,10.0,10.073,22.0209,Safe,69.0906,31.2675,17.5909,Aligned,29.5017,47.6362,Side Impact Potential,Rural,3.3546,False,Mixed,Poor Infrastructure,-0.0244,,False,25.52,0.0068,0.0161,Aligned,30,Unnamed Road,1046
2742,Unnamed Road,Urban Road,URB-02742,2742,12.8641,77.5752,12.8646,77.5753,61.7,1096.8,1096.862,16.5065,Aligned,0.7772,0.738,0.2078,0.0034,0.0024,27.4583,27.2535,53.4719,50.4148,44.1353,30.1271,87.211,0.1526,60.0,43.8502,No,0.0,0.0019,3.0222,Good,Low,2.8605,10.0,10.0,24.7065,Safe,77.028,26.7445,21.0814,Aligned,28.5816,64.1263,Significant Pedestrian Interaction,Urban,3.9956,False,Residential,High Pedestrian Interaction,0.1578,Light,False,17.1945,0.0053,0.0024,Aligned,29,Unnamed Road,1047
2743,Unnamed Road,Urban Road,URB-02743,2743,12.8672,77.5695,12.8679,77.5697,84.7,1097.2,1097.285,12.1374,Aligned,0.9424,0.9429,0.0625,0.0096,-0.0025,28.7327,27.7887,89.2435,29.9729,37.4177,49.4876,70.5105,0.1611,40.4247,32.6958,No,0.0,0.0025,0.9476,Poor,Low,1.7388,10.0,10.4052,25.9198,Moderate Risk,72.6117,27.0956,22.6013,Aligned,28.4226,68.4248,Side Impact Potential,Urban,5.9848,True,Residential,Poor Infrastructure,0.2062,Light,False,18.6725,0.0111,-0.0063,Aligned,30,Unnamed Road,1048
2744,Unnamed Road,Urban Road,URB-02744,2744,12.8672,77.5695,12.8666,77.5694,65.4,1097.6,1097.665,12.1495,Aligned,0.9414,0.9247,0.0264,0.0009,0.008,36.5976,33.4707,72.2022,21.526,38.7583,50.5343,85.7288,0.0,59.1589,41.5121,No,0.0,-0.0047,1.0638,Good,Low,1.9246,10.0,10.0,26.8578,Moderate Risk,70.9196,35.0921,24.1391,Aligned,34.8142,61.1916,Side Impact Potential,Urban,2.945,False,Residential,Poor Infrastructure,0.0194,,False,27.7952,0.0145,-0.0062,Aligned,33,Unnamed Road,1049
2745,Unnamed Road,Urban Road,URB-02745,2745,12.8663,77.5755,12.8666,77.5755,30.2,1098.0,1098.03,18.5471,Aligned,0.7522,0.7036,0.2396,0.0148,-0.0015,51.0757,49.9802,53.0857,17.5111,28.6004,51.2009,89.7418,0.0757,40.83,21.6053,No,0.0,-0.0027,-0.005,Good,Medium,1.9107,10.0,31.542,28.2138,Moderate Risk,63.2776,48.5534,33.8389,Moderate Misalignment,50.2238,55.8685,Side Impact Potential,Peri-Urban,3.0708,False,Residential,Poor Infrastructure,0.0031,,False,47.2315,0.0217,0.0066,Aligned,51,Unnamed Road,1050