segment_id,road_name,road_type,human_segment_id,internal_id,start_lat,start_lon,end_lat,end_lon,length_m,start_km,end_km,road_risk_score,ai_risk_label,ai_risk_probability,prob_low_risk,prob_medium_risk,prob_high_risk,prob_critical_risk,ai_recommended_speed,recommended_safe_speed,road_function_score,infrastructure_score,exposure_score,human_tolerance_limit,operating_speed_score,crash_risk_score,posted_speed_limit,pedestrian_exposure_score,blackspot_flag,crash_count,fatal_crashes,schools_count,lighting_quality,roadside_hazards,intersection_density,speed_compliance_rate,speed_violation_score,hotspot_score,hotspot_category,speed_safety_score,original_safe_speed,misalignment_score,misalignment_category,speed_p85,ptw_share_pct,exposure_tier,urban_rural_flag,lane_count,median_presence,land_use_type,top_ai_factors,congestion_index,congestion_category,congestion_smoothed,operating_speed_mean,minor_crashes,major_crashes,risk_category,final_safe_speed,corridor_base,corridor_seq
2746,Unnamed Road,Urban Road,URB-02746,2746,12.8667,77.5756,12.8666,77.5755,20.6,1098.4,1098.421,43.5544,Moderate Misalignment,0.8602,0.0288,0.8041,0.0814,0.0018,43.4934,45.2395,98.4894,7.1948,18.213,50.4781,66.0312,0.3631,58.0428,6.8119,No,0.0,0.0029,-0.0037,Poor,Low,0.2981,10.0,10.0,25.7646,Moderate Risk,62.6499,41.0472,30.7879,Moderate Misalignment,43.9274,49.3842,Side Impact Potential,Peri-Urban,6.7153,False,Industrial,Poor Infrastructure | Above Human Tolerance Limit,0.0025,,False,37.1065,0.0004,-0.003,Moderate Misalignment,45,Unnamed Road,1051
2747,Unnamed Road,Urban Road,URB-02747,2747,12.8666,77.5694,12.866,77.5694,63.9,1098.8,1098.864,38.8692,Moderate Misalignment,0.9267,0.0559,0.9117,-0.004,-0.0004,33.4866,31.2959,59.7816,42.4764,44.1606,50.92,97.9488,0.4294,30.2557,51.7288,No,0.0,-0.0049,1.0262,Good,Low,3.6101,10.0,10.5964,27.8534,Moderate Risk,71.9383,33.2185,25.7208,Moderate Misalignment,33.4828,58.234,Side Impact Potential,Urban,2.0137,True,Commercial,Meets Safe System Standards,0.0007,,False,27.6372,-0.0015,-0.0047,Moderate Misalignment,35,Unnamed Road,1052
2748,Unnamed Road,Urban Road,URB-02748,2748,12.8716,77.5663,12.8712,77.5662,41.2,1099.2,1099.241,11.7386,Aligned,0.9796,0.977,0.0674,0.0055,0.0103,37.708,35.3199,80.1661,18.561,40.5979,50.2596,77.2908,0.0,38.9042,39.3401,No,0.0,-0.0017,0.9988,Good,Low,1.8311,10.0,10.1131,28.5323,Moderate Risk,66.9971,36.5809,25.1415,Moderate Misalignment,37.2779,67.4741,Side Impact Potential,Urban,6.1091,False,Commercial,Poor Infrastructure,0.1625,Light,False,27.339,0.0109,-0.0058,Aligned,36,Unnamed Road,1053
2749,Unnamed Road,Urban Road,URB-02749,2749,12.8716,77.5663,12.8721,77.5664,58.4,1099.6,1099.658,14.2576,Aligned,0.8312,0.8694,0.1482,0.0017,-0.0046,23.8956,23.0758,29.3472,1.1802,9.4129,49.5019,98.4647,0.0188,59.8943,1.6281,No,0.0,0.0023,-0.0258,Poor,Medium,0.9795,10.0,16.8609,20.6054,Safe,68.1564,23.8664,20.6672,Aligned,24.0729,32.6996,Side Impact Potential,Rural,2.0977,False,Mixed,Poor Infrastructure,0.1306,Light,False,17.7195,0.0146,-0.001,Aligned,25,Unnamed Road,1054
2750,Unnamed Road,Urban Road,URB-02750,2750,12.8556,77.5732,12.8564,77.5734,86.2,1100.0,1100.086,10.3781,Aligned,0.9629,0.9025,0.0431,0.019,0.0072,28.6916,28.7398,77.1387,17.5028,29.8535,50.8465,77.3505,0.0,40.2067,22.2374,No,0.0,0.0042,0.0414,Good,High,1.5501,10.0,10.0778,24.8081,Safe,69.8486,28.765,19.7882,Aligned,29.5462,58.2262,Side Impact Potential,Urban,3.9412,False,Commercial,Poor Infrastructure,-0.0103,,False,25.972,-0.0031,0.01,Aligned,30,Unnamed Road,1055
2751,Unnamed Road,Urban Road,URB-02751,2751,12.8568,77.5735,12.8564,77.5734,52.6,1100.4,1100.453,10.0373,Aligned,0.994,0.9706,-0.0148,-0.0075,0.0007,28.3557,29.5277,24.1648,2.5913,15.9692,47.44,89.6449,0.0,31.3523,7.4068,No,0.0,0.0029,-0.0319,Poor,High,1.277,10.0,10.5435,21.2787,Safe,69.362,27.7551,20.0648,Aligned,29.3285,36.8628,Side Impact Potential,Rural,0.8776,False,Residential,Poor Infrastructure,0.2042,Light,False,23.8557,-0.0026,0.0059,Aligned,29,Unnamed Road,1056
2752,Unnamed Road,Urban Road,URB-02752,2752,12.856,77.573,12.8557,77.5729,37.6,1100.8,1100.838,19.16,Aligned,0.7607,0.7251,0.2406,0.0243,-0.002,50.2592,52.073,98.7841,20.2605,19.602,79.5135,77.9037,0.1606,59.8714,14.324,No,0.0,-0.0028,0.0176,Good,Low,0.2273,10.0,10.2367,18.6293,Safe,73.7099,49.6573,18.9877,Aligned,48.7684,42.1613,Separated Traffic,Rural,7.1567,True,Residential,Poor Infrastructure,-0.014,,False,49.0743,-0.0058,-0.0196,Aligned,50,Unnamed Road,1057
2753,Unnamed Road,Urban Road,URB-02753,2753,12.856,77.573,12.8567,77.5732,82.8,1101.2,1101.283,16.161,Aligned,0.848,0.8631,0.1469,0.0033,0.0001,81.093,81.1628,99.7358,9.7037,17.6176,78.786,75.3918,0.0,57.989,4.7172,No,0.0,-0.001,0.0648,Poor,Low,0.3431,10.0,10.0111,20.5535,Safe,70.9879,78.1487,19.7145,Aligned,82.2547,50.5519,Separated Traffic,Peri-Urban,8.0426,True,Commercial,Poor Infrastructure,0.1922,Light,False,62.8089,-0.0076,-0.0017,Aligned,83,Unnamed Road,1058
2754,Unnamed Road,Urban Road,URB-02754,2754,12.8552,77.5728,12.8557,77.5729,58.8,1101.6,1101.659,29.5428,Moderate Misalignment,0.7556,0.2599,0.8015,0.0267,-0.008,50.0932,51.4626,84.202,16.0336,24.3283,50.4412,93.1276,0.0,40.5674,10.504,No,0.0,0.005,-0.0391,Poor,Medium,2.4919,10.0,31.0468,27.946,Moderate Risk,63.6261,50.0551,33.0582,Moderate Misalignment,51.5882,61.6395,Side Impact Potential,Urban,4.7565,True,Residential,Poor Infrastructure,-0.0114,,False,44.114,0.0025,-0.012,Moderate Misalignment,51,Unnamed Road,1059
2755,Unnamed Road,Urban Road,URB-02755,2755,12.8567,77.5732,12.8572,77.5735,76.5,1102.0,1102.076,26.0096,Moderate Misalignment,0.5653,0.4057,0.5451,0.002,0.0047,51.6961,52.0217,52.4962,18.4983,21.4337,50.1531,94.5309,0.0,42.0283,9.8695,No,0.0,0.003,0.0266,Poor,Low,2.1289,10.0,23.932,24.4263,Safe,67.4183,52.3222,26.9851,Moderate Misalignment,49.9659,52.4775,Side Impact Potential,Peri-Urban,2.8386,False,Commercial,Poor Infrastructure,-0.0039,,False,43.2317,-0.0128,-0.0036,Moderate Misalignment,53,Unnamed Road,1060
2756,Unnamed Road,Urban Road,URB-02756,2756,12.8736,77.5629,12.8731,77.5628,51.3,1102.4,1102.451,39.7971,Moderate Misalignment,0.9781,0.0278,0.9774,-0.0105,-0.0005,73.2378,74.7548,100.0,12.1853,14.897,79.6375,98.3461,0.0587,58.8271,4.747,No,0.0,-0.007,-0.0589,Poor,Medium,-0.0361,10.0,25.84,25.2893,Moderate Risk,63.1014,73.5427,31.7196,Moderate Misalignment,75.118,43.4548,Separated Traffic,Rural,5.8901,True,Residential,Poor Infrastructure,0.1415,Light,False,60.578,-0.0205,-0.0163,Moderate Misalignment,75,Unnamed Road,1061
2757,Unnamed Road,Urban Road,URB-02757,2757,12.8572,77.5735,12.8578,77.5722,155.0,1102.8,1102.955,33.2794,Moderate Misalignment,0.8056,0.1811,0.8168,-0.0004,-0.0077,51.8581,50.0283,79.1322,38.7712,44.4922,49.5625,89.3227,0.2492,39.4877,46.614,No,0.0,0.0113,0.9588,Poor,Medium,1.4288,10.0,24.5359,30.4338,Moderate Risk,67.197,50.4896,33.3591,Moderate Misalignment,49.2679,64.2216,Side Impact Potential,Urban,5.7816,False,Mixed,Meets Safe System Standards,-0.0279,,False,46.4422,0.0031,-0.0108,Moderate Misalignment,51,Unnamed Road,1062
2758,Unnamed Road,Urban Road,URB-02758,2758,12.8568,77.5735,12.8572,77.5735,53.5,1103.2,1103.254,9.6817,Aligned,0.9717,0.9726,0.0412,0.0064,0.0017,36.271,36.5038,49.2647,49.8893,35.8702,51.3153,84.6974,0.0596,40.6855,33.721,No,0.0,0.0046,0.0207,Good,High,3.4139,10.0,10.0444,21.9713,Safe,79.0545,36.2702,16.8728,Aligned,38.1744,60.9618,Side Impact Potential,Urban,2.2704,False,Residential,Meets Safe System Standards,0.164,Light,False,29.9407,-0.0087,0.0039,Aligned,37,Unnamed Road,1063
2759,Unnamed Road,Urban Road,URB-02759,2759,12.8578,77.5737,12.8572,77.5735,70.9,1103.6,1103.671,12.0506,Aligned,0.9676,0.9438,0.0265,0.0083,0.0062,23.6114,25.4757,51.2203,15.7257,25.1186,49.8438,82.7884,0.0761,29.2491,13.0189,No,0.0,0.005,-0.0012,Good,Medium,1.7997,10.0,10.9333,22.5962,Safe,70.4079,24.0924,18.8466,Aligned,24.7543,61.669,Side Impact Potential,Peri-Urban,1.8774,False,Industrial,Poor Infrastructure,0.0023,,False,19.1368,0.0098,0.0197,Aligned,26,Unnamed Road,1064
2760,Unnamed Road,Urban Road,URB-02760,2760,12.8619,77.558,12.8639,77.5587,241.7,1104.0,1104.242,11.145,Aligned,0.9529,0.9731,0.0469,0.0252,-0.0044,21.587,19.0069,31.4346,19.239,14.9903,50.1686,93.85,0.2693,20.1798,8.1427,No,0.0,0.0117,-0.0016,Poor,Low,1.2785,10.0,10.0,18.7338,Safe,74.0929,21.0633,13.9598,Aligned,16.4752,35.0363,Side Impact Potential,Rural,2.0641,False,Residential,Poor Infrastructure,0.1621,Light,False,16.3987,0.0019,-0.0109,Aligned,21,Unnamed Road,1065
2761,Unnamed Road,Urban Road,URB-02761,2761,12.8639,77.5587,12.8642,77.5589,37.5,1104.4,1104.438,11.8605,Aligned,0.9454,0.9097,0.0388,-0.0065,-0.0002,24.5123,26.7472,31.9585,7.3657,17.8539,50.5056,94.6428,0.2334,21.7371,5.8902,No,0.0,0.0014,-0.0295,Good,Low,2.6692,10.0,23.9237,23.8262,Safe,67.5793,26.4519,23.6447,Aligned,23.9076,49.678,Side Impact Potential,Peri-Urban,1.9307,False,Residential,Poor Infrastructure,-0.0005,,False,24.4121,0.002,0.0033,Aligned,22,Unnamed Road,1066
2762,Unnamed Road,Urban Road,URB-02762,2762,12.8626,77.5741,12.8626,77.5745,36.9,1104.8,1104.837,16.5789,Aligned,0.7784,0.787,0.1955,0.0338,0.0087,69.1725,69.0565,97.1824,0.2818,13.4943,80.7861,84.5582,0.0,60.0,8.7276,No,0.0,-0.0082,0.0384,Good,Low,0.097,10.0,10.0,20.7329,Safe,68.7837,67.4957,17.5648,Aligned,68.8266,32.5701,Separated Traffic,Rural,6.4106,True,Mixed,Poor Infrastructure,-0.0039,,False,56.2139,-0.0099,0.0113,Aligned,71,Unnamed Road,1067
2763,Unnamed Road,Urban Road,URB-02763,2763,12.8626,77.5747,12.8626,77.5745,20.9,1105.2,1105.221,12.7111,Aligned,0.8998,0.9097,0.1162,0.0201,-0.0112,49.1948,50.5478,79.6735,32.3892,33.1434,50.1844,83.9652,0.1979,49.3745,31.0274,No,0.0,0.0045,1.0246,Poor,High,2.0161,10.0,10.9786,24.7173,Moderate Risk,70.935,51.6641,26.4119,Moderate Misalignment,57.9658,57.3398,Side Impact Potential,Urban,3.0976,True,Residential,Poor Infrastructure,0.2308,Light,False,42.7185,0.009,-0.0035,Aligned,51,Unnamed Road,1068
2764,Unnamed Road,Urban Road,URB-02764,2764,12.8681,77.5643,12.8682,77.5638,53.2,1105.6,1105.653,13.1763,Aligned,0.9096,0.9128,0.097,-0.0184,-0.006,69.6204,68.4853,100.0,0.0,12.5557,83.0649,29.2772,0.0,59.3913,4.6003,No,0.0,0.005,0.0135,Poor,High,0.0772,10.0,10.0,19.1542,Safe,70.4094,69.1025,16.7601,Aligned,68.9084,34.5014,Separated Traffic,Rural,8.1218,True,Residential,Active Congestion | Poor Infrastructure,0.6854,Severe,False,23.2145,0.0095,0.0095,Aligned,69,Unnamed Road,1069
2765,Unnamed Road,Urban Road,URB-02765,2765,12.8681,77.5643,12.868,77.5646,29.6,1106.0,1106.03,44.3029,Moderate Misalignment,0.6757,0.1025,0.6931,0.2237,0.0114,48.5536,47.8854,99.7346,13.4178,20.4837,47.5491,82.502,0.0,59.8219,10.9795,No,0.0,-0.0085,1.0349,Poor,Medium,0.2288,10.0,10.0,25.7962,Moderate Risk,64.4814,49.8992,31.5525,Moderate Misalignment,53.0494,45.0027,Side Impact Potential,Rural,5.1778,False,Residential,Poor Infrastructure | Above Human Tolerance Limit,-0.0057,,False,48.3583,0.0253,-0.0107,Moderate Misalignment,49,Unnamed Road,1070
2766,Unnamed Road,Urban Road,URB-02766,2766,12.8681,77.5643,12.8662,77.5638,231.1,1106.4,1106.631,67.1354,High Misalignment,0.8315,0.0864,0.051,0.8404,-0.001,80.0982,78.6643,99.825,5.4123,22.1888,80.1244,10.9282,0.0309,59.1561,13.4318,No,0.0,0.0037,-0.0531,Poor,Low,0.1183,10.0,26.3746,37.6963,Moderate Risk,46.4273,78.9689,55.0246,High Misalignment,114.5095,45.7579,Separated Traffic,Rural,5.1841,True,Residential,Speed Limit Misaligned | Active Congestion | Poor Infrastructure,0.7374,Severe,False,28.8775,-0.0152,-0.0049,High Misalignment,80,Unnamed Road,1071
2767,Unnamed Road,Urban Road,URB-02767,2767,12.8682,77.5635,12.8682,77.5638,35.6,1106.8,1106.836,12.3565,Aligned,0.9859,1.0012,0.0188,0.013,-0.0081,25.3631,27.0148,78.1041,31.3033,34.8975,51.0028,70.3936,0.0,40.5623,34.4651,No,0.0,-0.0056,0.9996,Good,High,2.0261,10.0,10.1301,23.9034,Safe,73.5833,25.8831,21.4711,Aligned,24.8103,54.0935,Side Impact Potential,Urban,5.164,False,Residential,Poor Infrastructure,0.1357,Light,False,18.5044,0.0177,0.003,Aligned,27,Unnamed Road,1072
2768,Unnamed Road,Urban Road,URB-02768,2768,12.866,77.5694,12.8657,77.5693,33.7,1107.2,1107.234,16.6242,Aligned,0.7473,0.7576,0.2583,0.0178,-0.0104,49.8477,51.5289,100.0,20.133,18.8632,80.023,83.4801,0.0541,59.2889,12.7406,No,0.0,0.0051,0.0292,Good,Low,0.2331,10.0,10.0,18.8719,Safe,74.5037,52.191,17.0372,Aligned,49.0131,41.7592,Separated Traffic,Rural,7.0757,True,Residential,Poor Infrastructure,-0.0095,,False,49.0855,-0.0021,-0.0056,Aligned,52,Unnamed Road,1073
2769,Unnamed Road,Urban Road,URB-02769,2769,12.8651,77.5694,12.8657,77.5693,72.9,1107.6,1107.673,26.9865,Moderate Misalignment,0.5541,0.456,0.5499,0.0318,0.006,51.0753,50.5191,76.2167,37.2355,34.3149,50.1182,94.8051,0.1637,49.4126,30.2714,No,0.0,0.0089,-0.0037,Good,Low,1.9381,10.0,26.7246,28.6231,Moderate Risk,66.6868,52.6841,33.7474,Moderate Misalignment,62.4142,60.277,Side Impact Potential,Urban,2.8373,True,Commercial,Meets Safe System Standards,-0.0094,,False,53.6796,-0.002,-0.0068,Moderate Misalignment,50,Unnamed Road,1074
2770,Unnamed Road,Urban Road,URB-02770,2770,12.8694,77.5665,12.8692,77.5671,76.2,1108.0,1108.076,38.0528,Moderate Misalignment,0.9424,0.0371,0.9085,0.0192,-0.008,49.5004,49.5069,87.1229,35.3216,39.9247,50.0062,93.3358,0.0,39.8046,35.9742,No,0.0,0.0093,0.9184,Good,Low,2.4341,10.0,20.3396,28.7623,Moderate Risk,68.9849,49.2688,31.3167,Moderate Misalignment,46.0332,69.2718,Side Impact Potential,Urban,5.9285,True,Commercial,Meets Safe System Standards,0.1829,Light,False,33.1412,-0.0006,0.0096,Moderate Misalignment,49,Unnamed Road,1075
2771,Unnamed Road,Urban Road,URB-02771,2771,12.8689,77.5675,12.8692,77.5671,47.5,1108.4,1108.447,37.4759,Moderate Misalignment,0.908,0.0944,0.8788,0.018,-0.005,57.7961,56.473,85.0024,41.4106,30.1881,71.3912,98.0299,0.0,50.2235,22.238,No,0.0,0.0065,0.0028,Poor,Medium,1.3611,10.0,13.1167,23.1739,Safe,73.5876,58.3497,26.1227,Moderate Misalignment,60.2147,60.7122,Separated Traffic,Peri-Urban,6.0275,True,Residential,Meets Safe System Standards,-0.0211,,False,46.5184,-0.0187,-0.0009,Moderate Misalignment,57,Unnamed Road,1076
2772,Unnamed Road,Urban Road,URB-02772,2772,12.8626,77.5747,12.8618,77.5743,96.1,1108.8,1108.896,38.6309,Moderate Misalignment,0.8888,0.0199,0.8979,0.0319,-0.0014,27.0014,28.2065,77.5736,34.7515,42.7276,30.4108,75.2683,0.26,40.9095,48.8758,No,0.0,-0.0009,1.0162,Poor,Low,1.5913,10.0,10.0,31.9163,Moderate Risk,64.8292,27.5876,34.4305,Moderate Misalignment,27.5292,52.7748,Significant Pedestrian Interaction,Peri-Urban,2.8209,True,Industrial,High Pedestrian Interaction | Poor Infrastructure | Above Human Tolerance Limit,0.0142,,False,21.9433,-0.002,-0.0054,Moderate Misalignment,28,Unnamed Road,1077
2773,Unnamed Road,Urban Road,URB-02773,2773,12.8626,77.5747,12.8626,77.5749,27.6,1109.2,1109.228,10.8755,Aligned,0.9693,0.9516,-0.0251,-0.0176,0.0051,25.471,25.5361,81.5439,0.0,21.2665,50.734,68.1727,0.0209,37.8435,7.2904,No,0.0,-0.0053,-0.0384,Poor,Medium,1.7485,10.0,10.0,23.1667,Safe,69.2233,26.8513,19.3474,Aligned,25.6223,56.1443,Side Impact Potential,Urban,2.9858,True,Residential,Poor Infrastructure,0.1922,Light,False,16.5532,0.0036,-0.0037,Aligned,29,Unnamed Road,1078
2774,Unnamed Road,Urban Road,URB-02774,2774,12.8764,77.567,12.8751,77.5667,149.3,1109.6,1109.749,12.232,Aligned,0.9967,0.9627,0.0153,0.0128,0.0001,23.1938,23.8187,56.0969,21.3965,22.4172,48.9009,83.7854,0.631,31.2115,18.486,No,0.0,0.0024,0.0119,Poor,Low,1.2003,10.0,10.0655,20.474,Safe,73.3799,22.6905,17.2254,Aligned,22.9592,42.3628,Side Impact Potential,Rural,4.1816,False,Residential,Approach to Congestion (Tapered) | Poor Infrastructure,0.0001,,True,21.3567,-0.0077,0.0006,Aligned,21,Unnamed Road,1079
2775,Unnamed Road,Urban Road,URB-02775,2775,12.8744,77.5667,12.8751,77.5667,85.2,1110.0,1110.085,10.3305,Aligned,0.985,0.9781,0.0199,0.0009,0.0026,16.7262,19.6611,27.3014,29.426,24.6536,49.8179,91.3676,0.484,21.1902,8.5598,No,0.0,-0.0046,0.0673,Poor,Low,3.4283,10.0,10.0775,21.1313,Safe,75.3826,18.2139,17.7206,Aligned,19.4165,62.1799,Side Impact Potential,Peri-Urban,1.0416,False,Residential,Poor Infrastructure,-0.012,,False,17.7339,0.0216,0.0016,Aligned,18,Unnamed Road,1080
2776,Unnamed Road,Urban Road,URB-02776,2776,12.8583,77.5738,12.8578,77.5737,59.7,1110.4,1110.46,38.0842,Moderate Misalignment,0.8013,0.163,0.8571,0.0613,-0.0035,81.1777,79.4107,98.6842,0.0,17.9076,80.5074,91.088,0.0688,59.9579,10.753,No,0.0,0.0047,-0.0615,Poor,Low,0.1931,10.0,11.1455,31.5966,Moderate Risk,54.6276,80.948,42.6536,Moderate Misalignment,99.7966,42.3099,Separated Traffic,Rural,6.1254,True,Commercial,Poor Infrastructure | Above Human Tolerance Limit,0.0084,,False,82.1305,-0.0013,0.0064,Moderate Misalignment,80,Unnamed Road,1081
2777,Unnamed Road,Urban Road,URB-02777,2777,12.8592,77.5739,12.8583,77.5738,107.5,1110.8,1110.908,10.8989,Aligned,0.9436,0.9561,0.0282,-0.003,0.0019,27.9828,31.6471,53.3855,46.5842,44.2318,49.7832,88.0915,0.87,59.8685,47.1196,No,0.0,-0.0039,1.0463,Good,High,3.0573,10.0,10.0792,26.1001,Moderate Risk,75.7387,29.3065,22.0319,Aligned,28.9024,67.5419,Side Impact Potential,Urban,4.1691,False,Commercial,Meets Safe System Standards,0.1886,Light,False,24.2688,-0.0028,-0.0026,Aligned,31,Unnamed Road,1082
2778,Unnamed Road,Urban Road,URB-02778,2778,12.8744,77.5667,12.8741,77.5666,29.6,1111.2,1111.23,41.6165,Moderate Misalignment,0.8327,0.095,0.8291,0.0959,-0.0138,31.4792,29.4877,78.4398,34.4279,41.7845,30.8469,80.8321,0.0,39.9489,41.4047,No,0.0,0.0008,2.065,Poor,Medium,2.0148,10.0,10.1885,31.9982,Moderate Risk,64.7819,30.1799,36.7671,Moderate Misalignment,35.0315,67.5157,Significant Pedestrian Interaction,Urban,6.14,False,Commercial,High Pedestrian Interaction | Poor Infrastructure | Above Human Tolerance Limit,0.1618,Light,False,28.4026,0.0224,-0.0118,Moderate Misalignment,30,Unnamed Road,1083
2779,Unnamed Road,Urban Road,URB-02779,2779,12.867,77.5756,12.8667,77.5756,31.5,1111.6,1111.632,13.9318,Aligned,0.8292,0.8009,0.1503,-0.0008,0.0009,50.0932,50.027,100.0,0.0,17.467,77.7159,55.9089,0.0,60.0,8.038,No,0.0,0.0001,-0.0453,Poor,Medium,0.221,10.0,10.0,22.6138,Safe,68.8305,47.7886,18.1399,Aligned,50.5359,44.0629,Separated Traffic,Rural,6.0574,True,Industrial,Poor Infrastructure,0.0027,,False,42.4314,0.017,0.0013,Aligned,50,Unnamed Road,1084
2780,Unnamed Road,Urban Road,URB-02780,2780,12.8592,77.5739,12.8596,77.574,41.9,1112.0,1112.042,24.8858,Moderate Misalignment,0.5143,0.4802,0.4968,0.0246,-0.0107,72.6747,75.8997,97.2793,0.0,13.6588,80.1856,64.7547,0.091,60.0,3.7591,No,0.0,-0.0037,-0.0261,Poor,Low,0.2814,10.0,10.0,25.8264,Moderate Risk,62.2258,73.9789,30.9488,Moderate Misalignment,71.4876,41.3844,Separated Traffic,Rural,5.0873,True,Residential,Poor Infrastructure | Above Human Tolerance Limit,-0.0025,,False,66.7803,-0.0113,0.0196,Moderate Misalignment,73,Unnamed Road,1085
2781,Unnamed Road,Urban Road,URB-02781,2781,12.8587,77.5737,12.8592,77.5739,64.7,1112.4,1112.465,11.8803,Aligned,0.9894,0.9985,0.0229,0.0132,-0.0006,23.0139,22.8317,29.4329,0.0,11.8067,50.0861,87.2344,0.2636,30.9753,0.8805,No,0.0,-0.0067,-0.0565,Poor,Medium,2.402,10.0,10.0,19.8842,Safe,70.4507,25.8497,18.3254,Aligned,26.3011,37.5926,Side Impact Potential,Rural,1.0707,False,Residential,Poor Infrastructure,0.0088,,False,19.7911,-0.0029,0.003,Aligned,25,Unnamed Road,1086
2782,Unnamed Road,Urban Road,URB-02782,2782,12.8618,77.5641,12.8617,77.5644,31.9,1112.8,1112.832,11.6686,Aligned,0.9815,0.9954,0.049,-0.0098,0.0024,31.7536,35.5415,79.8234,28.8747,37.7179,50.7379,83.8117,0.2681,41.0045,31.7781,No,0.0,-0.0031,0.9896,Poor,Medium,1.5936,10.0,10.0,25.6668,Moderate Risk,72.7123,34.3806,21.4286,Aligned,31.4699,67.0554,Side Impact Potential,Urban,5.1829,False,Commercial,Poor Infrastructure,-0.0179,,False,28.8308,0.0042,-0.0051,Aligned,31,Unnamed Road,1087
2783,Unnamed Road,Urban Road,URB-02783,2783,12.862,77.5638,12.8618,77.5641,39.6,1113.2,1113.24,34.1158,Moderate Misalignment,0.7823,0.2422,0.8075,0.0151,0.0036,50.5326,48.4144,73.4787,40.9462,27.422,49.9985,96.0464,0.0,56.8288,21.2487,No,0.0,-0.0093,0.0402,Good,High,1.9238,10.0,18.9913,29.5868,Moderate Risk,63.3128,50.2378,41.4124,Moderate Misalignment,71.3592,55.479,Side Impact Potential,Urban,2.7954,False,Mixed,Above Human Tolerance Limit,-0.0122,,False,63.7992,-0.0056,-0.0045,Moderate Misalignment,50,Unnamed Road,1088
2784,Unnamed Road,Urban Road,URB-02784,2784,12.862,77.5635,12.8621,77.5631,47.9,1113.6,1113.648,11.9577,Aligned,0.8684,0.9049,0.0893,-0.0201,0.0066,67.8163,69.9663,98.6246,0.0,16.4186,80.4342,61.8252,0.0,60.0,9.5898,No,0.0,-0.0041,-0.0034,Poor,Medium,0.1803,10.0,10.0,21.3017,Safe,69.0315,64.728,18.1133,Aligned,66.9262,32.9165,Separated Traffic,Rural,5.0689,True,Industrial,Poor Infrastructure,0.0018,,False,54.7538,-0.0093,0.0151,Aligned,68,Unnamed Road,1089
2785,Unnamed Road,Urban Road,URB-02785,2785,12.8728,77.5666,12.8725,77.5665,35.2,1114.0,1114.035,12.0628,Aligned,0.965,0.9604,0.0296,0.019,0.0033,26.6415,27.4144,31.822,14.588,19.0768,51.6956,91.2404,0.0,28.8658,7.7503,No,0.0,-0.0004,-0.0183,Good,High,2.802,10.0,10.0,20.8262,Safe,72.2748,26.2965,17.9064,Aligned,25.5852,51.7516,Side Impact Potential,Peri-Urban,1.8973,False,Residential,Poor Infrastructure,-0.0066,,False,23.8029,0.0121,-0.0164,Aligned,26,Unnamed Road,1090
2786,Unnamed Road,Urban Road,URB-02786,2786,12.8738,77.5666,12.8728,77.5666,117.4,1114.4,1114.517,12.6371,Aligned,0.9194,0.9186,0.0848,0.012,-0.0098,42.9546,42.767,86.6236,33.8121,31.8009,48.7201,84.3036,0.1585,50.7821,22.7218,No,0.0,-0.0039,0.0175,Good,Low,1.9643,10.0,10.0,22.6623,Safe,76.2423,42.1344,20.368,Aligned,43.1672,64.9982,Side Impact Potential,Urban,4.9859,True,Industrial,Poor Infrastructure,-0.0079,,False,41.7493,-0.0084,-0.0143,Aligned,45,Unnamed Road,1091
2787,Unnamed Road,Urban Road,URB-02787,2787,12.8725,77.5665,12.8721,77.5664,42.4,1114.8,1114.842,11.9918,Aligned,0.9191,0.9053,0.0575,-0.0399,0.005,41.1872,39.9173,49.689,11.4355,20.3321,51.2933,93.5098,0.4828,40.4034,8.1818,No,0.0,0.0138,0.0069,Good,Medium,3.2378,10.0,10.0,20.5432,Safe,71.1912,39.5732,19.5458,Aligned,38.3988,55.6785,Side Impact Potential,Urban,2.101,False,Commercial,Poor Infrastructure,0.0069,,False,34.5342,-0.0009,0.0128,Aligned,41,Unnamed Road,1092
2788,Unnamed Road,Urban Road,URB-02788,2788,12.8707,77.5661,12.8704,77.5661,35.7,1115.2,1115.236,38.6512,Aligned,0.3952,0.4035,0.3188,0.2964,-0.0064,56.2412,55.5324,99.9382,0.0,15.5715,81.2604,46.3995,0.0,60.0,6.7132,No,0.0,0.0049,-0.0803,Poor,Low,0.2393,10.0,10.0,21.3949,Safe,68.4985,57.6242,18.9222,Aligned,55.061,39.2474,Separated Traffic,Rural,8.0455,True,Industrial,Poor Infrastructure,0.1363,Light,False,44.8223,0.002,0.0049,Aligned,56,Unnamed Road,1093
2789,Unnamed Road,Urban Road,URB-02789,2789,12.8707,77.5661,12.8712,77.5662,56.9,1115.6,1115.657,15.7796,Aligned,0.8282,0.8366,0.1977,0.0138,-0.0028,49.0733,48.3949,97.4539,0.9888,14.8129,79.494,65.4766,0.0,60.0,8.3792,No,0.0,0.0043,-0.008,Good,Low,0.228,10.0,10.0,20.8421,Safe,69.5575,47.8265,17.4896,Aligned,48.9959,33.5632,Separated Traffic,Rural,6.1202,True,Industrial,Poor Infrastructure,0.1616,Light,False,36.7608,-0.0236,0.0021,Aligned,50,Unnamed Road,1094