segment_id,road_name,road_type,human_segment_id,internal_id,start_lat,start_lon,end_lat,end_lon,length_m,start_km,end_km,road_risk_score,ai_risk_label,ai_risk_probability,prob_low_risk,prob_medium_risk,prob_high_risk,prob_critical_risk,ai_recommended_speed,recommended_safe_speed,road_function_score,infrastructure_score,exposure_score,human_tolerance_limit,operating_speed_score,crash_risk_score,posted_speed_limit,pedestrian_exposure_score,blackspot_flag,crash_count,fatal_crashes,schools_count,lighting_quality,roadside_hazards,intersection_density,speed_compliance_rate,speed_violation_score,hotspot_score,hotspot_category,speed_safety_score,original_safe_speed,misalignment_score,misalignment_category,speed_p85,ptw_share_pct,exposure_tier,urban_rural_flag,lane_count,median_presence,land_use_type,top_ai_factors,congestion_index,congestion_category,congestion_smoothed,operating_speed_mean,minor_crashes,major_crashes,risk_category,final_safe_speed,corridor_base,corridor_seq
2790,Unnamed Road,Urban Road,URB-02790,2790,12.8701,77.566,12.8704,77.5661,39.7,1116.0,1116.04,99.9636,Critical Misalignment,0.9924,0.0162,-0.0347,0.0239,0.9831,51.9683,48.3884,100.0,0.9659,17.2498,51.1665,84.5299,0.2439,60.0,10.5803,No,0.0,-0.0024,0.0596,Poor,Medium,0.0725,10.0,12.4925,47.6044,Moderate Risk,30.5049,49.688,80.706,Critical Misalignment,101.2987,36.6422,Side Impact Potential,Rural,4.2867,False,Residential,Speed Limit Misaligned | Poor Infrastructure | Above Human Tolerance Limit,0.0004,,False,80.2769,0.0001,-0.0029,Critical Misalignment,52,Unnamed Road,1095
2791,Unnamed Road,Urban Road,URB-02791,2791,12.8694,77.5661,12.8694,77.5665,36.9,1116.4,1116.437,10.3635,Aligned,0.9634,0.9813,-0.0051,-0.0112,0.0011,27.4996,28.7004,50.0533,5.3712,19.4422,50.4173,89.5756,0.0,31.4256,2.4273,No,0.0,0.0046,0.0576,Good,Low,2.4551,10.0,10.2208,21.7717,Safe,70.4311,29.4993,17.1484,Aligned,26.3689,55.9226,Side Impact Potential,Peri-Urban,1.8128,False,Residential,Poor Infrastructure,0.1379,Light,False,23.211,-0.01,0.0044,Aligned,29,Unnamed Road,1096
2792,Unnamed Road,Urban Road,URB-02792,2792,12.8694,77.5661,12.8691,77.5662,33.4,1116.8,1116.833,40.5998,Moderate Misalignment,0.8639,0.0531,0.85,0.0769,-0.0076,29.7278,29.9295,78.2617,24.7455,41.1521,29.1258,68.8229,0.0,51.2635,44.0015,No,0.0,-0.0032,1.042,Good,Low,1.4599,10.0,10.2074,37.6677,Moderate Risk,55.462,29.7213,51.0915,Moderate Misalignment,38.8614,58.6127,Significant Pedestrian Interaction,Urban,3.1158,True,Residential,High Pedestrian Interaction | Poor Infrastructure | Above Human Tolerance Limit,0.2612,Light,False,27.6004,0.0039,-0.0023,Moderate Misalignment,29,Unnamed Road,1097
2793,Unnamed Road,Urban Road,URB-02793,2793,12.8694,77.5661,12.8698,77.566,48.3,1117.2,1117.248,14.7619,Aligned,0.8883,0.8855,0.1381,0.0271,-0.0085,52.8299,52.9347,100.0,20.2459,34.3748,78.8601,76.6165,0.1299,59.9416,26.726,No,0.0,-0.0045,1.012,Poor,High,0.6015,10.0,10.4558,25.3823,Moderate Risk,70.7772,50.4183,22.232,Aligned,51.6985,66.769,Separated Traffic,Urban,5.1156,True,Commercial,Poor Infrastructure,0.0087,,False,43.2382,0.0114,-0.0069,Aligned,51,Unnamed Road,1098
2794,Unnamed Road,Urban Road,URB-02794,2794,12.8683,77.566,12.8691,77.5662,95.3,1117.6,1117.695,11.0113,Aligned,0.9746,0.9694,0.0386,0.0185,-0.0027,20.0134,20.4136,29.7838,15.5919,22.1032,52.1306,78.2555,0.0169,30.2397,17.2601,No,0.0,0.001,0.0085,Good,Medium,2.0976,10.0,10.0,21.4038,Safe,71.8927,20.9897,18.8055,Aligned,20.3348,49.2055,Side Impact Potential,Peri-Urban,2.127,False,Residential,Poor Infrastructure,0.1894,Light,False,14.4575,0.0073,-0.0026,Aligned,20,Unnamed Road,1099
2795,Unnamed Road,Urban Road,URB-02795,2795,12.8701,77.566,12.8698,77.566,24.8,1118.0,1118.025,9.0664,Aligned,0.984,0.9695,0.0223,0.0085,0.0018,22.6613,22.143,28.5034,0.0,24.5207,50.3862,81.2255,0.0045,30.754,10.1111,No,0.0,-0.0073,-0.0644,Poor,Medium,2.67,10.0,10.2813,24.9504,Safe,66.4853,23.312,20.883,Aligned,23.506,57.5766,Side Impact Potential,Peri-Urban,0.8687,False,Mixed,Poor Infrastructure,0.1872,Light,False,18.1833,-0.0023,0.0041,Aligned,21,Unnamed Road,1100
2796,Unnamed Road,Urban Road,URB-02796,2796,12.8678,77.5658,12.8678,77.5654,36.1,1118.4,1118.436,10.917,Aligned,0.9744,1.0047,0.0452,-0.0022,0.0031,48.2359,50.645,80.2524,25.2548,25.3548,48.9921,84.7502,0.2612,49.8256,15.9512,No,0.0,-0.0022,0.0137,Poor,High,1.8987,10.0,10.0658,20.6845,Safe,74.0061,48.6646,18.1443,Aligned,50.2372,57.1373,Side Impact Potential,Urban,2.9845,True,Mixed,Poor Infrastructure,0.0079,,False,40.5711,-0.0133,0.0105,Aligned,49,Unnamed Road,1101
2797,Unnamed Road,Urban Road,URB-02797,2797,12.8678,77.5658,12.8683,77.566,62.2,1118.8,1118.862,41.3538,Moderate Misalignment,0.8273,0.0664,0.8136,0.095,0.0044,30.6692,29.3637,82.0562,35.2843,43.8006,31.3467,82.841,0.2029,38.8644,39.9438,No,0.0,0.0194,1.9148,Poor,Medium,2.0412,10.0,10.0,33.0875,Moderate Risk,64.6475,32.0509,36.4665,Moderate Misalignment,37.265,70.0115,Significant Pedestrian Interaction,Urban,6.1616,False,Commercial,High Pedestrian Interaction | Poor Infrastructure | Above Human Tolerance Limit,0.1534,Light,False,25.3584,-0.0163,0.013,Moderate Misalignment,29,Unnamed Road,1102
2798,Unnamed Road,Urban Road,URB-02798,2798,12.8678,77.5654,12.8679,77.5651,33.1,1119.2,1119.233,11.865,Aligned,0.9514,0.9336,0.0248,-0.0153,0.0047,40.2056,36.9057,70.1699,27.75,26.4078,49.8329,85.0495,0.2096,40.3435,13.238,No,0.0,0.0011,0.1018,Good,Low,1.9227,10.0,10.0129,22.1363,Safe,73.5841,38.9883,18.6445,Aligned,38.6888,64.2011,Side Impact Potential,Urban,2.024,False,Industrial,Poor Infrastructure,0.1729,Light,False,31.2093,-0.0022,-0.0048,Aligned,39,Unnamed Road,1103
2799,Unnamed Road,Urban Road,URB-02799,2799,12.8662,77.5638,12.8655,77.5636,78.5,1119.6,1119.679,26.4247,Moderate Misalignment,0.499,0.4282,0.5296,0.0381,-0.0033,59.6655,57.6103,97.3167,9.1497,13.6967,79.5367,90.7007,0.4015,59.0909,4.0993,No,0.0,-0.0048,0.0086,Poor,Medium,0.3454,10.0,10.0142,19.0331,Safe,72.0885,57.9408,17.721,Aligned,55.8411,39.7804,Separated Traffic,Rural,3.7686,True,Industrial,Poor Infrastructure,-0.0102,,False,54.2785,0.0079,-0.0051,Moderate Misalignment,59,Unnamed Road,1104
2800,Unnamed Road,Urban Road,URB-02800,2800,12.8655,77.5636,12.8651,77.5635,38.7,1120.0,1120.039,39.4963,Moderate Misalignment,0.9729,0.0567,0.9577,0.0177,0.0087,49.7837,47.5827,80.5233,18.862,28.4496,51.12,97.6119,0.0876,41.682,18.4976,No,0.0,-0.0007,0.0255,Poor,Low,1.3936,10.0,26.8837,28.2805,Moderate Risk,63.5787,51.7538,31.9894,Moderate Misalignment,51.3641,56.4707,Side Impact Potential,Peri-Urban,5.9112,False,Commercial,Approach to Congestion (Tapered) | Poor Infrastructure,0.1193,Light,True,40.799,0.0022,-0.0217,Moderate Misalignment,49,Unnamed Road,1105
2801,Unnamed Road,Urban Road,URB-02801,2801,12.8645,77.5633,12.8651,77.5635,70.0,1120.4,1120.47,15.6928,Aligned,0.8621,0.8662,0.1504,0.0132,-0.0039,40.7853,42.5023,99.0415,15.7768,14.6554,79.8604,59.044,0.1542,59.0391,7.8158,No,0.0,0.0037,0.0596,Poor,High,0.0202,10.0,10.1036,19.3908,Safe,74.0188,40.0762,16.36,Aligned,43.4576,36.3722,Separated Traffic,Rural,3.9268,True,Residential,Poor Infrastructure,0.1434,Light,False,32.7691,-0.0083,-0.0167,Aligned,41,Unnamed Road,1106
2802,Unnamed Road,Urban Road,URB-02802,2802,12.862,77.5638,12.8622,77.5641,47.8,1120.8,1120.848,13.1799,Aligned,0.9612,0.9516,0.0185,0.0002,0.01,35.2207,33.7503,30.6835,0.0,15.7501,49.2423,100.0,0.1743,28.9023,5.3259,No,0.0,0.0043,0.0219,Poor,Low,0.7819,10.0,15.6084,23.6881,Safe,66.4364,33.5189,21.9381,Aligned,33.9114,44.4829,Side Impact Potential,Rural,1.9122,False,Residential,Poor Infrastructure,0.0089,,False,31.2619,0.004,0.0062,Aligned,37,Unnamed Road,1107
2803,Unnamed Road,Urban Road,URB-02803,2803,12.862,77.5638,12.862,77.5635,29.4,1121.2,1121.229,73.2144,High Misalignment,0.9282,0.0279,0.0688,0.9348,-0.001,29.7551,29.5569,77.6391,49.17,54.0769,30.4185,70.5108,0.2168,51.5204,63.7404,No,0.0,-0.0018,1.981,Poor,High,2.2023,10.0,10.1721,39.179,Moderate Risk,58.7737,28.654,50.8172,High Misalignment,41.0759,60.0984,Significant Pedestrian Interaction,Urban,4.9183,False,Residential,Speed Limit Misaligned | High Pedestrian Interaction | Above Human Tolerance Limit,-0.0176,,False,30.3358,-0.0169,-0.0134,High Misalignment,28,Unnamed Road,1108
2804,Unnamed Road,Urban Road,URB-02804,2804,12.8685,77.562,12.8684,77.5623,36.9,1121.6,1121.637,41.2926,Moderate Misalignment,0.9232,-0.0003,0.9297,0.0545,0.0099,48.1113,50.4193,99.9885,0.0,20.3265,51.3309,99.4846,0.0537,60.0,11.3089,No,0.0,0.0077,0.0139,Good,Medium,0.1613,10.0,22.1721,34.0188,Moderate Risk,52.0015,50.4335,47.1959,Moderate Misalignment,75.4254,50.3475,Side Impact Potential,Peri-Urban,5.8624,False,Industrial,Poor Infrastructure | Above Human Tolerance Limit,0.0083,,False,59.4108,-0.0044,-0.0027,Moderate Misalignment,49,Unnamed Road,1109
2805,Unnamed Road,Urban Road,URB-02805,2805,12.8684,77.5627,12.8684,77.5623,36.7,1122.0,1122.037,54.6268,High Misalignment,0.6231,0.1436,0.2646,0.6198,-0.0137,31.0391,19.7855,77.6284,37.7701,38.8468,30.3538,89.6866,69.8305,60.0,47.2714,Yes,0.0,0.0013,0.9397,Poor,High,1.7013,10.0,10.6142,54.9814,High Risk,42.391,30.6472,51.6384,High Misalignment,54.3747,52.3387,Significant Pedestrian Interaction,Peri-Urban,2.3921,True,Mixed,Speed Limit Misaligned | High Pedestrian Interaction | Above Human Tolerance Limit,0.1588,Light,False,41.5574,2.005,3.0157,High Misalignment,29,Unnamed Road,1110
2806,Unnamed Road,Urban Road,URB-02806,2806,12.8685,77.5618,12.8685,77.562,25.3,1122.4,1122.425,37.2823,Moderate Misalignment,0.8664,0.0993,0.8517,0.0055,0.0055,49.6402,51.6148,76.5181,30.802,27.0657,49.5341,97.4803,0.029,48.2939,11.152,No,0.0,0.0107,-0.0074,Good,Low,1.8768,10.0,26.5415,26.3402,Moderate Risk,67.5337,48.3123,31.839,Moderate Misalignment,62.9029,65.0143,Side Impact Potential,Urban,4.2816,False,Commercial,Poor Infrastructure,0.1694,Light,False,45.8001,0.0035,0.0054,Moderate Misalignment,50,Unnamed Road,1111
2807,Unnamed Road,Urban Road,URB-02807,2807,12.8682,77.5635,12.8683,77.5631,46.1,1122.8,1122.846,15.2819,Aligned,0.8037,0.8061,0.1554,0.0213,-0.0064,60.1381,58.1972,99.9805,2.6629,23.6757,80.0069,56.6732,0.3053,59.745,2.6478,No,0.0,0.0045,0.0175,Good,High,0.4687,10.0,10.0,22.3742,Safe,70.3249,56.8856,18.4799,Aligned,56.2045,66.5167,Separated Traffic,Urban,6.2099,True,Commercial,Poor Infrastructure,0.011,,False,50.3917,0.01,0.0001,Aligned,57,Unnamed Road,1112
2808,Unnamed Road,Urban Road,URB-02808,2808,12.8684,77.5627,12.8683,77.5631,45.8,1123.2,1123.246,37.5452,Moderate Misalignment,0.7778,0.1495,0.7583,0.1058,-0.009,79.6756,80.157,99.5319,0.4648,14.4067,81.37,92.3607,0.2878,59.1893,6.1573,No,0.0,-0.0103,0.1044,Good,Medium,0.1539,10.0,29.5768,30.1473,Moderate Risk,54.4694,78.6902,41.0055,Moderate Misalignment,104.8152,33.7381,Separated Traffic,Rural,5.0413,True,Residential,Approach to Congestion (Tapered) | Poor Infrastructure,0.0051,,True,85.0525,0.0042,0.0073,Moderate Misalignment,79,Unnamed Road,1113
2809,Unnamed Road,Urban Road,URB-02809,2809,12.868,77.5646,12.868,77.5648,28.3,1123.6,1123.628,23.7247,Aligned,0.6156,0.6319,0.3293,0.0062,-0.0084,30.1596,30.2407,48.7917,39.1044,36.3538,31.0104,94.6934,0.2698,31.3193,36.8353,No,0.0,-0.0028,0.9558,Good,Low,2.6422,10.0,10.0,23.6226,Safe,76.0287,29.5695,21.2186,Aligned,33.7116,62.5227,Significant Pedestrian Interaction,Urban,1.8862,False,Industrial,High Pedestrian Interaction,0.0116,,False,26.4653,-0.0066,0.0053,Aligned,30,Unnamed Road,1114
2810,Unnamed Road,Urban Road,URB-02810,2810,12.868,77.5648,12.8679,77.5651,34.3,1124.0,1124.034,41.6295,Moderate Misalignment,0.9299,0.0323,0.9003,0.0356,-0.0081,79.0344,81.9053,96.8479,0.4069,14.3557,79.9109,95.6876,0.0814,60.0,9.7533,No,0.0,0.0072,-0.0189,Poor,High,0.329,10.0,28.8182,37.0116,Moderate Risk,45.0329,80.9433,58.1079,High Misalignment,114.4909,36.4392,Separated Traffic,Rural,4.9711,True,Residential,Speed Limit Misaligned | Poor Infrastructure | Above Human Tolerance Limit,0.1758,Light,False,86.7121,-0.0134,0.0096,Moderate Misalignment,81,Unnamed Road,1115
2811,Unnamed Road,Urban Road,URB-02811,2811,12.8681,77.5757,12.8684,77.5758,31.8,1124.4,1124.432,11.295,Aligned,0.9785,1.0264,0.0037,-0.0148,-0.0005,40.2762,40.099,56.8034,34.3108,29.0947,50.6051,86.9492,0.0,40.9172,20.9092,No,0.0,0.0077,0.0307,Good,High,2.6965,10.0,10.0,21.8164,Safe,74.9132,39.774,19.168,Aligned,40.3179,59.5605,Side Impact Potential,Urban,4.0983,False,Mixed,Poor Infrastructure,0.1901,Light,False,30.0088,-0.0121,-0.0026,Aligned,39,Unnamed Road,1116
2812,Unnamed Road,Urban Road,URB-02812,2812,12.8681,77.5757,12.867,77.5756,118.1,1124.8,1124.918,11.569,Aligned,0.926,0.8903,0.0493,0.0079,-0.0121,43.9197,43.0557,88.1601,33.3281,32.7423,49.3086,85.4502,0.0,49.8489,22.8343,No,0.0,-0.0012,0.0062,Good,Low,1.9218,10.0,10.0,22.7855,Safe,75.9598,42.427,18.796,Aligned,41.1174,65.0249,Side Impact Potential,Urban,5.1098,True,Industrial,Poor Infrastructure,-0.0086,,False,41.8857,-0.0057,0.0002,Aligned,44,Unnamed Road,1117
2813,Unnamed Road,Urban Road,URB-02813,2813,12.8738,77.5666,12.8741,77.5666,27.5,1125.2,1125.227,70.5994,High Misalignment,0.7959,-0.0257,0.215,0.8265,-0.0036,50.4808,49.4055,98.9786,0.0,16.8345,49.2568,85.8491,0.0,59.1283,4.5318,No,0.0,0.0024,0.0291,Poor,Low,0.1634,10.0,29.7404,47.4913,Moderate Risk,30.0876,50.0033,83.4395,Critical Misalignment,106.0678,44.9828,Side Impact Potential,Rural,6.1401,False,Mixed,Speed Limit Misaligned | Poor Infrastructure | Above Human Tolerance Limit,0.0045,,False,92.2783,-0.0056,0.006,High Misalignment,50,Unnamed Road,1118
2814,Unnamed Road,Urban Road,URB-02814,2814,12.8604,77.5741,12.8596,77.574,86.7,1125.6,1125.687,14.348,Aligned,0.8465,0.82,0.1218,0.0219,-0.0029,43.281,43.0449,98.7306,15.2453,15.2825,79.7153,62.3975,0.2014,60.0,6.5831,No,0.0,0.0071,-0.0462,Poor,High,0.1473,10.0,10.1939,18.6018,Safe,72.9097,43.1877,15.4196,Aligned,40.8273,36.4549,Separated Traffic,Rural,4.0004,True,Residential,Poor Infrastructure,0.1411,Light,False,34.1338,0.0018,0.0059,Aligned,44,Unnamed Road,1119
2815,Unnamed Road,Urban Road,URB-02815,2815,12.8608,77.5741,12.8604,77.5741,50.8,1126.0,1126.051,32.0129,Moderate Misalignment,0.6597,0.3662,0.6564,0.0236,-0.0045,67.9526,67.908,100.0,12.3104,19.9465,79.6447,52.0726,0.3736,59.3031,10.4715,No,0.0,0.0076,0.002,Poor,High,0.1106,10.0,10.0,25.7289,Moderate Risk,62.9976,66.8553,31.3402,Moderate Misalignment,68.2157,41.9843,Separated Traffic,Rural,5.8866,True,Residential,Poor Infrastructure | Above Human Tolerance Limit,0.008,,False,55.5893,-0.011,0.0076,Moderate Misalignment,67,Unnamed Road,1120
2816,Unnamed Road,Urban Road,URB-02816,2816,12.8608,77.5741,12.8612,77.5742,35.3,1126.4,1126.435,13.5546,Aligned,0.8888,0.9268,0.1263,0.0166,0.0007,57.1526,58.2431,100.0,1.2268,15.1437,78.6157,27.386,0.1574,60.0,8.7015,No,0.0,0.0058,0.017,Poor,Medium,0.2012,10.0,10.0,20.8868,Safe,69.0645,57.3544,19.1616,Aligned,59.3095,35.1268,Separated Traffic,Rural,5.0252,True,Residential,Active Congestion | Poor Infrastructure,0.6217,Severe,False,21.7587,-0.0094,0.0016,Aligned,58,Unnamed Road,1121
2817,Unnamed Road,Urban Road,URB-02817,2817,12.8645,77.559,12.8642,77.5589,28.1,1126.8,1126.828,14.0086,Aligned,0.9681,0.9564,0.0253,-0.0022,0.0013,23.0233,24.5721,54.7511,50.0627,34.845,50.1128,82.5952,0.0,30.8118,31.5266,No,0.0,0.0007,0.0243,Good,High,2.3427,10.0,10.0,21.3137,Safe,79.1211,24.2282,16.699,Aligned,25.0408,61.2554,Side Impact Potential,Urban,3.1065,False,Commercial,Meets Safe System Standards,0.1826,Light,False,20.6586,0.0023,-0.0045,Aligned,25,Unnamed Road,1122
2818,Unnamed Road,Urban Road,URB-02818,2818,12.8645,77.559,12.8655,77.5592,114.4,1127.2,1127.314,10.213,Aligned,0.9852,0.9735,0.0329,0.0039,-0.0038,31.4151,32.8228,79.9287,38.1944,29.6015,69.1909,78.8185,0.0,39.1601,18.5581,No,0.0,-0.0058,-0.0117,Good,Low,1.3425,10.0,10.0,20.8013,Safe,75.1647,30.3256,20.497,Aligned,32.2164,64.4183,Separated Traffic,Urban,3.1903,True,Commercial,Meets Safe System Standards,0.1512,Light,False,24.2742,-0.027,-0.0092,Aligned,31,Unnamed Road,1123
2819,Unnamed Road,Urban Road,URB-02819,2819,12.8655,77.5592,12.8658,77.5593,43.6,1127.6,1127.644,11.2638,Aligned,0.9528,0.8935,0.0665,0.0065,0.0055,18.7507,20.2969,53.0478,22.2893,21.7504,50.2811,76.9761,0.1649,39.7638,18.8468,No,0.0,0.0057,-0.0316,Good,Low,0.7982,10.0,10.4791,20.2519,Safe,73.5983,21.9011,18.0573,Aligned,19.878,37.338,Side Impact Potential,Rural,3.2429,False,Industrial,Poor Infrastructure,0.1992,Light,False,13.1003,0.014,-0.0013,Aligned,19,Unnamed Road,1124
2820,Unnamed Road,Urban Road,URB-02820,2820,12.8658,77.5593,12.8661,77.5594,34.8,1128.0,1128.035,39.7542,Moderate Misalignment,0.8122,0.1619,0.8317,0.0769,0.0024,80.7011,80.5301,97.4058,19.2584,18.6382,78.8351,85.1367,0.4304,60.0,9.0666,No,0.0,-0.0066,-0.0204,Poor,Medium,0.2396,10.0,10.3845,24.7883,Safe,66.1136,80.9766,29.5535,Moderate Misalignment,82.7106,43.3857,Separated Traffic,Rural,5.2525,True,Residential,Poor Infrastructure | Above Human Tolerance Limit,-0.0046,,False,78.1782,-0.0094,-0.007,Moderate Misalignment,80,Unnamed Road,1125
2821,Unnamed Road,Urban Road,URB-02821,2821,12.8661,77.5594,12.8664,77.5595,33.1,1128.4,1128.433,27.9443,Aligned,0.4791,0.4837,0.4616,0.0253,0.0198,61.7056,59.8872,100.0,1.7877,16.969,80.1594,38.6276,0.0943,60.0,8.796,No,0.0,-0.0017,0.0116,Good,High,0.2268,10.0,10.3413,27.3662,Moderate Risk,61.0299,58.4287,31.5523,Moderate Misalignment,60.3817,40.3487,Separated Traffic,Rural,4.1818,True,Industrial,Poor Infrastructure | Above Human Tolerance Limit,0.0052,,False,52.0792,-0.0111,0.0036,Aligned,59,Unnamed Road,1126
2822,Unnamed Road,Urban Road,URB-02822,2822,12.8662,77.5607,12.8664,77.5595,132.7,1128.8,1128.933,12.1366,Aligned,0.92,0.9261,0.0737,0.0124,-0.0062,38.7002,40.3593,78.064,46.6015,46.8395,50.0562,70.9323,0.1995,49.5175,51.7624,No,0.0,0.0009,2.0251,Poor,Medium,1.6342,10.0,10.2777,27.2226,Moderate Risk,74.01,39.6236,23.7074,Aligned,38.3356,63.9913,Side Impact Potential,Urban,6.1087,False,Mixed,Meets Safe System Standards,0.1573,Light,False,31.2309,-0.0076,0.004,Aligned,36,Unnamed Road,1127
2823,Unnamed Road,Urban Road,URB-02823,2823,12.8609,77.5667,12.8611,77.5659,82.4,1129.2,1129.282,21.8432,Aligned,0.6122,0.6214,0.354,-0.0034,-0.0166,25.7676,25.634,53.433,44.0679,43.4545,48.8487,90.2002,0.3732,29.7685,42.0641,No,0.0,0.0045,0.9877,Good,Low,3.9011,10.0,10.0,25.0304,Moderate Risk,75.6359,25.965,23.4145,Aligned,26.6882,65.9455,Side Impact Potential,Urban,4.3331,False,Mixed,Meets Safe System Standards,0.0034,,False,23.4074,0.0049,-0.012,Aligned,27,Unnamed Road,1128
2824,Unnamed Road,Urban Road,URB-02824,2824,12.8608,77.5669,12.8609,77.5667,32.6,1129.6,1129.633,42.6906,Moderate Misalignment,0.8783,0.054,0.8586,0.0522,0.0083,52.0549,49.9168,96.4826,54.5441,39.0951,50.2973,79.6317,0.4896,59.5,39.8665,No,0.0,0.0053,1.0426,Good,Medium,0.5828,10.0,10.6062,26.1672,Moderate Risk,71.9634,51.2719,32.7358,Moderate Misalignment,59.6056,56.3534,Side Impact Potential,Urban,6.1346,True,Residential,Above Human Tolerance Limit,0.2088,Light,False,43.6385,0.0198,-0.012,Moderate Misalignment,51,Unnamed Road,1129
2825,Unnamed Road,Urban Road,URB-02825,2825,12.8612,77.5655,12.8611,77.5659,47.1,1130.0,1130.047,11.3523,Aligned,0.9444,0.9804,0.0551,0.0171,0.0027,26.4046,27.4517,28.4523,40.6244,21.8313,49.7164,96.1402,0.0576,40.3127,12.7696,No,0.0,0.0001,0.0325,Poor,Low,3.3781,10.0,30.3312,20.9182,Safe,74.2771,26.4992,21.9728,Aligned,26.1133,52.1822,Side Impact Potential,Peri-Urban,0.9128,False,Residential,Meets Safe System Standards,0.0137,,False,21.7827,0.0134,0.0031,Aligned,26,Unnamed Road,1130
2826,Unnamed Road,Urban Road,URB-02826,2826,12.8636,77.5751,12.8629,77.575,70.7,1130.4,1130.471,14.4829,Aligned,0.9302,0.9381,0.0788,0.0211,-0.0027,49.1177,48.604,100.0,10.9118,13.975,78.4712,75.0465,0.2191,59.7386,6.4298,No,0.0,0.0034,0.0041,Good,Low,0.0894,10.0,10.0,18.2315,Safe,72.2487,50.3766,15.5353,Aligned,47.2539,35.3206,Separated Traffic,Rural,7.9869,True,Industrial,Poor Infrastructure,-0.0347,,False,43.5076,0.0005,0.0086,Aligned,48,Unnamed Road,1131
2827,Unnamed Road,Urban Road,URB-02827,2827,12.8641,77.5752,12.8636,77.5751,56.1,1130.8,1130.856,11.7063,Aligned,0.9846,0.9549,0.0065,-0.0029,0.0089,20.73,20.5342,53.2312,2.1162,19.6066,51.7709,81.0355,0.0314,31.4238,2.1081,No,0.0,-0.001,0.0574,Poor,Medium,2.3034,10.0,10.0,22.6504,Safe,68.6734,21.4639,18.5894,Aligned,18.5952,61.9109,Side Impact Potential,Peri-Urban,4.0182,False,Commercial,Poor Infrastructure,-0.0014,,False,16.6329,0.0025,0.0056,Aligned,18,Unnamed Road,1132
2828,Unnamed Road,Urban Road,URB-02828,2828,12.8618,77.5743,12.8612,77.5742,74.8,1131.2,1131.275,13.5318,Aligned,0.8845,0.9108,0.1312,0.01,-0.0088,55.6088,53.2133,99.2981,0.3013,17.7402,80.366,69.3563,0.0,59.0751,9.4247,No,0.0,0.0008,-0.0344,Poor,High,0.3454,10.0,10.0159,23.4287,Safe,69.0893,55.7288,18.5762,Aligned,57.5751,50.4233,Separated Traffic,Peri-Urban,4.1689,True,Industrial,Poor Infrastructure,0.0145,,False,50.1947,-0.0148,-0.0016,Aligned,56,Unnamed Road,1133
2829,Unnamed Road,Urban Road,URB-02829,2829,12.8688,77.5677,12.8689,77.5675,31.6,1131.6,1131.632,36.0477,Moderate Misalignment,0.8258,0.206,0.8117,0.0248,0.0057,48.0808,50.1411,88.0331,45.7951,32.1385,51.0466,94.1796,0.0,52.1287,25.6011,No,0.0,-0.0045,-0.13,Good,High,1.8107,10.0,13.7649,23.3204,Safe,74.2569,51.2114,26.3486,Moderate Misalignment,59.5023,61.9604,Side Impact Potential,Urban,5.8387,True,Commercial,Meets Safe System Standards,-0.0067,,False,47.8617,-0.0188,-0.0115,Moderate Misalignment,48,Unnamed Road,1134
2830,Unnamed Road,Urban Road,URB-02830,2830,12.8509,77.5723,12.8513,77.5724,42.3,1132.0,1132.042,10.0554,Aligned,1.0047,0.9927,-0.0074,-0.0112,-0.0066,24.0576,24.7056,35.0731,1.4885,19.6552,48.7079,85.5716,0.0,29.2225,7.9396,No,0.0,-0.0101,-0.0816,Good,Medium,3.6076,10.0,10.0,23.0196,Safe,69.0649,28.1065,19.2628,Aligned,24.5309,52.8604,Side Impact Potential,Peri-Urban,1.1626,True,Residential,Poor Infrastructure,0.1377,Light,False,18.2637,0.0056,0.007,Aligned,24,Unnamed Road,1135
2831,Unnamed Road,Urban Road,URB-02831,2831,12.8513,77.5724,12.8516,77.5724,32.1,1132.4,1132.432,16.0502,Aligned,0.7787,0.7983,0.2364,0.0017,-0.0025,80.5327,80.3135,97.5442,0.0,17.5299,78.1387,64.5466,0.0229,60.0,8.4987,No,0.0,0.0036,-0.0488,Poor,High,0.0718,10.0,10.3042,27.2521,Moderate Risk,61.7541,79.7061,33.6723,Moderate Misalignment,86.5918,44.8832,Separated Traffic,Rural,6.0295,True,Residential,Poor Infrastructure | Above Human Tolerance Limit,0.1661,Light,False,66.7784,0.0056,-0.0071,Aligned,81,Unnamed Road,1136
2832,Unnamed Road,Urban Road,URB-02832,2832,12.8516,77.5724,12.8521,77.5724,59.8,1132.8,1132.86,26.5778,Moderate Misalignment,0.5276,0.4717,0.4876,-0.0119,-0.0088,75.0037,75.8738,98.9314,5.682,17.2684,79.6955,57.7551,0.4975,59.8297,11.5219,No,0.0,0.0001,0.037,Good,Medium,0.2005,10.0,10.2407,26.278,Moderate Risk,63.7342,75.1506,29.9457,Moderate Misalignment,75.911,36.9257,Separated Traffic,Rural,4.1321,True,Residential,Poor Infrastructure | Above Human Tolerance Limit,-0.0052,,False,63.2391,0.0008,0.0003,Moderate Misalignment,78,Unnamed Road,1137
2833,Unnamed Road,Urban Road,URB-02833,2833,12.8521,77.5724,12.8526,77.5724,53.6,1133.2,1133.254,12.745,Aligned,0.8922,0.8633,0.1155,0.0302,0.0048,30.8697,32.1152,65.499,29.6353,31.0522,49.9259,93.3622,0.0893,28.4989,23.4449,No,0.0,0.0017,0.0518,Good,Medium,3.9632,10.0,10.167,23.2916,Safe,72.6567,33.7648,21.5095,Aligned,32.7211,61.9874,Side Impact Potential,Urban,4.1272,True,Mixed,Poor Infrastructure,0.0037,,False,25.801,-0.0183,0.0059,Aligned,31,Unnamed Road,1138