segment_id,road_name,road_type,human_segment_id,internal_id,start_lat,start_lon,end_lat,end_lon,length_m,start_km,end_km,road_risk_score,ai_risk_label,ai_risk_probability,prob_low_risk,prob_medium_risk,prob_high_risk,prob_critical_risk,ai_recommended_speed,recommended_safe_speed,road_function_score,infrastructure_score,exposure_score,human_tolerance_limit,operating_speed_score,crash_risk_score,posted_speed_limit,pedestrian_exposure_score,blackspot_flag,crash_count,fatal_crashes,schools_count,lighting_quality,roadside_hazards,intersection_density,speed_compliance_rate,speed_violation_score,hotspot_score,hotspot_category,speed_safety_score,original_safe_speed,misalignment_score,misalignment_category,speed_p85,ptw_share_pct,exposure_tier,urban_rural_flag,lane_count,median_presence,land_use_type,top_ai_factors,congestion_index,congestion_category,congestion_smoothed,operating_speed_mean,minor_crashes,major_crashes,risk_category,final_safe_speed,corridor_base,corridor_seq
2834,Unnamed Road,Urban Road,URB-02834,2834,12.853,77.5727,12.8533,77.5728,33.9,1133.6,1133.634,9.8033,Aligned,0.9621,0.9797,0.0344,0.0004,0.0085,28.6624,27.6684,51.0655,20.7696,34.4913,49.9735,78.0577,0.0117,40.4824,34.031,No,0.0,0.0056,0.9978,Good,High,3.0089,10.0,10.0,25.4121,Moderate Risk,70.8906,27.9771,22.5645,Aligned,30.3874,59.1151,Side Impact Potential,Urban,2.0484,False,Commercial,Poor Infrastructure,0.0132,,False,25.0875,0.0077,0.0069,Aligned,29,Unnamed Road,1139
2835,Unnamed Road,Urban Road,URB-02835,2835,12.8526,77.5724,12.8538,77.5725,132.5,1134.0,1134.132,9.9817,Aligned,0.951,0.9612,0.0664,0.0046,0.0121,19.651,22.4911,54.7465,17.2349,26.6689,50.0347,86.4739,0.0506,30.9891,18.4,No,0.0,-0.0102,0.0325,Good,High,4.0882,10.0,10.3923,23.0007,Safe,71.3353,22.1375,19.8297,Aligned,22.6434,56.6712,Side Impact Potential,Urban,3.9884,False,Industrial,Poor Infrastructure,-0.0051,,False,19.1733,0.0094,-0.0011,Aligned,20,Unnamed Road,1140
2836,Unnamed Road,Urban Road,URB-02836,2836,12.8538,77.5725,12.8546,77.5726,93.8,1134.4,1134.494,13.333,Aligned,0.8828,0.8543,0.1189,0.0147,0.002,35.5863,36.4693,79.9625,15.0956,24.7149,50.341,84.2033,0.1098,38.7646,14.3754,No,0.0,0.0041,0.0334,Good,Low,2.0004,10.0,10.3472,22.3268,Safe,71.2128,36.2169,22.061,Aligned,36.0897,61.3671,Side Impact Potential,Urban,3.1465,True,Mixed,Poor Infrastructure,-0.0111,,False,28.325,-0.0082,0.001,Aligned,35,Unnamed Road,1141
2837,Unnamed Road,Urban Road,URB-02837,2837,12.8533,77.5728,12.8536,77.5728,32.9,1134.8,1134.833,42.2411,Moderate Misalignment,0.8733,0.0254,0.8696,0.106,-0.0032,51.5165,48.5243,100.0,5.7873,14.5702,49.8275,68.1647,0.509,60.0,0.5967,No,0.0,0.0051,0.0191,Poor,High,0.0624,10.0,10.0,30.0443,Moderate Risk,54.6818,49.0064,42.4035,Moderate Misalignment,52.4121,43.2919,Side Impact Potential,Rural,7.0456,False,Residential,Poor Infrastructure | Above Human Tolerance Limit,-0.0041,,False,48.8791,0.0082,-0.0092,Moderate Misalignment,53,Unnamed Road,1142
2838,Unnamed Road,Urban Road,URB-02838,2838,12.8539,77.5728,12.8536,77.5728,32.5,1135.2,1135.233,25.4843,Aligned,0.543,0.5347,0.4316,0.008,-0.002,81.2444,78.2358,100.0,0.4663,13.7903,81.1729,73.0559,0.0,60.0,5.9914,No,0.0,0.0197,-0.009,Poor,Medium,0.2683,10.0,10.1271,26.351,Moderate Risk,62.8042,78.9764,30.2025,Moderate Misalignment,85.4425,39.0327,Separated Traffic,Rural,6.051,True,Residential,Poor Infrastructure | Above Human Tolerance Limit,-0.022,,False,71.6028,-0.0034,-0.0075,Aligned,79,Unnamed Road,1143
2839,Unnamed Road,Urban Road,URB-02839,2839,12.8546,77.5726,12.8552,77.5728,60.0,1135.6,1135.66,22.0925,Aligned,0.5864,0.6134,0.4105,0.0215,0.0065,45.7748,47.6017,50.2218,29.2153,32.0374,49.9852,98.5083,0.0615,41.1405,25.8681,No,0.0,0.0045,0.9778,Good,Low,2.5348,10.0,16.9591,25.9262,Moderate Risk,71.2341,46.9827,25.8968,Moderate Misalignment,45.6234,58.3568,Side Impact Potential,Urban,1.9069,False,Mixed,Poor Infrastructure,0.0055,,False,41.8978,0.0199,0.0091,Aligned,44,Unnamed Road,1144
2840,Unnamed Road,Urban Road,URB-02840,2840,12.8539,77.5728,12.8542,77.5729,33.5,1136.0,1136.034,11.4018,Aligned,0.9855,0.9592,-0.0012,0.0004,0.0053,28.9388,28.6999,79.0589,10.363,28.0174,49.8545,77.901,0.173,39.1492,16.212,No,0.0,-0.0013,0.0183,Poor,Low,1.8009,10.0,10.0,24.4427,Safe,69.147,29.4465,21.1443,Aligned,28.8571,67.2878,Side Impact Potential,Urban,1.7948,True,Commercial,Poor Infrastructure,0.0118,,False,24.8052,0.0032,0.0004,Aligned,27,Unnamed Road,1145
2841,Unnamed Road,Urban Road,URB-02841,2841,12.8542,77.5729,12.8546,77.5729,45.5,1136.4,1136.446,42.2542,Moderate Misalignment,0.8298,0.0564,0.8521,0.1039,0.0096,42.6909,41.8444,99.0939,10.4793,17.3145,49.2471,66.8665,0.6075,60.0,7.3922,No,0.0,0.0021,-0.003,Poor,Low,0.5347,10.0,10.1394,26.4152,Moderate Risk,63.9727,43.4391,30.2577,Moderate Misalignment,44.0395,48.5405,Side Impact Potential,Peri-Urban,7.2485,False,Industrial,Poor Infrastructure | Above Human Tolerance Limit,-0.0061,,False,34.9619,0.0047,0.0062,Moderate Misalignment,42,Unnamed Road,1146
2842,Unnamed Road,Urban Road,URB-02842,2842,12.8738,77.5705,12.8721,77.5702,191.2,1136.8,1136.991,34.9115,Moderate Misalignment,0.7682,0.1906,0.7484,0.0389,0.0033,79.2499,79.423,99.1148,7.9388,17.9562,78.824,90.2102,0.046,60.0,12.2403,No,0.0,-0.0065,-0.0114,Good,High,0.1866,10.0,12.5273,24.84,Moderate Risk,64.3908,81.8468,28.4913,Moderate Misalignment,87.8269,38.184,Separated Traffic,Rural,7.1093,True,Industrial,Approach to Congestion (Tapered) | Poor Infrastructure,0.0019,,True,73.6366,-0.0077,0.0096,Moderate Misalignment,79,Unnamed Road,1147
2843,Unnamed Road,Urban Road,URB-02843,2843,12.8642,77.5721,12.8644,77.5711,115.8,1137.2,1137.316,12.4913,Aligned,0.88,0.9182,0.1132,-0.0003,-0.0009,58.6672,57.5162,100.0,0.0,19.2324,80.4969,71.2891,0.0706,59.3472,9.7322,No,0.0,-0.0007,-0.0341,Poor,High,0.2268,10.0,10.2184,22.7128,Safe,68.5684,58.7736,18.839,Aligned,57.3418,45.0672,Separated Traffic,Rural,8.0396,True,Residential,Poor Infrastructure,-0.0202,,False,48.928,0.0011,-0.0041,Aligned,58,Unnamed Road,1148
2844,Unnamed Road,Urban Road,URB-02844,2844,12.8642,77.5721,12.8641,77.5737,165.9,1137.6,1137.766,34.214,Moderate Misalignment,0.7909,0.2007,0.7761,-0.0121,-0.0161,45.7034,43.5103,84.0431,24.0647,34.6355,51.2355,89.7095,0.2033,39.9077,27.068,No,0.0,-0.0043,0.9414,Good,Low,1.9106,10.0,10.0111,26.5353,Moderate Risk,68.6654,44.9028,27.554,Moderate Misalignment,45.0972,61.4573,Side Impact Potential,Urban,5.1175,True,Commercial,Poor Infrastructure,0.1627,Light,False,31.9162,-0.0065,-0.0093,Moderate Misalignment,42,Unnamed Road,1149
2845,Unnamed Road,Urban Road,URB-02845,2845,12.8641,77.5752,12.8641,77.5737,166.9,1138.0,1138.167,18.6832,Aligned,0.7118,0.6771,0.2436,0.0255,0.0083,69.6662,69.3837,98.7995,7.4477,17.0635,80.4675,77.0285,0.0,60.0,10.8929,No,0.0,0.0021,-0.0148,Poor,Low,0.0754,10.0,10.1774,20.921,Safe,69.5253,68.4983,17.685,Aligned,69.5231,39.1989,Separated Traffic,Rural,5.0863,True,Industrial,Poor Infrastructure,0.0085,,False,52.9014,-0.0176,0.011,Aligned,69,Unnamed Road,1150
2846,Unnamed Road,Urban Road,URB-02846,2846,12.8688,77.5758,12.8684,77.5758,54.4,1138.4,1138.454,17.1508,Aligned,0.7804,0.7817,0.1808,0.0424,-0.0021,25.2376,26.551,55.9988,75.1191,52.9268,28.878,83.1459,0.3538,29.9446,71.1795,No,0.0,0.0084,2.0795,Good,Low,3.483,10.0,10.4842,25.5989,Safe,82.0024,24.0047,22.0725,Aligned,23.9844,57.0084,Significant Pedestrian Interaction,Urban,4.1777,False,Residential,High Pedestrian Interaction,0.1601,Light,False,17.0193,-0.0022,0.0033,Aligned,25,Unnamed Road,1151
2847,Unnamed Road,Urban Road,URB-02847,2847,12.8692,77.5758,12.8688,77.5758,46.2,1138.8,1138.846,10.5026,Aligned,0.985,0.941,0.0611,0.0419,-0.0062,17.1876,21.4019,29.9374,9.3088,21.5466,50.6128,90.597,0.0,20.0,11.2138,No,0.0,-0.0083,0.0156,Good,Medium,2.313,10.0,10.0,21.1924,Safe,71.1434,17.6442,17.6616,Aligned,16.4572,49.2903,Side Impact Potential,Peri-Urban,0.9591,False,Industrial,Poor Infrastructure,-0.0024,,False,14.3779,0.0134,-0.003,Aligned,17,Unnamed Road,1152
2848,Unnamed Road,Urban Road,URB-02848,2848,12.8626,77.5749,12.8629,77.575,42.9,1139.2,1139.243,36.0138,Moderate Misalignment,0.8689,0.119,0.9165,0.0098,0.0024,52.3731,53.0151,76.1439,29.4814,25.6878,51.4739,96.6975,0.0,52.2682,11.7018,No,0.0,0.0019,-0.0103,Good,Low,1.7822,10.0,26.4268,26.2176,Moderate Risk,66.5603,50.2944,31.1097,Moderate Misalignment,60.6407,64.3152,Side Impact Potential,Urban,4.1431,False,Commercial,Poor Infrastructure,0.1994,Light,False,50.6233,0.01,0.0025,Moderate Misalignment,49,Unnamed Road,1153
2849,Unnamed Road,Urban Road,URB-02849,2849,12.8663,77.5755,12.8658,77.5754,49.8,1139.6,1139.65,67.9116,High Misalignment,0.7967,-0.0095,0.1933,0.7819,-0.0043,50.7517,50.1734,97.2802,32.7523,24.445,53.4423,52.8745,0.2313,58.79,17.3025,No,0.0,-0.0026,0.001,Poor,Medium,0.3075,10.0,10.2383,35.4876,Moderate Risk,53.5462,49.765,56.6912,High Misalignment,61.3852,52.0715,Side Impact Potential,Peri-Urban,7.9441,False,Mixed,Speed Limit Misaligned | Poor Infrastructure | Above Human Tolerance Limit,0.0012,,False,47.5522,0.0003,0.0064,High Misalignment,51,Unnamed Road,1154
2850,Unnamed Road,Urban Road,URB-02850,2850,12.8721,77.5702,12.8718,77.5702,34.8,1140.0,1140.035,65.1282,High Misalignment,0.7279,0.0179,0.2225,0.7351,-0.0101,28.8575,24.0205,78.9874,63.1504,51.3337,29.8552,85.3343,19.4417,51.6769,67.1561,No,0.0,-0.0023,1.9376,Poor,Medium,1.349,10.0,10.0391,42.3802,Moderate Risk,57.9817,28.8055,50.8557,High Misalignment,55.3619,65.9557,Significant Pedestrian Interaction,Urban,3.883,False,Mixed,Speed Limit Misaligned | High Pedestrian Interaction | Above Human Tolerance Limit,0.1343,Light,False,40.9639,0.0014,1.0109,High Misalignment,28,Unnamed Road,1155
2851,Unnamed Road,Urban Road,URB-02851,2851,12.8661,77.5611,12.8662,77.5607,41.5,1140.4,1140.442,38.6836,Moderate Misalignment,0.9784,0.0114,0.9554,0.0073,0.0032,31.7724,27.0168,56.7678,53.3697,50.4993,29.4191,96.8675,0.0,31.7488,65.6344,No,0.0,-0.0011,1.9603,Poor,Low,3.3647,10.0,26.8357,30.6934,Moderate Risk,70.8863,31.6341,33.2934,Moderate Misalignment,37.6716,55.5217,Significant Pedestrian Interaction,Urban,4.0464,False,Commercial,High Pedestrian Interaction,0.229,Light,False,27.9088,-0.002,-0.0106,Moderate Misalignment,29,Unnamed Road,1156
2852,Unnamed Road,Urban Road,URB-02852,2852,12.8661,77.5611,12.8666,77.5613,68.6,1140.8,1140.869,37.9601,Moderate Misalignment,0.9527,0.0492,0.9368,-0.0026,-0.0157,42.8211,44.4174,87.169,23.5143,39.9855,51.2908,93.1759,0.3259,39.3129,44.1298,No,0.0,0.0067,1.0396,Good,Low,1.7043,10.0,10.0,28.5972,Moderate Risk,68.9524,42.2823,26.0627,Moderate Misalignment,39.7588,56.9521,Side Impact Potential,Urban,6.2751,True,Commercial,Poor Infrastructure,-0.0126,,False,35.5541,-0.0034,-0.0034,Moderate Misalignment,42,Unnamed Road,1157
2853,Unnamed Road,Urban Road,URB-02853,2853,12.867,77.5614,12.8666,77.5613,37.7,1141.2,1141.238,14.4538,Aligned,0.8738,0.9002,0.1505,-0.0272,-0.0078,65.0161,64.0679,97.6412,8.6754,18.6902,79.7817,74.8803,0.681,60.0,13.3639,No,0.0,-0.0041,-0.0105,Poor,Medium,0.189,10.0,10.4044,20.6891,Safe,70.7852,65.9307,18.4137,Aligned,68.8663,40.4965,Separated Traffic,Rural,6.1013,True,Residential,Poor Infrastructure,0.001,,False,52.568,0.0136,-0.0075,Aligned,65,Unnamed Road,1158
2854,Unnamed Road,Urban Road,URB-02854,2854,12.8685,77.5618,12.8695,77.562,115.4,1141.6,1141.715,43.0645,Moderate Misalignment,0.8018,0.0532,0.8385,0.1451,-0.0005,46.6808,45.5089,97.7952,19.0424,19.3927,50.271,67.2995,0.0,60.0,8.306,No,0.0,-0.0003,0.026,Good,Medium,0.1472,10.0,10.3668,24.4824,Safe,66.0756,45.265,29.9411,Moderate Misalignment,44.1563,43.2934,Side Impact Potential,Rural,7.9352,False,Industrial,Poor Infrastructure | Above Human Tolerance Limit,-0.0055,,False,37.3666,0.0274,-0.0068,Moderate Misalignment,47,Unnamed Road,1159
2855,Unnamed Road,Urban Road,URB-02855,2855,12.8685,77.5618,12.867,77.5614,176.6,1142.0,1142.177,14.6927,Aligned,0.8496,0.8505,0.1559,-0.0051,-0.0039,55.5924,56.8525,99.4032,10.9585,25.7338,80.527,73.8394,0.417,60.0,15.6197,No,0.0,0.0055,-0.0376,Good,Medium,0.4358,10.0,10.0,23.5073,Safe,70.1699,55.2186,21.6538,Aligned,58.7011,61.2489,Separated Traffic,Peri-Urban,6.0301,True,Industrial,Poor Infrastructure,0.2019,Light,False,45.4496,-0.0143,0.0081,Aligned,55,Unnamed Road,1160
2856,Unnamed Road,Urban Road,URB-02856,2856,12.8695,77.562,12.87,77.5621,50.1,1142.4,1142.45,18.6779,Aligned,0.7098,0.6889,0.3028,0.0065,0.0087,41.1723,39.6739,52.563,21.9647,31.4,49.2835,91.2413,0.0,29.5452,18.9063,No,0.0,-0.0052,-0.0123,Good,Low,3.8136,10.0,31.4232,28.2006,Moderate Risk,65.1583,38.5883,30.7623,Moderate Misalignment,37.9806,69.4944,Side Impact Potential,Urban,2.0624,False,Mixed,Poor Infrastructure,0.0159,,False,38.0873,-0.002,0.0065,Aligned,40,Unnamed Road,1161
2857,Unnamed Road,Urban Road,URB-02857,2857,12.8683,77.5698,12.8679,77.5697,39.1,1142.8,1142.839,10.6302,Aligned,0.9908,0.9917,0.0082,-0.0016,-0.0054,21.8515,19.0281,31.1082,15.671,27.8563,49.5033,82.6881,0.2456,29.0077,14.5485,No,0.0,0.0093,1.0052,Poor,Medium,2.3121,10.0,10.0,23.033,Safe,69.9817,22.5499,18.8937,Aligned,23.6855,60.7727,Side Impact Potential,Peri-Urban,1.7515,False,Residential,Poor Infrastructure,-0.0053,,False,19.0302,-0.0018,0.0045,Aligned,21,Unnamed Road,1162
2858,Unnamed Road,Urban Road,URB-02858,2858,12.8646,77.5697,12.8651,77.5694,58.8,1143.2,1143.259,25.1213,Aligned,0.6596,0.62,0.2097,0.1547,-0.0028,78.9715,81.7007,96.7764,24.2594,28.992,81.1271,84.291,0.3186,60.0,23.1686,No,0.0,0.0047,0.9687,Good,High,0.3235,10.0,10.8656,26.7691,Moderate Risk,68.1632,79.1837,27.4542,Moderate Misalignment,89.9613,56.2267,Separated Traffic,Urban,4.0944,True,Residential,Poor Infrastructure,0.1535,Light,False,69.1932,0.0036,0.0102,Aligned,78,Unnamed Road,1163
2859,Unnamed Road,Urban Road,URB-02859,2859,12.87,77.5621,12.8712,77.5624,139.3,1143.6,1143.739,12.4002,Aligned,0.9263,1.002,0.0544,0.0108,0.0099,40.1177,40.8387,61.8609,8.6679,20.221,69.8465,90.7239,0.0918,40.0524,16.3448,No,0.0,-0.0003,-0.0216,Poor,Medium,0.9639,10.0,10.0,21.8402,Safe,70.8411,38.8394,18.8497,Aligned,36.5734,41.7491,Separated Traffic,Rural,1.9163,True,Residential,Poor Infrastructure,-0.0007,,False,33.2449,0.0083,-0.0075,Aligned,39,Unnamed Road,1164
2860,Unnamed Road,Urban Road,URB-02860,2860,12.9171,77.5836,12.9163,77.5836,90.1,1144.0,1144.09,26.8399,Moderate Misalignment,0.5584,0.4262,0.5655,-0.0125,0.0035,49.4187,53.8572,78.4023,37.055,34.4804,50.555,94.1366,0.4218,48.7788,28.0088,No,0.0,0.0066,0.0043,Good,Low,1.8134,10.0,27.5653,28.5766,Moderate Risk,67.5393,51.7593,35.1313,Moderate Misalignment,63.7852,59.6239,Side Impact Potential,Urban,3.1668,True,Commercial,Meets Safe System Standards,-0.0267,,False,54.4676,0.0037,0.0147,Moderate Misalignment,52,Unnamed Road,1165
2861,Unnamed Road,Urban Road,URB-02861,2861,12.8969,77.5861,12.8975,77.5898,452.2,1144.4,1144.852,21.4014,Aligned,0.7643,0.7663,0.1821,0.0296,0.0025,50.4379,52.1953,100.0,6.7965,15.0853,80.6328,56.6776,0.0,60.0,4.4909,No,0.0,0.0021,0.0318,Poor,Low,0.2563,10.0,10.5086,20.3602,Safe,71.3861,51.1621,14.9202,Aligned,51.1649,45.74,Separated Traffic,Rural,3.9957,True,Residential,Poor Infrastructure,0.1465,Light,False,40.3421,-0.0116,0.0084,Aligned,51,Unnamed Road,1166
2862,Unnamed Road,Urban Road,URB-02862,2862,12.9483,77.4778,12.9485,77.4769,103.7,1144.8,1144.904,38.5919,Moderate Misalignment,0.9616,0.0378,0.9415,0.0156,-0.0031,25.8523,26.6419,51.09,54.8393,57.6472,30.5541,76.205,0.1374,39.3989,71.5546,No,0.0,-0.003,1.0136,Good,Low,3.6734,10.0,10.0084,34.4147,Moderate Risk,67.8315,26.1921,38.5411,Moderate Misalignment,30.4298,59.0963,Significant Pedestrian Interaction,Urban,1.9819,False,Residential,High Pedestrian Interaction | Above Human Tolerance Limit,0.0049,,False,23.8681,0.0104,0.0036,Moderate Misalignment,28,Unnamed Road,1167
2863,Unnamed Road,Urban Road,URB-02863,2863,12.9509,77.4866,12.9503,77.4865,72.4,1145.2,1145.272,49.4034,Moderate Misalignment,0.7421,0.022,0.7367,0.2566,0.0197,51.7854,47.9697,98.8958,28.5452,25.0034,49.9811,96.2884,0.0,60.0,12.5655,No,0.0,-0.0065,0.0456,Poor,Low,0.4444,10.0,22.2198,31.1305,Moderate Risk,58.6858,49.7839,45.4923,Moderate Misalignment,72.067,61.4859,Side Impact Potential,Urban,8.0978,False,Commercial,Poor Infrastructure | Above Human Tolerance Limit,-0.0081,,False,62.8148,0.0071,0.0096,Moderate Misalignment,53,Unnamed Road,1168
2864,Unnamed Road,Urban Road,URB-02864,2864,12.9503,77.4865,12.9488,77.4862,164.9,1145.6,1145.765,11.5067,Aligned,0.9436,0.9513,0.0455,0.0105,0.0046,28.279,26.8878,53.0199,11.0472,21.3876,49.0567,88.2135,0.2308,30.052,6.7151,No,0.0,0.0022,0.0355,Good,Medium,3.6504,10.0,10.0,22.569,Safe,69.9043,30.2008,20.0857,Aligned,30.7687,61.5222,Side Impact Potential,Urban,1.9597,False,Residential,Poor Infrastructure,0.1309,Light,False,22.5838,-0.0088,-0.0063,Aligned,29,Unnamed Road,1169
2865,Unnamed Road,Urban Road,URB-02865,2865,12.9484,77.4861,12.9488,77.4862,46.2,1146.0,1146.046,10.118,Aligned,0.9735,0.9972,0.0012,-0.0034,-0.0064,27.0551,26.6801,54.1027,29.4477,23.2426,50.6383,81.2492,0.3046,25.7384,15.781,No,0.0,0.0033,0.0419,Poor,High,2.6728,10.0,10.2588,19.5922,Safe,74.9354,28.0601,17.2413,Aligned,28.2633,48.1768,Side Impact Potential,Peri-Urban,3.9858,False,Industrial,Poor Infrastructure,0.2139,Light,False,19.8148,-0.0076,-0.0082,Aligned,27,Unnamed Road,1170
2866,Unnamed Road,Urban Road,URB-02866,2866,12.9484,77.4861,12.9486,77.4853,86.1,1146.4,1146.486,21.5243,Aligned,0.5991,0.6065,0.3745,0.0031,-0.0104,81.3885,79.7542,98.3024,21.6803,18.4685,80.9081,55.5371,0.0,59.5525,10.4939,No,0.0,0.0011,-0.012,Poor,High,0.2467,10.0,10.332,24.6996,Safe,67.0774,79.335,28.0587,Moderate Misalignment,85.409,46.4977,Separated Traffic,Rural,7.9275,True,Industrial,Poor Infrastructure | Above Human Tolerance Limit,0.2423,Light,False,60.9745,-0.0134,0.0101,Aligned,81,Unnamed Road,1171
2867,Unnamed Road,Urban Road,URB-02867,2867,12.947,77.484,12.9471,77.4836,43.7,1146.8,1146.844,10.6798,Aligned,0.9771,0.9583,0.0634,-0.0131,-0.0054,35.4998,32.3839,55.5822,14.6637,23.6032,52.0934,77.0535,0.2992,39.6741,25.2179,No,0.0,0.0006,1.0567,Poor,Medium,1.731,10.0,10.5807,22.5964,Safe,71.2463,33.31,20.1404,Aligned,36.315,32.0848,Side Impact Potential,Rural,4.1032,False,Residential,Poor Infrastructure,0.2278,Light,False,25.1404,-0.0002,-0.0048,Aligned,35,Unnamed Road,1172
2868,Unnamed Road,Urban Road,URB-02868,2868,12.9472,77.4833,12.9471,77.4836,33.0,1147.2,1147.233,14.2164,Aligned,0.8367,0.8553,0.1372,0.0026,0.0015,43.3911,43.5452,71.6847,34.7289,33.7651,50.2877,94.7049,0.0256,41.3015,29.8666,No,0.0,0.002,-0.0413,Poor,Low,1.4724,10.0,10.1695,24.1794,Safe,73.0145,43.4607,23.0804,Aligned,45.8934,62.1466,Side Impact Potential,Urban,2.9296,False,Mixed,Poor Infrastructure,0.0107,,False,32.6489,-0.0181,-0.0088,Aligned,43,Unnamed Road,1173
2869,Unnamed Road,Urban Road,URB-02869,2869,12.9476,77.4816,12.9477,77.4811,55.4,1147.6,1147.655,14.8394,Aligned,0.7861,0.8208,0.1945,-0.005,0.0022,42.9942,41.8971,50.869,25.5303,31.9761,50.2799,91.5408,0.3473,40.213,19.1047,No,0.0,-0.0028,-0.031,Good,Low,2.2966,10.0,10.4076,24.5214,Safe,69.552,42.6033,23.2612,Aligned,45.9074,64.8903,Side Impact Potential,Urban,3.1022,False,Residential,Poor Infrastructure,0.0006,,False,34.392,-0.0028,0.0044,Aligned,45,Unnamed Road,1174
2870,Unnamed Road,Urban Road,URB-02870,2870,12.9478,77.4807,12.9477,77.4811,47.1,1148.0,1148.047,27.6147,Moderate Misalignment,0.4963,0.4767,0.5231,0.0228,0.0027,60.7622,58.1872,99.7796,10.3146,14.3636,77.7631,92.7399,0.0372,60.0,3.5235,No,0.0,0.0028,-0.0679,Poor,Medium,0.2998,10.0,10.0,18.4562,Safe,71.2341,59.0163,18.7252,Aligned,59.928,40.2777,Separated Traffic,Rural,4.1006,True,Industrial,Poor Infrastructure,-0.01,,False,54.2073,0.0099,-0.0026,Moderate Misalignment,60,Unnamed Road,1175
2871,Unnamed Road,Urban Road,URB-02871,2871,12.9474,77.4821,12.9472,77.4833,128.2,1148.4,1148.528,14.6945,Aligned,0.9719,1.0193,0.0246,0.0018,-0.0166,34.3457,30.9813,73.8214,27.6422,38.3863,51.2999,64.1978,0.3837,50.691,40.9824,No,0.0,0.0064,0.9807,Good,Low,1.5079,10.0,10.4333,25.2187,Moderate Risk,71.8741,32.2067,23.3623,Aligned,32.758,57.1906,Side Impact Potential,Urban,2.0154,False,Residential,Poor Infrastructure,-0.006,,False,26.4957,0.0141,-0.0097,Aligned,33,Unnamed Road,1176
2872,Unnamed Road,Urban Road,URB-02872,2872,12.9474,77.4821,12.9476,77.4816,60.4,1148.8,1148.86,43.0242,Moderate Misalignment,0.8125,0.0753,0.8291,0.122,-0.0058,49.1386,47.693,100.0,35.6585,26.7941,52.2921,73.9027,0.1095,59.2054,11.1249,No,0.0,0.0047,-0.0261,Good,Low,0.5456,10.0,10.3307,30.4004,Moderate Risk,59.775,49.281,43.9929,Moderate Misalignment,64.1319,64.6456,Side Impact Potential,Urban,3.9651,False,Residential,Poor Infrastructure | Above Human Tolerance Limit,-0.0037,,False,51.787,0.0122,-0.0168,Moderate Misalignment,49,Unnamed Road,1177
2873,Unnamed Road,Urban Road,URB-02873,2873,12.9476,77.4816,12.9482,77.4817,74.8,1149.2,1149.275,33.3416,Moderate Misalignment,0.757,0.2436,0.779,0.0021,0.0193,31.548,33.8168,48.7911,48.7665,45.5085,51.5113,96.5789,0.2386,29.8523,45.9133,No,0.0,0.0064,2.0542,Good,High,3.3408,10.0,10.0,26.5998,Moderate Risk,75.3416,32.7015,24.9203,Aligned,29.3126,61.1097,Side Impact Potential,Urban,2.0829,False,Residential,Meets Safe System Standards,-0.0064,,False,29.261,0.0019,0.0024,Moderate Misalignment,30,Unnamed Road,1178
2874,Unnamed Road,Urban Road,URB-02874,2874,12.9503,77.4817,12.9515,77.4818,142.4,1149.6,1149.742,13.3067,Aligned,0.9664,0.969,0.1264,-0.0068,-0.0005,39.6638,40.6958,67.6921,26.1298,21.5056,49.7943,75.7964,0.2139,60.0,12.5926,No,0.0,0.0033,0.0511,Good,High,1.3303,10.0,10.0601,19.1026,Safe,75.5692,39.5651,17.5248,Aligned,40.3661,49.4797,Side Impact Potential,Peri-Urban,1.9529,False,Commercial,Poor Infrastructure,0.0274,,False,34.0431,0.0004,-0.0016,Aligned,38,Unnamed Road,1179
2875,Unnamed Road,Urban Road,URB-02875,2875,12.947,77.4845,12.947,77.484,52.7,1150.0,1150.053,14.4708,Aligned,0.9188,0.8754,0.1107,-0.0075,-0.0142,43.5637,47.5305,49.6605,12.2693,16.8936,50.6652,92.4569,0.0,38.9649,5.725,No,0.0,0.0027,-0.0275,Poor,Medium,1.7457,10.0,10.2571,21.684,Safe,69.4578,42.6074,22.642,Aligned,44.6807,43.3452,Side Impact Potential,Rural,1.9615,False,Residential,Approach to Congestion (Tapered) | Poor Infrastructure,-0.0083,,True,36.6063,-0.0126,-0.0091,Aligned,44,Unnamed Road,1180
2876,Unnamed Road,Urban Road,URB-02876,2876,12.9483,77.4778,12.9482,77.4784,68.3,1150.4,1150.468,10.7309,Aligned,0.9922,1.0217,-0.0055,-0.015,0.0048,21.1804,19.8072,52.9639,0.6354,18.2665,49.9051,78.3392,0.1297,39.706,12.0091,No,0.0,-0.0017,-0.0454,Poor,Low,0.7073,10.0,10.0,21.5088,Safe,68.9362,19.451,18.4415,Aligned,20.6817,36.5983,Side Impact Potential,Rural,3.9515,False,Residential,Poor Infrastructure,-0.001,,False,16.2799,-0.014,0.0,Aligned,20,Unnamed Road,1181
2877,Unnamed Road,Urban Road,URB-02877,2877,12.9487,77.4849,12.9486,77.4853,47.8,1150.8,1150.848,97.1047,Critical Misalignment,0.9598,0.0059,-0.0068,0.0189,0.9671,47.5799,48.9146,98.6483,0.1532,17.2445,49.3962,89.2335,0.496,59.7352,10.9681,No,0.0,0.0046,0.0399,Good,Medium,0.1755,10.0,10.0,44.2149,Moderate Risk,34.0415,51.7186,75.4999,Critical Misalignment,95.6959,40.5915,Side Impact Potential,Rural,5.7642,False,Industrial,Speed Limit Misaligned | Poor Infrastructure | Above Human Tolerance Limit,-0.0133,,False,84.3469,-0.0012,-0.0012,Critical Misalignment,48,Unnamed Road,1182