segment_id,road_name,road_type,human_segment_id,internal_id,start_lat,start_lon,end_lat,end_lon,length_m,start_km,end_km,road_risk_score,ai_risk_label,ai_risk_probability,prob_low_risk,prob_medium_risk,prob_high_risk,prob_critical_risk,ai_recommended_speed,recommended_safe_speed,road_function_score,infrastructure_score,exposure_score,human_tolerance_limit,operating_speed_score,crash_risk_score,posted_speed_limit,pedestrian_exposure_score,blackspot_flag,crash_count,fatal_crashes,schools_count,lighting_quality,roadside_hazards,intersection_density,speed_compliance_rate,speed_violation_score,hotspot_score,hotspot_category,speed_safety_score,original_safe_speed,misalignment_score,misalignment_category,speed_p85,ptw_share_pct,exposure_tier,urban_rural_flag,lane_count,median_presence,land_use_type,top_ai_factors,congestion_index,congestion_category,congestion_smoothed,operating_speed_mean,minor_crashes,major_crashes,risk_category,final_safe_speed,corridor_base,corridor_seq
2878,Unnamed Road,Urban Road,URB-02878,2878,12.9487,77.4849,12.947,77.4845,200.5,1151.2,1151.4,35.7359,Moderate Misalignment,0.8501,0.1759,0.8698,-0.0153,0.0004,46.5045,49.521,53.971,26.2818,32.207,49.5524,96.9249,0.0,41.1203,26.3089,No,0.0,0.0099,-0.0247,Good,Medium,2.9749,10.0,15.9928,26.7737,Moderate Risk,68.9479,46.367,28.0311,Moderate Misalignment,48.1748,60.2063,Side Impact Potential,Urban,4.1172,False,Residential,Poor Infrastructure,0.0399,,False,34.7477,-0.0069,0.0028,Moderate Misalignment,47,Unnamed Road,1183
2879,Unnamed Road,Urban Road,URB-02879,2879,12.9488,77.4817,12.9482,77.4817,59.6,1151.6,1151.66,11.4872,Aligned,0.946,0.9289,0.0866,0.021,-0.0032,37.6858,38.5204,53.9186,6.7767,24.7633,51.7752,80.5931,0.0,39.6012,13.7475,No,0.0,-0.0036,-0.0685,Poor,Medium,1.9208,10.0,10.0,23.9654,Safe,69.5926,36.1815,19.675,Aligned,34.0276,51.7067,Side Impact Potential,Peri-Urban,3.0306,False,Residential,Poor Infrastructure,0.1567,Light,False,26.7336,0.0023,0.0163,Aligned,37,Unnamed Road,1184
2880,Unnamed Road,Urban Road,URB-02880,2880,12.9488,77.4817,12.9492,77.4817,52.8,1152.0,1152.053,10.5922,Aligned,0.9915,1.0219,0.035,-0.0044,0.0005,17.5991,18.9179,30.0171,17.3792,22.8786,49.5196,79.5076,0.0,30.6598,17.1454,No,0.0,0.0075,-0.0954,Good,Medium,2.1835,10.0,10.0,22.4449,Safe,71.9325,20.5172,18.1181,Aligned,19.6139,48.6764,Side Impact Potential,Peri-Urban,1.8879,False,Residential,Poor Infrastructure,0.1783,Light,False,15.6754,-0.0109,0.0082,Aligned,15,Unnamed Road,1185
2881,Unnamed Road,Urban Road,URB-02881,2881,12.9492,77.4817,12.9495,77.4817,24.4,1152.4,1152.424,40.7668,Moderate Misalignment,0.8397,0.0764,0.8554,0.075,-0.0026,29.9754,28.0253,77.2159,33.9021,43.5612,27.794,81.6139,0.1943,41.62,41.0856,No,0.0,-0.0013,2.0117,Poor,Medium,1.7735,10.0,10.1129,32.034,Moderate Risk,65.6402,31.4233,37.0593,Moderate Misalignment,35.8313,67.555,Significant Pedestrian Interaction,Urban,6.1592,False,Commercial,High Pedestrian Interaction | Poor Infrastructure | Above Human Tolerance Limit,0.1688,Light,False,27.2517,0.001,-0.0068,Moderate Misalignment,29,Unnamed Road,1186
2882,Unnamed Road,Urban Road,URB-02882,2882,12.9479,77.4798,12.9478,77.4807,96.7,1152.8,1152.897,34.6789,Moderate Misalignment,0.7647,0.1663,0.7454,0.0445,0.0034,64.3478,66.4614,99.7872,18.4125,25.8311,82.3629,91.7116,0.1911,57.5882,11.0277,No,0.0,0.0049,-0.0132,Good,Medium,0.4349,10.0,10.0,23.7403,Safe,68.0567,65.596,24.7581,Aligned,64.3468,60.3691,Separated Traffic,Peri-Urban,6.1544,True,Residential,Poor Infrastructure,0.0015,,False,56.4753,0.0034,-0.0059,Moderate Misalignment,64,Unnamed Road,1187
2883,Unnamed Road,Urban Road,URB-02883,2883,12.9479,77.4798,12.9482,77.4784,153.8,1153.2,1153.354,17.2346,Aligned,0.7421,0.7063,0.2729,0.0195,-0.007,50.9056,48.9794,52.3766,15.3437,27.9379,49.1175,89.5416,0.0702,38.7575,20.2036,No,0.0,0.0003,-0.0018,Good,Medium,1.8166,10.0,30.996,28.1434,Moderate Risk,63.916,48.9574,32.7889,Moderate Misalignment,52.9823,56.6265,Side Impact Potential,Peri-Urban,2.9819,False,Residential,Poor Infrastructure,-0.0073,,False,46.9707,-0.0069,-0.0096,Aligned,53,Unnamed Road,1188
2884,Unnamed Road,Urban Road,URB-02884,2884,12.9503,77.4817,12.9495,77.4817,89.5,1153.6,1153.69,14.1497,Aligned,0.9471,0.9685,0.0621,0.0141,0.0015,48.8118,48.129,100.0,11.2541,13.5899,79.7564,75.1418,0.0,60.0,7.7444,No,0.0,-0.0001,-0.0058,Good,Low,0.0285,10.0,10.1231,18.804,Safe,71.8649,46.4403,17.6105,Aligned,46.5457,34.2849,Separated Traffic,Rural,7.9136,True,Industrial,Poor Infrastructure,0.0083,,False,46.4522,0.0005,0.0134,Aligned,50,Unnamed Road,1189
2885,Unnamed Road,Urban Road,URB-02885,2885,12.8837,77.5573,12.8857,77.5417,1740.4,1154.0,1155.74,12.494,Aligned,0.9218,0.8738,0.0634,-0.024,-0.0046,56.6083,58.5554,100.0,0.0,21.119,81.8835,63.063,0.4402,58.8608,5.7785,No,0.0,0.0054,-0.0106,Good,High,0.5135,10.0,10.1862,23.0719,Safe,67.4599,59.705,21.6586,Aligned,55.5162,62.9621,Separated Traffic,Peri-Urban,6.7196,True,Residential,Poor Infrastructure,0.1942,Light,False,43.408,-0.005,-0.0191,Aligned,58,Unnamed Road,1190
2886,Unnamed Road,Urban Road,URB-02886,2886,12.8845,77.552,12.8875,77.5518,341.0,1154.4,1154.741,38.9656,Moderate Misalignment,0.9857,-0.0422,0.9714,0.0179,0.0028,83.114,79.5259,98.9873,0.0,15.9192,82.6384,100.0,0.0,60.0,10.0963,No,0.0,-0.0014,-0.0536,Poor,Medium,0.0184,10.0,26.8671,29.617,Moderate Risk,56.6848,80.9709,40.1242,Moderate Misalignment,102.0499,34.9444,Separated Traffic,Rural,5.8296,True,Industrial,Poor Infrastructure,0.1657,Light,False,79.4803,0.0048,-0.0035,Moderate Misalignment,81,Unnamed Road,1191
2887,Unnamed Road,Urban Road,URB-02887,2887,13.0863,77.5483,13.0861,77.5502,281.4,1154.8,1155.081,11.8164,Aligned,0.9255,0.9747,0.05,-0.0135,-0.0037,37.1639,37.8466,99.7697,13.4624,13.9497,80.2798,24.1246,0.4364,60.0,8.6724,No,0.0,0.0042,-0.0038,Poor,Low,0.1516,10.0,10.0,18.6904,Safe,73.4195,38.1724,17.6472,Aligned,36.1638,34.2253,Separated Traffic,Rural,7.0885,True,Industrial,Active Congestion | Poor Infrastructure,0.7468,Severe,False,10.37,-0.0055,-0.0084,Aligned,41,Unnamed Road,1192
2888,Unnamed Road,Urban Road,URB-02888,2888,12.9273,77.5774,12.9273,77.5765,107.4,1155.2,1155.307,33.4212,Moderate Misalignment,0.5642,0.318,0.5456,0.1109,-0.0111,60.6899,60.4537,95.8099,29.1273,25.0239,81.8092,92.0932,0.2759,58.5986,18.1098,No,0.0,-0.0106,0.0729,Poor,High,0.4611,10.0,10.0,20.0051,Safe,74.3171,59.875,18.0905,Aligned,59.2229,51.4733,Separated Traffic,Peri-Urban,7.1277,True,Industrial,Poor Infrastructure,-0.0028,,False,54.2267,-0.0086,0.004,Moderate Misalignment,61,Unnamed Road,1193
2889,Unnamed Road,Urban Road,URB-02889,2889,12.8729,77.6167,12.8735,77.625,939.1,1155.6,1156.539,19.4916,Aligned,0.7712,0.8006,0.0798,0.0948,-0.0065,54.1001,52.6955,97.6007,6.6256,25.496,80.0694,83.3932,0.2605,59.5449,14.2778,No,0.0,0.0055,-0.0163,Poor,Medium,0.4871,10.0,10.3874,24.2016,Safe,70.1877,57.6242,20.5389,Aligned,57.2179,59.1987,Separated Traffic,Peri-Urban,4.9487,True,Industrial,Poor Infrastructure,-0.0063,,False,48.1192,-0.0108,-0.0131,Aligned,55,Unnamed Road,1194
2890,Unnamed Road,Urban Road,URB-02890,2890,13.0132,77.6621,13.0189,77.6548,1163.5,1156.0,1157.164,10.5947,Aligned,0.9608,0.9623,0.0171,0.0167,-0.0007,26.8884,28.0108,26.8464,21.6494,19.5024,51.3013,94.4484,0.0,32.4414,14.9119,No,0.0,0.0058,-0.1174,Poor,Low,1.99,10.0,10.1323,19.8089,Safe,73.1153,29.4227,17.5288,Aligned,32.1754,44.1274,Side Impact Potential,Rural,1.8659,False,Industrial,Poor Infrastructure,0.0061,,False,25.0197,0.0057,0.0202,Aligned,26,Unnamed Road,1195
2891,Unnamed Road,Urban Road,URB-02891,2891,13.0196,77.6548,13.0134,77.6624,1211.0,1156.4,1157.611,16.8033,Aligned,0.774,0.7485,0.2023,0.0061,-0.003,32.8655,34.4212,50.7749,20.4789,23.9453,50.089,98.2415,0.0,30.1712,10.7022,No,0.0,0.0116,-0.0127,Poor,Medium,2.3207,10.0,12.3374,22.8184,Safe,70.1605,33.9784,20.7575,Aligned,31.1037,57.7429,Side Impact Potential,Urban,3.1077,False,Industrial,Poor Infrastructure,0.0028,,False,27.776,-0.004,0.0137,Aligned,34,Unnamed Road,1196
2892,Unnamed Road,Urban Road,URB-02892,2892,12.9701,77.5309,12.97,77.5317,94.7,1156.8,1156.895,12.7366,Aligned,0.8962,0.8525,0.1205,0.0006,-0.0075,66.9655,63.8566,99.5946,1.6964,16.0829,76.7991,62.0836,0.0,60.0,9.0189,No,0.0,0.0032,-0.0157,Poor,Medium,0.2144,10.0,10.2016,20.6811,Safe,68.9391,67.3411,19.1511,Aligned,66.2937,32.0187,Separated Traffic,Rural,5.1486,True,Industrial,Poor Infrastructure,-0.0044,,False,52.905,-0.0073,0.0158,Aligned,68,Unnamed Road,1197
2893,Unnamed Road,Urban Road,URB-02893,2893,12.9681,77.5305,12.9688,77.5245,662.5,1157.2,1157.862,11.2449,Aligned,0.9602,1.0027,0.0164,-0.0076,-0.0011,26.8529,29.1387,52.8878,33.7524,33.1647,50.8316,72.6849,0.0884,60.0,25.2931,No,0.0,-0.0099,0.0364,Good,Medium,3.2909,10.0,10.0,23.8531,Safe,73.3798,30.7863,21.0623,Aligned,28.8931,67.5176,Side Impact Potential,Urban,2.9834,False,Industrial,Poor Infrastructure,0.167,Light,False,24.2614,-0.0091,0.0065,Aligned,29,Unnamed Road,1198
2894,Unnamed Road,Urban Road,URB-02894,2894,12.9675,77.5305,12.966,77.5354,565.8,1157.6,1158.166,40.4983,Moderate Misalignment,0.8097,0.114,0.7866,0.1064,0.0025,30.3971,32.5544,83.3892,53.542,47.2993,31.3532,85.1838,0.0,60.0,57.4817,No,0.0,-0.0039,2.0784,Good,Medium,1.8812,10.0,10.0,41.2428,Moderate Risk,53.778,31.112,60.6613,High Misalignment,57.4124,60.3135,Significant Pedestrian Interaction,Urban,4.8863,True,Mixed,Speed Limit Misaligned | High Pedestrian Interaction | Above Human Tolerance Limit,0.0112,,False,53.521,0.0126,0.0073,Moderate Misalignment,33,Unnamed Road,1199
2895,Unnamed Road,Urban Road,URB-02895,2895,12.9228,77.496,12.9237,77.4939,272.2,1158.0,1158.272,12.9885,Aligned,0.912,0.8891,0.0978,-0.0064,0.0095,53.8969,54.8958,98.9518,0.3597,13.2958,80.7543,65.7441,0.1463,60.0,5.1351,No,0.0,-0.0063,0.0061,Good,Low,0.0843,10.0,10.0,20.5089,Safe,68.968,54.7871,17.0211,Aligned,55.2331,32.6868,Separated Traffic,Rural,5.1921,True,Residential,Poor Infrastructure,0.261,Light,False,37.1382,0.0105,0.0138,Aligned,55,Unnamed Road,1200
2896,Unnamed Road,Urban Road,URB-02896,2896,12.9349,77.4922,12.9346,77.4932,105.5,1158.4,1158.505,39.5909,Moderate Misalignment,0.98,-0.0163,0.9536,0.0059,0.0009,74.1543,79.4284,99.1036,15.089,26.1533,79.4804,96.4134,0.0,59.1747,24.2204,No,0.0,0.0118,0.9809,Poor,Medium,0.2362,10.0,27.6661,30.1522,Moderate Risk,61.7351,75.7819,37.81,Moderate Misalignment,73.8567,44.4274,Separated Traffic,Rural,5.9815,True,Residential,Poor Infrastructure,0.1577,Light,False,60.8868,-0.0033,0.005,Moderate Misalignment,75,Unnamed Road,1201
2897,Unnamed Road,Urban Road,URB-02897,2897,12.9268,77.4949,12.9266,77.4949,24.9,1158.8,1158.825,17.5143,Aligned,0.8087,0.7996,0.1762,-0.0094,0.0023,32.807,33.8612,49.7613,57.6923,32.249,48.7105,98.086,0.144,59.736,26.4488,No,0.0,-0.0105,0.0134,Good,Medium,3.3328,10.0,10.0,19.6974,Safe,79.3646,31.0199,19.1604,Aligned,33.0736,55.2886,Side Impact Potential,Urban,2.091,False,Residential,Meets Safe System Standards,-0.0079,,False,26.5917,-0.0075,0.0065,Aligned,33,Unnamed Road,1202
2898,Unnamed Road,Urban Road,URB-02898,2898,12.9268,77.4949,12.9273,77.4951,47.7,1159.2,1159.248,38.0888,Moderate Misalignment,0.7991,0.17,0.815,0.0833,0.0062,80.9304,79.5287,99.3235,21.8703,18.1702,78.7036,85.746,0.2342,59.1606,10.0228,No,0.0,0.0027,0.0132,Poor,Medium,0.2831,10.0,10.0,24.007,Safe,67.1144,79.1323,30.9279,Moderate Misalignment,84.6099,42.5431,Separated Traffic,Rural,5.2345,True,Residential,Poor Infrastructure | Above Human Tolerance Limit,0.0014,,False,79.5991,0.0087,0.0138,Moderate Misalignment,82,Unnamed Road,1203
2899,Unnamed Road,Urban Road,URB-02899,2899,12.9268,77.4949,12.927,77.4943,74.5,1159.6,1159.675,10.5395,Aligned,0.9816,1.0017,0.0218,-0.0092,-0.0066,25.3339,26.1921,25.4371,21.5413,17.2556,50.8537,88.3036,0.1579,30.1537,5.849,No,0.0,-0.0115,-0.0005,Poor,Low,0.9298,10.0,10.0,18.9046,Safe,73.4204,26.9268,15.8204,Aligned,25.3851,44.7433,Side Impact Potential,Rural,1.3944,False,Residential,Poor Infrastructure,-0.0047,,False,23.2601,0.0016,-0.0052,Aligned,27,Unnamed Road,1204
2900,Unnamed Road,Urban Road,URB-02900,2900,12.9266,77.4949,12.9254,77.4941,162.5,1160.0,1160.162,69.4553,High Misalignment,0.7843,0.0226,0.1868,0.7693,0.0045,30.2847,27.9073,78.2425,44.0752,51.1317,28.2922,92.9521,0.3038,60.0,60.9474,No,0.0,-0.0052,1.9826,Good,Low,1.7986,10.0,15.7772,48.5515,Moderate Risk,44.6116,28.6022,73.9984,High Misalignment,69.6278,64.4855,Significant Pedestrian Interaction,Urban,2.0289,True,Residential,Speed Limit Misaligned | High Pedestrian Interaction | Above Human Tolerance Limit,0.1699,Light,False,55.9136,-0.0003,-0.0036,High Misalignment,30,Unnamed Road,1205
2901,Unnamed Road,Urban Road,URB-02901,2901,12.9273,77.4951,12.9277,77.4952,48.3,1160.4,1160.448,10.9385,Aligned,0.9957,1.0062,0.0324,-0.0103,0.0028,35.3586,35.6025,74.9593,39.9234,27.9794,51.0013,85.3577,0.5822,38.9572,20.059,No,0.0,-0.0076,-0.0026,Poor,Low,1.8277,10.0,10.0,19.7129,Safe,77.2663,33.4225,17.5859,Aligned,38.2162,56.999,Side Impact Potential,Urban,3.8396,False,Mixed,Meets Safe System Standards,0.022,,False,30.2479,0.0006,-0.008,Aligned,36,Unnamed Road,1206
2902,Unnamed Road,Urban Road,URB-02902,2902,12.9345,77.4935,12.9346,77.4932,38.8,1160.8,1160.839,10.1924,Aligned,0.9738,0.9381,0.0064,-0.009,0.0035,21.7921,21.9874,30.7502,2.5582,13.8207,48.834,82.9189,0.0778,29.4321,4.3102,No,0.0,0.0024,-0.0433,Poor,Medium,1.3705,10.0,10.0,20.8563,Safe,70.2451,20.5286,17.682,Aligned,19.6548,36.6213,Side Impact Potential,Rural,1.1772,False,Residential,Poor Infrastructure,-0.0031,,False,18.9943,-0.0001,0.0092,Aligned,23,Unnamed Road,1207
2903,Unnamed Road,Urban Road,URB-02903,2903,12.9297,77.5004,12.9294,77.5008,55.0,1161.2,1161.255,25.8168,Aligned,0.561,0.5605,0.4733,0.021,0.0036,58.4784,59.832,100.0,0.5268,14.6332,79.9256,75.7019,0.1666,60.0,2.1035,No,0.0,0.0027,0.0016,Good,Medium,0.2408,10.0,10.0,21.1123,Safe,68.7634,59.7896,17.5016,Aligned,58.0535,42.6123,Separated Traffic,Rural,8.1717,True,Residential,Approach to Congestion (Tapered) | Poor Infrastructure,-0.0042,,True,52.826,-0.0093,-0.0001,Aligned,60,Unnamed Road,1208
2904,Unnamed Road,Urban Road,URB-02904,2904,12.9293,77.5009,12.9294,77.5008,23.9,1161.6,1161.624,12.2396,Aligned,1.0084,0.9965,0.0361,0.0038,0.0083,36.2163,34.7972,75.0377,39.9531,27.5132,51.009,87.3074,0.477,40.5463,20.9441,No,0.0,-0.0048,-0.003,Poor,Low,1.8375,10.0,10.0978,19.1082,Safe,77.205,33.9725,17.1413,Aligned,36.893,56.6598,Side Impact Potential,Urban,3.8192,False,Mixed,Meets Safe System Standards,0.0448,,False,27.6796,0.0033,-0.0053,Aligned,34,Unnamed Road,1209
2905,Unnamed Road,Urban Road,URB-02905,2905,12.929,77.5013,12.9293,77.5009,51.2,1162.0,1162.051,13.6918,Aligned,0.8858,0.8605,0.0932,0.0018,0.0125,25.0583,23.9663,50.3037,10.3811,20.5693,52.0556,92.6499,0.0172,31.6686,7.3156,No,0.0,-0.0032,0.0005,Good,Medium,2.0953,10.0,10.2085,21.3621,Safe,71.4066,27.6502,20.3734,Aligned,26.3338,61.3555,Side Impact Potential,Peri-Urban,1.858,False,Mixed,Poor Infrastructure,0.0012,,False,25.4021,0.0029,-0.0058,Aligned,25,Unnamed Road,1210
2906,Unnamed Road,Urban Road,URB-02906,2906,12.929,77.5013,12.9288,77.5015,28.2,1162.4,1162.428,87.8725,High Misalignment,0.5079,0.0414,0.0194,0.5258,0.4854,28.0941,27.7496,100.0,86.8138,55.7794,30.2652,98.8887,0.1158,59.3063,68.4894,No,0.0,0.0029,1.9993,Good,Low,0.606,10.0,28.4871,45.2081,Moderate Risk,50.6437,29.9322,78.1325,Critical Misalignment,75.9769,66.2641,Significant Pedestrian Interaction,Urban,4.0105,True,Commercial,Speed Limit Misaligned | High Pedestrian Interaction | Above Human Tolerance Limit,0.1588,Light,False,58.8082,0.0033,0.0016,High Misalignment,28,Unnamed Road,1211
2907,Unnamed Road,Urban Road,URB-02907,2907,12.9286,77.5017,12.9288,77.5015,35.2,1162.8,1162.835,29.3697,Moderate Misalignment,0.6989,0.3108,0.7021,-0.0139,0.0114,29.8099,31.1481,48.6799,10.3838,25.297,49.579,96.0568,0.291,28.3712,21.1655,No,0.0,0.003,0.0282,Good,Low,2.423,10.0,10.0765,23.6896,Safe,69.4687,31.1754,20.5139,Aligned,29.1206,48.6266,Side Impact Potential,Peri-Urban,3.0764,False,Residential,Poor Infrastructure,-0.0011,,False,27.3794,-0.0119,0.0095,Moderate Misalignment,30,Unnamed Road,1212
2908,Unnamed Road,Urban Road,URB-02908,2908,12.9112,77.4811,12.9119,77.4817,104.7,1163.2,1163.305,14.6927,Aligned,0.8188,0.784,0.1827,-0.0002,-0.0079,33.2348,32.2837,59.8172,40.5744,35.0845,52.0089,91.8544,0.0574,30.868,31.7715,No,0.0,0.0059,1.0259,Good,Low,3.1644,10.0,10.0,23.9987,Safe,75.2537,31.1843,23.4664,Aligned,33.5378,66.7035,Side Impact Potential,Urban,3.0768,True,Residential,Meets Safe System Standards,0.1681,Light,False,23.5318,-0.0131,0.001,Aligned,33,Unnamed Road,1213
2909,Unnamed Road,Urban Road,URB-02909,2909,12.9112,77.4811,12.911,77.4807,54.7,1163.6,1163.655,12.7679,Aligned,0.9449,0.9497,0.0647,0.0037,-0.0009,30.36,31.5414,77.8713,36.6829,48.8857,51.5144,75.1783,0.0657,36.016,53.4356,No,0.0,0.0014,1.0516,Good,Low,1.6199,10.0,10.0438,28.1726,Moderate Risk,71.3467,31.1021,23.3556,Aligned,28.1844,66.7908,Side Impact Potential,Urban,2.0215,True,Residential,Meets Safe System Standards,0.158,Light,False,22.5955,-0.0077,-0.0039,Aligned,31,Unnamed Road,1214
2910,Unnamed Road,Urban Road,URB-02910,2910,12.9292,77.5028,12.9289,77.5025,50.7,1164.0,1164.051,9.8956,Aligned,0.9795,0.9962,0.0245,-0.0126,0.0056,38.7896,39.551,71.8482,21.8224,33.8558,51.5187,75.1277,0.1611,49.9302,22.3727,No,0.0,-0.003,-0.0281,Good,High,1.4231,10.0,10.0,25.0962,Moderate Risk,70.8379,39.5389,23.8467,Aligned,41.9906,66.639,Side Impact Potential,Urban,3.089,False,Commercial,Poor Infrastructure,0.006,,False,33.4345,0.0014,0.0109,Aligned,40,Unnamed Road,1215
2911,Unnamed Road,Urban Road,URB-02911,2911,12.9316,77.5063,12.9292,77.5028,465.8,1164.4,1164.866,10.8106,Aligned,0.9404,0.9239,0.0495,0.0104,-0.0034,36.7454,39.4266,69.0442,25.0571,27.2902,51.2774,82.9636,0.0519,39.7583,14.6953,No,0.0,-0.0035,0.0223,Good,Low,1.9233,10.0,10.537,21.8921,Safe,73.9527,37.0936,18.1888,Aligned,40.3764,64.2815,Side Impact Potential,Urban,2.1005,False,Industrial,Poor Infrastructure,0.151,Light,False,29.6926,-0.0099,-0.0076,Aligned,39,Unnamed Road,1216
2912,Unnamed Road,Urban Road,URB-02912,2912,12.9332,77.4914,12.9321,77.4914,132.4,1164.8,1164.932,12.5362,Aligned,0.9699,0.9503,0.0565,0.0075,-0.0054,79.9632,77.8775,97.887,3.1645,17.8163,82.0829,17.4419,0.0,60.0,11.8284,No,0.0,-0.0019,0.0786,Poor,Medium,0.2613,10.0,10.499,23.7336,Safe,64.8012,79.3858,24.6527,Aligned,85.4014,33.5251,Separated Traffic,Rural,5.0672,True,Industrial,Active Congestion | Poor Infrastructure,0.7213,Severe,False,25.1547,-0.0003,0.0021,Aligned,83,Unnamed Road,1217
2913,Unnamed Road,Urban Road,URB-02913,2913,12.9321,77.4914,12.9319,77.4921,84.7,1165.2,1165.285,10.2387,Aligned,0.9814,0.9821,0.0105,-0.0173,0.0024,24.4716,25.1631,54.1443,0.0,22.8131,51.6654,86.2312,0.0392,31.5282,10.0092,No,0.0,0.004,-0.0076,Good,High,2.0818,10.0,10.7297,22.8937,Safe,67.4863,24.6557,19.8846,Aligned,25.662,53.0143,Side Impact Potential,Peri-Urban,4.1157,False,Commercial,Poor Infrastructure,0.0067,,False,19.9144,0.0065,-0.0054,Aligned,25,Unnamed Road,1218
2914,Unnamed Road,Urban Road,URB-02914,2914,12.9212,77.4881,12.9219,77.4895,162.0,1165.6,1165.762,12.027,Aligned,0.9584,0.9664,-0.0059,0.01,0.0017,35.8834,34.4009,80.0968,52.7832,36.1744,48.6039,69.1911,0.0128,50.7329,37.0467,No,0.0,-0.0039,-0.0505,Poor,Low,2.0975,10.0,10.0248,20.5449,Safe,79.6343,35.5122,18.9846,Aligned,33.8946,56.6342,Side Impact Potential,Urban,6.1163,False,Residential,Meets Safe System Standards,0.0155,,False,27.4939,0.0098,0.0041,Aligned,34,Unnamed Road,1219
2915,Unnamed Road,Urban Road,URB-02915,2915,12.9223,77.4905,12.9219,77.4895,120.8,1166.0,1166.121,18.8905,Aligned,0.7434,0.7225,0.2623,-0.014,-0.0049,76.1574,80.5359,100.0,1.2093,11.7833,82.076,94.7505,0.5954,60.0,2.6835,No,0.0,0.0028,0.0526,Good,Low,0.3284,10.0,10.0,22.5578,Safe,66.3097,74.1873,22.1282,Aligned,77.8059,34.755,Separated Traffic,Rural,6.7576,True,Residential,Poor Infrastructure,0.0215,,False,68.6079,0.0187,0.0041,Aligned,78,Unnamed Road,1220
2916,Unnamed Road,Urban Road,URB-02916,2916,12.9345,77.4935,12.9342,77.4945,112.4,1166.4,1166.512,10.8758,Aligned,0.9777,0.9392,0.0023,-0.0118,-0.0017,29.5572,30.1846,78.1398,50.6149,26.5692,49.9765,77.5631,0.0,38.6696,18.818,No,0.0,0.0061,0.0389,Good,High,2.0544,10.0,10.0806,17.847,Safe,79.7588,27.8113,17.19,Aligned,30.5516,56.1621,Side Impact Potential,Urban,1.91,True,Commercial,Meets Safe System Standards,-0.0108,,False,26.8015,0.008,-0.0077,Aligned,28,Unnamed Road,1221
2917,Unnamed Road,Urban Road,URB-02917,2917,12.9342,77.4945,12.9341,77.4947,30.2,1166.8,1166.83,12.8716,Aligned,0.9557,0.9445,0.0256,0.0186,0.0086,39.6546,37.7458,45.5173,44.764,36.6458,49.7445,70.6118,0.3505,29.7933,30.5706,No,0.0,-0.0037,0.0197,Good,Medium,2.7406,10.0,30.731,26.8746,Moderate Risk,71.5689,39.6273,29.4027,Moderate Misalignment,42.3476,66.2665,Side Impact Potential,Urban,1.8766,False,Commercial,Active Congestion,0.7079,Severe,False,10.0,-0.0144,-0.0033,Aligned,39,Unnamed Road,1222
2918,Unnamed Road,Urban Road,URB-02918,2918,12.9287,77.4957,12.9289,77.4959,33.2,1167.2,1167.233,10.056,Aligned,0.9743,1.0084,-0.0102,-0.0161,0.0024,42.9681,41.6333,83.9607,33.8914,31.5275,70.2363,76.4569,0.0593,60.0,23.9258,No,0.0,-0.0004,0.1209,Good,Low,1.5409,10.0,10.0,22.6877,Safe,74.201,42.017,19.3627,Aligned,38.498,67.2693,Separated Traffic,Urban,4.9156,True,Mixed,Poor Infrastructure,0.0121,,False,35.9482,0.0189,0.009,Aligned,43,Unnamed Road,1223
2919,Unnamed Road,Urban Road,URB-02919,2919,12.9277,77.4952,12.9287,77.4957,124.3,1167.6,1167.724,33.2232,Moderate Misalignment,0.7635,0.2193,0.791,0.0344,0.0014,78.3822,81.621,96.1013,5.0041,15.3908,81.1165,54.714,0.0,59.6357,8.8018,No,0.0,-0.0026,-0.015,Poor,Low,0.0429,10.0,10.0832,24.7241,Moderate Risk,63.3034,78.1321,29.7802,Moderate Misalignment,83.0972,34.167,Separated Traffic,Rural,5.6547,True,Residential,Poor Infrastructure | Above Human Tolerance Limit,0.2013,Light,False,59.5313,-0.0027,0.0073,Moderate Misalignment,76,Unnamed Road,1224
2920,Unnamed Road,Urban Road,URB-02920,2920,12.9289,77.4959,12.929,77.4961,22.9,1168.0,1168.023,11.7195,Aligned,0.9477,0.902,0.0847,-0.0079,0.0152,38.2557,41.0456,51.8686,11.7871,21.167,48.6323,94.2787,0.0,39.8841,7.3913,No,0.0,0.0084,0.0093,Good,Medium,3.3682,10.0,10.0,21.281,Safe,72.3669,39.9457,18.432,Aligned,39.3271,57.2937,Side Impact Potential,Urban,1.7034,False,Commercial,Poor Infrastructure,0.0081,,False,33.1139,-0.0001,0.008,Aligned,40,Unnamed Road,1225
2921,Unnamed Road,Urban Road,URB-02921,2921,12.941,77.5065,12.9396,77.5077,203.1,1168.4,1168.603,14.8066,Aligned,0.8331,0.8142,0.153,0.0199,0.0044,66.5813,66.4313,98.7265,45.2493,33.1851,78.4026,70.524,0.0079,60.0,32.0506,No,0.0,-0.0082,0.9078,Good,Medium,0.4517,10.0,10.1366,21.6198,Safe,77.1912,65.2434,18.7616,Aligned,66.7819,52.4984,Separated Traffic,Peri-Urban,5.0194,True,Residential,Meets Safe System Standards,0.012,,False,60.121,0.0134,0.0156,Aligned,66,Unnamed Road,1226
2922,Unnamed Road,Urban Road,URB-02922,2922,12.9396,77.5077,12.9394,77.5078,33.9,1168.8,1168.834,37.8761,Moderate Misalignment,0.847,0.1389,0.8697,0.0345,-0.0036,29.6832,30.9418,80.9911,42.4045,35.6456,27.6083,75.2705,0.0,50.285,35.3688,No,0.0,0.0118,0.9931,Poor,Medium,1.3976,10.0,10.31,33.0605,Moderate Risk,61.2773,28.9752,46.4715,Moderate Misalignment,41.5015,59.6184,Significant Pedestrian Interaction,Urban,6.0632,False,Mixed,High Pedestrian Interaction | Above Human Tolerance Limit,-0.0249,,False,34.2413,-0.0194,-0.0,Moderate Misalignment,29,Unnamed Road,1227