segment_id,road_name,road_type,human_segment_id,internal_id,start_lat,start_lon,end_lat,end_lon,length_m,start_km,end_km,road_risk_score,ai_risk_label,ai_risk_probability,prob_low_risk,prob_medium_risk,prob_high_risk,prob_critical_risk,ai_recommended_speed,recommended_safe_speed,road_function_score,infrastructure_score,exposure_score,human_tolerance_limit,operating_speed_score,crash_risk_score,posted_speed_limit,pedestrian_exposure_score,blackspot_flag,crash_count,fatal_crashes,schools_count,lighting_quality,roadside_hazards,intersection_density,speed_compliance_rate,speed_violation_score,hotspot_score,hotspot_category,speed_safety_score,original_safe_speed,misalignment_score,misalignment_category,speed_p85,ptw_share_pct,exposure_tier,urban_rural_flag,lane_count,median_presence,land_use_type,top_ai_factors,congestion_index,congestion_category,congestion_smoothed,operating_speed_mean,minor_crashes,major_crashes,risk_category,final_safe_speed,corridor_base,corridor_seq
2923,Unnamed Road,Urban Road,URB-02923,2923,12.934,77.495,12.9341,77.4947,29.6,1169.2,1169.23,34.6888,Aligned,0.5243,0.5631,0.0792,0.3961,-0.0065,80.2655,79.7908,100.0,48.2268,26.1443,80.2812,17.8152,0.1467,60.0,21.1956,No,0.0,0.0011,0.0387,Good,High,0.5352,10.0,15.6909,22.8461,Safe,72.4864,79.514,30.9638,Moderate Misalignment,92.9628,50.8135,Separated Traffic,Peri-Urban,6.0673,True,Residential,Active Congestion,0.7631,Severe,False,27.0935,-0.003,-0.011,Aligned,81,Unnamed Road,1228
2924,Unnamed Road,Urban Road,URB-02924,2924,12.929,77.4961,12.9293,77.4961,38.2,1169.6,1169.638,24.8615,Aligned,0.5017,0.4851,0.4771,0.0135,0.0046,43.9024,43.5844,80.5144,14.3337,27.9343,48.223,94.3513,0.0506,41.2993,13.0889,No,0.0,0.0054,0.0393,Good,High,1.4039,10.0,10.0,24.131,Moderate Risk,69.1491,42.2378,23.5564,Aligned,43.5442,67.4919,Side Impact Potential,Urban,6.0087,False,Residential,Poor Infrastructure,-0.0066,,False,37.2009,0.0055,0.0037,Aligned,43,Unnamed Road,1229
2925,Unnamed Road,Urban Road,URB-02925,2925,12.9329,77.4969,12.9328,77.4972,35.3,1170.0,1170.035,8.7022,Aligned,1.0039,1.0181,-0.0109,-0.002,-0.0067,25.5681,23.3635,27.8527,14.8841,17.9663,49.8812,85.1759,0.0924,59.244,7.2451,No,0.0,0.0064,0.0265,Poor,Medium,2.9804,10.0,10.0,19.9696,Safe,72.7936,25.0261,18.1719,Aligned,24.8574,49.745,Side Impact Potential,Peri-Urban,0.9808,False,Residential,Poor Infrastructure,-0.0023,,False,22.2372,0.0069,0.0054,Aligned,26,Unnamed Road,1230
2926,Unnamed Road,Urban Road,URB-02926,2926,12.9329,77.4969,12.9334,77.4966,86.7,1170.4,1170.487,11.222,Aligned,0.9793,0.9851,0.0257,0.0137,0.005,37.4169,36.2115,57.1478,57.4362,45.3221,50.7524,90.2855,0.2267,38.5475,45.8575,No,0.0,0.0048,0.9441,Good,Low,3.5775,10.0,10.0279,24.5556,Safe,78.0913,36.6375,22.4986,Aligned,39.5833,61.5425,Side Impact Potential,Urban,2.2065,True,Commercial,Meets Safe System Standards,-0.0152,,False,32.33,0.0068,0.0066,Aligned,36,Unnamed Road,1231
2927,Unnamed Road,Urban Road,URB-02927,2927,12.9328,77.4972,12.9314,77.4967,156.1,1170.8,1170.956,11.0671,Aligned,0.9858,0.9703,0.0176,-0.006,-0.0027,39.8217,39.5585,80.8345,23.6985,30.3545,49.1107,70.6811,0.1459,49.891,17.9844,No,0.0,-0.0092,0.9912,Good,Low,1.6793,10.0,10.4635,22.8127,Safe,71.6264,38.4358,20.2071,Aligned,39.2921,66.2935,Side Impact Potential,Urban,2.9317,True,Residential,Poor Infrastructure,0.1738,Light,False,27.1378,0.0032,-0.017,Aligned,40,Unnamed Road,1232
2928,Unnamed Road,Urban Road,URB-02928,2928,12.9334,77.4966,12.9335,77.4962,36.2,1171.2,1171.236,16.1895,Aligned,0.7839,0.7424,0.1871,-0.0021,-0.0057,31.5294,29.1973,52.0043,1.7387,16.7971,49.2704,93.5271,0.027,29.9226,6.6787,No,0.0,0.011,-0.0282,Poor,Medium,1.5295,10.0,10.2185,22.8566,Safe,67.9161,29.3029,20.5357,Aligned,27.821,47.4443,Side Impact Potential,Rural,2.991,False,Mixed,Poor Infrastructure,-0.0043,,False,25.1691,0.025,0.0178,Aligned,33,Unnamed Road,1233
2929,Unnamed Road,Urban Road,URB-02929,2929,12.9293,77.4961,12.9312,77.4967,218.1,1171.6,1171.818,12.6303,Aligned,0.9365,0.9172,0.0341,0.0123,0.0068,23.4919,25.4207,30.3536,7.0158,17.4121,50.4686,96.6188,0.0,20.1158,4.3115,No,0.0,0.0031,-0.0599,Good,Low,2.6613,10.0,22.9599,23.7757,Safe,67.3074,26.6294,23.8065,Aligned,23.2013,50.51,Side Impact Potential,Peri-Urban,1.8939,False,Residential,Poor Infrastructure,0.0051,,False,23.4249,-0.0108,0.0074,Aligned,24,Unnamed Road,1234
2930,Unnamed Road,Urban Road,URB-02930,2930,12.9312,77.4967,12.9314,77.4967,23.4,1172.0,1172.023,10.2701,Aligned,0.9925,0.9557,0.0254,0.0026,-0.002,18.3751,18.4861,29.6221,0.6251,14.4688,50.0165,79.6435,0.5174,20.1414,7.2584,No,0.0,0.0023,-0.0445,Poor,Low,1.4426,10.0,10.6032,20.5797,Safe,69.8956,18.3984,17.8441,Aligned,21.3721,37.2879,Side Impact Potential,Rural,2.0967,False,Residential,Active Congestion | Poor Infrastructure,0.6268,Severe,False,10.6406,-0.0094,0.0015,Aligned,20,Unnamed Road,1235
2931,Unnamed Road,Urban Road,URB-02931,2931,12.9313,77.4972,12.9314,77.4967,54.6,1172.4,1172.455,9.6006,Aligned,0.9964,1.0436,0.0239,-0.0142,-0.0015,13.1716,21.5715,26.5816,1.3381,14.9398,49.1346,89.0079,0.2965,20.1158,5.6358,No,0.0,0.0023,0.0082,Poor,Low,1.7279,10.0,10.0,21.0317,Safe,69.4065,14.8419,18.9351,Aligned,17.7391,42.3514,Side Impact Potential,Rural,1.0934,False,Residential,Poor Infrastructure,0.0103,,False,10.6832,-0.0109,-0.0042,Aligned,13,Unnamed Road,1236
2932,Unnamed Road,Urban Road,URB-02932,2932,12.9308,77.4992,12.9308,77.499,24.0,1172.8,1172.824,44.1932,Moderate Misalignment,0.7035,0.0769,0.7044,0.1776,0.0024,50.4421,49.2534,100.0,43.8832,27.518,50.4224,77.5183,0.0,59.7778,15.0215,No,0.0,-0.0001,0.0072,Good,High,0.5819,10.0,10.018,35.2396,Moderate Risk,54.1235,51.3543,55.4602,High Misalignment,70.4956,68.9414,Side Impact Potential,Urban,6.916,False,Residential,Speed Limit Misaligned | Above Human Tolerance Limit,-0.0086,,False,65.441,0.0063,0.0044,Moderate Misalignment,48,Unnamed Road,1237
2933,Unnamed Road,Urban Road,URB-02933,2933,12.9308,77.4992,12.9304,77.4997,72.6,1173.2,1173.273,10.1636,Aligned,0.9534,0.9687,0.0317,0.0034,0.002,55.5048,51.1216,99.3324,1.5738,13.442,78.3576,57.8553,0.4735,60.0,3.4334,No,0.0,0.0031,-0.0356,Poor,Medium,-0.057,10.0,10.0,20.6391,Safe,68.8482,52.0618,18.8636,Aligned,51.8121,35.6668,Separated Traffic,Rural,4.8331,True,Residential,Poor Infrastructure,0.0041,,False,42.0907,-0.0009,0.0072,Aligned,52,Unnamed Road,1238
2934,Unnamed Road,Urban Road,URB-02934,2934,12.9301,77.5,12.9304,77.4997,39.4,1173.6,1173.639,24.3505,Aligned,0.5753,0.5611,0.4693,0.0183,-0.0063,51.0542,51.3479,46.2132,6.657,27.6329,50.5165,95.1251,0.3282,39.2757,14.7249,No,0.0,-0.0017,0.0231,Poor,Medium,3.7247,10.0,30.1547,30.009,Moderate Risk,60.8741,50.8891,34.1094,Moderate Misalignment,51.1009,64.8445,Side Impact Potential,Urban,2.2417,False,Industrial,Poor Infrastructure,-0.0348,,False,43.8649,0.0215,-0.0149,Aligned,50,Unnamed Road,1239
2935,Unnamed Road,Urban Road,URB-02935,2935,12.9152,77.4825,12.9165,77.483,152.9,1174.0,1174.153,11.4727,Aligned,0.9966,0.9828,0.0116,-0.0011,-0.0008,22.5747,22.6219,26.9879,14.8856,14.2868,50.2562,67.3868,0.4614,60.0,12.6089,No,0.0,0.0055,0.0397,Poor,Low,1.1231,10.0,10.2132,19.9995,Safe,72.7859,21.7987,16.5361,Aligned,21.6213,33.0805,Side Impact Potential,Rural,1.0194,False,Commercial,Active Congestion | Poor Infrastructure,0.6645,Severe,False,10.2233,-0.0041,-0.0031,Aligned,21,Unnamed Road,1240
2936,Unnamed Road,Urban Road,URB-02936,2936,12.9152,77.4825,12.9139,77.4821,157.0,1174.4,1174.557,15.1362,Aligned,0.8329,0.8331,0.1536,0.002,-0.0048,62.0479,62.9185,99.8035,9.4195,14.6473,81.2426,62.1625,0.1295,59.1071,7.455,No,0.0,0.0009,0.0323,Poor,Medium,0.4161,10.0,10.1357,18.7334,Safe,71.5688,61.4779,18.151,Aligned,63.7291,33.9561,Separated Traffic,Rural,5.0599,True,Mixed,Poor Infrastructure,0.2237,Light,False,45.0235,-0.0022,-0.0061,Aligned,62,Unnamed Road,1241
2937,Unnamed Road,Urban Road,URB-02937,2937,12.9152,77.4825,12.9141,77.482,138.9,1174.8,1174.939,11.4178,Aligned,0.9402,0.9361,0.0681,-0.0054,-0.0005,27.3543,22.093,31.099,4.6611,17.2665,50.7747,95.4336,0.0,21.1204,5.1037,No,0.0,-0.0037,0.0526,Good,Low,2.654,10.0,24.1657,23.8451,Safe,66.4932,23.8706,24.5675,Aligned,28.2101,49.8503,Side Impact Potential,Peri-Urban,1.9161,False,Residential,Poor Infrastructure,-0.0009,,False,23.7189,-0.0057,0.0044,Aligned,27,Unnamed Road,1242
2938,Unnamed Road,Urban Road,URB-02938,2938,12.9165,77.483,12.9174,77.4833,101.4,1175.2,1175.301,13.6196,Aligned,0.878,0.8858,0.1354,-0.006,0.0089,25.7905,26.4037,50.126,0.0,12.8504,48.743,64.1116,0.7321,40.2414,3.2786,No,0.0,0.0049,0.0032,Poor,Low,1.0129,10.0,10.6434,21.1549,Safe,69.6804,26.0114,17.9782,Aligned,26.1135,39.1956,Side Impact Potential,Rural,3.288,False,Residential,Active Congestion | Poor Infrastructure,0.7439,Severe,False,10.0,-0.0023,0.0001,Aligned,27,Unnamed Road,1243
2939,Unnamed Road,Urban Road,URB-02939,2939,12.9139,77.4821,12.9125,77.4818,157.3,1175.6,1175.757,27.7987,Moderate Misalignment,0.4901,0.457,0.495,0.0055,-0.0054,79.517,78.882,99.0204,0.0327,14.2519,80.6109,82.2435,0.0,59.1546,0.0902,No,0.0,0.0073,0.0342,Poor,Low,0.253,10.0,10.0,24.8796,Moderate Risk,60.9817,80.2721,31.0809,Moderate Misalignment,85.9345,40.5404,Separated Traffic,Rural,4.1216,True,Residential,Poor Infrastructure | Above Human Tolerance Limit,-0.0042,,False,80.2802,-0.01,0.003,Moderate Misalignment,79,Unnamed Road,1244
2940,Unnamed Road,Urban Road,URB-02940,2940,12.9301,77.5,12.9297,77.5004,61.6,1176.0,1176.062,11.9579,Aligned,0.9591,0.9058,0.0453,0.0037,0.0006,36.8469,39.3433,86.5907,10.7796,23.9871,67.9977,72.3714,0.3467,49.9021,14.4444,No,0.0,0.0036,-0.0297,Good,Medium,1.5957,10.0,10.0,23.1528,Safe,68.9989,37.9495,20.7795,Aligned,35.569,58.8253,Separated Traffic,Peri-Urban,5.9686,True,Industrial,Poor Infrastructure,0.1542,Light,False,32.8383,0.0047,0.0018,Aligned,39,Unnamed Road,1245
2941,Unnamed Road,Urban Road,URB-02941,2941,12.9228,77.4919,12.9226,77.4914,58.8,1176.4,1176.459,10.6341,Aligned,0.9782,0.9757,0.0261,-0.0187,-0.0046,26.5117,28.3972,80.6494,29.1042,28.3961,67.5709,71.5233,0.0,39.198,15.1198,No,0.0,-0.0035,0.0724,Poor,Low,1.5553,10.0,10.0,21.934,Safe,75.2346,23.2569,20.1693,Aligned,27.874,66.5362,Separated Traffic,Urban,2.1589,True,Mixed,Poor Infrastructure,-0.0266,,False,21.2488,0.0046,0.0051,Aligned,28,Unnamed Road,1246
2942,Unnamed Road,Urban Road,URB-02942,2942,12.9231,77.4923,12.9228,77.4919,57.9,1176.8,1176.858,14.2995,Aligned,0.9007,0.8924,0.1018,0.0119,0.0024,20.4554,19.2158,40.7887,0.5871,11.6025,69.9888,95.9354,0.2217,20.0,0.1346,No,0.0,-0.0067,0.0384,Poor,Medium,0.6445,10.0,10.0341,19.5068,Safe,69.8569,19.3835,16.7246,Aligned,21.0378,36.8588,Separated Traffic,Rural,1.976,True,Residential,Poor Infrastructure,0.0258,,False,15.6913,0.0007,-0.0101,Aligned,20,Unnamed Road,1247
2943,Unnamed Road,Urban Road,URB-02943,2943,12.9223,77.4905,12.9226,77.4914,103.8,1177.2,1177.304,10.141,Aligned,1.0089,0.9902,0.0294,0.0011,-0.0077,18.2673,21.4818,24.57,6.8453,16.3579,51.8413,76.361,0.0,29.7445,3.0677,No,0.0,-0.0034,0.0613,Poor,High,3.179,10.0,10.0,20.8606,Safe,71.5496,18.7058,17.2257,Aligned,19.8142,51.2649,Side Impact Potential,Peri-Urban,0.9313,False,Residential,Poor Infrastructure,0.2167,Light,False,15.0102,-0.0047,0.0078,Aligned,19,Unnamed Road,1248
2944,Unnamed Road,Urban Road,URB-02944,2944,12.9328,77.5064,12.9325,77.5066,49.4,1177.6,1177.649,16.4373,Aligned,0.8411,0.8843,0.1973,0.0001,-0.0016,37.0474,35.7305,26.9455,10.7387,13.9367,50.4958,94.8601,0.4935,28.7318,6.872,No,0.0,0.0084,0.0645,Good,Medium,2.1676,10.0,28.1572,21.6507,Safe,67.5377,40.5818,25.0361,Aligned,35.15,32.9337,Side Impact Potential,Rural,0.965,False,Residential,Poor Infrastructure,0.0091,,False,33.1864,-0.0011,0.0159,Aligned,37,Unnamed Road,1249
2945,Unnamed Road,Urban Road,URB-02945,2945,12.9316,77.5063,12.9325,77.5066,109.2,1178.0,1178.109,40.5195,Moderate Misalignment,0.9629,0.0073,0.9516,0.0314,-0.0001,82.6293,79.5297,99.0569,26.3384,26.1656,79.7071,97.8003,0.2537,58.7072,12.897,No,0.0,-0.0018,-0.0254,Good,High,0.4382,10.0,16.7595,27.2471,Moderate Risk,65.7141,79.0154,32.5519,Moderate Misalignment,95.0116,61.2735,Separated Traffic,Peri-Urban,5.9804,True,Residential,Poor Infrastructure,0.0135,,False,83.2428,0.0088,-0.0002,Moderate Misalignment,84,Unnamed Road,1250
2946,Unnamed Road,Urban Road,URB-02946,2946,12.9109,77.4802,12.911,77.4807,55.4,1178.4,1178.455,14.4243,Aligned,0.9398,0.9217,0.0627,0.0021,0.0058,21.8342,19.7922,50.8384,18.9616,20.4562,50.5493,76.0023,0.7574,29.7477,18.389,No,0.0,-0.0014,-0.0488,Good,Low,0.6916,10.0,10.1286,20.4056,Safe,73.4703,20.0995,17.8002,Aligned,20.5941,37.0273,Side Impact Potential,Rural,3.2259,False,Industrial,Poor Infrastructure,0.2155,Light,False,15.5252,-0.0029,0.0152,Aligned,21,Unnamed Road,1251
2947,Unnamed Road,Urban Road,URB-02947,2947,12.9383,77.5086,12.9394,77.5078,141.4,1178.8,1178.941,34.8802,Moderate Misalignment,0.7936,0.1675,0.7935,0.0103,-0.0007,59.5322,57.6165,99.1564,25.9859,26.6109,80.9747,37.9386,0.0,60.0,16.2957,No,0.0,-0.0011,0.0514,Poor,Low,0.5055,10.0,10.0,26.452,Moderate Risk,65.9148,55.691,32.5199,Moderate Misalignment,57.0526,58.551,Separated Traffic,Peri-Urban,5.9704,True,Industrial,Poor Infrastructure | Above Human Tolerance Limit,0.0089,,False,48.454,0.0043,-0.0084,Moderate Misalignment,62,Unnamed Road,1252
2948,Unnamed Road,Urban Road,URB-02948,2948,12.9313,77.5064,12.9316,77.5063,42.2,1179.2,1179.242,37.7863,Aligned,0.5678,0.5339,0.0141,0.3918,0.0004,80.9687,79.3648,100.0,5.7928,15.7378,82.518,68.8722,0.2037,59.8467,6.9997,No,0.0,-0.0083,0.0213,Poor,Low,0.2047,10.0,31.1749,37.754,Moderate Risk,44.7149,79.8497,61.1474,High Misalignment,120.0,43.0932,Separated Traffic,Rural,4.9431,True,Commercial,Speed Limit Misaligned | Poor Infrastructure | Above Human Tolerance Limit,-0.0011,,False,109.6658,0.0083,-0.0125,Aligned,80,Unnamed Road,1253
2949,Unnamed Road,Urban Road,URB-02949,2949,12.9277,77.4987,12.9254,77.4993,272.1,1179.6,1179.872,39.0068,Moderate Misalignment,0.801,0.1171,0.8418,0.0785,-0.002,78.1865,81.6036,99.7264,20.7142,17.7004,80.193,85.5077,0.3261,60.0,9.1602,No,0.0,-0.0024,0.0182,Poor,Medium,0.2822,10.0,10.1014,24.2082,Safe,65.9307,81.7483,29.5863,Moderate Misalignment,84.755,43.7382,Separated Traffic,Rural,5.1048,True,Residential,Poor Infrastructure | Above Human Tolerance Limit,-0.0209,,False,77.7999,0.0044,-0.005,Moderate Misalignment,79,Unnamed Road,1254
2950,Unnamed Road,Urban Road,URB-02950,2950,12.9283,77.4987,12.9277,77.4987,70.2,1180.0,1180.07,9.5351,Aligned,0.9911,0.9867,-0.0198,0.0051,0.0104,21.8827,20.4196,55.6813,1.0795,17.9677,50.8928,79.3855,0.0,38.644,11.8694,No,0.0,-0.0009,-0.0325,Poor,Low,0.6857,10.0,10.0,21.7807,Safe,68.2766,19.2539,18.4465,Aligned,21.6692,37.076,Side Impact Potential,Rural,3.9652,False,Residential,Poor Infrastructure,-0.0006,,False,15.5839,-0.0067,-0.0057,Aligned,20,Unnamed Road,1255
2951,Unnamed Road,Urban Road,URB-02951,2951,12.9319,77.4921,12.9317,77.493,104.2,1180.4,1180.504,10.7149,Aligned,0.9823,0.9908,-0.0009,0.0013,-0.0068,47.2636,49.559,70.794,64.2967,32.8489,49.4158,84.7731,0.2787,49.7384,27.9566,No,0.0,0.0086,-0.0105,Poor,High,1.823,10.0,10.0647,18.9657,Safe,83.856,47.5274,15.4864,Aligned,50.1277,59.3311,Side Impact Potential,Urban,2.0822,False,Industrial,Meets Safe System Standards,0.0061,,False,37.8494,0.0013,0.0057,Aligned,48,Unnamed Road,1256
2952,Unnamed Road,Urban Road,URB-02952,2952,12.9307,77.4937,12.9317,77.493,135.1,1180.8,1180.935,9.2801,Aligned,0.9834,0.997,-0.0046,0.0006,0.0037,24.4777,20.8367,63.3395,29.4576,27.421,50.6444,81.5248,0.0,28.193,18.4504,No,0.0,0.0032,0.0481,Good,Low,3.0458,10.0,10.2164,21.4775,Safe,75.055,21.7454,20.4937,Aligned,23.4893,59.3841,Side Impact Potential,Urban,3.9088,True,Industrial,Poor Infrastructure,0.1298,Light,False,16.2598,0.0269,0.0118,Aligned,23,Unnamed Road,1257
2953,Unnamed Road,Urban Road,URB-02953,2953,12.9211,77.4879,12.9212,77.4881,29.7,1181.2,1181.23,11.8701,Aligned,0.9149,0.8845,0.0743,-0.0005,-0.0018,27.2221,28.8449,52.8795,21.5066,26.9768,48.6194,87.5798,0.0,29.9158,14.618,No,0.0,0.0075,-0.0083,Good,Low,3.4651,10.0,10.0,22.1978,Safe,72.2688,28.0763,18.9885,Aligned,27.2715,67.8787,Side Impact Potential,Urban,2.8605,False,Commercial,Poor Infrastructure,0.0079,,False,21.2708,0.0107,0.0122,Aligned,27,Unnamed Road,1258
2954,Unnamed Road,Urban Road,URB-02954,2954,12.9204,77.4863,12.9211,77.4879,182.4,1181.6,1181.782,15.3138,Aligned,0.8211,0.829,0.1017,0.0208,-0.0147,70.8349,63.2667,99.3963,0.3693,16.3203,78.8157,79.4596,40.437,60.0,4.9972,Yes,0.0,1.0064,0.0124,Good,Medium,0.2098,10.0,10.0,31.7171,Moderate Risk,60.8493,71.7188,18.1034,Aligned,70.0788,47.3962,Separated Traffic,Rural,5.8623,True,Residential,Poor Infrastructure,0.0069,,False,65.5503,0.0047,-0.0096,Aligned,71,Unnamed Road,1259
2955,Unnamed Road,Urban Road,URB-02955,2955,12.9233,77.4929,12.9234,77.4931,25.8,1182.0,1182.026,75.4907,High Misalignment,0.9912,0.0036,-0.0078,0.9584,-0.0005,49.4273,51.8064,96.2635,6.8432,24.9902,49.7216,10.0,0.0,60.0,9.4981,No,0.0,-0.0004,-0.0055,Good,High,0.588,10.0,10.0,39.2719,Moderate Risk,46.5591,51.7235,60.8091,High Misalignment,64.5297,67.7167,Side Impact Potential,Urban,4.127,False,Residential,Speed Limit Misaligned | Active Congestion | Poor Infrastructure,0.7867,Severe,False,16.0873,-0.0066,-0.0222,High Misalignment,49,Unnamed Road,1260
2956,Unnamed Road,Urban Road,URB-02956,2956,12.9231,77.4923,12.9233,77.4929,64.9,1182.4,1182.465,32.8889,Moderate Misalignment,0.7815,0.2239,0.7338,0.0009,-0.0046,46.3497,50.4444,69.05,7.999,22.2907,48.9292,99.7151,0.0,49.137,11.2361,No,0.0,0.0078,0.0188,Poor,High,1.906,10.0,26.3106,28.4015,Moderate Risk,61.9519,51.5545,34.5343,Moderate Misalignment,61.6844,52.1936,Side Impact Potential,Peri-Urban,2.2434,False,Residential,Poor Infrastructure,0.1673,Light,False,49.2055,0.0016,-0.0102,Moderate Misalignment,48,Unnamed Road,1261
2957,Unnamed Road,Urban Road,URB-02957,2957,12.9378,77.5101,12.9383,77.5086,182.5,1182.8,1182.982,14.4856,Aligned,0.8946,0.8762,0.0969,0.0221,0.0031,45.3754,45.7867,100.0,0.4981,13.8933,79.9992,60.0443,0.3143,60.0,2.4841,No,0.0,0.0019,0.0326,Good,High,0.2366,10.0,10.0,21.6694,Safe,69.5416,47.0189,17.5511,Aligned,45.2035,45.6796,Separated Traffic,Peri-Urban,6.1101,True,Residential,Poor Infrastructure,0.1983,Light,False,33.5893,0.0021,-0.0046,Aligned,43,Unnamed Road,1262
2958,Unnamed Road,Urban Road,URB-02958,2958,12.9335,77.496,12.9335,77.4962,23.9,1183.2,1183.224,39.3995,Moderate Misalignment,0.9505,0.0215,1.0054,0.0082,-0.007,79.9524,82.1605,99.7583,36.5601,27.6826,80.5963,10.0385,0.0,60.0,21.4601,No,0.0,0.0005,-0.007,Poor,Medium,0.3602,10.0,10.0,30.6864,Moderate Risk,60.5331,80.2058,43.9327,Moderate Misalignment,99.4946,50.9357,Separated Traffic,Peri-Urban,7.8147,True,Commercial,Active Congestion | Above Human Tolerance Limit,0.8238,Severe,False,22.8699,-0.0037,-0.0076,Moderate Misalignment,77,Unnamed Road,1263
2959,Unnamed Road,Urban Road,URB-02959,2959,12.9256,77.4914,12.9263,77.4918,82.3,1183.6,1183.682,10.4835,Aligned,1.0045,1.0222,-0.0122,0.0117,-0.0013,35.0141,33.3971,27.0802,0.0,17.2529,50.8327,69.3802,0.2901,32.5924,9.2706,No,0.0,-0.0049,0.0127,Good,Medium,0.8945,10.0,10.114,22.0146,Safe,67.3806,31.0252,19.5546,Aligned,30.6476,42.6396,Side Impact Potential,Rural,0.8961,False,Residential,Active Congestion | Poor Infrastructure,0.6746,Severe,False,10.0,0.0082,-0.0004,Aligned,34,Unnamed Road,1264
2960,Unnamed Road,Urban Road,URB-02960,2960,12.9256,77.4914,12.9253,77.4912,46.9,1184.0,1184.047,41.9593,Moderate Misalignment,0.9564,0.0,0.9346,0.0185,-0.0127,29.5522,29.1258,77.3758,60.1616,52.6936,29.7629,94.0182,0.1449,40.231,58.3256,No,0.0,0.0002,1.0718,Good,Medium,1.3465,10.0,10.6978,33.7844,Moderate Risk,67.7896,30.8873,40.9924,Moderate Misalignment,45.4751,67.2974,Significant Pedestrian Interaction,Urban,3.9299,False,Commercial,High Pedestrian Interaction | Above Human Tolerance Limit,-0.0153,,False,34.0026,0.0175,-0.0126,Moderate Misalignment,27,Unnamed Road,1265
2961,Unnamed Road,Urban Road,URB-02961,2961,12.9263,77.4918,12.9266,77.4919,33.7,1184.4,1184.434,17.902,Aligned,0.7597,0.7325,0.1728,0.0255,0.0022,46.9706,45.9241,100.0,15.7816,13.9862,81.135,58.1854,4.3504,60.0,4.5997,No,0.0,-0.004,-0.03,Poor,High,0.2786,10.0,10.0,20.1263,Safe,71.2569,46.6888,16.2469,Aligned,48.9346,38.902,Separated Traffic,Rural,7.1117,True,Residential,Poor Infrastructure,-0.0049,,False,41.8909,1.0049,-0.0104,Aligned,49,Unnamed Road,1266
2962,Unnamed Road,Urban Road,URB-02962,2962,12.9253,77.4912,12.9247,77.4907,83.4,1184.8,1184.883,13.9116,Aligned,0.8966,0.9101,0.0747,0.0267,-0.0152,64.3859,60.0482,99.4061,13.795,31.6534,80.2503,69.6888,0.0,60.0,28.7867,No,0.0,0.0064,1.0272,Poor,Medium,0.4646,10.0,10.0,25.3594,Moderate Risk,69.5697,63.7777,20.9269,Aligned,64.379,62.0622,Separated Traffic,Peri-Urban,3.8593,True,Mixed,Poor Infrastructure,0.0353,,False,49.7696,-0.0072,0.0058,Aligned,62,Unnamed Road,1267
2963,Unnamed Road,Urban Road,URB-02963,2963,12.9177,77.4834,12.9174,77.4833,37.8,1185.2,1185.238,74.6326,High Misalignment,0.9617,-0.0438,0.0482,0.9479,0.0046,31.6015,31.5967,85.6303,66.6233,42.4207,28.3694,100.0,0.1725,51.2526,38.9653,No,0.0,0.0004,0.0796,Good,Medium,2.2872,10.0,26.4324,36.9841,Moderate Risk,57.3331,29.3076,59.4169,High Misalignment,64.189,67.7075,Significant Pedestrian Interaction,Urban,5.0135,True,Residential,Speed Limit Misaligned | High Pedestrian Interaction | Above Human Tolerance Limit,0.1616,Light,False,50.5043,-0.0026,0.026,High Misalignment,32,Unnamed Road,1268
2964,Unnamed Road,Urban Road,URB-02964,2964,12.9177,77.4834,12.9187,77.4842,140.5,1185.6,1185.741,41.875,Moderate Misalignment,0.9927,0.0259,1.0089,0.0106,0.0083,28.9047,29.5238,68.6622,19.6434,41.3211,29.7439,98.1641,0.0023,41.0743,46.0054,No,0.0,0.0024,0.9703,Good,Low,1.9703,10.0,22.4767,37.5565,Moderate Risk,54.3913,27.8596,45.4097,Moderate Misalignment,50.7357,53.6193,Significant Pedestrian Interaction,Peri-Urban,1.7959,False,Industrial,High Pedestrian Interaction | Poor Infrastructure | Above Human Tolerance Limit,-0.0054,,False,41.0067,0.0034,0.0192,Moderate Misalignment,28,Unnamed Road,1269
2965,Unnamed Road,Urban Road,URB-02965,2965,12.9187,77.4842,12.9202,77.4858,238.2,1186.0,1186.238,34.4039,Moderate Misalignment,0.7421,0.224,0.7766,-0.0053,0.0033,29.2128,31.3795,48.9013,37.5275,46.1796,28.8039,98.4774,0.3112,30.9752,51.6938,No,0.0,0.0038,1.0128,Good,Medium,3.4402,10.0,23.1568,30.4868,Moderate Risk,68.1348,30.9131,31.2049,Moderate Misalignment,36.1979,54.5758,Significant Pedestrian Interaction,Urban,1.749,False,Commercial,High Pedestrian Interaction,-0.0141,,False,27.6227,-0.0083,0.0153,Moderate Misalignment,30,Unnamed Road,1270
2966,Unnamed Road,Urban Road,URB-02966,2966,12.9274,77.4923,12.9271,77.4922,36.5,1186.4,1186.437,33.0673,Moderate Misalignment,0.7749,0.2316,0.7635,0.0106,0.0056,34.6338,34.5909,56.11,0.0678,20.5829,50.9434,99.8004,0.0,29.1578,8.004,No,0.0,0.0048,-0.0065,Poor,High,1.7335,10.0,19.5321,25.329,Moderate Risk,65.1617,37.3658,25.2395,Moderate Misalignment,31.8008,52.1952,Side Impact Potential,Peri-Urban,2.0349,True,Commercial,Poor Infrastructure,-0.0059,,False,31.33,-0.0068,-0.0064,Moderate Misalignment,35,Unnamed Road,1271