segment_id,road_name,road_type,human_segment_id,internal_id,start_lat,start_lon,end_lat,end_lon,length_m,start_km,end_km,road_risk_score,ai_risk_label,ai_risk_probability,prob_low_risk,prob_medium_risk,prob_high_risk,prob_critical_risk,ai_recommended_speed,recommended_safe_speed,road_function_score,infrastructure_score,exposure_score,human_tolerance_limit,operating_speed_score,crash_risk_score,posted_speed_limit,pedestrian_exposure_score,blackspot_flag,crash_count,fatal_crashes,schools_count,lighting_quality,roadside_hazards,intersection_density,speed_compliance_rate,speed_violation_score,hotspot_score,hotspot_category,speed_safety_score,original_safe_speed,misalignment_score,misalignment_category,speed_p85,ptw_share_pct,exposure_tier,urban_rural_flag,lane_count,median_presence,land_use_type,top_ai_factors,congestion_index,congestion_category,congestion_smoothed,operating_speed_mean,minor_crashes,major_crashes,risk_category,final_safe_speed,corridor_base,corridor_seq
2967,Unnamed Road,Urban Road,URB-02967,2967,12.9274,77.4923,12.9277,77.4924,38.7,1186.8,1186.839,37.2211,Moderate Misalignment,0.8951,0.0692,0.8582,-0.0152,0.0003,49.346,51.2526,54.3137,26.6801,32.8319,50.7326,99.0949,0.1654,40.7379,24.4515,No,0.0,0.004,0.0327,Poor,Low,2.974,10.0,28.011,28.5958,Moderate Risk,66.1186,48.5267,31.877,Moderate Misalignment,49.9641,57.4612,Side Impact Potential,Urban,4.0353,False,Mixed,Poor Infrastructure,0.1676,Light,False,43.1818,-0.0013,0.0066,Moderate Misalignment,50,Unnamed Road,1272
2968,Unnamed Road,Urban Road,URB-02968,2968,12.9269,77.4921,12.9271,77.4922,32.2,1187.2,1187.232,12.9662,Aligned,0.9969,0.9727,0.0195,-0.0184,-0.0035,22.4988,24.3575,54.3925,23.8678,22.191,51.0103,82.6693,0.4722,31.0913,18.2223,No,0.0,0.0027,-0.0077,Poor,Low,1.3105,10.0,10.1403,20.0244,Safe,73.9539,23.5802,18.0193,Aligned,21.0457,41.7513,Side Impact Potential,Rural,3.9319,False,Residential,Approach to Congestion (Tapered) | Poor Infrastructure,-0.01,,True,19.9051,0.0022,-0.0026,Aligned,23,Unnamed Road,1273
2969,Unnamed Road,Urban Road,URB-02969,2969,12.9277,77.4924,12.9285,77.4927,99.6,1187.6,1187.7,11.2124,Aligned,0.9877,1.0024,0.0386,-0.0009,0.0112,19.426,19.4214,64.2507,1.2466,20.4409,49.5565,82.8491,0.022,30.2061,2.6646,No,0.0,-0.0019,0.0072,Poor,Medium,3.5499,10.0,10.0,22.9011,Safe,67.5057,21.1188,18.4447,Aligned,20.4847,65.1023,Side Impact Potential,Urban,3.1645,True,Commercial,Poor Infrastructure,-0.0103,,False,15.6821,0.024,0.013,Aligned,19,Unnamed Road,1274
2970,Unnamed Road,Urban Road,URB-02970,2970,12.9285,77.4928,12.9277,77.4924,100.0,1188.0,1188.1,9.139,Aligned,0.932,0.8989,0.0898,-0.0018,-0.0075,29.3747,27.1191,53.5228,9.0183,21.8721,47.8215,87.7907,0.4659,32.2793,7.9569,No,0.0,-0.0011,0.0205,Good,Medium,3.7419,10.0,10.4451,22.3355,Safe,70.0957,28.4548,19.6249,Aligned,26.2422,62.7937,Side Impact Potential,Urban,1.9752,False,Residential,Poor Infrastructure,0.1462,Light,False,24.8956,0.0125,0.0017,Aligned,30,Unnamed Road,1275
2971,Unnamed Road,Urban Road,URB-02971,2971,12.93,77.4935,12.9293,77.4932,91.9,1188.4,1188.492,11.5869,Aligned,0.9821,0.9923,-0.0048,-0.0085,0.0091,28.0575,26.0064,52.7703,1.3395,17.0141,48.1551,86.9442,0.0,29.5637,7.6823,No,0.0,-0.0041,0.0537,Poor,Medium,1.519,10.0,10.0332,21.4549,Safe,68.7962,27.3968,17.9109,Aligned,27.5689,43.7059,Side Impact Potential,Rural,2.1492,False,Residential,Poor Infrastructure,-0.0067,,False,21.1201,-0.0014,0.0244,Aligned,27,Unnamed Road,1276
2972,Unnamed Road,Urban Road,URB-02972,2972,12.9293,77.4932,12.9285,77.4928,96.0,1188.8,1188.896,13.1609,Aligned,0.9052,0.9055,0.104,0.0065,0.005,56.9576,56.8101,100.0,34.4798,24.8844,80.1598,74.3072,0.3731,60.0,11.327,No,0.0,0.0075,0.0455,Good,High,0.6891,10.0,10.0,19.4759,Safe,76.6357,57.4889,16.0218,Aligned,53.9387,59.4404,Separated Traffic,Urban,4.1065,True,Residential,Meets Safe System Standards,0.0256,,False,52.7277,-0.0079,-0.0115,Aligned,58,Unnamed Road,1277
2973,Unnamed Road,Urban Road,URB-02973,2973,12.9269,77.4921,12.9266,77.4919,36.9,1189.2,1189.237,31.2755,Moderate Misalignment,0.6874,0.2806,0.7347,0.0043,-0.0092,38.2311,38.8111,55.9072,10.8035,23.3865,49.0619,93.7772,0.0,39.5518,16.8307,No,0.0,-0.0004,-0.0154,Poor,High,0.7807,10.0,27.0187,25.4262,Moderate Risk,66.0732,38.0301,28.5799,Moderate Misalignment,36.0189,44.7749,Side Impact Potential,Rural,3.7334,False,Industrial,Poor Infrastructure,0.0046,,False,32.4536,-0.009,0.0105,Moderate Misalignment,38,Unnamed Road,1278
2974,Unnamed Road,Urban Road,URB-02974,2974,12.9307,77.4937,12.93,77.4935,73.1,1189.6,1189.673,13.3551,Aligned,0.9822,0.965,0.0334,-0.0097,-0.0058,49.7524,48.4408,66.3419,65.6522,33.9804,50.1667,85.6352,0.0,48.9336,30.3296,No,0.0,0.008,-0.035,Poor,High,1.8878,10.0,10.14,18.1003,Safe,82.4447,49.2598,17.0132,Aligned,48.5924,59.7386,Side Impact Potential,Urban,1.7438,False,Industrial,Meets Safe System Standards,0.0005,,False,40.112,0.0018,0.0125,Aligned,50,Unnamed Road,1279
2975,Unnamed Road,Urban Road,URB-02975,2975,12.9301,77.4934,12.9304,77.4935,38.2,1190.0,1190.038,26.5398,Moderate Misalignment,0.5552,0.4537,0.5652,0.0191,0.0086,50.83,50.0183,51.4924,20.1819,19.694,51.5775,94.9762,1.0599,38.4534,10.1625,No,0.0,0.0047,-0.0342,Poor,Low,2.1314,10.0,23.8733,24.2451,Safe,67.3176,50.094,26.1832,Moderate Misalignment,49.6181,51.2557,Side Impact Potential,Peri-Urban,2.9711,False,Commercial,Poor Infrastructure,0.0197,,False,44.7233,0.0034,-0.0169,Moderate Misalignment,51,Unnamed Road,1280
2976,Unnamed Road,Urban Road,URB-02976,2976,12.9293,77.4931,12.9301,77.4934,91.9,1190.4,1190.492,16.5886,Aligned,0.8824,0.9267,0.0717,0.0067,-0.009,23.554,25.2547,53.4022,34.6098,45.2726,48.7208,87.2715,0.0,30.9223,41.702,No,0.0,-0.0045,1.9869,Good,Medium,2.6721,10.0,10.0,27.3594,Moderate Risk,71.475,26.1225,23.7299,Aligned,27.0153,65.4888,Side Impact Potential,Urban,3.6032,False,Commercial,Poor Infrastructure,-0.0103,,False,21.8663,0.0075,-0.0103,Aligned,25,Unnamed Road,1281
2977,Unnamed Road,Urban Road,URB-02977,2977,12.9304,77.4935,12.9307,77.4937,46.7,1190.8,1190.847,11.2115,Aligned,0.9967,0.9819,0.0079,-0.0206,-0.0045,26.0693,23.2096,27.2484,10.7501,22.397,48.4567,86.7158,0.0,29.6693,8.4758,No,0.0,0.0005,0.0167,Good,Medium,2.8751,10.0,10.1557,21.4465,Safe,71.052,25.4281,18.7891,Aligned,23.5064,60.4758,Side Impact Potential,Peri-Urban,1.0289,False,Mixed,Poor Infrastructure,-0.0084,,False,19.9968,-0.0084,0.015,Aligned,28,Unnamed Road,1282
2978,Unnamed Road,Urban Road,URB-02978,2978,12.9285,77.4927,12.929,77.4929,56.4,1191.2,1191.256,14.2009,Aligned,0.9063,0.8921,0.0802,-0.0011,0.0001,41.1632,40.245,100.0,23.7723,24.6892,79.3196,58.4434,0.0,60.0,18.7884,No,0.0,0.0006,-0.0053,Good,High,0.235,10.0,10.9903,21.462,Safe,74.0056,39.0516,19.6612,Aligned,37.7154,48.7399,Separated Traffic,Peri-Urban,4.1116,True,Residential,Poor Infrastructure,-0.0112,,False,33.1242,-0.0155,-0.0124,Aligned,41,Unnamed Road,1283
2979,Unnamed Road,Urban Road,URB-02979,2979,12.9238,77.4915,12.9237,77.4937,235.4,1191.6,1191.835,11.9097,Aligned,0.9789,0.9852,0.0223,0.0206,0.0033,44.6282,45.428,72.1188,34.5579,35.2954,50.7659,85.4104,0.2163,51.5116,34.5408,No,0.0,-0.0021,2.0065,Poor,Low,1.9306,10.0,10.0,24.524,Safe,73.8608,44.0765,19.0957,Aligned,43.1865,59.9851,Side Impact Potential,Urban,2.9431,False,Residential,Poor Infrastructure,0.0176,,False,38.6091,-0.0131,-0.0006,Aligned,45,Unnamed Road,1284
2980,Unnamed Road,Urban Road,URB-02980,2980,12.9235,77.4908,12.9238,77.4915,94.7,1192.0,1192.095,9.0606,Aligned,0.9973,0.9661,-0.0225,0.0012,-0.0013,18.7495,20.3294,30.9468,30.4954,26.6429,49.3011,75.349,0.2659,21.1062,18.8598,No,0.0,-0.008,-0.0167,Poor,Medium,3.365,10.0,10.0,21.0045,Safe,75.4399,18.0684,16.6555,Aligned,20.338,51.5088,Side Impact Potential,Peri-Urban,2.0753,False,Residential,Active Congestion | Poor Infrastructure,0.7213,Severe,False,10.4137,0.0181,-0.0049,Aligned,19,Unnamed Road,1285
2981,Unnamed Road,Urban Road,URB-02981,2981,12.9237,77.4937,12.9237,77.4939,30.0,1192.4,1192.43,9.915,Aligned,0.9454,0.9931,0.0382,0.0039,-0.0165,42.1349,44.1064,55.7691,24.2913,34.6616,50.5803,76.1019,0.2492,60.0,25.2115,No,0.0,0.0009,0.8754,Good,Low,2.7333,10.0,10.0,24.7153,Safe,73.7822,43.1835,21.3839,Aligned,42.675,65.7679,Side Impact Potential,Urban,4.1467,False,Commercial,Poor Infrastructure,0.1677,Light,False,35.1172,-0.0012,-0.0036,Aligned,45,Unnamed Road,1286
2982,Unnamed Road,Urban Road,URB-02982,2982,12.9234,77.4931,12.9237,77.4937,69.0,1192.8,1192.869,9.2028,Aligned,0.9885,0.9318,0.0308,-0.0064,0.0001,18.3706,19.9599,47.2881,30.0659,30.554,50.1655,81.0434,0.0,30.5491,18.1857,No,0.0,0.0052,0.0305,Good,Low,3.622,10.0,10.0,22.3246,Safe,75.0577,21.7048,19.4942,Aligned,16.6465,65.7158,Side Impact Potential,Urban,1.8409,False,Commercial,Poor Infrastructure,-0.0298,,False,16.017,0.0014,-0.0024,Aligned,17,Unnamed Road,1287
2983,Unnamed Road,Urban Road,URB-02983,2983,12.9274,77.4932,12.9282,77.4935,95.1,1193.2,1193.295,37.1227,Moderate Misalignment,0.8992,0.116,0.872,0.0185,0.0091,25.5621,25.9474,26.5913,56.1175,41.4686,28.3289,96.9621,0.0316,20.2398,45.7001,No,0.0,0.011,2.9602,Poor,High,2.7239,10.0,31.0048,25.1324,Moderate Risk,75.9134,28.0713,26.9564,Moderate Misalignment,28.0776,56.5774,Significant Pedestrian Interaction,Peri-Urban,0.9401,False,Industrial,High Pedestrian Interaction,-0.0139,,False,23.2656,-0.0011,-0.0127,Moderate Misalignment,25,Unnamed Road,1288
2984,Unnamed Road,Urban Road,URB-02984,2984,12.9274,77.4932,12.927,77.4943,124.9,1193.6,1193.725,34.467,Moderate Misalignment,0.843,0.191,0.7948,0.0009,0.0036,51.0468,49.576,52.4168,15.4997,21.7413,48.3728,96.9671,0.5005,39.5507,5.3568,No,0.0,-0.0068,-0.0023,Good,High,2.2783,10.0,29.7999,26.2807,Moderate Risk,64.2406,47.9599,30.1626,Moderate Misalignment,52.6353,57.2454,Side Impact Potential,Peri-Urban,3.7824,False,Industrial,Poor Infrastructure,-0.0055,,False,41.0691,0.0014,0.016,Moderate Misalignment,51,Unnamed Road,1289
2985,Unnamed Road,Urban Road,URB-02985,2985,12.9282,77.4935,12.9287,77.4938,65.4,1194.0,1194.065,14.3004,Aligned,0.9065,0.9381,0.1117,0.0094,0.01,40.4864,39.8988,52.9843,16.5736,30.2696,49.6458,88.4606,0.0,38.0573,19.7473,No,0.0,0.0004,-0.0153,Poor,Low,1.5716,10.0,10.1465,23.3779,Safe,72.1306,41.1419,21.1495,Aligned,40.17,59.5685,Side Impact Potential,Peri-Urban,3.1193,False,Residential,Poor Infrastructure,0.0075,,False,31.3387,-0.0029,0.0017,Aligned,41,Unnamed Road,1290
2986,Unnamed Road,Urban Road,URB-02986,2986,12.9204,77.4863,12.9202,77.4858,66.6,1194.4,1194.467,35.3389,Moderate Misalignment,0.8481,0.1367,0.864,0.0152,0.0017,63.1757,60.3927,98.3609,3.8407,16.8606,80.5004,39.2456,0.0035,60.0,6.5163,No,0.0,0.0031,-0.0492,Poor,High,0.418,10.0,10.0,26.4721,Moderate Risk,63.3619,62.0448,29.3374,Moderate Misalignment,61.2463,44.9894,Separated Traffic,Rural,7.9538,True,Commercial,Poor Infrastructure | Above Human Tolerance Limit,0.0097,,False,50.5378,0.0096,0.012,Moderate Misalignment,62,Unnamed Road,1291
2987,Unnamed Road,Urban Road,URB-02987,2987,12.929,77.4929,12.9293,77.4931,39.4,1194.8,1194.839,60.7445,High Misalignment,0.7717,0.1801,0.0778,0.7952,0.0058,81.1674,81.3592,99.9856,34.1222,27.6587,78.4099,80.7776,0.7675,60.0,18.1466,No,0.0,0.0038,-0.0039,Good,Low,0.4825,10.0,31.712,36.8852,Moderate Risk,51.8494,80.8474,59.2022,High Misalignment,118.1368,65.4102,Separated Traffic,Urban,8.0834,True,Residential,Speed Limit Misaligned | Above Human Tolerance Limit,0.016,,False,103.2732,-0.0071,0.0017,High Misalignment,81,Unnamed Road,1292
2988,Unnamed Road,Urban Road,URB-02988,2988,12.9235,77.4908,12.9233,77.4912,49.7,1195.2,1195.25,21.6864,Aligned,0.6289,0.5867,0.3639,0.0359,0.0043,50.8871,49.9773,88.1223,27.2498,33.3272,49.8656,90.5277,0.4498,51.7847,24.6497,No,0.0,-0.0044,-0.0485,Good,High,1.722,10.0,10.2525,24.6027,Safe,72.5021,48.6319,21.371,Aligned,49.9318,65.1212,Side Impact Potential,Urban,6.0976,True,Residential,Poor Infrastructure,0.0067,,False,44.4932,-0.0088,-0.0032,Aligned,50,Unnamed Road,1293
2989,Unnamed Road,Urban Road,URB-02989,2989,12.9235,77.4908,12.924,77.4906,61.0,1195.6,1195.661,11.5535,Aligned,0.9833,0.9929,0.01,-0.0063,0.0056,27.1979,27.1528,75.9485,27.3065,27.0191,49.6674,73.9083,0.0,39.4855,13.1921,No,0.0,-0.0,-0.0272,Good,High,1.9361,10.0,10.0,22.2556,Safe,74.5765,28.546,18.9701,Aligned,28.084,67.4965,Side Impact Potential,Urban,2.1196,True,Commercial,Poor Infrastructure,0.024,,False,22.8118,0.0126,0.0066,Aligned,28,Unnamed Road,1294
2990,Unnamed Road,Urban Road,URB-02990,2990,12.9231,77.4923,12.9233,77.4912,132.3,1196.0,1196.132,26.8735,Moderate Misalignment,0.5033,0.4731,0.4892,0.0382,0.0016,58.7991,59.0403,100.0,6.9323,13.9285,80.0772,92.7454,0.0,58.7613,4.7219,No,0.0,-0.0065,-0.0407,Poor,Medium,0.1889,10.0,10.0,18.6763,Safe,72.2143,58.2866,15.6412,Aligned,59.6821,39.3814,Separated Traffic,Rural,4.009,True,Industrial,Poor Infrastructure,-0.0054,,False,53.3931,0.0038,-0.0052,Moderate Misalignment,57,Unnamed Road,1295
2991,Unnamed Road,Urban Road,URB-02991,2991,12.9243,77.4907,12.924,77.4906,34.9,1196.4,1196.435,11.9616,Aligned,0.8651,0.8756,0.146,0.0063,-0.0046,43.4981,44.3992,100.0,18.7799,23.5406,79.0669,34.6741,0.1523,58.2417,12.2468,No,0.0,-0.0007,-0.0041,Poor,High,0.4912,10.0,10.0,21.4586,Safe,71.8644,44.7,17.9455,Aligned,44.1926,57.4977,Separated Traffic,Peri-Urban,7.9307,True,Commercial,Active Congestion | Poor Infrastructure,0.6802,Severe,False,15.6939,0.0063,0.0088,Aligned,44,Unnamed Road,1296
2992,Unnamed Road,Urban Road,URB-02992,2992,12.939,77.5013,12.9401,77.5029,213.7,1196.8,1197.014,10.5777,Aligned,1.0043,1.0208,-0.0058,-0.0146,0.0086,23.5186,23.3526,29.3947,13.7455,15.5668,49.2718,81.949,0.7938,29.3601,6.2452,No,0.0,-0.0032,0.0086,Poor,High,1.6727,10.0,10.1845,19.233,Safe,72.1669,24.8782,15.7982,Aligned,23.9272,41.1527,Side Impact Potential,Rural,0.8495,False,Residential,Poor Infrastructure,0.1683,Light,False,18.787,-0.0168,-0.0074,Aligned,24,Unnamed Road,1297
2993,Unnamed Road,Urban Road,URB-02993,2993,12.939,77.5013,12.9369,77.502,253.8,1197.2,1197.454,12.49,Aligned,0.9799,0.9893,0.0481,-0.0005,0.0105,41.4358,40.0599,77.6333,13.4857,24.4199,49.8218,76.9102,0.0,50.8513,16.453,No,0.0,0.0079,0.9417,Good,High,1.475,10.0,10.0753,22.5061,Safe,71.2488,39.2474,19.0603,Aligned,36.8387,50.5594,Side Impact Potential,Peri-Urban,4.0208,False,Industrial,Approach to Congestion (Tapered) | Poor Infrastructure,-0.0106,,True,35.8125,-0.0087,-0.0053,Aligned,41,Unnamed Road,1298
2994,Unnamed Road,Urban Road,URB-02994,2994,12.9243,77.4907,12.9247,77.4907,41.5,1197.6,1197.642,13.1036,Aligned,0.8784,0.8713,0.1436,-0.0104,0.0087,36.1505,33.9614,54.592,20.5047,33.3666,48.5353,60.428,0.626,41.615,30.4774,No,0.0,-0.0026,1.0814,Good,High,2.9162,10.0,10.184,24.682,Moderate Risk,72.1489,33.0112,22.1482,Aligned,33.5888,57.0012,Side Impact Potential,Urban,4.1209,False,Commercial,Active Congestion | Poor Infrastructure,0.6086,Severe,False,12.8136,-0.0089,-0.0048,Aligned,34,Unnamed Road,1299
2995,Unnamed Road,Urban Road,URB-02995,2995,12.9244,77.4939,12.9254,77.4941,116.4,1198.0,1198.116,24.2927,Aligned,0.5963,0.5953,0.3658,0.0104,-0.0092,27.6475,25.0666,28.4163,1.7314,14.5972,48.7436,94.9922,0.2945,39.0699,4.8375,No,0.0,0.0029,-0.0216,Poor,Medium,1.6934,10.0,34.376,23.8812,Safe,65.3043,24.3464,26.1883,Moderate Misalignment,26.5933,39.8942,Side Impact Potential,Rural,2.1668,False,Residential,Poor Infrastructure,-0.0212,,False,24.0139,0.0037,-0.0114,Aligned,27,Unnamed Road,1300
2996,Unnamed Road,Urban Road,URB-02996,2996,12.929,77.4939,12.9294,77.494,41.7,1198.4,1198.442,40.2392,Moderate Misalignment,0.7996,0.1307,0.7932,0.0966,-0.0088,82.0487,80.0369,100.0,0.5601,15.8699,80.7645,91.5647,0.1281,60.0,13.3657,No,0.0,0.005,0.0271,Poor,Medium,0.2613,10.0,30.4901,30.7381,Moderate Risk,55.3627,81.7308,39.7078,Moderate Misalignment,89.1766,32.818,Separated Traffic,Rural,4.2392,True,Residential,Poor Infrastructure,0.0084,,False,74.2158,-0.0191,0.0026,Moderate Misalignment,81,Unnamed Road,1301
2997,Unnamed Road,Urban Road,URB-02997,2997,12.929,77.4939,12.9287,77.4938,32.0,1198.8,1198.832,12.0555,Aligned,0.9802,0.9433,0.0461,-0.0003,-0.0065,26.0047,28.7445,49.146,0.9429,17.8719,49.9059,89.6533,0.0457,31.1875,2.3688,No,0.0,-0.0072,0.029,Poor,Low,1.9388,10.0,10.5534,22.7677,Safe,69.025,30.1423,19.2358,Aligned,25.2928,55.1561,Side Impact Potential,Peri-Urban,4.045,False,Mixed,Poor Infrastructure,-0.0141,,False,24.644,0.014,-0.0131,Aligned,27,Unnamed Road,1302
2998,Unnamed Road,Urban Road,URB-02998,2998,12.9309,77.4985,12.931,77.4981,46.7,1199.2,1199.247,9.9716,Aligned,0.9281,0.9327,0.0494,-0.0135,-0.0019,18.8463,21.7798,26.2181,25.6501,26.0561,49.4813,98.5954,0.026,20.0,14.1389,No,0.0,-0.001,-0.054,Poor,Medium,2.2721,10.0,10.0,21.1543,Safe,73.5902,20.1644,19.6316,Aligned,21.4918,56.816,Side Impact Potential,Peri-Urban,0.991,False,Residential,Poor Infrastructure,0.1124,Light,False,16.8459,0.0031,-0.0135,Aligned,20,Unnamed Road,1303
2999,Unnamed Road,Urban Road,URB-02999,2999,12.931,77.4981,12.9311,77.4978,34.8,1199.6,1199.635,69.9417,High Misalignment,0.8475,-0.0413,0.1176,0.8544,-0.0045,48.9168,50.4802,70.1458,0.0,20.6601,50.8463,99.0131,0.0,57.9594,11.7592,No,0.0,-0.0052,0.1016,Good,Low,1.6126,10.0,29.9503,36.404,Moderate Risk,48.8335,51.575,51.3285,High Misalignment,76.8847,49.6388,Side Impact Potential,Peri-Urban,2.7144,False,Mixed,Speed Limit Misaligned | Poor Infrastructure | Above Human Tolerance Limit,0.1665,Light,False,57.191,-0.0007,-0.0027,High Misalignment,48,Unnamed Road,1304
3000,Unnamed Road,Urban Road,URB-03000,3000,12.9312,77.4975,12.9311,77.4978,30.5,1200.0,1200.031,34.1443,Moderate Misalignment,0.5582,0.342,0.5659,0.1148,-0.0057,54.8745,54.5742,99.1438,1.253,16.9865,79.5001,43.2251,0.1169,60.0,9.799,No,0.0,-0.007,0.035,Poor,Medium,0.0963,10.0,10.0,20.9384,Safe,68.7369,54.0303,18.5904,Aligned,55.9951,35.0993,Separated Traffic,Rural,7.8303,True,Residential,Poor Infrastructure,0.1895,Light,False,40.1181,0.0064,0.0009,Moderate Misalignment,55,Unnamed Road,1305
3001,Unnamed Road,Urban Road,URB-03001,3001,12.9345,77.5039,12.9344,77.5041,28.7,1200.4,1200.429,20.1734,Aligned,0.7593,0.7319,0.2075,0.0525,-0.0104,50.1813,51.6598,100.0,8.6285,15.2634,80.4152,54.1271,0.0,59.3618,4.3779,No,0.0,-0.0042,0.0002,Poor,Low,0.37,10.0,10.0,19.9319,Safe,70.4885,51.9071,16.367,Aligned,53.8316,46.0554,Separated Traffic,Rural,3.9142,True,Residential,Poor Infrastructure,0.1464,Light,False,41.8711,-0.0027,0.0037,Aligned,52,Unnamed Road,1306
3002,Unnamed Road,Urban Road,URB-03002,3002,12.9342,77.5043,12.9344,77.5041,33.1,1200.8,1200.833,36.0856,Moderate Misalignment,0.8234,0.1922,0.8654,0.0517,-0.0014,78.4529,79.3202,100.0,0.0,17.2643,79.359,89.2562,0.0,58.9549,10.2933,No,0.0,0.0055,-0.0787,Poor,Low,0.1363,10.0,11.4987,31.3228,Moderate Risk,55.0307,81.6122,42.9222,Moderate Misalignment,100.5869,41.5482,Separated Traffic,Rural,6.139,True,Commercial,Poor Infrastructure | Above Human Tolerance Limit,0.022,,False,82.0244,-0.0045,0.003,Moderate Misalignment,79,Unnamed Road,1307
3003,Unnamed Road,Urban Road,URB-03003,3003,12.9345,77.5039,12.9369,77.502,358.8,1201.2,1201.559,12.6072,Aligned,0.9055,0.8857,0.0998,0.0076,-0.0117,36.5885,36.8867,79.9706,50.7103,47.6428,49.3345,85.2504,0.0,39.0629,52.8372,No,0.0,0.0077,0.9219,Good,High,1.8947,10.0,10.0,25.0674,Moderate Risk,76.0761,34.6661,23.0115,Aligned,37.2043,62.0154,Side Impact Potential,Urban,2.0448,True,Mixed,Meets Safe System Standards,-0.0037,,False,32.7229,-0.006,0.0037,Aligned,37,Unnamed Road,1308
3004,Unnamed Road,Urban Road,URB-03004,3004,12.929,77.4986,12.9283,77.4987,70.6,1201.6,1201.671,11.6179,Aligned,0.9674,0.9483,0.013,-0.0175,0.0076,27.6988,28.4588,50.6445,20.0422,34.0395,50.8642,78.7954,0.0,41.0099,33.7967,No,0.0,-0.005,0.9723,Good,High,2.8761,10.0,10.2479,26.0112,Moderate Risk,70.5176,31.1134,23.8727,Aligned,27.9838,58.6303,Side Impact Potential,Urban,2.0034,False,Commercial,Poor Infrastructure,0.0019,,False,25.3015,-0.0037,0.0168,Aligned,28,Unnamed Road,1309
3005,Unnamed Road,Urban Road,URB-03005,3005,12.9312,77.4975,12.9313,77.4972,33.9,1202.0,1202.034,9.5192,Aligned,0.9579,0.9978,0.0422,-0.0004,-0.0034,32.1976,30.2517,81.9465,54.6122,43.0728,49.2727,76.5467,0.2534,41.5482,47.1948,No,0.0,0.01,1.9643,Good,Medium,1.942,10.0,10.2625,23.6949,Safe,79.1141,29.1692,20.1105,Aligned,34.2929,59.0706,Side Impact Potential,Urban,3.8435,True,Commercial,Meets Safe System Standards,0.1992,Light,False,24.932,-0.002,0.0002,Aligned,33,Unnamed Road,1310
3006,Unnamed Road,Urban Road,URB-03006,3006,12.9335,77.496,12.934,77.495,123.3,1202.4,1202.523,8.6796,Aligned,0.9778,1.0047,-0.0081,0.0016,-0.0005,26.5484,28.6416,71.1632,27.8388,31.2061,49.4423,76.2432,0.1947,41.2917,23.8936,No,0.0,-0.0068,2.0164,Good,Medium,1.6232,10.0,10.0,23.066,Safe,74.2543,24.138,20.1683,Aligned,25.9057,60.3267,Side Impact Potential,Urban,3.1403,False,Commercial,Poor Infrastructure,0.0114,,False,26.8249,0.0012,-0.0056,Aligned,28,Unnamed Road,1311
3007,Unnamed Road,Urban Road,URB-03007,3007,12.9125,77.4818,12.9119,77.4817,64.8,1202.8,1202.865,40.1309,Aligned,0.394,0.3979,0.2974,0.3046,0.0068,58.1796,57.3369,99.2671,0.2387,17.3283,78.3939,44.7785,0.03,60.0,9.0342,No,0.0,0.0039,-0.0634,Poor,Low,0.3286,10.0,10.072,21.9214,Safe,68.98,55.3804,17.9002,Aligned,57.6157,39.0598,Separated Traffic,Rural,8.0701,True,Industrial,Poor Infrastructure,0.1473,Light,False,43.8749,-0.0033,-0.0014,Aligned,56,Unnamed Road,1312
3008,Unnamed Road,Urban Road,URB-03008,3008,12.9125,77.4818,12.9141,77.482,183.8,1203.2,1203.384,25.8479,Aligned,0.5097,0.5486,0.4894,-0.0142,0.0012,41.1298,41.7381,86.3233,35.7725,29.9605,48.7801,94.1362,0.2722,38.0513,18.3573,No,0.0,-0.0022,0.0957,Poor,Low,1.5915,10.0,10.0,21.9716,Safe,74.7079,42.178,21.0025,Aligned,39.6479,62.8277,Side Impact Potential,Urban,5.0188,True,Industrial,Meets Safe System Standards,0.0007,,False,37.0136,-0.0131,0.0046,Aligned,42,Unnamed Road,1313
3009,Unnamed Road,Urban Road,URB-03009,3009,12.9237,77.4939,12.9244,77.4939,76.2,1203.6,1203.676,34.6626,Moderate Misalignment,0.8342,0.2327,0.8284,-0.0146,-0.0023,79.5067,81.3255,100.0,13.5941,13.4977,80.9925,87.2218,0.1617,59.2369,4.5904,No,0.0,-0.0022,-0.0018,Poor,Low,0.0333,10.0,33.8073,27.4445,Moderate Risk,61.2694,80.641,36.5774,Moderate Misalignment,81.1656,34.966,Separated Traffic,Rural,7.9343,True,Industrial,Poor Infrastructure,0.0007,,False,66.4743,0.0138,-0.0014,Moderate Misalignment,79,Unnamed Road,1314
3010,Unnamed Road,Urban Road,URB-03010,3010,12.9237,77.4939,12.9234,77.4931,95.8,1204.0,1204.096,12.9266,Aligned,0.9421,0.9617,0.0423,0.0105,-0.0031,49.8288,49.5693,81.356,28.9041,26.3625,50.163,82.5901,0.0,58.6326,14.9414,No,0.0,-0.0085,-0.0771,Good,Medium,1.923,10.0,10.0,25.9538,Moderate Risk,67.5722,50.7044,31.1127,Moderate Misalignment,56.9819,60.655,Side Impact Potential,Urban,2.8744,True,Commercial,Poor Infrastructure | Above Human Tolerance Limit,-0.0134,,False,50.116,0.01,-0.0171,Aligned,50,Unnamed Road,1315
3011,Unnamed Road,Urban Road,URB-03011,3011,12.9284,77.502,12.9286,77.5017,46.2,1204.4,1204.446,17.7839,Aligned,0.7461,0.7167,0.2689,-0.0045,-0.0036,48.7589,51.9327,98.0322,14.201,26.7325,78.2481,77.0308,0.3697,59.4188,23.5656,No,0.0,0.0046,0.9748,Poor,Medium,0.0421,10.0,10.0,22.7107,Safe,69.3029,50.1351,21.3428,Aligned,51.7651,45.5991,Separated Traffic,Rural,7.0374,True,Residential,Poor Infrastructure,-0.0012,,False,44.6912,0.0003,-0.0001,Aligned,49,Unnamed Road,1316