segment_id,road_name,road_type,human_segment_id,internal_id,start_lat,start_lon,end_lat,end_lon,length_m,start_km,end_km,road_risk_score,ai_risk_label,ai_risk_probability,prob_low_risk,prob_medium_risk,prob_high_risk,prob_critical_risk,ai_recommended_speed,recommended_safe_speed,road_function_score,infrastructure_score,exposure_score,human_tolerance_limit,operating_speed_score,crash_risk_score,posted_speed_limit,pedestrian_exposure_score,blackspot_flag,crash_count,fatal_crashes,schools_count,lighting_quality,roadside_hazards,intersection_density,speed_compliance_rate,speed_violation_score,hotspot_score,hotspot_category,speed_safety_score,original_safe_speed,misalignment_score,misalignment_category,speed_p85,ptw_share_pct,exposure_tier,urban_rural_flag,lane_count,median_presence,land_use_type,top_ai_factors,congestion_index,congestion_category,congestion_smoothed,operating_speed_mean,minor_crashes,major_crashes,risk_category,final_safe_speed,corridor_base,corridor_seq
3012,Unnamed Road,Urban Road,URB-03012,3012,12.9284,77.502,12.9289,77.5025,68.8,1204.8,1204.869,12.22,Aligned,0.8743,0.9168,0.136,-0.0064,0.0015,25.6637,28.5213,49.0156,1.7841,14.7715,48.8008,64.6549,0.3067,40.0547,4.1123,No,0.0,-0.001,-0.0346,Poor,Low,1.0043,10.0,10.0,20.1238,Safe,70.4975,26.6779,18.564,Aligned,24.4067,39.6017,Side Impact Potential,Rural,3.2189,False,Residential,Active Congestion | Poor Infrastructure,0.7383,Severe,False,10.0,-0.022,0.0045,Aligned,26,Unnamed Road,1317
3013,Unnamed Road,Urban Road,URB-03013,3013,12.9335,77.4915,12.9332,77.4914,38.6,1205.2,1205.239,13.068,Aligned,0.9643,0.9679,0.0294,-0.002,-0.0074,25.6987,23.9326,48.8195,15.3006,13.6485,50.3198,85.2551,0.2307,28.8621,4.0446,No,0.0,-0.0118,0.036,Poor,Medium,1.2661,10.0,10.3033,18.4597,Safe,72.2947,22.895,14.0959,Aligned,22.3605,36.078,Side Impact Potential,Rural,1.9032,False,Residential,Poor Infrastructure,-0.0114,,False,21.2332,0.0242,-0.0119,Aligned,24,Unnamed Road,1318
3014,Unnamed Road,Urban Road,URB-03014,3014,12.9309,77.4987,12.9309,77.4985,21.6,1205.6,1205.622,15.163,Aligned,0.8742,0.8941,0.1227,0.0022,0.0094,41.9893,43.7421,100.0,0.0,15.7919,81.0326,64.2743,0.1333,59.8182,7.6334,No,0.0,0.0093,-0.065,Good,Medium,0.1892,10.0,10.1453,21.5039,Safe,69.3923,44.2972,19.328,Aligned,44.3454,38.049,Separated Traffic,Rural,5.1116,True,Residential,Poor Infrastructure,0.0071,,False,33.73,-0.0049,0.0047,Aligned,44,Unnamed Road,1319
3015,Unnamed Road,Urban Road,URB-03015,3015,12.9309,77.4987,12.9308,77.499,34.6,1206.0,1206.035,39.7698,Moderate Misalignment,0.9662,0.0116,0.9472,-0.0071,0.0021,53.3851,58.1248,79.2734,24.6678,31.5729,68.829,99.8799,0.5231,49.0399,23.7048,No,0.0,-0.0077,1.0205,Good,High,1.5781,10.0,11.0878,25.3634,Moderate Risk,68.6154,53.4941,26.0583,Moderate Misalignment,55.8222,61.7682,Separated Traffic,Urban,2.8205,True,Residential,Poor Infrastructure,-0.0146,,False,48.8782,-0.0025,0.0076,Moderate Misalignment,55,Unnamed Road,1320
3016,Unnamed Road,Urban Road,URB-03016,3016,12.9309,77.4987,12.929,77.4986,214.4,1206.4,1206.614,11.5855,Aligned,0.9711,0.9882,0.0227,-0.0065,0.0061,16.8241,21.2502,31.2269,24.1787,27.7947,30.1547,89.2439,0.0061,20.0,28.675,No,0.0,0.0003,0.9762,Poor,Low,1.7433,10.0,10.1588,22.9605,Safe,73.1576,17.6792,19.1324,Aligned,19.6107,42.1906,Significant Pedestrian Interaction,Rural,1.1942,False,Industrial,High Pedestrian Interaction | Poor Infrastructure,0.1385,Light,False,12.3399,0.0115,-0.004,Aligned,18,Unnamed Road,1321
3017,Unnamed Road,Urban Road,URB-03017,3017,12.9342,77.5043,12.9328,77.5064,271.4,1206.8,1207.071,36.8413,Moderate Misalignment,0.9789,0.0486,0.9988,0.0023,-0.0049,48.4887,50.713,83.2139,44.4986,46.6254,49.7517,95.3539,0.0,49.7273,47.7231,No,0.0,0.0017,0.9539,Poor,High,2.2086,10.0,29.488,31.3475,Moderate Risk,67.0207,50.2571,38.8419,Moderate Misalignment,65.4531,63.1591,Side Impact Potential,Urban,3.9014,True,Commercial,Meets Safe System Standards,0.002,,False,52.9033,0.0085,-0.0041,Moderate Misalignment,49,Unnamed Road,1322
3018,Unnamed Road,Urban Road,URB-03018,3018,12.9405,77.5034,12.9401,77.5029,77.1,1207.2,1207.277,10.2799,Aligned,0.9271,0.914,0.0675,0.0044,0.0003,21.3925,23.1636,30.8502,0.0,17.7293,47.7062,92.6053,0.3447,20.0,6.0172,No,0.0,0.0022,0.0259,Poor,Medium,2.6448,10.0,10.4888,22.1992,Safe,67.3977,22.524,19.5238,Aligned,21.0002,43.6789,Side Impact Potential,Rural,1.1734,False,Residential,Poor Infrastructure,0.1875,Light,False,15.9237,-0.0152,0.0191,Aligned,23,Unnamed Road,1323
3019,Unnamed Road,Urban Road,URB-03019,3019,12.9405,77.5034,12.9409,77.5041,80.0,1207.6,1207.68,10.4773,Aligned,0.9783,0.9662,0.0239,-0.0007,-0.0026,21.1719,22.5632,52.9393,24.7218,22.482,49.4835,83.2705,0.3614,59.6911,16.6319,No,0.0,-0.0064,0.0233,Poor,Low,1.307,10.0,10.0,19.912,Safe,74.3731,22.9276,15.6004,Aligned,22.7693,41.7961,Side Impact Potential,Rural,4.0456,False,Residential,Approach to Congestion (Tapered) | Poor Infrastructure,-0.0255,,True,18.862,0.0097,-0.0112,Aligned,21,Unnamed Road,1324
3020,Unnamed Road,Urban Road,URB-03020,3020,12.942,77.5058,12.9409,77.5041,229.8,1208.0,1208.23,36.2743,Moderate Misalignment,0.8851,0.1245,0.8897,0.015,0.0003,78.3732,80.0718,98.6776,17.1645,25.0142,78.5279,87.8456,0.0588,59.7264,15.9815,No,0.0,0.0001,0.0187,Poor,Medium,0.4737,10.0,17.1868,28.5358,Moderate Risk,63.3751,80.4742,32.0387,Moderate Misalignment,94.8608,62.88,Separated Traffic,Urban,8.0631,True,Commercial,Poor Infrastructure,0.1569,Light,False,71.8178,-0.0064,0.0052,Moderate Misalignment,79,Unnamed Road,1325
3021,Unnamed Road,Urban Road,URB-03021,3021,12.942,77.5058,12.941,77.5065,138.6,1208.4,1208.539,42.319,Moderate Misalignment,0.9437,0.0611,0.9358,0.0273,-0.011,29.3602,30.5504,76.2784,84.5129,62.1497,30.4818,83.0042,0.3803,40.1853,80.3773,No,0.0,0.0084,0.961,Good,Medium,2.3222,10.0,10.6294,31.2418,Moderate Risk,74.8999,29.032,36.3556,Moderate Misalignment,36.0885,68.4223,Significant Pedestrian Interaction,Urban,3.9823,False,Residential,High Pedestrian Interaction | Above Human Tolerance Limit,0.005,,False,32.0055,0.003,-0.0002,Moderate Misalignment,29,Unnamed Road,1326
3022,Unnamed Road,Urban Road,URB-03022,3022,12.9298,77.4942,12.9307,77.4937,113.7,1208.8,1208.914,24.7138,Aligned,0.5878,0.6617,0.3995,-0.0182,0.0019,48.5482,50.8828,83.4935,22.7311,25.2229,50.287,86.1646,0.3423,52.121,12.216,No,0.0,0.0064,0.0111,Good,Low,2.2513,10.0,34.2065,28.8353,Moderate Risk,61.8507,50.1696,37.1995,Moderate Misalignment,66.1371,65.9841,Side Impact Potential,Urban,4.9773,True,Commercial,Poor Infrastructure,-0.0108,,False,59.8614,0.001,0.002,Aligned,49,Unnamed Road,1327
3023,Unnamed Road,Urban Road,URB-03023,3023,12.9298,77.4942,12.9294,77.494,51.1,1209.2,1209.251,12.0055,Aligned,0.9619,0.9507,-0.0201,-0.004,0.0093,35.2553,37.8034,79.1642,24.9662,37.5075,49.6714,82.8202,0.0,40.3422,28.561,No,0.0,-0.0067,1.0062,Good,Low,2.0798,10.0,10.0,25.8322,Moderate Risk,71.1822,37.2305,22.7338,Aligned,35.3838,67.4699,Side Impact Potential,Urban,2.8031,True,Commercial,Poor Infrastructure,0.184,Light,False,29.0399,0.0045,0.011,Aligned,37,Unnamed Road,1328
3024,Unnamed Road,Urban Road,URB-03024,3024,12.9116,77.5003,12.9072,77.4991,510.7,1209.6,1210.111,11.2759,Aligned,0.9708,1.0037,0.0251,0.0008,0.0112,24.48,25.4452,27.5732,57.8804,35.4244,30.3957,88.8641,0.2187,30.5226,38.7653,No,0.0,0.0072,2.0437,Poor,Low,2.1343,10.0,10.0423,21.2289,Safe,80.7276,25.8416,17.133,Aligned,27.6106,56.7896,Significant Pedestrian Interaction,Peri-Urban,1.0746,False,Mixed,High Pedestrian Interaction,-0.0099,,False,21.3179,-0.0004,0.0108,Aligned,24,Unnamed Road,1329
3025,Unnamed Road,Urban Road,URB-03025,3025,12.9116,77.5003,12.912,77.5004,46.2,1210.0,1210.046,10.6564,Aligned,0.9487,0.9476,0.0571,-0.0016,-0.0018,17.4729,20.9302,29.0054,15.1816,25.1519,50.5982,87.0645,0.211,21.0228,24.5895,No,0.0,-0.0029,1.1043,Poor,Low,1.6209,10.0,10.1802,22.8335,Safe,70.4788,19.2068,20.2588,Aligned,16.9518,41.0619,Side Impact Potential,Rural,1.9327,False,Residential,Poor Infrastructure,0.1551,Light,False,12.0944,0.0071,0.0027,Aligned,18,Unnamed Road,1330
3026,Unnamed Road,Urban Road,URB-03026,3026,12.9127,77.5006,12.9131,77.5006,51.6,1210.4,1210.452,34.6948,Moderate Misalignment,0.8388,0.1649,0.8324,-0.0104,0.0006,50.8553,49.3805,69.559,35.0604,45.1091,51.2445,95.1211,0.0,36.645,50.0684,No,0.0,-0.0019,0.9558,Good,Medium,1.5866,10.0,32.8073,32.5189,Moderate Risk,63.3701,50.1791,38.0533,Moderate Misalignment,52.5766,64.0262,Side Impact Potential,Urban,2.0852,False,Mixed,Poor Infrastructure,0.0072,,False,43.4546,0.0087,-0.0135,Moderate Misalignment,50,Unnamed Road,1331
3027,Unnamed Road,Urban Road,URB-03027,3027,12.9131,77.5006,12.9136,77.5006,46.9,1210.8,1210.847,19.6278,Aligned,0.7739,0.7927,0.1007,0.0774,0.0065,56.699,57.4287,99.1753,50.0162,32.3078,78.3984,46.6753,0.0699,60.0,19.9999,No,0.0,-0.0016,-0.0121,Good,Medium,0.5014,10.0,10.2048,19.9813,Safe,80.2303,57.2253,16.2829,Aligned,57.1865,68.3606,Separated Traffic,Urban,5.7684,True,Mixed,Meets Safe System Standards,0.1589,Light,False,44.8115,0.0043,0.0074,Aligned,56,Unnamed Road,1332
3028,Unnamed Road,Urban Road,URB-03028,3028,12.9136,77.5006,12.914,77.5006,54.0,1211.2,1211.254,40.4154,Moderate Misalignment,0.9807,0.064,0.9517,0.0007,0.0088,52.0841,50.5566,81.3426,43.5958,43.7696,50.6413,96.8087,0.032,48.9734,47.5974,No,0.0,-0.0001,1.0363,Poor,High,2.3099,10.0,29.2393,31.1643,Moderate Risk,66.099,50.7957,37.4842,Moderate Misalignment,64.4581,63.9641,Side Impact Potential,Urban,4.0723,True,Commercial,Meets Safe System Standards,-0.0138,,False,52.6296,-0.0077,0.0001,Moderate Misalignment,54,Unnamed Road,1333
3029,Unnamed Road,Urban Road,URB-03029,3029,12.9144,77.5006,12.914,77.5006,35.7,1211.6,1211.636,12.7075,Aligned,0.952,0.9416,0.0499,0.0053,0.0061,38.3632,34.5878,52.349,56.4535,36.4882,48.9324,86.0468,19.7667,39.694,29.7584,No,0.0,-0.0067,0.0029,Good,High,2.7909,10.0,10.0,25.7068,Moderate Risk,76.2465,39.1052,16.934,Aligned,37.2972,62.8412,Side Impact Potential,Urban,3.0325,False,Commercial,Meets Safe System Standards,0.1731,Light,False,29.0042,0.0095,1.0051,Aligned,38,Unnamed Road,1334
3030,Unnamed Road,Urban Road,URB-03030,3030,12.9144,77.5006,12.915,77.5006,64.8,1212.0,1212.065,13.7433,Aligned,0.9358,0.9552,0.08,-0.0076,0.0046,49.2114,49.1886,97.5699,10.7774,14.3594,79.0965,74.715,0.3025,59.9742,6.1532,No,0.0,-0.0032,0.041,Good,Low,0.1255,10.0,10.0,19.0596,Safe,71.807,50.8177,14.3092,Aligned,46.5439,33.6762,Separated Traffic,Rural,8.0954,True,Industrial,Poor Infrastructure,0.0179,,False,43.9116,0.0075,0.0001,Aligned,49,Unnamed Road,1335
3031,Unnamed Road,Urban Road,URB-03031,3031,12.9152,77.5006,12.915,77.5006,32.6,1212.4,1212.433,38.6959,Moderate Misalignment,0.8117,0.1643,0.8522,0.0355,-0.0022,75.2281,74.1411,99.4876,0.6221,16.544,79.8488,92.3071,0.2662,60.0,12.4625,No,0.0,-0.0034,0.0292,Poor,Low,0.2086,10.0,22.7949,27.3341,Moderate Risk,60.0062,73.5317,33.4511,Moderate Misalignment,72.8747,34.5596,Separated Traffic,Rural,8.0516,True,Residential,Poor Infrastructure,0.0056,,False,65.2739,-0.0021,-0.0002,Moderate Misalignment,76,Unnamed Road,1336
3032,Unnamed Road,Urban Road,URB-03032,3032,12.9152,77.5006,12.9156,77.5005,46.3,1212.8,1212.846,11.1578,Aligned,0.9583,0.9241,0.0292,-0.0099,0.0055,35.084,33.4793,75.1598,20.7196,39.6524,49.7616,85.9253,0.0,60.0,41.6686,No,0.0,-0.0103,1.1016,Good,Low,1.9189,10.0,10.1333,26.97,Moderate Risk,70.8862,36.5399,24.8943,Aligned,35.6023,60.6624,Side Impact Potential,Urban,3.146,False,Residential,Poor Infrastructure,-0.0241,,False,29.2954,0.0126,0.0,Aligned,34,Unnamed Road,1337
3033,Unnamed Road,Urban Road,URB-03033,3033,12.9175,77.5001,12.9171,77.5001,48.4,1213.2,1213.248,39.0491,Moderate Misalignment,0.974,0.0087,0.9349,0.0096,0.0063,79.9888,80.2608,98.8345,25.2755,26.6566,79.6733,96.8791,0.0666,60.0,12.8474,No,0.0,0.0099,0.0009,Good,High,0.2436,10.0,17.4533,27.929,Moderate Risk,64.6057,80.8046,31.8125,Moderate Misalignment,93.2297,61.558,Separated Traffic,Peri-Urban,5.932,True,Residential,Poor Infrastructure,0.0057,,False,82.4567,0.003,0.008,Moderate Misalignment,79,Unnamed Road,1338
3034,Unnamed Road,Urban Road,URB-03034,3034,12.9168,77.5002,12.9171,77.5001,37.8,1213.6,1213.638,21.2,Aligned,0.6111,0.6531,0.3393,-0.0102,-0.0004,31.4728,30.7128,49.6218,43.3786,36.6463,29.1823,92.5159,0.0407,30.5417,36.3724,No,0.0,0.007,0.9944,Good,Low,2.6747,10.0,10.298,23.2849,Safe,75.5822,28.8962,21.0136,Aligned,31.6608,61.9678,Significant Pedestrian Interaction,Urban,1.8092,False,Industrial,High Pedestrian Interaction,-0.0151,,False,27.9741,-0.0044,0.0002,Aligned,30,Unnamed Road,1339
3035,Unnamed Road,Urban Road,URB-03035,3035,12.9171,77.5001,12.9175,77.5,40.3,1214.0,1214.04,17.156,Aligned,0.8198,0.8343,0.2199,0.0196,0.0014,39.1558,36.2076,24.8652,8.4647,13.9597,50.6527,95.7411,0.3032,29.8169,6.5452,No,0.0,0.0113,-0.0199,Good,Medium,2.144,10.0,27.1605,23.0289,Safe,67.617,39.2455,23.1066,Aligned,38.2253,32.57,Side Impact Potential,Rural,1.0605,False,Residential,Poor Infrastructure,-0.0159,,False,32.8983,0.0034,0.0039,Aligned,38,Unnamed Road,1340
3036,Unnamed Road,Urban Road,URB-03036,3036,12.9171,77.5007,12.9171,77.5001,63.4,1214.4,1214.463,38.4662,Moderate Misalignment,0.7716,0.153,0.7787,0.0709,0.0041,78.9632,79.865,97.3121,1.0523,15.0462,81.0309,84.6866,0.0,60.0,7.9417,No,0.0,-0.0024,0.044,Poor,Medium,0.0901,10.0,10.0,26.1482,Moderate Risk,61.1302,80.972,31.326,Moderate Misalignment,89.9238,38.5119,Separated Traffic,Rural,6.9265,True,Commercial,Poor Infrastructure | Above Human Tolerance Limit,-0.0061,,False,79.6845,0.0062,0.0019,Moderate Misalignment,82,Unnamed Road,1341
3037,Unnamed Road,Urban Road,URB-03037,3037,12.9164,77.4986,12.9168,77.5002,189.8,1214.8,1214.99,16.7117,Aligned,0.7407,0.7371,0.309,0.0239,-0.0014,49.2788,49.6336,51.2469,13.8274,27.8777,50.973,88.3971,0.426,39.616,20.7265,No,0.0,0.0019,-0.0294,Good,Medium,1.6338,10.0,30.1503,28.4668,Moderate Risk,64.0813,49.7623,31.1987,Moderate Misalignment,53.6569,55.6957,Side Impact Potential,Peri-Urban,3.0961,False,Residential,Poor Infrastructure,-0.0096,,False,46.8421,0.0055,-0.0016,Aligned,52,Unnamed Road,1342
3038,Unnamed Road,Urban Road,URB-03038,3038,12.9165,77.5003,12.9168,77.5002,38.6,1215.2,1215.239,13.5815,Aligned,0.9052,0.9763,0.1436,-0.0173,0.0001,61.3597,62.0218,98.3412,0.5542,22.8662,80.3552,68.53,0.0,60.0,10.3721,No,0.0,-0.0051,0.0561,Good,Medium,0.3649,10.0,10.0,23.904,Safe,67.9101,60.8573,21.4692,Aligned,61.9274,62.5763,Separated Traffic,Peri-Urban,8.0934,True,Residential,Poor Infrastructure,-0.0043,,False,52.6854,0.001,-0.0046,Aligned,60,Unnamed Road,1343
3039,Unnamed Road,Urban Road,URB-03039,3039,12.9156,77.5005,12.9161,77.5004,48.0,1215.6,1215.648,37.8272,Moderate Misalignment,0.8859,0.0307,0.8812,0.0408,0.0027,26.0595,27.7631,80.2115,32.8172,40.8372,29.8059,74.9714,0.3903,40.9912,48.0042,No,0.0,-0.0004,1.0233,Poor,Low,1.6425,10.0,10.4671,31.7674,Moderate Risk,65.8476,25.4548,35.2824,Moderate Misalignment,27.9464,51.454,Significant Pedestrian Interaction,Peri-Urban,2.9349,True,Industrial,High Pedestrian Interaction | Poor Infrastructure | Above Human Tolerance Limit,0.0008,,False,21.9137,0.014,-0.0048,Moderate Misalignment,27,Unnamed Road,1344
3040,Unnamed Road,Urban Road,URB-03040,3040,12.9168,77.497,12.9167,77.4975,56.1,1216.0,1216.056,12.1164,Aligned,0.9904,0.9644,0.0307,0.0206,-0.0039,49.8164,50.0623,69.9864,42.0202,33.8712,49.476,86.376,0.2975,50.0053,28.5734,No,0.0,-0.0017,-0.0056,Poor,High,1.4117,10.0,10.1989,23.5328,Safe,76.2119,51.752,21.9234,Aligned,52.7304,59.2202,Side Impact Potential,Urban,1.8683,False,Commercial,Approach to Congestion (Tapered),0.1783,Light,True,40.7054,-0.0095,0.0011,Aligned,49,Unnamed Road,1345
3041,Unnamed Road,Urban Road,URB-03041,3041,12.9168,77.497,12.9175,77.4952,215.0,1216.4,1216.615,40.9661,Moderate Misalignment,0.8782,0.0658,0.8644,0.0633,0.0069,80.8481,81.4302,99.9386,35.2432,22.4891,80.4049,96.5911,0.3539,59.9822,13.6766,No,0.0,0.002,-0.0045,Poor,Medium,0.4268,10.0,25.1894,25.8022,Moderate Risk,65.0605,78.2701,35.9128,Moderate Misalignment,99.4307,51.4833,Separated Traffic,Peri-Urban,4.1438,True,Industrial,Meets Safe System Standards,0.0027,,False,80.8025,0.0034,-0.0065,Moderate Misalignment,83,Unnamed Road,1346
3042,Unnamed Road,Urban Road,URB-03042,3042,12.9167,77.4975,12.9166,77.498,53.5,1216.8,1216.853,35.9025,Moderate Misalignment,0.5563,0.3315,0.5415,0.1444,0.0072,57.4121,57.0911,100.0,1.5319,16.7699,80.5115,39.7781,0.0506,59.7479,9.7864,No,0.0,0.0032,-0.0463,Poor,Medium,0.098,10.0,10.1657,20.7452,Safe,69.642,53.9034,17.2881,Aligned,52.5494,35.1949,Separated Traffic,Rural,8.0394,True,Residential,Poor Infrastructure,0.1565,Light,False,40.8673,0.0263,-0.0056,Moderate Misalignment,58,Unnamed Road,1347
3043,Unnamed Road,Urban Road,URB-03043,3043,12.9178,77.4944,12.9175,77.4952,93.1,1217.2,1217.293,9.8451,Aligned,0.9445,0.9718,0.0231,-0.011,0.0071,37.6462,37.792,77.6634,9.4316,20.1209,50.0442,68.8451,0.0197,50.8837,7.2624,No,0.0,-0.0077,-0.0428,Good,Low,1.9367,10.0,10.0,21.6661,Safe,71.2075,35.9078,17.8919,Aligned,38.8566,60.5483,Side Impact Potential,Urban,5.0315,False,Residential,Poor Infrastructure,0.2334,Light,False,27.3751,-0.0077,0.0017,Aligned,37,Unnamed Road,1348
3044,Unnamed Road,Urban Road,URB-03044,3044,12.9166,77.498,12.9165,77.4983,33.0,1217.6,1217.633,24.6588,Aligned,0.5535,0.487,0.4777,0.0018,0.0037,38.9627,40.3111,57.144,0.9414,21.6499,49.7691,65.0742,0.3404,29.4127,13.4029,No,0.0,-0.0006,0.0187,Poor,High,1.669,10.0,27.4638,25.9114,Moderate Risk,62.8584,38.3379,28.5056,Moderate Misalignment,40.6438,46.4126,Side Impact Potential,Rural,2.8432,False,Industrial,Active Congestion | Poor Infrastructure,0.8188,Severe,False,10.0197,0.0038,-0.0106,Aligned,38,Unnamed Road,1349
3045,Unnamed Road,Urban Road,URB-03045,3045,12.9164,77.4986,12.9165,77.4983,31.5,1218.0,1218.032,11.9599,Aligned,0.9735,0.9821,0.0376,0.0111,0.009,34.1452,36.4352,79.4415,56.9705,32.0042,49.8317,64.7992,0.0,47.3119,27.5117,No,0.0,0.0044,-0.0092,Good,Medium,2.1013,10.0,10.03,19.2471,Safe,81.5362,35.655,16.9646,Aligned,35.0339,59.695,Side Impact Potential,Urban,5.2082,False,Commercial,Approach to Congestion (Tapered),0.1778,Light,True,26.1577,-0.015,0.0104,Aligned,34,Unnamed Road,1350
3046,Unnamed Road,Urban Road,URB-03046,3046,12.9161,77.5004,12.9165,77.5003,47.9,1218.4,1218.448,12.5742,Aligned,0.9297,0.9203,0.0598,0.0018,-0.0061,56.84,59.9424,97.1439,0.2601,12.3213,79.9954,58.848,0.1412,60.0,1.4682,No,0.0,-0.0004,0.061,Poor,High,0.2001,10.0,10.2515,20.2232,Safe,68.368,60.4801,16.3306,Aligned,57.929,38.3646,Separated Traffic,Rural,4.1722,True,Residential,Poor Infrastructure,0.2059,Light,False,42.803,-0.0036,0.0004,Aligned,57,Unnamed Road,1351
3047,Unnamed Road,Urban Road,URB-03047,3047,12.9172,77.4938,12.9173,77.4942,36.6,1218.8,1218.837,8.9658,Aligned,0.9589,0.981,0.0402,0.0121,0.0013,26.6022,28.1607,79.3264,18.4029,26.6757,48.7486,75.2017,0.2402,42.5749,21.2294,No,0.0,-0.0054,0.9916,Poor,Low,1.9696,10.0,10.691,22.3733,Safe,71.8661,25.3094,17.6931,Aligned,27.9432,55.0313,Side Impact Potential,Urban,3.8689,True,Residential,Poor Infrastructure,-0.0027,,False,24.0723,-0.0042,-0.0051,Aligned,26,Unnamed Road,1352
3048,Unnamed Road,Urban Road,URB-03048,3048,12.9172,77.4938,12.9171,77.494,23.3,1219.2,1219.223,11.587,Aligned,0.9494,0.9294,0.0029,0.0094,0.0092,30.1295,29.9826,55.0374,49.2681,44.6066,48.7605,85.5305,0.0202,29.4065,49.2706,No,0.0,0.0003,0.9757,Good,High,2.8842,10.0,10.2534,25.3176,Moderate Risk,76.5184,30.036,24.0944,Aligned,30.7682,67.6101,Side Impact Potential,Urban,4.0283,False,Commercial,Meets Safe System Standards,0.2126,Light,False,21.8844,0.022,-0.0042,Aligned,29,Unnamed Road,1353
3049,Unnamed Road,Urban Road,URB-03049,3049,12.9171,77.4934,12.9172,77.4938,46.7,1219.6,1219.647,9.1288,Aligned,1.0073,0.9674,0.0228,-0.0083,-0.0077,16.8942,20.383,27.422,0.0,11.8283,49.4103,90.888,0.6397,20.0,0.0,No,0.0,0.0005,0.0686,Poor,Low,2.4852,10.0,10.3325,19.5211,Safe,70.4161,16.3007,17.6903,Aligned,15.4766,34.7508,Side Impact Potential,Rural,1.9173,False,Industrial,Poor Infrastructure,0.2155,Light,False,12.2921,0.0041,-0.0094,Aligned,16,Unnamed Road,1354
3050,Unnamed Road,Urban Road,URB-03050,3050,12.9173,77.4942,12.9178,77.4944,63.6,1220.0,1220.064,10.9972,Aligned,0.9655,1.0159,0.0332,0.001,0.0028,41.8189,39.8587,76.4169,12.3688,24.5004,49.6659,76.8834,0.0,50.325,15.1046,No,0.0,-0.0025,0.1019,Poor,Medium,1.7076,10.0,10.0,22.8936,Safe,70.5546,40.4689,20.2147,Aligned,41.4725,57.0383,Side Impact Potential,Urban,3.8409,False,Mixed,Poor Infrastructure,-0.0023,,False,32.232,-0.012,0.0008,Aligned,42,Unnamed Road,1355
3051,Unnamed Road,Urban Road,URB-03051,3051,12.9173,77.4942,12.9171,77.494,24.8,1220.4,1220.425,23.8465,Aligned,0.579,0.5919,0.4522,0.007,0.0024,33.8466,31.5559,63.4927,32.1477,37.3906,51.1915,89.9522,0.0,32.1103,38.39,No,0.0,-0.0082,0.9899,Good,Low,3.1524,10.0,11.2967,26.7647,Moderate Risk,70.4165,33.4097,23.9341,Moderate Misalignment,34.1338,63.8157,Side Impact Potential,Urban,3.7856,True,Mixed,Poor Infrastructure,0.2172,Light,False,24.9399,-0.0168,-0.0087,Aligned,33,Unnamed Road,1356
3052,Unnamed Road,Urban Road,URB-03052,3052,12.9177,77.4907,12.9171,77.4934,303.5,1220.8,1221.103,39.513,Moderate Misalignment,0.9446,0.0599,0.9687,0.0341,-0.0198,79.5156,80.1789,98.9265,38.4066,27.0474,79.6286,10.0,0.0,59.7917,21.4447,No,0.0,-0.0096,0.0301,Poor,Medium,0.2841,10.0,10.2776,30.8107,Moderate Risk,60.812,80.0289,42.792,Moderate Misalignment,96.3838,49.8051,Separated Traffic,Peri-Urban,8.0778,True,Commercial,Active Congestion | Above Human Tolerance Limit,0.7916,Severe,False,21.3453,0.0085,0.0152,Moderate Misalignment,81,Unnamed Road,1357
3053,Unnamed Road,Urban Road,URB-03053,3053,12.9171,77.5007,12.9204,77.5043,699.8,1221.2,1221.9,8.7916,Aligned,0.9868,0.9706,0.0187,-0.0056,-0.0138,43.3341,44.0774,71.3738,33.2601,34.2097,49.8727,85.469,0.2494,48.8649,33.7735,No,0.0,0.0008,2.0973,Poor,Low,1.9677,10.0,10.0,24.5264,Safe,73.9616,45.1516,20.6327,Aligned,43.7587,61.1879,Side Impact Potential,Urban,3.087,False,Residential,Poor Infrastructure,-0.0085,,False,40.6717,0.0204,-0.0039,Aligned,44,Unnamed Road,1358
3054,Unnamed Road,Urban Road,URB-03054,3054,12.9188,77.5014,12.9175,77.5001,236.8,1221.6,1221.837,16.6161,Aligned,0.8341,0.8573,0.1912,0.0126,0.003,73.6357,72.0426,100.0,6.892,19.6279,80.5062,71.9783,0.0038,59.3671,12.3034,No,0.0,-0.0007,0.0019,Good,Medium,0.3071,10.0,10.1364,21.0267,Safe,70.9054,73.0442,19.7822,Aligned,70.2508,41.0872,Separated Traffic,Rural,3.8573,True,Residential,Poor Infrastructure,0.0021,,False,58.7893,0.0091,-0.0099,Aligned,73,Unnamed Road,1359
3055,Unnamed Road,Urban Road,URB-03055,3055,12.9175,77.5,12.9188,77.5014,252.3,1222.0,1222.252,11.5249,Aligned,0.9984,0.992,0.0004,0.0167,0.0019,48.0044,48.1617,73.6828,20.4043,29.5107,51.519,80.6105,0.0433,51.5184,16.7808,No,0.0,0.0016,-0.024,Good,Low,1.9351,10.0,10.1586,23.6793,Safe,71.3447,49.0966,19.3798,Aligned,51.0444,65.4614,Side Impact Potential,Urban,2.9042,False,Mixed,Poor Infrastructure,0.1194,Light,False,38.2697,0.0066,0.003,Aligned,47,Unnamed Road,1360
3056,Unnamed Road,Urban Road,URB-03056,3056,12.9124,77.5005,12.912,77.5004,38.0,1222.4,1222.438,100.0,Critical Misalignment,0.9709,0.06,-0.0105,-0.0025,0.9939,29.3531,32.1683,100.0,49.869,46.5031,29.9318,86.4002,0.0,59.4362,51.1426,No,0.0,-0.005,0.9606,Poor,Medium,0.3646,10.0,15.8224,56.6595,High Risk,30.6727,29.2563,99.4307,Critical Misalignment,91.1047,59.2082,Significant Pedestrian Interaction,Urban,5.2322,False,Commercial,Speed Limit Misaligned | High Pedestrian Interaction | Above Human Tolerance Limit,0.2071,Light,False,70.8301,0.0004,-0.0025,Critical Misalignment,32,Unnamed Road,1361