segment_id,road_name,road_type,human_segment_id,internal_id,start_lat,start_lon,end_lat,end_lon,length_m,start_km,end_km,road_risk_score,ai_risk_label,ai_risk_probability,prob_low_risk,prob_medium_risk,prob_high_risk,prob_critical_risk,ai_recommended_speed,recommended_safe_speed,road_function_score,infrastructure_score,exposure_score,human_tolerance_limit,operating_speed_score,crash_risk_score,posted_speed_limit,pedestrian_exposure_score,blackspot_flag,crash_count,fatal_crashes,schools_count,lighting_quality,roadside_hazards,intersection_density,speed_compliance_rate,speed_violation_score,hotspot_score,hotspot_category,speed_safety_score,original_safe_speed,misalignment_score,misalignment_category,speed_p85,ptw_share_pct,exposure_tier,urban_rural_flag,lane_count,median_presence,land_use_type,top_ai_factors,congestion_index,congestion_category,congestion_smoothed,operating_speed_mean,minor_crashes,major_crashes,risk_category,final_safe_speed,corridor_base,corridor_seq
3057,Unnamed Road,Urban Road,URB-03057,3057,12.9124,77.5005,12.9127,77.5006,37.0,1222.8,1222.837,14.6163,Aligned,0.8529,0.8013,0.1263,0.0028,0.0024,19.5342,20.0924,52.3743,16.9822,28.5801,50.9976,64.2927,0.2868,60.0,14.9665,No,0.0,0.0064,-0.0131,Good,High,2.614,10.0,10.4784,23.3043,Safe,71.0206,20.3419,21.3091,Aligned,20.3899,64.3649,Side Impact Potential,Urban,1.9375,False,Residential,Active Congestion | Poor Infrastructure,0.7298,Severe,False,10.0,0.0073,0.0055,Aligned,21,Unnamed Road,1362
3058,Unnamed Road,Urban Road,URB-03058,3058,12.9994,77.6751,12.9968,77.6694,708.3,1223.2,1223.908,11.3173,Aligned,0.9854,0.9507,-0.0227,-0.0076,0.0009,23.7948,24.1732,27.4297,14.8731,15.7615,52.1947,66.4276,0.1853,60.0,12.0588,No,0.0,0.0045,0.0414,Poor,Low,1.0929,10.0,10.0,20.024,Safe,72.9727,22.1661,16.837,Aligned,20.0758,33.9342,Side Impact Potential,Rural,1.1238,False,Commercial,Active Congestion | Poor Infrastructure,0.6386,Severe,False,10.0,0.0114,0.0005,Aligned,20,Unnamed Road,1363
3059,Unnamed Road,Urban Road,URB-03059,3059,13.0004,77.6765,12.9999,77.6767,57.1,1223.6,1223.657,11.3688,Aligned,0.9727,0.97,0.0008,-0.0015,-0.0065,36.3302,34.2034,76.5011,37.6412,34.0665,53.118,84.8999,0.3209,38.9955,32.733,No,0.0,-0.0087,-0.0153,Good,Medium,1.411,10.0,10.5293,23.1717,Safe,75.2926,34.8232,19.4596,Aligned,37.9182,58.2941,Side Impact Potential,Urban,4.0148,False,Commercial,Meets Safe System Standards,0.0197,,False,29.1636,0.0107,-0.0083,Aligned,36,Unnamed Road,1364
3060,Unnamed Road,Urban Road,URB-03060,3060,12.9994,77.6671,13.005,77.6664,820.3,1224.0,1224.82,12.0159,Aligned,0.9036,0.8605,0.1239,0.0007,0.0004,41.8494,40.594,50.7262,30.6781,28.6664,49.8596,94.2964,0.0519,40.5428,23.8756,No,0.0,0.0004,0.0308,Good,Medium,2.3187,10.0,10.0,22.481,Safe,73.8891,38.0809,20.7048,Aligned,39.3016,58.4295,Side Impact Potential,Urban,1.7587,False,Mixed,Poor Infrastructure,0.0028,,False,36.7674,-0.0063,0.0004,Aligned,41,Unnamed Road,1365
3061,Unnamed Road,Urban Road,URB-03061,3061,12.9919,77.5429,12.9859,77.542,680.5,1224.4,1225.081,12.1983,Aligned,0.9491,0.9648,0.0419,0.0206,-0.0073,41.0429,41.4911,79.7743,23.8908,32.1899,48.9722,66.9051,0.0815,51.9063,18.0697,No,0.0,0.0079,0.0499,Good,Low,2.2137,10.0,10.0,23.5256,Safe,73.3924,40.5522,21.1398,Aligned,38.5872,65.9093,Side Impact Potential,Urban,6.0335,False,Residential,Poor Infrastructure,0.2407,Light,False,28.151,0.0075,0.0015,Aligned,40,Unnamed Road,1366
3062,Unnamed Road,Urban Road,URB-03062,3062,12.8935,77.5278,12.8939,77.5278,40.6,1224.8,1224.841,15.4711,Aligned,0.8242,0.8369,0.1891,0.0079,0.0168,54.7867,54.8836,99.5005,36.1961,38.1661,79.0181,74.2878,0.0,59.3123,32.4389,No,0.0,0.0001,0.9165,Good,High,0.6351,10.0,10.4145,23.974,Safe,74.2598,52.7529,21.6573,Aligned,53.1592,66.6866,Separated Traffic,Urban,7.2326,True,Mixed,Approach to Congestion (Tapered),-0.0015,,True,41.4388,-0.0218,-0.0072,Aligned,53,Unnamed Road,1367
3063,Unnamed Road,Urban Road,URB-03063,3063,12.8935,77.5278,12.893,77.5278,59.8,1225.2,1225.26,14.7542,Aligned,0.8471,0.8312,0.1109,0.0095,-0.0077,77.6522,81.6374,100.0,21.5881,29.0658,79.0436,76.7452,0.2965,60.0,16.6966,No,0.0,0.0025,-0.0645,Good,Low,0.4652,10.0,10.0,28.5032,Moderate Risk,63.7903,80.8874,32.0516,Moderate Misalignment,83.4519,65.3819,Separated Traffic,Urban,5.759,True,Mixed,Poor Infrastructure | Above Human Tolerance Limit,0.0033,,False,73.6926,-0.0037,-0.0127,Aligned,79,Unnamed Road,1368
3064,Unnamed Road,Urban Road,URB-03064,3064,12.8939,77.5278,12.8952,77.5278,143.4,1225.6,1225.743,35.9804,Moderate Misalignment,0.857,0.1639,0.84,-0.0087,-0.0002,46.5324,45.5713,53.4191,22.4522,32.7561,48.4845,96.4381,0.1744,40.1893,25.1797,No,0.0,-0.015,-0.0259,Good,Medium,2.9447,10.0,16.9271,26.5637,Moderate Risk,68.4291,46.9879,26.2141,Moderate Misalignment,45.7761,60.0688,Side Impact Potential,Urban,4.158,False,Residential,Poor Infrastructure,0.0093,,False,37.65,-0.0117,-0.0086,Moderate Misalignment,47,Unnamed Road,1369
3065,Unnamed Road,Urban Road,URB-03065,3065,12.8951,77.5228,12.8951,77.5231,28.5,1226.0,1226.028,9.4678,Aligned,1.0108,1.0187,0.0221,0.0127,-0.0089,29.5987,27.4418,33.0494,15.8052,13.4969,49.1797,71.1926,0.2002,40.6055,3.6766,No,0.0,-0.0014,-0.0082,Poor,Low,0.833,10.0,10.3209,18.1465,Safe,73.0192,27.7965,15.2976,Aligned,25.9082,36.4604,Side Impact Potential,Rural,1.1478,False,Industrial,Poor Infrastructure,0.1743,Light,False,21.2159,0.0103,0.0125,Aligned,28,Unnamed Road,1370
3066,Unnamed Road,Urban Road,URB-03066,3066,12.8951,77.5231,12.8951,77.5236,58.8,1226.4,1226.459,30.0657,Moderate Misalignment,0.5192,0.4873,0.5292,0.0038,-0.0038,46.8701,45.6257,53.0219,16.3845,27.1047,50.6271,94.4562,0.0,38.1417,13.078,No,0.0,0.005,0.0233,Good,Low,3.3742,10.0,14.3442,24.8681,Moderate Risk,66.8812,47.4087,25.4421,Moderate Misalignment,48.5891,62.3192,Side Impact Potential,Urban,2.8084,False,Mixed,Poor Infrastructure,0.1645,Light,False,34.8845,0.0052,0.0019,Moderate Misalignment,48,Unnamed Road,1371
3067,Unnamed Road,Urban Road,URB-03067,3067,12.8952,77.5278,12.8954,77.5278,23.2,1226.8,1226.823,33.3943,Moderate Misalignment,0.5592,0.311,0.5552,0.137,0.003,55.6611,54.4694,98.6275,0.3779,15.3051,78.4638,41.9927,0.2746,59.1867,10.6813,No,0.0,0.0033,-0.0323,Poor,Medium,0.1544,10.0,10.374,21.7192,Safe,68.1663,52.9714,18.4494,Aligned,53.9602,34.7258,Separated Traffic,Rural,8.0592,True,Residential,Poor Infrastructure,0.1713,Light,False,39.911,0.0023,0.0032,Moderate Misalignment,55,Unnamed Road,1372
3068,Unnamed Road,Urban Road,URB-03068,3068,12.8952,77.5274,12.8952,77.5278,42.8,1227.2,1227.243,18.1053,Aligned,0.7567,0.7365,0.2259,0.02,-0.009,46.8409,45.3399,100.0,15.5309,15.4036,81.3539,58.7006,4.7103,60.0,6.1205,No,0.0,0.0046,-0.0376,Poor,High,0.1998,10.0,10.123,19.6547,Safe,71.9781,46.1083,16.5974,Aligned,47.7423,38.1434,Separated Traffic,Rural,6.8955,True,Residential,Poor Infrastructure,-0.0063,,False,41.1553,1.0026,-0.0189,Aligned,48,Unnamed Road,1373
3069,Unnamed Road,Urban Road,URB-03069,3069,12.8952,77.5254,12.8952,77.5259,55.8,1227.6,1227.656,12.1267,Aligned,0.9982,1.0139,0.0265,-0.0034,0.0078,27.3748,27.8571,51.1248,51.5232,32.1151,49.1936,71.75,0.0,40.6988,24.1892,No,0.0,0.0034,0.0033,Good,Medium,2.9408,10.0,10.0,19.9589,Safe,80.4189,28.2754,18.5074,Aligned,25.2485,65.6131,Side Impact Potential,Urban,3.0551,False,Residential,Meets Safe System Standards,0.1602,Light,False,21.6338,0.0119,-0.0079,Aligned,27,Unnamed Road,1374
3070,Unnamed Road,Urban Road,URB-03070,3070,12.8952,77.5254,12.8952,77.5248,61.5,1228.0,1228.062,40.0079,Moderate Misalignment,0.9773,0.0112,0.9322,0.0173,-0.0115,82.2616,82.3989,100.0,24.9528,25.9596,80.4577,96.4621,0.118,60.0,14.0607,No,0.0,0.0079,-0.0464,Good,High,0.3698,10.0,16.4616,26.8384,Moderate Risk,65.681,78.4163,34.5932,Moderate Misalignment,92.7872,61.8841,Separated Traffic,Peri-Urban,5.9753,True,Residential,Poor Infrastructure,0.0272,,False,80.1605,-0.0052,0.0042,Moderate Misalignment,82,Unnamed Road,1375
3071,Unnamed Road,Urban Road,URB-03071,3071,12.8952,77.5259,12.8952,77.5262,34.9,1228.4,1228.435,13.1613,Aligned,0.9414,0.9008,0.0243,0.0113,0.0019,31.5951,33.1516,85.2029,24.7348,29.0038,49.2782,65.0563,0.005,48.5397,20.6919,No,0.0,-0.0029,0.997,Good,Medium,1.8144,10.0,10.0727,21.5819,Safe,73.306,32.3293,20.8482,Aligned,31.3644,59.6101,Side Impact Potential,Urban,5.1152,True,Residential,Poor Infrastructure,0.0055,,False,27.1407,0.0228,-0.0046,Aligned,33,Unnamed Road,1376
3072,Unnamed Road,Urban Road,URB-03072,3072,12.8952,77.5262,12.8952,77.5265,33.0,1228.8,1228.833,10.5725,Aligned,0.9518,0.9686,0.0371,0.0323,-0.0091,16.9564,20.9718,28.1975,0.0576,12.3886,48.8801,91.6636,0.0,20.0,4.4363,No,0.0,-0.0001,-0.0037,Poor,Medium,1.5004,10.0,10.0,19.4174,Safe,69.8669,16.9733,17.11,Aligned,17.2381,35.1926,Side Impact Potential,Rural,1.0842,False,Residential,Poor Infrastructure,0.1712,Light,False,12.8856,-0.0025,0.0081,Aligned,17,Unnamed Road,1377
3073,Unnamed Road,Urban Road,URB-03073,3073,12.8952,77.5265,12.8952,77.5268,32.0,1229.2,1229.232,38.589,Moderate Misalignment,0.9597,0.0309,0.9727,-0.0088,-0.0019,51.3033,49.0741,55.5173,35.7044,45.0404,49.6183,99.8431,0.0,39.2462,48.883,No,0.0,-0.0037,0.9485,Good,Medium,2.345,10.0,34.7267,32.3612,Moderate Risk,63.4209,49.7718,36.5893,Moderate Misalignment,54.0139,67.6603,Side Impact Potential,Urban,4.1028,False,Commercial,Meets Safe System Standards,0.2256,Light,False,39.0216,0.0113,-0.0138,Moderate Misalignment,50,Unnamed Road,1378
3074,Unnamed Road,Urban Road,URB-03074,3074,12.8952,77.5268,12.8952,77.5271,32.0,1229.6,1229.632,23.1233,Aligned,0.5581,0.5856,0.4283,0.0449,-0.0045,29.4343,29.8598,50.2963,8.5932,22.5263,50.0891,96.5563,0.0,31.2061,15.3369,No,0.0,-0.0046,0.033,Poor,Medium,2.1354,10.0,10.1415,22.9732,Safe,69.0338,31.32,20.9285,Aligned,31.3564,50.6159,Side Impact Potential,Peri-Urban,4.0055,False,Commercial,Poor Infrastructure,-0.0095,,False,28.6741,0.013,-0.0089,Aligned,33,Unnamed Road,1379
3075,Unnamed Road,Urban Road,URB-03075,3075,12.8952,77.5271,12.8952,77.5274,34.5,1230.0,1230.034,34.6903,Moderate Misalignment,0.8582,0.1203,0.8653,-0.0033,-0.0078,47.7574,49.8456,77.1795,30.6562,26.5241,50.1855,97.8251,0.0,50.6234,14.4616,No,0.0,0.0006,-0.0148,Good,Low,1.8961,10.0,27.0312,26.3963,Moderate Risk,67.2764,50.3857,30.594,Moderate Misalignment,62.7129,63.9449,Side Impact Potential,Urban,3.8787,False,Commercial,Poor Infrastructure,0.1759,Light,False,47.0707,0.0077,-0.0124,Moderate Misalignment,49,Unnamed Road,1380
3076,Unnamed Road,Urban Road,URB-03076,3076,12.8954,77.5278,12.896,77.5279,68.7,1230.4,1230.469,39.8656,Moderate Misalignment,0.9717,0.0614,1.0012,-0.0146,-0.0015,81.7928,79.0509,98.2134,0.0,12.7938,79.1096,87.6787,0.019,59.5405,3.1967,No,0.0,-0.0004,0.0264,Good,Low,0.2188,10.0,28.7071,27.5485,Moderate Risk,57.743,79.0747,37.4326,Moderate Misalignment,89.9234,40.0683,Separated Traffic,Rural,6.1501,True,Residential,Poor Infrastructure,-0.0067,,False,79.3422,-0.0023,-0.0034,Moderate Misalignment,81,Unnamed Road,1381
3077,Unnamed Road,Urban Road,URB-03077,3077,12.8951,77.5236,12.8951,77.5239,33.3,1230.8,1230.833,12.2736,Aligned,0.8772,0.8656,0.1053,0.0193,-0.0011,49.9375,44.1016,77.0642,19.5523,29.7512,49.6417,87.1531,20.6733,48.4469,26.1042,No,0.0,-0.0023,0.0411,Poor,High,1.8154,10.0,10.281,29.1392,Moderate Risk,66.947,48.7092,21.2975,Aligned,50.0435,57.185,Side Impact Potential,Urban,6.1073,False,Commercial,Poor Infrastructure,-0.0067,,False,43.2806,-0.0044,1.0046,Aligned,51,Unnamed Road,1382
3078,Unnamed Road,Urban Road,URB-03078,3078,12.8951,77.5239,12.8952,77.5242,33.7,1231.2,1231.234,8.7298,Aligned,0.9724,0.9561,0.0374,-0.0072,0.0029,47.7151,47.0031,77.9949,30.2901,26.5497,50.8067,85.0503,0.3265,49.8486,16.2818,No,0.0,0.0072,-0.0281,Poor,High,2.039,10.0,10.0,20.7921,Safe,74.8645,49.7524,18.3622,Aligned,49.2531,57.4916,Side Impact Potential,Urban,2.6782,True,Mixed,Poor Infrastructure,0.0366,,False,40.5579,-0.0176,0.0128,Aligned,49,Unnamed Road,1383
3079,Unnamed Road,Urban Road,URB-03079,3079,12.896,77.5279,12.8999,77.5284,437.4,1231.6,1232.037,14.7977,Aligned,0.7643,0.7805,0.2431,0.0187,0.0114,43.9093,44.6333,48.4886,18.0455,21.4993,49.1202,96.0241,0.157,41.9823,8.417,No,0.0,0.0035,-0.006,Good,Medium,2.0549,10.0,10.2809,22.2433,Safe,71.4039,45.9926,22.0018,Aligned,44.0063,58.4127,Side Impact Potential,Peri-Urban,2.1677,False,Residential,Poor Infrastructure,-0.0193,,False,36.5391,0.0056,-0.0093,Aligned,44,Unnamed Road,1384
3080,Unnamed Road,Urban Road,URB-03080,3080,12.8952,77.5242,12.8952,77.5248,63.1,1232.0,1232.063,9.0621,Aligned,1.0085,1.0041,-0.013,-0.0152,0.0027,27.9122,27.2856,25.7613,16.0593,16.2232,50.2517,84.2102,0.0,30.2502,5.9679,No,0.0,-0.0044,0.0033,Poor,Low,2.504,10.0,10.5995,18.9687,Safe,73.5731,27.5999,15.3621,Aligned,25.3505,39.1181,Side Impact Potential,Rural,1.47,False,Residential,Poor Infrastructure,0.2185,Light,False,21.0134,-0.0006,0.0016,Aligned,29,Unnamed Road,1385
3081,Unnamed Road,Urban Road,URB-03081,3081,12.8998,77.5303,12.8999,77.529,136.4,1232.4,1232.536,9.5057,Aligned,1.0052,0.9957,0.0238,-0.0207,-0.0051,11.2116,18.2759,30.2367,0.6578,15.2851,51.5509,88.3287,0.2848,20.0,5.8118,No,0.0,0.0054,0.0109,Poor,Low,0.9202,10.0,10.2936,21.685,Safe,67.9768,11.1447,19.8995,Aligned,15.838,37.5802,Side Impact Potential,Rural,1.8668,False,Industrial,Poor Infrastructure,0.0171,,False,11.7071,-0.0031,0.0003,Aligned,13,Unnamed Road,1386
3082,Unnamed Road,Urban Road,URB-03082,3082,12.8998,77.5308,12.8998,77.5303,50.7,1232.8,1232.851,33.8313,Moderate Misalignment,0.775,0.2304,0.7691,0.015,0.0092,30.5542,33.3524,49.4503,48.1637,44.3475,50.5886,96.3345,0.0775,31.6889,46.5853,No,0.0,0.007,2.0611,Good,High,3.2477,10.0,10.5699,26.4212,Moderate Risk,75.1728,30.6059,25.9057,Aligned,31.7552,61.1933,Side Impact Potential,Urban,1.9429,False,Residential,Meets Safe System Standards,-0.0011,,False,28.2624,0.0002,0.0066,Moderate Misalignment,31,Unnamed Road,1387
3083,Unnamed Road,Urban Road,URB-03083,3083,12.8999,77.529,12.8999,77.5284,66.8,1233.2,1233.267,11.2945,Aligned,0.9693,0.9862,0.0305,-0.027,-0.0173,46.3909,44.5967,71.6253,43.18,38.8479,49.4255,86.4483,0.0,50.2377,38.6908,No,0.0,-0.0068,1.0083,Good,Medium,1.5784,10.0,10.0924,22.3769,Safe,76.4832,47.4618,20.2208,Aligned,46.8256,63.6609,Side Impact Potential,Urban,1.8737,False,Residential,Meets Safe System Standards,-0.0132,,False,40.826,-0.0219,0.0076,Aligned,48,Unnamed Road,1388
3084,Unnamed Road,Urban Road,URB-03084,3084,13.0053,77.6849,13.005,77.6847,47.6,1233.6,1233.648,13.0362,Aligned,0.9825,0.9775,0.0492,0.0051,-0.0127,33.2592,33.5277,72.6096,28.2477,37.3309,50.8338,65.404,0.0414,51.8239,41.0131,No,0.0,-0.003,0.9879,Good,Low,1.5142,10.0,10.0,24.8331,Moderate Risk,72.704,32.0246,21.3471,Aligned,34.1759,56.631,Side Impact Potential,Urban,2.1721,False,Residential,Poor Infrastructure,-0.0089,,False,28.4405,0.0158,0.0048,Aligned,33,Unnamed Road,1389
3085,Unnamed Road,Urban Road,URB-03085,3085,13.0053,77.6849,13.0082,77.6918,822.4,1234.0,1234.822,11.9995,Aligned,0.9427,0.9613,0.0235,0.0176,0.0128,18.0195,20.2056,54.7659,20.4474,22.1584,51.3563,77.2066,0.0,40.1781,19.1477,No,0.0,0.0007,0.0085,Good,Low,0.5185,10.0,10.0,20.1696,Safe,72.965,20.2309,18.8534,Aligned,17.3448,37.1711,Side Impact Potential,Rural,2.9798,False,Industrial,Poor Infrastructure,0.2123,Light,False,15.5886,-0.0083,-0.0047,Aligned,18,Unnamed Road,1390
3086,Unnamed Road,Urban Road,URB-03086,3086,13.0008,77.6813,13.0005,77.6813,33.1,1234.4,1234.433,10.6232,Aligned,0.9157,0.9038,0.048,0.0075,0.0046,52.2969,51.5411,98.7108,14.4943,21.5926,80.8606,71.1208,0.2624,60.0,17.5228,No,0.0,0.0024,0.9536,Poor,Medium,0.1285,10.0,10.0,21.605,Safe,71.5792,49.5651,18.1378,Aligned,54.7325,42.43,Separated Traffic,Rural,6.9369,True,Industrial,Poor Infrastructure,0.1648,Light,False,40.547,-0.0005,0.0022,Aligned,52,Unnamed Road,1391
3087,Unnamed Road,Urban Road,URB-03087,3087,13.0009,77.6829,13.0008,77.6813,177.2,1234.8,1234.977,13.8095,Aligned,0.9444,0.9111,0.0947,-0.0041,-0.0057,28.3297,27.8661,56.6119,48.4858,28.6712,51.1048,94.1446,0.0,30.2974,21.5531,No,0.0,-0.0022,0.03,Poor,High,3.433,10.0,10.0,18.4285,Safe,80.7751,27.9064,15.5089,Aligned,27.3865,54.9175,Side Impact Potential,Urban,3.8227,False,Industrial,Meets Safe System Standards,0.0032,,False,28.2325,-0.0086,0.0015,Aligned,29,Unnamed Road,1392
3088,Unnamed Road,Urban Road,URB-03088,3088,13.0034,77.6825,13.0031,77.6819,71.1,1235.2,1235.271,19.535,Aligned,0.781,0.762,0.1969,0.0454,0.0044,79.4381,81.0708,100.0,0.0652,14.3208,79.052,78.2678,0.0,59.6755,7.1549,No,0.0,-0.0109,0.0633,Poor,High,0.1493,10.0,10.0,23.1945,Safe,65.5288,81.0628,25.0188,Aligned,87.0158,35.2813,Separated Traffic,Rural,7.0128,True,Mixed,Approach to Congestion (Tapered) | Poor Infrastructure,0.1474,Light,True,68.5532,-0.003,-0.0134,Aligned,81,Unnamed Road,1393
3089,Unnamed Road,Urban Road,URB-03089,3089,13.0038,77.6831,13.0034,77.6825,76.8,1235.6,1235.677,43.2428,Moderate Misalignment,0.87,0.0138,0.8484,0.1136,-0.0049,29.7713,28.2237,79.3375,43.6128,53.9084,28.051,93.5412,0.3641,40.3444,62.5494,No,0.0,0.0105,0.9528,Good,Medium,1.993,10.0,27.3058,38.9666,Moderate Risk,59.9479,31.4041,49.3351,Moderate Misalignment,50.7133,59.2011,Significant Pedestrian Interaction,Urban,5.2167,False,Industrial,High Pedestrian Interaction | Above Human Tolerance Limit,0.0166,,False,45.8968,-0.0034,0.0028,Moderate Misalignment,30,Unnamed Road,1394
3090,Unnamed Road,Urban Road,URB-03090,3090,13.0014,77.6834,13.0034,77.6825,255.2,1236.0,1236.255,12.8171,Aligned,0.9704,0.9709,-0.0242,-0.0102,-0.0029,36.1003,36.5753,85.549,62.0631,33.9673,51.6325,74.8559,0.0,50.9746,26.0012,No,0.0,-0.0024,-0.0059,Good,Medium,1.9048,10.0,10.7191,19.6331,Safe,81.4114,37.1173,16.9427,Aligned,38.4791,67.1694,Side Impact Potential,Urban,5.1372,True,Commercial,Meets Safe System Standards,0.0279,,False,34.2658,0.0042,0.0236,Aligned,40,Unnamed Road,1395
3091,Unnamed Road,Urban Road,URB-03091,3091,13.0044,77.6842,13.0038,77.6831,140.5,1236.4,1236.541,17.8617,Aligned,0.7932,0.7578,0.13,0.0088,0.0015,58.5635,57.5972,97.2086,5.369,22.895,81.5251,52.551,0.1261,59.7282,5.4283,No,0.0,-0.0048,-0.048,Good,High,0.4841,10.0,10.0045,23.0518,Safe,70.1199,56.9703,19.1177,Aligned,59.0726,66.2085,Separated Traffic,Urban,5.9863,True,Commercial,Poor Infrastructure,-0.0094,,False,52.5686,-0.0028,-0.003,Aligned,58,Unnamed Road,1396
3092,Unnamed Road,Urban Road,URB-03092,3092,13.0044,77.6842,13.0049,77.6849,94.4,1236.8,1236.894,14.9755,Aligned,0.8854,0.8199,0.1033,0.0105,0.0088,52.5455,53.0721,98.6995,11.3756,16.668,80.2698,57.2633,0.0,60.0,6.5596,No,0.0,-0.0026,-0.0376,Good,Medium,0.1462,10.0,10.5691,19.6816,Safe,71.5074,51.3395,18.2869,Aligned,51.6928,43.3652,Separated Traffic,Rural,4.0402,True,Mixed,Poor Infrastructure,-0.0092,,False,45.6152,0.0109,-0.001,Aligned,53,Unnamed Road,1397
3093,Unnamed Road,Urban Road,URB-03093,3093,13.0014,77.6834,13.0009,77.6832,62.2,1237.2,1237.262,22.9906,Aligned,0.5881,0.5871,0.3511,0.0304,-0.0038,63.7417,60.5484,99.0221,2.3432,13.8759,78.7934,46.91,0.0107,59.8465,0.0097,No,0.0,0.0081,-0.1061,Poor,Medium,0.1697,10.0,10.0,25.6437,Moderate Risk,62.0806,60.8922,30.784,Moderate Misalignment,66.3842,42.4752,Separated Traffic,Rural,7.8883,True,Residential,Poor Infrastructure | Above Human Tolerance Limit,0.0015,,False,51.6155,-0.0081,-0.0043,Aligned,63,Unnamed Road,1398
3094,Unnamed Road,Urban Road,URB-03094,3094,13.0013,77.6781,13.0031,77.6819,494.9,1237.6,1238.095,32.784,Moderate Misalignment,0.7066,0.2673,0.6943,0.0026,-0.0062,49.5194,50.6867,83.0029,13.6617,18.8504,49.3292,92.4301,0.0584,52.0619,7.2035,No,0.0,-0.0074,-0.0434,Good,Low,1.6795,10.0,25.0331,26.1356,Moderate Risk,63.6455,49.9584,31.0882,Moderate Misalignment,62.4656,56.5098,Side Impact Potential,Urban,2.9285,True,Commercial,Poor Infrastructure,0.0234,,False,55.5832,0.0148,0.0031,Moderate Misalignment,51,Unnamed Road,1399
3095,Unnamed Road,Urban Road,URB-03095,3095,13.0013,77.6781,13.005,77.6847,832.4,1238.0,1238.832,18.3957,Aligned,0.85,0.8405,0.1528,0.0206,-0.0025,53.7307,53.0475,98.6761,48.6946,33.8031,79.9483,48.4463,0.2792,60.0,32.9494,No,0.0,-0.0047,0.9254,Good,Medium,0.614,10.0,10.0,20.7185,Safe,80.0622,55.1665,18.7889,Aligned,54.1333,57.3862,Separated Traffic,Urban,6.2772,True,Mixed,Meets Safe System Standards,0.0005,,False,43.7721,0.0073,0.0057,Aligned,54,Unnamed Road,1400
3096,Unnamed Road,Urban Road,URB-03096,3096,13.0082,77.6918,13.0082,77.6921,28.3,1238.4,1238.428,9.6311,Aligned,0.9819,0.936,-0.0023,0.0131,-0.0013,34.8727,35.0088,58.3944,39.3525,30.3758,47.6958,75.6517,0.1599,41.7174,24.8877,No,0.0,0.0011,0.0117,Good,Low,2.7688,10.0,10.1737,22.5141,Safe,76.1497,33.5541,20.9821,Aligned,35.6319,62.711,Side Impact Potential,Urban,3.2204,True,Residential,Meets Safe System Standards,0.1889,Light,False,25.0569,-0.0137,0.0049,Aligned,34,Unnamed Road,1401
3097,Unnamed Road,Urban Road,URB-03097,3097,13.0009,77.6829,13.0009,77.6832,36.9,1238.8,1238.837,11.6687,Aligned,0.9815,0.986,0.0396,-0.0156,-0.0197,46.7471,43.2005,72.0694,43.136,38.3184,50.5665,86.1943,0.1528,48.6949,38.3741,No,0.0,-0.0048,1.0117,Good,Medium,1.5131,10.0,10.0,22.8043,Safe,76.8845,45.8624,18.8786,Aligned,44.6772,63.0555,Side Impact Potential,Urban,1.9191,False,Residential,Meets Safe System Standards,-0.0233,,False,42.5291,-0.0227,0.0061,Aligned,47,Unnamed Road,1402
3098,Unnamed Road,Urban Road,URB-03098,3098,12.9175,77.6408,12.9242,77.6474,1040.2,1239.2,1240.24,33.5435,Moderate Misalignment,0.7407,0.2342,0.7229,-0.0005,0.0069,51.5974,48.4562,86.1453,14.0311,24.8683,50.5334,92.9629,0.0488,39.5121,11.5182,No,0.0,-0.0049,0.0339,Poor,Medium,2.6263,10.0,31.3536,27.8451,Moderate Risk,62.5441,48.4495,31.5911,Moderate Misalignment,53.8631,62.7446,Side Impact Potential,Urban,5.0042,True,Residential,Poor Infrastructure,0.0121,,False,43.8733,-0.015,0.0,Moderate Misalignment,50,Unnamed Road,1403
3099,Unnamed Road,Urban Road,URB-03099,3099,12.9242,77.6474,12.9246,77.6496,243.9,1239.6,1239.844,8.4284,Aligned,0.9324,0.9687,0.0726,-0.0031,-0.0124,37.6149,38.4852,87.7635,10.4294,25.4823,69.8935,72.7748,0.2509,49.4429,13.0251,No,0.0,0.0073,-0.0243,Good,Medium,1.427,10.0,10.2409,23.0043,Safe,70.1003,40.146,20.5229,Aligned,39.598,57.777,Separated Traffic,Peri-Urban,5.7651,True,Industrial,Poor Infrastructure,0.1599,Light,False,30.0717,0.0016,0.0045,Aligned,38,Unnamed Road,1404
3100,Unnamed Road,Urban Road,URB-03100,3100,12.9198,77.6431,12.9173,77.6411,367.8,1240.0,1240.368,10.9024,Aligned,0.9607,0.9814,0.0514,0.0036,-0.0102,34.2983,36.2833,50.1344,11.6575,25.4877,49.9812,82.164,0.0,40.7692,10.8201,No,0.0,0.0084,-0.0679,Poor,High,3.211,10.0,10.0,23.7668,Safe,70.362,34.8743,19.5406,Aligned,35.1911,66.3131,Side Impact Potential,Urban,2.0492,False,Mixed,Poor Infrastructure,-0.0051,,False,30.3159,-0.0003,-0.0088,Aligned,35,Unnamed Road,1405
3101,Unnamed Road,Urban Road,URB-03101,3101,12.922,77.645,12.9198,77.6431,331.3,1240.4,1240.731,14.4287,Aligned,0.8448,0.8278,0.1354,0.0079,-0.0052,37.9518,36.8053,83.9414,19.061,23.0686,48.0075,86.1638,0.2381,41.982,9.6722,No,0.0,0.0122,-0.0268,Good,Medium,1.6808,10.0,10.0,21.7712,Safe,72.3641,35.3496,19.3374,Aligned,36.1895,58.8524,Side Impact Potential,Urban,3.5804,True,Commercial,Poor Infrastructure,-0.0225,,False,31.8633,-0.0032,-0.0079,Aligned,36,Unnamed Road,1406