segment_id,road_name,road_type,human_segment_id,internal_id,start_lat,start_lon,end_lat,end_lon,length_m,start_km,end_km,road_risk_score,ai_risk_label,ai_risk_probability,prob_low_risk,prob_medium_risk,prob_high_risk,prob_critical_risk,ai_recommended_speed,recommended_safe_speed,road_function_score,infrastructure_score,exposure_score,human_tolerance_limit,operating_speed_score,crash_risk_score,posted_speed_limit,pedestrian_exposure_score,blackspot_flag,crash_count,fatal_crashes,schools_count,lighting_quality,roadside_hazards,intersection_density,speed_compliance_rate,speed_violation_score,hotspot_score,hotspot_category,speed_safety_score,original_safe_speed,misalignment_score,misalignment_category,speed_p85,ptw_share_pct,exposure_tier,urban_rural_flag,lane_count,median_presence,land_use_type,top_ai_factors,congestion_index,congestion_category,congestion_smoothed,operating_speed_mean,minor_crashes,major_crashes,risk_category,final_safe_speed,corridor_base,corridor_seq
3102,Unnamed Road,Urban Road,URB-03102,3102,12.9118,77.6319,12.912,77.6324,68.9,1240.8,1240.869,39.7079,Moderate Misalignment,0.859,0.0861,0.8671,0.0578,0.0066,79.672,80.699,98.2834,8.3243,20.3834,81.8774,99.024,0.0,60.0,13.0272,No,0.0,-0.0054,-0.0193,Good,Low,0.6408,10.0,24.4238,29.9009,Moderate Risk,58.0306,80.9724,39.2393,Moderate Misalignment,99.7269,50.3389,Separated Traffic,Peri-Urban,5.1972,True,Residential,Poor Infrastructure,0.1458,Light,False,79.6407,0.0064,-0.0063,Moderate Misalignment,79,Unnamed Road,1407
3103,Unnamed Road,Urban Road,URB-03103,3103,12.9109,77.6288,12.911,77.6291,32.7,1241.2,1241.233,10.2538,Aligned,0.9691,0.9896,0.0308,-0.0174,0.01,44.8077,45.8043,53.3941,24.8637,34.2952,49.3412,77.9705,0.0,52.7863,26.052,No,0.0,0.0102,0.9673,Good,Low,2.7628,10.0,10.0,24.3517,Safe,72.6156,41.7769,21.8258,Aligned,40.5239,66.2776,Side Impact Potential,Urban,4.1632,False,Commercial,Poor Infrastructure,0.125,Light,False,34.7113,0.0211,-0.0006,Aligned,43,Unnamed Road,1408
3104,Unnamed Road,Urban Road,URB-03104,3104,12.9109,77.6288,12.9108,77.6285,35.0,1241.6,1241.635,27.6775,Moderate Misalignment,0.5658,0.4259,0.6032,0.002,-0.0216,50.8187,51.2509,52.354,19.0377,20.9025,51.0962,93.9551,0.1553,40.1391,11.6682,No,0.0,0.0029,0.0516,Poor,Low,2.1277,10.0,23.3502,24.3953,Safe,68.1073,50.2479,26.298,Moderate Misalignment,48.5784,52.9741,Side Impact Potential,Peri-Urban,3.041,False,Commercial,Poor Infrastructure,0.0111,,False,41.8246,-0.0154,0.0033,Moderate Misalignment,50,Unnamed Road,1409
3105,Unnamed Road,Urban Road,URB-03105,3105,12.9104,77.6271,12.9108,77.6285,158.4,1242.0,1242.158,36.6787,Moderate Misalignment,0.8571,0.1524,0.8169,0.007,-0.0062,81.8144,80.2819,100.0,2.3479,9.8459,80.4379,84.2004,0.2281,60.0,1.2422,No,0.0,-0.0098,0.0051,Good,Low,0.1154,10.0,34.0487,29.2375,Moderate Risk,54.1969,78.8967,39.4235,Moderate Misalignment,93.7409,36.2323,Separated Traffic,Rural,4.9828,True,Industrial,Poor Infrastructure,-0.0124,,False,81.0303,-0.0037,-0.0088,Moderate Misalignment,79,Unnamed Road,1410
3106,Unnamed Road,Urban Road,URB-03106,3106,12.9112,77.6296,12.9111,77.6294,28.9,1242.4,1242.429,70.854,High Misalignment,0.9163,-0.0154,0.056,0.9267,-0.0104,30.37,29.0195,76.3579,48.5794,54.094,28.7512,69.4872,0.0,47.0585,63.7243,No,0.0,0.0032,1.9705,Poor,High,2.1688,10.0,10.245,38.2604,Moderate Risk,59.6261,32.1034,50.4849,High Misalignment,38.3014,59.7369,Significant Pedestrian Interaction,Urban,4.9251,False,Residential,Speed Limit Misaligned | High Pedestrian Interaction | Above Human Tolerance Limit,-0.0011,,False,31.1772,0.0123,-0.0028,High Misalignment,29,Unnamed Road,1411
3107,Unnamed Road,Urban Road,URB-03107,3107,12.9111,77.6294,12.911,77.6291,33.4,1242.8,1242.833,11.6408,Aligned,0.9485,0.9372,0.0324,0.0127,-0.0014,28.534,29.4219,53.0621,46.0646,45.6672,48.6297,88.2744,0.2729,29.306,49.2473,No,0.0,-0.0055,1.0343,Good,High,3.208,10.0,10.0,25.3839,Moderate Risk,75.548,29.5545,21.6608,Aligned,29.9902,67.3314,Side Impact Potential,Urban,3.9922,False,Commercial,Meets Safe System Standards,0.2224,Light,False,22.356,-0.0051,-0.0087,Aligned,28,Unnamed Road,1412
3108,Unnamed Road,Urban Road,URB-03108,3108,12.9243,77.6501,12.9242,77.6492,95.5,1243.2,1243.295,14.6676,Aligned,0.7945,0.7827,0.2069,-0.0099,0.0037,18.9853,21.0979,28.4899,0.2912,19.6077,47.9335,96.423,0.0,21.7533,6.6089,No,0.0,-0.0027,0.0161,Good,Low,2.8419,10.0,10.0,23.4522,Safe,66.7582,22.0473,22.6681,Aligned,21.3437,58.119,Side Impact Potential,Peri-Urban,1.9812,False,Industrial,Poor Infrastructure,0.1704,Light,False,16.4744,0.0055,-0.0079,Aligned,21,Unnamed Road,1413
3109,Unnamed Road,Urban Road,URB-03109,3109,12.9243,77.6518,12.9243,77.6501,200.2,1243.6,1243.8,15.7131,Aligned,0.8165,0.8116,0.2215,0.0259,-0.0049,66.4874,64.3257,97.265,42.5571,38.7336,81.7307,51.5093,0.1054,60.0,33.8806,No,0.0,0.0024,1.0238,Good,High,0.3467,10.0,10.0,23.9576,Safe,76.5339,64.947,21.6578,Aligned,65.3454,64.8296,Separated Traffic,Urban,5.0772,True,Residential,Meets Safe System Standards,0.2104,Light,False,44.5919,0.0071,0.0037,Aligned,65,Unnamed Road,1414
3110,Unnamed Road,Urban Road,URB-03110,3110,12.924,77.6498,12.9243,77.6501,62.0,1244.0,1244.062,10.0146,Aligned,0.93,0.9542,0.0541,-0.0171,-0.0077,27.5751,29.8905,52.2602,8.0059,22.0345,49.1398,90.035,0.0778,30.0868,8.8993,No,0.0,-0.0051,0.0006,Good,Medium,3.8083,10.0,10.0,22.9006,Safe,70.7789,28.4585,20.3505,Aligned,27.4849,61.3858,Side Impact Potential,Urban,2.0474,False,Residential,Poor Infrastructure,0.1697,Light,False,21.1657,-0.0085,-0.0066,Aligned,30,Unnamed Road,1415
3111,Unnamed Road,Urban Road,URB-03111,3111,12.9234,77.6467,12.9224,77.6455,163.8,1244.4,1244.564,15.6131,Aligned,0.8437,0.8482,0.1757,0.0188,0.0024,71.044,72.5735,98.5008,8.6179,19.9421,78.9166,73.2705,0.1596,60.0,13.0835,No,0.0,-0.008,0.0067,Good,Medium,0.3904,10.0,10.1233,21.6578,Safe,69.9053,71.0601,19.0212,Aligned,70.8029,40.7149,Separated Traffic,Rural,4.1054,True,Residential,Poor Infrastructure,0.0085,,False,61.6398,-0.0082,0.0124,Aligned,71,Unnamed Road,1416
3112,Unnamed Road,Urban Road,URB-03112,3112,12.9224,77.6455,12.922,77.645,86.8,1244.8,1244.887,13.5126,Aligned,0.8962,0.893,0.1136,-0.0068,0.019,55.5251,54.0705,98.1507,1.0578,17.0666,80.0837,61.2265,0.0,59.927,7.6218,No,0.0,0.0004,-0.0398,Poor,Medium,0.3521,10.0,10.2217,21.0426,Safe,68.8547,52.8088,18.2241,Aligned,51.5593,42.6711,Separated Traffic,Rural,4.1784,True,Mixed,Poor Infrastructure,0.0036,,False,46.0557,0.0001,0.0058,Aligned,56,Unnamed Road,1417
3113,Unnamed Road,Urban Road,URB-03113,3113,12.9246,77.6496,12.9246,77.6499,38.4,1245.2,1245.238,10.1091,Aligned,0.9642,0.9727,0.0247,-0.0163,0.0039,36.9044,38.539,68.7815,29.3601,32.7917,52.1839,72.7644,0.1188,49.249,26.3377,No,0.0,-0.0047,0.9841,Good,Low,2.0042,10.0,10.0,23.0743,Safe,74.2107,37.0065,20.6156,Aligned,37.129,60.1871,Side Impact Potential,Urban,1.8191,False,Commercial,Poor Infrastructure,0.0112,,False,33.0057,-0.0192,-0.007,Aligned,36,Unnamed Road,1418
3114,Unnamed Road,Urban Road,URB-03114,3114,12.9161,77.6354,12.9162,77.6349,75.2,1245.6,1245.675,12.999,Aligned,0.8843,0.9054,0.0864,0.014,-0.0004,30.8972,27.4953,74.89,5.386,25.5817,48.5901,53.5696,0.3162,38.8335,15.1269,No,0.0,-0.0022,-0.0184,Good,Medium,1.3904,10.0,10.0,24.4683,Safe,69.0937,26.1717,20.3001,Aligned,24.8698,56.5824,Side Impact Potential,Peri-Urban,4.7143,False,Residential,Active Congestion | Poor Infrastructure,0.6925,Severe,False,11.7577,0.0063,0.0032,Aligned,30,Unnamed Road,1419
3115,Unnamed Road,Urban Road,URB-03115,3115,12.9162,77.6349,12.9165,77.6323,288.3,1246.0,1246.288,11.8727,Aligned,0.9545,0.9387,0.0491,0.0029,-0.0042,31.3161,32.3827,49.0792,29.6046,25.1496,50.6256,93.0793,0.6545,39.4688,25.2718,No,0.0,-0.0018,0.9807,Poor,Low,1.3283,10.0,10.0,20.9126,Safe,73.7203,34.2202,18.3973,Aligned,33.6393,38.4436,Side Impact Potential,Rural,1.7731,False,Residential,Poor Infrastructure,0.1395,Light,False,26.3593,-0.0051,-0.0134,Aligned,33,Unnamed Road,1420
3116,Unnamed Road,Urban Road,URB-03116,3116,12.916,77.6238,12.9126,77.6256,428.6,1246.4,1246.829,16.6233,Aligned,0.8384,0.8414,0.1211,0.018,0.003,56.6878,56.9941,96.7411,18.4132,21.645,79.865,77.1173,0.133,60.0,13.1876,No,0.0,0.0052,0.0339,Poor,High,0.2288,10.0,10.3744,20.7529,Safe,72.9818,55.7141,16.1339,Aligned,56.0543,50.6271,Separated Traffic,Peri-Urban,3.8957,True,Residential,Poor Infrastructure,0.1076,Light,False,44.1296,-0.0068,0.002,Aligned,57,Unnamed Road,1421
3117,Unnamed Road,Urban Road,URB-03117,3117,12.9166,77.6236,12.916,77.6238,67.3,1246.8,1246.867,16.7813,Aligned,0.7597,0.771,0.2987,-0.0082,0.0061,53.1648,49.573,53.9272,16.214,26.9595,50.4545,89.9829,0.0,39.8545,21.9971,No,0.0,-0.0024,0.0433,Good,Medium,1.546,10.0,30.8865,28.5715,Moderate Risk,62.2119,49.222,32.2821,Moderate Misalignment,49.7518,57.3665,Side Impact Potential,Peri-Urban,3.0712,False,Residential,Poor Infrastructure,-0.0055,,False,45.8967,-0.0143,0.0007,Aligned,50,Unnamed Road,1422
3118,Unnamed Road,Urban Road,URB-03118,3118,12.9126,77.6256,12.9104,77.6271,315.6,1247.2,1247.516,30.7508,Moderate Misalignment,0.7006,0.2936,0.691,0.0184,0.0071,28.6815,32.1957,53.8077,9.0656,24.8431,47.352,97.5436,0.0336,28.9183,19.3875,No,0.0,-0.005,0.0425,Good,Low,2.3824,10.0,10.2561,23.6821,Safe,69.4778,30.5338,21.2605,Aligned,30.9499,48.4282,Side Impact Potential,Peri-Urban,3.2589,False,Residential,Poor Infrastructure,-0.0051,,False,26.5324,0.0111,0.0181,Moderate Misalignment,29,Unnamed Road,1423
3119,Unnamed Road,Urban Road,URB-03119,3119,12.924,77.654,12.9217,77.6615,849.3,1247.6,1248.449,15.641,Aligned,0.8036,0.8442,0.1613,0.0293,-0.0096,56.9271,58.243,100.0,6.3198,21.7658,78.1699,52.3089,0.1697,59.563,3.3261,No,0.0,0.0047,0.0182,Good,High,0.4594,10.0,10.0,23.2729,Safe,69.1512,58.7088,20.2518,Aligned,57.8284,66.6216,Separated Traffic,Urban,6.1473,True,Commercial,Poor Infrastructure,0.0035,,False,47.8398,0.0116,-0.0117,Aligned,57,Unnamed Road,1424
3120,Unnamed Road,Urban Road,URB-03120,3120,12.9217,77.6615,12.9213,77.6629,165.4,1248.0,1248.165,68.4587,High Misalignment,0.8093,-0.019,0.1777,0.8233,-0.0,52.6805,50.8866,98.6643,0.2332,15.6673,50.782,84.4016,0.2198,60.0,3.6131,No,0.0,-0.0079,0.0344,Poor,Low,0.2165,10.0,30.6136,47.2083,Moderate Risk,29.5138,49.5865,82.3902,Critical Misalignment,105.0681,44.4004,Side Impact Potential,Rural,6.2704,False,Mixed,Speed Limit Misaligned | Poor Infrastructure | Above Human Tolerance Limit,0.0071,,False,89.5361,0.0209,0.0124,High Misalignment,54,Unnamed Road,1425
3121,Unnamed Road,Urban Road,URB-03121,3121,12.9242,77.6492,12.9238,77.6474,210.4,1248.4,1248.61,13.7569,Aligned,0.8663,0.8656,0.1249,0.0024,-0.0028,35.9811,35.314,85.0932,14.8402,30.0254,70.5588,88.1919,0.3566,59.6879,20.3723,No,0.0,0.0125,-0.0725,Poor,Low,1.5751,10.0,10.4036,23.0309,Safe,70.7347,35.0507,21.0453,Aligned,34.7662,66.4211,Separated Traffic,Urban,4.9657,True,Industrial,Poor Infrastructure,-0.0114,,False,30.4816,0.0066,-0.0173,Aligned,35,Unnamed Road,1426
3122,Unnamed Road,Urban Road,URB-03122,3122,12.9238,77.6474,12.9234,77.6467,89.5,1248.8,1248.89,43.7263,Moderate Misalignment,0.7535,0.1118,0.7848,0.1287,0.0007,47.2908,49.7952,100.0,21.4494,21.9469,50.1248,71.7039,0.1558,60.0,12.6058,No,0.0,0.0159,0.0302,Poor,Medium,0.4838,10.0,10.0,30.0727,Moderate Risk,59.0538,49.6421,43.3054,Moderate Misalignment,66.1143,47.7707,Side Impact Potential,Peri-Urban,7.8791,False,Residential,Poor Infrastructure | Above Human Tolerance Limit,-0.0222,,False,53.1069,-0.0031,0.0127,Moderate Misalignment,50,Unnamed Road,1427
3123,Unnamed Road,Urban Road,URB-03123,3123,12.9067,77.6293,12.9063,77.6296,52.4,1249.2,1249.252,70.5592,High Misalignment,0.8947,-0.0476,0.1318,0.8866,-0.011,46.1736,51.1771,99.8778,78.7737,44.5933,50.9145,62.145,0.5832,60.0,52.8858,No,0.0,0.0033,0.9467,Poor,Low,0.5474,10.0,10.4508,41.6688,Moderate Risk,52.7883,51.3281,71.3814,High Misalignment,83.6752,55.5245,Side Impact Potential,Urban,6.5573,True,Residential,Speed Limit Misaligned | Above Human Tolerance Limit,0.175,Light,False,64.9697,-0.0017,-0.0006,High Misalignment,49,Unnamed Road,1428
3124,Unnamed Road,Urban Road,URB-03124,3124,12.9072,77.6291,12.9069,77.6292,32.6,1249.6,1249.633,12.3944,Aligned,0.9744,0.9763,-0.0297,0.0004,0.0104,17.2485,20.2687,26.3602,0.0081,18.8363,49.7126,93.2143,0.0,20.7529,7.9493,No,0.0,-0.0029,0.0001,Good,Low,2.3763,10.0,10.1296,22.7842,Safe,68.083,15.1495,20.9916,Aligned,14.4775,59.1693,Side Impact Potential,Peri-Urban,0.8504,False,Industrial,Poor Infrastructure,-0.0075,,False,12.0365,0.0176,0.0003,Aligned,16,Unnamed Road,1429
3125,Unnamed Road,Urban Road,URB-03125,3125,12.9069,77.6292,12.9067,77.6293,29.8,1250.0,1250.03,43.9995,Moderate Misalignment,0.8763,-0.0063,0.8834,0.1113,-0.003,48.0285,49.4051,100.0,9.2731,24.3251,48.8702,95.5193,0.2824,59.7104,12.5732,No,0.0,0.0039,0.0017,Good,High,0.3548,10.0,20.2482,34.2875,Moderate Risk,53.4272,49.6713,44.8473,Moderate Misalignment,72.8372,61.2185,Side Impact Potential,Peri-Urban,6.3735,False,Residential,Poor Infrastructure | Above Human Tolerance Limit,0.1347,Light,False,57.2339,0.0033,0.003,Moderate Misalignment,48,Unnamed Road,1430
3126,Unnamed Road,Urban Road,URB-03126,3126,12.9164,77.635,12.9159,77.6382,371.0,1250.4,1250.771,16.4499,Aligned,0.8619,0.8528,0.1596,0.013,-0.0044,66.5507,62.8131,100.0,0.9416,15.2085,80.4458,76.5928,40.7173,59.117,4.7842,Yes,0.0,0.9935,-0.0183,Good,Medium,0.2234,10.0,10.0,32.0193,Moderate Risk,60.143,67.6289,20.4153,Aligned,72.4774,46.2928,Separated Traffic,Rural,6.1254,True,Residential,Poor Infrastructure,0.0199,,False,65.7384,0.0025,0.004,Aligned,68,Unnamed Road,1431
3127,Unnamed Road,Urban Road,URB-03127,3127,12.9159,77.6382,12.9161,77.6354,326.1,1250.8,1251.126,12.5307,Aligned,0.9744,1.0001,0.0189,-0.0112,-0.0074,25.9427,23.9304,76.1129,29.4632,27.988,69.4038,71.4216,0.0238,39.8259,16.4679,No,0.0,0.0006,0.0252,Poor,Low,1.4691,10.0,10.0,21.5079,Safe,74.5743,24.3927,19.3094,Aligned,24.668,66.619,Separated Traffic,Urban,2.127,True,Mixed,Poor Infrastructure,0.0099,,False,21.5943,-0.0045,0.0011,Aligned,25,Unnamed Road,1432
3128,Unnamed Road,Urban Road,URB-03128,3128,12.9173,77.6411,12.9159,77.6382,383.6,1251.2,1251.584,10.5222,Aligned,0.9768,0.9855,0.012,-0.0073,0.0103,43.2502,43.1188,75.327,44.6454,35.6412,50.792,80.6342,0.4936,50.7278,37.2023,No,0.0,0.0044,1.0202,Good,Medium,1.8435,10.0,10.2616,22.1976,Safe,77.3397,45.7821,19.6758,Aligned,41.4243,58.8658,Side Impact Potential,Urban,1.9727,True,Commercial,Meets Safe System Standards,-0.0023,,False,40.0849,-0.0052,0.0108,Aligned,46,Unnamed Road,1433
3129,Unnamed Road,Urban Road,URB-03129,3129,12.9171,77.6408,12.9159,77.6382,308.5,1251.6,1251.909,9.071,Aligned,0.9538,0.9478,0.0111,-0.016,0.0002,35.792,35.7381,77.5313,17.3265,29.4968,51.6723,66.5447,0.1534,47.5443,18.896,No,0.0,-0.0041,-0.0418,Good,Medium,2.0342,10.0,10.0,23.6555,Safe,70.4159,35.3057,20.7842,Aligned,32.6522,63.8263,Side Impact Potential,Urban,3.8943,False,Commercial,Poor Infrastructure,0.1638,Light,False,27.85,-0.0121,0.0052,Aligned,36,Unnamed Road,1434
3130,Unnamed Road,Urban Road,URB-03130,3130,12.917,77.6236,12.9166,77.6236,51.8,1252.0,1252.052,9.4045,Aligned,0.9721,0.9591,0.0314,0.0148,0.001,35.2562,31.4067,53.9979,41.3359,31.7607,50.4189,91.1785,0.3475,41.2461,25.2524,No,0.0,0.003,-0.0278,Good,Low,2.6823,10.0,10.1553,21.2578,Safe,77.38,33.3905,19.4059,Aligned,34.2078,63.4792,Side Impact Potential,Urban,3.1923,False,Commercial,Meets Safe System Standards,0.0103,,False,32.898,0.0122,-0.0054,Aligned,34,Unnamed Road,1435
3131,Unnamed Road,Urban Road,URB-03131,3131,12.9174,77.6236,12.917,77.6236,47.3,1252.4,1252.447,11.1206,Aligned,0.9696,0.9594,0.0293,-0.0175,-0.011,45.0639,45.8473,79.4447,26.5364,21.7948,48.7525,80.969,0.1586,49.4072,10.2835,No,0.0,-0.0041,0.0044,Poor,Low,1.562,10.0,10.169,19.0943,Safe,74.1283,45.9043,18.7923,Aligned,48.0837,51.6333,Side Impact Potential,Peri-Urban,6.0108,False,Residential,Poor Infrastructure,0.1418,Light,False,35.9165,-0.0125,0.0017,Aligned,43,Unnamed Road,1436
3132,Unnamed Road,Urban Road,URB-03132,3132,12.9175,77.6248,12.9174,77.6236,131.6,1252.8,1252.932,21.0468,Aligned,0.6809,0.6866,0.3219,-0.0085,0.0022,30.7011,32.0592,54.2639,30.0218,38.9683,48.9076,92.7339,0.1715,60.0,37.5726,No,0.0,0.0063,1.0019,Poor,High,2.3178,10.0,10.0,26.1007,Moderate Risk,72.8473,33.3894,22.4627,Aligned,28.9709,61.4029,Side Impact Potential,Urban,4.0258,False,Residential,Poor Infrastructure,0.1254,Light,False,25.0082,-0.0005,-0.0084,Aligned,31,Unnamed Road,1437
3133,Unnamed Road,Urban Road,URB-03133,3133,12.9118,77.6319,12.9115,77.6307,130.0,1253.2,1253.33,9.2645,Aligned,0.9955,1.0155,0.0008,-0.0186,-0.0014,19.2557,20.8592,28.7792,9.4318,18.0166,51.1484,78.5114,0.2015,30.8931,5.9207,No,0.0,-0.0015,0.0082,Poor,High,3.0448,10.0,10.1623,20.5439,Safe,71.1456,19.2158,18.1845,Aligned,19.6218,49.9067,Side Impact Potential,Peri-Urban,1.0077,False,Residential,Poor Infrastructure,0.2037,Light,False,13.4759,0.0027,0.0004,Aligned,19,Unnamed Road,1438
3134,Unnamed Road,Urban Road,URB-03134,3134,12.9167,77.6284,12.9175,77.6248,398.2,1253.6,1253.998,26.638,Moderate Misalignment,0.527,0.4446,0.5303,0.0091,0.0111,80.6794,78.0302,96.378,29.0206,28.8174,81.0649,62.391,0.111,59.6708,22.5271,No,0.0,-0.0043,-0.0857,Poor,High,0.474,10.0,10.2792,26.9719,Moderate Risk,66.5669,80.6829,32.0306,Moderate Misalignment,81.7309,60.6134,Separated Traffic,Peri-Urban,5.9446,True,Industrial,Poor Infrastructure | Above Human Tolerance Limit,0.1467,Light,False,63.3177,-0.0111,0.0168,Moderate Misalignment,80,Unnamed Road,1439
3135,Unnamed Road,Urban Road,URB-03135,3135,12.9166,77.6292,12.9167,77.6284,90.3,1254.0,1254.09,71.295,High Misalignment,0.94,0.0093,0.0685,0.9133,-0.0061,30.1483,30.184,56.3541,73.5187,54.4293,30.1921,100.0,0.0,50.0668,62.8453,No,0.0,0.005,1.0279,Poor,Low,3.2492,10.0,19.2737,38.6862,Moderate Risk,60.6437,30.289,56.9656,High Misalignment,60.4177,64.8907,Significant Pedestrian Interaction,Urban,4.1549,False,Commercial,Speed Limit Misaligned | High Pedestrian Interaction | Above Human Tolerance Limit,-0.0021,,False,50.9576,0.002,-0.0014,High Misalignment,29,Unnamed Road,1440
3136,Unnamed Road,Urban Road,URB-03136,3136,12.9165,77.6323,12.9166,77.6292,346.9,1254.4,1254.747,11.9795,Aligned,0.9095,0.9134,0.0649,0.0087,-0.005,56.0341,55.9068,96.0171,2.3173,13.5539,79.4984,70.0213,0.2409,57.8013,4.6331,No,0.0,-0.0038,-0.0661,Good,Low,0.1948,10.0,10.0,19.7536,Safe,69.2883,54.3254,16.3528,Aligned,51.0333,33.6603,Separated Traffic,Rural,4.9628,True,Residential,Poor Infrastructure,0.2571,Light,False,36.6374,-0.0092,0.0181,Aligned,55,Unnamed Road,1441
3137,Unnamed Road,Urban Road,URB-03137,3137,12.9243,77.6518,12.9241,77.6535,201.6,1254.8,1255.002,13.9313,Aligned,0.9045,0.9014,0.077,0.0085,-0.0036,24.1789,25.5517,55.9203,27.6782,25.5178,50.529,89.013,0.1274,31.115,20.715,No,0.0,-0.0023,0.0207,Poor,Low,1.8307,10.0,10.0,21.3156,Safe,74.1999,26.518,19.2671,Aligned,25.7559,50.5422,Side Impact Potential,Peri-Urban,3.939,False,Industrial,Poor Infrastructure,-0.0151,,False,23.6761,-0.0078,-0.011,Aligned,25,Unnamed Road,1442
3138,Unnamed Road,Urban Road,URB-03138,3138,12.9241,77.6535,12.924,77.654,57.4,1255.2,1255.257,39.5586,Moderate Misalignment,0.9877,0.0477,1.0163,0.0082,0.0032,78.2268,77.0468,100.0,15.8474,26.2099,79.4568,96.112,0.2443,59.5822,23.7953,No,0.0,0.0027,0.935,Poor,Medium,0.145,10.0,27.0698,29.2242,Moderate Risk,60.2399,75.9124,37.8973,Moderate Misalignment,77.9595,42.9476,Separated Traffic,Rural,5.9964,True,Residential,Poor Infrastructure,0.1679,Light,False,57.1019,0.0072,0.0041,Moderate Misalignment,80,Unnamed Road,1443
3139,Unnamed Road,Urban Road,URB-03139,3139,12.9112,77.6296,12.9115,77.6307,123.3,1255.6,1255.723,11.7741,Aligned,0.9702,0.9509,-0.0162,-0.0008,-0.0139,27.4235,29.6278,81.1738,10.431,28.7713,47.6875,76.4826,0.2114,41.3038,16.8252,No,0.0,0.006,0.0244,Poor,Low,1.844,10.0,10.0,25.0867,Safe,69.2655,28.8002,21.9868,Aligned,30.1433,67.6462,Side Impact Potential,Urban,1.9032,True,Commercial,Poor Infrastructure,0.031,,False,25.476,0.0038,-0.0047,Aligned,27,Unnamed Road,1444
3140,Unnamed Road,Urban Road,URB-03140,3140,12.9246,77.6499,12.9243,77.6518,226.0,1256.0,1256.226,11.1707,Aligned,0.9681,0.9751,0.0484,0.0071,0.0064,30.7424,30.3825,82.6406,8.3995,26.7314,50.6476,81.3046,0.3791,37.2758,15.8363,No,0.0,0.0012,-0.042,Good,Low,2.0437,10.0,10.1944,23.414,Safe,69.6127,32.7635,20.3721,Aligned,33.7621,60.2939,Side Impact Potential,Urban,2.8148,True,Residential,Poor Infrastructure,-0.003,,False,27.7586,-0.008,-0.0062,Aligned,32,Unnamed Road,1445
3141,Unnamed Road,Urban Road,URB-03141,3141,12.9104,77.6271,12.9086,77.6282,236.7,1256.4,1256.637,9.9443,Aligned,0.961,0.9497,0.0447,0.0108,-0.0064,80.8122,79.2441,100.0,9.722,18.9918,80.1957,27.2015,0.0,60.0,11.5673,No,0.0,-0.0003,0.0031,Poor,High,0.1684,10.0,10.0,23.2751,Safe,68.0389,80.8105,25.0164,Aligned,84.2658,44.688,Separated Traffic,Rural,7.0291,True,Residential,Active Congestion | Poor Infrastructure,0.6439,Severe,False,31.0917,0.0009,-0.0181,Aligned,79,Unnamed Road,1446
3142,Unnamed Road,Urban Road,URB-03142,3142,12.9086,77.6282,12.9077,77.6287,113.5,1256.8,1256.914,34.2225,Moderate Misalignment,0.7806,0.2487,0.7817,-0.0169,0.0011,48.1185,47.4834,69.6696,9.7834,22.6103,52.2415,100.0,0.073,48.5603,10.713,No,0.0,-0.0009,-0.0033,Poor,High,1.8225,10.0,26.7837,27.9363,Moderate Risk,61.5293,48.3769,33.5655,Moderate Misalignment,60.0306,53.416,Side Impact Potential,Peri-Urban,1.8943,False,Residential,Poor Infrastructure,0.1849,Light,False,50.4232,0.0053,-0.0176,Moderate Misalignment,50,Unnamed Road,1447
3143,Unnamed Road,Urban Road,URB-03143,3143,12.9077,77.6287,12.9072,77.6291,65.0,1257.2,1257.265,17.468,Aligned,0.773,0.7566,0.2202,0.0056,-0.008,50.4346,49.6285,78.6427,13.3047,23.4017,51.099,95.2428,0.0587,60.0,9.3444,No,0.0,-0.0005,-0.0259,Good,Low,1.8262,10.0,10.0,22.1607,Safe,71.3838,52.5044,18.9126,Aligned,50.8505,63.0934,Side Impact Potential,Urban,4.1027,False,Commercial,Poor Infrastructure,-0.0067,,False,46.1003,-0.0043,-0.0142,Aligned,50,Unnamed Road,1448
3144,Unnamed Road,Urban Road,URB-03144,3144,12.9948,77.6648,12.9942,77.6635,163.6,1257.6,1257.764,12.549,Aligned,0.9335,0.9295,0.0704,0.0086,0.0048,50.7396,49.3217,72.5366,44.5176,28.3545,51.3082,90.8873,0.0,50.829,21.8781,No,0.0,0.007,-0.0245,Good,High,1.4754,10.0,10.7734,21.8993,Safe,75.1537,52.033,21.7046,Aligned,57.2795,56.0182,Side Impact Potential,Urban,4.0542,False,Residential,Meets Safe System Standards,0.1383,Light,False,44.3787,-0.0022,-0.0195,Aligned,51,Unnamed Road,1449
3145,Unnamed Road,Urban Road,URB-03145,3145,12.986,77.7462,12.9859,77.7462,404.0,1258.0,1258.404,40.3235,Moderate Misalignment,0.8116,0.1051,0.7837,0.0898,-0.0044,31.0917,30.9932,86.9627,53.8223,47.1582,30.1116,88.4964,0.147,59.4221,54.9208,No,0.0,-0.0007,1.9897,Good,Medium,1.805,10.0,10.1007,40.4154,Moderate Risk,54.3158,29.6377,62.0238,High Misalignment,56.8614,59.6457,Significant Pedestrian Interaction,Urban,4.8941,True,Mixed,Speed Limit Misaligned | High Pedestrian Interaction | Above Human Tolerance Limit,0.001,,False,52.2764,-0.003,0.0003,Moderate Misalignment,32,Unnamed Road,1450