segment_id,road_name,road_type,human_segment_id,internal_id,start_lat,start_lon,end_lat,end_lon,length_m,start_km,end_km,road_risk_score,ai_risk_label,ai_risk_probability,prob_low_risk,prob_medium_risk,prob_high_risk,prob_critical_risk,ai_recommended_speed,recommended_safe_speed,road_function_score,infrastructure_score,exposure_score,human_tolerance_limit,operating_speed_score,crash_risk_score,posted_speed_limit,pedestrian_exposure_score,blackspot_flag,crash_count,fatal_crashes,schools_count,lighting_quality,roadside_hazards,intersection_density,speed_compliance_rate,speed_violation_score,hotspot_score,hotspot_category,speed_safety_score,original_safe_speed,misalignment_score,misalignment_category,speed_p85,ptw_share_pct,exposure_tier,urban_rural_flag,lane_count,median_presence,land_use_type,top_ai_factors,congestion_index,congestion_category,congestion_smoothed,operating_speed_mean,minor_crashes,major_crashes,risk_category,final_safe_speed,corridor_base,corridor_seq
3146,Unnamed Road,Urban Road,URB-03146,3146,12.9955,77.6638,12.9948,77.6642,97.3,1258.4,1258.497,44.1261,Moderate Misalignment,0.6884,0.1183,0.6547,0.2388,-0.0007,49.7734,48.2459,99.5638,14.2915,20.1582,49.5628,83.1944,0.0,59.6159,8.0377,No,0.0,0.0068,0.9976,Poor,Medium,0.1237,10.0,10.0,25.3298,Moderate Risk,63.5129,51.6681,30.3788,Moderate Misalignment,52.4805,44.7672,Side Impact Potential,Rural,4.994,False,Residential,Poor Infrastructure | Above Human Tolerance Limit,0.0022,,False,49.9335,-0.0175,0.0129,Moderate Misalignment,50,Unnamed Road,1451
3147,Unnamed Road,Urban Road,URB-03147,3147,12.9944,77.6635,12.9948,77.6642,89.0,1258.8,1258.889,10.8351,Aligned,0.969,1.0048,0.0186,-0.0012,-0.0027,24.0871,23.4825,55.3345,9.7529,27.1831,50.8337,82.6778,0.4455,39.6134,20.3247,No,0.0,0.0007,-0.0564,Poor,Low,2.2794,10.0,10.1927,23.9507,Safe,69.4716,21.3035,20.4442,Aligned,20.8868,56.142,Side Impact Potential,Peri-Urban,3.9213,False,Commercial,Poor Infrastructure,-0.0185,,False,17.8789,0.0073,0.0089,Aligned,21,Unnamed Road,1452
3148,Unnamed Road,Urban Road,URB-03148,3148,12.9948,77.6642,12.9948,77.6644,24.8,1259.2,1259.225,41.3336,Moderate Misalignment,0.9832,0.0034,0.9996,0.0194,-0.0073,30.6095,28.4824,88.3277,55.7414,46.4187,30.5859,97.3632,0.0,41.4665,61.2727,No,0.0,0.0062,1.9085,Good,High,1.9289,10.0,14.5063,32.9138,Moderate Risk,66.2476,27.5761,40.3178,Moderate Misalignment,48.8594,53.4959,Significant Pedestrian Interaction,Peri-Urban,5.8877,True,Residential,High Pedestrian Interaction | Above Human Tolerance Limit,0.0094,,False,42.4673,-0.0016,0.0039,Moderate Misalignment,31,Unnamed Road,1453
3149,Unnamed Road,Urban Road,URB-03149,3149,12.9948,77.6644,12.995,77.6649,50.6,1259.6,1259.651,44.0718,Moderate Misalignment,0.793,0.0178,0.8158,0.1444,0.0087,48.9896,49.9181,99.4463,35.0572,26.3207,50.6595,70.4454,0.412,58.5362,12.185,No,0.0,0.0013,0.0491,Good,Low,0.4539,10.0,10.0,26.5502,Moderate Risk,68.949,50.9467,30.2692,Moderate Misalignment,51.004,63.287,Side Impact Potential,Urban,5.9544,False,Commercial,Poor Infrastructure | Above Human Tolerance Limit,-0.008,,False,40.4207,-0.005,-0.0019,Moderate Misalignment,50,Unnamed Road,1454
3150,Unnamed Road,Urban Road,URB-03150,3150,12.995,77.6649,12.995,77.6651,22.8,1260.0,1260.023,8.2786,Aligned,0.989,0.9671,-0.0201,-0.0013,-0.0049,21.6654,21.2159,29.0537,1.5505,21.4398,49.5776,80.661,0.3194,28.0571,3.4928,No,0.0,-0.0017,0.0608,Poor,Low,3.3848,10.0,10.5965,22.5963,Safe,68.7531,20.3936,20.9672,Aligned,22.5498,58.017,Side Impact Potential,Peri-Urban,2.0128,False,Commercial,Poor Infrastructure,0.0222,,False,14.1535,0.013,0.0099,Aligned,21,Unnamed Road,1455
3151,Unnamed Road,Urban Road,URB-03151,3151,12.9942,77.6634,12.9944,77.6635,22.8,1260.4,1260.423,40.836,Moderate Misalignment,0.8897,0.0886,0.8522,0.0941,0.0094,49.2007,47.4394,98.6553,20.0624,19.4639,50.1726,91.2819,0.5452,58.5832,13.3171,No,0.0,0.0062,-0.0013,Good,Low,0.3088,10.0,24.1677,30.2605,Moderate Risk,57.714,49.9485,44.7504,Moderate Misalignment,72.094,42.6511,Side Impact Potential,Rural,3.8446,False,Residential,Poor Infrastructure | Above Human Tolerance Limit,0.0013,,False,70.2611,0.0182,0.0027,Moderate Misalignment,51,Unnamed Road,1456
3152,Unnamed Road,Urban Road,URB-03152,3152,13.0943,77.5541,13.0952,77.5546,113.2,1260.8,1260.913,17.351,Aligned,0.8278,0.8105,0.1188,0.0572,-0.0018,62.908,63.3649,100.0,1.3036,15.9206,76.7157,79.4497,0.0329,60.0,11.3427,No,0.0,-0.0065,0.0363,Poor,Low,0.3011,10.0,10.065,22.2063,Safe,66.6333,60.6973,21.4419,Aligned,61.7853,35.6204,Separated Traffic,Rural,4.0542,True,Industrial,Poor Infrastructure,0.2177,Light,False,47.3272,0.0023,-0.0044,Aligned,60,Unnamed Road,1457
3153,Unnamed Road,Urban Road,URB-03153,3153,13.0952,77.5546,13.0958,77.5546,64.8,1261.2,1261.265,27.3038,Moderate Misalignment,0.5544,0.396,0.5507,0.0091,-0.0038,51.6206,50.0308,54.3372,22.5606,19.7985,49.3383,92.8551,0.0,40.7276,11.7618,No,0.0,-0.0036,0.0249,Poor,Low,2.257,10.0,23.5907,23.4815,Safe,67.9331,48.9345,27.5898,Moderate Misalignment,48.3135,52.2428,Side Impact Potential,Peri-Urban,2.9203,False,Commercial,Poor Infrastructure,0.0104,,False,43.4514,-0.0193,0.0052,Moderate Misalignment,50,Unnamed Road,1458
3154,Unnamed Road,Urban Road,URB-03154,3154,13.0974,77.5547,13.0971,77.5547,29.9,1261.6,1261.63,10.572,Aligned,0.9826,0.9562,0.0354,-0.0063,-0.0064,21.5727,22.3033,53.9307,24.9086,20.9138,49.3997,83.762,0.3692,60.0,17.7486,No,0.0,-0.0073,-0.0397,Poor,Low,1.3732,10.0,10.1329,20.1813,Safe,74.4441,20.5618,16.9485,Aligned,23.8107,41.7141,Side Impact Potential,Rural,4.1613,False,Residential,Approach to Congestion (Tapered) | Poor Infrastructure,-0.0042,,True,18.9501,0.0036,-0.0039,Aligned,23,Unnamed Road,1459
3155,Unnamed Road,Urban Road,URB-03155,3155,13.0985,77.5543,13.0974,77.5547,129.9,1262.0,1262.13,44.707,Moderate Misalignment,0.6996,0.0733,0.6916,0.1843,0.0064,49.9677,49.1665,97.6589,40.9724,26.8019,48.5313,76.3062,0.0,58.8772,13.8378,No,0.0,-0.0021,-0.0612,Good,High,0.4205,10.0,10.0,35.4081,Moderate Risk,54.6575,50.4722,57.8263,High Misalignment,69.8526,68.8983,Side Impact Potential,Urban,7.2792,False,Residential,Speed Limit Misaligned | Above Human Tolerance Limit,-0.0054,,False,64.3033,0.0014,0.0096,Moderate Misalignment,50,Unnamed Road,1460
3156,Unnamed Road,Urban Road,URB-03156,3156,13.0958,77.5546,13.0961,77.5546,33.0,1262.4,1262.433,9.7917,Aligned,0.9716,0.9486,-0.0037,-0.0029,-0.0097,17.2883,18.5304,28.4823,22.4329,34.218,30.2577,85.7123,0.0068,20.2802,28.0866,No,0.0,-0.0109,0.9374,Poor,High,3.7265,10.0,10.4565,25.9689,Moderate Risk,70.5177,16.5594,21.8685,Aligned,14.0604,60.0429,Significant Pedestrian Interaction,Peri-Urban,1.9104,False,Mixed,High Pedestrian Interaction | Poor Infrastructure,0.1933,Light,False,11.3762,0.003,0.011,Aligned,17,Unnamed Road,1461
3157,Unnamed Road,Urban Road,URB-03157,3157,13.0961,77.5546,13.0963,77.5546,26.6,1262.8,1262.827,14.3393,Aligned,0.865,0.8369,0.1743,0.0067,-0.0001,37.3274,36.8122,84.2437,28.5861,26.6405,49.5437,91.8521,0.3234,41.627,19.5479,No,0.0,0.0056,0.0745,Good,Low,1.8138,10.0,10.0,20.6034,Safe,75.4771,37.1915,20.5317,Aligned,38.8119,57.1743,Side Impact Potential,Urban,6.1064,False,Industrial,Poor Infrastructure,0.0115,,False,33.3054,-0.0139,-0.0015,Aligned,37,Unnamed Road,1462
3158,Unnamed Road,Urban Road,URB-03158,3158,13.0963,77.5546,13.0969,77.5546,64.2,1263.2,1263.264,28.0759,Moderate Misalignment,0.5949,0.4195,0.5803,0.012,0.0191,49.6008,51.2882,82.6894,32.3146,34.7327,50.5386,89.9983,0.0165,37.8824,28.7688,No,0.0,0.0078,-0.0683,Good,Medium,2.1631,10.0,26.5386,28.7668,Moderate Risk,67.8015,52.7962,31.9793,Moderate Misalignment,52.5443,66.0591,Side Impact Potential,Urban,3.8967,True,Commercial,Poor Infrastructure,0.0317,,False,46.7425,-0.0202,0.0167,Moderate Misalignment,50,Unnamed Road,1463
3159,Unnamed Road,Urban Road,URB-03159,3159,13.0969,77.5546,13.0983,77.5543,168.7,1263.6,1263.769,42.4698,Moderate Misalignment,0.8814,0.0809,0.8756,0.0832,0.003,48.9512,50.8712,99.5999,7.7885,15.0598,49.619,65.7376,0.1797,59.0585,2.298,No,0.0,-0.0056,-0.0012,Poor,High,0.1997,10.0,10.0,30.0323,Moderate Risk,56.2066,50.6966,44.4866,Moderate Misalignment,56.0889,43.4967,Side Impact Potential,Rural,6.9335,False,Residential,Poor Infrastructure | Above Human Tolerance Limit,-0.0017,,False,49.5085,-0.0073,0.0045,Moderate Misalignment,49,Unnamed Road,1464
3160,Unnamed Road,Urban Road,URB-03160,3160,13.0971,77.5547,13.0969,77.5546,27.4,1264.0,1264.027,17.0772,Aligned,0.78,0.7386,0.2232,0.021,0.001,33.9454,34.7678,50.6217,22.2756,23.4133,52.1343,99.6693,0.0,28.0992,11.9173,No,0.0,-0.0033,0.0445,Poor,Medium,2.2895,10.0,10.8966,24.2288,Safe,70.5895,35.0295,23.0393,Aligned,32.067,56.8365,Side Impact Potential,Urban,2.9707,False,Industrial,Poor Infrastructure,-0.0144,,False,28.4745,-0.0113,0.0001,Aligned,35,Unnamed Road,1465
3161,Unnamed Road,Urban Road,URB-03161,3161,13.0983,77.5543,13.1005,77.5539,245.5,1264.4,1264.646,7.4736,Aligned,0.9565,0.9207,0.045,0.0017,0.0005,22.6815,25.4267,26.8522,24.4051,20.5478,50.9406,99.8305,0.5039,20.258,10.6634,No,0.0,0.0097,0.0061,Good,Medium,2.5093,10.0,16.7373,21.1819,Safe,73.5806,23.4443,21.7696,Aligned,24.7341,49.6054,Side Impact Potential,Peri-Urban,0.8855,False,Commercial,Poor Infrastructure,0.009,,False,19.6531,0.0142,-0.0007,Aligned,23,Unnamed Road,1466
3162,Unnamed Road,Urban Road,URB-03162,3162,13.1005,77.5539,13.0985,77.5543,228.7,1264.8,1265.029,11.089,Aligned,0.9722,0.9597,0.0052,0.0082,-0.0055,43.9658,43.191,74.298,13.7757,29.0577,47.6055,76.2413,5.1226,50.8946,15.0845,No,0.0,-0.012,0.0342,Good,Medium,2.3595,10.0,10.1327,25.0499,Moderate Risk,69.3048,43.3708,20.5515,Aligned,41.3726,66.015,Side Impact Potential,Urban,3.1819,False,Industrial,Poor Infrastructure,0.1605,Light,False,34.0297,0.9863,-0.0009,Aligned,44,Unnamed Road,1467
3163,Unnamed Road,Urban Road,URB-03163,3163,12.9116,77.5585,12.9087,77.5585,322.9,1265.2,1265.523,39.5619,Moderate Misalignment,0.9643,0.0718,0.9735,-0.0115,-0.0055,80.5979,78.5998,100.0,38.1045,26.782,81.4495,10.0,0.0,58.9675,27.438,No,0.0,-0.0067,2.0072,Poor,Low,0.1923,10.0,10.0,24.7544,Moderate Risk,69.0798,79.3063,30.2372,Moderate Misalignment,84.6238,39.2395,Separated Traffic,Rural,6.0641,True,Residential,Active Congestion | Above Human Tolerance Limit,0.6608,Severe,False,28.7011,0.006,0.0116,Moderate Misalignment,80,Unnamed Road,1468
3164,Unnamed Road,Urban Road,URB-03164,3164,12.9655,77.4892,12.9657,77.4889,49.4,1265.6,1265.649,10.511,Aligned,0.9937,0.9479,0.0364,-0.0063,0.0095,38.8444,40.3921,30.9092,12.013,18.2111,49.5833,94.3058,0.1289,31.2468,4.388,No,0.0,0.0174,0.0528,Poor,High,2.582,10.0,33.4315,24.8387,Moderate Risk,64.7966,38.8201,27.9048,Moderate Misalignment,44.6427,54.763,Side Impact Potential,Peri-Urban,2.3307,False,Mixed,Poor Infrastructure,0.0075,,False,33.9878,0.0056,0.0042,Aligned,39,Unnamed Road,1469
3165,Unnamed Road,Urban Road,URB-03165,3165,12.9659,77.4885,12.9657,77.4889,45.9,1266.0,1266.046,11.9582,Aligned,0.9466,0.9252,0.0718,0.0211,0.0038,33.1986,33.2494,84.7137,24.5593,27.8826,49.5086,65.4031,0.0,49.8021,17.7328,No,0.0,-0.003,1.0744,Good,Medium,1.7783,10.0,10.0,22.3523,Safe,73.0998,33.5896,18.2166,Aligned,34.6568,59.5121,Side Impact Potential,Urban,5.0737,True,Residential,Poor Infrastructure,-0.0013,,False,27.8578,0.0052,-0.0155,Aligned,33,Unnamed Road,1470
3166,Unnamed Road,Urban Road,URB-03166,3166,12.9651,77.4892,12.9655,77.4892,45.4,1266.4,1266.445,37.539,Moderate Misalignment,0.952,0.0491,0.9374,0.0121,-0.0126,41.9992,43.3612,89.8671,22.0288,40.9464,50.5409,93.1084,0.0,38.7406,44.9931,No,0.0,-0.0015,1.0482,Good,Low,1.5757,10.0,10.8539,28.173,Moderate Risk,68.6776,43.4019,25.2966,Moderate Misalignment,41.1491,56.5385,Side Impact Potential,Urban,6.2619,True,Commercial,Poor Infrastructure,0.014,,False,36.6406,-0.0025,0.0047,Moderate Misalignment,42,Unnamed Road,1471
3167,Unnamed Road,Urban Road,URB-03167,3167,12.9682,77.4802,12.9678,77.4803,43.7,1266.8,1266.844,11.1273,Aligned,0.9522,0.9371,0.0647,-0.0058,-0.0008,29.1218,31.6264,75.538,37.9573,48.0226,48.3815,75.3495,0.0429,39.0342,54.844,No,0.0,0.0008,1.028,Good,Low,1.7543,10.0,10.5969,27.8269,Moderate Risk,71.8405,31.037,24.1622,Aligned,30.5467,66.0405,Side Impact Potential,Urban,2.1259,True,Residential,Meets Safe System Standards,0.1623,Light,False,21.613,0.0043,0.002,Aligned,29,Unnamed Road,1472
3168,Unnamed Road,Urban Road,URB-03168,3168,12.9669,77.48,12.9678,77.4803,105.6,1267.2,1267.306,25.7573,Moderate Misalignment,0.5004,0.5299,0.5338,0.0037,-0.0028,75.5058,75.9358,99.5543,6.706,16.716,80.2878,58.5769,0.3484,59.4387,11.0458,No,0.0,0.0041,0.0464,Good,Medium,0.2003,10.0,10.0,26.0232,Moderate Risk,63.2024,76.1488,30.3006,Moderate Misalignment,75.9524,36.4581,Separated Traffic,Rural,3.9872,True,Residential,Poor Infrastructure | Above Human Tolerance Limit,0.0194,,False,63.4705,-0.0011,-0.0053,Moderate Misalignment,77,Unnamed Road,1473
3169,Unnamed Road,Urban Road,URB-03169,3169,12.9544,77.4801,12.9544,77.4795,64.0,1267.6,1267.664,27.12,Aligned,0.5014,0.5003,0.3963,0.0482,0.0003,80.319,78.2927,100.0,3.0183,14.3162,80.899,89.4508,0.2688,60.0,0.0,No,0.0,0.0015,-0.055,Poor,Medium,0.2087,10.0,30.8152,29.1865,Moderate Risk,56.8532,80.7796,39.4071,Moderate Misalignment,92.9255,42.7916,Separated Traffic,Rural,4.9273,True,Residential,Poor Infrastructure,-0.012,,False,76.5742,0.0092,0.0031,Aligned,79,Unnamed Road,1474
3170,Unnamed Road,Urban Road,URB-03170,3170,12.9544,77.4801,12.9546,77.4824,254.2,1268.0,1268.254,13.5597,Aligned,0.836,0.8468,0.1318,0.0023,0.0025,48.839,49.1211,100.0,9.4589,21.2174,78.0505,53.8011,0.1659,60.0,16.0212,No,0.0,-0.0005,-0.0171,Poor,High,0.3777,10.0,10.3357,21.9761,Safe,70.4802,46.3625,18.4321,Aligned,47.9202,49.1354,Separated Traffic,Peri-Urban,8.0458,True,Mixed,Poor Infrastructure,-0.0057,,False,38.3447,-0.0072,-0.0041,Aligned,50,Unnamed Road,1475
3171,Unnamed Road,Urban Road,URB-03171,3171,12.9523,77.4891,12.9522,77.4896,49.8,1268.4,1268.45,10.2723,Aligned,0.9909,1.0276,0.0324,-0.016,-0.0053,35.4729,36.9162,80.802,57.0454,31.4758,48.9097,79.7849,0.0102,39.0911,24.6299,No,0.0,0.0035,-0.0781,Good,High,1.8142,10.0,10.3309,18.0006,Safe,81.7164,34.4572,15.8533,Aligned,34.2186,59.905,Side Impact Potential,Urban,6.0514,False,Residential,Meets Safe System Standards,0.1593,Light,False,27.5084,0.0027,0.0038,Aligned,37,Unnamed Road,1476
3172,Unnamed Road,Urban Road,URB-03172,3172,12.9523,77.4891,12.9524,77.4887,47.6,1268.8,1268.848,34.5327,Moderate Misalignment,0.841,0.1829,0.8683,-0.0149,0.0087,50.0513,50.1729,82.8946,32.6665,31.4775,50.1286,90.3048,0.2704,50.4734,20.4399,No,0.0,-0.003,-0.0274,Good,High,1.6662,10.0,22.8694,27.1405,Moderate Risk,66.7992,49.9864,30.6597,Moderate Misalignment,58.7256,60.4896,Side Impact Potential,Urban,4.0024,True,Commercial,Poor Infrastructure,-0.0091,,False,58.3875,-0.0173,0.0024,Moderate Misalignment,50,Unnamed Road,1477
3173,Unnamed Road,Urban Road,URB-03173,3173,12.964,77.4794,12.9638,77.48,65.2,1269.2,1269.265,35.1193,Moderate Misalignment,0.75,0.1983,0.8066,0.0346,-0.0063,67.425,66.9877,100.0,12.4576,22.3272,80.1904,91.1554,0.3036,58.0156,14.6976,No,0.0,-0.0116,-0.0373,Poor,High,0.1946,10.0,11.7053,24.7161,Safe,66.7274,66.7463,28.2208,Moderate Misalignment,66.248,45.3904,Separated Traffic,Rural,7.7534,True,Industrial,Poor Infrastructure,0.0036,,False,55.5632,0.0053,-0.0103,Moderate Misalignment,68,Unnamed Road,1478
3174,Unnamed Road,Urban Road,URB-03174,3174,12.9632,77.4818,12.9638,77.48,216.0,1269.6,1269.816,29.0676,Moderate Misalignment,0.5217,0.4175,0.5235,0.0743,0.0036,61.614,59.9809,99.2805,5.1224,20.5546,79.7999,88.6328,0.1739,60.0,5.4605,No,0.0,0.0127,0.0133,Good,High,0.8088,10.0,10.1077,22.1847,Safe,69.2567,61.6462,19.4162,Aligned,57.5747,56.5598,Separated Traffic,Urban,5.8249,True,Industrial,Poor Infrastructure,0.006,,False,53.582,-0.006,-0.0059,Moderate Misalignment,60,Unnamed Road,1479
3175,Unnamed Road,Urban Road,URB-03175,3175,12.9524,77.4882,12.9524,77.4887,50.5,1270.0,1270.051,39.194,Moderate Misalignment,0.9328,0.0449,0.9304,0.023,0.0059,63.5683,64.2646,76.9469,42.6227,28.9063,69.286,95.8071,0.0,49.2441,19.3944,No,0.0,0.0039,-0.0089,Good,Medium,1.4708,10.0,30.1376,26.3191,Moderate Risk,68.4422,65.3858,31.9247,Moderate Misalignment,63.9212,64.0938,Separated Traffic,Urban,3.091,True,Mixed,Meets Safe System Standards,0.1477,Light,False,52.1481,-0.0116,0.0101,Moderate Misalignment,65,Unnamed Road,1480
3176,Unnamed Road,Urban Road,URB-03176,3176,12.9522,77.4896,12.9522,77.4899,32.5,1270.4,1270.433,8.896,Aligned,0.9651,0.9517,0.0428,0.0063,-0.0093,31.1194,31.8961,86.2723,21.2734,30.4137,51.0099,77.6669,0.1797,42.1911,21.8356,No,0.0,0.0034,0.0361,Poor,Medium,2.1853,10.0,10.0,22.5775,Safe,73.4452,30.6986,20.4853,Aligned,28.0306,53.1343,Side Impact Potential,Urban,5.2222,True,Commercial,Poor Infrastructure,0.0116,,False,26.1361,0.0101,-0.0033,Aligned,30,Unnamed Road,1481
3177,Unnamed Road,Urban Road,URB-03177,3177,12.9611,77.4883,12.9618,77.4884,83.1,1270.8,1270.883,26.8262,Aligned,0.4938,0.5135,0.4449,0.05,-0.009,79.7791,79.6507,100.0,7.48,14.964,81.1746,90.9073,0.1508,60.0,3.5408,No,0.0,0.0105,-0.0366,Poor,Medium,0.1709,10.0,30.6136,28.5761,Moderate Risk,56.6117,79.2138,39.0733,Moderate Misalignment,90.5219,43.0245,Separated Traffic,Rural,4.9161,True,Residential,Poor Infrastructure,-0.0082,,False,75.7681,0.0014,-0.0075,Aligned,81,Unnamed Road,1482
3178,Unnamed Road,Urban Road,URB-03178,3178,12.9618,77.4884,12.9621,77.4885,35.7,1271.2,1271.236,9.6983,Aligned,0.977,1.0477,0.0259,0.0156,-0.0001,37.9453,36.6576,54.9069,6.7584,16.7672,51.0782,80.6167,0.2951,41.0141,8.1877,No,0.0,0.0002,0.0162,Poor,Low,1.3812,10.0,10.096,20.562,Safe,69.62,38.1228,18.0381,Aligned,38.7372,37.5259,Side Impact Potential,Rural,3.959,False,Residential,Poor Infrastructure,0.2163,Light,False,26.5349,0.004,-0.0002,Aligned,39,Unnamed Road,1483
3179,Unnamed Road,Urban Road,URB-03179,3179,12.9716,77.4787,12.9712,77.479,61.9,1271.6,1271.662,13.0484,Aligned,0.9252,0.8748,0.0897,0.0123,0.0016,53.3406,53.2273,100.0,0.0,13.0182,80.7398,58.5912,0.1883,59.2015,0.9065,No,0.0,-0.005,0.0194,Poor,High,0.2825,10.0,10.4249,20.76,Safe,69.5055,53.7792,18.4139,Aligned,52.253,38.4859,Separated Traffic,Rural,6.1805,True,Residential,Approach to Congestion (Tapered) | Poor Infrastructure,0.1636,Light,True,43.0681,0.006,0.006,Aligned,55,Unnamed Road,1484
3180,Unnamed Road,Urban Road,URB-03180,3180,12.9716,77.4787,12.972,77.4786,39.3,1272.0,1272.039,67.2008,High Misalignment,0.7806,0.0167,0.2301,0.7908,0.0061,27.5942,31.6504,79.0356,43.6449,51.7908,29.176,89.8129,0.0275,59.4055,60.705,No,0.0,-0.0077,2.0078,Good,Low,1.6552,10.0,16.8892,48.2813,Moderate Risk,44.7486,31.6672,75.0989,High Misalignment,72.4101,64.3696,Significant Pedestrian Interaction,Urban,1.9219,True,Residential,Speed Limit Misaligned | High Pedestrian Interaction | Above Human Tolerance Limit,0.1676,Light,False,53.2384,0.0105,-0.0052,High Misalignment,29,Unnamed Road,1485
3181,Unnamed Road,Urban Road,URB-03181,3181,12.9722,77.4788,12.972,77.4786,28.6,1272.4,1272.429,31.4363,Moderate Misalignment,0.6919,0.2892,0.6845,0.0088,-0.0017,39.1789,39.0833,29.1163,13.3951,21.5612,52.2449,95.8593,0.2489,31.728,11.4925,No,0.0,0.0011,1.0833,Poor,Medium,2.0485,10.0,30.0879,25.4524,Moderate Risk,65.8376,36.7627,29.0289,Moderate Misalignment,42.028,48.0373,Side Impact Potential,Rural,0.9079,False,Residential,Poor Infrastructure,0.1229,Light,False,33.6331,-0.0014,-0.0156,Moderate Misalignment,39,Unnamed Road,1486
3182,Unnamed Road,Urban Road,URB-03182,3182,12.9671,77.4828,12.9653,77.4823,212.4,1272.8,1273.012,42.4602,Moderate Misalignment,0.9361,0.0398,0.9066,0.0683,0.0071,32.0184,30.1481,80.7795,69.7161,49.565,30.2628,96.8287,0.4018,41.8671,56.2413,No,0.0,0.0034,0.9789,Good,Medium,1.9848,10.0,12.9591,32.3922,Moderate Risk,69.6191,30.5508,40.6234,Moderate Misalignment,47.9592,63.9382,Significant Pedestrian Interaction,Urban,4.0045,True,Commercial,High Pedestrian Interaction | Above Human Tolerance Limit,0.0161,,False,38.2997,-0.0096,-0.004,Moderate Misalignment,30,Unnamed Road,1487
3183,Unnamed Road,Urban Road,URB-03183,3183,12.9645,77.4821,12.9653,77.4823,87.6,1273.2,1273.288,49.4318,High Misalignment,0.5363,0.3571,0.1193,0.5714,0.0037,78.5307,78.7974,100.0,0.0,12.5868,79.3234,83.3263,0.107,59.6292,0.9812,No,0.0,-0.0085,-0.0162,Good,Low,0.2525,10.0,14.1697,36.7203,Moderate Risk,45.4837,80.3712,57.3931,High Misalignment,115.9627,41.6968,Separated Traffic,Rural,5.0648,True,Industrial,Speed Limit Misaligned | Poor Infrastructure | Above Human Tolerance Limit,0.1766,Light,False,89.0477,-0.0012,-0.016,High Misalignment,78,Unnamed Road,1488
3184,Unnamed Road,Urban Road,URB-03184,3184,12.9546,77.4784,12.9545,77.479,70.1,1273.6,1273.67,11.8311,Aligned,0.8986,0.8478,0.1555,0.0026,-0.0098,69.6911,71.5081,99.2897,10.4652,20.0486,82.3699,64.6513,0.0373,59.275,11.1326,No,0.0,-0.002,-0.072,Poor,Low,0.5124,10.0,10.063,21.8803,Safe,70.6639,70.7148,20.1965,Aligned,69.9779,50.5697,Separated Traffic,Peri-Urban,5.8444,True,Residential,Poor Infrastructure,0.1634,Light,False,54.4384,0.0021,0.0183,Aligned,68,Unnamed Road,1489
3185,Unnamed Road,Urban Road,URB-03185,3185,12.9795,77.4811,12.9793,77.4811,25.0,1274.0,1274.025,9.871,Aligned,0.9979,1.1002,0.0405,-0.0134,-0.0024,27.7214,26.2254,27.3875,0.0,18.7234,49.6861,88.9223,0.0,26.9051,0.3508,No,0.0,-0.0031,0.0564,Good,Medium,2.6148,10.0,10.2634,22.7978,Safe,69.2715,27.9241,20.0354,Aligned,31.1556,62.0808,Side Impact Potential,Peri-Urban,0.9382,False,Residential,Poor Infrastructure,0.0332,,False,24.6495,-0.0026,-0.0017,Aligned,28,Unnamed Road,1490
3186,Unnamed Road,Urban Road,URB-03186,3186,12.9795,77.4811,12.9798,77.4811,39.5,1274.4,1274.44,11.5661,Aligned,0.939,0.9447,0.1017,-0.0072,0.0043,27.1544,27.8969,64.7331,0.0,22.4839,48.7984,72.0844,0.0,40.3952,5.2571,No,0.0,0.0061,-0.0112,Poor,Low,2.275,10.0,10.0,24.0599,Safe,68.2966,27.6499,20.4171,Aligned,29.0961,61.129,Side Impact Potential,Peri-Urban,3.706,True,Residential,Poor Infrastructure,0.1868,Light,False,17.6843,-0.0019,0.0152,Aligned,26,Unnamed Road,1491
3187,Unnamed Road,Urban Road,URB-03187,3187,12.9793,77.4811,12.979,77.4811,30.8,1274.8,1274.831,13.2189,Aligned,0.9207,0.9163,0.0226,0.0318,0.0064,46.4216,49.8709,98.3423,9.518,13.4742,80.0875,74.5046,0.0,57.927,7.3297,No,0.0,-0.0059,-0.0136,Good,Low,0.1618,10.0,10.0,18.2938,Safe,72.2305,46.3384,15.5778,Aligned,46.7931,34.3272,Separated Traffic,Rural,8.0256,True,Industrial,Poor Infrastructure,0.0156,,False,42.4227,0.0123,-0.0022,Aligned,49,Unnamed Road,1492
3188,Unnamed Road,Urban Road,URB-03188,3188,12.9803,77.4811,12.9798,77.4811,46.7,1275.2,1275.247,20.4058,Aligned,0.7043,0.6865,0.3006,0.005,-0.0096,34.8455,34.2195,53.8516,18.4515,25.1956,50.4402,57.3269,0.0,41.9071,9.9281,No,0.0,0.0078,-0.0037,Poor,High,2.5397,10.0,10.1834,22.1015,Safe,71.5263,34.1509,19.5102,Aligned,35.2077,65.5355,Side Impact Potential,Urban,2.8991,False,Commercial,Active Congestion | Poor Infrastructure,0.6761,Severe,False,11.4793,-0.0011,-0.0041,Aligned,36,Unnamed Road,1493
3189,Unnamed Road,Urban Road,URB-03189,3189,12.9645,77.489,12.9643,77.4889,32.2,1275.6,1275.632,31.3648,Moderate Misalignment,0.6605,0.2924,0.665,0.0185,0.0032,37.555,37.1561,50.8968,0.5826,13.9829,50.2222,99.3709,0.0991,60.0,1.0851,No,0.0,0.0031,-0.0796,Good,Low,1.6142,10.0,23.0056,23.5425,Safe,66.1905,37.1724,24.0329,Moderate Misalignment,36.2071,47.3954,Side Impact Potential,Rural,3.0343,False,Industrial,Poor Infrastructure,0.1714,Light,False,29.8296,0.0118,0.0043,Moderate Misalignment,36,Unnamed Road,1494