segment_id,road_name,road_type,human_segment_id,internal_id,start_lat,start_lon,end_lat,end_lon,length_m,start_km,end_km,road_risk_score,ai_risk_label,ai_risk_probability,prob_low_risk,prob_medium_risk,prob_high_risk,prob_critical_risk,ai_recommended_speed,recommended_safe_speed,road_function_score,infrastructure_score,exposure_score,human_tolerance_limit,operating_speed_score,crash_risk_score,posted_speed_limit,pedestrian_exposure_score,blackspot_flag,crash_count,fatal_crashes,schools_count,lighting_quality,roadside_hazards,intersection_density,speed_compliance_rate,speed_violation_score,hotspot_score,hotspot_category,speed_safety_score,original_safe_speed,misalignment_score,misalignment_category,speed_p85,ptw_share_pct,exposure_tier,urban_rural_flag,lane_count,median_presence,land_use_type,top_ai_factors,congestion_index,congestion_category,congestion_smoothed,operating_speed_mean,minor_crashes,major_crashes,risk_category,final_safe_speed,corridor_base,corridor_seq
3190,Unnamed Road,Urban Road,URB-03190,3190,12.9645,77.489,12.9648,77.4891,30.5,1276.0,1276.031,13.8477,Aligned,0.8917,0.9458,0.032,0.0212,0.0136,57.1399,56.0672,98.1218,33.2456,24.2452,78.3064,75.1203,0.0,59.5076,11.8563,No,0.0,0.0,-0.0614,Good,High,0.7503,10.0,10.0125,18.8585,Safe,76.6997,57.828,17.9007,Aligned,57.4594,60.2474,Separated Traffic,Urban,3.8238,True,Residential,Meets Safe System Standards,0.0173,,False,51.511,-0.015,-0.0053,Aligned,56,Unnamed Road,1495
3191,Unnamed Road,Urban Road,URB-03191,3191,12.9643,77.4889,12.9641,77.4889,23.2,1276.4,1276.423,14.1935,Aligned,0.8734,0.8817,0.145,0.0057,0.001,44.9663,48.7502,100.0,28.354,29.849,80.7261,71.7177,0.3174,59.9489,18.1423,No,0.0,0.0003,-0.0603,Good,Low,0.5903,10.0,10.3084,22.537,Safe,74.1053,49.0433,20.8458,Aligned,46.4004,71.19,Separated Traffic,Urban,8.0448,True,Mixed,Poor Infrastructure,0.0346,,False,41.0891,0.0072,-0.0055,Aligned,46,Unnamed Road,1496
3192,Unnamed Road,Urban Road,URB-03192,3192,12.9648,77.4891,12.9651,77.4892,33.8,1276.8,1276.834,14.812,Aligned,0.9317,0.9056,0.0585,0.0215,0.0001,47.6891,48.7046,100.0,10.1479,14.116,78.9895,76.882,0.4851,59.9147,7.1382,No,0.0,-0.0005,-0.0422,Good,Low,0.0324,10.0,10.0,19.5131,Safe,73.1211,49.7148,16.002,Aligned,48.9173,33.6999,Separated Traffic,Rural,8.146,True,Industrial,Poor Infrastructure,-0.0026,,False,44.1868,-0.0039,-0.0004,Aligned,48,Unnamed Road,1497
3193,Unnamed Road,Urban Road,URB-03193,3193,12.9524,77.4821,12.9523,77.4824,32.4,1277.2,1277.232,22.8707,Aligned,0.6227,0.6491,0.3349,0.0314,0.0114,29.8257,30.6098,51.9785,62.9128,47.5393,32.2106,99.6377,5.1813,29.441,53.9712,No,0.0,-0.0041,1.9314,Good,Low,3.9652,10.0,10.4193,26.7852,Moderate Risk,77.9428,30.6295,22.7549,Aligned,30.6963,60.0554,Significant Pedestrian Interaction,Urban,2.0636,False,Mixed,High Pedestrian Interaction,0.0053,,False,27.9977,0.9869,0.001,Aligned,28,Unnamed Road,1498
3194,Unnamed Road,Urban Road,URB-03194,3194,12.9523,77.4827,12.9523,77.4824,31.4,1277.6,1277.631,23.1113,Aligned,0.6168,0.6412,0.3859,-0.0028,-0.0018,31.2124,29.0934,46.7601,41.724,36.4303,29.2732,95.537,0.1948,29.8366,36.9997,No,0.0,0.0049,0.9751,Good,Low,2.5853,10.0,10.2892,23.1057,Safe,75.975,32.0377,20.8776,Aligned,34.5069,61.9254,Significant Pedestrian Interaction,Urban,1.891,False,Industrial,High Pedestrian Interaction,-0.0082,,False,25.2294,-0.0,0.0123,Aligned,31,Unnamed Road,1499
3195,Unnamed Road,Urban Road,URB-03195,3195,12.9524,77.4821,12.9524,77.4819,28.3,1278.0,1278.028,12.5381,Aligned,0.9502,0.9636,0.0071,0.012,-0.0041,28.5432,26.6484,89.6881,26.1856,23.2877,50.7454,71.0192,0.0,41.0808,12.6418,No,0.0,-0.0028,0.0385,Good,Medium,1.789,10.0,10.0,22.0063,Safe,73.535,29.0986,19.1155,Aligned,26.9619,62.9535,Side Impact Potential,Urban,6.0716,True,Residential,Poor Infrastructure,0.1546,Light,False,19.3151,-0.0068,-0.0069,Aligned,26,Unnamed Road,1500
3196,Unnamed Road,Urban Road,URB-03196,3196,12.9524,77.4819,12.9523,77.4814,54.5,1278.4,1278.455,13.2064,Aligned,0.9381,0.9437,0.04,-0.0096,0.0021,31.662,32.0119,51.252,10.7793,25.1656,49.7556,79.5763,0.0,37.9187,17.9765,No,0.0,-0.0071,-0.0328,Poor,Low,1.9995,10.0,10.4945,22.7844,Safe,70.0805,30.245,20.4425,Aligned,32.1298,50.9979,Side Impact Potential,Peri-Urban,3.3158,False,Industrial,Poor Infrastructure,0.1591,Light,False,25.4419,-0.0041,0.0012,Aligned,31,Unnamed Road,1501
3197,Unnamed Road,Urban Road,URB-03197,3197,12.9684,77.4797,12.968,77.4814,193.1,1278.8,1278.993,8.8085,Aligned,0.9823,0.9929,0.0025,-0.0122,0.0076,18.9002,19.85,26.7316,0.0,17.6598,49.841,91.8401,0.3321,20.4349,9.1179,No,0.0,-0.0019,0.0394,Poor,Medium,0.6395,10.0,10.3515,21.9138,Safe,68.0525,16.307,18.2083,Aligned,18.0239,43.8437,Side Impact Potential,Rural,0.9098,False,Residential,Poor Infrastructure,-0.0053,,False,15.2621,0.0013,-0.0008,Aligned,18,Unnamed Road,1502
3198,Unnamed Road,Urban Road,URB-03198,3198,12.968,77.4814,12.968,77.481,46.2,1279.2,1279.246,10.5898,Aligned,0.9932,0.9729,-0.005,0.0072,0.0104,50.2704,48.0113,75.9208,18.6436,35.7951,51.0307,83.8662,0.0388,59.0605,39.7912,No,0.0,0.0055,0.9751,Poor,High,1.8361,10.0,30.7307,32.5941,Moderate Risk,59.7191,48.9168,38.7339,Moderate Misalignment,67.0017,49.0353,Side Impact Potential,Peri-Urban,4.9488,False,Industrial,Poor Infrastructure,0.0006,,False,60.984,-0.0108,0.0045,Aligned,51,Unnamed Road,1503
3199,Unnamed Road,Urban Road,URB-03199,3199,12.9522,77.4831,12.9523,77.4827,40.1,1279.6,1279.64,39.7782,Moderate Misalignment,0.9389,0.0082,0.95,0.0718,0.0068,81.0397,81.0779,100.0,21.6568,21.3667,80.2575,98.2136,0.3898,60.0,13.195,No,0.0,-0.0017,0.0149,Poor,High,0.538,10.0,15.8395,24.6608,Moderate Risk,66.1214,77.0338,30.8318,Moderate Misalignment,92.4982,51.7456,Separated Traffic,Peri-Urban,8.2629,True,Residential,Poor Infrastructure,-0.0075,,False,77.7752,0.0222,-0.012,Moderate Misalignment,79,Unnamed Road,1504
3200,Unnamed Road,Urban Road,URB-03200,3200,12.9522,77.4831,12.9524,77.4834,38.3,1280.0,1280.038,38.1453,Moderate Misalignment,0.954,-0.0448,0.9696,0.01,0.006,50.4685,50.7951,55.6453,35.3708,43.7741,48.8188,97.3254,0.0,39.4013,51.1236,No,0.0,0.004,0.9368,Good,Medium,2.3937,10.0,34.5196,32.7619,Moderate Risk,64.1543,51.0634,37.702,Moderate Misalignment,53.9746,65.7957,Side Impact Potential,Urban,3.9004,False,Commercial,Meets Safe System Standards,0.2174,Light,False,38.6457,-0.0059,-0.0045,Moderate Misalignment,49,Unnamed Road,1505
3201,Unnamed Road,Urban Road,URB-03201,3201,12.9531,77.4838,12.9535,77.4837,44.3,1280.4,1280.444,7.8282,Aligned,0.9618,0.9899,0.0493,-0.0091,-0.0015,39.8921,41.2719,72.2707,19.4052,28.3369,49.8414,75.9022,0.218,47.5181,22.6342,No,0.0,0.0015,1.0278,Good,Low,1.3623,10.0,10.0,22.7542,Safe,71.8418,40.4726,20.0933,Aligned,39.8059,55.8523,Side Impact Potential,Urban,1.9241,False,Industrial,Poor Infrastructure,0.016,,False,35.1439,-0.0,0.0081,Aligned,40,Unnamed Road,1506
3202,Unnamed Road,Urban Road,URB-03202,3202,12.9527,77.4841,12.9531,77.4838,51.3,1280.8,1280.851,14.2697,Aligned,0.8191,0.7754,0.1678,0.0189,-0.0045,79.7673,79.8546,100.0,17.1466,21.419,78.0877,79.6755,0.2874,59.6883,10.1947,No,0.0,-0.0016,0.0017,Good,Medium,0.3427,10.0,10.0,20.8435,Safe,73.2795,80.442,17.626,Aligned,79.4634,58.4155,Separated Traffic,Peri-Urban,4.2227,True,Industrial,Poor Infrastructure,0.0118,,False,64.7945,-0.0054,-0.0087,Aligned,82,Unnamed Road,1507
3203,Unnamed Road,Urban Road,URB-03203,3203,12.9779,77.4809,12.9777,77.4808,35.1,1281.2,1281.235,14.4101,Aligned,0.8301,0.8468,0.2001,0.0196,-0.0004,60.9826,62.5151,100.0,8.6526,18.033,80.1154,71.5695,0.0,60.0,9.5417,No,0.0,-0.0104,0.0233,Poor,High,0.0934,10.0,10.0,20.8822,Safe,71.0559,62.1217,19.2761,Aligned,61.0525,39.908,Separated Traffic,Rural,5.9609,True,Residential,Poor Infrastructure,-0.0013,,False,52.7475,-0.0099,0.0154,Aligned,59,Unnamed Road,1508
3204,Unnamed Road,Urban Road,URB-03204,3204,12.9777,77.4808,12.9774,77.4806,28.1,1281.6,1281.628,16.6044,Aligned,0.8163,0.7612,0.1825,0.0146,0.0021,50.5588,47.557,98.575,0.3773,14.626,79.5148,65.2378,0.0,59.3163,8.9575,No,0.0,0.0021,-0.0053,Good,Low,0.2828,10.0,10.0,20.6831,Safe,70.3159,47.1965,17.5808,Aligned,49.2609,34.4885,Separated Traffic,Rural,5.8306,True,Industrial,Poor Infrastructure,0.166,Light,False,38.1958,-0.0111,0.0091,Aligned,50,Unnamed Road,1509
3205,Unnamed Road,Urban Road,URB-03205,3205,12.9774,77.4806,12.9771,77.4805,35.8,1282.0,1282.036,13.1567,Aligned,0.885,0.8907,0.0934,-0.0083,-0.0023,41.4285,40.7883,51.3209,30.6776,29.207,51.5142,90.9003,0.1822,38.9253,24.6706,No,0.0,0.0082,-0.0052,Good,Medium,2.1472,10.0,10.0,22.4586,Safe,74.4426,39.5434,19.1464,Aligned,41.4341,57.6513,Side Impact Potential,Urban,1.9577,False,Mixed,Poor Infrastructure,0.0063,,False,36.0943,-0.0014,0.011,Aligned,40,Unnamed Road,1510
3206,Unnamed Road,Urban Road,URB-03206,3206,12.9771,77.4805,12.9767,77.4804,44.9,1282.4,1282.445,11.5968,Aligned,0.9361,0.9714,0.0666,-0.0106,0.0091,24.6385,26.4071,87.6657,30.2454,37.9294,50.6433,68.8146,0.3793,40.7503,33.1414,No,0.0,-0.009,0.9771,Poor,Low,1.7702,10.0,10.0,25.4583,Moderate Risk,72.5936,28.5174,21.5274,Aligned,24.952,66.2666,Side Impact Potential,Urban,5.9022,True,Residential,Poor Infrastructure,0.2103,Light,False,19.8753,0.0146,0.0172,Aligned,26,Unnamed Road,1511
3207,Unnamed Road,Urban Road,URB-03207,3207,12.9765,77.4803,12.9767,77.4804,22.4,1282.8,1282.822,69.4679,High Misalignment,0.8754,-0.0334,0.1576,0.8717,-0.0112,49.7865,47.1844,98.2333,45.8631,29.572,50.5264,50.8736,10.1446,59.962,21.7051,No,0.0,0.0126,-0.004,Poor,Medium,0.1841,10.0,10.0,41.4641,Moderate Risk,45.1089,52.1382,67.7605,High Misalignment,65.6171,61.3493,Side Impact Potential,Peri-Urban,4.8772,False,Residential,Speed Limit Misaligned | Above Human Tolerance Limit,0.0152,,False,56.6683,1.9979,-0.0169,High Misalignment,49,Unnamed Road,1512
3208,Unnamed Road,Urban Road,URB-03208,3208,12.9765,77.4803,12.9762,77.4803,35.2,1283.2,1283.235,12.2764,Aligned,0.9438,0.9138,0.0618,0.0016,-0.0056,32.6538,32.6703,86.5875,23.4875,29.1847,50.4819,67.1473,0.0,50.5427,19.7886,No,0.0,-0.0016,1.0081,Good,Medium,1.8925,10.0,10.1844,21.6013,Safe,73.5371,33.445,21.4255,Aligned,31.2991,60.6483,Side Impact Potential,Urban,5.2201,True,Residential,Poor Infrastructure,0.0122,,False,26.6603,0.0108,-0.0164,Aligned,34,Unnamed Road,1513
3209,Unnamed Road,Urban Road,URB-03209,3209,12.976,77.4802,12.9762,77.4803,29.9,1283.6,1283.63,65.4333,High Misalignment,0.7709,0.0129,0.2133,0.7733,-0.0009,28.5365,28.062,77.3242,42.2866,51.7202,32.6865,90.2456,0.7547,57.2853,62.2124,No,0.0,-0.0118,2.0418,Good,Low,1.7999,10.0,14.7061,47.815,Moderate Risk,44.2176,30.5768,75.286,High Misalignment,71.2942,63.3098,Significant Pedestrian Interaction,Urban,1.9821,True,Residential,Speed Limit Misaligned | High Pedestrian Interaction | Above Human Tolerance Limit,0.1468,Light,False,53.8654,0.0077,0.0011,High Misalignment,29,Unnamed Road,1514
3210,Unnamed Road,Urban Road,URB-03210,3210,12.9568,77.4799,12.9565,77.48,36.2,1284.0,1284.036,37.2339,Moderate Misalignment,0.9081,0.034,0.9286,0.0183,-0.0028,29.8041,28.5123,56.2066,48.3311,51.4539,31.7484,76.2268,0.0,39.9147,66.9522,No,0.0,0.0048,2.0215,Good,Medium,2.1012,10.0,10.2466,32.38,Moderate Risk,67.2726,29.6096,37.2221,Moderate Misalignment,29.0217,56.4833,Significant Pedestrian Interaction,Peri-Urban,4.181,False,Mixed,High Pedestrian Interaction | Above Human Tolerance Limit,0.0139,,False,22.3245,0.0163,-0.0013,Moderate Misalignment,29,Unnamed Road,1515
3211,Unnamed Road,Urban Road,URB-03211,3211,12.9568,77.4799,12.9572,77.4798,52.7,1284.4,1284.453,11.4652,Aligned,0.9864,1.0052,0.0334,0.0038,-0.0086,36.9607,35.6059,78.0538,27.8864,24.7333,49.6314,82.6692,0.2965,58.7068,14.0649,No,0.0,-0.0081,0.0917,Poor,Medium,1.9771,10.0,10.0,20.4372,Safe,76.0699,33.3936,17.6644,Aligned,36.4049,61.9781,Side Impact Potential,Urban,5.0968,False,Residential,Poor Infrastructure,0.1422,Light,False,29.4131,-0.0137,0.0058,Aligned,36,Unnamed Road,1516
3212,Unnamed Road,Urban Road,URB-03212,3212,12.976,77.4802,12.9756,77.4801,45.1,1284.8,1284.845,17.6436,Aligned,0.766,0.7886,0.2637,0.0134,-0.0007,53.4596,51.9733,100.0,20.3597,18.5278,80.1989,78.2069,0.2872,59.4696,14.1052,No,0.0,0.0118,0.0306,Good,Low,0.1493,10.0,10.0,19.6901,Safe,74.5316,51.4924,17.1949,Aligned,51.008,40.1733,Separated Traffic,Rural,7.2624,True,Residential,Poor Infrastructure,-0.0108,,False,48.0359,0.0193,0.0073,Aligned,52,Unnamed Road,1517
3213,Unnamed Road,Urban Road,URB-03213,3213,12.9556,77.4802,12.9565,77.48,101.7,1285.2,1285.302,35.2878,Moderate Misalignment,0.8326,0.1989,0.8071,0.0148,0.0012,27.9676,29.9183,47.4403,37.2351,45.9755,29.6418,93.6011,0.0,29.7578,51.3611,No,0.0,-0.0009,2.0484,Poor,Low,2.5852,10.0,24.0389,30.1257,Moderate Risk,68.3799,29.215,31.1762,Moderate Misalignment,37.6966,57.0525,Significant Pedestrian Interaction,Urban,2.8989,False,Mixed,High Pedestrian Interaction,-0.006,,False,33.8768,0.0133,-0.0326,Moderate Misalignment,33,Unnamed Road,1518
3214,Unnamed Road,Urban Road,URB-03214,3214,12.9556,77.4802,12.9556,77.4809,75.5,1285.6,1285.676,14.4618,Aligned,0.8519,0.8295,0.1653,0.015,0.0043,79.7419,81.9372,98.922,17.7048,28.5521,79.7717,76.3357,0.0,58.4587,17.0846,No,0.0,-0.008,0.0631,Good,Low,0.4497,10.0,10.0,28.3559,Moderate Risk,64.595,80.0635,31.8676,Moderate Misalignment,84.9521,65.4839,Separated Traffic,Urban,6.0118,True,Mixed,Poor Infrastructure | Above Human Tolerance Limit,0.0275,,False,75.1426,-0.008,0.0051,Aligned,80,Unnamed Road,1519
3215,Unnamed Road,Urban Road,URB-03215,3215,12.9555,77.4812,12.9556,77.4809,37.6,1286.0,1286.038,14.9262,Aligned,0.9267,0.9216,0.1,0.0156,0.011,45.8665,47.9596,98.4364,31.0325,25.6699,79.3392,51.9135,0.505,59.6301,31.6264,No,0.0,0.0036,0.9854,Poor,Medium,0.0325,10.0,10.0,20.8593,Safe,74.39,47.0918,18.1359,Aligned,48.4848,34.4582,Separated Traffic,Rural,6.048,True,Mixed,Poor Infrastructure,0.1452,Light,False,37.0871,0.0097,-0.0016,Aligned,46,Unnamed Road,1520
3216,Unnamed Road,Urban Road,URB-03216,3216,12.9742,77.4796,12.9737,77.4794,51.3,1286.4,1286.451,28.7944,Moderate Misalignment,0.5809,0.4202,0.6048,0.0043,0.0022,49.0524,51.4544,82.2203,31.6533,34.9358,51.3354,89.1822,0.1665,39.1569,28.1972,No,0.0,0.0006,-0.0676,Good,Medium,2.0039,10.0,26.261,29.0463,Moderate Risk,66.6612,51.7512,31.2115,Moderate Misalignment,52.4862,65.6008,Side Impact Potential,Urban,3.797,True,Commercial,Poor Infrastructure,-0.0011,,False,46.7349,-0.0206,0.0074,Moderate Misalignment,50,Unnamed Road,1521
3217,Unnamed Road,Urban Road,URB-03217,3217,12.9742,77.4796,12.9748,77.4798,76.1,1286.8,1286.876,10.5306,Aligned,0.9778,0.9542,0.0366,0.0077,-0.0005,21.4684,23.4106,52.8058,23.315,23.1901,48.5414,83.56,0.0,31.6139,19.1942,No,0.0,-0.0068,-0.0235,Poor,Low,1.3131,10.0,10.0,20.0887,Safe,74.1972,21.5499,18.1503,Aligned,20.5716,42.3333,Side Impact Potential,Rural,4.0972,False,Residential,Approach to Congestion (Tapered) | Poor Infrastructure,0.0248,,True,16.9,-0.0132,-0.0,Aligned,22,Unnamed Road,1522
3218,Unnamed Road,Urban Road,URB-03218,3218,12.9737,77.4794,12.9734,77.4793,46.7,1287.2,1287.247,10.6702,Aligned,0.9921,0.9877,-0.0248,-0.0115,-0.0053,34.1127,34.0165,61.5276,37.0533,31.6024,48.7209,78.0088,0.0169,41.8528,24.6,No,0.0,0.0066,-0.007,Good,Low,2.7977,10.0,10.0,21.9621,Safe,75.74,33.8712,21.1764,Aligned,37.4246,63.0505,Side Impact Potential,Urban,3.2269,True,Residential,Meets Safe System Standards,0.197,Light,False,25.3355,-0.0085,0.009,Aligned,35,Unnamed Road,1523
3219,Unnamed Road,Urban Road,URB-03219,3219,12.9728,77.4791,12.9731,77.4792,33.7,1287.6,1287.634,39.3709,Moderate Misalignment,0.9364,0.016,0.9066,0.0329,0.0117,77.3401,81.1486,99.1619,24.5285,25.6192,78.0631,97.4379,0.0,59.0842,14.3646,No,0.0,0.001,-0.0416,Good,High,0.2784,10.0,16.4504,27.1372,Moderate Risk,65.6428,81.9664,32.1564,Moderate Misalignment,91.2962,60.9308,Separated Traffic,Peri-Urban,6.0165,True,Residential,Poor Infrastructure,0.0118,,False,84.1309,-0.0079,-0.002,Moderate Misalignment,78,Unnamed Road,1524
3220,Unnamed Road,Urban Road,URB-03220,3220,12.9722,77.4788,12.9728,77.4791,76.8,1288.0,1288.077,13.9713,Aligned,0.8902,0.8684,0.1254,0.0079,-0.0072,69.1456,68.1057,100.0,0.0,12.5032,81.9302,28.0168,0.0982,60.0,4.5569,No,0.0,0.002,-0.0403,Poor,High,0.1548,10.0,10.0,19.5184,Safe,69.9995,69.9967,16.8702,Aligned,69.3776,33.6876,Separated Traffic,Rural,8.1371,True,Residential,Active Congestion | Poor Infrastructure,0.6786,Severe,False,24.5979,0.0009,0.0084,Aligned,69,Unnamed Road,1525
3221,Unnamed Road,Urban Road,URB-03221,3221,12.9734,77.4793,12.9731,77.4792,28.5,1288.4,1288.428,10.0172,Aligned,0.9744,0.93,0.0106,0.0044,0.0027,38.1632,38.2384,74.0932,53.1104,40.3914,50.753,80.7703,0.0,42.4676,44.4485,No,0.0,-0.001,0.9924,Good,Medium,2.6616,10.0,10.0,23.1033,Safe,79.1165,35.9111,20.079,Aligned,36.9733,56.9919,Side Impact Potential,Urban,4.2068,False,Commercial,Meets Safe System Standards,0.2297,Light,False,26.9904,0.0079,0.0059,Aligned,38,Unnamed Road,1526
3222,Unnamed Road,Urban Road,URB-03222,3222,12.968,77.481,12.9682,77.4802,79.6,1288.8,1288.88,47.1493,Moderate Misalignment,0.8292,-0.0206,0.8372,0.1541,0.0042,29.0372,31.5955,76.863,52.0169,51.0992,29.9476,97.1231,0.1614,41.4611,60.2393,No,0.0,-0.0071,0.9465,Good,High,1.6051,10.0,15.7641,35.6687,Moderate Risk,64.1382,27.8566,44.6132,Moderate Misalignment,46.4736,69.0397,Significant Pedestrian Interaction,Urban,1.9837,True,Residential,High Pedestrian Interaction | Above Human Tolerance Limit,0.0163,,False,40.7941,0.0116,0.001,Moderate Misalignment,31,Unnamed Road,1527
3223,Unnamed Road,Urban Road,URB-03223,3223,12.9682,77.4802,12.9683,77.4796,66.2,1289.2,1289.266,13.9838,Aligned,0.8599,0.8899,0.1651,-0.0079,-0.0205,38.5825,38.7968,76.1547,28.7039,27.1362,49.4888,89.27,0.0,40.3793,17.594,No,0.0,0.0065,-0.0353,Good,Low,1.7491,10.0,10.0,21.3771,Safe,74.8136,37.3472,17.9372,Aligned,33.3092,56.1876,Side Impact Potential,Urban,5.787,False,Industrial,Poor Infrastructure,0.0198,,False,34.5567,-0.0019,-0.0092,Aligned,38,Unnamed Road,1528
3224,Unnamed Road,Urban Road,URB-03224,3224,12.964,77.4791,12.964,77.4794,34.3,1289.6,1289.634,12.9269,Aligned,0.9155,0.9256,0.0818,0.0065,0.0051,61.0978,60.8525,99.1745,0.6484,12.0384,77.6336,65.6296,0.1092,60.0,1.8957,No,0.0,-0.008,0.0293,Poor,Medium,0.1948,10.0,10.3199,20.2523,Safe,69.1769,60.9086,17.7217,Aligned,62.5003,41.4431,Separated Traffic,Rural,7.8373,True,Residential,Poor Infrastructure,0.1594,Light,False,48.4145,-0.0005,0.0059,Aligned,59,Unnamed Road,1529
3225,Unnamed Road,Urban Road,URB-03225,3225,12.964,77.4791,12.9642,77.4791,23.0,1290.0,1290.023,37.9224,Moderate Misalignment,0.8907,0.0917,0.8822,0.0166,-0.0015,74.4697,74.662,97.8109,1.266,19.6203,80.7045,97.6384,0.0,60.0,10.351,No,0.0,-0.0014,-0.0175,Poor,Medium,0.0507,10.0,26.1599,29.5177,Moderate Risk,58.7456,76.9702,36.4136,Moderate Misalignment,74.1179,45.9841,Separated Traffic,Rural,3.8494,True,Residential,Poor Infrastructure,-0.0118,,False,61.9654,0.0096,0.0169,Moderate Misalignment,75,Unnamed Road,1530
3226,Unnamed Road,Urban Road,URB-03226,3226,12.9645,77.4792,12.9642,77.4791,27.8,1290.4,1290.428,10.0684,Aligned,0.9747,1.0146,-0.0038,0.0229,0.0044,43.3624,45.1952,72.5029,33.3793,34.683,50.071,84.1237,0.06,49.5913,35.5507,No,0.0,-0.0053,1.9461,Poor,Low,1.8678,10.0,10.178,23.5759,Safe,74.6856,44.2153,19.979,Aligned,42.5981,60.7257,Side Impact Potential,Urban,3.1094,False,Residential,Poor Infrastructure,0.0303,,False,40.7817,-0.0126,-0.0085,Aligned,44,Unnamed Road,1531
3227,Unnamed Road,Urban Road,URB-03227,3227,12.9516,77.48,12.9519,77.4804,59.7,1290.8,1290.86,37.97,Moderate Misalignment,0.799,0.1431,0.7642,0.0629,0.0036,78.892,79.2881,99.5327,21.0259,16.8402,79.238,85.578,0.0879,58.9445,8.0321,No,0.0,-0.0033,-0.0179,Poor,Medium,0.3212,10.0,10.0,23.8022,Safe,66.1323,80.2714,30.0763,Moderate Misalignment,86.1601,44.9546,Separated Traffic,Rural,4.9444,True,Residential,Poor Infrastructure | Above Human Tolerance Limit,0.0071,,False,79.2818,-0.0086,0.0164,Moderate Misalignment,79,Unnamed Road,1532
3228,Unnamed Road,Urban Road,URB-03228,3228,12.9655,77.4796,12.9652,77.4794,33.6,1291.2,1291.234,40.1426,Moderate Misalignment,0.9005,0.0404,0.9085,0.0507,-0.0044,48.3915,51.7122,99.8506,28.7529,24.9023,51.2477,75.9051,0.0027,59.479,16.2886,No,0.0,-0.0031,0.0095,Good,Medium,0.5824,10.0,10.0484,30.8484,Moderate Risk,60.3802,50.6539,44.0341,Moderate Misalignment,57.7289,54.5189,Side Impact Potential,Urban,7.1334,False,Commercial,Poor Infrastructure | Above Human Tolerance Limit,0.0026,,False,53.4421,-0.0095,-0.0012,Moderate Misalignment,51,Unnamed Road,1533
3229,Unnamed Road,Urban Road,URB-03229,3229,12.9655,77.4796,12.9665,77.4799,119.9,1291.6,1291.72,32.5943,Moderate Misalignment,0.7258,0.267,0.7383,0.0295,-0.0061,80.8269,76.6892,99.5071,0.0,12.999,78.5878,88.2672,20.3592,60.0,0.6478,No,0.0,0.0051,-0.0303,Poor,Medium,0.2566,10.0,14.7379,35.5285,Moderate Risk,50.138,79.4423,43.9327,Moderate Misalignment,101.9202,42.7334,Separated Traffic,Rural,7.1359,True,Industrial,Poor Infrastructure | Above Human Tolerance Limit,0.1603,Light,False,81.4682,0.0078,1.0074,Moderate Misalignment,79,Unnamed Road,1534
3230,Unnamed Road,Urban Road,URB-03230,3230,12.9649,77.4793,12.9652,77.4794,35.6,1292.0,1292.036,28.0524,Moderate Misalignment,0.6151,0.3624,0.6226,-0.0114,-0.0005,51.9578,45.2827,80.0159,10.7836,24.3646,50.492,98.128,20.1687,52.8645,9.1365,No,0.0,-0.0093,-0.0452,Good,Medium,1.9911,10.0,10.3585,28.1336,Moderate Risk,64.6154,53.8728,22.9173,Aligned,52.4338,59.9839,Side Impact Potential,Urban,6.1453,False,Commercial,Poor Infrastructure,0.0044,,False,49.0,0.0338,1.0005,Moderate Misalignment,48,Unnamed Road,1535
3231,Unnamed Road,Urban Road,URB-03231,3231,12.9669,77.48,12.9665,77.4799,39.7,1292.4,1292.44,14.9177,Aligned,0.8525,0.8704,0.1756,0.0021,0.0033,44.5938,41.8776,100.0,13.5987,16.2116,80.0685,59.9064,0.0,60.0,6.2962,No,0.0,0.0057,0.046,Poor,High,0.1345,10.0,10.7351,18.4654,Safe,73.886,44.1762,16.2337,Aligned,44.2573,36.9168,Separated Traffic,Rural,3.7963,True,Residential,Poor Infrastructure,0.1441,Light,False,33.0143,-0.0031,-0.0124,Aligned,44,Unnamed Road,1536
3232,Unnamed Road,Urban Road,URB-03232,3232,12.9688,77.4775,12.9684,77.4797,248.2,1292.8,1293.048,22.5256,Aligned,0.6011,0.6012,0.4347,0.009,-0.0011,43.6917,43.5764,49.2086,30.8165,32.8632,50.9964,100.0,0.0,39.3598,26.5498,No,0.0,-0.0049,0.9849,Good,Low,2.4171,10.0,17.0392,25.505,Moderate Risk,70.5509,45.9483,26.8859,Moderate Misalignment,47.6404,58.6135,Side Impact Potential,Urban,1.8896,False,Mixed,Poor Infrastructure,-0.0334,,False,39.7413,0.0028,-0.0041,Aligned,46,Unnamed Road,1537
3233,Unnamed Road,Urban Road,URB-03233,3233,12.9683,77.4796,12.9688,77.4775,247.9,1293.2,1293.448,18.1276,Aligned,0.7577,0.7402,0.2424,0.0245,0.0023,50.9409,50.4519,98.152,15.5249,26.0077,79.6321,76.6458,0.1567,60.0,21.5557,No,0.0,-0.0066,0.9725,Poor,Medium,0.1234,10.0,10.3493,23.3627,Safe,70.3434,52.5917,20.7267,Aligned,49.9163,46.43,Separated Traffic,Rural,6.9643,True,Residential,Poor Infrastructure,0.0011,,False,46.0006,-0.0007,-0.0053,Aligned,51,Unnamed Road,1538
3234,Unnamed Road,Urban Road,URB-03234,3234,12.9693,77.4776,12.9688,77.4775,60.4,1293.6,1293.66,14.8035,Aligned,0.9042,0.9031,0.0972,0.0223,0.0016,66.2796,63.1229,97.4727,5.593,14.5989,79.5412,61.5895,0.0554,60.0,8.7799,No,0.0,0.0058,0.08,Poor,High,0.5038,10.0,10.118,19.2366,Safe,71.3369,62.4181,16.9308,Aligned,61.0285,35.2965,Separated Traffic,Rural,4.8621,True,Residential,Poor Infrastructure,0.0204,,False,53.3505,0.006,-0.0023,Aligned,63,Unnamed Road,1539