segment_id,road_name,road_type,human_segment_id,internal_id,start_lat,start_lon,end_lat,end_lon,length_m,start_km,end_km,road_risk_score,ai_risk_label,ai_risk_probability,prob_low_risk,prob_medium_risk,prob_high_risk,prob_critical_risk,ai_recommended_speed,recommended_safe_speed,road_function_score,infrastructure_score,exposure_score,human_tolerance_limit,operating_speed_score,crash_risk_score,posted_speed_limit,pedestrian_exposure_score,blackspot_flag,crash_count,fatal_crashes,schools_count,lighting_quality,roadside_hazards,intersection_density,speed_compliance_rate,speed_violation_score,hotspot_score,hotspot_category,speed_safety_score,original_safe_speed,misalignment_score,misalignment_category,speed_p85,ptw_share_pct,exposure_tier,urban_rural_flag,lane_count,median_presence,land_use_type,top_ai_factors,congestion_index,congestion_category,congestion_smoothed,operating_speed_mean,minor_crashes,major_crashes,risk_category,final_safe_speed,corridor_base,corridor_seq
3235,Unnamed Road,Urban Road,URB-03235,3235,12.9647,77.4792,12.9649,77.4793,29.2,1294.0,1294.029,10.909,Aligned,0.9878,0.989,-0.0196,-0.0053,0.0026,35.132,34.9008,68.8262,25.047,26.8208,46.1409,84.806,0.0,58.9667,12.815,No,0.0,-0.0116,0.0765,Good,Medium,1.8692,10.0,10.5107,21.2545,Safe,73.3036,35.4624,18.5553,Aligned,36.0367,64.8911,Side Impact Potential,Urban,2.1829,False,Commercial,Poor Infrastructure,-0.0043,,False,29.197,0.0104,-0.0071,Aligned,35,Unnamed Road,1540
3236,Unnamed Road,Urban Road,URB-03236,3236,12.9647,77.4792,12.9645,77.4792,25.4,1294.4,1294.425,11.4988,Aligned,0.9496,0.9592,0.0503,-0.0114,0.0007,52.6101,52.9593,99.5665,10.8348,15.9027,78.3414,14.7442,0.4762,59.4383,11.9817,No,0.0,-0.0062,-0.0937,Good,High,0.1452,10.0,10.0317,20.6819,Safe,71.8325,52.8905,15.891,Aligned,52.7811,37.7344,Separated Traffic,Rural,3.9921,True,Residential,Active Congestion | Poor Infrastructure,0.7732,Severe,False,15.9077,-0.0053,0.0173,Aligned,52,Unnamed Road,1541
3237,Unnamed Road,Urban Road,URB-03237,3237,12.9545,77.479,12.9544,77.4795,51.3,1294.8,1294.851,34.2253,Moderate Misalignment,0.852,0.1272,0.8428,0.0171,-0.0036,63.501,61.3749,100.0,7.7734,17.4557,80.315,38.5599,0.0887,59.953,8.4688,No,0.0,-0.0005,0.0125,Poor,High,0.2617,10.0,10.0,26.3526,Moderate Risk,63.0536,62.4076,30.0999,Moderate Misalignment,56.889,44.8035,Separated Traffic,Rural,8.1564,True,Commercial,Poor Infrastructure | Above Human Tolerance Limit,0.0145,,False,48.2122,0.0013,-0.0088,Moderate Misalignment,62,Unnamed Road,1542
3238,Unnamed Road,Urban Road,URB-03238,3238,12.9546,77.4831,12.9541,77.4833,63.4,1295.2,1295.263,37.2726,Moderate Misalignment,0.7606,0.2256,0.7939,0.0274,-0.0052,80.7285,80.461,100.0,11.1955,19.3987,80.8196,88.9869,0.1411,59.3296,13.9331,No,0.0,-0.0036,0.0044,Good,High,0.1336,10.0,12.0267,25.8917,Moderate Risk,64.4864,79.5655,28.0273,Moderate Misalignment,94.2578,38.3358,Separated Traffic,Rural,6.8958,True,Industrial,Approach to Congestion (Tapered) | Poor Infrastructure,-0.0292,,True,73.9387,-0.0091,0.0051,Moderate Misalignment,81,Unnamed Road,1543
3239,Unnamed Road,Urban Road,URB-03239,3239,12.9541,77.4833,12.9538,77.4836,44.8,1295.6,1295.645,10.4869,Aligned,1.0055,1.0397,-0.0148,0.0228,-0.0002,25.9345,27.5449,26.0652,0.0,17.8887,50.042,81.0196,0.0,31.3267,4.1603,No,0.0,-0.0013,-0.0377,Poor,High,3.2542,10.0,10.0,22.2389,Safe,69.6955,23.5411,18.1511,Aligned,24.429,52.3721,Side Impact Potential,Peri-Urban,0.7679,False,Commercial,Poor Infrastructure,0.2275,Light,False,19.6502,0.0006,0.0046,Aligned,24,Unnamed Road,1544
3240,Unnamed Road,Urban Road,URB-03240,3240,12.9515,77.4923,12.9517,77.4919,71.3,1296.0,1296.071,10.4741,Aligned,0.9864,0.9662,-0.0,-0.0027,0.0013,24.0684,25.5695,55.0652,0.4352,14.6497,51.0522,81.5498,0.0395,29.6329,3.6752,No,0.0,-0.002,0.0412,Poor,Medium,1.2751,10.0,10.0,21.1919,Safe,70.2446,24.6162,19.7239,Aligned,25.1267,44.9422,Side Impact Potential,Rural,3.9769,False,Industrial,Poor Infrastructure,0.1967,Light,False,16.4532,-0.0102,0.0013,Aligned,26,Unnamed Road,1545
3241,Unnamed Road,Urban Road,URB-03241,3241,12.9527,77.4841,12.9526,77.4838,38.9,1296.4,1296.439,40.1594,Moderate Misalignment,0.9012,-0.0055,0.9478,0.0553,0.0206,49.5186,48.8062,95.677,54.6833,46.7327,49.7742,77.3607,0.0923,59.1475,54.4383,No,0.0,-0.0001,0.9345,Good,Medium,0.5232,10.0,10.0,35.0149,Moderate Risk,62.2529,50.481,47.794,Moderate Misalignment,68.4823,55.9057,Side Impact Potential,Urban,4.9808,True,Commercial,Above Human Tolerance Limit,0.1573,Light,False,55.8928,-0.0008,-0.0061,Moderate Misalignment,50,Unnamed Road,1546
3242,Unnamed Road,Urban Road,URB-03242,3242,12.9521,77.4902,12.952,77.4904,30.3,1296.8,1296.83,10.1224,Aligned,0.9966,0.9432,0.013,-0.0218,-0.0026,35.53,37.3772,69.4866,40.7971,31.3858,50.6459,79.3228,0.0,58.4007,26.3708,No,0.0,-0.0035,-0.0043,Poor,High,1.6983,10.0,10.4084,20.9067,Safe,77.0502,36.3296,18.8763,Aligned,35.4844,60.809,Side Impact Potential,Urban,2.9332,False,Mixed,Meets Safe System Standards,0.0054,,False,29.1308,0.0005,0.0013,Aligned,35,Unnamed Road,1547
3243,Unnamed Road,Urban Road,URB-03243,3243,12.9521,77.4902,12.9522,77.4899,35.0,1297.2,1297.235,38.5922,Moderate Misalignment,0.7227,0.2144,0.7136,0.092,0.0034,78.2781,79.1702,98.823,48.4685,31.642,78.8807,88.7313,0.0857,60.0,24.6446,No,0.0,0.0007,0.01,Good,Low,0.5312,10.0,22.5483,27.8256,Moderate Risk,67.9877,79.2563,36.3056,Moderate Misalignment,95.3086,64.8784,Separated Traffic,Urban,5.0202,True,Mixed,Meets Safe System Standards,0.0033,,False,89.1067,-0.0062,0.0021,Moderate Misalignment,80,Unnamed Road,1548
3244,Unnamed Road,Urban Road,URB-03244,3244,12.952,77.4908,12.952,77.4904,38.4,1297.6,1297.638,11.2468,Aligned,0.9509,0.9508,0.0683,0.0106,-0.0035,28.5851,30.3844,82.906,20.8315,27.8055,48.5962,76.2375,0.0,39.4761,21.238,No,0.0,0.0078,0.0124,Poor,Medium,2.106,10.0,10.4165,23.5425,Safe,72.2092,31.1884,19.3474,Aligned,28.7815,54.176,Side Impact Potential,Urban,5.0268,True,Commercial,Poor Infrastructure,-0.0081,,False,23.7949,-0.0072,-0.0159,Aligned,30,Unnamed Road,1549
3245,Unnamed Road,Urban Road,URB-03245,3245,12.9535,77.4837,12.9538,77.4836,36.7,1298.0,1298.037,8.6379,Aligned,0.9507,0.8847,0.0917,-0.0107,-0.0106,37.8329,38.5219,49.6438,44.8197,36.883,48.8106,73.1004,0.2978,29.8824,31.0004,No,0.0,-0.0018,-0.018,Good,Medium,2.7258,10.0,31.3181,26.277,Moderate Risk,71.3241,40.6125,29.4228,Moderate Misalignment,38.8494,67.7767,Side Impact Potential,Urban,1.8564,False,Commercial,Active Congestion,0.7053,Severe,False,10.3023,-0.0002,-0.0066,Aligned,39,Unnamed Road,1550
3246,Unnamed Road,Urban Road,URB-03246,3246,12.9525,77.4879,12.9524,77.4882,34.8,1298.4,1298.435,18.1223,Aligned,0.7744,0.7599,0.2279,0.0026,-0.0074,48.8634,49.7612,97.5852,13.6245,13.6532,78.2358,59.4038,4.8815,59.8007,7.3212,No,0.0,-0.0005,-0.0295,Poor,High,0.2706,10.0,10.0,20.1043,Safe,73.1729,48.6586,15.2216,Aligned,43.6523,37.2641,Separated Traffic,Rural,6.9601,True,Residential,Poor Infrastructure,-0.0085,,False,43.4634,1.0106,0.0068,Aligned,46,Unnamed Road,1551
3247,Unnamed Road,Urban Road,URB-03247,3247,12.9623,77.4885,12.9621,77.4885,22.8,1298.8,1298.823,34.0048,Moderate Misalignment,0.8493,0.1387,0.8309,0.0073,0.0082,50.8261,49.1756,53.1708,13.5841,20.5855,49.9731,94.1073,0.4861,39.4796,6.6931,No,0.0,-0.0021,-0.0019,Good,High,2.3366,10.0,29.8496,26.6287,Moderate Risk,63.6977,50.5852,31.1539,Moderate Misalignment,50.5241,56.5778,Side Impact Potential,Peri-Urban,3.8251,False,Industrial,Poor Infrastructure,-0.0033,,False,41.8399,0.0022,0.0151,Moderate Misalignment,50,Unnamed Road,1552
3248,Unnamed Road,Urban Road,URB-03248,3248,12.9628,77.4886,12.9623,77.4885,55.8,1299.2,1299.256,12.1128,Aligned,0.9415,0.9461,0.0501,0.025,0.0073,24.4796,23.3131,29.5679,18.1242,22.1291,50.6949,98.2949,0.0,20.0,13.9485,No,0.0,-0.0025,0.0465,Good,Medium,3.09,10.0,16.5568,22.2328,Safe,71.7636,25.0332,20.5658,Aligned,22.5924,51.5,Side Impact Potential,Peri-Urban,2.258,False,Residential,Poor Infrastructure,0.0013,,False,18.7417,0.0028,0.0082,Aligned,22,Unnamed Road,1553
3249,Unnamed Road,Urban Road,URB-03249,3249,12.9602,77.4791,12.9612,77.4788,118.3,1299.6,1299.718,41.0896,Moderate Misalignment,0.8645,0.0571,0.8722,0.0743,-0.0045,30.8645,29.4947,80.3037,24.9944,41.024,30.1378,69.8349,0.0,51.6264,41.4165,No,0.0,-0.007,1.0286,Good,Low,1.5338,10.0,10.0,37.7327,Moderate Risk,55.9673,29.2505,49.3845,Moderate Misalignment,41.4492,57.8301,Significant Pedestrian Interaction,Urban,3.1137,True,Residential,High Pedestrian Interaction | Poor Infrastructure | Above Human Tolerance Limit,0.2443,Light,False,27.7457,0.0067,-0.0073,Moderate Misalignment,30,Unnamed Road,1554
3250,Unnamed Road,Urban Road,URB-03250,3250,12.9602,77.4791,12.9596,77.4794,80.5,1300.0,1300.081,14.6968,Aligned,0.9027,0.9344,0.0853,-0.0039,-0.0118,69.0798,69.6546,99.0267,0.0,12.0271,77.9746,29.6057,0.2619,59.9243,2.7475,No,0.0,-0.0002,-0.0076,Poor,High,0.0739,10.0,10.4149,19.7361,Safe,69.9383,68.569,17.0708,Aligned,70.8653,32.957,Separated Traffic,Rural,7.7734,True,Residential,Active Congestion | Poor Infrastructure,0.6969,Severe,False,23.3366,-0.0097,0.0056,Aligned,70,Unnamed Road,1555
3251,Unnamed Road,Urban Road,URB-03251,3251,12.9616,77.4787,12.9612,77.4788,39.5,1300.4,1300.44,11.0135,Aligned,0.9971,0.9835,-0.0226,0.0124,0.0001,17.2314,20.0611,23.7937,0.0,15.8371,49.0315,88.4702,0.054,21.1549,6.5983,No,0.0,-0.003,-0.0038,Poor,Low,1.8741,10.0,10.4305,20.5872,Safe,69.4059,12.7703,19.8523,Aligned,14.117,42.7688,Side Impact Potential,Rural,1.0156,False,Residential,Poor Infrastructure,0.0149,,False,11.2272,0.0029,0.0108,Aligned,18,Unnamed Road,1556
3252,Unnamed Road,Urban Road,URB-03252,3252,12.9527,77.4869,12.9526,77.4873,51.6,1300.8,1300.852,26.7181,Moderate Misalignment,0.5369,0.4528,0.5122,-0.0133,-0.0058,39.7252,38.3167,28.5913,0.0,21.7303,49.2738,95.1426,0.2672,39.1112,12.3101,No,0.0,0.01,-0.0629,Poor,Low,2.7315,10.0,29.1085,27.5468,Moderate Risk,62.6886,39.7556,30.5169,Moderate Misalignment,36.6761,51.0721,Side Impact Potential,Peri-Urban,1.1208,False,Commercial,Poor Infrastructure,0.0038,,False,29.8597,-0.015,0.0004,Moderate Misalignment,40,Unnamed Road,1557
3253,Unnamed Road,Urban Road,URB-03253,3253,12.9526,77.4873,12.9525,77.4877,45.4,1301.2,1301.245,8.1888,Aligned,0.9849,1.0112,0.0342,0.01,0.0035,33.0262,32.6812,69.7858,40.4759,32.2278,52.3537,75.5906,0.0,43.6622,27.6871,No,0.0,0.0022,-0.0573,Poor,High,2.1778,10.0,10.0245,20.9947,Safe,77.0343,32.6612,18.2884,Aligned,32.317,59.9688,Side Impact Potential,Urban,2.0229,False,Residential,Meets Safe System Standards,0.188,Light,False,22.7886,-0.0053,-0.0058,Aligned,31,Unnamed Road,1558
3254,Unnamed Road,Urban Road,URB-03254,3254,12.9629,77.4819,12.9624,77.4819,56.6,1301.6,1301.657,35.8562,Moderate Misalignment,0.8425,0.1337,0.8461,0.0067,-0.0052,49.5061,49.1874,59.8337,16.2686,21.4085,50.7727,98.2321,0.101,38.3255,13.6495,No,0.0,0.0005,-0.0313,Good,Low,1.852,10.0,23.5813,25.4115,Moderate Risk,66.2164,51.3426,28.636,Moderate Misalignment,49.1399,52.192,Side Impact Potential,Peri-Urban,3.8665,True,Residential,Poor Infrastructure,0.1505,Light,False,39.1671,0.01,0.0164,Moderate Misalignment,49,Unnamed Road,1559
3255,Unnamed Road,Urban Road,URB-03255,3255,12.9624,77.4819,12.9618,77.4822,70.2,1302.0,1302.07,41.11,Moderate Misalignment,0.7912,0.1526,0.8336,0.0737,0.0102,80.7946,79.1435,99.6881,18.6818,19.098,81.3759,82.8834,0.1229,60.0,8.7499,No,0.0,-0.0121,-0.0295,Poor,Medium,0.2047,10.0,10.1785,24.1861,Safe,66.3911,79.323,28.8272,Moderate Misalignment,85.5951,41.9098,Separated Traffic,Rural,5.0297,True,Residential,Poor Infrastructure | Above Human Tolerance Limit,0.0207,,False,80.761,0.0004,-0.0047,Moderate Misalignment,82,Unnamed Road,1560
3256,Unnamed Road,Urban Road,URB-03256,3256,12.9578,77.4865,12.9579,77.4862,35.9,1302.4,1302.436,16.8739,Aligned,0.8168,0.784,0.1694,0.0298,-0.0012,46.9848,46.6884,99.0273,6.9427,13.5999,79.9065,49.4425,0.2983,59.0353,4.9429,No,0.0,0.0011,-0.0286,Poor,Low,0.1753,10.0,10.2012,19.9449,Safe,70.7349,47.8955,16.4297,Aligned,45.8604,34.2999,Separated Traffic,Rural,6.2029,True,Industrial,Poor Infrastructure,0.1667,Light,False,36.1151,0.0001,-0.0005,Aligned,46,Unnamed Road,1561
3257,Unnamed Road,Urban Road,URB-03257,3257,12.9578,77.4865,12.9577,77.4868,34.5,1302.8,1302.835,10.7211,Aligned,0.9797,1.0098,-0.0021,-0.0078,0.0038,18.2633,19.6581,29.8936,0.3284,16.8418,50.6731,90.9997,0.071,58.3265,12.3152,No,0.0,0.0012,-0.0059,Poor,Low,1.5892,10.0,10.1023,21.2975,Safe,69.3945,17.956,19.0422,Aligned,14.8821,36.8729,Side Impact Potential,Rural,0.9811,False,Residential,Poor Infrastructure,0.0202,,False,11.7411,-0.0028,-0.0066,Aligned,17,Unnamed Road,1562
3258,Unnamed Road,Urban Road,URB-03258,3258,12.9579,77.4859,12.9579,77.4862,32.7,1303.2,1303.233,19.6169,Aligned,0.7778,0.8168,0.1635,-0.0119,-0.0156,37.5903,42.7607,49.009,32.7535,36.4553,50.6517,93.9587,0.0111,31.8022,32.4339,No,0.0,-0.0045,1.0778,Good,Low,2.7355,10.0,34.1387,28.5085,Moderate Risk,66.3506,37.2176,33.8232,Moderate Misalignment,40.0986,62.4691,Side Impact Potential,Urban,2.2032,False,Mixed,Poor Infrastructure,-0.0064,,False,36.7663,-0.0008,-0.0117,Aligned,38,Unnamed Road,1563
3259,Unnamed Road,Urban Road,URB-03259,3259,12.9638,77.4888,12.9633,77.4887,64.1,1303.6,1303.664,9.5201,Aligned,0.9704,0.9653,0.0208,-0.0211,-0.0127,25.6396,25.9197,26.5941,0.0941,15.4584,50.6109,77.5808,0.3831,20.0,4.4242,No,0.0,0.0064,-0.046,Poor,Low,1.0465,10.0,21.0422,22.8003,Safe,66.3485,24.1475,22.6003,Aligned,23.8672,41.9038,Side Impact Potential,Rural,0.8967,False,Industrial,Active Congestion | Poor Infrastructure,0.7779,Severe,False,10.0,0.0182,0.0015,Aligned,26,Unnamed Road,1564
3260,Unnamed Road,Urban Road,URB-03260,3260,12.9628,77.4886,12.9633,77.4887,50.5,1304.0,1304.051,13.287,Aligned,0.9115,0.9,0.1038,0.0027,0.0007,51.5145,50.3796,83.9597,33.5213,34.1141,51.069,87.6563,0.0,46.8404,28.2317,No,0.0,-0.0029,0.9501,Poor,High,1.8123,10.0,10.3431,25.7033,Moderate Risk,70.7172,50.4564,26.6194,Moderate Misalignment,54.8953,57.5031,Side Impact Potential,Urban,2.7607,True,Residential,Poor Infrastructure,0.2149,Light,False,42.7518,-0.0004,0.0044,Aligned,49,Unnamed Road,1565
3261,Unnamed Road,Urban Road,URB-03261,3261,12.9579,77.4859,12.958,77.4855,39.5,1304.4,1304.44,11.429,Aligned,0.9241,0.956,0.1151,0.0287,0.0004,34.3826,32.4811,78.9394,45.3185,40.889,49.5371,71.1122,0.0702,50.5477,39.9191,No,0.0,-0.0031,2.0215,Good,Low,1.9535,10.0,10.3662,23.7923,Safe,76.2828,33.2801,21.4734,Aligned,35.6972,65.0525,Side Impact Potential,Urban,5.9866,False,Mixed,Meets Safe System Standards,0.0129,,False,27.4393,-0.0059,0.0077,Aligned,36,Unnamed Road,1566
3262,Unnamed Road,Urban Road,URB-03262,3262,12.9601,77.4839,12.9597,77.4851,137.8,1304.8,1304.938,35.101,Moderate Misalignment,0.9403,0.0987,0.942,-0.0008,0.008,36.5802,37.0955,58.7268,0.0,13.3592,72.0005,98.0786,0.189,30.1262,0.8023,No,0.0,0.0041,0.0247,Poor,Medium,1.5863,10.0,19.7852,22.1925,Safe,66.0327,34.5773,23.3626,Aligned,38.2309,43.7269,Separated Traffic,Rural,2.0858,True,Residential,Poor Infrastructure,-0.0165,,False,28.4386,0.0115,-0.0051,Moderate Misalignment,35,Unnamed Road,1567
3263,Unnamed Road,Urban Road,URB-03263,3263,12.9601,77.4839,12.9603,77.4836,31.4,1305.2,1305.231,16.3463,Aligned,0.7831,0.7536,0.161,0.0187,0.0104,21.6004,20.2706,30.8277,0.2415,20.1666,48.2727,94.6861,0.0,21.8664,5.49,No,0.0,-0.0007,-0.0288,Good,Low,2.7408,10.0,10.0,22.7857,Safe,67.4396,19.6542,21.8173,Aligned,20.3446,57.2848,Side Impact Potential,Peri-Urban,2.3012,False,Industrial,Poor Infrastructure,0.1492,Light,False,15.4128,-0.003,-0.0152,Aligned,22,Unnamed Road,1568
3264,Unnamed Road,Urban Road,URB-03264,3264,12.9596,77.4854,12.9597,77.4851,36.1,1305.6,1305.636,10.3401,Aligned,1.0015,0.9986,0.0205,0.0115,0.0086,25.8268,26.2183,28.9982,0.4991,17.2686,48.5704,84.2166,0.2834,40.8239,3.4935,No,0.0,-0.0032,-0.0174,Poor,High,3.3903,10.0,10.1228,22.2477,Safe,69.0895,25.7833,18.408,Aligned,25.3801,52.4589,Side Impact Potential,Peri-Urban,0.7484,False,Commercial,Poor Infrastructure,0.2261,Light,False,20.1778,-0.0073,-0.0103,Aligned,27,Unnamed Road,1569
3265,Unnamed Road,Urban Road,URB-03265,3265,12.9604,77.4834,12.9603,77.4836,33.5,1306.0,1306.034,8.5478,Aligned,0.9857,0.9979,0.0167,-0.0023,0.005,36.277,34.173,59.0189,37.9938,33.3536,50.7046,77.6509,0.087,59.7507,23.2897,No,0.0,0.0027,0.0531,Good,Low,2.7378,10.0,10.0468,22.1644,Safe,77.6642,34.7027,19.1199,Aligned,35.7918,62.8736,Side Impact Potential,Urban,3.313,True,Residential,Meets Safe System Standards,0.1999,Light,False,24.1,-0.0111,-0.0095,Aligned,34,Unnamed Road,1570
3266,Unnamed Road,Urban Road,URB-03266,3266,12.9581,77.4852,12.958,77.4855,37.5,1306.4,1306.438,40.457,Moderate Misalignment,0.9462,0.084,0.9352,0.0033,-0.0073,64.3579,68.1164,78.4227,43.5579,31.2216,69.5962,96.905,0.0,51.4603,19.4636,No,0.0,0.0032,0.0151,Good,Medium,1.5129,10.0,31.3212,26.4903,Moderate Risk,68.8895,63.8546,34.1698,Moderate Misalignment,62.244,63.5399,Separated Traffic,Urban,3.1721,True,Mixed,Meets Safe System Standards,0.1581,Light,False,50.0683,0.0097,0.0033,Moderate Misalignment,65,Unnamed Road,1571
3267,Unnamed Road,Urban Road,URB-03267,3267,12.9638,77.4888,12.9641,77.4889,26.0,1306.8,1306.826,11.3319,Aligned,0.9171,0.8866,0.0687,-0.0103,0.0056,40.0373,39.4549,59.9886,9.2627,20.1507,73.0722,90.1531,0.1878,60.0,17.8073,No,0.0,-0.0016,0.0793,Poor,Medium,1.1181,10.0,10.0,22.3111,Safe,71.803,37.9547,18.6429,Aligned,37.4712,42.1954,Separated Traffic,Rural,2.0325,True,Residential,Poor Infrastructure,-0.0183,,False,35.0942,0.0028,0.0203,Aligned,38,Unnamed Road,1572
3268,Unnamed Road,Urban Road,URB-03268,3268,12.9581,77.4852,12.9581,77.4849,36.0,1307.2,1307.236,11.5582,Aligned,1.0018,0.9893,0.011,0.0117,-0.0065,21.8547,23.2847,60.663,5.9889,17.1468,71.6377,86.3554,0.0,31.3826,10.3071,No,0.0,0.0041,0.0394,Poor,Medium,1.1989,10.0,10.2303,20.3862,Safe,70.4023,22.6373,18.2278,Aligned,18.6419,36.2108,Separated Traffic,Rural,3.1859,True,Residential,Poor Infrastructure,0.006,,False,20.9031,0.0085,-0.0081,Aligned,22,Unnamed Road,1573
3269,Unnamed Road,Urban Road,URB-03269,3269,12.9582,77.4844,12.9581,77.4849,53.7,1307.6,1307.654,15.4116,Aligned,0.892,0.8642,0.0829,0.0126,0.0053,39.5707,38.201,97.3064,21.3973,25.2523,79.892,60.6681,0.0,59.467,20.123,No,0.0,-0.009,0.0057,Good,High,0.2942,10.0,10.0,21.1142,Safe,74.2234,40.3551,17.7274,Aligned,39.6427,48.1705,Separated Traffic,Peri-Urban,4.051,True,Residential,Poor Infrastructure,-0.0149,,False,34.0938,0.0192,-0.0226,Aligned,41,Unnamed Road,1574
3270,Unnamed Road,Urban Road,URB-03270,3270,12.9609,77.4827,12.9606,77.4831,45.4,1308.0,1308.045,38.3266,Moderate Misalignment,0.9245,0.0896,0.9456,0.0104,0.0069,31.2034,33.8327,55.2372,41.6345,45.2436,48.4217,95.2241,0.009,29.6672,49.1331,No,0.0,-0.0098,0.9884,Good,Low,3.5821,10.0,10.2119,27.6259,Moderate Risk,72.5639,33.8702,25.3997,Moderate Misalignment,34.7443,57.0737,Side Impact Potential,Urban,1.8593,True,Commercial,Meets Safe System Standards,-0.0122,,False,28.5907,0.0123,0.0091,Moderate Misalignment,33,Unnamed Road,1575
3271,Unnamed Road,Urban Road,URB-03271,3271,12.9609,77.4827,12.9614,77.4823,70.3,1308.4,1308.47,11.8292,Aligned,0.9003,0.8882,0.1249,0.0187,0.0048,30.6244,30.9228,65.6217,29.8545,31.6696,50.4033,95.2241,0.0,29.1309,22.0638,No,0.0,-0.004,0.0509,Good,Medium,3.9198,10.0,10.0,23.5021,Safe,73.0036,29.955,20.9318,Aligned,33.2731,61.4511,Side Impact Potential,Urban,4.1033,True,Mixed,Poor Infrastructure,0.0174,,False,25.3852,-0.0132,0.0094,Aligned,31,Unnamed Road,1576
3272,Unnamed Road,Urban Road,URB-03272,3272,12.9606,77.4831,12.9604,77.4834,42.1,1308.8,1308.842,8.9329,Aligned,0.9902,0.9372,0.0166,-0.0178,-0.0086,16.5051,19.4199,26.4134,0.0,16.2089,49.8729,91.626,0.4041,20.0311,5.5049,No,0.0,0.003,-0.003,Poor,High,0.9872,10.0,11.0346,21.8461,Safe,68.1758,18.5872,20.0924,Aligned,16.9235,44.8952,Side Impact Potential,Rural,1.0247,False,Mixed,Poor Infrastructure,0.0199,,False,16.2877,-0.0141,0.0096,Aligned,17,Unnamed Road,1577
3273,Unnamed Road,Urban Road,URB-03273,3273,12.9614,77.4823,12.9618,77.4822,47.5,1309.2,1309.247,10.3486,Aligned,0.9763,0.9723,0.0103,-0.0068,-0.002,42.0492,44.0395,85.6128,42.5406,31.4708,70.8842,85.8338,0.0,49.1067,31.9411,No,0.0,-0.0072,-0.0736,Poor,Medium,1.4335,10.0,10.0,21.0821,Safe,77.0153,44.608,19.4451,Aligned,44.3198,50.8481,Separated Traffic,Peri-Urban,5.8208,True,Mixed,Meets Safe System Standards,0.0012,,False,37.6159,0.0029,-0.0066,Aligned,40,Unnamed Road,1578
3274,Unnamed Road,Urban Road,URB-03274,3274,12.9582,77.4798,12.9572,77.4798,110.0,1309.6,1309.71,10.9549,Aligned,0.9802,0.944,0.0581,0.0032,-0.0007,21.0769,23.5661,51.8107,23.9505,22.3799,49.2545,84.048,0.0,32.9092,19.0582,No,0.0,0.0003,-0.0121,Poor,Low,1.3495,10.0,10.0742,20.8097,Safe,74.2556,21.5014,17.8547,Aligned,18.9822,41.2342,Side Impact Potential,Rural,4.0863,False,Residential,Approach to Congestion (Tapered) | Poor Infrastructure,0.0054,,True,19.8742,-0.0125,-0.0052,Aligned,21,Unnamed Road,1579
3275,Unnamed Road,Urban Road,URB-03275,3275,12.9595,77.4863,12.9593,77.4866,34.2,1310.0,1310.034,10.9384,Aligned,0.9571,0.954,0.0283,0.001,0.0013,30.8078,30.4191,78.8272,20.6565,29.8118,50.8737,73.2931,0.2664,41.4586,20.6534,No,0.0,-0.0065,0.051,Good,Low,2.0648,10.0,10.0217,23.1483,Safe,71.5988,30.2386,21.4763,Aligned,28.0941,60.6946,Side Impact Potential,Urban,2.9953,True,Commercial,Poor Infrastructure,0.2343,Light,False,21.8,0.0075,0.0197,Aligned,29,Unnamed Road,1580
3276,Unnamed Road,Urban Road,URB-03276,3276,12.9595,77.4863,12.9596,77.4854,97.2,1310.4,1310.497,36.9654,Moderate Misalignment,0.99,0.0119,0.9927,-0.0079,0.0001,61.9872,61.7137,85.4545,16.967,28.385,70.1374,97.2109,0.4806,49.9446,19.3739,No,0.0,-0.004,0.0181,Good,Low,1.3899,10.0,22.8988,27.818,Moderate Risk,64.9945,62.7974,31.6621,Moderate Misalignment,63.1096,57.2062,Separated Traffic,Urban,5.8066,True,Commercial,Poor Infrastructure,0.1613,Light,False,47.0188,0.0088,0.0173,Moderate Misalignment,62,Unnamed Road,1581
3277,Unnamed Road,Urban Road,URB-03277,3277,12.9593,77.4866,12.9592,77.4869,37.0,1310.8,1310.837,10.4544,Aligned,0.9922,0.9947,-0.018,0.0027,0.0029,21.153,21.5739,27.6651,8.9935,17.7588,49.8642,76.457,0.1445,40.9695,2.8221,No,0.0,-0.0011,0.0222,Poor,High,3.0721,10.0,10.0412,20.0681,Safe,70.0509,20.8563,16.6295,Aligned,22.0786,50.9734,Side Impact Potential,Peri-Urban,0.9689,False,Residential,Poor Infrastructure,0.226,Light,False,16.3777,0.0012,-0.0012,Aligned,20,Unnamed Road,1582
3278,Unnamed Road,Urban Road,URB-03278,3278,12.9592,77.4872,12.959,77.4877,48.4,1311.2,1311.248,13.302,Aligned,0.8915,0.8634,0.0954,0.0304,-0.0163,54.1432,49.8642,98.7799,19.3861,34.7465,81.02,75.8742,0.1356,58.1764,27.657,No,0.0,-0.0041,1.0274,Poor,High,0.6793,10.0,10.0,25.4754,Moderate Risk,71.6293,52.5797,22.3179,Aligned,53.9164,66.0442,Separated Traffic,Urban,4.8974,True,Commercial,Poor Infrastructure,-0.0072,,False,43.7743,0.0176,0.006,Aligned,53,Unnamed Road,1583
3279,Unnamed Road,Urban Road,URB-03279,3279,12.9592,77.4872,12.9592,77.4869,37.3,1311.6,1311.637,15.7258,Aligned,0.7903,0.8305,0.2022,0.0205,-0.0059,30.1755,31.0691,54.3358,0.9849,17.7399,50.7159,94.3098,0.2476,28.8659,5.7859,No,0.0,-0.0181,-0.0434,Poor,Medium,1.556,10.0,10.0,22.4251,Safe,68.7156,32.238,18.396,Aligned,29.0289,46.8027,Side Impact Potential,Rural,2.8253,False,Mixed,Poor Infrastructure,-0.0117,,False,26.1042,0.0119,0.0149,Aligned,31,Unnamed Road,1584