segment_id,road_name,road_type,human_segment_id,internal_id,start_lat,start_lon,end_lat,end_lon,length_m,start_km,end_km,road_risk_score,ai_risk_label,ai_risk_probability,prob_low_risk,prob_medium_risk,prob_high_risk,prob_critical_risk,ai_recommended_speed,recommended_safe_speed,road_function_score,infrastructure_score,exposure_score,human_tolerance_limit,operating_speed_score,crash_risk_score,posted_speed_limit,pedestrian_exposure_score,blackspot_flag,crash_count,fatal_crashes,schools_count,lighting_quality,roadside_hazards,intersection_density,speed_compliance_rate,speed_violation_score,hotspot_score,hotspot_category,speed_safety_score,original_safe_speed,misalignment_score,misalignment_category,speed_p85,ptw_share_pct,exposure_tier,urban_rural_flag,lane_count,median_presence,land_use_type,top_ai_factors,congestion_index,congestion_category,congestion_smoothed,operating_speed_mean,minor_crashes,major_crashes,risk_category,final_safe_speed,corridor_base,corridor_seq
3280,Unnamed Road,Urban Road,URB-03280,3280,12.9526,77.4838,12.9524,77.4834,47.7,1312.0,1312.048,22.3478,Aligned,0.5805,0.5985,0.3353,0.0457,0.0012,66.3211,67.4472,100.0,26.406,27.536,80.0709,46.3156,0.0,59.5142,22.319,No,0.0,0.0086,0.9672,Good,Low,0.4127,10.0,10.2503,27.0384,Moderate Risk,65.6305,66.2392,32.0036,Moderate Misalignment,65.4225,54.0032,Separated Traffic,Peri-Urban,4.8642,True,Residential,Poor Infrastructure | Above Human Tolerance Limit,0.1744,Light,False,53.1203,0.0006,0.0041,Aligned,65,Unnamed Road,1585
3281,Unnamed Road,Urban Road,URB-03281,3281,12.9525,77.4877,12.9525,77.4879,21.9,1312.4,1312.422,14.7469,Aligned,0.8905,0.9327,0.0731,-0.0095,-0.0046,46.9759,50.9304,99.2359,10.1468,19.2038,80.2357,68.8871,0.4537,57.9747,14.7342,No,0.0,0.0025,0.0712,Poor,Low,0.2139,10.0,10.0,20.5162,Safe,71.6424,48.8903,18.8516,Aligned,47.8054,36.8237,Separated Traffic,Rural,7.1526,True,Residential,Poor Infrastructure,0.1612,Light,False,38.1495,-0.0008,-0.0096,Aligned,50,Unnamed Road,1586
3282,Unnamed Road,Urban Road,URB-03282,3282,12.9711,77.4785,12.9712,77.4779,55.6,1312.8,1312.856,12.9933,Aligned,0.9733,0.961,0.0373,0.0136,0.0026,33.2165,34.5624,72.556,27.4184,33.4604,49.8565,80.2739,0.0204,38.8187,31.3013,No,0.0,-0.0033,0.9888,Good,Low,1.6865,10.0,10.4139,24.9269,Safe,72.0872,31.5395,20.9672,Aligned,34.5576,58.0289,Side Impact Potential,Urban,3.1537,False,Residential,Poor Infrastructure,0.0046,,False,27.2158,0.0024,-0.0022,Aligned,32,Unnamed Road,1587
3283,Unnamed Road,Urban Road,URB-03283,3283,12.9711,77.4785,12.9712,77.479,60.5,1313.2,1313.261,11.9317,Aligned,0.9783,0.9604,0.0286,0.0062,-0.0043,38.2164,41.3016,75.6634,11.8004,25.0205,51.8216,77.6193,0.0,50.5785,18.2996,No,0.0,-0.0065,1.0666,Good,High,1.4306,10.0,10.0,22.292,Safe,70.8939,39.9776,20.2547,Aligned,41.9052,51.3571,Side Impact Potential,Peri-Urban,3.8501,False,Industrial,Approach to Congestion (Tapered) | Poor Infrastructure,0.0154,,True,34.0036,0.0078,0.0062,Aligned,40,Unnamed Road,1588
3284,Unnamed Road,Urban Road,URB-03284,3284,12.9712,77.4779,12.9693,77.4776,213.5,1313.6,1313.814,13.8248,Aligned,0.9063,0.8512,0.1302,-0.0025,0.0078,42.4259,39.0772,48.4448,30.7707,29.6234,50.9099,92.8346,0.0,39.9451,25.3963,No,0.0,0.0005,0.0409,Good,Medium,2.2779,10.0,10.0,22.7765,Safe,74.7421,41.0941,20.7709,Aligned,42.6584,58.2599,Side Impact Potential,Urban,1.8425,False,Mixed,Poor Infrastructure,-0.0059,,False,35.6615,0.0041,-0.0014,Aligned,42,Unnamed Road,1589
3285,Unnamed Road,Urban Road,URB-03285,3285,12.9583,77.483,12.9582,77.4844,152.2,1314.0,1314.152,22.9769,Aligned,0.6131,0.6129,0.3257,0.0363,0.0084,30.0476,29.7058,50.5858,63.7706,47.3269,30.5228,97.7362,4.747,32.9217,54.2438,No,0.0,-0.0049,2.0733,Good,Low,4.0276,10.0,10.3837,25.9916,Moderate Risk,78.3241,30.5642,23.1583,Aligned,30.9178,58.8557,Significant Pedestrian Interaction,Urban,2.0716,False,Mixed,High Pedestrian Interaction,-0.0158,,False,27.8433,0.9911,-0.0005,Aligned,30,Unnamed Road,1590
3286,Unnamed Road,Urban Road,URB-03286,3286,12.9642,77.482,12.9645,77.4821,41.0,1314.4,1314.441,11.0302,Aligned,0.9854,0.95,-0.0013,0.0019,-0.004,35.3285,34.1923,82.0738,57.4866,31.2451,49.7745,82.1217,0.3791,41.2516,23.2629,No,0.0,-0.0009,0.043,Good,High,1.7346,10.0,10.3613,18.5723,Safe,82.8496,35.145,18.2893,Aligned,34.394,59.9982,Side Impact Potential,Urban,5.7615,False,Residential,Meets Safe System Standards,0.1376,Light,False,26.2555,-0.0118,-0.003,Aligned,34,Unnamed Road,1591
3287,Unnamed Road,Urban Road,URB-03287,3287,12.9519,77.4804,12.9522,77.4809,55.3,1314.8,1314.855,15.7762,Aligned,0.8576,0.8436,0.1752,0.0138,0.0087,23.9988,25.1493,30.1248,0.5782,11.2215,48.9449,98.7097,0.185,20.7903,1.4713,No,0.0,-0.002,0.0577,Poor,Medium,1.0381,10.0,16.9991,20.9579,Safe,68.0033,22.5859,20.7931,Aligned,21.6136,32.0174,Side Impact Potential,Rural,2.0016,False,Mixed,Poor Infrastructure,0.1289,Light,False,17.1755,-0.0189,-0.0001,Aligned,24,Unnamed Road,1592
3288,Unnamed Road,Urban Road,URB-03288,3288,12.9522,77.4809,12.9523,77.4814,59.6,1315.2,1315.26,36.6917,Moderate Misalignment,0.8367,0.1934,0.8235,-0.0103,0.0037,53.0165,48.3717,54.6984,12.6365,20.5549,51.7906,94.72,0.2068,40.5267,9.858,No,0.0,-0.0055,-0.0044,Good,High,2.372,10.0,29.0523,26.1546,Moderate Risk,64.5853,50.2662,30.4972,Moderate Misalignment,51.3473,57.0377,Side Impact Potential,Peri-Urban,3.9512,False,Industrial,Poor Infrastructure,0.0093,,False,43.9468,-0.0017,-0.0074,Moderate Misalignment,49,Unnamed Road,1593
3289,Unnamed Road,Urban Road,URB-03289,3289,12.9517,77.4919,12.952,77.4908,118.9,1315.6,1315.719,13.3355,Aligned,0.9459,0.9578,0.059,0.0193,-0.002,22.4829,20.4421,49.3063,17.2233,24.2442,51.4051,79.4748,0.2324,30.3598,16.9797,No,0.0,0.0015,-0.0543,Good,High,2.4681,10.0,10.0,22.3932,Safe,71.6814,22.2127,17.2511,Aligned,20.1301,51.9092,Side Impact Potential,Peri-Urban,1.9971,False,Commercial,Poor Infrastructure,0.1884,Light,False,17.1746,-0.0039,0.0052,Aligned,23,Unnamed Road,1594
3290,Unnamed Road,Urban Road,URB-03290,3290,12.9546,77.4824,12.9546,77.4827,33.6,1316.0,1316.034,41.2884,Moderate Misalignment,0.9522,0.008,1.0243,0.0466,0.0015,32.0835,29.5397,76.1155,58.8018,54.1804,29.9286,93.7523,0.2199,41.734,59.175,No,0.0,0.0006,0.9364,Good,Medium,1.3862,10.0,10.2865,33.6956,Moderate Risk,67.016,30.6686,41.0579,Moderate Misalignment,43.464,68.769,Significant Pedestrian Interaction,Urban,4.0777,False,Commercial,High Pedestrian Interaction | Above Human Tolerance Limit,0.0023,,False,35.1544,0.0049,-0.0097,Moderate Misalignment,30,Unnamed Road,1595
3291,Unnamed Road,Urban Road,URB-03291,3291,12.9546,77.4831,12.9546,77.4827,40.1,1316.4,1316.44,15.7658,Aligned,0.8363,0.8505,0.1275,0.0126,-0.0064,58.9757,58.4054,97.3815,8.4322,15.3959,82.4372,58.3924,0.0265,59.4224,6.9982,No,0.0,0.0003,0.0054,Good,Medium,0.127,10.0,10.0,20.7645,Safe,71.7028,58.4886,17.5526,Aligned,58.9324,40.3827,Separated Traffic,Rural,5.8964,True,Residential,Approach to Congestion (Tapered) | Poor Infrastructure,-0.0393,,True,51.1561,0.0103,0.0147,Aligned,59,Unnamed Road,1596
3292,Unnamed Road,Urban Road,URB-03292,3292,12.9756,77.4801,12.9748,77.4798,88.2,1316.8,1316.888,9.176,Aligned,0.9979,1.0203,0.0008,-0.0042,-0.0059,23.9358,26.4129,27.5726,13.5221,17.7288,47.7133,86.3771,0.1458,28.8908,7.0883,No,0.0,0.0046,0.0083,Poor,Medium,2.8484,10.0,10.0,19.8718,Safe,72.3928,25.8182,17.1836,Aligned,26.2449,50.2472,Side Impact Potential,Peri-Urban,1.1244,False,Residential,Poor Infrastructure,0.0006,,False,22.4835,0.007,-0.0084,Aligned,25,Unnamed Road,1597
3293,Unnamed Road,Urban Road,URB-03293,3293,12.9661,77.4877,12.9659,77.4885,84.0,1317.2,1317.284,98.7669,Critical Misalignment,0.9755,-0.0079,0.0428,0.0103,0.9886,28.9613,27.7591,76.6706,53.1674,53.8894,29.9382,89.3232,5.2779,58.3487,65.5269,No,0.0,-0.0081,1.1143,Good,Medium,2.2634,10.0,24.2621,50.3281,High Risk,42.0377,30.0456,78.478,Critical Misalignment,76.4306,65.2187,Significant Pedestrian Interaction,Urban,1.8025,True,Mixed,Speed Limit Misaligned | High Pedestrian Interaction | Above Human Tolerance Limit,-0.0207,,False,67.022,1.0071,0.0022,Critical Misalignment,27,Unnamed Road,1598
3294,Unnamed Road,Urban Road,URB-03294,3294,12.9528,77.4864,12.9512,77.4861,178.6,1317.6,1317.779,32.3671,Moderate Misalignment,0.7218,0.2322,0.7191,0.0272,0.0002,65.9781,66.6089,99.6474,4.7411,21.0887,77.9896,52.3376,0.3199,59.7202,11.7186,No,0.0,0.0033,0.0111,Poor,High,0.3531,10.0,10.0,22.3089,Safe,69.6637,64.6716,19.6484,Aligned,65.3262,51.1188,Separated Traffic,Peri-Urban,4.1892,True,Residential,Poor Infrastructure,0.1896,Light,False,50.2529,0.0184,0.0035,Moderate Misalignment,64,Unnamed Road,1599
3295,Unnamed Road,Urban Road,URB-03295,3295,12.9584,77.4816,12.9583,77.483,147.1,1318.0,1318.147,9.4652,Aligned,0.9682,0.9582,-0.0078,-0.0005,0.0074,35.2616,36.2119,80.8485,15.4464,30.6465,49.4463,71.4168,0.0,49.7748,21.8336,No,0.0,0.0031,-0.0419,Poor,Low,1.6501,10.0,10.2915,24.189,Safe,71.5203,38.4219,22.218,Aligned,39.9004,58.9376,Side Impact Potential,Urban,6.0784,False,Commercial,Poor Infrastructure,-0.0037,,False,29.2231,0.0112,-0.0092,Aligned,33,Unnamed Road,1600
3296,Unnamed Road,Urban Road,URB-03296,3296,12.9586,77.4798,12.9584,77.4816,195.6,1318.4,1318.596,26.5791,Moderate Misalignment,0.5,0.4543,0.5375,0.0178,0.002,38.4666,37.109,51.774,20.9987,21.5235,49.8086,93.7285,0.0537,28.4963,15.5441,No,0.0,-0.0043,-0.0194,Good,High,1.0044,10.0,27.7965,23.6315,Safe,68.305,38.34,26.4972,Moderate Misalignment,38.799,38.3248,Side Impact Potential,Rural,3.9391,False,Industrial,Poor Infrastructure,-0.0031,,False,32.83,-0.0056,-0.0051,Moderate Misalignment,37,Unnamed Road,1601
3297,Unnamed Road,Urban Road,URB-03297,3297,12.9785,77.4812,12.9782,77.4811,34.8,1318.8,1318.835,16.3866,Aligned,0.7937,0.8499,0.1939,0.0354,-0.0105,56.0987,55.373,99.5402,13.2922,24.4723,77.4825,45.86,0.2077,59.0851,11.4208,No,0.0,-0.0004,0.013,Good,Low,0.5195,10.0,10.0,22.1842,Safe,71.7678,54.0535,18.66,Aligned,57.7242,61.9687,Separated Traffic,Urban,8.2075,True,Mixed,Poor Infrastructure,0.1559,Light,False,42.6296,-0.0005,0.0051,Aligned,55,Unnamed Road,1602
3298,Unnamed Road,Urban Road,URB-03298,3298,12.9785,77.4812,12.9787,77.4811,30.4,1319.2,1319.23,43.1505,Moderate Misalignment,0.9026,-0.0042,0.9027,0.0712,-0.0009,28.0806,25.5067,89.5463,55.5734,53.6017,30.1946,70.4634,0.0,60.0,59.5086,No,0.0,-0.0056,0.9787,Good,Low,1.7993,10.0,10.0242,33.1502,Moderate Risk,67.0728,25.331,38.3367,Moderate Misalignment,28.8125,67.3604,Significant Pedestrian Interaction,Urban,6.1241,True,Residential,High Pedestrian Interaction | Above Human Tolerance Limit,0.1299,Light,False,21.9238,0.0057,0.0079,Moderate Misalignment,27,Unnamed Road,1603
3299,Unnamed Road,Urban Road,URB-03299,3299,12.9782,77.4811,12.9779,77.4809,32.3,1319.6,1319.632,10.8023,Aligned,0.9594,0.9094,0.0543,-0.0057,0.0143,37.5086,35.2694,53.5964,4.6489,23.915,51.1805,79.6031,0.0529,41.3501,17.3153,No,0.0,0.0098,-0.0416,Poor,Medium,2.1406,10.0,10.2599,23.4139,Safe,68.0513,37.7791,22.5762,Aligned,36.4151,51.4918,Side Impact Potential,Peri-Urban,2.8368,False,Residential,Poor Infrastructure,0.1869,Light,False,27.8063,-0.0146,-0.0035,Aligned,36,Unnamed Road,1604
3300,Unnamed Road,Urban Road,URB-03300,3300,12.979,77.4811,12.9787,77.4811,27.1,1320.0,1320.027,25.1865,Moderate Misalignment,0.4942,0.4563,0.5415,-0.002,-0.0178,78.6291,79.4145,100.0,26.5013,26.7673,80.7386,76.528,0.0912,60.0,16.5901,No,0.0,-0.0023,0.0372,Poor,Low,0.4849,10.0,10.1387,25.4509,Moderate Risk,66.7457,80.8373,30.5767,Moderate Misalignment,87.1355,54.2498,Separated Traffic,Peri-Urban,6.0005,True,Residential,Poor Infrastructure | Above Human Tolerance Limit,-0.0029,,False,73.9765,-0.004,0.0023,Moderate Misalignment,79,Unnamed Road,1605
3301,Unnamed Road,Urban Road,URB-03301,3301,12.9621,77.4786,12.9637,77.4787,181.6,1320.4,1320.582,9.7237,Aligned,0.9612,0.95,0.0103,-0.0003,-0.0027,25.7334,25.255,51.5478,21.8545,28.562,50.6341,85.2769,0.6595,30.2265,13.6408,No,0.0,0.0079,0.0029,Good,Low,2.2843,10.0,10.4115,22.4296,Safe,73.2469,23.9198,21.2,Aligned,25.562,65.0826,Side Impact Potential,Urban,3.1282,False,Commercial,Poor Infrastructure,0.0142,,False,21.9157,-0.0251,0.0127,Aligned,26,Unnamed Road,1606
3302,Unnamed Road,Urban Road,URB-03302,3302,12.9621,77.4786,12.9618,77.4787,33.5,1320.8,1320.834,15.4033,Aligned,0.7841,0.7837,0.1932,-0.0027,0.0067,21.0238,20.2313,30.2422,0.255,21.8345,49.1718,94.5984,0.0,21.4795,6.1438,No,0.0,-0.0026,0.0006,Good,Low,2.8565,10.0,10.1095,23.0988,Safe,67.1326,19.9845,22.2755,Aligned,21.1564,57.126,Side Impact Potential,Peri-Urban,2.054,False,Industrial,Poor Infrastructure,0.1551,Light,False,16.9495,0.0044,-0.0001,Aligned,19,Unnamed Road,1607
3303,Unnamed Road,Urban Road,URB-03303,3303,12.9637,77.4787,12.964,77.4791,56.2,1321.2,1321.256,13.9506,Aligned,0.8127,0.7973,0.1767,0.0107,-0.0025,31.9199,32.5694,61.0552,39.6009,34.1513,52.5173,91.3836,0.4694,30.2797,30.6335,No,0.0,-0.0003,0.9525,Good,Low,3.1009,10.0,10.0022,24.2524,Safe,74.1612,32.1172,22.5154,Aligned,33.1905,68.3077,Side Impact Potential,Urban,3.1575,True,Residential,Meets Safe System Standards,0.1414,Light,False,25.5628,-0.0046,0.0035,Aligned,33,Unnamed Road,1608
3304,Unnamed Road,Urban Road,URB-03304,3304,12.9616,77.4787,12.9618,77.4787,30.0,1321.6,1321.63,34.4622,Moderate Misalignment,0.8287,0.1536,0.8519,0.0095,0.0073,81.2613,79.1048,99.06,33.8151,36.9351,81.7048,91.1737,0.0,60.0,30.1407,No,0.0,-0.0092,1.0188,Good,High,0.4368,10.0,10.1141,30.4418,Moderate Risk,63.2822,79.5171,37.9642,Moderate Misalignment,91.7338,67.5877,Separated Traffic,Urban,5.9313,True,Industrial,Above Human Tolerance Limit,-0.0086,,False,81.186,-0.0043,0.0125,Moderate Misalignment,79,Unnamed Road,1609
3305,Unnamed Road,Urban Road,URB-03305,3305,12.9576,77.4872,12.9577,77.4868,48.2,1322.0,1322.048,99.6354,Critical Misalignment,0.9663,-0.0173,-0.0155,0.0047,0.972,50.7855,50.6474,99.2552,12.7255,30.5093,50.2687,88.8893,0.0543,60.0,26.0983,No,0.0,0.0091,0.9463,Poor,Medium,0.4584,10.0,26.4519,49.5388,Moderate Risk,33.7662,49.744,82.3294,Critical Misalignment,99.7321,55.5716,Side Impact Potential,Peri-Urban,7.1396,False,Industrial,Speed Limit Misaligned | Poor Infrastructure | Above Human Tolerance Limit,-0.0023,,False,89.5877,-0.0109,-0.0111,Critical Misalignment,50,Unnamed Road,1610
3306,Unnamed Road,Urban Road,URB-03306,3306,12.9576,77.4872,12.9571,77.4872,59.2,1322.4,1322.459,43.7741,Moderate Misalignment,0.9025,-0.0154,0.9513,0.0677,-0.0046,32.4291,30.2689,78.1078,66.9809,49.9208,28.8466,82.9904,0.8237,41.3913,57.914,No,0.0,-0.0041,2.018,Poor,Low,1.7633,10.0,10.0,30.0095,Moderate Risk,73.7679,31.8121,35.1656,Moderate Misalignment,37.4081,60.8178,Significant Pedestrian Interaction,Urban,6.1461,False,Commercial,High Pedestrian Interaction | Above Human Tolerance Limit,0.2013,Light,False,30.0446,0.01,-0.0099,Moderate Misalignment,29,Unnamed Road,1611
3307,Unnamed Road,Urban Road,URB-03307,3307,12.9576,77.4872,12.959,77.4877,163.6,1322.8,1322.964,15.375,Aligned,0.8316,0.833,0.1443,-0.0166,0.001,41.0128,42.7585,71.9661,33.7487,34.6991,49.0869,92.3872,0.0581,40.9119,32.4668,No,0.0,0.0001,0.0554,Poor,Low,1.4354,10.0,10.0,24.6023,Safe,72.0769,41.8074,24.0646,Aligned,45.0055,62.5695,Side Impact Potential,Urban,2.9448,False,Mixed,Poor Infrastructure,-0.0024,,False,35.2886,-0.0044,-0.0023,Aligned,44,Unnamed Road,1612
3308,Unnamed Road,Urban Road,URB-03308,3308,12.956,77.487,12.9571,77.4872,124.1,1323.2,1323.324,13.317,Aligned,0.9606,0.9282,0.0315,0.0169,0.0039,38.1176,38.1386,71.3675,24.9101,27.9037,49.3963,84.1748,0.0,43.1809,14.1176,No,0.0,-0.0035,-0.0486,Good,Low,1.9719,10.0,10.3145,21.4395,Safe,73.4923,38.648,19.9478,Aligned,41.1193,64.7352,Side Impact Potential,Urban,2.1089,False,Industrial,Poor Infrastructure,0.1409,Light,False,26.8462,-0.0042,0.008,Aligned,39,Unnamed Road,1613
3309,Unnamed Road,Urban Road,URB-03309,3309,12.9608,77.4882,12.959,77.4877,201.1,1323.6,1323.801,15.6814,Aligned,0.9147,0.86,0.0334,0.0244,0.0072,77.0119,79.1465,100.0,0.0,13.7445,81.4497,23.4379,0.125,60.0,0.0,No,0.0,0.0056,-0.0086,Poor,Medium,0.184,10.0,10.0188,21.5304,Safe,69.7657,78.0856,19.0389,Aligned,78.4324,46.7982,Separated Traffic,Rural,4.8543,True,Residential,Active Congestion | Poor Infrastructure,0.6421,Severe,False,28.4528,-0.0086,-0.0015,Aligned,77,Unnamed Road,1614
3310,Unnamed Road,Urban Road,URB-03310,3310,12.9555,77.4812,12.9546,77.4831,229.7,1324.0,1324.23,10.017,Aligned,0.9925,0.9852,0.0119,0.004,-0.0035,18.2392,21.462,30.6682,0.0,20.4287,48.3729,83.8899,0.0,29.4089,4.1589,No,0.0,-0.0067,-0.0205,Poor,Low,3.376,10.0,10.0,23.2713,Safe,67.905,18.4513,21.2094,Aligned,18.126,58.0917,Side Impact Potential,Peri-Urban,1.9388,False,Commercial,Poor Infrastructure,-0.002,,False,18.0377,-0.0123,0.0073,Aligned,19,Unnamed Road,1615
3311,Unnamed Road,Urban Road,URB-03311,3311,12.9586,77.4798,12.9586,77.4793,57.9,1324.4,1324.458,10.1661,Aligned,1.0008,1.0433,0.0101,0.0115,-0.0073,29.3861,27.1382,26.9115,0.0,18.8452,48.23,89.6714,0.073,27.7863,0.7268,No,0.0,-0.0065,0.0406,Good,Medium,2.6349,10.0,10.3147,22.1406,Safe,69.1989,27.4585,20.5771,Aligned,31.1644,60.8626,Side Impact Potential,Peri-Urban,1.1466,False,Residential,Poor Infrastructure,0.0007,,False,21.9193,-0.0045,-0.0078,Aligned,29,Unnamed Road,1616
3312,Unnamed Road,Urban Road,URB-03312,3312,12.9586,77.4798,12.9582,77.4798,42.2,1324.8,1324.842,11.1585,Aligned,0.9371,0.9523,0.036,-0.0174,-0.0059,18.7161,20.2752,26.9961,26.2121,24.9363,48.9631,98.1821,0.0,21.0158,15.3236,No,0.0,0.0042,-0.014,Poor,Medium,2.1306,10.0,10.0,21.0953,Safe,73.4192,19.629,19.8733,Aligned,21.5128,57.8447,Side Impact Potential,Peri-Urban,0.95,False,Residential,Poor Infrastructure,0.1263,Light,False,18.5115,0.0048,-0.0215,Aligned,20,Unnamed Road,1617
3313,Unnamed Road,Urban Road,URB-03313,3313,12.9528,77.4864,12.9527,77.4869,46.6,1325.2,1325.247,42.5917,Moderate Misalignment,0.9467,0.0133,0.9142,0.0505,0.0072,29.8415,30.2177,84.6785,65.5644,48.7306,31.6093,47.6391,0.177,48.6124,67.8208,No,0.0,0.0014,1.9507,Good,High,1.3701,10.0,10.0,36.7903,Moderate Risk,64.2225,29.3944,51.4201,High Misalignment,52.6329,57.545,Significant Pedestrian Interaction,Urban,3.8826,True,Mixed,Speed Limit Misaligned | High Pedestrian Interaction | Active Congestion,0.7271,Severe,False,16.0555,0.0028,0.0056,Moderate Misalignment,31,Unnamed Road,1618
3314,Unnamed Road,Urban Road,URB-03314,3314,12.9528,77.4864,12.9542,77.4867,161.0,1325.6,1325.761,11.9449,Aligned,0.9277,0.9451,0.0893,-0.0083,0.0041,30.1078,29.3611,88.1434,57.2746,43.3431,50.9822,71.8974,0.2178,39.1724,52.6933,No,0.0,0.0118,1.0025,Poor,High,2.2627,10.0,10.0,23.0553,Safe,79.6473,26.3461,19.9124,Aligned,28.9022,55.4113,Side Impact Potential,Urban,4.9256,True,Commercial,Meets Safe System Standards,0.1873,Light,False,23.6649,-0.0048,0.0062,Aligned,32,Unnamed Road,1619
3315,Unnamed Road,Urban Road,URB-03315,3315,12.9556,77.487,12.9542,77.4867,150.9,1326.0,1326.151,9.4216,Aligned,0.9679,0.9432,0.0512,0.0002,-0.0057,26.8133,25.2199,79.7868,19.0592,27.7169,50.7293,74.9774,0.0095,38.6812,19.1801,No,0.0,0.0008,0.9713,Poor,Low,2.1218,10.0,10.0,22.9881,Safe,73.1991,29.2407,20.1197,Aligned,27.0264,56.1011,Side Impact Potential,Urban,4.0392,True,Residential,Poor Infrastructure,0.0009,,False,22.7437,0.0153,0.0031,Aligned,27,Unnamed Road,1620
3316,Unnamed Road,Urban Road,URB-03316,3316,12.9608,77.4882,12.9611,77.4883,35.6,1326.4,1326.436,10.8379,Aligned,0.9776,1.005,0.0048,-0.0151,0.0025,15.5597,19.5188,27.1608,0.7053,13.0966,50.7367,87.7706,0.2386,20.0,8.1524,No,0.0,0.0039,0.033,Poor,Low,1.7372,10.0,10.0,20.8076,Safe,69.424,14.7482,16.8613,Aligned,16.2807,41.2453,Side Impact Potential,Rural,1.1831,False,Residential,Poor Infrastructure,0.0142,,False,11.2718,-0.0178,-0.005,Aligned,15,Unnamed Road,1621
3317,Unnamed Road,Urban Road,URB-03317,3317,12.9556,77.487,12.956,77.487,46.0,1326.8,1326.846,13.734,Aligned,0.8875,0.9284,0.0974,0.0246,0.004,28.7062,29.15,79.7029,3.0495,24.6777,49.1253,54.2837,0.0977,38.5126,14.661,No,0.0,0.0049,0.0599,Good,Medium,1.5872,10.0,10.0,23.7689,Safe,68.8121,28.6404,19.0367,Aligned,28.7325,56.7131,Side Impact Potential,Peri-Urban,5.0552,False,Residential,Active Congestion | Poor Infrastructure,0.67,Severe,False,10.0,0.0139,-0.0024,Aligned,28,Unnamed Road,1622
3318,Unnamed Road,Urban Road,URB-03318,3318,12.9632,77.4818,12.9629,77.4819,31.4,1327.2,1327.231,9.7594,Aligned,0.9622,0.916,0.0455,-0.005,-0.0166,25.3128,23.1772,50.7734,22.9985,27.7932,50.4379,84.3968,0.236,27.9709,15.5011,No,0.0,0.0068,0.0718,Good,Low,2.1874,10.0,10.0,22.4429,Safe,72.789,25.5354,20.6725,Aligned,26.2765,65.5131,Side Impact Potential,Urban,3.045,False,Commercial,Poor Infrastructure,0.0144,,False,21.1051,-0.0037,0.0073,Aligned,27,Unnamed Road,1623
3319,Unnamed Road,Urban Road,URB-03319,3319,12.9632,77.4818,12.9642,77.482,115.3,1327.6,1327.715,12.014,Aligned,0.9212,0.8843,0.0401,0.0013,-0.0048,40.9243,44.1815,81.6854,34.2054,33.113,49.0139,85.9556,0.5488,49.5451,22.7119,No,0.0,-0.0074,-0.0002,Good,Low,1.8811,10.0,10.0,22.4073,Safe,74.8363,43.0599,20.4491,Aligned,41.4752,64.7541,Side Impact Potential,Urban,4.9318,True,Industrial,Poor Infrastructure,-0.0042,,False,40.5544,-0.0102,0.0045,Aligned,43,Unnamed Road,1624
3320,Unnamed Road,Urban Road,URB-03320,3320,12.8498,77.5883,12.8531,77.5814,1274.3,1328.0,1329.274,13.1662,Aligned,0.9111,0.9639,0.0974,-0.0026,-0.0111,45.4567,35.2343,48.2633,0.0,13.0887,50.334,97.0068,40.7497,38.2018,6.6794,Yes,0.0,0.9986,0.0398,Poor,High,1.4608,10.0,10.0,32.6894,Moderate Risk,58.3746,44.1973,24.6358,Aligned,44.4701,38.3712,Side Impact Potential,Rural,1.7564,False,Industrial,Poor Infrastructure,0.023,,False,38.0934,-0.001,0.0009,Aligned,47,Unnamed Road,1625
3321,Unnamed Road,Urban Road,URB-03321,3321,12.8535,77.5801,12.855,77.5808,186.2,1328.4,1328.586,19.6819,Aligned,0.7169,0.6516,0.226,0.0448,-0.005,79.0048,79.5046,99.8897,11.387,17.0496,78.9852,82.3838,0.0,58.9726,14.3514,No,0.0,-0.0058,-0.0755,Poor,Low,0.2794,10.0,10.0,27.3589,Moderate Risk,60.7127,82.0954,32.7581,Moderate Misalignment,92.7046,33.0805,Separated Traffic,Rural,5.0168,True,Residential,Poor Infrastructure | Above Human Tolerance Limit,0.0069,,False,80.8773,0.0048,-0.0057,Aligned,80,Unnamed Road,1626
3322,Unnamed Road,Urban Road,URB-03322,3322,12.9321,77.74,12.9314,77.7416,204.7,1328.8,1329.005,11.2951,Aligned,0.9505,0.9509,0.0675,-0.0057,-0.0016,25.6521,24.943,31.2639,5.4226,17.0368,49.5775,96.075,0.0366,20.8001,4.8322,No,0.0,-0.0045,0.0405,Good,Low,2.5676,10.0,24.918,23.6502,Safe,66.4915,24.8761,23.5537,Aligned,25.5114,49.4344,Side Impact Potential,Peri-Urban,1.9867,False,Residential,Poor Infrastructure,0.0019,,False,22.9218,0.004,0.0073,Aligned,27,Unnamed Road,1627
3323,Unnamed Road,Urban Road,URB-03323,3323,12.9326,77.7331,12.9325,77.7347,180.8,1329.2,1329.381,18.8285,Aligned,0.7685,0.8018,0.2304,-0.0018,0.0075,27.8724,28.1684,55.763,20.9179,29.675,51.2772,90.5739,5.4164,28.8088,22.3791,No,0.0,-0.0058,0.0012,Good,Medium,2.4373,10.0,10.019,25.2647,Moderate Risk,69.6327,29.2416,20.5074,Aligned,28.6541,61.034,Side Impact Potential,Urban,4.0955,False,Industrial,Poor Infrastructure,0.0195,,False,24.3938,0.9988,0.0102,Aligned,28,Unnamed Road,1628