segment_id,road_name,road_type,human_segment_id,internal_id,start_lat,start_lon,end_lat,end_lon,length_m,start_km,end_km,road_risk_score,ai_risk_label,ai_risk_probability,prob_low_risk,prob_medium_risk,prob_high_risk,prob_critical_risk,ai_recommended_speed,recommended_safe_speed,road_function_score,infrastructure_score,exposure_score,human_tolerance_limit,operating_speed_score,crash_risk_score,posted_speed_limit,pedestrian_exposure_score,blackspot_flag,crash_count,fatal_crashes,schools_count,lighting_quality,roadside_hazards,intersection_density,speed_compliance_rate,speed_violation_score,hotspot_score,hotspot_category,speed_safety_score,original_safe_speed,misalignment_score,misalignment_category,speed_p85,ptw_share_pct,exposure_tier,urban_rural_flag,lane_count,median_presence,land_use_type,top_ai_factors,congestion_index,congestion_category,congestion_smoothed,operating_speed_mean,minor_crashes,major_crashes,risk_category,final_safe_speed,corridor_base,corridor_seq
3324,Unnamed Road,Urban Road,URB-03324,3324,12.9321,77.7397,12.9321,77.7391,75.1,1329.6,1329.675,24.0891,Aligned,0.642,0.6632,0.1887,0.1522,-0.0067,80.2893,80.1591,100.0,22.3604,28.443,78.3073,85.79,0.0699,60.0,24.9292,No,0.0,-0.0089,0.9844,Good,High,0.5086,10.0,10.5264,26.6338,Moderate Risk,67.6145,78.6467,28.5146,Moderate Misalignment,90.3474,56.8772,Separated Traffic,Urban,4.1744,True,Residential,Poor Infrastructure,0.1598,Light,False,70.9128,-0.003,-0.0118,Aligned,79,Unnamed Road,1629
3325,Unnamed Road,Urban Road,URB-03325,3325,12.9321,77.7397,12.9321,77.74,47.4,1330.0,1330.047,12.973,Aligned,0.8857,0.881,0.1142,-0.0004,-0.0162,52.7315,53.8858,100.0,20.1712,34.5511,79.0942,75.0681,0.0,59.989,28.5846,No,0.0,0.0011,0.9723,Poor,High,0.7286,10.0,10.0969,25.632,Moderate Risk,70.8085,51.2081,23.7284,Aligned,52.2053,65.4792,Separated Traffic,Urban,4.9411,True,Commercial,Poor Infrastructure,-0.0296,,False,45.3533,-0.0033,-0.0067,Aligned,55,Unnamed Road,1630
3326,Unnamed Road,Urban Road,URB-03326,3326,12.9322,77.7377,12.9324,77.736,190.8,1330.4,1330.591,10.2117,Aligned,0.9937,1.0145,0.0082,-0.008,-0.0001,24.4101,24.7432,29.4821,28.6759,26.8735,50.6993,85.2177,0.0,40.8532,20.8313,No,0.0,0.0016,1.007,Poor,Low,2.7308,10.0,10.2217,21.2366,Safe,74.6503,25.7961,18.9722,Aligned,25.3505,50.9603,Side Impact Potential,Peri-Urban,1.9124,False,Industrial,Poor Infrastructure,0.0009,,False,23.2379,-0.003,0.003,Aligned,26,Unnamed Road,1631
3327,Unnamed Road,Urban Road,URB-03327,3327,12.9321,77.7391,12.9322,77.7377,147.2,1330.8,1330.947,98.072,Critical Misalignment,0.9568,-0.0054,0.0578,0.0047,0.9804,49.1786,50.9502,97.7327,11.1049,12.6701,49.9588,96.1533,0.0,59.7685,1.445,No,0.0,0.0014,-0.06,Poor,High,0.1829,10.0,20.1944,46.306,Moderate Risk,31.8277,51.4518,85.4075,Critical Misalignment,106.8352,37.2768,Side Impact Potential,Rural,7.8635,False,Residential,Speed Limit Misaligned | Poor Infrastructure | Above Human Tolerance Limit,0.0026,,False,92.2477,0.0136,-0.0209,Critical Misalignment,50,Unnamed Road,1632
3328,Unnamed Road,Urban Road,URB-03328,3328,12.9322,77.7377,12.9331,77.7378,100.9,1331.2,1331.301,32.4237,Moderate Misalignment,0.7746,0.2488,0.7457,-0.0015,0.0044,36.0615,33.8527,30.3452,17.453,26.2158,48.3024,99.514,0.3939,30.9163,16.1211,No,0.0,0.007,-0.0126,Good,High,3.1851,10.0,20.2327,25.326,Moderate Risk,67.668,36.8481,26.2474,Moderate Misalignment,34.4421,59.8941,Side Impact Potential,Peri-Urban,2.0791,False,Industrial,Poor Infrastructure,-0.0113,,False,30.6692,-0.004,0.0017,Moderate Misalignment,37,Unnamed Road,1633
3329,Unnamed Road,Urban Road,URB-03329,3329,12.9333,77.7378,12.9322,77.7377,131.9,1331.6,1331.732,35.1731,Moderate Misalignment,0.8339,0.1573,0.7992,-0.0047,0.0048,81.613,80.9543,100.0,13.7515,12.2882,79.9245,88.4044,0.0,60.0,5.8388,No,0.0,0.0063,0.001,Poor,Low,0.1427,10.0,34.1408,25.9545,Moderate Risk,61.9532,80.1387,36.8957,Moderate Misalignment,78.778,33.7926,Separated Traffic,Rural,7.8309,True,Industrial,Poor Infrastructure,0.0032,,False,69.2071,-0.0157,-0.0006,Moderate Misalignment,80,Unnamed Road,1634
3330,Unnamed Road,Urban Road,URB-03330,3330,12.93,77.7401,12.9305,77.7391,134.8,1332.0,1332.135,37.6051,Moderate Misalignment,0.9593,0.036,0.9635,-0.0154,-0.0028,50.4369,49.2457,83.8122,16.648,29.3285,48.102,100.0,0.1658,39.6764,21.8858,No,0.0,0.005,-0.0391,Poor,Low,1.4216,10.0,26.8969,28.0721,Moderate Risk,62.9129,51.0564,30.9221,Moderate Misalignment,52.0733,57.746,Side Impact Potential,Peri-Urban,6.0882,False,Commercial,Approach to Congestion (Tapered) | Poor Infrastructure,0.1328,Light,True,40.4332,0.0094,0.0055,Moderate Misalignment,49,Unnamed Road,1635
3331,Unnamed Road,Urban Road,URB-03331,3331,12.9299,77.7404,12.93,77.7401,49.1,1332.4,1332.449,19.2666,Aligned,0.7283,0.7416,0.1993,0.0221,-0.009,49.1753,49.0921,55.2802,15.2659,27.5694,52.3267,88.0045,0.6435,39.2567,22.1691,No,0.0,-0.0037,-0.0158,Good,Medium,1.7444,10.0,30.8091,28.3112,Moderate Risk,64.0809,50.8039,31.6784,Moderate Misalignment,50.7803,55.2433,Side Impact Potential,Peri-Urban,3.0266,False,Residential,Poor Infrastructure,0.0219,,False,47.6846,0.0077,-0.0001,Aligned,50,Unnamed Road,1636
3332,Unnamed Road,Urban Road,URB-03332,3332,12.9331,77.7378,12.9333,77.7378,31.6,1332.8,1332.832,19.8473,Aligned,0.6952,0.691,0.3062,-0.0159,-0.0056,30.3695,32.0722,54.9968,31.1383,38.2721,48.3835,91.2057,0.0,29.0763,39.4832,No,0.0,0.0105,1.0174,Poor,High,2.3401,10.0,10.0,26.2781,Moderate Risk,72.4423,29.9471,22.8421,Aligned,28.9174,63.0153,Side Impact Potential,Urban,3.9885,False,Residential,Poor Infrastructure,0.1342,Light,False,24.6187,-0.0037,-0.0012,Aligned,32,Unnamed Road,1637
3333,Unnamed Road,Urban Road,URB-03333,3333,12.9305,77.7391,12.9316,77.739,135.4,1333.2,1333.335,14.2719,Aligned,0.9324,0.9376,0.0579,0.0095,-0.0035,30.3869,29.6539,50.9295,24.9819,30.5258,48.6981,88.3679,0.0,27.5616,38.7149,No,0.0,-0.0125,0.9945,Poor,High,1.5494,10.0,10.1847,23.6256,Safe,72.4546,28.2273,20.8959,Aligned,27.6716,34.3054,Side Impact Potential,Rural,2.2864,False,Industrial,Poor Infrastructure,0.1586,Light,False,22.6704,-0.0003,-0.0075,Aligned,32,Unnamed Road,1638
3334,Unnamed Road,Urban Road,URB-03334,3334,12.9316,77.739,12.9321,77.7391,54.8,1333.6,1333.655,22.7062,Aligned,0.6144,0.5712,0.3946,0.0088,0.0065,39.3812,38.028,53.289,14.5817,35.6914,49.1792,72.4616,0.1888,29.0254,34.1249,No,0.0,0.0121,0.9168,Poor,Medium,2.584,10.0,35.0237,30.7881,Moderate Risk,63.3503,40.5247,34.4196,Moderate Misalignment,41.0586,60.1357,Side Impact Potential,Peri-Urban,3.7632,False,Mixed,Active Congestion | Poor Infrastructure,0.7325,Severe,False,11.3351,-0.002,-0.009,Aligned,40,Unnamed Road,1639
3335,Unnamed Road,Urban Road,URB-03335,3335,12.9316,77.7391,12.9305,77.7391,136.4,1334.0,1334.136,41.1727,Moderate Misalignment,0.9532,0.0423,0.9331,0.002,0.0007,30.5078,29.4908,54.8582,55.9636,53.0589,30.7524,82.2842,0.01,38.9684,65.5786,No,0.0,0.0066,1.0369,Good,Medium,3.4126,10.0,10.0,33.3323,Moderate Risk,68.2931,29.0003,35.7801,Moderate Misalignment,36.5931,67.6892,Significant Pedestrian Interaction,Urban,2.6593,False,Mixed,High Pedestrian Interaction | Above Human Tolerance Limit,0.1744,Light,False,28.539,0.0105,-0.0084,Moderate Misalignment,32,Unnamed Road,1640
3336,Unnamed Road,Urban Road,URB-03336,3336,12.9324,77.736,12.9324,77.7354,67.6,1334.4,1334.468,10.4005,Aligned,0.9611,0.9416,-0.0328,0.0038,0.0014,36.3201,37.2374,80.4631,31.8594,35.826,48.9835,74.4656,0.0697,49.8511,28.8866,No,0.0,0.0031,-0.01,Good,Low,1.6622,10.0,10.0,24.0552,Safe,74.04,38.6157,21.9626,Aligned,39.9763,66.0515,Side Impact Potential,Urban,6.0663,False,Mixed,Poor Infrastructure,-0.0224,,False,30.3198,0.0095,-0.0063,Aligned,35,Unnamed Road,1641
3337,Unnamed Road,Urban Road,URB-03337,3337,12.9325,77.7347,12.9324,77.7354,87.0,1334.8,1334.887,40.8471,Moderate Misalignment,0.9939,0.0084,1.0156,0.008,-0.0091,79.2349,78.3969,99.5706,10.0609,14.4546,79.3359,99.2727,0.0,60.0,6.9211,No,0.0,-0.0048,0.0145,Poor,Low,0.1527,10.0,22.6848,27.1117,Moderate Risk,61.2695,80.0526,35.7312,Moderate Misalignment,96.2446,36.2746,Separated Traffic,Rural,3.9345,True,Residential,Poor Infrastructure,0.008,,False,78.8387,-0.0019,0.0113,Moderate Misalignment,79,Unnamed Road,1642
3338,Unnamed Road,Urban Road,URB-03338,3338,12.9321,77.7391,12.9316,77.7391,53.5,1335.2,1335.254,25.5784,Moderate Misalignment,0.5062,0.5122,0.5312,-0.0014,0.0045,80.3675,78.1755,100.0,28.8263,22.7448,79.2759,76.154,0.0,60.0,15.2271,No,0.0,-0.0034,0.0351,Poor,Low,0.4207,10.0,10.0,26.2153,Moderate Risk,67.304,80.9504,31.0263,Moderate Misalignment,87.0622,52.0709,Separated Traffic,Peri-Urban,6.2057,True,Residential,Poor Infrastructure | Above Human Tolerance Limit,-0.0012,,False,73.911,-0.0045,0.0049,Moderate Misalignment,80,Unnamed Road,1643
3339,Unnamed Road,Urban Road,URB-03339,3339,12.9712,77.7268,12.9765,77.7272,627.5,1335.6,1336.228,14.245,Aligned,0.8516,0.9177,0.1702,-0.0027,-0.0112,37.9117,37.4223,79.1559,27.7423,27.0443,50.0615,91.081,0.0,40.926,16.434,No,0.0,-0.0074,0.0113,Good,Low,1.8382,10.0,10.0,21.7007,Safe,74.6347,36.1474,17.8345,Aligned,37.9595,56.4988,Side Impact Potential,Urban,5.9033,False,Industrial,Poor Infrastructure,-0.0054,,False,34.3407,0.0018,-0.002,Aligned,39,Unnamed Road,1644
3340,Unnamed Road,Urban Road,URB-03340,3340,13.0187,77.5576,13.0192,77.5571,76.9,1336.0,1336.077,18.0221,Aligned,0.8277,0.8043,0.2104,-0.0053,-0.0079,38.5482,38.6899,28.596,10.2731,13.2276,49.7114,96.3825,0.2595,28.3387,7.6113,No,0.0,-0.0029,0.073,Good,Medium,2.0519,10.0,27.6488,21.5799,Safe,67.1694,39.0828,25.0593,Aligned,37.7882,32.3786,Side Impact Potential,Rural,1.2311,False,Residential,Poor Infrastructure,-0.0056,,False,31.3461,0.0029,-0.0107,Aligned,39,Unnamed Road,1645
3341,Unnamed Road,Urban Road,URB-03341,3341,13.0377,77.5597,13.0362,77.5587,200.2,1336.4,1336.6,40.0964,Moderate Misalignment,0.9587,0.0825,0.9095,0.0132,0.002,30.5967,29.8701,52.3388,56.1133,53.1643,30.5107,80.3187,0.2146,39.2311,64.7514,No,0.0,0.0047,1.031,Good,Medium,3.313,10.0,10.0668,32.6531,Moderate Risk,69.1557,28.0566,36.87,Moderate Misalignment,37.2831,67.5324,Significant Pedestrian Interaction,Urban,2.8135,False,Mixed,High Pedestrian Interaction | Above Human Tolerance Limit,0.1589,Light,False,28.1517,0.0042,0.0012,Moderate Misalignment,33,Unnamed Road,1646
3342,Unnamed Road,Urban Road,URB-03342,3342,13.0358,77.5584,13.0362,77.5587,54.9,1336.8,1336.855,12.8459,Aligned,0.9045,0.8782,0.1628,0.0038,-0.0061,70.3084,71.7957,98.8052,8.8941,20.029,81.5585,64.6785,0.0899,59.5371,11.6071,No,0.0,0.0001,-0.0838,Poor,Low,0.5228,10.0,10.0,21.0145,Safe,70.2562,70.1214,20.9787,Aligned,71.4807,49.9396,Separated Traffic,Peri-Urban,5.7951,True,Residential,Poor Infrastructure,0.1802,Light,False,55.4045,0.0033,0.0213,Aligned,69,Unnamed Road,1647
3343,Unnamed Road,Urban Road,URB-03343,3343,13.0352,77.5578,13.0348,77.5574,66.4,1337.2,1337.266,43.3862,High Misalignment,0.4308,0.4132,0.1086,0.4224,-0.0063,78.4557,80.5327,98.6176,18.6173,29.894,79.0475,85.6988,0.4025,60.0,25.7316,No,0.0,-0.0083,1.0555,Good,Medium,0.3428,10.0,16.5404,40.6541,Moderate Risk,45.843,79.2156,64.7167,High Misalignment,116.9021,56.6507,Separated Traffic,Peri-Urban,6.9721,True,Residential,Speed Limit Misaligned | Poor Infrastructure | Above Human Tolerance Limit,-0.0005,,False,110.3107,0.0143,0.0036,High Misalignment,81,Unnamed Road,1648
3344,Unnamed Road,Urban Road,URB-03344,3344,13.0348,77.5574,13.0336,77.5557,225.4,1337.6,1337.825,62.5027,High Misalignment,0.7586,0.1855,0.0672,0.7924,0.0017,81.4718,79.7085,98.6314,35.2606,27.4603,79.5997,82.9481,0.495,60.0,15.2839,No,0.0,-0.0054,-0.0282,Good,Low,0.4488,10.0,31.5641,36.6679,Moderate Risk,51.561,80.6586,58.3378,High Misalignment,119.5171,65.6956,Separated Traffic,Urban,8.0784,True,Residential,Speed Limit Misaligned | Above Human Tolerance Limit,0.0077,,False,102.0052,-0.0014,-0.0015,High Misalignment,80,Unnamed Road,1649
3345,Unnamed Road,Urban Road,URB-03345,3345,13.0323,77.5536,13.0319,77.5531,72.2,1338.0,1338.072,33.2428,Moderate Misalignment,0.7525,0.2532,0.7446,0.0144,-0.007,52.41,50.3597,86.9179,11.9169,24.7375,51.0575,93.8902,0.7595,41.7234,11.9488,No,0.0,-0.009,-0.0092,Poor,Medium,2.2939,10.0,30.257,27.5448,Moderate Risk,62.9722,49.7004,32.945,Moderate Misalignment,53.8778,61.7417,Side Impact Potential,Urban,4.9481,True,Residential,Poor Infrastructure,0.0084,,False,44.2406,-0.0012,-0.0155,Moderate Misalignment,53,Unnamed Road,1650
3346,Unnamed Road,Urban Road,URB-03346,3346,13.0319,77.5531,13.031,77.5519,159.2,1338.4,1338.559,11.4754,Aligned,0.9772,0.9994,0.0082,-0.004,0.0001,26.8269,26.6058,50.1227,50.8742,31.3221,48.8574,72.5242,0.0,42.3972,23.6479,No,0.0,0.0028,0.009,Good,Medium,3.0314,10.0,10.0498,19.4203,Safe,80.4987,27.8754,17.5096,Aligned,25.1801,65.1036,Side Impact Potential,Urban,3.3883,False,Residential,Meets Safe System Standards,0.1674,Light,False,20.4573,0.0125,-0.0191,Aligned,27,Unnamed Road,1651
3347,Unnamed Road,Urban Road,URB-03347,3347,13.031,77.5519,13.0308,77.5517,37.9,1338.8,1338.838,11.5478,Aligned,0.9443,0.904,0.0179,0.0014,-0.0176,34.8626,36.5994,70.2303,21.1993,29.6196,50.4536,66.1606,0.7031,49.3131,21.2075,No,0.0,-0.0067,-0.0023,Poor,Medium,2.3046,10.0,10.028,24.3584,Safe,72.4583,36.772,20.4032,Aligned,37.1632,62.6499,Side Impact Potential,Urban,1.8414,False,Commercial,Poor Infrastructure,0.1977,Light,False,27.2001,-0.0051,0.0057,Aligned,35,Unnamed Road,1652
3348,Unnamed Road,Urban Road,URB-03348,3348,13.0336,77.5557,13.0328,77.5543,184.6,1339.2,1339.385,39.4428,Moderate Misalignment,0.9835,0.0519,0.9624,0.0015,-0.0072,51.1208,49.1291,79.6018,17.9037,29.755,50.8567,100.0,0.6794,49.8882,24.3872,No,0.0,0.0057,-0.0225,Good,Medium,1.8076,10.0,19.3876,28.2574,Moderate Risk,65.6183,49.5219,31.4346,Moderate Misalignment,60.1202,57.117,Side Impact Potential,Urban,3.0446,True,Residential,Poor Infrastructure,-0.0028,,False,49.0851,0.0051,0.0166,Moderate Misalignment,48,Unnamed Road,1653
3349,Unnamed Road,Urban Road,URB-03349,3349,13.0352,77.5578,13.0355,77.5582,53.4,1339.6,1339.653,13.3953,Aligned,0.894,0.9201,0.0586,0.0002,0.0045,40.109,39.508,53.0603,17.846,29.5168,49.4459,88.8668,0.1905,39.0633,19.8087,No,0.0,-0.003,-0.0064,Poor,Low,1.6353,10.0,10.0,24.0517,Safe,72.4301,41.0354,20.6723,Aligned,40.3173,58.7638,Side Impact Potential,Peri-Urban,2.8613,False,Residential,Poor Infrastructure,0.0197,,False,32.8597,0.0041,0.0063,Aligned,42,Unnamed Road,1654
3350,Unnamed Road,Urban Road,URB-03350,3350,13.0355,77.5582,13.0358,77.5584,44.4,1340.0,1340.044,11.6473,Aligned,0.9478,0.9493,0.0283,-0.0083,0.0065,32.8586,33.532,49.2368,28.5912,25.0176,47.7588,92.1314,0.0,29.8951,25.2795,No,0.0,0.0029,1.0122,Poor,Low,1.2438,10.0,10.2326,20.7939,Safe,74.4737,32.5683,17.0614,Aligned,30.7667,37.7614,Side Impact Potential,Rural,1.8342,False,Residential,Poor Infrastructure,0.1378,Light,False,24.3903,0.0008,0.0082,Aligned,34,Unnamed Road,1655
3351,Unnamed Road,Urban Road,URB-03351,3351,13.0328,77.5543,13.0323,77.5536,96.9,1340.4,1340.497,14.6903,Aligned,0.8786,0.8599,0.1226,-0.011,0.0074,47.8811,48.3675,99.9861,0.0,19.6023,77.2033,72.356,0.0,60.0,10.2104,No,0.0,0.0041,-0.0013,Poor,High,0.1655,10.0,10.2978,21.9127,Safe,68.5556,49.1745,20.1994,Aligned,49.0689,46.431,Separated Traffic,Rural,8.1805,True,Residential,Poor Infrastructure,0.0051,,False,40.57,0.0068,0.0043,Aligned,49,Unnamed Road,1656
3352,Unnamed Road,Urban Road,URB-03352,3352,13.0358,77.549,13.0342,77.5478,216.1,1340.8,1341.016,11.084,Aligned,0.947,0.9666,0.0674,-0.0048,0.0123,25.2822,27.5554,78.3276,10.7867,21.4789,48.8349,69.875,0.0834,59.2714,8.5424,No,0.0,-0.0009,-0.0194,Good,Medium,2.499,10.0,10.0,22.4272,Safe,71.2385,24.5388,18.2417,Aligned,22.5599,59.3622,Side Impact Potential,Urban,5.9846,False,Mixed,Poor Infrastructure,0.1601,Light,False,19.5684,0.0162,-0.0063,Aligned,26,Unnamed Road,1657
3353,Unnamed Road,Urban Road,URB-03353,3353,13.0342,77.5478,13.0317,77.549,343.7,1341.2,1341.544,25.9233,Aligned,0.5833,0.5714,0.3913,0.0242,0.003,77.4791,79.7902,97.9351,0.0,15.4726,80.7947,80.0833,0.0,60.0,9.1422,No,0.0,0.0165,-0.0061,Poor,Low,0.1528,10.0,10.0607,26.2156,Moderate Risk,60.5698,77.979,29.3235,Moderate Misalignment,82.7688,36.0944,Separated Traffic,Rural,8.1954,True,Mixed,Poor Infrastructure | Above Human Tolerance Limit,-0.021,,False,74.0787,0.0097,0.0002,Aligned,78,Unnamed Road,1658
3354,Unnamed Road,Urban Road,URB-03354,3354,13.0321,77.5509,13.0323,77.5536,351.0,1341.6,1341.951,35.9137,Moderate Misalignment,0.829,0.1354,0.807,0.0063,-0.0037,31.015,28.5031,53.2846,39.3878,45.7931,31.9462,95.6378,0.0,31.0794,50.4759,No,0.0,0.0049,2.033,Poor,Low,2.73,10.0,24.0751,29.3567,Moderate Risk,68.1987,27.1888,31.615,Moderate Misalignment,34.9149,57.8546,Significant Pedestrian Interaction,Urban,2.9685,False,Mixed,High Pedestrian Interaction,0.0126,,False,30.8309,0.0085,-0.0195,Moderate Misalignment,30,Unnamed Road,1659
3355,Unnamed Road,Urban Road,URB-03355,3355,13.0317,77.549,13.0321,77.5509,212.4,1342.0,1342.212,22.1526,Aligned,0.7754,0.7233,0.1292,0.084,0.0094,53.915,54.4165,98.5487,10.6112,25.0306,80.3705,82.2229,0.0,59.3078,16.3796,No,0.0,0.0061,0.0279,Poor,Medium,0.374,10.0,10.0,23.5907,Safe,69.2071,55.3932,21.2575,Aligned,56.6827,58.5618,Separated Traffic,Peri-Urban,4.86,True,Industrial,Poor Infrastructure,0.0038,,False,47.9766,-0.0013,0.0072,Aligned,53,Unnamed Road,1660
3356,Unnamed Road,Urban Road,URB-03356,3356,13.0416,77.5472,13.0419,77.5472,481.4,1342.4,1342.881,40.4593,Moderate Misalignment,0.8799,0.061,0.8499,0.0673,-0.0031,31.3288,28.7489,77.3387,40.6967,41.8314,29.8205,70.0776,5.187,49.3253,44.6886,No,0.0,-0.0065,0.9847,Good,High,1.5329,10.0,10.0,36.4242,Moderate Risk,57.9946,29.9078,47.2472,Moderate Misalignment,38.0967,55.5557,Significant Pedestrian Interaction,Urban,2.0409,True,Residential,High Pedestrian Interaction | Above Human Tolerance Limit,0.1682,Light,False,31.4266,0.9973,-0.0024,Moderate Misalignment,30,Unnamed Road,1661
3357,Unnamed Road,Urban Road,URB-03357,3357,12.9729,77.4915,12.9732,77.4911,59.1,1342.8,1342.859,11.3043,Aligned,0.9632,0.9489,0.0053,-0.0093,0.0007,31.3526,30.9943,83.3203,8.1255,27.1485,49.1744,80.1513,0.4619,38.9691,15.233,No,0.0,0.0092,0.0124,Good,Low,1.9519,10.0,10.03,24.1244,Safe,69.592,34.8069,20.1825,Aligned,33.3609,60.9303,Side Impact Potential,Urban,3.083,True,Residential,Poor Infrastructure,-0.0092,,False,26.473,0.0062,-0.0196,Aligned,32,Unnamed Road,1662
3358,Unnamed Road,Urban Road,URB-03358,3358,12.9732,77.4911,12.9734,77.4902,94.3,1343.2,1343.294,12.6877,Aligned,0.9203,0.9135,0.0954,-0.0068,0.0024,59.7442,57.2621,98.2679,36.2712,24.6436,79.2309,73.7846,0.4299,60.0,12.2728,No,0.0,0.0022,0.0618,Good,High,0.5221,10.0,10.3517,19.4352,Safe,76.5092,58.312,15.3959,Aligned,56.3892,60.1508,Separated Traffic,Urban,3.9458,True,Residential,Meets Safe System Standards,0.0141,,False,52.9058,0.0079,0.0016,Aligned,57,Unnamed Road,1663
3359,Unnamed Road,Urban Road,URB-03359,3359,12.9732,77.4911,12.9736,77.4911,50.5,1343.6,1343.651,9.4057,Aligned,0.9892,0.9645,-0.0064,-0.0046,-0.0081,33.0797,30.579,71.7497,40.6298,32.5633,50.0993,76.8046,0.1388,40.4609,27.1646,No,0.0,0.0005,0.0335,Poor,High,2.0551,10.0,10.1569,21.1348,Safe,76.8602,30.4743,18.3533,Aligned,32.6324,59.1511,Side Impact Potential,Urban,2.1738,False,Residential,Meets Safe System Standards,0.1798,Light,False,25.0214,-0.0046,-0.0111,Aligned,32,Unnamed Road,1664
3360,Unnamed Road,Urban Road,URB-03360,3360,12.9732,77.4911,12.9724,77.4908,96.5,1344.0,1344.097,40.1174,Moderate Misalignment,0.9701,-0.0013,0.9241,0.0223,0.0031,81.2943,81.0297,100.0,27.5063,25.877,80.0875,96.5112,0.0,60.0,14.3932,No,0.0,0.0005,-0.0017,Good,High,0.3368,10.0,16.44,26.6921,Moderate Risk,65.9126,81.1288,33.757,Moderate Misalignment,94.4096,61.6813,Separated Traffic,Peri-Urban,5.9518,True,Residential,Poor Infrastructure,0.0142,,False,83.4975,0.0053,0.0044,Moderate Misalignment,81,Unnamed Road,1665
3361,Unnamed Road,Urban Road,URB-03361,3361,12.9716,77.4922,12.9713,77.4923,33.8,1344.4,1344.434,11.734,Aligned,0.9937,0.9848,0.0078,-0.0033,-0.0051,32.4814,33.5037,77.9586,30.7268,37.1972,49.2451,81.8507,0.4847,42.2064,32.3307,No,0.0,-0.0011,0.9771,Poor,Medium,1.6946,10.0,10.0,25.0199,Moderate Risk,72.7632,35.892,21.557,Aligned,31.3488,66.3027,Side Impact Potential,Urban,5.0659,False,Commercial,Poor Infrastructure,-0.017,,False,29.1527,0.0007,0.0002,Aligned,31,Unnamed Road,1666
3362,Unnamed Road,Urban Road,URB-03362,3362,12.9711,77.4927,12.9713,77.4923,58.6,1344.8,1344.859,24.3557,Aligned,0.7308,0.6863,0.1255,0.1708,-0.0158,61.2322,60.3997,99.2366,10.6401,21.2257,80.8834,84.2686,0.5296,60.0,6.3838,No,0.0,-0.0059,-0.0075,Good,Low,0.3787,10.0,10.3091,21.0224,Safe,70.0124,58.1399,18.9145,Aligned,56.5376,56.7411,Separated Traffic,Peri-Urban,7.1015,True,Residential,Poor Infrastructure,0.0011,,False,49.0559,0.0029,-0.0049,Aligned,62,Unnamed Road,1667
3363,Unnamed Road,Urban Road,URB-03363,3363,12.9707,77.4928,12.9711,77.4927,45.1,1345.2,1345.245,25.1122,Moderate Misalignment,0.5506,0.3913,0.5444,-0.006,-0.002,48.7831,48.0796,48.7679,0.0,24.6407,49.2439,94.196,0.1373,41.1016,16.2792,No,0.0,0.0029,0.0075,Poor,Medium,4.1179,10.0,29.5256,30.3517,Moderate Risk,59.1745,49.5699,34.2594,Moderate Misalignment,53.1594,57.1928,Side Impact Potential,Urban,2.1099,False,Commercial,Poor Infrastructure,0.019,,False,44.4146,0.005,0.0038,Moderate Misalignment,49,Unnamed Road,1668
3364,Unnamed Road,Urban Road,URB-03364,3364,12.9726,77.4917,12.9729,77.4915,40.1,1345.6,1345.64,11.528,Aligned,0.938,0.9087,0.0154,0.0017,-0.0006,80.9502,79.4306,97.6927,0.1575,16.2168,77.3066,15.8247,0.2123,60.0,10.3937,No,0.0,-0.0105,-0.0171,Poor,Medium,0.2455,10.0,10.0,23.5305,Safe,64.8166,81.8611,23.8554,Aligned,83.2374,32.7929,Separated Traffic,Rural,5.2456,True,Industrial,Active Congestion | Poor Infrastructure,0.7265,Severe,False,24.4897,-0.0078,0.0046,Aligned,80,Unnamed Road,1669
3365,Unnamed Road,Urban Road,URB-03365,3365,12.9747,77.4911,12.9766,77.4913,218.5,1346.0,1346.218,37.1769,Moderate Misalignment,0.8531,0.1741,0.8638,-0.0188,0.0038,46.9993,47.5075,53.2722,20.6705,31.9833,48.3061,95.6873,0.0645,40.2759,24.4063,No,0.0,-0.0054,-0.0139,Good,Medium,2.7981,10.0,16.3965,26.3882,Moderate Risk,68.4628,47.6761,27.3654,Moderate Misalignment,45.8918,60.3652,Side Impact Potential,Urban,4.111,False,Residential,Poor Infrastructure,-0.0007,,False,37.1532,-0.0053,-0.0014,Moderate Misalignment,48,Unnamed Road,1670
3366,Unnamed Road,Urban Road,URB-03366,3366,12.9747,77.4911,12.974,77.4911,75.6,1346.4,1346.476,19.4442,Aligned,0.7167,0.7361,0.2703,0.0145,-0.002,69.9608,70.8572,100.0,2.5549,14.7395,80.88,77.3817,0.0312,60.0,10.3673,No,0.0,0.0023,-0.0712,Poor,Low,0.2664,10.0,10.3754,20.8803,Safe,68.9885,66.8247,16.9212,Aligned,69.6371,32.8737,Separated Traffic,Rural,6.0813,True,Industrial,Poor Infrastructure,0.1611,Light,False,55.5109,0.0192,-0.0013,Aligned,71,Unnamed Road,1671
3367,Unnamed Road,Urban Road,URB-03367,3367,12.9705,77.4931,12.9707,77.4928,45.2,1346.8,1346.845,25.1601,Aligned,0.5173,0.5176,0.4468,-0.0014,-0.004,36.0568,35.3032,27.7738,14.2751,25.5444,48.0353,99.4821,0.5112,30.2947,16.5304,No,0.0,0.0034,-0.0429,Poor,Medium,3.0848,10.0,23.9821,25.9943,Moderate Risk,65.534,35.9753,29.1163,Moderate Misalignment,38.2395,57.3803,Side Impact Potential,Peri-Urban,1.7843,False,Residential,Poor Infrastructure,-0.0119,,False,31.369,0.0117,0.0011,Aligned,36,Unnamed Road,1672