segment_id,road_name,road_type,human_segment_id,internal_id,start_lat,start_lon,end_lat,end_lon,length_m,start_km,end_km,road_risk_score,ai_risk_label,ai_risk_probability,prob_low_risk,prob_medium_risk,prob_high_risk,prob_critical_risk,ai_recommended_speed,recommended_safe_speed,road_function_score,infrastructure_score,exposure_score,human_tolerance_limit,operating_speed_score,crash_risk_score,posted_speed_limit,pedestrian_exposure_score,blackspot_flag,crash_count,fatal_crashes,schools_count,lighting_quality,roadside_hazards,intersection_density,speed_compliance_rate,speed_violation_score,hotspot_score,hotspot_category,speed_safety_score,original_safe_speed,misalignment_score,misalignment_category,speed_p85,ptw_share_pct,exposure_tier,urban_rural_flag,lane_count,median_presence,land_use_type,top_ai_factors,congestion_index,congestion_category,congestion_smoothed,operating_speed_mean,minor_crashes,major_crashes,risk_category,final_safe_speed,corridor_base,corridor_seq
3368,Unnamed Road,Urban Road,URB-03368,3368,12.9705,77.4902,12.9718,77.4906,150.0,1347.2,1347.35,11.8276,Aligned,0.9776,0.9677,0.06,-0.005,-0.0001,25.0957,27.3874,53.5135,24.7157,28.3394,51.5345,85.33,0.4333,28.7942,18.2782,No,0.0,0.005,1.0143,Good,Medium,3.0197,10.0,10.4962,22.0809,Safe,73.7567,27.0284,18.5708,Aligned,26.1626,59.0207,Side Impact Potential,Urban,2.8482,False,Mixed,Poor Infrastructure,0.174,Light,False,19.2893,-0.0023,-0.002,Aligned,24,Unnamed Road,1673
3369,Unnamed Road,Urban Road,URB-03369,3369,12.9745,77.4878,12.9742,77.4883,55.1,1347.6,1347.655,11.1359,Aligned,0.9207,0.9455,0.0609,-0.0026,0.0083,39.7552,39.4264,59.3076,10.0858,20.8772,70.0976,91.8544,0.0,40.1464,15.3356,No,0.0,0.0016,0.0064,Poor,Medium,0.9812,10.0,10.1035,21.5255,Safe,70.4212,36.7529,17.5314,Aligned,38.4564,42.0272,Separated Traffic,Rural,1.9643,True,Residential,Poor Infrastructure,0.003,,False,32.5439,0.0097,0.0216,Aligned,40,Unnamed Road,1674
3370,Unnamed Road,Urban Road,URB-03370,3370,12.9741,77.4885,12.9742,77.4883,31.6,1348.0,1348.032,10.0107,Aligned,0.9713,0.9454,-0.001,-0.0095,0.0094,18.503,18.7333,28.5483,25.5769,28.3203,31.135,90.4292,0.0,20.7735,27.4485,No,0.0,-0.0087,0.9873,Poor,Low,1.6648,10.0,10.0,22.6951,Safe,72.9728,19.3553,18.9362,Aligned,18.2672,40.8151,Significant Pedestrian Interaction,Rural,1.2951,False,Industrial,High Pedestrian Interaction | Poor Infrastructure,0.1408,Light,False,12.3739,-0.0082,0.001,Aligned,22,Unnamed Road,1675
3371,Unnamed Road,Urban Road,URB-03371,3371,12.9721,77.4907,12.9718,77.4906,35.5,1348.4,1348.436,36.0509,Moderate Misalignment,0.895,0.1178,0.8865,0.0099,0.0169,35.9521,34.2195,49.272,50.1484,45.004,50.6855,98.8209,0.5464,29.8423,52.0665,No,0.0,-0.0083,1.0071,Poor,Medium,2.6244,10.0,14.0229,27.1733,Moderate Risk,74.2756,33.4243,27.3584,Moderate Misalignment,37.6004,59.8778,Side Impact Potential,Urban,1.9989,False,Industrial,Meets Safe System Standards,-0.0004,,False,32.9889,0.0058,0.0092,Moderate Misalignment,34,Unnamed Road,1676
3372,Unnamed Road,Urban Road,URB-03372,3372,12.9701,77.4931,12.9705,77.4931,39.8,1348.8,1348.84,15.9139,Aligned,0.8643,0.8492,0.1141,-0.0006,-0.0103,47.1168,37.1146,97.8386,37.0625,28.5514,79.3774,65.2178,40.0158,59.2834,15.583,Yes,0.0,0.9873,0.0232,Poor,Low,0.5823,10.0,10.0,31.0596,Moderate Risk,68.9119,47.0734,18.7572,Aligned,45.448,68.951,Separated Traffic,Urban,4.7937,True,Industrial,Meets Safe System Standards,0.1568,Light,False,37.6018,0.014,-0.0019,Aligned,49,Unnamed Road,1677
3373,Unnamed Road,Urban Road,URB-03373,3373,12.9721,77.4907,12.9724,77.4908,32.1,1349.2,1349.232,29.6661,Moderate Misalignment,0.5043,0.3925,0.4964,0.0679,-0.0042,59.6443,60.0762,99.722,5.6342,20.5529,78.7808,90.6267,0.1579,60.0,4.2995,No,0.0,0.008,-0.0555,Good,High,0.6878,10.0,10.143,21.9553,Safe,69.5575,61.1658,19.3743,Aligned,58.6447,57.3221,Separated Traffic,Urban,5.8472,True,Industrial,Poor Infrastructure,-0.0126,,False,52.8411,0.0046,-0.0041,Moderate Misalignment,61,Unnamed Road,1678
3374,Unnamed Road,Urban Road,URB-03374,3374,12.9716,77.4922,12.9719,77.4921,41.4,1349.6,1349.641,100.0,Critical Misalignment,0.9961,-0.0027,0.0074,-0.0038,1.0051,29.2377,29.7279,99.1882,57.7173,46.1137,29.4497,39.9613,0.078,60.0,50.5834,No,0.0,-0.0029,2.9135,Good,Low,0.4606,10.0,10.0,55.1887,High Risk,31.8983,30.5504,99.819,Critical Misalignment,60.501,58.8324,Significant Pedestrian Interaction,Urban,7.9412,True,Residential,Speed Limit Misaligned | High Pedestrian Interaction | Above Human Tolerance Limit,-0.0139,,False,49.4335,-0.0083,-0.0168,Critical Misalignment,30,Unnamed Road,1679
3375,Unnamed Road,Urban Road,URB-03375,3375,12.974,77.4911,12.9736,77.4911,40.9,1350.0,1350.041,9.0821,Aligned,0.9778,1.0012,0.0207,0.0117,-0.004,20.0881,20.9668,30.3348,1.3421,20.2742,49.4654,83.0438,0.0,27.8999,5.6405,No,0.0,-0.0012,-0.0497,Poor,Low,3.4092,10.0,10.0,23.1165,Safe,67.6281,21.9026,19.3236,Aligned,22.9691,57.9285,Side Impact Potential,Peri-Urban,2.0685,False,Commercial,Poor Infrastructure,-0.0077,,False,16.4849,0.0013,-0.0012,Aligned,20,Unnamed Road,1680
3376,Unnamed Road,Urban Road,URB-03376,3376,12.9737,77.4894,12.9734,77.4902,99.5,1350.4,1350.5,99.9647,Critical Misalignment,0.9868,0.0402,-0.0136,0.0062,0.9899,30.5974,31.2508,97.1977,62.7514,44.293,29.1063,82.6036,0.1135,60.0,52.1372,No,0.0,0.0071,1.0522,Good,Low,0.4902,10.0,10.3606,53.2601,High Risk,33.6036,30.3006,98.7498,Critical Misalignment,85.9014,59.3388,Significant Pedestrian Interaction,Urban,4.7285,True,Commercial,Speed Limit Misaligned | High Pedestrian Interaction | Above Human Tolerance Limit,-0.0042,,False,78.1875,-0.0009,0.0081,Critical Misalignment,31,Unnamed Road,1681
3377,Unnamed Road,Urban Road,URB-03377,3377,12.9739,77.4888,12.9737,77.4894,63.2,1350.8,1350.863,12.1617,Aligned,0.9522,0.9162,0.0377,0.0028,-0.0034,49.8468,47.817,55.7565,26.3855,30.478,50.1927,88.2948,0.022,48.0852,20.2419,No,0.0,0.0054,1.0451,Poor,Low,3.1937,10.0,10.0,23.416,Safe,73.3017,47.5894,20.1767,Aligned,47.5635,66.2273,Side Impact Potential,Urban,2.0384,True,Mixed,Poor Infrastructure,-0.0031,,False,44.6721,0.0046,0.0024,Aligned,49,Unnamed Road,1682
3378,Unnamed Road,Urban Road,URB-03378,3378,12.9741,77.4885,12.9739,77.4888,38.5,1351.2,1351.239,12.1352,Aligned,0.9208,0.9018,0.0283,-0.0098,0.0033,27.2143,28.0467,49.8206,23.4451,31.8366,51.9692,89.3968,0.3498,60.0,39.2443,No,0.0,-0.0073,0.994,Poor,High,1.4797,10.0,10.0,23.1273,Safe,71.7044,29.2976,20.9612,Aligned,28.5495,35.034,Side Impact Potential,Rural,1.9802,False,Industrial,Poor Infrastructure,0.1538,Light,False,23.8042,0.0188,0.0036,Aligned,29,Unnamed Road,1683
3379,Unnamed Road,Urban Road,URB-03379,3379,12.9726,77.4917,12.9719,77.4921,85.5,1351.6,1351.686,24.6462,Moderate Misalignment,0.5147,0.5201,0.5089,-0.014,-0.002,77.3092,75.783,98.7794,8.0465,16.7054,77.8276,56.8496,0.0,60.0,10.0423,No,0.0,-0.0037,-0.0533,Good,Medium,0.1595,10.0,10.0,26.4181,Moderate Risk,63.9031,76.9286,30.4322,Moderate Misalignment,77.9147,37.0144,Separated Traffic,Rural,4.14,True,Residential,Poor Infrastructure | Above Human Tolerance Limit,-0.0107,,False,62.4281,0.0099,-0.0052,Moderate Misalignment,76,Unnamed Road,1684
3380,Unnamed Road,Urban Road,URB-03380,3380,13.0913,77.5835,13.0886,77.5889,688.4,1352.0,1352.688,39.7069,Moderate Misalignment,0.9364,0.0032,0.9359,0.0365,0.0019,28.9217,27.8406,83.8683,69.7721,49.0827,29.7349,48.576,0.2966,49.8247,64.7197,No,0.0,0.0108,2.0042,Good,High,1.3953,10.0,10.0,36.2393,Moderate Risk,62.5103,28.1916,51.563,High Misalignment,53.1856,58.7778,Significant Pedestrian Interaction,Urban,3.9492,True,Mixed,Speed Limit Misaligned | High Pedestrian Interaction | Active Congestion,0.7238,Severe,False,15.802,0.0057,0.0001,Moderate Misalignment,30,Unnamed Road,1685
3381,Unnamed Road,Urban Road,URB-03381,3381,13.0913,77.5835,13.0917,77.5827,92.8,1352.4,1352.493,34.3365,Moderate Misalignment,0.7796,0.1767,0.7624,0.0051,0.0029,49.5107,50.0042,48.8227,32.5577,45.1565,50.7489,96.188,0.387,38.2383,50.7727,No,0.0,0.0011,0.9771,Good,Medium,1.9331,10.0,29.9831,32.5621,Moderate Risk,64.6352,49.8748,37.1122,Moderate Misalignment,50.7183,62.0611,Side Impact Potential,Peri-Urban,1.7465,False,Residential,Poor Infrastructure,0.0074,,False,42.7081,0.004,-0.013,Moderate Misalignment,50,Unnamed Road,1686
3382,Unnamed Road,Urban Road,URB-03382,3382,13.0882,77.5887,13.0886,77.5889,48.9,1352.8,1352.849,97.8389,Critical Misalignment,0.9609,0.0263,0.0153,0.0211,0.9766,49.3302,49.7213,98.472,0.2425,17.7596,48.6604,89.5466,0.405,60.0,10.529,No,0.0,0.0046,-0.0139,Good,Medium,0.1528,10.0,10.0,43.7304,Moderate Risk,34.7491,49.2501,76.1833,Critical Misalignment,96.7029,38.7753,Side Impact Potential,Rural,6.0419,False,Industrial,Speed Limit Misaligned | Poor Infrastructure | Above Human Tolerance Limit,-0.0056,,False,83.2599,0.0141,-0.0021,Critical Misalignment,48,Unnamed Road,1687
3383,Unnamed Road,Urban Road,URB-03383,3383,13.0926,77.5913,13.0886,77.5889,528.2,1353.2,1353.728,13.7267,Aligned,0.901,0.9108,0.1211,-0.0098,-0.0035,50.0767,48.6446,81.3375,30.5596,33.0327,51.1917,84.3125,0.0,49.2174,30.8267,No,0.0,0.0023,0.9758,Poor,High,2.0823,10.0,10.1691,25.596,Moderate Risk,70.4209,51.2839,25.0809,Moderate Misalignment,54.8012,56.0228,Side Impact Potential,Urban,2.6818,True,Residential,Poor Infrastructure,0.1958,Light,False,38.7748,0.0049,-0.0056,Aligned,50,Unnamed Road,1688
3384,Unnamed Road,Urban Road,URB-03384,3384,13.0882,77.5887,13.088,77.5892,65.4,1353.6,1353.665,11.8182,Aligned,0.9392,0.9365,0.0678,-0.0024,-0.0105,40.7125,41.4133,91.7773,22.8215,28.298,50.7979,75.3542,0.1585,50.978,18.8613,No,0.0,0.0009,0.0149,Good,Low,2.2367,10.0,10.3388,22.106,Safe,73.1406,41.4336,20.1636,Aligned,41.8417,62.7768,Side Impact Potential,Urban,5.988,True,Residential,Poor Infrastructure,0.1866,Light,False,34.2977,0.0108,-0.0031,Aligned,41,Unnamed Road,1689
3385,Unnamed Road,Urban Road,URB-03385,3385,13.0453,77.5483,13.0453,77.5479,61.3,1354.0,1354.061,28.0808,Moderate Misalignment,0.6473,0.4066,0.6736,0.0077,0.0138,77.9233,77.5315,100.0,16.0464,15.7471,78.6232,60.0749,0.0,60.0,6.9665,No,0.0,0.0089,0.006,Poor,Medium,0.2091,10.0,10.4205,24.2938,Safe,64.5099,78.9941,30.2501,Moderate Misalignment,78.9215,39.4015,Separated Traffic,Rural,5.2926,True,Residential,Poor Infrastructure | Above Human Tolerance Limit,0.1319,Light,False,60.4992,-0.0117,-0.0114,Moderate Misalignment,79,Unnamed Road,1690
3386,Unnamed Road,Urban Road,URB-03386,3386,12.9369,77.5739,12.9369,77.5719,216.8,1354.4,1354.617,37.8595,Moderate Misalignment,0.8618,0.0663,0.8598,0.0412,-0.0136,81.7262,78.322,96.5676,0.0,13.1238,79.6897,82.2801,0.0,60.0,4.4853,No,0.0,-0.001,-0.0201,Poor,Medium,0.3569,10.0,31.3369,30.9885,Moderate Risk,53.6452,79.592,43.3799,Moderate Misalignment,104.6003,33.4839,Separated Traffic,Rural,7.0317,True,Residential,Poor Infrastructure,-0.0046,,False,90.2397,-0.0111,-0.0133,Moderate Misalignment,81,Unnamed Road,1691
3387,Unnamed Road,Urban Road,URB-03387,3387,13.0028,77.6928,13.0073,77.6978,861.0,1354.8,1355.661,67.7589,High Misalignment,0.8431,0.0761,0.0902,0.8295,-0.0006,79.3569,78.8199,98.515,6.4267,20.5473,81.4799,10.492,0.0,60.0,12.1549,No,0.0,0.0015,0.072,Poor,Low,0.0444,10.0,28.2097,37.5093,Moderate Risk,47.6918,82.2613,57.3843,High Misalignment,115.542,45.0543,Separated Traffic,Rural,5.0136,True,Residential,Speed Limit Misaligned | Active Congestion | Poor Infrastructure,0.737,Severe,False,31.9099,0.0081,0.0071,High Misalignment,77,Unnamed Road,1692
3388,Unnamed Road,Urban Road,URB-03388,3388,12.9458,77.5284,12.9459,77.5288,37.9,1355.2,1355.238,14.14,Aligned,0.9441,0.8935,0.0198,0.011,0.0067,21.056,19.7681,53.4342,21.3492,21.9691,46.8224,76.0996,0.0,28.9465,18.2806,No,0.0,-0.0011,-0.017,Good,Low,0.6591,10.0,10.0124,19.658,Safe,73.4414,19.7476,16.3556,Aligned,17.1026,36.5626,Side Impact Potential,Rural,2.8691,False,Industrial,Poor Infrastructure,0.2213,Light,False,15.3647,0.0208,0.0098,Aligned,20,Unnamed Road,1693
3389,Unnamed Road,Urban Road,URB-03389,3389,12.9457,77.528,12.9458,77.5284,46.7,1355.6,1355.647,12.5928,Aligned,0.867,0.8773,0.1296,0.0046,0.0238,48.981,48.8137,77.4483,10.0193,28.0583,49.2223,90.3157,0.0,49.5333,12.4738,No,0.0,0.0056,-0.0675,Good,Medium,1.9688,10.0,10.0,23.6739,Safe,68.9993,47.6412,20.5999,Aligned,49.5781,68.718,Side Impact Potential,Urban,5.2295,False,Mixed,Poor Infrastructure,-0.0231,,False,43.4058,0.004,0.0136,Aligned,48,Unnamed Road,1694
3390,Unnamed Road,Urban Road,URB-03390,3390,12.9454,77.528,12.9458,77.5284,72.3,1356.0,1356.072,34.3828,Moderate Misalignment,0.7174,0.2584,0.7012,0.0443,0.0025,81.3869,78.9421,96.1301,8.6004,19.0114,81.3165,87.2551,0.0,59.4925,13.9863,No,0.0,-0.0014,-0.0402,Poor,High,0.2142,10.0,17.4289,27.8469,Moderate Risk,64.0197,81.7653,32.0063,Moderate Misalignment,81.2971,41.2921,Separated Traffic,Rural,4.9291,True,Industrial,Poor Infrastructure,0.1977,Light,False,61.6067,-0.0058,-0.0057,Moderate Misalignment,82,Unnamed Road,1695
3391,Unnamed Road,Urban Road,URB-03391,3391,12.9246,77.6743,12.9244,77.6738,59.0,1356.4,1356.459,17.079,Aligned,0.7912,0.7738,0.1875,0.0154,0.0063,26.5007,26.2488,24.6331,7.0723,20.3093,50.5301,97.3013,0.0714,20.0,10.948,No,0.0,-0.0067,0.0216,Poor,High,0.8585,10.0,28.899,23.7303,Safe,68.0733,26.0093,25.2561,Aligned,24.3834,44.0458,Side Impact Potential,Rural,1.1253,False,Commercial,Poor Infrastructure,0.0079,,False,21.8625,-0.0083,0.0039,Aligned,26,Unnamed Road,1696
3392,Unnamed Road,Urban Road,URB-03392,3392,12.9256,77.6761,12.9246,77.6743,222.8,1356.8,1357.023,9.8536,Aligned,0.9727,1.0137,0.0042,0.0121,0.0137,20.5592,22.6655,63.8664,0.2953,19.3797,50.0589,81.8768,0.0,31.9191,3.5273,No,0.0,-0.0037,0.0165,Poor,Medium,3.506,10.0,10.4697,23.0087,Safe,66.859,20.439,19.5757,Aligned,20.3502,65.5476,Side Impact Potential,Urban,3.2214,True,Commercial,Poor Infrastructure,-0.0142,,False,15.1128,0.008,0.0036,Aligned,18,Unnamed Road,1697
3393,Unnamed Road,Urban Road,URB-03393,3393,12.9244,77.6738,12.9244,77.6735,37.3,1357.2,1357.237,12.9512,Aligned,0.9151,0.8517,0.0999,0.0251,-0.0039,72.1763,70.8015,99.2901,3.1018,13.1279,80.5355,69.3311,0.171,58.3006,0.0,No,0.0,-0.005,-0.0349,Poor,Low,0.0154,10.0,10.0372,21.2741,Safe,70.0602,71.2998,17.5703,Aligned,69.6285,46.155,Separated Traffic,Rural,3.9566,True,Mixed,Poor Infrastructure,-0.0175,,False,60.4493,0.0084,-0.0068,Aligned,71,Unnamed Road,1698
3394,Unnamed Road,Urban Road,URB-03394,3394,12.9262,77.6774,12.9258,77.6767,91.4,1357.6,1357.691,40.7931,Moderate Misalignment,0.903,0.1069,0.917,-0.0015,0.0006,30.6462,29.9192,56.7724,47.5303,51.3169,29.3126,76.0981,0.0,39.6386,66.3128,No,0.0,-0.0049,1.9429,Good,Medium,2.1973,10.0,10.4988,32.7159,Moderate Risk,66.8781,29.1979,36.2841,Moderate Misalignment,29.0651,56.4396,Significant Pedestrian Interaction,Peri-Urban,4.167,False,Mixed,High Pedestrian Interaction | Above Human Tolerance Limit,-0.0034,,False,24.6174,0.0124,-0.0153,Moderate Misalignment,31,Unnamed Road,1699
3395,Unnamed Road,Urban Road,URB-03395,3395,12.9258,77.6767,12.9256,77.6761,64.9,1358.0,1358.065,14.7186,Aligned,0.855,0.8961,0.0842,0.0209,0.0027,45.1759,44.609,98.8951,40.4163,31.2321,79.5882,67.7667,0.3581,59.5731,25.726,No,0.0,0.0024,0.9266,Good,Medium,0.5483,10.0,10.5975,21.1323,Safe,77.5948,44.8299,19.3135,Aligned,46.2463,58.9059,Separated Traffic,Urban,6.1929,True,Mixed,Meets Safe System Standards,-0.0122,,False,40.4489,0.0003,-0.0004,Aligned,46,Unnamed Road,1700
3396,Unnamed Road,Urban Road,URB-03396,3396,12.9279,77.6811,12.9276,77.6802,104.2,1358.4,1358.504,36.42,Moderate Misalignment,0.8773,0.1609,0.8616,-0.0099,-0.0068,49.3711,49.0448,78.4466,21.21,23.2353,50.5432,98.3304,0.0,41.0336,15.8122,No,0.0,-0.0074,-0.0049,Good,Medium,1.397,10.0,29.9652,26.1973,Moderate Risk,66.2674,51.5269,29.7003,Moderate Misalignment,50.7576,48.668,Side Impact Potential,Peri-Urban,6.1103,False,Mixed,Poor Infrastructure,0.1737,Light,False,39.1202,-0.0153,0.0113,Moderate Misalignment,49,Unnamed Road,1701
3397,Unnamed Road,Urban Road,URB-03397,3397,12.9276,77.6802,12.9264,77.6778,299.2,1358.8,1359.099,13.4693,Aligned,0.8893,0.9312,0.0717,0.0049,0.0088,50.1945,51.4189,99.3665,9.4314,19.5079,79.9205,68.7177,0.0,59.202,13.4898,No,0.0,0.0024,0.0156,Poor,Low,0.1251,10.0,10.2817,20.1027,Safe,71.8348,49.9549,17.9361,Aligned,48.9102,36.9472,Separated Traffic,Rural,7.0972,True,Residential,Poor Infrastructure,0.1566,Light,False,40.065,-0.0039,-0.0172,Aligned,51,Unnamed Road,1702
3398,Unnamed Road,Urban Road,URB-03398,3398,12.9298,77.6849,12.9296,77.6847,35.0,1359.2,1359.235,11.2054,Aligned,0.9389,0.9737,0.0247,0.0093,0.0055,29.2544,31.02,53.4954,45.2951,44.638,49.5186,87.239,0.3654,60.0,47.9008,No,0.0,-0.0051,1.0226,Good,High,3.0883,10.0,10.0,25.6319,Moderate Risk,76.6335,27.5921,21.3921,Aligned,30.5106,67.8172,Side Impact Potential,Urban,4.1934,False,Commercial,Meets Safe System Standards,0.1911,Light,False,23.5105,0.0045,-0.0028,Aligned,31,Unnamed Road,1703
3399,Unnamed Road,Urban Road,URB-03399,3399,12.9296,77.6847,12.9295,77.6844,34.1,1359.6,1359.634,12.9682,Aligned,0.8608,0.8468,0.1768,0.0074,0.0004,47.199,47.9906,98.4239,13.9753,24.2653,79.1217,33.9537,0.031,60.0,17.4749,No,0.0,0.0014,1.0749,Poor,High,0.4511,10.0,10.1799,22.8121,Safe,72.2202,46.7174,18.663,Aligned,47.0907,49.3152,Separated Traffic,Peri-Urban,5.006,True,Residential,Active Congestion | Poor Infrastructure,0.6898,Severe,False,14.3835,0.0018,-0.0136,Aligned,47,Unnamed Road,1704
3400,Unnamed Road,Urban Road,URB-03400,3400,12.9295,77.6844,12.9282,77.6816,336.5,1360.0,1360.336,21.3015,Aligned,0.66,0.7225,0.2595,0.0536,0.0004,45.2704,48.2719,52.4511,14.994,21.8942,50.0452,99.1075,0.1268,39.1429,6.4059,No,0.0,-0.0077,-0.0259,Poor,High,3.0538,10.0,19.0022,23.6192,Safe,68.187,47.1884,25.6238,Moderate Misalignment,48.3078,55.9778,Side Impact Potential,Urban,2.8117,False,Residential,Approach to Congestion (Tapered) | Poor Infrastructure,0.0002,,True,41.0362,-0.0068,0.0048,Aligned,47,Unnamed Road,1705
3401,Unnamed Road,Urban Road,URB-03401,3401,12.9299,77.6846,12.9302,77.6851,83.2,1360.4,1360.483,11.4936,Aligned,0.9215,0.9366,0.0834,0.0001,-0.0094,51.3015,53.5066,98.8592,13.8891,20.1972,80.0988,70.742,0.0,56.4592,16.4746,No,0.0,0.0042,1.0167,Poor,Medium,0.081,10.0,10.1377,21.1257,Safe,71.7925,52.3382,17.4041,Aligned,50.9696,43.9055,Separated Traffic,Rural,6.8057,True,Industrial,Poor Infrastructure,0.205,Light,False,39.6508,-0.002,-0.0012,Aligned,54,Unnamed Road,1706
3402,Unnamed Road,Urban Road,URB-03402,3402,12.9264,77.6778,12.9262,77.6774,47.5,1360.8,1360.848,29.6032,Moderate Misalignment,0.5759,0.3682,0.5675,0.0353,0.0006,66.7024,65.5762,98.2819,0.0,17.7632,80.9486,42.8609,0.435,58.9975,0.0,No,0.0,-0.0009,0.0174,Good,Low,0.3276,10.0,10.0,28.0348,Moderate Risk,60.7643,65.6591,31.0626,Moderate Misalignment,66.6733,61.8347,Separated Traffic,Peri-Urban,4.0365,True,Mixed,Poor Infrastructure | Above Human Tolerance Limit,0.1231,Light,False,53.8617,-0.0067,0.0013,Moderate Misalignment,67,Unnamed Road,1707
3403,Unnamed Road,Urban Road,URB-03403,3403,12.9346,77.6905,12.9329,77.6885,297.3,1361.2,1361.497,34.9084,Moderate Misalignment,0.8324,0.1624,0.8596,-0.0012,-0.0084,31.8065,28.6668,48.6721,34.6893,44.2414,29.1919,93.7724,0.258,39.0747,52.2639,No,0.0,-0.0058,2.0599,Poor,Low,2.5849,10.0,23.5313,29.7497,Moderate Risk,68.8858,30.4223,31.059,Moderate Misalignment,36.4017,58.5181,Significant Pedestrian Interaction,Urban,2.9887,False,Mixed,High Pedestrian Interaction,0.0158,,False,37.0396,0.0081,0.0099,Moderate Misalignment,28,Unnamed Road,1708
3404,Unnamed Road,Urban Road,URB-03404,3404,12.9329,77.6885,12.9299,77.6852,486.8,1361.6,1362.087,28.7217,Moderate Misalignment,0.5912,0.4317,0.5617,0.0487,-0.0018,66.475,65.0119,99.0901,32.4614,28.39,79.807,38.6421,0.1053,59.7785,22.7347,No,0.0,0.001,-0.0411,Poor,High,0.5218,10.0,10.2215,27.0178,Moderate Risk,67.3025,63.8124,32.1949,Moderate Misalignment,64.7282,57.0337,Separated Traffic,Urban,6.6833,True,Residential,Poor Infrastructure | Above Human Tolerance Limit,0.1541,Light,False,50.0292,0.007,0.0067,Moderate Misalignment,65,Unnamed Road,1709
3405,Unnamed Road,Urban Road,URB-03405,3405,12.9299,77.6852,12.9298,77.6849,35.2,1362.0,1362.035,36.6724,Moderate Misalignment,0.8487,0.1945,0.8413,-0.0244,-0.0031,47.2384,46.9377,53.6152,24.3786,31.7852,48.9335,96.6487,0.0,40.2391,25.3264,No,0.0,0.0073,0.0296,Good,Medium,3.0368,10.0,16.1139,27.2099,Moderate Risk,69.0031,47.4786,27.6452,Moderate Misalignment,49.8828,60.9042,Side Impact Potential,Urban,4.0412,False,Residential,Poor Infrastructure,0.0274,,False,35.0373,0.0069,-0.0025,Moderate Misalignment,47,Unnamed Road,1710
3406,Unnamed Road,Urban Road,URB-03406,3406,12.9302,77.6851,12.9315,77.6865,221.5,1362.4,1362.622,11.3828,Aligned,0.9407,0.964,0.0651,0.0094,-0.0087,18.2727,20.6851,27.1415,0.0,14.1825,52.0957,90.4191,0.0003,20.0,3.1401,No,0.0,-0.0058,-0.0571,Poor,Medium,1.7299,10.0,10.0,19.7576,Safe,69.8347,16.6884,18.2481,Aligned,16.8355,34.7313,Side Impact Potential,Rural,1.0669,False,Residential,Poor Infrastructure,0.1588,Light,False,12.576,0.0073,0.0089,Aligned,18,Unnamed Road,1711
3407,Unnamed Road,Urban Road,URB-03407,3407,12.9282,77.6816,12.9279,77.6811,60.3,1362.8,1362.86,34.1171,Moderate Misalignment,0.8205,0.1301,0.773,-0.012,-0.005,49.3428,50.8359,70.5405,34.9506,45.719,51.8099,94.993,0.1585,37.9472,50.1946,No,0.0,-0.005,0.9497,Good,Medium,1.7724,10.0,33.0395,32.9818,Moderate Risk,63.9731,50.1522,37.8383,Moderate Misalignment,51.5694,63.2711,Side Impact Potential,Urban,2.0312,False,Mixed,Poor Infrastructure,0.0083,,False,44.1206,0.0005,-0.0063,Moderate Misalignment,51,Unnamed Road,1712
3408,Unnamed Road,Urban Road,URB-03408,3408,12.9302,77.6851,12.9299,77.6852,32.1,1363.2,1363.232,29.5842,Moderate Misalignment,0.6142,0.3722,0.526,0.0126,0.0081,51.0875,47.9518,79.4493,44.1681,33.5499,49.5561,95.4771,0.0407,50.0567,29.167,No,0.0,-0.0068,-0.0089,Good,Medium,1.434,10.0,18.164,25.5964,Moderate Risk,72.7159,49.9918,28.0106,Moderate Misalignment,60.1169,56.6399,Side Impact Potential,Urban,5.8849,False,Commercial,Meets Safe System Standards,0.1459,Light,False,46.9124,0.0173,0.0084,Moderate Misalignment,49,Unnamed Road,1713
3409,Unnamed Road,Urban Road,URB-03409,3409,12.9316,77.6862,12.9365,77.6861,548.8,1363.6,1364.149,12.9973,Aligned,0.9197,0.9022,0.0736,0.0139,-0.0001,44.405,44.5056,87.1337,34.1422,31.3164,52.4427,84.085,0.0438,50.0823,22.8413,No,0.0,-0.0036,-0.0251,Good,Low,1.7166,10.0,10.0,22.6502,Safe,74.3151,43.2668,20.9263,Aligned,43.4866,63.5588,Side Impact Potential,Urban,5.0974,True,Industrial,Poor Infrastructure,0.0022,,False,41.6487,0.0024,-0.0005,Aligned,44,Unnamed Road,1714
3410,Unnamed Road,Urban Road,URB-03410,3410,12.937,77.6857,12.9365,77.6861,70.9,1364.0,1364.071,13.7814,Aligned,0.9123,0.9294,0.0848,0.008,-0.0027,47.7934,48.9416,97.5114,11.0511,19.6753,80.3375,67.9501,0.0,59.5488,12.8175,No,0.0,0.0085,-0.0044,Poor,Low,0.0693,10.0,10.0,20.6507,Safe,71.3384,49.0896,18.4944,Aligned,50.0059,36.7388,Separated Traffic,Rural,7.221,True,Residential,Poor Infrastructure,0.1502,Light,False,35.7138,-0.0001,-0.0132,Aligned,49,Unnamed Road,1715
3411,Unnamed Road,Urban Road,URB-03411,3411,12.938,77.6873,12.938,77.6871,29.1,1364.4,1364.429,11.8699,Aligned,0.9806,0.9748,0.0144,-0.009,-0.0052,37.7271,35.9249,53.2745,2.8357,17.6991,50.1702,82.353,0.1341,60.0,4.3646,No,0.0,0.0036,0.0743,Poor,Medium,0.8767,10.0,10.0,21.1885,Safe,68.8221,36.9452,17.7102,Aligned,39.1604,47.4656,Side Impact Potential,Rural,2.1442,False,Industrial,Poor Infrastructure,0.1941,Light,False,28.7405,0.0052,-0.0164,Aligned,36,Unnamed Road,1716