segment_id,road_name,road_type,human_segment_id,internal_id,start_lat,start_lon,end_lat,end_lon,length_m,start_km,end_km,road_risk_score,ai_risk_label,ai_risk_probability,prob_low_risk,prob_medium_risk,prob_high_risk,prob_critical_risk,ai_recommended_speed,recommended_safe_speed,road_function_score,infrastructure_score,exposure_score,human_tolerance_limit,operating_speed_score,crash_risk_score,posted_speed_limit,pedestrian_exposure_score,blackspot_flag,crash_count,fatal_crashes,schools_count,lighting_quality,roadside_hazards,intersection_density,speed_compliance_rate,speed_violation_score,hotspot_score,hotspot_category,speed_safety_score,original_safe_speed,misalignment_score,misalignment_category,speed_p85,ptw_share_pct,exposure_tier,urban_rural_flag,lane_count,median_presence,land_use_type,top_ai_factors,congestion_index,congestion_category,congestion_smoothed,operating_speed_mean,minor_crashes,major_crashes,risk_category,final_safe_speed,corridor_base,corridor_seq
3412,Unnamed Road,Urban Road,URB-03412,3412,12.938,77.6871,12.9376,77.6865,69.7,1364.8,1364.87,22.0662,Aligned,0.6261,0.6126,0.4251,-0.0058,-0.0077,24.3788,23.1554,61.4217,55.0625,44.1634,30.7408,62.8618,0.0,29.4187,49.3094,No,0.0,-0.0018,0.9534,Good,Low,2.5399,10.0,10.0,24.4488,Safe,79.0682,23.9287,21.4089,Aligned,23.74,62.3459,Significant Pedestrian Interaction,Urban,2.0161,True,Commercial,High Pedestrian Interaction | Active Congestion,0.7845,Severe,False,10.0,-0.003,-0.006,Aligned,25,Unnamed Road,1717
3413,Unnamed Road,Urban Road,URB-03413,3413,12.9375,77.6864,12.9376,77.6865,27.7,1365.2,1365.228,10.7493,Aligned,0.9836,0.9894,0.027,-0.0106,0.0081,33.3173,32.6283,48.0543,1.125,17.4088,49.9496,85.2024,0.5818,38.5622,8.1971,No,0.0,0.0029,-0.0176,Good,Low,1.2852,10.0,10.1949,21.7887,Safe,67.5683,31.0877,19.4963,Aligned,33.7626,46.5436,Side Impact Potential,Rural,1.9633,False,Residential,Poor Infrastructure,0.0123,,False,32.2811,0.0097,-0.0085,Aligned,31,Unnamed Road,1718
3414,Unnamed Road,Urban Road,URB-03414,3414,12.9371,77.686,12.9375,77.6864,54.7,1365.6,1365.655,11.5131,Aligned,0.9779,0.9407,0.0639,-0.003,0.0015,33.5646,34.4898,59.9381,20.8244,30.6722,51.4578,83.6196,0.0346,38.9729,22.2532,No,0.0,-0.0025,-0.0543,Good,Medium,3.2004,10.0,10.4754,24.0834,Safe,71.5336,34.6714,21.0481,Aligned,35.1112,59.5227,Side Impact Potential,Urban,2.9968,True,Commercial,Poor Infrastructure,0.0136,,False,29.2801,0.0013,-0.0025,Aligned,35,Unnamed Road,1719
3415,Unnamed Road,Urban Road,URB-03415,3415,12.9371,77.686,12.937,77.6857,37.0,1366.0,1366.037,11.0598,Aligned,0.9991,1.0125,0.0105,0.0178,0.0052,16.7197,20.8141,29.3709,0.804,20.9599,49.974,82.4095,0.0619,30.1486,5.2637,No,0.0,0.0011,-0.0083,Poor,Low,3.4129,10.0,10.0,23.0293,Safe,67.9752,18.917,21.2457,Aligned,18.562,57.4058,Side Impact Potential,Peri-Urban,1.8887,False,Commercial,Poor Infrastructure,0.0158,,False,16.6878,-0.0064,-0.0,Aligned,18,Unnamed Road,1720
3416,Unnamed Road,Urban Road,URB-03416,3416,12.935,77.6904,12.9356,77.6888,223.6,1366.4,1366.624,40.6361,Moderate Misalignment,0.9814,-0.03,0.986,-0.0056,-0.0001,27.5557,28.947,77.8684,82.7795,56.1828,28.7835,90.8012,0.0,39.0988,69.7303,No,0.0,0.0037,2.9691,Good,High,1.6103,10.0,10.0,29.5748,Moderate Risk,76.0659,30.6336,35.2019,Moderate Misalignment,37.2434,56.6139,Significant Pedestrian Interaction,Urban,2.8507,True,Residential,High Pedestrian Interaction | Above Human Tolerance Limit,-0.0023,,False,36.0629,-0.0179,-0.002,Moderate Misalignment,28,Unnamed Road,1721
3417,Unnamed Road,Urban Road,URB-03417,3417,12.9356,77.6888,12.9363,77.6882,169.5,1366.8,1366.97,12.0986,Aligned,1.0046,1.0223,-0.0101,-0.0002,0.0,22.0036,21.108,55.8041,0.7728,17.7457,49.7299,79.84,0.0172,40.3934,11.6641,No,0.0,0.0019,0.0361,Poor,Low,0.7261,10.0,10.0,21.7882,Safe,68.0088,21.1581,19.1303,Aligned,20.1099,36.2474,Side Impact Potential,Rural,3.9275,False,Residential,Poor Infrastructure,-0.0019,,False,16.6089,0.009,-0.0012,Aligned,22,Unnamed Road,1722
3418,Unnamed Road,Urban Road,URB-03418,3418,12.9368,77.6881,12.9363,77.6882,53.6,1367.2,1367.254,32.4208,Moderate Misalignment,0.7372,0.227,0.7191,0.0111,-0.0059,50.6608,50.3189,85.3226,13.1347,24.7143,52.2967,93.4462,0.0377,38.8679,11.9727,No,0.0,-0.0054,-0.033,Poor,Medium,2.5671,10.0,31.2285,28.2615,Moderate Risk,62.6816,50.3114,31.7459,Moderate Misalignment,55.6563,62.1433,Side Impact Potential,Urban,5.049,True,Residential,Poor Infrastructure,0.0098,,False,42.3304,-0.0129,0.009,Moderate Misalignment,52,Unnamed Road,1723
3419,Unnamed Road,Urban Road,URB-03419,3419,12.9382,77.6879,12.938,77.6873,59.3,1367.6,1367.659,11.3005,Aligned,0.9616,0.9821,0.0215,-0.0018,-0.0097,43.423,41.838,73.359,2.0053,23.2428,49.1773,74.5889,0.0,49.7296,12.2135,No,0.0,0.0009,0.01,Poor,Low,2.4881,10.0,10.0,24.1271,Safe,67.1824,40.1718,21.6191,Aligned,41.6313,57.2792,Side Impact Potential,Urban,4.1202,False,Commercial,Poor Infrastructure,0.1728,Light,False,29.8718,-0.0068,-0.0005,Aligned,43,Unnamed Road,1724
3420,Unnamed Road,Urban Road,URB-03420,3420,12.9382,77.6879,12.939,77.688,100.7,1368.0,1368.101,36.8103,Moderate Misalignment,0.8241,0.128,0.8558,0.0086,-0.0045,29.7471,29.0279,53.2616,56.1341,47.8066,29.477,94.7398,0.1906,39.3113,52.0596,No,0.0,0.014,1.0377,Good,Low,3.9221,10.0,10.0032,30.8038,Moderate Risk,69.5259,31.7565,33.155,Moderate Misalignment,40.4292,69.4219,Significant Pedestrian Interaction,Urban,2.8192,False,Mixed,High Pedestrian Interaction | Above Human Tolerance Limit,-0.0022,,False,34.0198,-0.0004,0.0049,Moderate Misalignment,30,Unnamed Road,1725
3421,Unnamed Road,Urban Road,URB-03421,3421,12.9382,77.6879,12.9368,77.6881,156.9,1368.4,1368.557,11.5841,Aligned,0.928,0.887,0.0898,-0.0298,0.0056,27.9776,29.0164,85.7858,57.6824,43.4574,49.5158,73.6371,0.0,41.7267,50.2976,No,0.0,-0.0011,1.002,Poor,High,2.2763,10.0,10.0,22.7356,Safe,79.4294,29.0695,19.8593,Aligned,29.2144,54.4468,Side Impact Potential,Urban,4.7831,True,Commercial,Meets Safe System Standards,0.1808,Light,False,21.9989,-0.0002,0.009,Aligned,29,Unnamed Road,1726
3422,Unnamed Road,Urban Road,URB-03422,3422,13.0126,77.6287,13.0119,77.6292,134.4,1368.8,1368.934,35.1523,Moderate Misalignment,0.5771,0.3557,0.5608,0.1144,0.0046,55.1458,55.0848,98.517,0.0,15.6412,80.4748,42.3987,0.0,60.0,10.1214,No,0.0,0.0053,-0.0014,Poor,Medium,0.151,10.0,10.0,21.2054,Safe,68.8642,54.3736,20.3523,Aligned,53.3937,34.3282,Separated Traffic,Rural,7.9292,True,Residential,Poor Infrastructure,0.1611,Light,False,40.8968,0.0018,-0.0041,Moderate Misalignment,54,Unnamed Road,1727
3423,Unnamed Road,Urban Road,URB-03423,3423,12.9996,77.5498,13.0039,77.5492,514.1,1369.2,1369.714,39.7727,Moderate Misalignment,0.9635,0.0448,0.9503,-0.0017,0.002,78.0168,78.9343,100.0,0.0,13.1512,76.6298,88.5167,0.0,60.0,1.3924,No,0.0,-0.0038,0.0167,Good,Low,0.1489,10.0,27.6029,27.186,Moderate Risk,57.5004,80.401,37.0357,Moderate Misalignment,91.1002,38.7028,Separated Traffic,Rural,6.2829,True,Residential,Poor Infrastructure,-0.0093,,False,77.8281,0.0162,-0.0002,Moderate Misalignment,81,Unnamed Road,1728
3424,Unnamed Road,Urban Road,URB-03424,3424,12.8896,77.5635,12.8895,77.5631,394.1,1369.6,1369.994,41.1998,Moderate Misalignment,0.9756,0.0099,0.9561,0.0064,0.0024,30.571,29.2439,86.4259,82.4254,60.7839,30.3666,90.1111,0.0,39.9447,84.1526,No,0.0,0.0042,2.0422,Good,Medium,2.0982,10.0,10.2992,31.8921,Moderate Risk,75.1098,29.1838,36.9526,Moderate Misalignment,39.713,61.5257,Significant Pedestrian Interaction,Urban,4.9892,True,Residential,High Pedestrian Interaction | Approach to Congestion (Tapered) | Above Human Tolerance Limit,-0.0189,,True,33.5738,-0.0065,0.0043,Moderate Misalignment,30,Unnamed Road,1729
3425,Unnamed Road,Urban Road,URB-03425,3425,13.0735,77.5928,13.0673,77.5933,704.5,1370.0,1370.705,9.4451,Aligned,0.969,0.9768,0.0242,-0.0088,-0.0093,28.7995,27.2019,30.165,4.1137,14.3037,49.2,78.9496,0.2364,22.1817,6.7712,No,0.0,-0.015,0.0302,Poor,Medium,2.4076,10.0,34.3163,22.7785,Safe,66.2241,26.1511,23.815,Aligned,27.4682,38.3092,Side Impact Potential,Rural,1.862,False,Residential,Active Congestion | Poor Infrastructure,0.7653,Severe,False,11.0202,-0.0124,-0.0007,Aligned,27,Unnamed Road,1730
3426,Unnamed Road,Urban Road,URB-03426,3426,13.0673,77.5933,13.0654,77.5935,218.0,1370.4,1370.618,98.7337,Critical Misalignment,0.9643,0.0229,0.0039,0.0374,0.9797,47.7817,49.5516,100.0,0.3278,15.7216,49.4779,90.0684,0.0,60.0,12.4067,No,0.0,0.0077,0.0163,Good,Medium,0.1041,10.0,10.0732,44.3006,Moderate Risk,34.1351,50.9232,76.2382,Critical Misalignment,96.451,39.7968,Side Impact Potential,Rural,5.9659,False,Industrial,Speed Limit Misaligned | Poor Infrastructure | Above Human Tolerance Limit,0.0164,,False,83.0149,0.0081,0.0003,Critical Misalignment,47,Unnamed Road,1731
3427,Unnamed Road,Urban Road,URB-03427,3427,13.0673,77.5933,13.0672,77.593,31.0,1370.8,1370.831,13.3407,Aligned,0.9372,0.9193,0.0753,0.0304,0.0021,53.5132,57.2738,100.0,1.8231,12.8265,81.0563,66.6974,0.0,60.0,4.4229,No,0.0,0.0019,0.0022,Good,Low,0.106,10.0,10.2186,20.7934,Safe,69.8146,57.2921,18.2947,Aligned,55.9463,36.7286,Separated Traffic,Rural,4.8206,True,Residential,Approach to Congestion (Tapered) | Poor Infrastructure,-0.017,,True,51.0801,-0.0198,0.0117,Aligned,55,Unnamed Road,1732
3428,Unnamed Road,Urban Road,URB-03428,3428,13.0577,77.5968,13.0578,77.5964,43.9,1371.2,1371.244,12.1612,Aligned,0.939,0.8861,0.081,-0.0161,-0.0064,29.7592,28.2955,53.2607,9.6592,21.7638,48.6305,88.5193,0.0,31.3102,7.0668,No,0.0,-0.0077,0.0346,Good,Medium,3.7088,10.0,10.153,22.7471,Safe,70.0584,28.5178,19.4834,Aligned,27.8758,63.0218,Side Impact Potential,Urban,2.2051,False,Residential,Poor Infrastructure,0.1354,Light,False,25.6814,0.0126,-0.0094,Aligned,28,Unnamed Road,1733
3429,Unnamed Road,Urban Road,URB-03429,3429,13.0577,77.5968,13.0576,77.5972,46.0,1371.6,1371.646,8.24,Aligned,0.9832,0.9637,0.0291,-0.0021,-0.0001,38.8785,43.6524,71.1226,34.9608,41.8824,49.433,83.8937,0.0008,50.981,45.2266,No,0.0,-0.0015,1.0087,Good,High,2.1429,10.0,10.1962,26.7001,Moderate Risk,74.0242,40.0572,22.6861,Aligned,43.344,60.7122,Side Impact Potential,Urban,2.8271,False,Industrial,Approach to Congestion (Tapered),0.0061,,True,36.1964,0.0063,-0.0071,Aligned,41,Unnamed Road,1734
3430,Unnamed Road,Urban Road,URB-03430,3430,13.0578,77.5964,13.0585,77.5937,305.5,1372.0,1372.305,11.4136,Aligned,0.9923,1.0174,0.0262,0.0178,0.0067,16.8921,18.9879,28.2042,0.0,15.6114,51.1825,89.0187,0.501,20.0955,6.1608,No,0.0,0.0029,-0.0216,Poor,High,1.8833,10.0,10.0,19.997,Safe,69.2132,16.0359,19.0297,Aligned,19.3747,41.9905,Side Impact Potential,Rural,1.8568,False,Industrial,Poor Infrastructure,0.2115,Light,False,11.7183,-0.0082,0.0021,Aligned,18,Unnamed Road,1735
3431,Unnamed Road,Urban Road,URB-03431,3431,13.0574,77.5936,13.0571,77.5936,34.1,1372.4,1372.434,10.0936,Aligned,0.9652,0.9484,0.0103,-0.0033,-0.0057,28.9303,30.6083,74.3852,15.8731,28.4895,50.3413,77.7396,0.5057,40.8067,20.7937,No,0.0,0.0036,0.0369,Good,High,1.4983,10.0,10.0,24.3778,Safe,69.6115,29.3157,21.1657,Aligned,28.753,58.2081,Side Impact Potential,Urban,3.9148,False,Commercial,Poor Infrastructure,-0.0053,,False,25.2777,0.0162,0.0036,Aligned,29,Unnamed Road,1736
3432,Unnamed Road,Urban Road,URB-03432,3432,13.0585,77.5937,13.0574,77.5936,128.3,1372.8,1372.928,12.7061,Aligned,0.8836,0.8714,0.1299,0.0199,0.005,50.403,46.158,78.1433,20.0393,29.3911,50.2257,87.3875,20.4569,50.0355,24.5535,No,0.0,-0.0009,-0.0078,Poor,High,1.7451,10.0,10.1171,28.4604,Moderate Risk,66.8963,49.6771,21.9854,Aligned,47.3085,57.0399,Side Impact Potential,Urban,5.9423,False,Commercial,Poor Infrastructure,0.0156,,False,43.4021,0.0019,1.0046,Aligned,49,Unnamed Road,1737
3433,Unnamed Road,Urban Road,URB-03433,3433,13.0575,77.5977,13.0576,77.5972,56.3,1373.2,1373.256,30.6358,Moderate Misalignment,0.7578,0.2842,0.7447,-0.0008,-0.0076,50.9947,49.9748,82.7278,16.1525,24.3436,48.9163,93.0223,0.1572,38.9494,11.3582,No,0.0,0.0006,0.0438,Poor,Medium,2.4621,10.0,30.4941,27.7665,Moderate Risk,64.6287,49.9995,32.5928,Moderate Misalignment,51.7781,62.3538,Side Impact Potential,Urban,4.8253,True,Residential,Poor Infrastructure,-0.0023,,False,44.6127,-0.0071,-0.0076,Moderate Misalignment,51,Unnamed Road,1738
3434,Unnamed Road,Urban Road,URB-03434,3434,13.0654,77.5935,13.0585,77.5937,767.9,1373.6,1374.368,10.5764,Aligned,0.9664,1.004,0.0429,-0.0283,0.0023,22.6705,23.1031,57.777,45.1401,35.519,49.854,84.301,0.0298,30.1716,33.8125,No,0.0,-0.0031,0.9502,Good,High,2.0633,10.0,10.745,21.6696,Safe,77.941,24.1737,18.024,Aligned,25.4682,49.5584,Side Impact Potential,Peri-Urban,4.0165,False,Residential,Meets Safe System Standards,-0.0113,,False,22.7797,0.023,-0.0136,Aligned,23,Unnamed Road,1739
3435,Unnamed Road,Urban Road,URB-03435,3435,13.0573,77.5985,13.0575,77.5977,83.2,1374.0,1374.083,37.0642,Moderate Misalignment,0.9368,0.0229,0.9446,0.0067,-0.0018,79.0204,78.7876,100.0,31.9218,27.2739,79.3204,12.2341,0.3857,59.4113,23.3981,No,0.0,-0.0031,0.9695,Poor,Medium,0.5876,10.0,10.1379,26.0868,Moderate Risk,68.3251,79.3451,29.7644,Moderate Misalignment,82.8184,48.9833,Separated Traffic,Peri-Urban,7.9502,True,Industrial,Active Congestion | Poor Infrastructure | Above Human Tolerance Limit,0.6144,Severe,False,31.3376,-0.002,0.0105,Moderate Misalignment,79,Unnamed Road,1740
3436,Unnamed Road,Urban Road,URB-03436,3436,13.0817,77.5934,13.0814,77.5934,44.0,1374.4,1374.444,13.9262,Aligned,0.8771,0.8762,0.1601,0.0162,0.0003,45.3425,44.2141,99.5518,0.1304,15.9221,80.8249,65.3253,0.1407,59.059,8.1818,No,0.0,0.0023,-0.0244,Good,Medium,0.0961,10.0,10.2294,21.4328,Safe,68.752,46.4188,18.4196,Aligned,41.4688,37.0949,Separated Traffic,Rural,5.1339,True,Residential,Poor Infrastructure,-0.0106,,False,33.0944,0.0014,-0.0069,Aligned,43,Unnamed Road,1741
3437,Unnamed Road,Urban Road,URB-03437,3437,13.0738,77.5929,13.0735,77.5928,43.2,1374.8,1374.843,8.4732,Aligned,0.9843,0.978,0.0289,0.0268,-0.0006,29.2735,27.9952,24.7569,0.0,14.7789,47.8918,90.0508,0.099,39.3685,8.411,No,0.0,-0.0001,-0.0216,Poor,High,1.6071,10.0,10.0,22.1207,Safe,68.3018,25.2324,17.3459,Aligned,29.4523,39.6734,Side Impact Potential,Rural,1.0159,False,Mixed,Poor Infrastructure,0.0045,,False,23.4373,-0.008,0.0003,Aligned,29,Unnamed Road,1742
3438,Unnamed Road,Urban Road,URB-03438,3438,13.0814,77.5934,13.0738,77.5929,857.4,1375.2,1376.057,73.0484,High Misalignment,0.9846,0.0247,0.0181,0.9539,0.0079,30.8717,27.909,85.5697,66.9974,42.8581,30.8773,98.0341,0.0,49.013,38.1656,No,0.0,0.0023,-0.0649,Good,Medium,2.1332,10.0,26.5482,36.9088,Moderate Risk,58.1403,30.7669,58.6284,High Misalignment,65.4465,68.5689,Significant Pedestrian Interaction,Urban,4.9514,True,Residential,Speed Limit Misaligned | High Pedestrian Interaction | Above Human Tolerance Limit,0.158,Light,False,50.9957,-0.016,0.0011,High Misalignment,29,Unnamed Road,1743
3439,Unnamed Road,Urban Road,URB-03439,3439,12.9653,77.5842,12.968,77.5786,679.2,1375.6,1376.279,12.2173,Aligned,0.9604,0.9805,0.0424,0.0144,0.0,33.5632,32.4809,73.9933,0.0,25.3189,49.3483,69.5459,0.2132,49.3543,14.9588,No,0.0,-0.0057,0.0172,Poor,Medium,1.6101,10.0,10.4572,24.5635,Safe,66.7096,35.3561,21.3689,Aligned,32.6735,57.5985,Side Impact Potential,Peri-Urban,4.128,False,Residential,Poor Infrastructure,-0.0165,,False,31.0055,0.0109,0.0072,Aligned,33,Unnamed Road,1744
3440,Unnamed Road,Urban Road,URB-03440,3440,12.9743,77.575,12.9728,77.5772,332.6,1376.0,1376.333,10.4166,Aligned,0.9655,0.9716,0.0417,0.0244,-0.0007,31.5925,31.5468,86.7087,21.1845,30.2209,51.4197,75.3959,0.13,41.7513,21.9452,No,0.0,0.0058,0.0689,Poor,Medium,2.2227,10.0,10.31,22.4901,Safe,72.9228,29.7085,20.223,Aligned,31.1633,55.001,Side Impact Potential,Urban,5.131,True,Commercial,Poor Infrastructure,-0.0014,,False,24.763,0.0042,-0.0081,Aligned,30,Unnamed Road,1745
3441,Unnamed Road,Urban Road,URB-03441,3441,12.9745,77.5723,12.9699,77.5717,577.3,1376.4,1376.977,16.7573,Aligned,0.8157,0.8026,0.1881,0.0114,0.0023,35.026,35.7063,82.5382,20.077,25.57,50.07,89.5133,0.0,39.8847,10.9483,No,0.0,-0.0021,0.0208,Good,Low,1.7051,10.0,10.0,21.3042,Safe,72.7709,38.1144,17.6705,Aligned,33.7098,62.8968,Side Impact Potential,Urban,4.3439,True,Residential,Poor Infrastructure,0.0197,,False,31.2391,-0.0003,-0.003,Aligned,37,Unnamed Road,1746
3442,Unnamed Road,Urban Road,URB-03442,3442,12.9623,77.6376,12.961,77.6387,191.7,1376.8,1376.992,12.4327,Aligned,0.9644,1.0019,0.0083,-0.0047,0.0021,20.4538,18.6799,55.4952,34.1278,30.2866,51.4722,65.8686,0.0,30.397,26.4959,No,0.0,0.0021,-0.0287,Good,Medium,2.8897,10.0,10.8055,22.4471,Safe,76.2273,19.1635,18.5394,Aligned,20.8253,56.4764,Side Impact Potential,Urban,4.1558,False,Residential,Active Congestion,0.7323,Severe,False,10.9018,-0.0078,0.0047,Aligned,19,Unnamed Road,1747
3443,Unnamed Road,Urban Road,URB-03443,3443,12.9689,77.5674,12.9689,77.5702,309.8,1377.2,1377.51,21.1258,Aligned,0.5785,0.5954,0.3704,-0.0005,0.0031,29.0298,28.9185,53.2511,40.6029,34.8935,50.206,93.9064,0.2817,28.6565,29.1249,No,0.0,-0.0008,0.0539,Good,Medium,2.1452,10.0,10.0,23.6233,Safe,75.5676,28.5888,19.4479,Aligned,27.6635,66.4573,Side Impact Potential,Urban,4.0343,False,Residential,Meets Safe System Standards,0.0013,,False,25.3141,-0.0096,-0.0142,Aligned,30,Unnamed Road,1748
3444,Unnamed Road,Urban Road,URB-03444,3444,12.8892,77.64,12.8895,77.6399,69.7,1377.6,1377.67,9.6788,Aligned,0.9642,0.957,0.0216,0.0029,0.0054,32.4727,33.8806,83.4928,57.3423,43.564,49.5096,74.6848,0.107,41.6808,47.4717,No,0.0,-0.0035,1.9725,Good,Medium,1.9028,10.0,10.764,24.2825,Safe,79.4385,30.7535,21.1905,Aligned,34.0412,58.8146,Side Impact Potential,Urban,3.8385,True,Commercial,Meets Safe System Standards,0.1847,Light,False,23.106,0.0053,-0.0127,Aligned,34,Unnamed Road,1749
3445,Unnamed Road,Urban Road,URB-03445,3445,13.0132,77.6998,13.0165,77.7035,565.5,1378.0,1378.565,9.732,Aligned,0.9683,0.9799,0.01,0.0167,-0.0076,37.296,35.6429,62.3918,52.4148,44.6379,50.5157,84.3154,0.3122,60.0,53.5129,No,0.0,-0.0018,1.0641,Poor,Medium,1.7749,10.0,10.2057,23.7585,Safe,77.9113,34.362,21.5074,Aligned,31.5203,53.9833,Side Impact Potential,Peri-Urban,3.0098,True,Residential,Meets Safe System Standards,0.0076,,False,27.3447,-0.004,-0.0026,Aligned,37,Unnamed Road,1750
3446,Unnamed Road,Urban Road,URB-03446,3446,12.97,77.5652,12.9703,77.5639,164.5,1378.4,1378.565,15.6707,Aligned,0.849,0.815,0.1892,0.0082,-0.0021,34.3173,37.4417,84.9462,20.2413,23.6477,49.5596,84.07,0.1627,39.6831,8.379,No,0.0,0.0042,-0.0382,Good,Medium,1.6683,10.0,10.4604,22.3035,Safe,71.7894,35.1388,20.1502,Aligned,38.2824,59.2808,Side Impact Potential,Urban,3.8597,True,Commercial,Poor Infrastructure,-0.0167,,False,31.5898,-0.0027,0.0096,Aligned,34,Unnamed Road,1751
3447,Unnamed Road,Urban Road,URB-03447,3447,12.9703,77.5639,12.9704,77.5636,38.1,1378.8,1378.838,12.9152,Aligned,0.9535,0.9605,0.0665,0.0184,-0.0005,35.0469,33.802,71.5009,22.8526,38.9038,50.7969,87.8059,0.0,42.0476,42.384,No,0.0,0.007,1.0448,Good,Low,1.8832,10.0,10.1463,26.5783,Moderate Risk,70.5458,32.3612,23.2723,Aligned,35.0165,61.9724,Side Impact Potential,Urban,3.2417,False,Residential,Poor Infrastructure,-0.0064,,False,29.3895,-0.005,0.0004,Aligned,35,Unnamed Road,1752
3448,Unnamed Road,Urban Road,URB-03448,3448,12.97,77.5652,12.9723,77.5667,307.7,1379.2,1379.508,14.5329,Aligned,0.9071,0.9301,0.0918,0.032,0.0099,47.3191,46.6171,100.0,28.3699,25.4498,81.3629,48.902,0.8503,60.0,29.2981,No,0.0,0.0023,1.0133,Poor,Medium,0.0344,10.0,10.0,20.6406,Safe,74.3972,45.9715,16.3622,Aligned,47.5843,33.8084,Separated Traffic,Rural,5.981,True,Mixed,Poor Infrastructure,0.1587,Light,False,36.9204,0.0172,-0.0089,Aligned,45,Unnamed Road,1753
3449,Unnamed Road,Urban Road,URB-03449,3449,12.9707,77.5635,12.9704,77.5636,33.0,1379.6,1379.633,33.9096,Moderate Misalignment,0.8403,0.1715,0.8162,-0.0023,-0.0039,51.8833,50.5602,70.5046,36.0824,44.8479,51.3666,93.72,0.2987,39.7118,50.3983,No,0.0,-0.0019,1.0109,Good,Medium,1.791,10.0,33.0884,32.9012,Moderate Risk,63.7147,49.5586,36.6918,Moderate Misalignment,53.9176,64.041,Side Impact Potential,Urban,1.9419,False,Mixed,Poor Infrastructure,0.013,,False,43.9385,0.0163,0.0076,Moderate Misalignment,50,Unnamed Road,1754
3450,Unnamed Road,Urban Road,URB-03450,3450,12.9718,77.5626,12.9714,77.5632,88.9,1380.0,1380.089,41.1335,Moderate Misalignment,0.9105,0.007,0.9064,0.0871,-0.0161,80.0085,78.3674,99.3797,0.3188,14.8029,81.8935,98.9177,0.3034,60.0,9.7776,No,0.0,0.0031,0.0022,Poor,High,0.1649,10.0,33.5544,31.3992,Moderate Risk,55.045,81.0748,43.2944,Moderate Misalignment,93.7989,34.3646,Separated Traffic,Rural,8.1966,True,Residential,Poor Infrastructure,0.176,Light,False,68.1449,0.0053,0.0208,Moderate Misalignment,81,Unnamed Road,1755
3451,Unnamed Road,Urban Road,URB-03451,3451,12.9722,77.5626,12.9718,77.5626,50.5,1380.4,1380.451,16.1997,Aligned,0.7827,0.7951,0.2232,-0.0223,-0.003,30.7895,30.9898,51.4374,0.1829,17.1919,50.4331,95.3744,0.2426,31.5666,7.5027,No,0.0,0.0026,0.0248,Poor,Medium,1.4336,10.0,10.0027,22.2031,Safe,68.0777,30.2611,18.6343,Aligned,30.5761,46.3883,Side Impact Potential,Rural,3.195,False,Mixed,Poor Infrastructure,-0.0052,,False,26.875,0.005,-0.0005,Aligned,31,Unnamed Road,1756
3452,Unnamed Road,Urban Road,URB-03452,3452,12.9758,77.5636,12.9739,77.5627,292.8,1380.8,1381.093,12.1907,Aligned,0.9443,0.9572,-0.0059,0.0226,0.0021,81.0934,77.4958,99.8527,0.0,17.1779,78.2705,15.4892,0.0089,60.0,10.2776,No,0.0,-0.0056,-0.0161,Poor,Medium,0.1269,10.0,10.1292,23.7581,Safe,64.9875,81.8437,25.4288,Aligned,82.468,31.8998,Separated Traffic,Rural,4.9778,True,Industrial,Active Congestion | Poor Infrastructure,0.7471,Severe,False,23.4277,-0.0148,0.0048,Aligned,82,Unnamed Road,1757
3453,Unnamed Road,Urban Road,URB-03453,3453,12.9711,77.5634,12.9714,77.5632,40.3,1381.2,1381.24,17.1928,Aligned,0.7805,0.7294,0.2524,0.0094,0.0029,26.4858,26.5398,54.2202,49.7694,43.5215,29.3923,86.0733,0.0,60.0,43.8923,No,0.0,0.0012,3.0007,Good,Low,2.9445,10.0,10.0,24.7772,Safe,77.9755,26.2077,21.2635,Aligned,28.7274,63.23,Significant Pedestrian Interaction,Urban,3.8963,False,Residential,High Pedestrian Interaction,0.1493,Light,False,19.353,0.0015,-0.0035,Aligned,28,Unnamed Road,1758
3454,Unnamed Road,Urban Road,URB-03454,3454,12.9722,77.5626,12.9728,77.5627,59.7,1381.6,1381.66,40.2771,Moderate Misalignment,0.9572,0.0344,0.9137,0.0151,0.0048,28.6375,30.5513,52.9569,62.5155,64.4192,29.3207,80.5631,0.0,42.3416,77.5569,No,0.0,-0.0008,1.0108,Good,High,2.5034,10.0,10.0,35.3537,Moderate Risk,69.1496,30.919,39.8961,Moderate Misalignment,30.6977,66.5477,Significant Pedestrian Interaction,Urban,1.8502,False,Residential,High Pedestrian Interaction | Above Human Tolerance Limit,-0.0099,,False,25.6757,0.0078,-0.0148,Moderate Misalignment,30,Unnamed Road,1759
3455,Unnamed Road,Urban Road,URB-03455,3455,12.9711,77.5634,12.9709,77.5634,24.6,1382.0,1382.025,10.6802,Aligned,0.9505,0.9185,0.1048,0.0081,-0.0002,27.6661,29.9049,28.5743,0.0,12.8933,50.0616,92.1882,0.0,30.6954,4.2224,No,0.0,-0.0079,-0.018,Good,Low,1.087,10.0,10.0,20.4131,Safe,69.8796,28.5818,17.8407,Aligned,28.3185,32.8396,Side Impact Potential,Rural,2.4169,False,Residential,Poor Infrastructure,-0.0015,,False,25.232,0.0081,-0.0047,Aligned,27,Unnamed Road,1760