segment_id,road_name,road_type,human_segment_id,internal_id,start_lat,start_lon,end_lat,end_lon,length_m,start_km,end_km,road_risk_score,ai_risk_label,ai_risk_probability,prob_low_risk,prob_medium_risk,prob_high_risk,prob_critical_risk,ai_recommended_speed,recommended_safe_speed,road_function_score,infrastructure_score,exposure_score,human_tolerance_limit,operating_speed_score,crash_risk_score,posted_speed_limit,pedestrian_exposure_score,blackspot_flag,crash_count,fatal_crashes,schools_count,lighting_quality,roadside_hazards,intersection_density,speed_compliance_rate,speed_violation_score,hotspot_score,hotspot_category,speed_safety_score,original_safe_speed,misalignment_score,misalignment_category,speed_p85,ptw_share_pct,exposure_tier,urban_rural_flag,lane_count,median_presence,land_use_type,top_ai_factors,congestion_index,congestion_category,congestion_smoothed,operating_speed_mean,minor_crashes,major_crashes,risk_category,final_safe_speed,corridor_base,corridor_seq
3456,Unnamed Road,Urban Road,URB-03456,3456,12.9707,77.5635,12.9709,77.5634,25.6,1382.4,1382.426,19.2637,Aligned,0.7538,0.7281,0.2586,0.0019,-0.0025,74.278,71.3965,100.0,5.2724,13.0853,78.3908,54.5052,0.2086,60.0,3.1536,No,0.0,-0.0027,-0.0444,Poor,High,0.2638,10.0,10.0,25.0569,Safe,63.0475,75.4798,28.7925,Moderate Misalignment,72.4715,37.7159,Separated Traffic,Rural,7.0275,True,Industrial,Poor Infrastructure | Above Human Tolerance Limit,0.0146,,False,61.8184,-0.0031,-0.0238,Aligned,73,Unnamed Road,1761
3457,Unnamed Road,Urban Road,URB-03457,3457,12.9736,77.5627,12.9739,77.5627,30.7,1382.8,1382.831,11.2057,Aligned,0.8887,0.874,0.111,0.0097,0.0078,72.5097,68.4353,100.0,0.3839,11.7241,82.2665,29.1411,0.1339,58.958,2.8681,No,0.0,-0.0032,0.0096,Poor,High,0.0616,10.0,10.0651,19.5358,Safe,69.3735,70.9667,17.7663,Aligned,65.3937,33.1069,Separated Traffic,Rural,7.8427,True,Residential,Active Congestion | Poor Infrastructure,0.6704,Severe,False,22.4635,0.0138,-0.0125,Aligned,71,Unnamed Road,1762
3458,Unnamed Road,Urban Road,URB-03458,3458,12.9736,77.5627,12.9728,77.5627,96.3,1383.2,1383.296,38.5929,Moderate Misalignment,0.9547,0.0223,0.9757,0.0131,-0.006,40.718,41.951,90.7901,23.152,40.3806,50.447,92.1726,0.0,40.2922,43.522,No,0.0,0.0061,1.0475,Good,Low,1.5573,10.0,10.2405,28.1628,Moderate Risk,69.2357,42.1767,25.6037,Moderate Misalignment,42.5462,57.3078,Side Impact Potential,Urban,5.9974,True,Commercial,Poor Infrastructure,0.0174,,False,35.6456,-0.0026,0.0102,Moderate Misalignment,41,Unnamed Road,1763
3459,Unnamed Road,Urban Road,URB-03459,3459,12.97,77.5652,12.9691,77.565,123.2,1383.6,1383.723,35.7356,Moderate Misalignment,0.8213,0.1963,0.864,0.0135,0.0088,77.325,78.8218,98.1095,0.6298,12.1563,80.7823,72.5443,0.0039,60.0,2.6867,No,0.0,0.002,-0.0998,Poor,Low,0.1435,10.0,10.0169,25.1451,Moderate Risk,62.5057,77.786,27.2752,Moderate Misalignment,79.4182,37.097,Separated Traffic,Rural,6.8474,True,Residential,Poor Infrastructure | Above Human Tolerance Limit,0.0047,,False,73.2532,0.002,-0.0065,Moderate Misalignment,77,Unnamed Road,1764
3460,Unnamed Road,Urban Road,URB-03460,3460,12.9108,77.5356,12.9102,77.5358,64.7,1384.0,1384.065,25.003,Aligned,0.5857,0.6037,0.3956,-0.0149,-0.0042,47.761,48.7018,86.3665,22.2663,25.384,48.3362,86.1175,0.0052,51.1515,10.4022,No,0.0,0.0073,0.0112,Good,Low,2.1623,10.0,33.7166,28.785,Moderate Risk,62.8632,51.7309,36.5501,Moderate Misalignment,65.9333,66.421,Side Impact Potential,Urban,4.9862,True,Commercial,Poor Infrastructure,-0.0086,,False,60.7627,0.0003,0.0026,Aligned,49,Unnamed Road,1765
3461,Unnamed Road,Urban Road,URB-03461,3461,12.9113,77.5354,12.9108,77.5356,59.5,1384.4,1384.46,99.7578,Critical Misalignment,0.9745,-0.0055,0.0048,0.0217,0.9779,49.6601,49.1896,100.0,0.6666,15.9007,50.2717,88.6843,0.2479,59.9123,10.5691,No,0.0,-0.0009,0.0145,Good,Medium,0.0717,10.0,10.0,44.3323,Moderate Risk,33.9177,51.1334,75.0048,Critical Misalignment,94.8484,40.069,Side Impact Potential,Rural,6.1123,False,Industrial,Speed Limit Misaligned | Poor Infrastructure | Above Human Tolerance Limit,0.0041,,False,85.0697,0.006,0.0008,Critical Misalignment,48,Unnamed Road,1766
3462,Unnamed Road,Urban Road,URB-03462,3462,12.9102,77.5358,12.9097,77.5359,83.0,1384.8,1384.883,20.1732,Aligned,0.6957,0.6175,0.2672,0.0305,-0.0049,52.3184,51.9861,100.0,9.8282,17.4131,78.9205,44.4762,0.0,60.0,6.0716,No,0.0,-0.0041,-0.0799,Poor,High,0.1761,10.0,10.7487,20.0391,Safe,71.3513,51.7182,17.0173,Aligned,52.8214,43.2326,Separated Traffic,Rural,6.1396,True,Industrial,Poor Infrastructure,0.0332,,False,42.6598,0.0144,-0.0134,Aligned,52,Unnamed Road,1767
3463,Unnamed Road,Urban Road,URB-03463,3463,12.9097,77.5359,12.9088,77.5358,99.6,1385.2,1385.3,16.9726,Aligned,0.7221,0.7686,0.255,0.006,-0.0047,59.4523,57.9472,99.7477,0.9151,15.3566,79.2676,76.8655,0.0,59.2253,1.0367,No,0.0,-0.0051,-0.0115,Poor,High,0.4566,10.0,10.0,21.3914,Safe,68.5892,59.8223,19.7945,Aligned,61.883,49.2124,Separated Traffic,Peri-Urban,4.9176,True,Mixed,Poor Infrastructure,0.1789,Light,False,44.6747,-0.0122,0.0109,Aligned,59,Unnamed Road,1768
3464,Unnamed Road,Urban Road,URB-03464,3464,12.9097,77.5359,12.9101,77.5357,61.6,1385.6,1385.662,13.7222,Aligned,0.7969,0.7736,0.1873,0.0038,-0.0001,54.7342,55.2241,99.0665,9.3996,17.4829,77.3021,55.1546,0.1435,59.4557,7.8437,No,0.0,0.0041,0.027,Poor,High,0.2436,10.0,10.3039,19.9467,Safe,71.9601,55.3761,17.6916,Aligned,56.0582,43.3971,Separated Traffic,Rural,7.8129,True,Residential,Poor Infrastructure,0.012,,False,49.6482,-0.0065,-0.0001,Aligned,56,Unnamed Road,1769
3465,Unnamed Road,Urban Road,URB-03465,3465,12.9101,77.5357,12.9111,77.5353,111.6,1386.0,1386.112,74.6862,High Misalignment,0.974,-0.0181,0.03,0.9548,-0.0029,30.7979,31.0415,86.1019,66.8851,42.3258,28.0478,100.0,0.3944,51.8386,39.4673,No,0.0,-0.0018,0.0256,Good,Medium,2.3063,10.0,26.5566,37.0411,Moderate Risk,57.1217,29.1498,57.9616,High Misalignment,63.6371,68.3967,Significant Pedestrian Interaction,Urban,4.8808,True,Residential,Speed Limit Misaligned | High Pedestrian Interaction | Above Human Tolerance Limit,0.1637,Light,False,49.3383,-0.0118,0.0125,High Misalignment,33,Unnamed Road,1770
3466,Unnamed Road,Urban Road,URB-03466,3466,12.9114,77.5352,12.9113,77.5354,21.9,1386.4,1386.422,14.2246,Aligned,0.8785,0.8425,0.0842,0.0324,0.0045,47.5476,46.5022,100.0,29.7355,25.099,78.1625,51.2002,0.0,60.0,29.7667,No,0.0,-0.0039,1.0037,Poor,Medium,0.1037,10.0,10.1621,21.0537,Safe,74.9741,44.5892,18.622,Aligned,48.2695,32.7724,Separated Traffic,Rural,6.2614,True,Mixed,Poor Infrastructure,0.1386,Light,False,37.7904,0.0082,0.005,Aligned,48,Unnamed Road,1771
3467,Unnamed Road,Urban Road,URB-03467,3467,12.9113,77.5362,12.9115,77.5358,37.7,1386.8,1386.838,13.4609,Aligned,0.9888,0.9725,0.0054,-0.001,-0.0062,25.4736,24.3923,28.431,31.2666,27.6095,49.1187,85.3725,0.2531,29.0144,23.6985,No,0.0,-0.0054,1.0343,Poor,Low,2.6629,10.0,10.1411,20.3925,Safe,73.8781,24.9898,18.6794,Aligned,24.106,50.5962,Side Impact Potential,Peri-Urban,1.823,False,Industrial,Poor Infrastructure,0.0182,,False,22.4685,0.0165,0.0007,Aligned,24,Unnamed Road,1772
3468,Unnamed Road,Urban Road,URB-03468,3468,12.9111,77.5353,12.9114,77.5352,36.3,1387.2,1387.236,35.1897,Moderate Misalignment,0.7447,0.2244,0.7186,0.0424,0.0029,71.0054,67.2293,99.9401,0.3561,18.008,80.5255,89.3931,0.0,60.0,12.1186,No,0.0,0.0029,-0.0219,Good,Low,0.1095,10.0,13.4531,25.0194,Moderate Risk,63.4981,66.8252,28.7013,Moderate Misalignment,69.1076,35.3187,Separated Traffic,Rural,7.8662,True,Residential,Poor Infrastructure,0.1534,Light,False,50.7555,0.0152,-0.0034,Moderate Misalignment,71,Unnamed Road,1773
3469,Unnamed Road,Urban Road,URB-03469,3469,12.9114,77.5352,12.9118,77.5353,44.6,1387.6,1387.645,27.8424,Aligned,0.6464,0.6267,0.1622,0.1458,-0.0081,81.8085,80.273,99.1678,25.3741,28.5995,80.0282,81.3669,0.0,60.0,20.7438,No,0.0,0.0029,1.0438,Good,High,0.4983,10.0,10.2919,26.0844,Moderate Risk,67.7969,78.8577,29.018,Moderate Misalignment,88.5202,57.3323,Separated Traffic,Urban,3.8356,True,Residential,Poor Infrastructure,0.1455,Light,False,68.9794,-0.0016,0.0088,Aligned,82,Unnamed Road,1774
3470,Unnamed Road,Urban Road,URB-03470,3470,12.9118,77.5353,12.9115,77.5358,66.6,1388.0,1388.067,14.2153,Aligned,0.8319,0.8163,0.153,0.0096,0.0076,36.559,37.8882,81.1416,18.4669,23.903,48.9014,86.4721,0.0,40.5024,10.6092,No,0.0,0.0054,-0.0384,Good,Medium,1.7595,10.0,10.3313,21.8805,Safe,72.4411,35.7454,19.9835,Aligned,35.7273,59.1506,Side Impact Potential,Urban,4.0902,True,Commercial,Poor Infrastructure,-0.0047,,False,31.3784,0.0075,0.006,Aligned,37,Unnamed Road,1775
3471,Unnamed Road,Urban Road,URB-03471,3471,12.8588,77.5914,12.8598,77.5897,410.1,1388.4,1388.81,11.4845,Aligned,0.9069,0.9138,0.061,0.0353,-0.0089,57.2575,56.6217,97.8352,5.6885,16.4727,77.1646,58.771,0.3388,60.0,9.0301,No,0.0,-0.0022,-0.0238,Poor,Low,0.3257,10.0,10.1723,20.8766,Safe,70.0154,56.2785,18.8851,Aligned,58.3436,41.9396,Separated Traffic,Rural,6.9599,True,Residential,Poor Infrastructure,0.1874,Light,False,41.5789,-0.0061,0.0007,Aligned,57,Unnamed Road,1776
3472,Unnamed Road,Urban Road,URB-03472,3472,12.8557,77.5977,12.8568,77.5984,145.7,1388.8,1388.946,17.1002,Aligned,0.7856,0.7818,0.1962,0.0305,-0.0018,25.33,24.4873,58.7586,73.5555,52.9344,29.6936,83.7808,0.0019,28.8437,70.2006,No,0.0,-0.0004,1.9748,Good,Low,3.51,10.0,10.2936,24.9035,Safe,81.8773,23.0911,22.0681,Aligned,25.5924,57.6261,Significant Pedestrian Interaction,Urban,4.0015,False,Residential,High Pedestrian Interaction,0.1844,Light,False,19.1534,0.006,0.0016,Aligned,26,Unnamed Road,1777
3473,Unnamed Road,Urban Road,URB-03473,3473,12.8557,77.5977,12.8559,77.5943,375.2,1389.2,1389.575,24.1839,Moderate Misalignment,0.4943,0.4975,0.5096,0.0231,-0.0009,79.5121,83.8933,99.5117,1.5826,10.2138,79.7552,88.1812,0.0,59.0533,1.6141,No,0.0,-0.0009,-0.0541,Poor,Low,0.4092,10.0,10.0,24.3247,Safe,62.4607,80.2526,30.4865,Moderate Misalignment,89.6112,33.6737,Separated Traffic,Rural,6.8739,True,Industrial,Poor Infrastructure | Above Human Tolerance Limit,-0.0035,,False,80.8979,0.0107,0.0074,Moderate Misalignment,81,Unnamed Road,1778
3474,Unnamed Road,Urban Road,URB-03474,3474,12.8576,77.5987,12.858,77.5991,59.3,1389.6,1389.659,9.9197,Aligned,0.983,0.9852,0.0322,-0.009,0.0167,36.7677,35.3078,78.4514,35.8411,43.6732,48.2143,72.2184,0.2246,51.6391,44.3741,No,0.0,-0.0025,0.9785,Good,High,1.727,10.0,10.0094,26.5312,Moderate Risk,73.7622,37.8211,23.233,Aligned,37.7651,64.6977,Side Impact Potential,Urban,5.0291,False,Residential,Meets Safe System Standards,-0.0279,,False,32.0253,-0.0027,-0.0067,Aligned,40,Unnamed Road,1779
3475,Unnamed Road,Urban Road,URB-03475,3475,12.8568,77.5984,12.8576,77.5987,90.3,1390.0,1390.09,12.5561,Aligned,0.97,0.9749,-0.0103,0.0032,-0.0028,35.7096,36.2575,74.6365,39.915,34.0553,52.3687,84.448,0.0,40.0596,31.2429,No,0.0,-0.0024,0.062,Good,Medium,1.4886,10.0,10.0,22.4564,Safe,76.0407,33.5477,18.9376,Aligned,34.3528,57.8425,Side Impact Potential,Urban,4.3446,False,Commercial,Meets Safe System Standards,0.0205,,False,30.6927,0.0074,-0.005,Aligned,37,Unnamed Road,1780
3476,Unnamed Road,Urban Road,URB-03476,3476,12.858,77.5991,12.8579,77.5994,37.0,1390.4,1390.437,15.5155,Aligned,0.9188,0.8686,0.0566,0.0285,0.0001,77.9466,76.4502,99.3926,0.0,13.8583,81.0354,20.9391,0.0,60.0,0.0,No,0.0,0.0026,0.0299,Poor,Medium,0.2177,10.0,10.0814,20.8574,Safe,68.9067,78.5521,17.8833,Aligned,78.6632,48.0325,Separated Traffic,Rural,5.1853,True,Residential,Active Congestion | Poor Infrastructure,0.6336,Severe,False,28.9499,-0.023,0.0093,Aligned,78,Unnamed Road,1781
3477,Unnamed Road,Urban Road,URB-03477,3477,12.8584,77.5995,12.858,77.5991,69.8,1390.8,1390.87,11.8907,Aligned,0.9904,0.9929,0.0379,-0.0057,-0.0021,18.7044,19.8535,26.3989,11.6085,25.6934,50.2652,88.7355,0.0,60.0,14.7637,No,0.0,-0.0081,-0.0975,Poor,Medium,2.8883,10.0,10.0,22.439,Safe,70.3145,17.1922,21.4634,Aligned,14.9964,59.0619,Side Impact Potential,Peri-Urban,0.8512,False,Commercial,Poor Infrastructure,-0.0077,,False,12.0729,0.0039,0.011,Aligned,16,Unnamed Road,1782
3478,Unnamed Road,Urban Road,URB-03478,3478,12.8561,77.5925,12.8559,77.5943,190.9,1391.2,1391.391,14.5787,Aligned,0.827,0.8499,0.141,-0.0015,0.0038,49.9902,49.9143,98.9413,7.7064,21.7304,80.7574,75.8598,0.0,60.0,12.3844,No,0.0,0.0016,0.0399,Poor,Medium,0.3653,10.0,10.0937,22.0639,Safe,68.5858,49.5854,18.2475,Aligned,49.6049,51.7583,Separated Traffic,Peri-Urban,7.9538,True,Commercial,Poor Infrastructure,-0.0153,,False,43.1603,0.0076,-0.0105,Aligned,49,Unnamed Road,1783
3479,Unnamed Road,Urban Road,URB-03479,3479,12.9751,77.5757,12.9757,77.576,87.2,1391.6,1391.687,12.1567,Aligned,0.9863,0.9719,0.0021,0.0007,0.0056,41.9347,43.6347,75.8292,0.0,23.7114,49.8304,74.6657,0.0,50.6208,13.7714,No,0.0,-0.0009,-0.0747,Poor,Low,2.5432,10.0,10.0,24.2961,Safe,66.9996,41.2733,22.0377,Aligned,40.9685,56.5862,Side Impact Potential,Urban,4.1499,False,Commercial,Poor Infrastructure,0.1602,Light,False,30.9498,-0.0096,0.0002,Aligned,43,Unnamed Road,1784
3480,Unnamed Road,Urban Road,URB-03480,3480,12.9651,77.5382,12.9682,77.5388,349.7,1392.0,1392.35,33.9168,Moderate Misalignment,0.7826,0.2251,0.7603,0.0208,0.0,36.2521,36.8285,57.8989,0.0,20.8798,49.6506,100.0,0.0753,30.9389,10.1345,No,0.0,-0.0054,0.0049,Poor,High,1.7393,10.0,18.751,25.3689,Moderate Risk,64.9698,35.428,26.0183,Moderate Misalignment,36.6455,51.8309,Side Impact Potential,Peri-Urban,2.0054,True,Commercial,Poor Infrastructure,0.0012,,False,29.9658,-0.0071,-0.0026,Moderate Misalignment,37,Unnamed Road,1785
3481,Unnamed Road,Urban Road,URB-03481,3481,12.9832,77.5025,12.9835,77.5026,35.5,1392.4,1392.436,40.9357,Moderate Misalignment,0.9653,0.0074,0.9538,0.038,0.0054,28.6651,28.1761,74.3817,57.9137,54.3338,27.4821,95.0406,0.4529,43.0242,60.1335,No,0.0,-0.0046,1.0428,Good,Medium,1.6673,10.0,10.0557,33.8358,Moderate Risk,68.037,28.4824,40.3683,Moderate Misalignment,46.7089,69.3267,Significant Pedestrian Interaction,Urban,3.8159,False,Commercial,High Pedestrian Interaction | Above Human Tolerance Limit,0.0026,,False,37.1484,0.0025,0.004,Moderate Misalignment,30,Unnamed Road,1786
3482,Unnamed Road,Urban Road,URB-03482,3482,12.9835,77.5026,12.9838,77.5026,30.3,1392.8,1392.83,9.4475,Aligned,0.9435,0.9172,0.1014,-0.0332,0.001,52.0358,52.0274,79.5484,25.5233,38.1367,52.086,84.3154,0.6063,38.6801,35.5636,No,0.0,-0.0129,1.0256,Good,Medium,1.4806,10.0,32.6365,31.3365,Moderate Risk,62.4849,49.7021,34.2452,Moderate Misalignment,53.1326,61.0379,Side Impact Potential,Peri-Urban,5.8914,False,Commercial,Poor Infrastructure,0.0079,,False,50.0444,0.0136,-0.0043,Aligned,52,Unnamed Road,1787
3483,Unnamed Road,Urban Road,URB-03483,3483,12.9839,77.5054,12.984,77.5055,20.8,1393.2,1393.221,28.908,Moderate Misalignment,0.6368,0.3517,0.656,0.0004,0.0093,45.2049,48.8113,50.0823,20.2262,24.3289,47.7114,56.1223,0.3254,60.0,9.3519,No,0.0,0.0041,0.0325,Good,Low,3.2615,10.0,17.8297,24.3749,Safe,68.5617,44.6937,28.1345,Moderate Misalignment,46.7883,64.791,Side Impact Potential,Urban,1.9027,False,Mixed,Active Congestion | Poor Infrastructure,0.7578,Severe,False,13.065,0.0101,-0.0183,Moderate Misalignment,45,Unnamed Road,1788
3484,Unnamed Road,Urban Road,URB-03484,3484,12.9834,77.5057,12.9839,77.5054,67.1,1393.6,1393.667,40.2649,Moderate Misalignment,0.9241,-0.0054,0.9422,0.0603,0.0002,80.2542,80.1379,100.0,20.012,21.348,80.8502,99.1407,0.3754,60.0,13.561,No,0.0,0.0008,0.029,Poor,High,0.3815,10.0,16.04,24.9639,Moderate Risk,65.696,78.7528,29.5273,Moderate Misalignment,90.3882,52.0546,Separated Traffic,Peri-Urban,8.1172,True,Residential,Poor Infrastructure,-0.0093,,False,77.065,0.0047,-0.013,Moderate Misalignment,79,Unnamed Road,1789
3485,Unnamed Road,Urban Road,URB-03485,3485,12.984,77.5055,12.9844,77.5055,38.4,1394.0,1394.038,14.3495,Aligned,0.8959,0.9333,0.1087,0.0033,-0.0005,67.3221,68.1282,100.0,1.3756,14.9577,80.149,60.9112,0.0,60.0,11.7793,No,0.0,0.0001,0.0299,Poor,Medium,0.1438,10.0,10.1582,21.8073,Safe,69.2111,67.6547,18.9346,Aligned,66.6221,34.4121,Separated Traffic,Rural,5.0847,True,Industrial,Poor Infrastructure,-0.0026,,False,54.4471,-0.0095,-0.0046,Aligned,67,Unnamed Road,1790
3486,Unnamed Road,Urban Road,URB-03486,3486,12.9841,77.5078,12.9843,77.5079,33.0,1394.4,1394.433,15.2376,Aligned,0.8379,0.8769,0.1707,-0.0257,-0.003,43.1801,44.2773,97.9302,8.3886,17.9756,81.3922,57.2517,0.5003,59.3561,10.2868,No,0.0,0.0073,0.059,Good,Medium,0.1935,10.0,10.0,20.3979,Safe,70.8848,41.4772,17.5977,Aligned,43.4938,41.656,Separated Traffic,Rural,7.9147,True,Commercial,Poor Infrastructure,0.1731,Light,False,34.1135,-0.0005,0.0013,Aligned,39,Unnamed Road,1791
3487,Unnamed Road,Urban Road,URB-03487,3487,12.9837,77.5076,12.9841,77.5078,45.4,1394.8,1394.845,19.9153,Aligned,0.769,0.8253,0.1817,0.0377,0.0027,69.5696,69.848,100.0,1.4022,12.7375,80.2641,79.9028,0.181,60.0,4.6706,No,0.0,-0.0005,0.0212,Good,Low,0.1999,10.0,10.183,19.982,Safe,70.4132,68.9368,15.7156,Aligned,69.633,33.5452,Separated Traffic,Rural,6.1885,True,Mixed,Poor Infrastructure,0.0081,,False,57.8928,0.0012,0.0049,Aligned,68,Unnamed Road,1792
3488,Unnamed Road,Urban Road,URB-03488,3488,12.9845,77.5081,12.9843,77.5079,32.2,1395.2,1395.232,27.2041,Moderate Misalignment,0.4993,0.474,0.5246,-0.0006,0.0061,78.8856,78.7273,99.6169,29.5441,24.0291,79.0651,78.2339,0.1844,60.0,15.2594,No,0.0,-0.0063,0.0267,Poor,Low,0.3178,10.0,10.2741,25.6274,Moderate Risk,67.3963,78.8848,31.5868,Moderate Misalignment,85.7761,53.2337,Separated Traffic,Peri-Urban,6.2815,True,Residential,Poor Infrastructure | Above Human Tolerance Limit,0.018,,False,74.7149,0.0039,-0.0006,Moderate Misalignment,81,Unnamed Road,1793
3489,Unnamed Road,Urban Road,URB-03489,3489,12.9845,77.5081,12.9848,77.5108,327.8,1395.6,1395.928,9.1414,Aligned,0.999,0.9801,0.007,0.0041,0.0044,15.7019,20.0807,30.1731,0.3051,15.554,51.4042,89.5186,0.0924,20.0,5.1102,No,0.0,0.0027,-0.0325,Poor,High,1.7171,10.0,10.0,21.0738,Safe,68.9829,16.3221,17.2615,Aligned,16.2608,41.1452,Side Impact Potential,Rural,1.9919,False,Industrial,Poor Infrastructure,0.1994,Light,False,12.6237,0.0167,0.0082,Aligned,17,Unnamed Road,1794
3490,Unnamed Road,Urban Road,URB-03490,3490,12.9846,77.5029,12.9853,77.5032,75.3,1396.0,1396.075,11.3853,Aligned,0.9721,0.9586,0.0097,-0.0041,0.0177,35.3269,33.2734,52.739,41.6519,32.444,50.8873,88.0972,0.2266,40.9629,23.5736,No,0.0,0.0056,-0.0685,Good,Low,2.7053,10.0,10.0,22.0667,Safe,76.9163,33.5397,18.8658,Aligned,33.1887,63.325,Side Impact Potential,Urban,3.0927,False,Commercial,Meets Safe System Standards,0.0223,,False,32.3698,-0.004,0.0057,Aligned,34,Unnamed Road,1795
3491,Unnamed Road,Urban Road,URB-03491,3491,12.9846,77.5029,12.9844,77.5028,35.3,1396.4,1396.435,17.9685,Aligned,0.717,0.7464,0.2417,0.0159,0.0017,35.2293,34.0191,76.075,19.6049,28.1213,50.4107,93.4539,0.1959,40.0641,14.4339,No,0.0,-0.0038,-0.0022,Good,Medium,2.3179,10.0,10.0,22.9288,Safe,71.8283,38.3533,20.3797,Aligned,36.8029,65.0571,Side Impact Potential,Urban,5.1942,False,Commercial,Poor Infrastructure,0.0208,,False,32.7927,0.0088,0.0153,Aligned,37,Unnamed Road,1796
3492,Unnamed Road,Urban Road,URB-03492,3492,12.9859,77.5036,12.9853,77.5032,77.1,1396.8,1396.877,20.2232,Aligned,0.7315,0.734,0.2576,0.0376,-0.0037,63.0255,62.18,100.0,51.4475,26.3942,80.1087,59.5272,0.0054,60.0,18.063,No,0.0,-0.0107,0.0459,Good,Medium,0.4731,10.0,10.1705,17.6468,Safe,80.1509,62.9303,15.7608,Aligned,61.8412,55.5446,Separated Traffic,Urban,7.1321,True,Mixed,Meets Safe System Standards,0.0124,,False,55.1387,0.0211,-0.0051,Aligned,63,Unnamed Road,1797
3493,Unnamed Road,Urban Road,URB-03493,3493,12.9841,77.5027,12.9844,77.5028,33.0,1397.2,1397.233,13.0717,Aligned,0.9051,0.8726,0.0983,-0.0074,0.0022,70.4896,69.9952,98.6006,9.7661,19.7829,81.0061,62.5403,0.1963,60.0,11.1977,No,0.0,-0.0063,-0.0247,Poor,Low,0.5465,10.0,10.0,21.3971,Safe,70.1481,70.4248,19.9794,Aligned,70.6999,50.4314,Separated Traffic,Peri-Urban,5.8613,True,Residential,Poor Infrastructure,0.1539,Light,False,55.0625,0.0071,0.021,Aligned,69,Unnamed Road,1798
3494,Unnamed Road,Urban Road,URB-03494,3494,12.9838,77.5026,12.9841,77.5027,32.7,1397.6,1397.633,23.1618,Aligned,0.6164,0.5821,0.354,0.0173,0.0015,48.9212,48.7628,87.0019,24.7101,32.8731,50.2229,91.3711,0.1699,52.4209,23.9175,No,0.0,-0.0189,0.0476,Good,High,1.7388,10.0,10.3641,24.4181,Safe,72.6628,49.1899,21.4203,Aligned,48.4485,65.6508,Side Impact Potential,Urban,5.9852,True,Residential,Poor Infrastructure,0.0108,,False,42.5029,0.0004,-0.0068,Aligned,50,Unnamed Road,1799
3495,Unnamed Road,Urban Road,URB-03495,3495,12.9834,77.5057,12.983,77.5061,53.9,1398.0,1398.054,12.5353,Aligned,0.9046,0.8931,0.093,0.0038,-0.0077,70.4229,70.4326,96.9243,11.3641,20.2551,81.2248,63.9367,0.6073,59.2973,10.4634,No,0.0,-0.001,-0.0213,Poor,Low,0.5364,10.0,10.0,21.133,Safe,70.3013,70.5296,20.0625,Aligned,71.1423,50.2691,Separated Traffic,Peri-Urban,5.9097,True,Residential,Poor Infrastructure,0.1611,Light,False,55.1183,-0.0004,0.0119,Aligned,70,Unnamed Road,1800
3496,Unnamed Road,Urban Road,URB-03496,3496,12.9873,77.5045,12.9875,77.5045,31.2,1398.4,1398.431,13.2661,Aligned,0.965,0.9551,0.0372,0.0071,0.0056,36.4426,35.0388,51.4793,0.0,14.07,50.4289,78.0038,0.0,59.955,1.722,No,0.0,-0.0049,-0.0106,Poor,Low,1.9042,10.0,10.0,20.6884,Safe,69.4212,37.9179,17.6343,Aligned,35.4733,38.6701,Side Impact Potential,Rural,2.0101,False,Residential,Poor Infrastructure,0.2362,Light,False,26.633,-0.0006,-0.0023,Aligned,36,Unnamed Road,1801
3497,Unnamed Road,Urban Road,URB-03497,3497,12.9873,77.5045,12.9863,77.5055,164.9,1398.8,1398.965,13.9521,Aligned,0.9144,0.9022,0.0935,0.0089,0.0062,49.6449,51.5015,79.8411,31.2377,32.464,49.4143,83.3981,0.0972,47.1183,30.4429,No,0.0,0.0049,0.978,Poor,High,1.937,10.0,10.6874,25.5553,Moderate Risk,71.2215,51.9697,24.9776,Moderate Misalignment,57.3575,56.0368,Side Impact Potential,Urban,3.1876,True,Residential,Poor Infrastructure,0.1891,Light,False,39.8362,-0.0061,0.0033,Aligned,50,Unnamed Road,1802
3498,Unnamed Road,Urban Road,URB-03498,3498,12.987,77.5043,12.9873,77.5045,33.6,1399.2,1399.234,15.2767,Aligned,0.8284,0.8144,0.1493,-0.0023,-0.0068,33.116,31.8893,30.0561,14.8299,22.1048,47.7305,100.0,0.0653,39.6131,10.5233,No,0.0,0.006,0.0316,Good,Medium,2.8302,10.0,10.1984,22.2763,Safe,69.659,33.5291,21.578,Aligned,31.6844,47.8642,Side Impact Potential,Peri-Urban,2.2033,False,Residential,Poor Infrastructure,-0.0076,,False,31.6969,0.0185,-0.0002,Aligned,34,Unnamed Road,1803
3499,Unnamed Road,Urban Road,URB-03499,3499,12.9875,77.5045,12.9878,77.5047,34.8,1399.6,1399.635,12.2452,Aligned,0.9566,0.9899,0.052,-0.001,0.0056,19.5863,19.1671,26.7502,0.0,14.5922,50.4971,75.9831,0.3762,20.0,4.2683,No,0.0,0.0048,0.0162,Poor,Low,1.4475,10.0,10.2497,20.8727,Safe,69.9064,18.303,17.078,Aligned,21.9693,43.3974,Side Impact Potential,Rural,0.9855,False,Mixed,Active Congestion | Poor Infrastructure,0.7482,Severe,False,10.0,-0.0053,-0.0023,Aligned,20,Unnamed Road,1804
3500,Unnamed Road,Urban Road,URB-03500,3500,12.9863,77.5055,12.9844,77.5055,221.0,1400.0,1400.221,12.6143,Aligned,0.957,0.9632,0.0591,0.0094,-0.0063,53.9264,52.9684,99.1095,9.9002,19.231,79.3209,15.5957,0.0,60.0,11.4706,No,0.0,0.0,0.0346,Good,High,0.256,10.0,10.0373,19.687,Safe,71.8156,51.7394,17.0425,Aligned,51.9425,38.7841,Separated Traffic,Rural,3.9811,True,Residential,Active Congestion | Poor Infrastructure,0.7455,Severe,False,11.6731,-0.0053,0.0023,Aligned,54,Unnamed Road,1805