segment_id,road_name,road_type,human_segment_id,internal_id,start_lat,start_lon,end_lat,end_lon,length_m,start_km,end_km,road_risk_score,ai_risk_label,ai_risk_probability,prob_low_risk,prob_medium_risk,prob_high_risk,prob_critical_risk,ai_recommended_speed,recommended_safe_speed,road_function_score,infrastructure_score,exposure_score,human_tolerance_limit,operating_speed_score,crash_risk_score,posted_speed_limit,pedestrian_exposure_score,blackspot_flag,crash_count,fatal_crashes,schools_count,lighting_quality,roadside_hazards,intersection_density,speed_compliance_rate,speed_violation_score,hotspot_score,hotspot_category,speed_safety_score,original_safe_speed,misalignment_score,misalignment_category,speed_p85,ptw_share_pct,exposure_tier,urban_rural_flag,lane_count,median_presence,land_use_type,top_ai_factors,congestion_index,congestion_category,congestion_smoothed,operating_speed_mean,minor_crashes,major_crashes,risk_category,final_safe_speed,corridor_base,corridor_seq
3501,Unnamed Road,Urban Road,URB-03501,3501,12.988,77.5049,12.9878,77.5047,33.3,1400.4,1400.433,22.0064,Aligned,0.7309,0.716,0.2192,0.0767,-0.0116,80.5602,79.3422,99.0608,9.705,18.259,82.1091,84.0287,0.0531,60.0,13.7476,No,0.0,-0.001,-0.0193,Poor,Low,0.3412,10.0,10.1549,26.9137,Moderate Risk,60.7096,81.914,34.4261,Moderate Misalignment,94.2798,33.3739,Separated Traffic,Rural,5.1028,True,Residential,Poor Infrastructure | Above Human Tolerance Limit,0.0151,,False,79.5836,-0.0028,0.0131,Aligned,80,Unnamed Road,1806
3502,Unnamed Road,Urban Road,URB-03502,3502,12.9828,77.5067,12.9825,77.5067,48.6,1400.8,1400.849,11.1695,Aligned,0.9683,0.9877,0.056,0.0119,0.0053,33.4452,32.5614,80.9186,0.4274,23.6535,51.0759,79.1104,0.0,40.5056,14.6054,No,0.0,-0.0063,0.0028,Poor,High,1.7202,10.0,10.1224,24.4994,Safe,66.1634,32.832,21.2916,Aligned,33.6079,55.6255,Side Impact Potential,Urban,5.7839,False,Mixed,Poor Infrastructure,0.1708,Light,False,25.7082,0.024,-0.01,Aligned,31,Unnamed Road,1807
3503,Unnamed Road,Urban Road,URB-03503,3503,12.9828,77.5067,12.983,77.5072,54.8,1401.2,1401.255,34.6712,Moderate Misalignment,0.7861,0.2372,0.7524,0.0205,-0.0038,36.3532,34.9635,56.1715,0.0,20.8451,48.9592,99.9229,0.0824,30.422,11.1412,No,0.0,-0.003,-0.0794,Poor,High,1.8493,10.0,19.2393,24.8282,Moderate Risk,64.4739,32.2698,24.7921,Moderate Misalignment,32.4793,52.2154,Side Impact Potential,Peri-Urban,1.9669,True,Commercial,Poor Infrastructure,0.0016,,False,30.6268,-0.012,0.0023,Moderate Misalignment,37,Unnamed Road,1808
3504,Unnamed Road,Urban Road,URB-03504,3504,12.9828,77.5067,12.9829,77.5063,41.6,1401.6,1401.642,67.851,High Misalignment,0.7915,-0.0062,0.2124,0.7905,0.0012,29.7004,30.2299,80.25,53.2136,49.9963,30.7607,67.8588,0.3312,58.4437,60.6149,No,0.0,0.0076,0.9853,Good,Medium,1.733,10.0,10.0619,42.6576,Moderate Risk,53.4215,29.9131,62.4211,High Misalignment,46.1518,59.7971,Significant Pedestrian Interaction,Urban,1.9111,True,Mixed,Speed Limit Misaligned | High Pedestrian Interaction | Above Human Tolerance Limit,0.0198,,False,36.9795,0.0097,-0.0043,High Misalignment,30,Unnamed Road,1809
3505,Unnamed Road,Urban Road,URB-03505,3505,12.982,77.5064,12.9825,77.5067,64.6,1402.0,1402.065,11.3519,Aligned,0.9687,0.9619,0.0068,0.0096,-0.0036,33.9004,35.3507,79.5103,31.5183,33.0456,51.0283,87.5158,0.1162,39.1568,29.376,No,0.0,0.0009,0.9727,Good,Low,1.8047,10.0,10.484,23.2033,Safe,72.9355,34.4921,21.0261,Aligned,34.4275,63.95,Side Impact Potential,Urban,5.8958,False,Residential,Poor Infrastructure,-0.0129,,False,31.917,0.0145,0.0067,Aligned,36,Unnamed Road,1810
3506,Unnamed Road,Urban Road,URB-03506,3506,12.983,77.5025,12.9832,77.5025,26.9,1402.4,1402.427,31.0112,Moderate Misalignment,0.6428,0.362,0.6519,-0.0091,0.0003,47.0814,44.1901,48.6404,20.0072,23.5646,49.0604,57.8819,0.2577,38.4598,9.7619,No,0.0,0.0048,0.0762,Good,Low,3.3314,10.0,18.7581,24.2675,Safe,68.4483,48.5375,26.2703,Moderate Misalignment,49.456,63.7177,Side Impact Potential,Urban,1.997,False,Mixed,Active Congestion | Poor Infrastructure,0.7653,Severe,False,12.0637,-0.0061,-0.0082,Moderate Misalignment,49,Unnamed Road,1811
3507,Unnamed Road,Urban Road,URB-03507,3507,12.9825,77.5028,12.983,77.5025,70.2,1402.8,1402.87,38.4323,Moderate Misalignment,0.9619,-0.0039,0.9754,0.0132,0.0066,36.5953,36.9407,52.093,26.9045,35.397,49.4553,98.1305,0.6344,39.3968,44.5076,No,0.0,0.0102,1.0364,Poor,High,1.4056,10.0,21.7117,27.8094,Moderate Risk,67.4348,34.5668,28.2381,Moderate Misalignment,34.4953,35.9416,Side Impact Potential,Rural,4.0425,False,Residential,Poor Infrastructure,0.0067,,False,29.9148,0.0126,0.0119,Moderate Misalignment,37,Unnamed Road,1812
3508,Unnamed Road,Urban Road,URB-03508,3508,12.9808,77.5068,12.9809,77.5065,38.4,1403.2,1403.238,39.9641,Moderate Misalignment,0.9187,0.0825,0.8669,-0.0091,-0.0084,33.0641,32.059,57.6395,41.5932,43.9037,49.6097,98.3064,0.0041,28.5067,53.2351,No,0.0,0.0052,1.0612,Good,Low,3.6551,10.0,10.0666,27.7794,Moderate Risk,72.15,30.2665,25.7304,Moderate Misalignment,34.9528,59.0751,Side Impact Potential,Urban,2.1685,True,Commercial,Meets Safe System Standards,-0.0052,,False,27.1938,0.0092,-0.0028,Moderate Misalignment,34,Unnamed Road,1813
3509,Unnamed Road,Urban Road,URB-03509,3509,12.9809,77.5065,12.981,77.5061,42.6,1403.6,1403.643,37.3431,Moderate Misalignment,0.7421,0.1768,0.7153,0.0919,0.0138,79.2021,76.7674,100.0,47.6963,33.2255,81.0676,87.5079,0.0,59.1494,23.6554,No,0.0,-0.0045,0.0457,Good,Low,0.5945,10.0,22.299,28.4375,Moderate Risk,68.3374,81.1933,36.7974,Moderate Misalignment,97.2814,65.6182,Separated Traffic,Urban,4.9247,True,Mixed,Meets Safe System Standards,-0.003,,False,90.3924,0.0069,0.0073,Moderate Misalignment,80,Unnamed Road,1814
3510,Unnamed Road,Urban Road,URB-03510,3510,12.9815,77.5063,12.981,77.5061,48.1,1404.0,1404.048,30.9176,Moderate Misalignment,0.7642,0.209,0.7744,0.0045,0.0045,37.1602,35.9243,55.3829,0.0,20.1201,49.7939,100.0,0.1891,29.5779,8.9078,No,0.0,0.0049,-0.0518,Poor,High,1.774,10.0,18.7368,25.0983,Moderate Risk,64.9357,36.352,25.0952,Moderate Misalignment,36.5046,52.6113,Side Impact Potential,Peri-Urban,2.0146,True,Commercial,Poor Infrastructure,0.0082,,False,31.5178,0.0002,-0.0013,Moderate Misalignment,35,Unnamed Road,1815
3511,Unnamed Road,Urban Road,URB-03511,3511,12.9861,77.5038,12.9859,77.5036,35.0,1404.4,1404.435,39.5856,Moderate Misalignment,0.902,-0.0081,0.9111,0.0427,0.0053,50.1987,49.2654,96.7233,54.6899,46.6545,48.4698,75.1229,0.2211,60.0,56.3351,No,0.0,0.005,0.957,Good,Medium,0.4489,10.0,11.1284,34.9926,Moderate Risk,62.8612,49.6374,47.21,Moderate Misalignment,68.9197,57.0649,Side Impact Potential,Urban,4.9597,True,Commercial,Above Human Tolerance Limit,0.1534,Light,False,58.6437,-0.0054,0.0016,Moderate Misalignment,51,Unnamed Road,1816
3512,Unnamed Road,Urban Road,URB-03512,3512,12.9861,77.5038,12.9865,77.504,45.6,1404.8,1404.846,10.1527,Aligned,0.9807,0.972,0.0525,-0.0009,0.0022,21.0778,20.1129,52.5029,0.3602,21.5614,51.8462,81.3882,0.0,60.0,5.4425,No,0.0,0.01,-0.0219,Poor,Low,2.3639,10.0,10.0,22.8399,Safe,67.6768,21.5791,19.1184,Aligned,19.4754,57.8178,Side Impact Potential,Peri-Urban,4.2539,False,Residential,Poor Infrastructure,0.0198,,False,17.9861,0.0033,-0.0155,Aligned,19,Unnamed Road,1817
3513,Unnamed Road,Urban Road,URB-03513,3513,12.9815,77.5063,12.9818,77.5063,33.9,1405.2,1405.234,10.0524,Aligned,0.9844,0.9452,0.0246,-0.0172,0.0121,25.2891,25.2637,55.8023,0.0,12.3573,50.8254,84.8255,0.0,30.7682,3.8335,No,0.0,0.0,-0.0135,Poor,High,0.7565,10.0,10.0031,19.7942,Safe,68.5552,22.4446,17.5985,Aligned,23.1716,36.6926,Side Impact Potential,Rural,4.0841,False,Industrial,Poor Infrastructure,0.1823,Light,False,19.2858,-0.0129,0.0075,Aligned,24,Unnamed Road,1818
3514,Unnamed Road,Urban Road,URB-03514,3514,12.9818,77.5063,12.982,77.5064,31.4,1405.6,1405.631,35.204,Moderate Misalignment,0.8935,0.0818,0.8904,-0.0009,-0.0055,54.2096,56.4564,88.2165,43.6741,30.1712,71.1342,99.0013,0.0,50.0288,20.457,No,0.0,-0.0046,-0.0145,Poor,Medium,1.3483,10.0,14.1065,23.0983,Safe,72.781,54.731,26.1402,Moderate Misalignment,56.8192,60.1913,Separated Traffic,Peri-Urban,5.7745,True,Residential,Meets Safe System Standards,-0.0217,,False,49.7111,0.016,-0.0133,Moderate Misalignment,57,Unnamed Road,1819
3515,Unnamed Road,Urban Road,URB-03515,3515,12.9815,77.5026,12.9802,77.5022,143.9,1406.0,1406.144,8.8191,Aligned,0.9852,1.0008,0.0031,-0.0066,-0.0076,21.6973,21.3432,30.9871,7.4146,18.4038,49.3277,95.0422,0.1829,20.881,4.2598,No,0.0,-0.0096,-0.0083,Poor,High,3.0535,10.0,10.0,21.3486,Safe,70.3533,16.8842,17.9197,Aligned,18.5011,54.6138,Side Impact Potential,Peri-Urban,1.9342,False,Residential,Poor Infrastructure,0.0269,,False,15.1353,0.0092,-0.0098,Aligned,21,Unnamed Road,1820
3516,Unnamed Road,Urban Road,URB-03516,3516,12.9825,77.5028,12.9815,77.5026,112.3,1406.4,1406.512,28.588,Moderate Misalignment,0.5367,0.4137,0.587,0.0337,-0.0008,78.8646,80.2843,100.0,12.5665,16.3996,78.9347,56.0874,0.1902,60.0,11.3436,No,0.0,-0.0001,0.0191,Poor,Low,0.1062,10.0,10.0,24.897,Moderate Risk,63.8262,78.396,29.3656,Moderate Misalignment,80.2385,35.0524,Separated Traffic,Rural,3.8586,True,Industrial,Poor Infrastructure | Above Human Tolerance Limit,0.1623,Light,False,62.52,0.0057,-0.0053,Moderate Misalignment,80,Unnamed Road,1821
3517,Unnamed Road,Urban Road,URB-03517,3517,12.9802,77.5022,12.9796,77.502,70.1,1406.8,1406.87,10.5318,Aligned,0.9877,0.9939,0.0295,0.0085,-0.0054,35.457,34.6396,55.9695,50.0711,30.5324,49.416,70.5278,0.3207,51.6285,20.2957,No,0.0,0.0018,0.0499,Good,Low,2.4154,10.0,10.0248,19.6183,Safe,80.0223,37.7947,17.7195,Aligned,36.7659,65.8889,Side Impact Potential,Urban,3.7515,False,Commercial,Meets Safe System Standards,-0.0036,,False,30.8448,-0.0027,-0.0018,Aligned,35,Unnamed Road,1822
3518,Unnamed Road,Urban Road,URB-03518,3518,12.987,77.5043,12.9865,77.504,68.6,1407.2,1407.269,40.158,Moderate Misalignment,0.934,0.0641,0.9579,0.0201,0.0047,29.6257,29.3552,66.2228,59.0038,50.1193,30.6245,86.2145,0.1776,39.2989,57.3392,No,0.0,-0.0034,1.0126,Good,High,2.2247,10.0,10.0462,30.7842,Moderate Risk,70.7318,32.8455,34.5664,Moderate Misalignment,35.0188,63.5203,Significant Pedestrian Interaction,Urban,1.8692,False,Mixed,High Pedestrian Interaction | Above Human Tolerance Limit,0.0102,,False,31.5893,0.0038,-0.0149,Moderate Misalignment,29,Unnamed Road,1823
3519,Unnamed Road,Urban Road,URB-03519,3519,12.9787,77.5017,12.979,77.5018,27.9,1407.6,1407.628,11.8361,Aligned,0.9157,0.887,0.0766,0.003,0.0006,46.6653,46.3746,100.0,0.265,15.2995,80.4603,57.8622,0.5946,60.0,0.9194,No,0.0,-0.0086,-0.0632,Good,High,0.3807,10.0,10.4588,21.2066,Safe,69.6609,46.5391,18.1463,Aligned,43.8925,48.614,Separated Traffic,Peri-Urban,6.3064,True,Residential,Poor Infrastructure,0.2215,Light,False,32.2723,0.0018,-0.0051,Aligned,47,Unnamed Road,1824
3520,Unnamed Road,Urban Road,URB-03520,3520,12.979,77.5018,12.9796,77.502,76.6,1408.0,1408.077,9.5409,Aligned,1.0013,0.9556,0.0262,-0.0057,-0.0031,27.7485,25.8332,26.6656,9.2575,22.9716,49.9449,86.1622,0.0886,30.8624,8.1104,No,0.0,0.0021,0.0061,Good,Medium,2.797,10.0,10.2315,22.1024,Safe,71.2549,26.2326,19.0075,Aligned,23.7441,60.2248,Side Impact Potential,Peri-Urban,1.0459,False,Mixed,Poor Infrastructure,-0.0014,,False,22.5717,-0.0001,0.0177,Aligned,27,Unnamed Road,1825
3521,Unnamed Road,Urban Road,URB-03521,3521,12.9883,77.5051,12.988,77.5049,42.1,1408.4,1408.442,38.8856,Moderate Misalignment,0.9834,0.0891,0.9728,0.0045,-0.0045,51.2053,48.525,77.9199,22.0237,28.9524,51.7846,99.5981,0.1946,50.5261,16.6843,No,0.0,-0.0001,0.0212,Good,Medium,2.6265,10.0,12.3354,25.928,Moderate Risk,69.3342,49.4429,27.4456,Moderate Misalignment,56.9422,66.3125,Side Impact Potential,Urban,5.1103,False,Commercial,Poor Infrastructure,-0.0006,,False,48.4999,-0.013,0.0072,Moderate Misalignment,49,Unnamed Road,1826
3522,Unnamed Road,Urban Road,URB-03522,3522,12.9837,77.5076,12.983,77.5072,96.7,1408.8,1408.897,40.285,Moderate Misalignment,0.9095,0.0582,0.9643,-0.0017,0.0106,35.8444,35.4358,58.5544,0.0,12.7386,71.1035,98.7639,0.1614,30.1324,0.3162,No,0.0,0.0037,0.0528,Poor,Medium,1.3887,10.0,19.4625,23.058,Safe,65.4791,38.6265,23.563,Aligned,34.8674,43.092,Separated Traffic,Rural,1.9635,True,Residential,Poor Infrastructure,0.0016,,False,29.9716,0.0194,-0.0113,Moderate Misalignment,38,Unnamed Road,1827
3523,Unnamed Road,Urban Road,URB-03523,3523,12.9829,77.5063,12.983,77.5061,30.9,1409.2,1409.231,13.9066,Aligned,0.9473,0.9869,0.0533,-0.008,-0.0001,24.2078,23.9886,52.2618,15.6389,30.1357,49.3074,87.977,0.0,59.4139,18.6539,No,0.0,-0.0092,-0.0321,Good,Low,2.4183,10.0,10.0478,25.4834,Safe,68.9753,22.1297,20.7686,Aligned,25.5784,68.6208,Side Impact Potential,Urban,2.9424,False,Commercial,Poor Infrastructure,-0.0184,,False,23.3384,0.001,0.0162,Aligned,24,Unnamed Road,1828
3524,Unnamed Road,Urban Road,URB-03524,3524,13.0477,77.5784,13.0434,77.5904,1505.9,1409.6,1411.106,12.0542,Aligned,0.9514,0.9031,0.0822,0.0168,0.0057,18.8853,21.5078,50.1605,12.1936,21.8526,49.0434,77.5598,0.2457,30.8832,16.8749,No,0.0,0.0019,-0.0089,Poor,Medium,1.6673,10.0,10.0,22.7601,Safe,70.3386,19.5544,20.4415,Aligned,20.4745,45.6157,Side Impact Potential,Rural,2.043,False,Industrial,Poor Infrastructure,0.1674,Light,False,16.8037,-0.0031,0.0007,Aligned,20,Unnamed Road,1829
3525,Unnamed Road,Urban Road,URB-03525,3525,12.9298,77.6329,12.9298,77.6331,29.8,1410.0,1410.03,13.6863,Aligned,0.8907,0.8749,0.0912,0.0071,-0.0051,32.5557,35.8072,51.1967,21.6185,34.459,48.4102,62.2319,0.4999,39.9143,32.2448,No,0.0,0.0029,0.9651,Good,High,2.7802,10.0,10.0,25.101,Moderate Risk,71.1566,34.1992,21.6595,Aligned,30.4165,56.0775,Side Impact Potential,Urban,4.0143,False,Commercial,Active Congestion | Poor Infrastructure,0.5941,Severe,False,14.6459,0.0121,-0.0189,Aligned,32,Unnamed Road,1830
3526,Unnamed Road,Urban Road,URB-03526,3526,12.9845,77.5718,12.9859,77.5629,1230.2,1410.4,1411.63,13.6814,Aligned,0.9433,0.9344,-0.0227,0.004,0.0122,29.7387,27.617,86.4419,35.5014,29.7852,52.5677,55.9346,0.0614,42.1866,21.0708,No,0.0,-0.0061,0.0036,Good,Medium,1.8903,10.0,10.3518,20.9936,Safe,75.9591,30.3871,17.729,Aligned,29.4033,62.6,Side Impact Potential,Urban,6.0733,True,Commercial,Active Congestion,0.7176,Severe,False,10.1093,-0.0047,0.0065,Aligned,30,Unnamed Road,1831
3527,Unnamed Road,Urban Road,URB-03527,3527,12.8767,77.5064,12.8772,77.5066,62.8,1410.8,1410.863,15.3495,Aligned,0.7908,0.7544,0.1839,0.0048,0.0022,55.5162,54.9568,98.2882,9.6123,18.4388,80.307,56.0006,0.0,59.7344,8.8554,No,0.0,0.0032,0.0426,Poor,High,0.1919,10.0,10.0,19.8549,Safe,71.8798,55.3497,16.3509,Aligned,55.4236,43.9804,Separated Traffic,Rural,7.7295,True,Residential,Poor Infrastructure,-0.0037,,False,48.8589,0.008,0.0054,Aligned,55,Unnamed Road,1832
3528,Unnamed Road,Urban Road,URB-03528,3528,12.8772,77.5066,12.8777,77.5068,52.7,1411.2,1411.253,11.4525,Aligned,0.9933,1.0223,0.0009,-0.0019,0.0041,31.0641,32.6883,46.4716,0.0,17.78,51.5197,86.277,0.1928,40.0936,8.1134,No,0.0,0.009,0.0648,Good,Low,1.4284,10.0,10.1245,22.8065,Safe,68.4293,33.3133,19.4851,Aligned,32.9837,47.3265,Side Impact Potential,Rural,2.1792,False,Residential,Poor Infrastructure,0.0071,,False,28.4135,0.0165,-0.01,Aligned,33,Unnamed Road,1833
3529,Unnamed Road,Urban Road,URB-03529,3529,12.8754,77.5082,12.8752,77.5085,35.6,1411.6,1411.636,31.8869,Moderate Misalignment,0.6547,0.3311,0.6516,0.0021,-0.0072,37.1943,36.7779,50.4161,0.0,13.9781,49.7173,96.2616,0.0467,32.6133,1.0809,No,0.0,-0.0013,-0.0383,Good,Low,1.608,10.0,22.7821,23.3112,Safe,65.1173,38.4011,25.1404,Moderate Misalignment,36.5074,45.86,Side Impact Potential,Rural,3.002,False,Industrial,Poor Infrastructure,0.1694,Light,False,27.3684,0.0118,-0.0044,Moderate Misalignment,36,Unnamed Road,1834
3530,Unnamed Road,Urban Road,URB-03530,3530,12.8754,77.5082,12.8756,77.5081,25.9,1412.0,1412.026,38.5104,Moderate Misalignment,0.9597,0.0414,0.938,-0.0016,0.0075,80.8469,80.5686,100.0,0.3464,13.6034,80.957,87.7367,0.0,60.0,0.2757,No,0.0,-0.0006,0.0129,Good,Low,0.1909,10.0,28.5179,27.3678,Moderate Risk,58.038,82.1715,38.3341,Moderate Misalignment,88.1356,38.5188,Separated Traffic,Rural,6.2092,True,Residential,Poor Infrastructure,0.008,,False,79.3296,-0.0264,0.0168,Moderate Misalignment,82,Unnamed Road,1835
3531,Unnamed Road,Urban Road,URB-03531,3531,12.8759,77.5075,12.8758,77.5077,28.3,1412.4,1412.428,14.9862,Aligned,0.9107,0.9056,0.0935,-0.0109,-0.0138,44.8206,45.877,47.7922,10.9934,16.139,49.2758,92.8926,0.1272,38.2305,6.4739,No,0.0,-0.0006,-0.0143,Poor,Medium,1.7837,10.0,10.0,21.9154,Safe,69.5922,42.9406,21.5003,Aligned,42.9837,43.276,Side Impact Potential,Rural,1.9641,False,Residential,Approach to Congestion (Tapered) | Poor Infrastructure,0.002,,True,38.2772,0.0192,-0.0022,Aligned,42,Unnamed Road,1836
3532,Unnamed Road,Urban Road,URB-03532,3532,12.8759,77.5075,12.8761,77.5073,26.4,1412.8,1412.826,35.1002,Moderate Misalignment,0.8901,0.0832,0.8799,0.0016,-0.0069,56.4655,57.291,86.4447,42.5097,30.0596,71.7862,98.379,0.0583,49.873,20.1298,No,0.0,0.0038,-0.0916,Poor,Medium,1.212,10.0,13.6058,23.0008,Safe,73.2458,56.0712,26.0377,Moderate Misalignment,57.3739,60.1819,Separated Traffic,Peri-Urban,5.9258,True,Residential,Meets Safe System Standards,-0.0064,,False,49.8917,0.0189,-0.0195,Moderate Misalignment,57,Unnamed Road,1837
3533,Unnamed Road,Urban Road,URB-03533,3533,12.8761,77.5073,12.8762,77.5071,23.5,1413.2,1413.224,22.6341,Aligned,0.6488,0.6341,0.3478,-0.0009,-0.0028,39.8193,36.4434,91.6552,22.0617,26.7753,50.5645,89.1753,0.0836,39.5584,13.6593,No,0.0,0.0039,-0.0303,Good,High,2.1219,10.0,10.0925,22.9206,Safe,72.4186,38.7807,19.4109,Aligned,36.0772,62.368,Side Impact Potential,Urban,5.9081,True,Mixed,Poor Infrastructure,0.0029,,False,31.5462,0.0139,0.0074,Aligned,37,Unnamed Road,1838
3534,Unnamed Road,Urban Road,URB-03534,3534,12.8762,77.5071,12.8764,77.5068,43.2,1413.6,1413.643,8.0449,Aligned,0.9967,0.9449,0.0125,-0.0071,0.0123,28.8276,31.0083,52.9972,32.838,32.5091,49.4854,72.0607,0.0,37.5356,26.3731,No,0.0,-0.004,0.0319,Good,Medium,3.2261,10.0,10.3269,22.6983,Safe,74.7611,28.6504,19.5611,Aligned,27.2733,68.4467,Side Impact Potential,Urban,3.1601,False,Industrial,Poor Infrastructure,0.1603,Light,False,23.5653,-0.0174,-0.0008,Aligned,30,Unnamed Road,1839
3535,Unnamed Road,Urban Road,URB-03535,3535,12.8764,77.5068,12.8767,77.5064,57.4,1414.0,1414.057,16.4341,Aligned,0.7101,0.7719,0.2574,0.005,0.0031,49.2401,47.7045,68.353,31.9145,37.6469,49.8135,90.752,0.0664,49.2286,32.7725,No,0.0,0.0085,0.9985,Good,High,1.7302,10.0,10.0,24.279,Safe,72.8607,49.7754,22.5237,Aligned,50.1264,63.9725,Side Impact Potential,Urban,2.1569,False,Residential,Poor Infrastructure,-0.0053,,False,41.3147,-0.0008,-0.0082,Aligned,49,Unnamed Road,1840
3536,Unnamed Road,Urban Road,URB-03536,3536,12.8753,77.4881,12.8754,77.4877,46.1,1414.4,1414.446,17.3162,Aligned,0.7598,0.6994,0.2642,0.0079,-0.0081,50.5826,51.9992,53.8574,17.0417,28.2569,50.9823,90.2517,0.1196,39.6432,19.8536,No,0.0,0.011,-0.0015,Good,Medium,1.7482,10.0,31.7961,28.553,Moderate Risk,63.6618,49.0648,34.67,Moderate Misalignment,51.3898,56.5345,Side Impact Potential,Peri-Urban,3.019,False,Residential,Poor Infrastructure,0.0083,,False,44.8785,0.021,0.0,Aligned,51,Unnamed Road,1841
3537,Unnamed Road,Urban Road,URB-03537,3537,12.8753,77.4899,12.8753,77.4881,214.0,1414.8,1415.014,40.3406,Moderate Misalignment,0.8812,0.0999,0.8764,0.0423,0.0046,78.4099,78.8195,100.0,35.6233,22.4046,78.8078,94.1858,0.2574,60.0,12.3501,No,0.0,-0.0065,0.0708,Poor,Medium,0.3526,10.0,25.4982,26.2551,Moderate Risk,65.4026,79.4107,34.7779,Moderate Misalignment,98.4275,52.4023,Separated Traffic,Peri-Urban,4.1661,True,Industrial,Meets Safe System Standards,-0.003,,False,82.8439,0.0086,-0.0183,Moderate Misalignment,81,Unnamed Road,1842
3538,Unnamed Road,Urban Road,URB-03538,3538,12.8754,77.4877,12.8756,77.4869,93.0,1415.2,1415.293,44.1565,Moderate Misalignment,0.7812,0.0479,0.7781,0.1742,0.0114,47.9487,48.1965,97.055,7.4495,22.7302,49.3181,88.6113,0.0,59.6362,5.3945,No,0.0,0.0053,-0.0253,Poor,Medium,0.5926,10.0,10.3136,29.4499,Moderate Risk,58.6676,49.0969,36.4049,Moderate Misalignment,65.2036,67.3055,Side Impact Potential,Urban,3.9508,False,Commercial,Poor Infrastructure | Above Human Tolerance Limit,0.0119,,False,52.6232,-0.0185,-0.0057,Moderate Misalignment,49,Unnamed Road,1843
3539,Unnamed Road,Urban Road,URB-03539,3539,12.8756,77.4869,12.8754,77.4854,166.7,1415.6,1415.767,39.631,Moderate Misalignment,0.9866,0.0604,0.9613,0.0274,-0.0035,80.1759,78.9971,97.5417,1.7043,14.7501,81.3183,91.5807,0.6473,60.0,6.6367,No,0.0,-0.0133,-0.0121,Poor,Medium,0.2506,10.0,29.7234,31.0598,Moderate Risk,53.8233,79.8453,42.375,Moderate Misalignment,105.2591,35.4269,Separated Traffic,Rural,7.9972,True,Residential,Poor Infrastructure,-0.0133,,False,86.2665,0.0013,-0.0031,Moderate Misalignment,80,Unnamed Road,1844
3540,Unnamed Road,Urban Road,URB-03540,3540,12.8777,77.5068,12.8784,77.5072,94.3,1416.0,1416.094,17.2794,Aligned,0.7754,0.7645,0.2336,-0.0066,0.0028,79.8176,80.5561,99.3652,1.5935,18.0327,79.1363,66.5585,0.3869,60.0,6.6736,No,0.0,-0.0015,0.0254,Poor,High,0.0982,10.0,10.0,27.3513,Moderate Risk,61.0147,77.9479,31.0289,Moderate Misalignment,87.0164,45.1854,Separated Traffic,Rural,5.8859,True,Residential,Poor Infrastructure | Above Human Tolerance Limit,0.1719,Light,False,65.1949,0.0072,0.0154,Aligned,81,Unnamed Road,1845
3541,Unnamed Road,Urban Road,URB-03541,3541,12.8808,77.4845,12.8817,77.4848,99.1,1416.4,1416.499,12.0635,Aligned,0.8905,0.8777,0.0815,0.0048,-0.0035,39.5,39.0974,87.4525,24.6598,45.46,47.8213,70.3246,0.0596,48.1299,48.2949,No,0.0,0.0093,1.0356,Good,Low,2.0223,10.0,10.0,29.0623,Moderate Risk,70.4632,38.5095,24.8646,Moderate Misalignment,37.3644,65.2553,Side Impact Potential,Urban,4.9664,True,Mixed,Approach to Congestion (Tapered) | Poor Infrastructure,-0.0096,,True,31.3774,0.0009,0.0023,Aligned,38,Unnamed Road,1846
3542,Unnamed Road,Urban Road,URB-03542,3542,12.88,77.4837,12.8808,77.4845,130.5,1416.8,1416.931,8.1153,Aligned,1.0066,1.0544,0.0725,0.0081,-0.015,12.9935,16.0525,32.9358,0.0,15.186,51.1786,88.2425,0.4284,21.7236,5.3515,No,0.0,0.0023,0.0231,Poor,Low,0.9003,10.0,10.1588,21.4025,Safe,68.6078,12.1872,19.1269,Aligned,13.6793,38.0495,Side Impact Potential,Rural,1.8819,False,Industrial,Poor Infrastructure,-0.001,,False,10.0516,-0.0134,0.0046,Aligned,14,Unnamed Road,1847
3543,Unnamed Road,Urban Road,URB-03543,3543,12.8784,77.5072,12.8788,77.5074,47.9,1417.2,1417.248,12.8421,Aligned,0.8806,0.8918,0.0993,0.0218,0.0002,71.1431,70.0169,100.0,9.9534,21.3007,81.2021,60.1809,0.0484,60.0,9.7037,No,0.0,0.0079,-0.0269,Poor,Low,0.6137,10.0,10.1934,21.9034,Safe,71.9805,71.3142,18.7298,Aligned,70.769,50.1675,Separated Traffic,Peri-Urban,6.03,True,Residential,Poor Infrastructure,0.175,Light,False,52.129,-0.0033,-0.0042,Aligned,71,Unnamed Road,1848
3544,Unnamed Road,Urban Road,URB-03544,3544,12.8777,77.5051,12.8776,77.5053,22.7,1417.6,1417.623,11.5651,Aligned,0.9862,1.002,0.0227,0.0071,0.0048,17.6572,17.846,27.817,1.7409,18.0225,49.7221,93.7918,0.0614,20.6599,8.3498,No,0.0,-0.0041,-0.0557,Poor,Medium,0.7087,10.0,10.4556,20.7895,Safe,68.5081,18.75,17.9822,Aligned,20.9193,43.8377,Side Impact Potential,Rural,0.827,False,Residential,Poor Infrastructure,-0.0012,,False,11.7017,0.013,0.0086,Aligned,17,Unnamed Road,1849
3545,Unnamed Road,Urban Road,URB-03545,3545,12.8777,77.5051,12.8779,77.5048,34.6,1418.0,1418.035,100.0,Critical Misalignment,0.9898,0.009,0.0172,0.01,0.993,28.2175,30.3192,97.3438,63.1157,44.6038,28.8944,81.432,0.1951,60.0,52.6968,No,0.0,0.0061,1.0769,Good,Low,0.3859,10.0,10.4414,53.8944,High Risk,32.7498,32.6055,97.6587,Critical Misalignment,82.5094,59.211,Significant Pedestrian Interaction,Urban,4.9035,True,Commercial,Speed Limit Misaligned | High Pedestrian Interaction | Above Human Tolerance Limit,-0.0078,,False,78.6444,-0.0044,0.002,Critical Misalignment,29,Unnamed Road,1850