segment_id,road_name,road_type,human_segment_id,internal_id,start_lat,start_lon,end_lat,end_lon,length_m,start_km,end_km,road_risk_score,ai_risk_label,ai_risk_probability,prob_low_risk,prob_medium_risk,prob_high_risk,prob_critical_risk,ai_recommended_speed,recommended_safe_speed,road_function_score,infrastructure_score,exposure_score,human_tolerance_limit,operating_speed_score,crash_risk_score,posted_speed_limit,pedestrian_exposure_score,blackspot_flag,crash_count,fatal_crashes,schools_count,lighting_quality,roadside_hazards,intersection_density,speed_compliance_rate,speed_violation_score,hotspot_score,hotspot_category,speed_safety_score,original_safe_speed,misalignment_score,misalignment_category,speed_p85,ptw_share_pct,exposure_tier,urban_rural_flag,lane_count,median_presence,land_use_type,top_ai_factors,congestion_index,congestion_category,congestion_smoothed,operating_speed_mean,minor_crashes,major_crashes,risk_category,final_safe_speed,corridor_base,corridor_seq
3546,Unnamed Road,Urban Road,URB-03546,3546,12.8779,77.5048,12.8782,77.5045,46.6,1418.4,1418.447,19.5383,Aligned,0.6787,0.6318,0.3644,0.0217,-0.0024,64.718,64.3632,99.593,4.7408,14.9397,80.3099,69.9424,0.1292,59.1981,8.8032,No,0.0,-0.0061,-0.021,Poor,Low,0.1405,10.0,10.4336,19.8378,Safe,70.9339,66.6667,17.7505,Aligned,63.5792,34.7851,Separated Traffic,Rural,4.0119,True,Residential,Poor Infrastructure,-0.0177,,False,58.5712,-0.0011,-0.0173,Aligned,66,Unnamed Road,1851
3547,Unnamed Road,Urban Road,URB-03547,3547,12.8817,77.4848,12.8817,77.4852,49.8,1418.8,1418.85,7.9021,Aligned,1.0167,0.9428,0.015,-0.0122,-0.0113,20.315,17.3483,30.1794,10.2365,15.9984,51.4823,81.0305,0.0,29.1166,6.5018,No,0.0,-0.0053,-0.0053,Poor,Low,1.6606,10.0,10.0,19.0658,Safe,72.0873,18.6311,16.6455,Aligned,20.7125,41.9501,Side Impact Potential,Rural,1.6964,False,Industrial,Poor Infrastructure,-0.0295,,False,16.0595,0.0202,-0.0096,Aligned,20,Unnamed Road,1852
3548,Unnamed Road,Urban Road,URB-03548,3548,12.8817,77.4848,12.8829,77.4847,139.7,1419.2,1419.34,22.0128,Aligned,0.7298,0.7225,0.092,0.1744,0.0041,59.1994,58.9561,98.5494,11.6771,20.8805,81.4427,82.3173,0.0467,60.0,5.6176,No,0.0,0.0042,0.0409,Good,Low,0.3082,10.0,10.0,21.0254,Safe,71.171,61.6307,16.9255,Aligned,61.3447,55.7171,Separated Traffic,Peri-Urban,7.1638,True,Residential,Poor Infrastructure,-0.0004,,False,47.4067,0.0075,-0.0004,Aligned,60,Unnamed Road,1853
3549,Unnamed Road,Urban Road,URB-03549,3549,12.8782,77.5045,12.8785,77.5041,59.9,1419.6,1419.66,11.8983,Aligned,0.8837,0.9128,0.106,-0.0105,-0.0141,31.9922,30.2542,62.7496,29.7662,30.4641,49.4417,93.4196,0.2814,32.0696,21.3051,No,0.0,-0.0027,-0.002,Good,Medium,3.913,10.0,10.0,23.3743,Safe,73.3464,31.3455,22.7282,Aligned,31.4459,61.6529,Side Impact Potential,Urban,3.8239,True,Mixed,Poor Infrastructure,-0.0055,,False,25.8162,-0.001,0.0053,Aligned,31,Unnamed Road,1854
3550,Unnamed Road,Urban Road,URB-03550,3550,12.8822,77.4859,12.8824,77.4865,70.9,1420.0,1420.071,13.1679,Aligned,0.8854,0.8691,0.0876,0.0126,0.0026,71.187,69.9294,100.0,0.0,10.383,80.5519,29.0738,0.2645,59.2362,2.3809,No,0.0,-0.0055,-0.0009,Poor,High,0.1142,10.0,10.0,19.591,Safe,69.6734,69.8781,18.0097,Aligned,67.9336,33.1012,Separated Traffic,Rural,8.137,True,Residential,Active Congestion | Poor Infrastructure,0.6709,Severe,False,23.1301,-0.0006,0.0044,Aligned,71,Unnamed Road,1855
3551,Unnamed Road,Urban Road,URB-03551,3551,12.8824,77.4865,12.8825,77.4872,82.7,1420.4,1420.483,29.3931,Moderate Misalignment,0.6672,0.3263,0.6745,0.0243,-0.0005,38.6526,37.5436,52.5584,0.0785,13.7383,49.9672,99.7715,0.0323,60.0,0.9762,No,0.0,0.0041,-0.0556,Good,Low,1.5889,10.0,22.7045,23.4037,Safe,66.5636,36.1608,25.5137,Moderate Misalignment,36.7415,45.9289,Side Impact Potential,Rural,2.9734,False,Industrial,Poor Infrastructure,0.1783,Light,False,29.6397,0.0142,0.0011,Moderate Misalignment,36,Unnamed Road,1856
3552,Unnamed Road,Urban Road,URB-03552,3552,12.8822,77.4859,12.8823,77.4852,74.3,1420.8,1420.874,11.0831,Aligned,0.9506,0.9634,0.0564,0.0175,-0.0145,30.5228,31.1921,74.8568,39.2283,47.3361,51.7584,74.9311,0.3512,37.6357,53.0347,No,0.0,0.0017,1.0677,Good,Low,1.549,10.0,10.0,28.6637,Moderate Risk,72.0589,29.086,24.4096,Aligned,29.9426,67.3912,Side Impact Potential,Urban,2.0563,True,Residential,Meets Safe System Standards,0.1638,Light,False,22.7286,0.0048,0.0011,Aligned,30,Unnamed Road,1857
3553,Unnamed Road,Urban Road,URB-03553,3553,12.8817,77.4857,12.8822,77.4859,58.9,1421.2,1421.259,10.3501,Aligned,0.9806,1.0066,0.0128,0.0137,-0.005,29.4243,26.4595,52.9972,48.4182,34.255,49.0486,73.5921,0.0,39.5943,28.8509,No,0.0,-0.0002,-0.0191,Good,Medium,3.024,10.0,10.0,21.8845,Safe,79.0588,28.9495,18.5299,Aligned,29.0471,59.7784,Side Impact Potential,Urban,3.8491,False,Commercial,Meets Safe System Standards,0.1725,Light,False,24.5571,-0.0012,-0.0058,Aligned,29,Unnamed Road,1858
3554,Unnamed Road,Urban Road,URB-03554,3554,12.8785,77.5041,12.8789,77.5036,64.6,1421.6,1421.665,15.6245,Aligned,0.8126,0.8109,0.1613,-0.0049,0.0084,35.0359,36.2846,81.2334,21.2911,23.6187,49.1366,88.2212,0.0,41.1542,10.5225,No,0.0,-0.009,0.0499,Good,Low,1.8793,10.0,10.3143,22.1801,Safe,72.6992,36.9252,19.1144,Aligned,36.2502,62.455,Side Impact Potential,Urban,4.0753,True,Residential,Poor Infrastructure,0.0182,,False,32.7039,-0.0067,-0.0007,Aligned,37,Unnamed Road,1859
3555,Unnamed Road,Urban Road,URB-03555,3555,12.8789,77.5036,12.8791,77.5032,55.8,1422.0,1422.056,7.6009,Aligned,0.9819,0.9807,0.01,0.0042,0.0031,36.5191,36.7443,87.9779,61.4472,34.0183,50.6107,75.5591,0.0283,51.0279,24.0843,No,0.0,0.0041,0.0631,Good,Medium,1.863,10.0,10.1397,18.6923,Safe,81.7018,37.4657,16.7045,Aligned,36.4348,67.6516,Side Impact Potential,Urban,4.9216,True,Commercial,Meets Safe System Standards,-0.0082,,False,30.163,-0.007,0.0041,Aligned,38,Unnamed Road,1860
3556,Unnamed Road,Urban Road,URB-03556,3556,12.8788,77.5074,12.8794,77.5076,70.8,1422.4,1422.471,27.2029,Moderate Misalignment,0.5646,0.4081,0.5909,0.0178,0.0013,42.7403,44.2987,79.3151,36.8884,34.3135,50.558,99.0796,0.1903,39.1703,28.4877,No,0.0,-0.0021,-0.0131,Good,Medium,1.8466,10.0,10.1652,24.5559,Safe,71.848,43.4866,25.7845,Aligned,44.6116,56.7956,Side Impact Potential,Urban,6.1062,False,Mixed,Meets Safe System Standards,-0.0085,,False,40.2914,0.0124,0.0132,Moderate Misalignment,42,Unnamed Road,1861
3557,Unnamed Road,Urban Road,URB-03557,3557,12.8791,77.5032,12.8794,77.5029,41.9,1422.8,1422.842,11.4226,Aligned,0.9568,0.9291,0.047,0.0119,0.0062,37.6269,34.1726,53.6512,14.43,28.4518,48.8921,80.9639,0.0,39.8062,22.0027,No,0.0,-0.0027,1.0086,Good,Low,2.024,10.0,10.0,25.0263,Safe,69.8162,36.5143,22.5027,Aligned,34.5206,53.9251,Side Impact Potential,Peri-Urban,3.2217,False,Residential,Poor Infrastructure,0.1815,Light,False,28.0063,0.0068,-0.0049,Aligned,38,Unnamed Road,1862
3558,Unnamed Road,Urban Road,URB-03558,3558,12.8794,77.5029,12.8795,77.5026,32.0,1423.2,1423.232,18.24,Aligned,0.702,0.7032,0.2698,-0.0069,0.0161,68.382,67.6617,100.0,6.7472,17.0196,79.815,77.7039,0.1393,60.0,11.3069,No,0.0,-0.0022,0.0389,Poor,Low,0.0734,10.0,10.3352,21.1868,Safe,69.3854,68.5033,17.5844,Aligned,65.8041,38.3447,Separated Traffic,Rural,5.0395,True,Industrial,Poor Infrastructure,0.0001,,False,54.3122,-0.0035,0.0085,Aligned,69,Unnamed Road,1863
3559,Unnamed Road,Urban Road,URB-03559,3559,12.8795,77.5026,12.8797,77.5023,35.6,1423.6,1423.636,37.9875,Moderate Misalignment,0.8909,0.0672,0.8987,0.0194,0.0019,75.4343,74.9512,100.0,1.8567,19.7573,80.7327,97.5389,0.1093,60.0,8.8518,No,0.0,-0.0025,0.0434,Poor,Medium,0.0627,10.0,25.662,29.5237,Moderate Risk,59.3547,77.5971,35.5189,Moderate Misalignment,73.4901,46.4271,Separated Traffic,Rural,3.8963,True,Residential,Poor Infrastructure,0.0058,,False,63.3408,0.0094,0.0116,Moderate Misalignment,76,Unnamed Road,1864
3560,Unnamed Road,Urban Road,URB-03560,3560,12.8797,77.5023,12.8799,77.502,39.6,1424.0,1424.04,26.6123,Moderate Misalignment,0.5749,0.4124,0.5284,0.0001,0.0037,51.4992,51.3136,81.1233,37.8729,34.3004,49.4709,96.1967,0.2789,48.5516,28.8312,No,0.0,0.0074,-0.0125,Good,Low,1.8327,10.0,27.9155,28.7326,Moderate Risk,67.21,51.8513,34.3758,Moderate Misalignment,62.1528,60.1115,Side Impact Potential,Urban,3.1202,True,Commercial,Meets Safe System Standards,-0.0127,,False,53.7818,-0.0007,0.003,Moderate Misalignment,52,Unnamed Road,1865
3561,Unnamed Road,Urban Road,URB-03561,3561,12.8799,77.502,12.8802,77.5016,56.1,1424.4,1424.456,7.3692,Aligned,0.9932,1.0001,0.0829,0.0156,0.0005,24.0147,22.8099,25.849,11.2216,16.6243,49.1214,66.1102,0.0,60.0,10.0655,No,0.0,0.0047,0.0303,Poor,Low,1.1806,10.0,10.0,19.7245,Safe,72.5195,21.8781,17.1627,Aligned,25.0122,34.8751,Side Impact Potential,Rural,1.075,False,Commercial,Active Congestion | Poor Infrastructure,0.6696,Severe,False,10.0,-0.0087,-0.0004,Aligned,24,Unnamed Road,1866
3562,Unnamed Road,Urban Road,URB-03562,3562,12.8798,77.5002,12.8785,77.4995,173.8,1424.8,1424.974,13.6549,Aligned,0.9132,0.842,0.0911,0.0215,0.0104,25.9143,24.5186,51.9061,10.6298,29.5486,49.4041,89.4591,0.3656,30.3583,18.9874,No,0.0,0.0128,-0.0541,Good,High,2.9247,10.0,10.0,25.929,Moderate Risk,68.4522,25.9229,22.4288,Aligned,25.9402,68.8301,Side Impact Potential,Urban,2.0566,False,Commercial,Poor Infrastructure,-0.0191,,False,23.933,0.0082,-0.0131,Aligned,29,Unnamed Road,1867
3563,Unnamed Road,Urban Road,URB-03563,3563,12.8798,77.5002,12.8805,77.5006,80.6,1425.2,1425.281,16.384,Aligned,0.7588,0.7151,0.2664,-0.0282,-0.0089,75.8795,75.1772,97.9195,0.0,11.3231,81.0272,94.6033,0.6971,58.2678,4.4988,No,0.0,0.0033,-0.032,Good,Low,0.4206,10.0,10.0,21.9784,Safe,66.3135,76.9862,23.0769,Aligned,75.9733,32.7955,Separated Traffic,Rural,7.19,True,Residential,Poor Infrastructure,-0.0155,,False,66.394,0.0029,-0.0088,Aligned,77,Unnamed Road,1868
3564,Unnamed Road,Urban Road,URB-03564,3564,12.8837,77.5022,12.8834,77.502,42.0,1425.6,1425.642,22.1273,Aligned,0.5945,0.5983,0.3692,0.0418,0.0034,65.9714,65.9703,100.0,26.6013,28.5949,79.4534,45.4768,0.0617,58.7821,24.4406,No,0.0,0.0049,0.9675,Good,Low,0.371,10.0,10.0,27.5285,Moderate Risk,64.6566,65.9437,32.1473,Moderate Misalignment,67.9628,53.639,Separated Traffic,Peri-Urban,4.9309,True,Residential,Poor Infrastructure | Above Human Tolerance Limit,0.1789,Light,False,51.3249,0.0182,-0.003,Aligned,67,Unnamed Road,1869
3565,Unnamed Road,Urban Road,URB-03565,3565,12.883,77.4883,12.8825,77.4872,131.6,1426.0,1426.132,66.7242,High Misalignment,0.7901,0.0073,0.2018,0.8025,0.0111,30.8134,31.0088,79.8877,52.6,49.453,30.2924,66.4495,0.176,60.0,62.1784,No,0.0,0.002,1.0232,Good,Medium,1.7384,10.0,10.0,42.7542,Moderate Risk,53.9496,29.0587,61.0075,High Misalignment,47.3579,59.1397,Significant Pedestrian Interaction,Urban,2.0453,True,Mixed,Speed Limit Misaligned | High Pedestrian Interaction | Above Human Tolerance Limit,0.0028,,False,35.4442,0.0031,0.0005,High Misalignment,29,Unnamed Road,1870
3566,Unnamed Road,Urban Road,URB-03566,3566,12.8833,77.4887,12.883,77.4883,56.5,1426.4,1426.457,13.8519,Aligned,0.9039,0.891,0.1288,0.0129,-0.0041,24.0174,23.2577,51.9032,9.2855,20.8998,51.9411,90.3447,0.0,31.2056,7.5892,No,0.0,0.0048,0.0278,Good,Medium,2.1783,10.0,10.3742,21.3005,Safe,71.3382,26.6241,19.0843,Aligned,25.6467,61.4897,Side Impact Potential,Peri-Urban,1.8314,False,Mixed,Poor Infrastructure,0.0266,,False,24.7479,-0.0044,-0.0118,Aligned,24,Unnamed Road,1871
3567,Unnamed Road,Urban Road,URB-03567,3567,12.8834,77.502,12.8824,77.5015,115.1,1426.8,1426.915,11.0124,Aligned,0.9708,1.017,0.0273,0.0065,-0.0125,32.7005,29.0404,53.6393,28.2421,27.1257,51.924,77.0952,0.3553,40.3804,16.7618,No,0.0,0.0096,0.0311,Good,Low,3.0089,10.0,10.0,21.5659,Safe,74.3106,32.2185,19.4702,Aligned,28.8244,55.8708,Side Impact Potential,Urban,3.9864,False,Industrial,Poor Infrastructure,-0.0214,,False,25.5596,0.0092,0.0152,Aligned,32,Unnamed Road,1872
3568,Unnamed Road,Urban Road,URB-03568,3568,12.8818,77.5014,12.8824,77.5015,69.9,1427.2,1427.27,36.2433,Moderate Misalignment,0.8302,0.1721,0.8447,0.0149,0.013,49.2072,51.1559,85.2855,10.5704,22.1667,48.6969,96.453,0.0,40.2222,13.9748,No,0.0,-0.0018,0.0637,Good,Low,2.0966,10.0,33.861,28.5973,Moderate Risk,61.8921,51.0608,33.0761,Moderate Misalignment,53.5511,57.1291,Side Impact Potential,Urban,5.0342,True,Residential,Poor Infrastructure,0.0105,,False,44.4032,-0.0021,0.0167,Moderate Misalignment,49,Unnamed Road,1873
3569,Unnamed Road,Urban Road,URB-03569,3569,12.8754,77.4854,12.8754,77.4851,35.3,1427.6,1427.635,14.4554,Aligned,0.851,0.8005,0.094,0.0319,0.0051,67.9886,71.2981,100.0,46.4988,27.6382,82.2969,74.3995,0.5759,59.8826,18.7411,No,0.0,-0.0099,-0.0467,Good,High,0.3931,10.0,10.1258,19.161,Safe,81.0476,66.5226,16.9415,Aligned,70.5512,63.8574,Separated Traffic,Urban,7.9782,True,Commercial,Meets Safe System Standards,-0.0003,,False,63.2873,-0.0068,0.0087,Aligned,69,Unnamed Road,1874
3570,Unnamed Road,Urban Road,URB-03570,3570,12.8763,77.4925,12.8761,77.4927,35.0,1428.0,1428.035,26.8441,Moderate Misalignment,0.56,0.4459,0.5747,0.008,-0.0096,36.718,36.3809,48.2284,10.2153,28.3281,48.0649,98.1386,0.0192,30.2638,17.3234,No,0.0,-0.0078,-0.0125,Poor,Low,2.5722,10.0,23.9285,27.2595,Moderate Risk,64.9525,39.5079,29.5863,Moderate Misalignment,37.7523,58.1156,Side Impact Potential,Peri-Urban,2.079,False,Residential,Poor Infrastructure,0.1519,Light,False,27.1325,0.0054,-0.0056,Moderate Misalignment,38,Unnamed Road,1875
3571,Unnamed Road,Urban Road,URB-03571,3571,12.8763,77.4925,12.876,77.4917,99.3,1428.4,1428.499,37.1605,Moderate Misalignment,0.9009,0.0694,0.9112,0.0244,0.0029,79.1606,80.25,98.5505,11.185,20.8339,80.4066,11.1218,0.0,58.9243,5.7512,No,0.0,-0.006,0.0655,Poor,Medium,0.4363,10.0,10.2931,27.2956,Moderate Risk,63.357,77.2122,32.0013,Moderate Misalignment,77.3477,59.7498,Separated Traffic,Peri-Urban,8.0441,True,Mixed,Active Congestion | Poor Infrastructure | Above Human Tolerance Limit,0.6809,Severe,False,25.9671,-0.0114,0.0106,Moderate Misalignment,78,Unnamed Road,1876
3572,Unnamed Road,Urban Road,URB-03572,3572,12.8763,77.4925,12.8778,77.4929,179.5,1428.8,1428.98,38.0628,Moderate Misalignment,0.9552,0.0451,0.9088,-0.0053,0.0028,80.2861,81.4722,99.118,0.0,13.4194,80.4423,87.433,0.0,60.0,1.3933,No,0.0,0.0014,-0.0248,Good,Low,0.2052,10.0,29.1362,27.1324,Moderate Risk,57.5658,81.3551,38.427,Moderate Misalignment,88.2343,39.5684,Separated Traffic,Rural,6.2625,True,Residential,Poor Infrastructure,0.0041,,False,78.195,-0.0183,0.0192,Moderate Misalignment,82,Unnamed Road,1877
3573,Unnamed Road,Urban Road,URB-03573,3573,12.8863,77.4852,12.8829,77.4847,379.6,1429.2,1429.58,31.2584,Moderate Misalignment,0.6993,0.2553,0.7261,0.0287,0.0172,76.799,79.3852,100.0,15.8893,16.0591,80.6252,51.4032,0.3373,60.0,3.9506,No,0.0,-0.0005,0.0658,Poor,Low,0.123,10.0,10.2213,24.2075,Safe,64.7814,79.028,29.4207,Moderate Misalignment,79.3364,46.3899,Separated Traffic,Rural,8.1116,True,Industrial,Poor Infrastructure | Above Human Tolerance Limit,0.2013,Light,False,58.4305,-0.0115,0.0095,Moderate Misalignment,79,Unnamed Road,1878
3574,Unnamed Road,Urban Road,URB-03574,3574,12.8829,77.4847,12.8823,77.4852,87.3,1429.6,1429.687,88.0971,High Misalignment,0.5208,-0.007,-0.0207,0.5194,0.4752,29.9538,30.9679,98.7616,87.6542,54.6467,29.4391,99.0236,0.0,60.0,68.0045,No,0.0,0.008,1.9873,Good,Low,0.6133,10.0,28.3505,45.5563,Moderate Risk,51.8715,28.8997,77.9064,Critical Misalignment,76.4899,64.5599,Significant Pedestrian Interaction,Urban,4.1837,True,Commercial,Speed Limit Misaligned | High Pedestrian Interaction | Above Human Tolerance Limit,0.1624,Light,False,60.359,-0.0168,-0.0153,High Misalignment,31,Unnamed Road,1879
3575,Unnamed Road,Urban Road,URB-03575,3575,12.875,77.5099,12.8751,77.5095,49.3,1430.0,1430.049,32.561,Moderate Misalignment,0.7669,0.1782,0.7578,0.004,-0.0055,35.4423,34.4783,56.0086,0.303,20.3143,50.2414,100.0,0.0793,29.1594,8.7473,No,0.0,-0.0005,-0.0435,Poor,High,1.7303,10.0,18.4799,24.9351,Moderate Risk,64.7639,36.375,26.1061,Moderate Misalignment,36.2382,52.3526,Side Impact Potential,Peri-Urban,2.035,True,Commercial,Poor Infrastructure,-0.009,,False,28.3018,-0.0119,-0.0097,Moderate Misalignment,36,Unnamed Road,1880
3576,Unnamed Road,Urban Road,URB-03576,3576,12.8751,77.5095,12.8751,77.509,46.8,1430.4,1430.447,26.6462,Moderate Misalignment,0.498,0.4841,0.484,0.0202,0.0093,74.3931,74.2622,98.0737,0.0,13.154,80.1782,66.7814,0.0,60.0,3.6856,No,0.0,-0.0052,-0.0391,Poor,Low,0.4119,10.0,10.5239,25.9144,Moderate Risk,61.7663,74.733,31.7113,Moderate Misalignment,74.0403,42.5755,Separated Traffic,Rural,4.8582,True,Residential,Poor Infrastructure | Above Human Tolerance Limit,-0.0047,,False,68.4979,0.0004,0.0037,Moderate Misalignment,74,Unnamed Road,1881
3577,Unnamed Road,Urban Road,URB-03577,3577,12.8833,77.4897,12.8833,77.4887,110.8,1430.8,1430.911,9.5991,Aligned,0.95,0.9512,0.0031,0.0053,-0.0085,21.9349,17.6827,31.3245,18.6533,14.6724,48.9093,92.8378,0.0211,21.5182,8.0393,No,0.0,0.0062,-0.0367,Poor,Low,1.2527,10.0,10.1773,18.1328,Safe,74.3696,20.9079,15.1382,Aligned,22.1074,34.7163,Side Impact Potential,Rural,2.2722,False,Residential,Poor Infrastructure,0.1508,Light,False,14.2527,-0.0079,0.0043,Aligned,22,Unnamed Road,1882
3578,Unnamed Road,Urban Road,URB-03578,3578,12.8827,77.4907,12.8833,77.4897,128.0,1431.2,1431.328,15.7569,Aligned,0.8045,0.8314,0.1654,-0.012,0.0064,35.1696,36.9524,82.5678,19.3949,24.4766,49.7671,87.7225,0.1775,41.2693,10.698,No,0.0,-0.0055,0.0373,Good,Low,1.8088,10.0,10.0,21.4509,Safe,73.1828,37.4468,18.3995,Aligned,35.1645,61.8977,Side Impact Potential,Urban,4.2855,True,Residential,Poor Infrastructure,0.0236,,False,30.3775,0.0105,-0.0013,Aligned,36,Unnamed Road,1883
3579,Unnamed Road,Urban Road,URB-03579,3579,12.8754,77.4851,12.8764,77.4832,246.3,1431.6,1431.846,37.9564,Moderate Misalignment,0.9843,-0.0262,0.9852,-0.0021,0.0145,75.8562,75.3306,98.3264,11.4198,16.1426,78.4761,100.0,0.0225,60.0,2.2036,No,0.0,-0.0071,-0.0392,Poor,Medium,0.0752,10.0,24.8426,26.2809,Moderate Risk,62.6202,73.4395,32.436,Moderate Misalignment,78.6251,44.4366,Separated Traffic,Rural,6.1398,True,Residential,Poor Infrastructure,0.1388,Light,False,60.4629,0.0133,0.0006,Moderate Misalignment,74,Unnamed Road,1884
3580,Unnamed Road,Urban Road,URB-03580,3580,12.8818,77.5014,12.8808,77.5008,123.6,1432.0,1432.124,71.923,High Misalignment,0.8897,-0.0037,0.0905,0.882,0.0019,52.1786,48.8369,98.4183,7.6115,15.2103,48.8021,56.2924,0.0,60.0,13.3226,No,0.0,0.0078,0.0431,Good,Low,0.3878,10.0,10.0,35.6791,Moderate Risk,47.7128,47.8121,56.991,High Misalignment,58.5816,35.154,Side Impact Potential,Rural,7.9065,False,Residential,Speed Limit Misaligned | Poor Infrastructure | Above Human Tolerance Limit,-0.0138,,False,49.2147,-0.0048,0.0078,High Misalignment,53,Unnamed Road,1885
3581,Unnamed Road,Urban Road,URB-03581,3581,12.8817,77.4857,12.8817,77.4852,50.4,1432.4,1432.45,10.9647,Aligned,0.9749,0.9559,0.0195,0.0006,-0.001,34.6905,31.4689,76.7944,29.6417,37.238,49.5529,86.2046,0.176,39.5539,32.5697,No,0.0,-0.0036,0.9572,Poor,Medium,1.7542,10.0,10.5622,25.6488,Moderate Risk,73.8617,32.832,24.32,Aligned,33.1707,67.0661,Side Impact Potential,Urban,5.1324,False,Commercial,Poor Infrastructure,0.0042,,False,28.5628,0.0008,-0.0036,Aligned,33,Unnamed Road,1886
3582,Unnamed Road,Urban Road,URB-03582,3582,12.8827,77.4907,12.8778,77.4929,734.6,1432.8,1433.535,9.515,Aligned,0.9916,0.9827,0.0614,0.0035,0.0046,38.1827,40.0823,55.0563,33.1953,28.8317,50.0433,82.5107,0.4351,40.893,18.0617,No,0.0,-0.003,0.0479,Poor,Low,2.812,10.0,10.0,20.7708,Safe,75.9133,36.5757,17.8056,Aligned,39.4639,63.6978,Side Impact Potential,Urban,3.0406,False,Mixed,Poor Infrastructure,0.1969,Light,False,30.7599,-0.0006,-0.0044,Aligned,39,Unnamed Road,1887
3583,Unnamed Road,Urban Road,URB-03583,3583,12.8778,77.4929,12.8765,77.4983,939.0,1433.2,1434.139,9.2083,Aligned,0.9821,0.9796,0.0338,-0.0126,-0.0006,40.5692,43.0196,52.1472,5.7271,16.4128,50.3247,87.763,0.0,40.9344,6.1031,No,0.0,0.0045,0.0525,Good,Medium,1.1258,10.0,10.0,21.434,Safe,69.0992,43.4736,20.5445,Aligned,43.4987,40.6565,Side Impact Potential,Rural,3.0719,False,Residential,Poor Infrastructure,0.1952,Light,False,34.6531,-0.0034,0.0146,Aligned,44,Unnamed Road,1888
3584,Unnamed Road,Urban Road,URB-03584,3584,12.8776,77.499,12.8765,77.4983,140.8,1433.6,1433.741,13.3514,Aligned,0.8951,0.9006,0.0672,0.0146,0.0061,45.9952,47.4061,100.0,34.4397,23.4745,81.3727,68.0589,0.0418,60.0,19.7956,No,0.0,0.0035,0.0018,Good,Medium,0.195,10.0,10.1925,19.5772,Safe,76.679,47.0301,16.274,Aligned,48.6849,47.6632,Separated Traffic,Rural,7.9314,True,Residential,Poor Infrastructure,-0.0016,,False,37.4997,-0.0175,0.0023,Aligned,47,Unnamed Road,1889
3585,Unnamed Road,Urban Road,URB-03585,3585,12.8776,77.499,12.8785,77.4995,104.2,1434.0,1434.104,13.606,Aligned,0.8413,0.878,0.1405,-0.003,0.0059,46.8348,48.1775,99.3658,9.1831,21.9787,79.5545,53.9343,0.2339,58.8493,14.7614,No,0.0,-0.0101,0.0354,Poor,High,0.375,10.0,10.2726,21.8024,Safe,70.0326,48.1544,18.8951,Aligned,46.2662,49.8676,Separated Traffic,Peri-Urban,7.9649,True,Mixed,Poor Infrastructure,0.0085,,False,40.0462,-0.0109,0.0017,Aligned,47,Unnamed Road,1890
3586,Unnamed Road,Urban Road,URB-03586,3586,12.8748,77.5122,12.8749,77.5118,39.1,1434.4,1434.439,9.9457,Aligned,0.9529,0.9549,0.0556,0.0049,-0.0079,18.527,21.2586,30.2653,0.3859,12.115,50.1472,90.1922,0.0,20.8906,4.9193,No,0.0,0.0046,-0.0035,Poor,Medium,1.6419,10.0,10.3717,19.5514,Safe,69.4585,18.5804,16.6035,Aligned,16.3784,34.7979,Side Impact Potential,Rural,1.1415,False,Residential,Poor Infrastructure,0.1612,Light,False,12.7686,-0.0087,0.0058,Aligned,17,Unnamed Road,1891
3587,Unnamed Road,Urban Road,URB-03587,3587,12.8749,77.5118,12.8749,77.5115,39.9,1434.8,1434.84,11.5283,Aligned,0.9347,0.8844,0.1033,-0.0237,0.0067,27.5844,27.6993,87.4349,56.2145,42.3292,51.4976,73.2565,0.0,40.3569,50.6263,No,0.0,-0.0007,1.0213,Poor,High,2.3965,10.0,10.0,23.4981,Safe,79.5413,28.8554,19.0836,Aligned,31.2444,53.2741,Side Impact Potential,Urban,5.1026,True,Commercial,Meets Safe System Standards,0.1939,Light,False,21.429,0.0022,0.0123,Aligned,28,Unnamed Road,1892
3588,Unnamed Road,Urban Road,URB-03588,3588,12.875,77.5105,12.8749,77.5115,103.8,1435.2,1435.304,39.8839,Moderate Misalignment,0.957,0.0662,0.9785,-0.0049,-0.0052,50.2535,51.4208,78.1341,17.6639,28.8474,50.9488,97.4251,0.2306,39.864,22.3869,No,0.0,-0.0086,-0.0752,Poor,Low,1.4395,10.0,27.2291,28.3425,Moderate Risk,63.2007,48.7651,30.9376,Moderate Misalignment,50.1143,56.8835,Side Impact Potential,Peri-Urban,6.0862,False,Commercial,Approach to Congestion (Tapered) | Poor Infrastructure,0.1227,Light,True,42.9127,0.0012,-0.0187,Moderate Misalignment,50,Unnamed Road,1893
3589,Unnamed Road,Urban Road,URB-03589,3589,12.875,77.5105,12.875,77.5099,61.7,1435.6,1435.662,11.344,Aligned,0.9295,0.9227,0.0725,-0.0055,-0.006,30.5348,27.7256,86.3057,57.1789,43.3492,50.4995,72.6361,0.0965,37.8917,50.5455,No,0.0,0.0142,0.9946,Poor,High,2.346,10.0,10.0,22.8719,Safe,79.2622,27.9016,20.7753,Aligned,28.1409,55.2958,Side Impact Potential,Urban,5.0143,True,Commercial,Meets Safe System Standards,0.1793,Light,False,22.2976,0.0203,0.0055,Aligned,30,Unnamed Road,1894