segment_id,road_name,road_type,human_segment_id,internal_id,start_lat,start_lon,end_lat,end_lon,length_m,start_km,end_km,road_risk_score,ai_risk_label,ai_risk_probability,prob_low_risk,prob_medium_risk,prob_high_risk,prob_critical_risk,ai_recommended_speed,recommended_safe_speed,road_function_score,infrastructure_score,exposure_score,human_tolerance_limit,operating_speed_score,crash_risk_score,posted_speed_limit,pedestrian_exposure_score,blackspot_flag,crash_count,fatal_crashes,schools_count,lighting_quality,roadside_hazards,intersection_density,speed_compliance_rate,speed_violation_score,hotspot_score,hotspot_category,speed_safety_score,original_safe_speed,misalignment_score,misalignment_category,speed_p85,ptw_share_pct,exposure_tier,urban_rural_flag,lane_count,median_presence,land_use_type,top_ai_factors,congestion_index,congestion_category,congestion_smoothed,operating_speed_mean,minor_crashes,major_crashes,risk_category,final_safe_speed,corridor_base,corridor_seq
3590,Unnamed Road,Urban Road,URB-03590,3590,12.8808,77.5008,12.8805,77.5006,49.6,1436.0,1436.05,14.8254,Aligned,0.866,0.8892,0.1305,0.0026,0.0012,46.7582,46.3142,98.9679,28.6353,30.9939,78.8506,70.8759,0.224,57.655,16.7974,No,0.0,-0.0003,0.0203,Good,Low,0.4322,10.0,10.2084,22.7865,Safe,74.4014,46.1589,21.1818,Aligned,45.1432,68.4508,Separated Traffic,Urban,8.121,True,Mixed,Poor Infrastructure,-0.0153,,False,38.1838,0.0016,0.0097,Aligned,45,Unnamed Road,1895
3591,Unnamed Road,Urban Road,URB-03591,3591,12.8808,77.5008,12.8802,77.5016,110.3,1436.4,1436.51,67.9151,High Misalignment,0.7931,-0.0214,0.1792,0.7927,-0.0048,30.7845,26.9204,79.38,51.3095,51.3731,28.5419,68.5053,0.2175,58.6508,61.3139,No,0.0,-0.0039,0.9955,Good,Medium,1.8517,10.0,10.0,42.6743,Moderate Risk,54.1383,29.9231,62.0551,High Misalignment,48.6536,59.4529,Significant Pedestrian Interaction,Urban,1.7227,True,Mixed,Speed Limit Misaligned | High Pedestrian Interaction | Above Human Tolerance Limit,-0.0103,,False,39.5306,-0.006,-0.0043,High Misalignment,30,Unnamed Road,1896
3592,Unnamed Road,Urban Road,URB-03592,3592,12.8752,77.5085,12.8751,77.509,61.9,1436.8,1436.862,38.962,Moderate Misalignment,0.8852,0.0944,0.8535,0.0136,0.0121,46.7243,47.9171,72.2752,20.5779,26.3234,49.6363,97.017,0.0,41.751,10.7712,No,0.0,0.002,-0.0349,Good,Medium,1.5785,10.0,18.0397,25.0659,Moderate Risk,68.9961,45.91,26.2665,Moderate Misalignment,48.9273,65.3014,Side Impact Potential,Urban,2.1287,False,Industrial,Approach to Congestion (Tapered) | Poor Infrastructure,-0.0037,,True,40.1174,0.0082,-0.0174,Moderate Misalignment,48,Unnamed Road,1897
3593,Unnamed Road,Urban Road,URB-03593,3593,12.8756,77.5081,12.8758,77.5077,47.9,1437.2,1437.248,10.2693,Aligned,0.974,0.9523,0.067,0.0085,0.0011,20.6464,19.79,28.6726,2.1699,15.8429,50.2933,84.0415,0.4865,28.2785,6.9089,No,0.0,-0.0118,0.0184,Poor,Medium,1.2455,10.0,10.0314,21.2934,Safe,69.4204,20.0715,18.667,Aligned,20.311,38.4888,Side Impact Potential,Rural,1.0924,False,Residential,Poor Infrastructure,0.0032,,False,21.1641,0.0078,0.0029,Aligned,21,Unnamed Road,1898
3594,Unnamed Road,Urban Road,URB-03594,3594,12.8776,77.5053,12.8767,77.5064,153.4,1437.6,1437.753,8.9557,Aligned,0.9588,0.9587,0.0343,0.0054,-0.0055,28.363,29.0776,80.8334,19.509,26.2942,48.2364,75.0421,0.4553,41.2815,20.1523,No,0.0,0.0055,0.9602,Poor,Low,1.9577,10.0,10.2916,22.6835,Safe,72.449,25.01,18.7497,Aligned,30.6597,54.5853,Side Impact Potential,Urban,3.9443,True,Residential,Poor Infrastructure,-0.0087,,False,23.9613,-0.0121,-0.022,Aligned,28,Unnamed Road,1899
3595,Unnamed Road,Urban Road,URB-03595,3595,12.8772,77.5066,12.8767,77.5064,64.0,1438.0,1438.064,10.3242,Aligned,0.9721,1.0251,0.0167,0.0115,-0.003,21.5601,23.0376,50.1125,14.3888,38.5346,51.6814,81.7694,0.0067,30.5208,39.821,No,0.0,-0.0005,0.9353,Poor,High,1.677,10.0,10.1298,27.8026,Moderate Risk,68.2255,22.8225,23.547,Aligned,24.7499,54.6257,Side Impact Potential,Peri-Urban,1.7804,False,Residential,Poor Infrastructure,0.1819,Light,False,17.0456,-0.0007,0.0003,Aligned,22,Unnamed Road,1900
3596,Unnamed Road,Urban Road,URB-03596,3596,12.88,77.4837,12.8798,77.4834,42.0,1438.4,1438.442,39.1468,Moderate Misalignment,0.9676,0.0353,0.98,0.0025,0.0016,74.3691,74.5123,100.0,8.299,15.2339,79.7332,98.1782,0.3493,59.0479,4.0022,No,0.0,-0.0056,-0.0189,Poor,Medium,0.0481,10.0,24.926,25.2342,Moderate Risk,63.4077,74.4665,31.9387,Moderate Misalignment,76.3068,43.7796,Separated Traffic,Rural,5.9665,True,Residential,Poor Infrastructure,0.1436,Light,False,60.6986,-0.0148,-0.0243,Moderate Misalignment,74,Unnamed Road,1901
3597,Unnamed Road,Urban Road,URB-03597,3597,12.8753,77.4899,12.876,77.4917,210.0,1438.8,1439.01,43.378,Moderate Misalignment,0.7588,0.0583,0.7841,0.1674,-0.0039,50.7013,52.1249,99.5998,33.4577,26.3492,49.4742,70.6867,0.3652,60.0,12.9675,No,0.0,0.0022,0.0082,Good,Low,0.466,10.0,10.0,24.8447,Moderate Risk,68.3104,49.0434,31.1369,Moderate Misalignment,50.3842,63.6139,Side Impact Potential,Urban,5.9493,False,Commercial,Poor Infrastructure | Above Human Tolerance Limit,0.0032,,False,38.172,-0.0106,-0.003,Moderate Misalignment,52,Unnamed Road,1902
3598,Unnamed Road,Urban Road,URB-03598,3598,12.8794,77.5076,12.8788,77.5074,78.5,1439.2,1439.279,73.3862,High Misalignment,0.9711,0.028,0.0061,0.9553,0.016,28.4436,28.8696,86.071,66.6477,42.5204,29.0955,97.5478,0.0191,48.7955,38.1124,No,0.0,-0.0061,-0.0529,Good,Medium,2.1221,10.0,26.706,37.2918,Moderate Risk,58.1145,32.3941,58.6307,High Misalignment,63.1237,68.9875,Significant Pedestrian Interaction,Urban,4.8789,True,Residential,Speed Limit Misaligned | High Pedestrian Interaction | Above Human Tolerance Limit,0.1339,Light,False,48.6645,-0.0082,-0.004,High Misalignment,31,Unnamed Road,1903
3599,Unnamed Road,Urban Road,URB-03599,3599,12.8788,77.5074,12.8784,77.5072,44.6,1439.6,1439.645,10.6671,Aligned,0.9125,0.9068,0.0995,0.0056,0.0163,62.7259,60.2704,100.0,1.0968,23.7719,81.2016,71.2117,0.055,59.7744,8.7445,No,0.0,0.0024,-0.0548,Good,Medium,0.5137,10.0,10.0,24.5202,Safe,67.1275,62.9274,19.5479,Aligned,63.7959,62.7143,Separated Traffic,Peri-Urban,8.062,True,Residential,Poor Infrastructure,0.0096,,False,53.4939,0.0161,0.0044,Aligned,63,Unnamed Road,1904
3600,Unnamed Road,Urban Road,URB-03600,3600,12.8784,77.5072,12.8776,77.5068,97.6,1440.0,1440.098,11.9706,Aligned,0.9778,0.9735,0.011,-0.0195,0.0123,35.6335,33.2722,78.554,56.2301,33.3923,50.5958,63.2752,0.7031,49.8652,28.6243,No,0.0,0.0011,0.0227,Good,Medium,2.025,10.0,10.0485,19.6121,Safe,81.6628,38.2979,18.4671,Aligned,36.1941,56.9527,Side Impact Potential,Urban,5.1718,False,Commercial,Approach to Congestion (Tapered),0.1914,Light,True,26.8771,0.0032,0.0156,Aligned,34,Unnamed Road,1905
3601,Unnamed Road,Urban Road,URB-03601,3601,12.8776,77.5068,12.8772,77.5066,52.9,1440.4,1440.453,48.3568,Moderate Misalignment,0.7136,0.022,0.7321,0.25,0.0232,51.5071,51.3639,100.0,28.9311,25.2454,51.4603,95.5106,0.0,59.7518,9.2597,No,0.0,-0.0104,0.0387,Poor,Low,0.3577,10.0,23.1674,30.7571,Moderate Risk,58.8728,52.931,44.291,Moderate Misalignment,72.5847,62.1333,Side Impact Potential,Urban,7.8615,False,Commercial,Poor Infrastructure | Above Human Tolerance Limit,-0.0088,,False,62.881,-0.0048,0.0117,Moderate Misalignment,51,Unnamed Road,1906
3602,Unnamed Road,Urban Road,URB-03602,3602,12.8825,77.6382,12.8828,77.6382,29.1,1440.8,1440.829,36.6548,Moderate Misalignment,0.9008,0.0974,0.8565,0.023,-0.0038,79.1473,79.5635,100.0,15.0479,26.4492,79.2989,88.3085,0.1883,60.0,15.5402,No,0.0,-0.0011,-0.0341,Poor,Medium,0.5518,10.0,16.3188,28.8004,Moderate Risk,63.2132,79.897,32.2419,Moderate Misalignment,94.4737,63.2241,Separated Traffic,Urban,8.1271,True,Commercial,Poor Infrastructure,0.1535,Light,False,71.8948,-0.0008,-0.0078,Moderate Misalignment,80,Unnamed Road,1907
3603,Unnamed Road,Urban Road,URB-03603,3603,12.8828,77.6382,12.8841,77.6385,156.8,1441.2,1441.357,43.1053,High Misalignment,0.4475,0.4194,0.1537,0.4449,-0.0003,79.5586,79.5249,100.0,9.4635,20.5943,79.7036,87.4394,0.0,59.0318,12.8123,No,0.0,0.0077,0.0267,Poor,High,0.1585,10.0,22.9234,35.8886,Moderate Risk,49.585,78.0312,52.1966,High Misalignment,110.0636,43.3934,Separated Traffic,Rural,4.1459,True,Industrial,Speed Limit Misaligned | Poor Infrastructure | Above Human Tolerance Limit,-0.0007,,False,97.1936,-0.0092,-0.0084,High Misalignment,79,Unnamed Road,1908
3604,Unnamed Road,Urban Road,URB-03604,3604,12.8848,77.6388,12.8841,77.6385,87.8,1441.6,1441.688,32.5937,Moderate Misalignment,0.7444,0.2581,0.7656,0.0188,0.0083,30.7142,30.4375,49.0499,35.5822,47.0402,28.181,99.7787,0.4187,31.1194,52.4769,No,0.0,-0.0026,0.982,Good,Medium,3.6182,10.0,22.9618,30.5566,Moderate Risk,67.5827,32.0559,31.4672,Moderate Misalignment,34.8181,54.549,Significant Pedestrian Interaction,Urban,1.9869,False,Commercial,High Pedestrian Interaction,-0.0213,,False,30.2657,-0.0114,-0.0086,Moderate Misalignment,29,Unnamed Road,1909
3605,Unnamed Road,Urban Road,URB-03605,3605,12.8668,77.6556,12.8646,77.6574,317.2,1442.0,1442.317,10.9005,Aligned,0.961,0.92,0.1088,0.0044,0.0004,16.6076,19.8694,28.5968,0.1226,12.8038,49.3909,91.1702,0.3061,20.1465,3.1146,No,0.0,-0.0071,0.0456,Poor,Medium,1.7465,10.0,10.3664,19.7818,Safe,69.6598,16.4341,16.4598,Aligned,14.9785,35.3704,Side Impact Potential,Rural,1.1443,False,Residential,Poor Infrastructure,0.154,Light,False,17.0929,-0.0025,0.0131,Aligned,17,Unnamed Road,1910
3606,Unnamed Road,Urban Road,URB-03606,3606,12.8646,77.6574,12.8633,77.6584,182.8,1442.4,1442.583,44.4977,Moderate Misalignment,0.8394,-0.03,0.8034,0.1855,0.0093,29.0061,29.5882,79.2611,53.1373,51.4038,30.091,97.798,0.1401,38.7881,61.539,No,0.0,-0.003,0.9603,Good,High,1.6459,10.0,15.4623,35.8312,Moderate Risk,64.8437,30.5757,43.9074,Moderate Misalignment,47.4399,68.4804,Significant Pedestrian Interaction,Urban,2.0863,True,Residential,High Pedestrian Interaction | Above Human Tolerance Limit,-0.0197,,False,40.3267,0.0107,-0.0038,Moderate Misalignment,31,Unnamed Road,1911
3607,Unnamed Road,Urban Road,URB-03607,3607,12.8626,77.659,12.8633,77.6584,95.2,1442.8,1442.895,43.4336,Moderate Misalignment,0.9508,0.0457,0.8899,0.0362,-0.0173,79.5726,79.0817,98.6962,0.0828,15.3247,79.671,96.0133,0.1476,60.0,9.309,No,0.0,0.0058,0.0516,Poor,High,0.3127,10.0,28.7485,36.7876,Moderate Risk,46.0385,78.4428,58.0928,High Misalignment,115.0366,37.3507,Separated Traffic,Rural,5.1359,True,Residential,Speed Limit Misaligned | Poor Infrastructure | Above Human Tolerance Limit,0.1828,Light,False,89.5174,-0.0074,0.004,Moderate Misalignment,80,Unnamed Road,1912
3608,Unnamed Road,Urban Road,URB-03608,3608,12.8801,77.6451,12.8792,77.6435,190.2,1443.2,1443.39,23.2081,Aligned,0.5483,0.5287,0.436,-0.0097,0.0011,78.8919,79.1302,100.0,0.0,15.1869,79.1711,73.0288,0.1914,60.0,5.593,No,0.0,-0.0004,-0.1317,Poor,Medium,0.273,10.0,10.0539,25.8148,Moderate Risk,61.6479,79.243,30.151,Moderate Misalignment,86.3898,39.1236,Separated Traffic,Rural,6.0503,True,Residential,Poor Infrastructure | Above Human Tolerance Limit,0.0142,,False,71.5858,-0.0163,-0.0062,Aligned,78,Unnamed Road,1913
3609,Unnamed Road,Urban Road,URB-03609,3609,12.8671,77.6554,12.8673,77.6552,37.4,1443.6,1443.637,9.9569,Aligned,0.9467,0.9297,0.0855,0.0243,0.0119,39.3927,34.987,55.1986,58.5561,35.9192,49.678,84.4021,19.8398,38.6182,31.1909,No,0.0,-0.0012,-0.0884,Good,High,2.6801,10.0,10.0,25.335,Moderate Risk,75.9565,39.7798,18.8494,Aligned,39.2424,61.6687,Side Impact Potential,Urban,3.111,False,Commercial,Meets Safe System Standards,0.1514,Light,False,32.0538,-0.0201,1.0029,Aligned,40,Unnamed Road,1914
3610,Unnamed Road,Urban Road,URB-03610,3610,12.8671,77.6554,12.8668,77.6556,34.5,1444.0,1444.034,11.9193,Aligned,0.9826,0.999,0.0281,-0.005,0.0012,39.0203,37.1995,53.642,14.5549,18.9908,50.8661,87.703,0.0,40.2853,5.8571,No,0.0,-0.0086,-0.0383,Poor,High,3.1253,10.0,10.5472,20.7618,Safe,71.4924,36.5565,18.126,Aligned,39.3428,56.1963,Side Impact Potential,Urban,3.9108,False,Commercial,Poor Infrastructure,0.018,,False,31.3835,0.0013,-0.0007,Aligned,38,Unnamed Road,1915
3611,Unnamed Road,Urban Road,URB-03611,3611,12.8688,77.654,12.8673,77.6552,204.3,1444.4,1444.604,16.9463,Aligned,0.8546,0.8399,0.1432,0.0085,-0.0065,47.1105,47.2331,100.0,5.2752,17.8616,81.2562,64.7312,0.0,59.1768,10.5121,No,0.0,0.0079,-0.0063,Poor,High,0.4326,10.0,10.5394,20.9608,Safe,69.7356,45.8129,19.5232,Aligned,49.277,38.4944,Separated Traffic,Rural,5.8412,True,Industrial,Poor Infrastructure,0.1481,Light,False,39.0745,0.001,0.0097,Aligned,48,Unnamed Road,1916
3612,Unnamed Road,Urban Road,URB-03612,3612,12.8869,77.6403,12.887,77.6407,47.6,1444.8,1444.848,11.5189,Aligned,0.9733,0.9646,0.0004,-0.0089,0.009,27.2013,28.2715,56.6508,4.9738,19.9955,50.0061,67.427,0.0,38.9946,7.6419,No,0.0,0.0029,0.0321,Poor,Low,3.3818,10.0,10.0,21.7083,Safe,69.3942,28.8551,20.1951,Aligned,26.4874,58.7797,Side Impact Potential,Urban,3.8411,False,Mixed,Poor Infrastructure,0.2048,Light,False,19.9443,-0.0019,-0.0097,Aligned,28,Unnamed Road,1917
3613,Unnamed Road,Urban Road,URB-03613,3613,12.8869,77.6403,12.8868,77.64,36.8,1445.2,1445.237,18.6805,Aligned,0.7144,0.7256,0.245,-0.0132,-0.007,69.7614,69.6562,100.0,0.0,14.6273,82.1665,75.503,0.0825,58.9629,9.2096,No,0.0,-0.0093,-0.0376,Poor,Low,0.3292,10.0,10.2495,20.6571,Safe,69.4601,69.5402,16.9511,Aligned,72.1933,33.6052,Separated Traffic,Rural,6.0538,True,Industrial,Poor Infrastructure,0.1492,Light,False,52.219,0.0064,0.0105,Aligned,69,Unnamed Road,1918
3614,Unnamed Road,Urban Road,URB-03614,3614,12.887,77.641,12.887,77.6407,25.4,1445.6,1445.625,58.774,High Misalignment,0.5791,0.0422,0.4418,0.577,-0.0079,50.6883,52.4998,100.0,0.0653,16.103,50.5917,82.0424,0.2818,60.0,9.2562,No,0.0,-0.0046,-0.0557,Poor,High,0.0201,10.0,10.0,26.886,Moderate Risk,60.6953,49.113,31.4899,Moderate Misalignment,56.9669,40.6151,Side Impact Potential,Rural,6.021,False,Commercial,Poor Infrastructure | Above Human Tolerance Limit,0.0076,,False,49.4526,0.0001,0.0158,High Misalignment,51,Unnamed Road,1919
3615,Unnamed Road,Urban Road,URB-03615,3615,12.8697,77.6533,12.8688,77.654,122.6,1446.0,1446.123,24.0093,Aligned,0.6363,0.6138,0.3858,0.0201,0.0129,65.8365,64.8585,99.3313,30.8842,30.1714,80.9739,57.71,0.0,58.8343,29.7034,No,0.0,-0.0006,1.1192,Poor,Medium,0.3449,10.0,10.0616,26.6911,Moderate Risk,67.0809,65.7724,30.2282,Moderate Misalignment,64.2419,49.0007,Separated Traffic,Peri-Urban,5.8309,True,Residential,Poor Infrastructure | Above Human Tolerance Limit,0.0029,,False,60.4146,0.015,-0.0154,Aligned,66,Unnamed Road,1920
3616,Unnamed Road,Urban Road,URB-03616,3616,12.8878,77.6405,12.8875,77.6407,32.6,1446.4,1446.433,12.6011,Aligned,0.9087,0.9132,0.1023,0.017,-0.0074,52.0033,50.9032,78.2936,31.7634,33.9021,49.9003,84.4236,0.0142,49.4561,30.5298,No,0.0,-0.0057,1.0436,Poor,High,1.9699,10.0,11.5125,25.6393,Moderate Risk,70.7975,49.7311,26.3176,Moderate Misalignment,56.6005,56.5682,Side Impact Potential,Urban,3.0558,True,Residential,Poor Infrastructure,0.2292,Light,False,42.3337,-0.0057,-0.0157,Aligned,51,Unnamed Road,1921
3617,Unnamed Road,Urban Road,URB-03617,3617,12.8875,77.6407,12.8873,77.6408,28.0,1446.8,1446.828,24.6394,Moderate Misalignment,0.4776,0.4703,0.5532,0.0036,-0.0,38.2381,38.2724,57.7108,19.9905,21.1694,49.3626,92.456,0.0415,32.0775,17.8966,No,0.0,0.0012,-0.0906,Good,High,1.0083,10.0,29.4252,23.9895,Safe,68.3062,38.8054,24.08,Moderate Misalignment,41.0086,39.5687,Side Impact Potential,Rural,4.1388,False,Industrial,Poor Infrastructure,0.0082,,False,34.9735,0.0279,0.0081,Moderate Misalignment,39,Unnamed Road,1922
3618,Unnamed Road,Urban Road,URB-03618,3618,12.8722,77.6513,12.8729,77.6508,88.5,1447.2,1447.289,44.3007,Moderate Misalignment,0.8667,0.0623,0.7923,0.0782,-0.0081,43.744,42.4881,99.672,7.4485,18.605,51.7733,65.5376,0.0,58.6965,9.8147,No,0.0,0.0025,0.0728,Poor,Low,0.3115,10.0,10.2078,26.142,Moderate Risk,63.4425,40.9079,31.4429,Moderate Misalignment,42.533,49.9841,Side Impact Potential,Peri-Urban,6.8806,False,Industrial,Poor Infrastructure | Above Human Tolerance Limit,0.0089,,False,37.663,0.0023,-0.0037,Moderate Misalignment,45,Unnamed Road,1923
3619,Unnamed Road,Urban Road,URB-03619,3619,12.8722,77.6513,12.8719,77.6516,60.8,1447.6,1447.661,11.1557,Aligned,0.9048,0.9547,0.1174,-0.0066,0.0084,24.4212,25.3621,30.1095,0.0,15.3358,50.0328,97.2458,0.1296,20.0,9.8203,No,0.0,0.0061,0.0213,Poor,Low,1.0637,10.0,20.7936,22.8781,Safe,65.8859,24.3691,23.2909,Aligned,20.7218,38.1349,Side Impact Potential,Rural,1.6934,False,Industrial,Poor Infrastructure,0.2152,Light,False,19.3546,0.0153,0.0128,Aligned,24,Unnamed Road,1924
3620,Unnamed Road,Urban Road,URB-03620,3620,12.8697,77.6533,12.8701,77.6526,100.7,1448.0,1448.101,11.7299,Aligned,0.9496,0.9478,-0.0167,0.0113,0.0057,24.471,22.0922,27.4696,25.0283,22.0736,49.94,96.877,0.1746,59.0447,13.3083,No,0.0,-0.0079,-0.0302,Good,Medium,2.4541,10.0,15.5947,21.5376,Safe,72.9255,22.0118,19.9056,Aligned,24.8766,50.417,Side Impact Potential,Peri-Urban,0.9891,False,Commercial,Poor Infrastructure,-0.0094,,False,19.3991,-0.0181,-0.0189,Aligned,22,Unnamed Road,1925
3621,Unnamed Road,Urban Road,URB-03621,3621,12.8715,77.6519,12.8719,77.6516,53.1,1448.4,1448.453,66.893,High Misalignment,0.784,-0.0265,0.2011,0.7953,-0.019,49.7326,49.6124,98.6218,32.5231,23.9632,49.0556,53.2971,0.0,60.0,17.1106,No,0.0,-0.0016,0.0239,Poor,Medium,0.3274,10.0,10.0815,35.6706,Moderate Risk,52.7194,49.6721,56.1848,High Misalignment,58.899,50.8966,Side Impact Potential,Peri-Urban,7.8916,False,Mixed,Speed Limit Misaligned | Poor Infrastructure | Above Human Tolerance Limit,0.0257,,False,48.7778,-0.0071,0.0074,High Misalignment,51,Unnamed Road,1926
3622,Unnamed Road,Urban Road,URB-03622,3622,12.8701,77.6526,12.8715,77.6519,181.3,1448.8,1448.981,9.7334,Aligned,0.9961,1.0636,0.0409,0.0021,-0.0115,19.422,21.5293,27.4625,9.4513,17.4171,49.3887,76.3305,0.4785,30.5433,6.7466,No,0.0,0.0042,-0.0417,Poor,High,3.1614,10.0,10.0,19.7848,Safe,71.1204,20.0253,17.8575,Aligned,20.1772,50.3867,Side Impact Potential,Peri-Urban,0.9337,False,Residential,Poor Infrastructure,0.2187,Light,False,13.5737,0.013,-0.0039,Aligned,20,Unnamed Road,1927
3623,Unnamed Road,Urban Road,URB-03623,3623,12.8729,77.6508,12.8734,77.6504,69.0,1449.2,1449.269,23.2216,Aligned,0.6305,0.6129,0.3316,-0.0063,-0.0015,64.9291,65.1767,100.0,30.8069,30.3804,81.1165,57.7526,0.0,59.2871,28.9429,No,0.0,0.003,1.0174,Poor,Medium,0.3481,10.0,10.0,26.5557,Moderate Risk,67.1858,63.8645,31.883,Moderate Misalignment,65.1429,48.3401,Separated Traffic,Peri-Urban,6.0388,True,Residential,Poor Infrastructure | Above Human Tolerance Limit,-0.0074,,False,60.3097,0.0176,-0.0032,Aligned,66,Unnamed Road,1928
3624,Unnamed Road,Urban Road,URB-03624,3624,12.8745,77.6493,12.8747,77.6491,39.4,1449.6,1449.639,74.2641,High Misalignment,0.9264,0.0035,0.1139,0.9408,-0.0005,26.6767,32.7391,88.9379,44.8307,51.5795,30.7212,88.0224,0.2073,48.7262,60.0888,No,0.0,-0.0034,0.9667,Good,Medium,1.8588,10.0,10.6939,41.1969,Moderate Risk,55.1609,30.0547,57.3291,High Misalignment,54.5791,62.5604,Significant Pedestrian Interaction,Urban,5.895,True,Commercial,Speed Limit Misaligned | High Pedestrian Interaction | Above Human Tolerance Limit,0.1604,Light,False,43.0723,-0.0035,0.0055,High Misalignment,29,Unnamed Road,1929
3625,Unnamed Road,Urban Road,URB-03625,3625,12.8745,77.6493,12.8734,77.6504,171.9,1450.0,1450.172,34.0248,Moderate Misalignment,0.8234,0.1653,0.8726,0.0187,0.0004,48.6133,52.4146,87.0319,11.5586,24.8309,49.61,96.0092,0.2465,40.8042,14.8337,No,0.0,0.0058,0.035,Good,Low,2.0048,10.0,34.5112,27.553,Moderate Risk,61.553,50.6147,33.9059,Moderate Misalignment,54.5816,56.8337,Side Impact Potential,Urban,5.024,True,Residential,Poor Infrastructure,0.0102,,False,44.1854,-0.0064,0.0061,Moderate Misalignment,49,Unnamed Road,1930
3626,Unnamed Road,Urban Road,URB-03626,3626,12.8747,77.6491,12.8749,77.649,33.4,1450.4,1450.433,11.5386,Aligned,0.9933,0.9522,0.0141,-0.0334,-0.0056,34.7099,37.2051,84.3495,60.1473,33.7156,52.5967,74.4301,0.0432,50.6422,26.3639,No,0.0,-0.0027,-0.0653,Good,Medium,1.6782,10.0,10.3036,18.6296,Safe,82.1385,35.5499,17.6832,Aligned,37.7709,67.9647,Side Impact Potential,Urban,5.0603,True,Commercial,Meets Safe System Standards,0.0004,,False,30.9504,0.0116,0.0016,Aligned,34,Unnamed Road,1931
3627,Unnamed Road,Urban Road,URB-03627,3627,12.8802,77.6453,12.8801,77.6451,29.0,1450.8,1450.829,41.4176,Moderate Misalignment,0.9578,0.0274,0.9483,0.0113,-0.0056,29.7045,28.27,46.4256,61.8589,64.8986,28.7937,80.8205,0.2824,39.6658,75.0217,No,0.0,0.0092,1.0047,Good,High,2.5264,10.0,10.6237,35.8129,Moderate Risk,68.8033,26.5095,40.4906,Moderate Misalignment,29.4715,65.8945,Significant Pedestrian Interaction,Urban,2.1863,False,Residential,High Pedestrian Interaction | Above Human Tolerance Limit,0.006,,False,27.7796,-0.0098,-0.0066,Moderate Misalignment,30,Unnamed Road,1932
3628,Unnamed Road,Urban Road,URB-03628,3628,12.8802,77.6453,12.8815,77.6444,178.0,1451.2,1451.378,10.6217,Aligned,0.9873,1.0184,0.0023,-0.0121,-0.0074,28.6271,26.4594,26.7247,21.8545,18.0142,50.017,93.1985,0.0,28.4676,7.4565,No,0.0,-0.0069,0.0366,Poor,Low,1.5216,10.0,10.0,18.8961,Safe,74.5193,27.7891,15.6446,Aligned,28.8067,47.6811,Side Impact Potential,Rural,1.0851,False,Residential,Poor Infrastructure,-0.0334,,False,25.503,0.0197,0.005,Aligned,31,Unnamed Road,1933
3629,Unnamed Road,Urban Road,URB-03629,3629,12.8802,77.6453,12.879,77.646,153.4,1451.6,1451.753,27.3259,Moderate Misalignment,0.569,0.4374,0.5407,0.0244,-0.0053,38.594,36.2492,49.448,10.1589,27.8891,49.4889,99.1621,0.0,30.2674,14.4401,No,0.0,-0.011,-0.0307,Poor,Low,2.6552,10.0,24.1526,27.0549,Moderate Risk,64.7708,37.4942,29.1902,Moderate Misalignment,37.1571,58.0669,Side Impact Potential,Peri-Urban,2.038,False,Residential,Poor Infrastructure,0.1593,Light,False,27.5184,0.0134,0.0096,Moderate Misalignment,38,Unnamed Road,1934
3630,Unnamed Road,Urban Road,URB-03630,3630,12.8749,77.649,12.8756,77.6484,102.3,1452.0,1452.102,32.88,Moderate Misalignment,0.5764,0.3089,0.5418,0.1303,0.0014,55.0814,52.545,100.0,0.0,16.3241,78.4214,42.365,0.0,60.0,10.3905,No,0.0,-0.0038,-0.0096,Poor,Medium,0.1084,10.0,10.0472,20.8233,Safe,68.6068,52.9044,19.9257,Aligned,55.777,35.6953,Separated Traffic,Rural,7.797,True,Residential,Poor Infrastructure,0.1717,Light,False,40.7214,-0.0014,-0.0054,Moderate Misalignment,55,Unnamed Road,1935
3631,Unnamed Road,Urban Road,URB-03631,3631,12.8848,77.6424,12.8857,77.6418,123.5,1452.4,1452.524,22.6948,Aligned,0.6198,0.6355,0.3869,0.0059,0.0026,25.2184,24.3724,55.9876,55.3792,42.8588,29.3584,63.6361,0.0257,28.7944,50.5808,No,0.0,-0.0,0.9802,Good,Low,2.4728,10.0,10.208,23.9828,Safe,78.0874,22.8991,20.1376,Aligned,23.245,62.5317,Significant Pedestrian Interaction,Urban,2.1343,True,Commercial,High Pedestrian Interaction | Active Congestion,0.7973,Severe,False,10.0,-0.0021,-0.0103,Aligned,24,Unnamed Road,1936
3632,Unnamed Road,Urban Road,URB-03632,3632,12.8857,77.6418,12.8868,77.6411,146.0,1452.8,1452.946,28.2378,Moderate Misalignment,0.653,0.3517,0.6397,-0.0027,-0.0057,49.7196,51.268,28.9025,9.5301,14.4128,49.143,97.4005,0.0,37.1562,3.6446,No,0.0,-0.0035,0.0046,Poor,Medium,0.6891,10.0,29.0403,24.7573,Safe,64.162,50.1133,30.1295,Moderate Misalignment,51.084,41.2512,Side Impact Potential,Rural,2.0096,False,Industrial,Poor Infrastructure,-0.0013,,False,41.4041,-0.0051,-0.0039,Moderate Misalignment,49,Unnamed Road,1937