segment_id,road_name,road_type,human_segment_id,internal_id,start_lat,start_lon,end_lat,end_lon,length_m,start_km,end_km,road_risk_score,ai_risk_label,ai_risk_probability,prob_low_risk,prob_medium_risk,prob_high_risk,prob_critical_risk,ai_recommended_speed,recommended_safe_speed,road_function_score,infrastructure_score,exposure_score,human_tolerance_limit,operating_speed_score,crash_risk_score,posted_speed_limit,pedestrian_exposure_score,blackspot_flag,crash_count,fatal_crashes,schools_count,lighting_quality,roadside_hazards,intersection_density,speed_compliance_rate,speed_violation_score,hotspot_score,hotspot_category,speed_safety_score,original_safe_speed,misalignment_score,misalignment_category,speed_p85,ptw_share_pct,exposure_tier,urban_rural_flag,lane_count,median_presence,land_use_type,top_ai_factors,congestion_index,congestion_category,congestion_smoothed,operating_speed_mean,minor_crashes,major_crashes,risk_category,final_safe_speed,corridor_base,corridor_seq
3633,Unnamed Road,Urban Road,URB-03633,3633,12.8848,77.6424,12.8815,77.6444,430.0,1453.2,1453.63,9.678,Aligned,0.9641,0.9599,0.0225,-0.0037,0.0139,49.9016,49.4626,100.0,0.0,11.289,79.962,59.5754,0.3368,60.0,3.6203,No,0.0,-0.0064,0.0532,Poor,Medium,0.0348,10.0,10.1413,20.3791,Safe,68.5008,51.6039,16.4676,Aligned,53.4234,35.483,Separated Traffic,Rural,5.082,True,Residential,Poor Infrastructure,-0.0024,,False,43.4931,-0.0026,-0.0083,Aligned,50,Unnamed Road,1938
3634,Unnamed Road,Urban Road,URB-03634,3634,12.886,77.6392,12.8866,77.6395,75.3,1453.6,1453.675,12.2881,Aligned,0.9919,0.9574,-0.0006,0.0086,0.0057,24.3231,26.1784,29.4806,28.5806,26.3621,50.3529,88.9033,0.0658,27.9363,21.3228,No,0.0,0.0086,1.0604,Poor,Low,2.6439,10.0,10.0,20.7878,Safe,74.664,24.931,18.2142,Aligned,23.0512,51.228,Side Impact Potential,Peri-Urban,1.9613,False,Industrial,Poor Infrastructure,-0.0085,,False,21.2243,0.0098,-0.0016,Aligned,23,Unnamed Road,1939
3635,Unnamed Road,Urban Road,URB-03635,3635,12.886,77.6392,12.8854,77.639,70.2,1454.0,1454.07,10.2785,Aligned,0.9969,1.0705,0.0346,-0.0028,-0.0044,20.2209,20.9565,28.4383,9.4938,17.8139,50.5154,75.521,0.2414,31.3683,6.6962,No,0.0,0.0034,-0.0296,Poor,High,3.1857,10.0,10.0747,20.1726,Safe,71.0836,19.2925,17.4448,Aligned,20.2447,49.7451,Side Impact Potential,Peri-Urban,1.1803,False,Residential,Poor Infrastructure,0.2209,Light,False,15.2214,0.0165,-0.0036,Aligned,18,Unnamed Road,1940
3636,Unnamed Road,Urban Road,URB-03636,3636,12.8866,77.6395,12.8868,77.64,56.3,1454.4,1454.456,12.6699,Aligned,0.8361,0.868,0.134,0.0033,0.0002,41.7621,42.3148,98.4695,15.5307,15.181,79.7574,61.8406,0.0,60.0,8.6965,No,0.0,0.0003,-0.0128,Poor,High,0.2679,10.0,10.2365,19.2,Safe,73.25,42.2646,15.5585,Aligned,42.2173,35.5004,Separated Traffic,Rural,3.8016,True,Residential,Poor Infrastructure,0.1666,Light,False,34.9179,0.0052,0.0004,Aligned,42,Unnamed Road,1941
3637,Unnamed Road,Urban Road,URB-03637,3637,12.8848,77.6388,12.8854,77.639,64.4,1454.8,1454.864,15.6738,Aligned,0.8038,0.7675,0.1717,0.0023,-0.0113,57.4171,57.8544,98.6486,4.8512,23.2002,80.4917,53.8071,0.2962,58.3729,4.9414,No,0.0,-0.0132,0.0753,Good,High,0.5461,10.0,10.0,23.345,Safe,68.5284,57.3451,18.8469,Aligned,60.2107,67.5595,Separated Traffic,Urban,5.942,True,Commercial,Poor Infrastructure,0.0068,,False,49.7155,-0.0024,-0.0048,Aligned,58,Unnamed Road,1942
3638,Unnamed Road,Urban Road,URB-03638,3638,12.887,77.641,12.8873,77.6408,32.3,1455.2,1455.232,17.6581,Aligned,0.8356,0.8465,0.1645,0.0275,-0.0029,69.1695,62.9616,100.0,0.6961,16.0735,81.6646,78.3743,40.2674,59.0498,4.5043,Yes,0.0,0.994,-0.023,Good,Medium,0.0677,10.0,10.1546,31.8636,Moderate Risk,60.8639,68.0879,18.8545,Aligned,70.5671,46.4203,Separated Traffic,Rural,6.0185,True,Residential,Poor Infrastructure,0.0011,,False,66.3581,-0.0023,0.0071,Aligned,70,Unnamed Road,1943
3639,Unnamed Road,Urban Road,URB-03639,3639,12.887,77.641,12.8868,77.6411,33.9,1455.6,1455.634,47.0709,Moderate Misalignment,0.6854,0.1102,0.6814,0.2075,-0.0042,50.3789,51.3831,98.9989,13.6146,27.0786,48.2058,66.2282,0.0,60.0,31.1865,No,0.0,-0.0035,0.9831,Good,Medium,0.3371,10.0,10.3522,34.474,Moderate Risk,54.8195,51.6201,45.833,Moderate Misalignment,63.3607,38.8851,Side Impact Potential,Rural,3.9675,False,Residential,Approach to Congestion (Tapered) | Poor Infrastructure | Above Human Tolerance Limit,0.1868,Light,True,46.6939,-0.0092,-0.0069,Moderate Misalignment,51,Unnamed Road,1944
3640,Unnamed Road,Urban Road,URB-03640,3640,12.8604,77.6607,12.8626,77.659,309.3,1456.0,1456.309,9.4001,Aligned,0.9687,0.9868,0.0388,-0.0031,0.0009,27.1877,28.1042,30.0496,6.6654,14.4654,50.5115,79.0484,0.3016,20.0,4.8885,No,0.0,-0.0073,-0.0702,Poor,Medium,2.5666,10.0,34.5558,22.3654,Safe,66.8125,27.364,22.8097,Aligned,27.7679,39.3535,Side Impact Potential,Rural,1.7948,False,Residential,Active Congestion | Poor Infrastructure,0.7564,Severe,False,10.3945,-0.0104,-0.0009,Aligned,27,Unnamed Road,1945
3641,Unnamed Road,Urban Road,URB-03641,3641,12.8604,77.6607,12.8599,77.661,64.9,1456.4,1456.465,14.047,Aligned,0.9109,0.9504,0.0767,0.05,0.0029,76.6072,75.6713,100.0,0.0,14.1458,80.9271,25.9286,0.4182,58.8668,4.079,No,0.0,0.0043,0.0086,Poor,Medium,0.155,10.0,10.0444,20.9501,Safe,70.0299,76.4348,17.9821,Aligned,76.7631,46.6436,Separated Traffic,Rural,5.0932,True,Residential,Active Congestion | Poor Infrastructure,0.628,Severe,False,27.4194,0.0095,0.0035,Aligned,76,Unnamed Road,1946
3642,Unnamed Road,Urban Road,URB-03642,3642,12.8781,77.6464,12.879,77.646,119.1,1456.8,1456.919,40.5928,Moderate Misalignment,0.8445,0.0974,0.8773,0.0956,0.0022,27.6259,31.1301,74.8368,34.2666,43.429,30.3118,84.2272,0.0,42.2652,39.094,No,0.0,-0.0013,1.9949,Poor,Medium,1.9866,10.0,10.0,31.2856,Moderate Risk,65.1686,30.2074,35.4264,Moderate Misalignment,36.302,67.6821,Significant Pedestrian Interaction,Urban,6.0873,False,Commercial,High Pedestrian Interaction | Poor Infrastructure | Above Human Tolerance Limit,0.1766,Light,False,27.7575,-0.0123,0.0023,Moderate Misalignment,31,Unnamed Road,1947
3643,Unnamed Road,Urban Road,URB-03643,3643,12.8769,77.6473,12.8781,77.6464,177.2,1457.2,1457.377,9.8072,Aligned,0.9905,0.9853,0.0312,-0.0165,-0.0071,22.2557,23.6144,56.5587,24.5062,21.4832,48.6513,83.7618,0.0,33.1135,17.8287,No,0.0,0.0052,-0.0315,Poor,Low,1.4369,10.0,10.3745,20.5384,Safe,75.0346,20.5756,17.6998,Aligned,18.461,42.4395,Side Impact Potential,Rural,3.9991,False,Residential,Approach to Congestion (Tapered) | Poor Infrastructure,0.0054,,True,18.4272,-0.0047,-0.0024,Aligned,21,Unnamed Road,1948
3644,Unnamed Road,Urban Road,URB-03644,3644,12.8769,77.6473,12.8756,77.6484,186.6,1457.6,1457.787,8.3756,Aligned,0.9693,0.9377,-0.0056,-0.0026,0.0003,27.4645,29.1921,76.6632,43.0542,33.3946,49.8502,76.2907,0.0,41.1627,28.812,No,0.0,-0.0119,0.0007,Good,Low,1.6405,10.0,10.1856,20.9077,Safe,77.4188,29.4329,18.3922,Aligned,29.4256,57.3762,Side Impact Potential,Urban,3.9776,False,Commercial,Meets Safe System Standards,0.0107,,False,25.512,0.0004,0.0039,Aligned,27,Unnamed Road,1949
3645,Unnamed Road,Urban Road,URB-03645,3645,12.888,77.6404,12.8878,77.6405,35.0,1458.0,1458.035,10.3371,Aligned,0.9668,0.9557,0.0496,0.0065,0.0046,53.3518,51.5435,100.0,2.122,12.7579,78.2716,59.108,0.3674,60.0,1.5912,No,0.0,0.0087,0.0291,Poor,Medium,-0.0319,10.0,10.0659,19.9899,Safe,68.6879,49.4535,17.9691,Aligned,51.9891,35.6219,Separated Traffic,Rural,4.9122,True,Residential,Poor Infrastructure,-0.0093,,False,40.6077,-0.0014,0.0016,Aligned,54,Unnamed Road,1950
3646,Unnamed Road,Urban Road,URB-03646,3646,12.888,77.6404,12.8891,77.6397,136.5,1458.4,1458.537,21.5372,Aligned,0.7264,0.7436,0.2081,0.0586,-0.0113,80.7581,80.2666,99.5375,12.3052,17.9705,79.4975,85.9637,0.0299,60.0,12.7984,No,0.0,0.0049,0.0438,Poor,Low,0.2169,10.0,10.0,26.8216,Moderate Risk,60.8545,77.1563,34.3873,Moderate Misalignment,94.1782,33.1131,Separated Traffic,Rural,4.9061,True,Residential,Poor Infrastructure | Above Human Tolerance Limit,0.0119,,False,76.6707,0.005,0.0176,Aligned,81,Unnamed Road,1951
3647,Unnamed Road,Urban Road,URB-03647,3647,12.9157,77.5614,12.9197,77.5631,482.5,1458.8,1459.283,13.8917,Aligned,0.8861,0.9199,0.1101,0.0171,-0.0045,41.4026,38.5181,100.0,22.165,24.0431,80.5042,59.618,0.3619,60.0,18.1184,No,0.0,-0.0071,0.002,Good,High,0.2424,10.0,10.2185,21.2263,Safe,73.2005,39.4525,16.9535,Aligned,39.2851,47.6444,Separated Traffic,Peri-Urban,3.9706,True,Residential,Poor Infrastructure,-0.0521,,False,34.1408,0.0029,0.0091,Aligned,40,Unnamed Road,1952
3648,Unnamed Road,Urban Road,URB-03648,3648,12.8842,77.5025,12.8839,77.5019,73.5,1459.2,1459.274,8.8182,Aligned,1.0009,0.9902,0.0413,-0.014,-0.0046,32.9764,34.1031,79.1382,59.2129,31.6959,50.5862,79.5012,0.2888,38.8473,23.5561,No,0.0,0.0018,-0.0569,Good,High,1.9105,10.0,10.1949,18.8664,Safe,81.7722,33.6559,15.6205,Aligned,33.7059,60.1552,Side Impact Potential,Urban,5.8923,False,Residential,Meets Safe System Standards,0.1563,Light,False,25.9059,0.0014,-0.0031,Aligned,34,Unnamed Road,1953
3649,Unnamed Road,Urban Road,URB-03649,3649,12.8816,77.5053,12.8811,77.5049,67.4,1459.6,1459.667,11.5706,Aligned,0.9648,0.9747,0.0034,-0.012,0.0073,17.8801,22.458,27.947,0.0686,20.7353,49.6281,93.131,0.0072,20.0,8.186,No,0.0,-0.0018,-0.06,Good,Low,2.4773,10.0,10.0711,22.826,Safe,67.8077,16.6745,20.1731,Aligned,12.9851,58.7466,Side Impact Potential,Peri-Urban,0.883,False,Industrial,Poor Infrastructure,-0.0066,,False,11.6787,0.015,0.0014,Aligned,19,Unnamed Road,1954
3650,Unnamed Road,Urban Road,URB-03650,3650,12.8842,77.5025,12.885,77.5041,189.8,1460.0,1460.19,15.6107,Aligned,0.798,0.8029,0.1886,0.0084,0.0025,55.3533,54.0344,99.1179,10.0916,17.882,78.5629,57.1384,0.2532,59.2168,7.9205,No,0.0,0.0041,0.0691,Poor,High,0.0623,10.0,10.3329,19.5152,Safe,71.5119,55.5172,16.8954,Aligned,56.7818,43.7547,Separated Traffic,Rural,7.7943,True,Residential,Poor Infrastructure,0.0132,,False,50.6108,0.0016,0.0029,Aligned,56,Unnamed Road,1955
3651,Unnamed Road,Urban Road,URB-03651,3651,12.8854,77.5059,12.885,77.5041,266.4,1460.4,1460.666,12.6821,Aligned,0.955,0.9709,0.0422,0.0053,-0.0057,50.3475,48.8242,80.2651,29.378,26.3513,49.9697,83.9863,0.0,59.6356,16.0425,No,0.0,-0.005,-0.0081,Good,Medium,2.0067,10.0,10.006,26.026,Moderate Risk,66.5262,50.86,30.8616,Moderate Misalignment,57.0752,60.7194,Side Impact Potential,Urban,2.9211,True,Commercial,Poor Infrastructure | Above Human Tolerance Limit,-0.0179,,False,51.4981,0.0155,-0.0065,Aligned,51,Unnamed Road,1956
3652,Unnamed Road,Urban Road,URB-03652,3652,12.8831,77.5064,12.8831,77.5068,41.8,1460.8,1460.842,23.8171,Aligned,0.5185,0.5231,0.4974,-0.0123,-0.0026,47.67,49.3282,80.5869,30.9906,26.6473,50.448,91.8795,0.1868,40.1792,11.3598,No,0.0,0.0012,0.0626,Good,High,2.0448,10.0,32.2112,26.4063,Moderate Risk,67.4907,52.1248,32.0962,Moderate Misalignment,52.6255,64.8086,Side Impact Potential,Urban,3.2278,True,Residential,Poor Infrastructure,0.0205,,False,43.6473,0.0083,0.007,Aligned,49,Unnamed Road,1957
3653,Unnamed Road,Urban Road,URB-03653,3653,12.883,77.5058,12.8831,77.5064,59.9,1461.2,1461.26,17.4427,Aligned,0.8751,0.8861,0.1266,0.014,0.0003,45.5486,45.917,98.4835,29.0941,32.2171,79.5078,70.864,0.0968,58.6417,19.3217,No,0.0,0.0027,-0.0377,Good,Low,0.6914,10.0,10.0,22.0876,Safe,73.8789,49.0578,20.1168,Aligned,44.5101,69.082,Separated Traffic,Urban,8.1187,True,Mixed,Poor Infrastructure,0.0115,,False,41.4736,0.0053,0.0048,Aligned,47,Unnamed Road,1958
3654,Unnamed Road,Urban Road,URB-03654,3654,12.8831,77.5068,12.8832,77.5071,36.6,1461.6,1461.637,14.4101,Aligned,0.925,0.8856,0.0883,0.0049,0.0015,48.9674,48.852,69.7043,36.074,31.021,50.9885,91.7252,0.3351,51.3465,26.4255,No,0.0,-0.001,0.0389,Good,Low,2.7132,10.0,10.1507,22.767,Safe,74.5588,51.4499,21.7401,Aligned,53.1764,60.6807,Side Impact Potential,Urban,1.8989,False,Commercial,Meets Safe System Standards,0.0068,,False,44.7652,0.0084,-0.0048,Aligned,50,Unnamed Road,1959
3655,Unnamed Road,Urban Road,URB-03655,3655,12.8832,77.5071,12.8832,77.5075,46.1,1462.0,1462.046,14.972,Aligned,0.8839,0.8853,0.0743,0.0077,-0.0122,31.04,32.0468,63.1984,28.6732,31.2041,49.6359,93.4423,0.1609,31.1491,22.6868,No,0.0,-0.0059,-0.0178,Good,Medium,3.8329,10.0,10.0,23.8818,Safe,73.5934,30.1517,21.4941,Aligned,28.7884,62.9723,Side Impact Potential,Urban,3.8746,True,Mixed,Poor Infrastructure,-0.0055,,False,28.0672,0.002,0.0092,Aligned,30,Unnamed Road,1960
3656,Unnamed Road,Urban Road,URB-03656,3656,12.8816,77.5053,12.883,77.5058,167.7,1462.4,1462.568,9.7581,Aligned,1.0022,0.9942,0.0481,0.0082,0.0084,21.8868,20.0348,57.7256,0.0,19.7368,49.3454,81.4358,0.0017,39.7765,4.377,No,0.0,-0.0,0.0791,Poor,Low,2.4072,10.0,10.0,23.4267,Safe,67.726,20.6624,21.1755,Aligned,18.9926,59.5873,Side Impact Potential,Peri-Urban,3.9433,False,Residential,Poor Infrastructure,0.0021,,False,20.5549,-0.0085,-0.0059,Aligned,23,Unnamed Road,1961
3657,Unnamed Road,Urban Road,URB-03657,3657,12.883,77.5058,12.8836,77.5059,63.4,1462.8,1462.863,40.2116,Moderate Misalignment,0.9474,0.0218,0.9779,0.0099,-0.0064,43.5364,42.036,88.1797,23.2114,42.9754,51.6354,92.7258,0.1052,42.5642,44.6731,No,0.0,-0.0027,0.9853,Good,Low,1.7009,10.0,10.0,29.019,Moderate Risk,68.4993,42.6481,25.5502,Moderate Misalignment,43.6165,57.6286,Side Impact Potential,Urban,6.1881,True,Commercial,Poor Infrastructure,0.0158,,False,36.0983,-0.008,0.0112,Moderate Misalignment,41,Unnamed Road,1962
3658,Unnamed Road,Urban Road,URB-03658,3658,12.8836,77.5059,12.8854,77.5059,204.0,1463.2,1463.404,12.4804,Aligned,0.9189,0.9404,0.0748,0.0027,0.0006,54.5365,53.3293,100.0,0.0598,11.817,80.2717,66.878,0.6424,57.6264,4.8447,No,0.0,0.0044,0.0028,Good,Low,0.147,10.0,10.0,19.6615,Safe,69.2707,54.5609,17.6152,Aligned,56.7171,32.3381,Separated Traffic,Rural,5.0618,True,Residential,Poor Infrastructure,0.2426,Light,False,37.6406,-0.0049,0.0053,Aligned,55,Unnamed Road,1963
3659,Unnamed Road,Urban Road,URB-03659,3659,12.9172,77.5251,12.9173,77.5247,46.4,1463.6,1463.646,14.4255,Aligned,0.8972,0.9014,0.1135,0.0263,0.0082,46.0844,45.8244,100.0,41.4052,30.9534,79.1195,70.6514,0.0,60.0,21.7324,No,0.0,0.0037,1.0153,Good,Medium,0.6726,10.0,10.1845,20.5498,Safe,76.9469,45.541,18.6573,Aligned,42.3072,57.2362,Separated Traffic,Urban,6.2805,True,Mixed,Meets Safe System Standards,-0.014,,False,41.0527,0.0001,-0.0038,Aligned,45,Unnamed Road,1964
3660,Unnamed Road,Urban Road,URB-03660,3660,12.9173,77.5247,12.9175,77.5244,43.2,1464.0,1464.043,9.5056,Aligned,0.9932,0.9359,-0.0182,0.0263,-0.0056,42.7277,43.3645,77.9722,42.5723,35.4211,51.9165,81.9912,0.2706,50.9786,36.1291,No,0.0,-0.0031,0.9773,Good,Medium,2.1,10.0,10.0,22.6593,Safe,76.9737,44.3496,18.8771,Aligned,45.9283,57.9172,Side Impact Potential,Urban,2.1001,True,Commercial,Meets Safe System Standards,0.0106,,False,37.9951,0.0122,-0.0053,Aligned,43,Unnamed Road,1965
3661,Unnamed Road,Urban Road,URB-03661,3661,12.9203,77.5272,12.9199,77.5273,44.7,1464.4,1464.445,40.9599,Moderate Misalignment,0.9724,0.0297,0.9608,-0.0137,0.0011,37.4301,35.013,55.2811,24.7902,35.1058,50.5784,100.0,0.0,31.302,44.5021,No,0.0,0.0013,1.0649,Poor,High,1.4678,10.0,21.1196,27.8484,Moderate Risk,69.6672,34.7493,28.8977,Moderate Misalignment,36.278,37.2366,Side Impact Potential,Rural,3.9117,False,Residential,Poor Infrastructure,0.0218,,False,29.7524,-0.0021,-0.0082,Moderate Misalignment,38,Unnamed Road,1966
3662,Unnamed Road,Urban Road,URB-03662,3662,12.9203,77.5272,12.9212,77.5274,105.3,1464.8,1464.905,68.0187,High Misalignment,0.8524,0.0208,0.1105,0.8536,-0.0108,30.8695,30.0324,76.5811,59.1143,53.7199,29.0448,71.7821,0.6959,47.4436,69.4173,No,0.0,-0.0061,1.9699,Good,Medium,2.1959,10.0,10.0263,37.1528,Moderate Risk,61.0501,30.3438,48.0037,High Misalignment,35.9162,61.1621,Significant Pedestrian Interaction,Urban,4.9252,False,Mixed,Speed Limit Misaligned | High Pedestrian Interaction | Above Human Tolerance Limit,0.0002,,False,34.9161,0.0062,-0.0063,High Misalignment,31,Unnamed Road,1967
3663,Unnamed Road,Urban Road,URB-03663,3663,12.9199,77.5273,12.9196,77.5273,31.8,1465.2,1465.232,11.002,Aligned,0.9649,0.9462,0.0005,0.0316,0.0048,38.5434,38.536,89.335,59.749,35.5886,49.2668,72.516,0.0,49.1337,25.6266,No,0.0,-0.0037,0.0065,Good,Medium,1.7265,10.0,10.0,19.6369,Safe,81.805,37.4301,18.0212,Aligned,36.3253,66.8761,Side Impact Potential,Urban,5.1082,True,Commercial,Meets Safe System Standards,0.0201,,False,33.9872,-0.0002,-0.0019,Aligned,38,Unnamed Road,1968
3664,Unnamed Road,Urban Road,URB-03664,3664,12.9212,77.5277,12.9212,77.5274,27.7,1465.6,1465.628,21.0151,Aligned,0.5916,0.5373,0.3599,0.0299,-0.0,64.1439,62.8871,98.2841,0.0,13.8125,79.323,42.9819,0.3933,59.8284,2.7319,No,0.0,0.0048,0.0227,Poor,Medium,0.0862,10.0,10.5538,25.9922,Moderate Risk,62.6088,61.2928,29.4268,Moderate Misalignment,64.6908,42.629,Separated Traffic,Rural,7.914,True,Residential,Poor Infrastructure | Above Human Tolerance Limit,-0.0048,,False,52.3797,-0.001,-0.0216,Aligned,64,Unnamed Road,1969
3665,Unnamed Road,Urban Road,URB-03665,3665,12.9175,77.5244,12.9178,77.5238,71.6,1466.0,1466.072,19.8135,Aligned,0.677,0.6479,0.2823,0.0099,0.0007,49.7455,49.8446,99.0759,23.6477,20.6442,77.813,72.9098,0.0,60.0,17.9338,No,0.0,-0.0048,0.0609,Good,Medium,0.3028,10.0,10.0,19.1068,Safe,74.7639,47.5082,16.7111,Aligned,48.4042,37.0367,Separated Traffic,Rural,6.1907,True,Residential,Poor Infrastructure,0.0215,,False,43.0539,0.0116,0.0067,Aligned,51,Unnamed Road,1970
3666,Unnamed Road,Urban Road,URB-03666,3666,12.9212,77.5277,12.9213,77.5279,34.0,1466.4,1466.434,13.3558,Aligned,0.9674,0.9805,0.0796,-0.008,0.0004,25.7277,23.9164,51.4737,14.8557,30.3516,49.8788,86.6145,0.0,59.5957,18.5099,No,0.0,-0.0091,0.0339,Good,Low,2.3775,10.0,10.0,25.7338,Safe,68.4512,23.7434,21.1032,Aligned,25.3037,68.1499,Side Impact Potential,Urban,2.9195,False,Commercial,Poor Infrastructure,-0.0053,,False,21.8877,-0.0059,0.0074,Aligned,24,Unnamed Road,1971
3667,Unnamed Road,Urban Road,URB-03667,3667,12.9213,77.5282,12.9213,77.5279,34.3,1466.8,1466.834,33.5958,Moderate Misalignment,0.7827,0.2015,0.8214,0.003,-0.0019,50.7996,50.6167,71.0956,59.3138,47.5668,49.1742,47.3992,0.0,48.4062,45.0547,No,0.0,0.009,2.0312,Good,Medium,2.2914,10.0,25.3837,29.7599,Moderate Risk,71.0794,50.0451,32.8726,Moderate Misalignment,59.7232,66.9581,Side Impact Potential,Urban,2.0749,False,Mixed,Active Congestion,0.7783,Severe,False,13.5877,0.0188,0.0013,Moderate Misalignment,50,Unnamed Road,1972
3668,Unnamed Road,Urban Road,URB-03668,3668,12.9212,77.5285,12.9213,77.5282,34.5,1467.2,1467.235,13.474,Aligned,0.9181,0.9477,0.0985,-0.0198,0.0055,38.5469,39.1995,53.9497,21.6943,29.918,49.2682,89.0464,0.4189,38.8285,21.2632,No,0.0,-0.0062,0.0619,Poor,Low,1.6751,10.0,10.0,23.3007,Safe,71.1957,40.3211,23.557,Aligned,37.866,59.3662,Side Impact Potential,Peri-Urban,3.1249,False,Residential,Poor Infrastructure,-0.0133,,False,29.5156,0.003,0.0208,Aligned,40,Unnamed Road,1973
3669,Unnamed Road,Urban Road,URB-03669,3669,12.9214,77.529,12.9212,77.5285,93.4,1467.6,1467.693,16.41,Aligned,0.8297,0.8237,0.2058,-0.0025,-0.0057,62.7536,64.1399,100.0,11.2269,15.8225,80.1946,63.2176,0.0631,60.0,6.6338,No,0.0,-0.005,-0.0196,Poor,Medium,0.2111,10.0,10.3694,18.967,Safe,71.64,58.4544,16.6285,Aligned,66.7698,34.3141,Separated Traffic,Rural,4.8075,True,Mixed,Poor Infrastructure,0.2169,Light,False,44.9605,-0.0062,0.0209,Aligned,63,Unnamed Road,1974
3670,Unnamed Road,Urban Road,URB-03670,3670,12.9157,77.5264,12.9165,77.5266,88.1,1468.0,1468.088,11.4585,Aligned,0.9461,0.9964,0.0308,0.0144,0.0069,34.0286,33.6785,79.651,19.474,22.7606,50.7685,71.2555,0.1473,50.3502,8.703,No,0.0,0.0071,0.0028,Good,High,1.5827,10.0,10.3276,21.0954,Safe,72.569,32.9535,18.3888,Aligned,33.9182,58.5621,Side Impact Potential,Urban,2.9441,True,Industrial,Poor Infrastructure,0.0029,,False,29.7742,-0.0186,0.0018,Aligned,34,Unnamed Road,1975
3671,Unnamed Road,Urban Road,URB-03671,3671,12.9154,77.5263,12.9157,77.5264,32.9,1468.4,1468.433,15.4766,Aligned,0.7654,0.7709,0.2056,0.0335,-0.0014,76.7808,78.9886,100.0,0.541,14.1699,78.7682,80.4455,0.0,60.0,5.5117,No,0.0,-0.0029,-0.0147,Poor,High,0.0847,10.0,10.0,22.6969,Safe,65.7966,77.3695,24.7785,Aligned,84.8848,35.6852,Separated Traffic,Rural,6.9257,True,Mixed,Approach to Congestion (Tapered) | Poor Infrastructure,0.17,Light,True,67.018,0.0195,0.0002,Aligned,77,Unnamed Road,1976
3672,Unnamed Road,Urban Road,URB-03672,3672,12.9214,77.529,12.9217,77.5291,34.8,1468.8,1468.835,23.8551,Aligned,0.5135,0.512,0.5343,-0.0022,-0.0035,45.2623,42.0288,79.2538,13.9113,28.0171,49.3705,96.2944,0.1823,41.0539,14.4525,No,0.0,-0.0056,0.0123,Good,High,1.428,10.0,10.1888,25.0742,Moderate Risk,69.4816,40.5313,23.317,Aligned,42.8704,66.8008,Side Impact Potential,Urban,5.8987,False,Residential,Poor Infrastructure,0.0244,,False,38.7259,-0.0009,0.0025,Aligned,43,Unnamed Road,1977
3673,Unnamed Road,Urban Road,URB-03673,3673,12.9219,77.5292,12.9217,77.5291,33.6,1469.2,1469.234,21.404,Aligned,0.6913,0.6684,0.3183,-0.0237,-0.0048,49.5004,46.8948,99.8821,25.7153,20.6248,79.9132,76.8091,0.0063,59.8275,17.0333,No,0.0,-0.0066,-0.0895,Good,Medium,0.3301,10.0,10.083,18.9465,Safe,75.3475,49.741,16.3266,Aligned,51.5968,35.9008,Separated Traffic,Rural,5.8432,True,Residential,Poor Infrastructure,-0.0155,,False,42.1898,0.0004,0.0077,Aligned,50,Unnamed Road,1978
3674,Unnamed Road,Urban Road,URB-03674,3674,12.9256,77.5312,12.9254,77.5312,33.4,1469.6,1469.633,12.136,Aligned,0.9655,0.9868,0.0186,0.002,0.0005,67.6724,68.4079,99.08,12.8083,20.7878,77.6492,77.624,0.1409,60.0,5.1846,No,0.0,-0.0051,0.0062,Good,High,0.5496,10.0,10.0,20.8089,Safe,71.9344,70.527,17.646,Aligned,69.9031,62.4296,Separated Traffic,Urban,6.0445,True,Mixed,Approach to Congestion (Tapered) | Poor Infrastructure,0.1478,Light,True,53.8973,-0.0188,-0.0078,Aligned,67,Unnamed Road,1979
3675,Unnamed Road,Urban Road,URB-03675,3675,12.9256,77.5312,12.9259,77.5313,34.4,1470.0,1470.034,13.4535,Aligned,0.8897,0.8383,0.1186,0.0246,-0.0035,58.0751,59.6011,100.0,21.6342,18.8711,81.4853,57.8034,0.2877,59.2069,5.0313,No,0.0,0.0086,-0.0745,Poor,Low,0.5363,10.0,10.0,20.4141,Safe,73.3543,56.076,16.136,Aligned,59.3388,53.9688,Separated Traffic,Peri-Urban,7.9704,True,Commercial,Poor Infrastructure,0.2021,Light,False,45.818,-0.0034,-0.0122,Aligned,57,Unnamed Road,1980
3676,Unnamed Road,Urban Road,URB-03676,3676,12.9298,77.5294,12.9299,77.5296,25.6,1470.4,1470.426,12.9191,Aligned,0.9849,0.9749,0.0578,0.011,-0.0145,19.9879,20.3165,58.7105,1.9561,19.884,51.1633,82.3544,0.2109,27.5306,2.1241,No,0.0,-0.0031,0.0234,Poor,Medium,3.4749,10.0,10.1563,23.3357,Safe,67.919,20.6506,17.1487,Aligned,20.627,64.276,Side Impact Potential,Urban,2.9065,True,Commercial,Poor Infrastructure,-0.0081,,False,15.7335,-0.0184,-0.0121,Aligned,19,Unnamed Road,1981
3677,Unnamed Road,Urban Road,URB-03677,3677,12.9296,77.5285,12.9298,77.5294,98.1,1470.8,1470.898,8.6026,Aligned,0.9905,0.9255,0.0099,0.0014,-0.0118,16.8951,18.4843,27.0014,0.9355,17.3802,50.5626,91.0347,0.2675,20.2579,4.6195,No,0.0,-0.0015,0.0118,Poor,High,0.9605,10.0,10.0,21.722,Safe,68.5857,17.0075,18.9513,Aligned,16.4783,45.5939,Side Impact Potential,Rural,1.1169,False,Mixed,Poor Infrastructure,0.0096,,False,16.8852,0.0013,-0.0004,Aligned,17,Unnamed Road,1982
3678,Unnamed Road,Urban Road,URB-03678,3678,12.9299,77.5296,12.9297,77.5298,28.1,1471.2,1471.228,18.8511,Aligned,0.7124,0.7362,0.2707,0.0088,0.0012,34.9838,34.3114,77.7339,19.8523,28.016,49.7908,91.901,0.0,40.5948,13.7814,No,0.0,-0.0074,-0.0013,Good,Medium,2.2295,10.0,10.0,23.2456,Safe,71.8639,36.9227,20.387,Aligned,32.3494,65.9775,Side Impact Potential,Urban,5.2334,False,Commercial,Poor Infrastructure,0.0006,,False,32.6107,0.0206,0.016,Aligned,34,Unnamed Road,1983