segment_id,road_name,road_type,human_segment_id,internal_id,start_lat,start_lon,end_lat,end_lon,length_m,start_km,end_km,road_risk_score,ai_risk_label,ai_risk_probability,prob_low_risk,prob_medium_risk,prob_high_risk,prob_critical_risk,ai_recommended_speed,recommended_safe_speed,road_function_score,infrastructure_score,exposure_score,human_tolerance_limit,operating_speed_score,crash_risk_score,posted_speed_limit,pedestrian_exposure_score,blackspot_flag,crash_count,fatal_crashes,schools_count,lighting_quality,roadside_hazards,intersection_density,speed_compliance_rate,speed_violation_score,hotspot_score,hotspot_category,speed_safety_score,original_safe_speed,misalignment_score,misalignment_category,speed_p85,ptw_share_pct,exposure_tier,urban_rural_flag,lane_count,median_presence,land_use_type,top_ai_factors,congestion_index,congestion_category,congestion_smoothed,operating_speed_mean,minor_crashes,major_crashes,risk_category,final_safe_speed,corridor_base,corridor_seq
3679,Unnamed Road,Urban Road,URB-03679,3679,12.9291,77.5306,12.9297,77.5298,120.8,1471.6,1471.721,70.2948,High Misalignment,0.8284,-0.029,0.1121,0.8362,0.0022,31.3227,28.3799,72.5261,15.5187,39.1273,30.8388,77.1831,0.0,46.6913,39.977,No,0.0,0.005,1.0349,Good,Medium,1.7473,10.0,10.0,37.9176,Moderate Risk,53.7218,28.8628,50.8653,High Misalignment,38.7252,56.973,Significant Pedestrian Interaction,Urban,2.925,False,Residential,Speed Limit Misaligned | High Pedestrian Interaction | Poor Infrastructure,-0.0186,,False,32.158,0.0141,-0.0026,High Misalignment,30,Unnamed Road,1984
3680,Unnamed Road,Urban Road,URB-03680,3680,12.9178,77.5271,12.9168,77.5267,120.3,1472.0,1472.12,70.0826,High Misalignment,0.7981,0.0111,0.2236,0.8082,-0.0127,50.4284,49.5832,97.0854,33.4298,24.8144,49.1205,52.0309,0.0987,60.0,16.1779,No,0.0,-0.0013,0.0025,Poor,Medium,0.4376,10.0,10.0,35.2115,Moderate Risk,52.927,50.5476,55.6574,High Misalignment,59.2437,50.3008,Side Impact Potential,Peri-Urban,7.943,False,Mixed,Speed Limit Misaligned | Poor Infrastructure | Above Human Tolerance Limit,0.011,,False,49.672,-0.0099,0.0181,High Misalignment,50,Unnamed Road,1985
3681,Unnamed Road,Urban Road,URB-03681,3681,12.9178,77.5271,12.9182,77.5273,45.1,1472.4,1472.445,21.2314,Aligned,0.7714,0.7215,0.1842,0.0308,-0.0053,50.9773,52.0964,99.1253,7.0146,16.0669,81.6817,56.32,0.3104,59.7368,5.0861,No,0.0,-0.0022,0.0594,Poor,Low,0.2597,10.0,10.0,19.9475,Safe,70.8251,49.9731,14.6433,Aligned,51.0634,46.1026,Separated Traffic,Rural,3.9969,True,Residential,Poor Infrastructure,0.1432,Light,False,41.001,-0.0026,-0.0042,Aligned,51,Unnamed Road,1986
3682,Unnamed Road,Urban Road,URB-03682,3682,12.9182,77.5273,12.9185,77.5273,38.1,1472.8,1472.838,10.5604,Aligned,0.9905,0.9921,0.0594,0.006,-0.0023,39.8958,41.3376,72.9641,36.0567,27.9476,48.7263,75.4657,0.3463,52.6239,22.1425,No,0.0,-0.0102,-0.0372,Poor,High,1.9248,10.0,10.0493,20.3216,Safe,76.3186,41.0817,17.2397,Aligned,42.7479,57.4921,Side Impact Potential,Urban,2.894,False,Commercial,Meets Safe System Standards,0.0145,,False,32.6039,-0.0002,0.0175,Aligned,41,Unnamed Road,1987
3683,Unnamed Road,Urban Road,URB-03683,3683,12.9235,77.5299,12.9231,77.5297,45.3,1473.2,1473.245,11.5772,Aligned,1.0101,0.9976,0.0249,0.002,0.0014,36.7148,39.5393,27.7337,9.4943,19.0242,49.155,95.0779,0.0,30.8056,5.9093,No,0.0,0.0057,-0.046,Poor,High,2.556,10.0,33.4087,25.3918,Moderate Risk,64.8224,41.9432,26.6527,Moderate Misalignment,42.3341,55.2308,Side Impact Potential,Peri-Urban,2.3159,False,Mixed,Poor Infrastructure,0.0208,,False,34.8025,-0.0234,-0.009,Aligned,38,Unnamed Road,1988
3684,Unnamed Road,Urban Road,URB-03684,3684,12.9231,77.5297,12.9228,77.5295,42.0,1473.6,1473.642,15.5407,Aligned,0.8378,0.8005,0.1396,0.0515,-0.0036,46.9782,48.9838,99.342,12.0839,21.6805,81.0526,55.51,0.0,60.0,15.1,No,0.0,0.002,0.0423,Poor,High,0.3909,10.0,10.0,22.2205,Safe,70.4909,47.5692,19.0528,Aligned,47.2983,47.0555,Separated Traffic,Peri-Urban,7.9897,True,Mixed,Poor Infrastructure,-0.0079,,False,38.8867,0.0162,-0.0082,Aligned,49,Unnamed Road,1989
3685,Unnamed Road,Urban Road,URB-03685,3685,12.9219,77.5292,12.9222,77.5293,28.5,1474.0,1474.028,12.4393,Aligned,0.9376,0.9517,0.0367,-0.0011,0.0158,15.4916,18.367,28.3993,1.0893,12.5163,50.3373,87.7686,0.0,20.0,3.3334,No,0.0,-0.001,-0.0035,Poor,Medium,1.5486,10.0,10.0,20.5357,Safe,70.6238,17.1419,16.8924,Aligned,16.8673,34.8598,Side Impact Potential,Rural,0.8588,False,Residential,Poor Infrastructure,0.152,Light,False,15.1401,0.0018,-0.0005,Aligned,17,Unnamed Road,1990
3686,Unnamed Road,Urban Road,URB-03686,3686,12.9242,77.5307,12.9245,77.5308,39.3,1474.4,1474.439,18.318,Aligned,0.7404,0.7561,0.2324,0.0101,-0.0039,35.9644,35.3633,48.9595,0.7876,20.0202,50.1766,97.9647,0.0,33.2434,7.6723,No,0.0,-0.0098,0.0401,Good,Low,2.2455,10.0,15.3354,25.0588,Moderate Risk,64.9583,32.5465,24.8356,Aligned,33.8994,51.8325,Side Impact Potential,Peri-Urban,2.1058,False,Residential,Poor Infrastructure,-0.0356,,False,32.245,0.0085,-0.013,Aligned,36,Unnamed Road,1991
3687,Unnamed Road,Urban Road,URB-03687,3687,12.9242,77.5307,12.9239,77.5303,51.7,1474.8,1474.852,21.7997,Aligned,0.5784,0.5574,0.4013,0.0089,0.0074,33.0562,35.0058,60.1589,31.4821,37.9613,49.776,90.1827,0.0883,29.7174,38.3852,No,0.0,0.002,1.012,Good,Low,2.9858,10.0,10.5837,26.7505,Moderate Risk,70.7814,33.9446,26.9906,Moderate Misalignment,32.7127,63.1629,Side Impact Potential,Urban,3.7675,True,Mixed,Poor Infrastructure,0.222,Light,False,22.5703,0.0003,0.008,Aligned,34,Unnamed Road,1992
3688,Unnamed Road,Urban Road,URB-03688,3688,12.9185,77.5273,12.9188,77.5274,35.4,1475.2,1475.235,26.0895,Aligned,0.6411,0.6126,0.2141,0.1635,-0.0032,81.4879,78.0639,94.229,23.5266,29.026,79.179,83.8339,0.0,60.0,23.2649,No,0.0,-0.002,0.9279,Good,High,0.265,10.0,10.7493,26.6881,Moderate Risk,68.7581,79.0905,30.0381,Moderate Misalignment,89.7783,56.547,Separated Traffic,Urban,4.0102,True,Residential,Poor Infrastructure,0.1483,Light,False,70.4815,-0.0094,0.0001,Aligned,81,Unnamed Road,1993
3689,Unnamed Road,Urban Road,URB-03689,3689,12.9239,77.5303,12.9235,77.5299,66.6,1475.6,1475.667,29.9275,Moderate Misalignment,0.6276,0.3917,0.6185,-0.0017,0.0107,47.2162,49.569,50.48,20.0356,23.5541,49.9658,56.8743,0.0,39.4248,8.6372,No,0.0,-0.0092,0.0066,Good,Low,3.3167,10.0,17.9976,24.1339,Safe,68.0836,46.7553,26.4573,Moderate Misalignment,45.2481,64.7457,Side Impact Potential,Urban,1.9562,False,Mixed,Active Congestion | Poor Infrastructure,0.7464,Severe,False,11.5657,0.006,0.0015,Moderate Misalignment,47,Unnamed Road,1994
3690,Unnamed Road,Urban Road,URB-03690,3690,12.9248,77.531,12.9245,77.5308,29.7,1476.0,1476.03,35.8615,Moderate Misalignment,0.5728,0.3328,0.5342,0.1244,-0.0075,54.1949,53.7214,100.0,0.1046,14.8202,79.7077,41.1141,0.2392,60.0,9.5091,No,0.0,0.0089,-0.0107,Poor,Medium,0.1276,10.0,10.0159,21.2537,Safe,69.4137,53.6945,20.1733,Aligned,54.2288,34.5729,Separated Traffic,Rural,7.8809,True,Residential,Poor Infrastructure,0.1707,Light,False,42.0441,0.0059,-0.0139,Moderate Misalignment,54,Unnamed Road,1995
3691,Unnamed Road,Urban Road,URB-03691,3691,12.9248,77.531,12.9251,77.5311,35.0,1476.4,1476.435,43.3357,Moderate Misalignment,0.9504,-0.0105,0.9445,0.0455,0.0059,32.2915,28.8874,81.4364,68.1265,50.8271,29.2979,47.5994,0.0,51.4557,66.5741,No,0.0,0.0054,2.0277,Good,High,1.2144,10.0,10.253,36.6685,Moderate Risk,62.7874,28.7685,52.0927,High Misalignment,52.2913,58.6072,Significant Pedestrian Interaction,Urban,4.1817,True,Mixed,Speed Limit Misaligned | High Pedestrian Interaction | Active Congestion,0.7415,Severe,False,15.0606,-0.002,0.0003,Moderate Misalignment,32,Unnamed Road,1996
3692,Unnamed Road,Urban Road,URB-03692,3692,12.9254,77.5312,12.9251,77.5311,31.9,1476.8,1476.832,11.18,Aligned,0.9886,0.9857,-0.0364,0.0193,-0.0005,42.7312,43.3819,79.2553,44.4342,35.9325,51.737,81.0173,0.3317,51.4038,35.616,No,0.0,-0.0033,1.0365,Good,Medium,2.1597,10.0,10.0,22.3254,Safe,76.3323,43.6775,19.1252,Aligned,44.009,58.0205,Side Impact Potential,Urban,1.7855,True,Commercial,Meets Safe System Standards,0.0002,,False,38.0472,0.02,-0.0068,Aligned,43,Unnamed Road,1997
3693,Unnamed Road,Urban Road,URB-03693,3693,12.9291,77.5306,12.9289,77.5308,26.5,1477.2,1477.226,12.5756,Aligned,0.9907,0.9796,0.0192,-0.0166,0.0073,41.052,37.2675,72.4392,12.9205,23.9441,52.0466,73.7561,0.0,49.7622,14.4879,No,0.0,-0.0053,0.0685,Poor,Medium,1.6824,10.0,10.0,23.5875,Safe,70.1534,40.09,20.9532,Aligned,39.7756,56.8171,Side Impact Potential,Urban,4.0291,False,Mixed,Poor Infrastructure,-0.0054,,False,34.2864,0.0003,0.0077,Aligned,42,Unnamed Road,1998
3694,Unnamed Road,Urban Road,URB-03694,3694,12.9259,77.5313,12.9262,77.5313,26.7,1477.6,1477.627,39.6391,Moderate Misalignment,0.9278,0.0221,0.965,0.0116,-0.0029,32.2061,32.5637,71.8088,58.8914,51.7427,27.9616,82.9815,0.0,42.2359,56.8852,No,0.0,0.0019,0.9616,Good,High,2.2725,10.0,10.6677,30.5205,Moderate Risk,70.3206,31.4703,34.38,Moderate Misalignment,38.6856,63.4764,Significant Pedestrian Interaction,Urban,1.7254,False,Mixed,High Pedestrian Interaction | Above Human Tolerance Limit,-0.0109,,False,29.5778,-0.0077,-0.0143,Moderate Misalignment,30,Unnamed Road,1999
3695,Unnamed Road,Urban Road,URB-03695,3695,12.9143,77.5262,12.9146,77.5262,36.0,1478.0,1478.036,25.8682,Moderate Misalignment,0.5467,0.4547,0.5399,-0.0135,-0.0071,38.1747,38.2515,28.1409,0.0,21.2898,49.2077,98.166,0.6686,40.5796,13.7432,No,0.0,0.0122,-0.0712,Poor,Low,2.6895,10.0,29.8962,27.4288,Moderate Risk,63.6192,38.0717,30.2752,Moderate Misalignment,37.35,50.2887,Side Impact Potential,Peri-Urban,1.1213,False,Commercial,Poor Infrastructure,0.016,,False,30.303,-0.0145,-0.005,Moderate Misalignment,39,Unnamed Road,2000
3696,Unnamed Road,Urban Road,URB-03696,3696,12.9149,77.5263,12.9146,77.5262,35.0,1478.4,1478.435,31.4422,Moderate Misalignment,0.6561,0.3225,0.6696,0.0008,-0.0093,37.377,37.1475,50.1994,0.0,13.4936,50.0359,95.4407,0.0,32.754,2.4411,No,0.0,0.001,-0.0082,Good,Low,1.5789,10.0,22.05,23.3045,Safe,64.7346,38.7069,25.7258,Moderate Misalignment,34.3788,45.8547,Side Impact Potential,Rural,3.0819,False,Industrial,Poor Infrastructure,0.1517,Light,False,26.7911,0.005,-0.0066,Moderate Misalignment,37,Unnamed Road,2001
3697,Unnamed Road,Urban Road,URB-03697,3697,12.9188,77.5274,12.9191,77.5274,30.1,1478.8,1478.83,21.932,Aligned,0.6148,0.6251,0.3422,-0.0074,0.0037,32.1278,31.0398,51.6934,43.2887,37.271,29.7932,94.4719,0.0,30.1075,36.4461,No,0.0,-0.0022,1.0315,Good,Low,2.5871,10.0,10.0,23.8423,Safe,75.04,30.6535,20.9825,Aligned,30.4345,61.4976,Significant Pedestrian Interaction,Urban,1.9128,False,Industrial,High Pedestrian Interaction,0.0127,,False,27.8414,-0.0062,-0.0091,Aligned,30,Unnamed Road,2002
3698,Unnamed Road,Urban Road,URB-03698,3698,12.9265,77.5314,12.9262,77.5313,37.5,1479.2,1479.237,12.8113,Aligned,0.955,0.9193,0.0576,-0.0085,-0.0096,29.1915,29.4967,57.3593,10.6196,23.8548,51.1643,87.3175,0.5308,27.8211,9.4455,No,0.0,0.0014,0.0558,Poor,Low,2.7973,10.0,10.0,23.3046,Safe,69.7307,28.0181,19.698,Aligned,30.3423,65.2334,Side Impact Potential,Urban,4.1684,False,Residential,Poor Infrastructure,0.1685,Light,False,22.3158,0.0037,-0.0087,Aligned,30,Unnamed Road,2003
3699,Unnamed Road,Urban Road,URB-03699,3699,12.9265,77.5314,12.9277,77.5315,131.7,1479.6,1479.732,19.4379,Aligned,0.6053,0.6108,0.4271,0.0102,0.0033,45.1966,48.3161,51.1347,27.913,30.9156,50.0201,99.1788,0.0723,40.9049,24.9363,No,0.0,0.0036,1.0169,Good,Low,2.5232,10.0,16.3648,25.8278,Moderate Risk,70.7191,48.0211,26.8194,Moderate Misalignment,43.8756,57.2719,Side Impact Potential,Urban,1.8851,False,Mixed,Poor Infrastructure,-0.0045,,False,41.2195,-0.0001,0.0023,Aligned,45,Unnamed Road,2004
3700,Unnamed Road,Urban Road,URB-03700,3700,12.9225,77.5294,12.9228,77.5295,35.0,1480.0,1480.035,15.9948,Aligned,0.7743,0.7351,0.2346,0.007,-0.0017,41.847,44.3998,49.7591,19.094,21.2459,50.1822,93.9687,0.2679,41.5622,9.0487,No,0.0,-0.0068,0.0377,Good,Medium,1.9366,10.0,10.0,22.4541,Safe,70.4318,44.2497,22.2127,Aligned,45.7706,58.263,Side Impact Potential,Peri-Urban,1.9809,False,Residential,Poor Infrastructure,0.0003,,False,37.6093,0.0071,0.007,Aligned,43,Unnamed Road,2005
3701,Unnamed Road,Urban Road,URB-03701,3701,12.9225,77.5294,12.9222,77.5293,35.6,1480.4,1480.436,42.6092,Moderate Misalignment,0.9214,0.0096,0.9496,0.0702,-0.0014,28.1129,31.9234,74.2718,61.833,53.5049,29.8655,51.5802,0.1354,59.8606,64.1404,No,0.0,0.0081,1.9682,Good,Medium,2.0761,10.0,10.0419,36.4655,Moderate Risk,63.4464,31.1155,50.6047,Moderate Misalignment,44.4643,68.4342,Significant Pedestrian Interaction,Urban,3.9666,False,Industrial,High Pedestrian Interaction | Active Congestion | Above Human Tolerance Limit,0.5743,Severe,False,17.7374,-0.0045,0.0118,Moderate Misalignment,28,Unnamed Road,2006
3702,Unnamed Road,Urban Road,URB-03702,3702,12.9191,77.5274,12.9196,77.5273,61.5,1480.8,1480.862,9.8048,Aligned,0.9557,0.9882,0.0367,0.0174,0.0042,23.4616,25.8431,28.4407,0.0,15.4848,50.5988,76.8335,0.1905,20.7523,4.5588,No,0.0,0.0024,0.0181,Poor,Low,1.1143,10.0,19.4629,22.0157,Safe,66.712,25.9078,21.6117,Aligned,22.6497,41.9249,Side Impact Potential,Rural,1.061,False,Industrial,Active Congestion | Poor Infrastructure,0.7987,Severe,False,10.1256,0.0009,-0.0094,Aligned,22,Unnamed Road,2007
3703,Unnamed Road,Urban Road,URB-03703,3703,12.9154,77.5263,12.9149,77.5263,54.6,1481.2,1481.255,9.3585,Aligned,0.9803,0.9452,0.0404,0.0041,0.0029,17.9958,19.6523,33.2168,0.4276,11.9009,50.584,90.7396,0.1518,20.209,0.9316,No,0.0,0.0043,0.0186,Poor,Low,2.4292,10.0,10.4092,19.5054,Safe,69.5023,18.4877,16.5849,Aligned,18.5328,33.8725,Side Impact Potential,Rural,2.1252,False,Industrial,Poor Infrastructure,0.2053,Light,False,13.7567,0.0068,0.0044,Aligned,16,Unnamed Road,2008
3704,Unnamed Road,Urban Road,URB-03704,3704,12.9165,77.5266,12.9167,77.5263,46.4,1481.6,1481.646,39.6352,Moderate Misalignment,0.9558,0.0627,0.9303,0.0413,0.002,81.1898,80.2337,100.0,0.0,15.421,82.1526,96.7281,0.0,60.0,10.3615,No,0.0,-0.0026,-0.0294,Poor,High,0.2504,10.0,28.8047,36.6844,Moderate Risk,45.549,80.6822,57.4646,High Misalignment,116.7041,37.0743,Separated Traffic,Rural,5.071,True,Residential,Speed Limit Misaligned | Poor Infrastructure | Above Human Tolerance Limit,0.182,Light,False,87.5933,-0.0083,0.0063,Moderate Misalignment,82,Unnamed Road,2009
3705,Unnamed Road,Urban Road,URB-03705,3705,12.9165,77.5266,12.9168,77.5267,38.7,1482.0,1482.039,11.9415,Aligned,0.9274,0.9127,0.059,0.0031,0.0112,26.4471,28.1329,52.4321,9.3671,23.2416,50.4478,89.1569,0.2447,30.2725,7.0579,No,0.0,-0.002,-0.0007,Good,Medium,3.6286,10.0,10.0,22.1255,Safe,70.3188,29.9334,18.3289,Aligned,28.7502,61.0475,Side Impact Potential,Urban,1.9039,False,Residential,Poor Infrastructure,0.1573,Light,False,20.3026,0.0022,0.01,Aligned,27,Unnamed Road,2010
3706,Unnamed Road,Urban Road,URB-03706,3706,12.9168,77.526,12.9167,77.5263,32.0,1482.4,1482.432,40.7052,Moderate Misalignment,0.99,0.0569,0.9739,-0.0037,0.0002,44.6183,46.1748,86.5135,22.9198,31.0637,70.5004,98.9191,0.3681,60.0,23.5218,No,0.0,-0.0046,0.019,Good,Medium,1.4846,10.0,12.2432,25.8237,Moderate Risk,69.8009,45.4387,25.7033,Moderate Misalignment,44.6845,63.6602,Separated Traffic,Urban,4.9083,True,Industrial,Poor Infrastructure,0.0281,,False,40.974,-0.0004,0.0041,Moderate Misalignment,45,Unnamed Road,2011
3707,Unnamed Road,Urban Road,URB-03707,3707,12.9296,77.5347,12.9281,77.5321,359.1,1482.8,1483.159,11.8706,Aligned,0.965,0.9728,0.0227,-0.005,0.0077,20.3165,20.5345,52.9892,47.1723,41.0075,49.5616,78.6227,0.0,30.6903,41.4029,No,0.0,0.0003,0.9546,Good,High,2.4902,10.0,10.0,23.8814,Safe,76.0133,20.2322,19.9107,Aligned,20.1486,64.2072,Side Impact Potential,Urban,2.9222,False,Commercial,Meets Safe System Standards,0.1806,Light,False,17.4753,0.006,0.0121,Aligned,21,Unnamed Road,2012
3708,Unnamed Road,Urban Road,URB-03708,3708,12.9168,77.526,12.9169,77.5257,32.2,1483.2,1483.232,100.0,Critical Misalignment,0.9763,0.0234,-0.0466,-0.0115,0.9916,30.1147,29.8251,98.9153,49.2227,47.5043,30.1428,86.3206,0.0829,58.6951,49.8386,No,0.0,0.0003,0.9831,Poor,Medium,0.4521,10.0,16.0212,56.342,High Risk,29.805,29.8107,99.3618,Critical Misalignment,91.2359,58.8011,Significant Pedestrian Interaction,Urban,5.2232,False,Commercial,Speed Limit Misaligned | High Pedestrian Interaction | Above Human Tolerance Limit,0.1811,Light,False,68.8546,-0.0014,-0.006,Critical Misalignment,31,Unnamed Road,2013
3709,Unnamed Road,Urban Road,URB-03709,3709,12.9169,77.5257,12.9171,77.5254,35.9,1483.6,1483.636,14.351,Aligned,0.9133,0.8442,0.0848,0.0102,0.005,72.6628,69.6315,98.1057,1.682,13.8822,79.9548,71.7576,0.305,60.0,0.0,No,0.0,-0.005,0.0252,Poor,Low,0.06,10.0,10.3921,21.2764,Safe,70.016,69.5128,17.7697,Aligned,69.9163,45.663,Separated Traffic,Rural,4.0052,True,Mixed,Poor Infrastructure,-0.0203,,False,59.0038,0.0021,-0.0074,Aligned,73,Unnamed Road,2014
3710,Unnamed Road,Urban Road,URB-03710,3710,12.9285,77.5311,12.9287,77.5309,31.2,1484.0,1484.031,65.7855,High Misalignment,0.8319,0.1022,0.0559,0.8436,0.0006,80.1452,80.0187,97.3648,6.816,20.2134,81.6495,12.699,0.2352,60.0,12.6931,No,0.0,-0.0036,-0.0172,Poor,Low,0.1724,10.0,27.0834,37.8675,Moderate Risk,46.0556,78.8384,59.3755,High Misalignment,114.3123,45.3278,Separated Traffic,Rural,5.1875,True,Residential,Speed Limit Misaligned | Active Congestion | Poor Infrastructure,0.7277,Severe,False,34.4602,-0.0008,-0.0093,High Misalignment,81,Unnamed Road,2015
3711,Unnamed Road,Urban Road,URB-03711,3711,12.9287,77.5309,12.9289,77.5308,24.1,1484.4,1484.424,10.9706,Aligned,0.9424,0.9298,0.0593,0.0116,0.0033,39.0152,36.1611,53.9121,57.9618,35.596,52.2851,85.4298,20.2967,39.5753,30.821,No,0.0,-0.0064,0.0142,Good,High,2.7433,10.0,10.0,25.6352,Moderate Risk,76.4115,38.5272,17.1058,Aligned,39.41,62.2957,Side Impact Potential,Urban,3.123,False,Commercial,Meets Safe System Standards,0.1581,Light,False,30.4088,-0.0109,0.9977,Aligned,41,Unnamed Road,2016
3712,Unnamed Road,Urban Road,URB-03712,3712,12.9171,77.5254,12.9172,77.5251,34.8,1484.8,1484.835,39.7085,Moderate Misalignment,0.9471,0.0344,0.9472,0.022,-0.0044,66.2594,65.6065,81.4494,44.4939,29.0514,67.6414,98.3226,0.0,51.5014,20.7524,No,0.0,0.0044,0.0277,Good,Medium,1.5261,10.0,29.4082,26.9468,Moderate Risk,69.4215,64.6797,33.9526,Moderate Misalignment,66.7205,64.3924,Separated Traffic,Urban,3.0176,True,Mixed,Meets Safe System Standards,0.1314,Light,False,51.9479,0.0029,0.0131,Moderate Misalignment,65,Unnamed Road,2017
3713,Unnamed Road,Urban Road,URB-03713,3713,12.9277,77.5315,12.9281,77.5321,98.9,1485.2,1485.299,33.5221,Moderate Misalignment,0.5538,0.3413,0.5603,0.1262,0.0035,59.4567,60.1046,99.115,31.0194,22.9093,81.2756,93.944,0.2155,60.0,14.3202,No,0.0,-0.0017,-0.0031,Poor,High,0.5206,10.0,10.0571,20.191,Safe,75.9023,57.6582,18.0693,Aligned,60.0832,52.4056,Separated Traffic,Peri-Urban,6.9027,True,Industrial,Poor Infrastructure,0.0262,,False,55.7922,-0.0179,0.0084,Moderate Misalignment,58,Unnamed Road,2018
3714,Unnamed Road,Urban Road,URB-03714,3714,12.9277,77.5315,12.9285,77.5311,121.2,1485.6,1485.721,10.9972,Aligned,0.9184,0.9226,0.0526,-0.0063,0.0028,23.4635,24.427,31.2267,0.2091,15.7751,51.0556,95.4006,0.0,20.1027,9.0091,No,0.0,0.0092,-0.0341,Poor,Low,1.0532,10.0,21.0636,23.0832,Safe,66.6041,24.0645,22.613,Aligned,22.954,37.2714,Side Impact Potential,Rural,1.7924,False,Industrial,Poor Infrastructure,0.1942,Light,False,20.3615,0.0113,0.0148,Aligned,25,Unnamed Road,2019
3715,Unnamed Road,Urban Road,URB-03715,3715,12.8984,77.5188,12.8925,77.5188,720.3,1486.0,1486.72,22.3088,Aligned,0.561,0.5582,0.4202,0.0183,-0.0075,28.8047,29.6478,51.7857,30.7703,45.7133,30.5053,92.8928,0.0,30.9876,46.9215,No,0.0,-0.011,1.0643,Good,Medium,2.7354,10.0,10.0868,28.947,Moderate Risk,71.2626,30.6734,24.593,Aligned,28.5951,67.7857,Significant Pedestrian Interaction,Urban,2.9766,False,Commercial,High Pedestrian Interaction | Poor Infrastructure,0.0287,,False,24.3961,0.005,0.0044,Aligned,29,Unnamed Road,2020
3716,Unnamed Road,Urban Road,URB-03716,3716,13.0559,77.6324,13.056,77.6321,40.4,1486.4,1486.44,11.5687,Aligned,0.9065,0.9488,0.0929,0.0013,0.015,61.5393,58.726,100.0,0.0,23.0595,80.4643,71.7455,0.0,60.0,8.7863,No,0.0,-0.005,0.0573,Good,Medium,0.4625,10.0,10.0,24.6673,Safe,67.6862,62.1165,19.1479,Aligned,60.3467,62.6415,Separated Traffic,Peri-Urban,8.082,True,Residential,Poor Infrastructure,-0.0077,,False,51.6032,0.0167,-0.0019,Aligned,63,Unnamed Road,2021
3717,Unnamed Road,Urban Road,URB-03717,3717,12.8736,77.5587,12.8822,77.566,2892.0,1486.8,1489.692,35.5387,Moderate Misalignment,0.9102,0.1563,0.9451,-0.0094,-0.0009,49.3956,49.3767,79.4773,52.2941,43.5988,52.23,93.0696,0.0,50.4913,47.2713,No,0.0,0.0036,0.9882,Good,Low,2.1019,10.0,20.1883,28.6858,Moderate Risk,71.586,50.9317,32.2061,Moderate Misalignment,58.8052,61.0349,Side Impact Potential,Urban,4.043,True,Mixed,Meets Safe System Standards,0.0372,,False,54.5879,0.0002,0.0088,Moderate Misalignment,49,Unnamed Road,2022
3718,Unnamed Road,Urban Road,URB-03718,3718,12.9711,77.5214,12.9615,77.5206,1076.0,1487.2,1488.276,31.5053,Moderate Misalignment,0.7491,0.2297,0.7811,0.0148,-0.0027,36.6281,35.3023,27.2899,15.4771,25.6187,50.2376,98.4167,0.0,32.2363,16.8768,No,0.0,-0.0043,0.0472,Good,High,3.1848,10.0,20.73,25.3047,Moderate Risk,67.2942,34.0887,25.8648,Moderate Misalignment,39.0352,57.9542,Side Impact Potential,Peri-Urban,1.9971,False,Industrial,Poor Infrastructure,-0.0036,,False,28.697,-0.0005,0.0031,Moderate Misalignment,39,Unnamed Road,2023
3719,Unnamed Road,Urban Road,URB-03719,3719,12.8765,77.5951,12.8727,77.5961,582.9,1487.6,1488.183,9.2779,Aligned,0.9468,0.9146,0.0193,0.0124,-0.009,23.3504,20.3225,26.3111,24.9842,22.0518,50.9936,97.7705,0.4349,20.0855,11.5923,No,0.0,-0.0054,0.0052,Good,Medium,2.4585,10.0,15.3686,20.7176,Safe,72.1039,22.1823,20.0561,Aligned,24.2449,50.7918,Side Impact Potential,Peri-Urban,1.263,False,Commercial,Poor Infrastructure,0.0087,,False,18.3299,0.0102,0.0131,Aligned,23,Unnamed Road,2024
3720,Unnamed Road,Urban Road,URB-03720,3720,13.0538,77.6197,13.0522,77.6198,181.6,1488.0,1488.182,29.4182,Moderate Misalignment,0.4888,0.43,0.4608,0.0313,0.0055,79.7921,79.3435,97.2987,0.0,14.1193,80.309,82.1045,0.0052,60.0,2.1134,No,0.0,-0.003,-0.0086,Poor,Low,0.1587,10.0,10.0,25.2358,Moderate Risk,62.0157,79.0062,30.1009,Moderate Misalignment,84.4135,39.5892,Separated Traffic,Rural,3.8,True,Residential,Poor Infrastructure | Above Human Tolerance Limit,0.0025,,False,78.3348,0.0085,0.0174,Moderate Misalignment,79,Unnamed Road,2025
3721,Unnamed Road,Urban Road,URB-03721,3721,13.0522,77.6198,13.0508,77.6195,172.2,1488.4,1488.572,97.9764,Critical Misalignment,0.964,-0.0258,0.028,0.0046,0.9832,49.4191,50.8148,100.0,1.7945,16.6307,47.0884,89.4185,0.3935,60.0,9.7519,No,0.0,-0.0027,0.0458,Good,Medium,0.0219,10.0,10.0,44.6263,Moderate Risk,34.3854,52.2109,76.2392,Critical Misalignment,94.9994,37.7021,Side Impact Potential,Rural,6.051,False,Industrial,Speed Limit Misaligned | Poor Infrastructure | Above Human Tolerance Limit,0.011,,False,82.9711,-0.0046,-0.0016,Critical Misalignment,48,Unnamed Road,2026