segment_id,road_name,road_type,human_segment_id,internal_id,start_lat,start_lon,end_lat,end_lon,length_m,start_km,end_km,road_risk_score,ai_risk_label,ai_risk_probability,prob_low_risk,prob_medium_risk,prob_high_risk,prob_critical_risk,ai_recommended_speed,recommended_safe_speed,road_function_score,infrastructure_score,exposure_score,human_tolerance_limit,operating_speed_score,crash_risk_score,posted_speed_limit,pedestrian_exposure_score,blackspot_flag,crash_count,fatal_crashes,schools_count,lighting_quality,roadside_hazards,intersection_density,speed_compliance_rate,speed_violation_score,hotspot_score,hotspot_category,speed_safety_score,original_safe_speed,misalignment_score,misalignment_category,speed_p85,ptw_share_pct,exposure_tier,urban_rural_flag,lane_count,median_presence,land_use_type,top_ai_factors,congestion_index,congestion_category,congestion_smoothed,operating_speed_mean,minor_crashes,major_crashes,risk_category,final_safe_speed,corridor_base,corridor_seq
3722,Unnamed Road,Urban Road,URB-03722,3722,13.0518,77.6197,13.0522,77.6198,82.0,1488.8,1488.882,15.8344,Aligned,0.8207,0.8523,0.2049,-0.0097,-0.0017,44.606,43.1694,70.9132,34.9238,33.8205,51.1727,95.537,0.1369,39.2803,29.0439,No,0.0,-0.0094,0.0048,Poor,Low,1.5342,10.0,10.0,23.8583,Safe,72.5808,43.2891,23.7781,Aligned,39.7836,62.5838,Side Impact Potential,Urban,3.1237,False,Mixed,Poor Infrastructure,-0.0,,False,34.0644,-0.0007,-0.008,Aligned,43,Unnamed Road,2027
3723,Unnamed Road,Urban Road,URB-03723,3723,13.0475,77.6199,13.0474,77.6212,140.6,1489.2,1489.341,33.4539,Moderate Misalignment,0.8092,0.1761,0.8085,0.0101,0.0015,51.2714,51.3914,85.3272,0.3682,28.6227,48.9223,93.1333,0.0904,49.6347,14.9556,No,0.0,-0.0041,-0.0519,Good,High,1.9161,10.0,22.2187,30.8155,Moderate Risk,59.9185,51.5758,36.1758,Moderate Misalignment,60.9561,68.8545,Side Impact Potential,Urban,4.8049,True,Commercial,Poor Infrastructure,-0.0188,,False,55.029,0.0093,0.0026,Moderate Misalignment,50,Unnamed Road,2028
3724,Unnamed Road,Urban Road,URB-03724,3724,13.044,77.6205,13.0474,77.6212,379.8,1489.6,1489.98,37.4844,Moderate Misalignment,0.859,0.1403,0.8698,0.0158,0.0189,29.9565,30.4849,55.141,66.999,60.5486,30.1342,94.9041,0.0,42.3264,76.0335,No,0.0,0.0107,1.9415,Good,High,3.0435,10.0,19.8822,37.645,Moderate Risk,64.3681,30.3113,46.9855,Moderate Misalignment,49.6184,64.1241,Significant Pedestrian Interaction,Urban,3.9262,False,Industrial,High Pedestrian Interaction | Above Human Tolerance Limit,0.0229,,False,44.2821,-0.0096,0.0018,Moderate Misalignment,29,Unnamed Road,2029
3725,Unnamed Road,Urban Road,URB-03725,3725,13.0474,77.6212,13.05,77.622,305.2,1490.0,1490.305,11.8819,Aligned,0.9905,0.999,0.0412,0.0107,-0.003,39.683,40.7638,30.773,12.0173,18.1311,50.0473,94.9049,0.1675,31.7607,3.3039,No,0.0,0.0046,-0.0235,Poor,High,2.3986,10.0,33.2607,24.2591,Moderate Risk,64.9687,38.7083,29.6203,Moderate Misalignment,40.0674,55.4683,Side Impact Potential,Peri-Urban,1.981,False,Mixed,Poor Infrastructure,-0.0105,,False,34.5464,-0.0042,-0.0072,Aligned,40,Unnamed Road,2030
3726,Unnamed Road,Urban Road,URB-03726,3726,13.0474,77.6212,13.0413,77.6212,705.4,1490.4,1491.105,11.273,Aligned,0.9139,0.9103,0.0602,0.0087,0.0105,45.2808,45.3469,99.4392,0.0,14.1992,79.9967,58.1892,0.0354,59.7155,1.7093,No,0.0,-0.0089,-0.0542,Good,High,0.2475,10.0,10.2473,20.7838,Safe,69.167,47.4565,18.4508,Aligned,46.5374,48.1457,Separated Traffic,Peri-Urban,6.1985,True,Residential,Poor Infrastructure,0.2327,Light,False,31.4143,0.0047,-0.0075,Aligned,47,Unnamed Road,2031
3727,Unnamed Road,Urban Road,URB-03727,3727,13.0475,77.6199,13.0508,77.6195,382.5,1490.8,1491.183,41.7077,Moderate Misalignment,0.944,0.0099,0.9259,0.0661,-0.0023,30.5514,31.6705,71.1326,34.6498,45.5823,28.5923,39.2553,0.7908,50.1129,52.4352,No,0.0,-0.0027,1.0387,Good,Medium,1.4785,10.0,10.0,38.4987,Moderate Risk,57.3157,30.4661,51.624,High Misalignment,35.3006,58.0568,Significant Pedestrian Interaction,Urban,3.1533,False,Commercial,Speed Limit Misaligned | High Pedestrian Interaction | Active Congestion,0.7639,Severe,False,11.3411,0.0043,0.0122,Moderate Misalignment,31,Unnamed Road,2032
3728,Unnamed Road,Urban Road,URB-03728,3728,13.0508,77.6195,13.0518,77.6197,117.9,1491.2,1491.318,9.1528,Aligned,0.9548,0.9855,0.0698,-0.0021,-0.0016,40.0475,41.0034,79.523,27.0191,31.6426,48.8762,68.551,0.2052,50.2056,21.302,No,0.0,0.0082,0.0248,Good,Low,2.2945,10.0,10.8571,23.8505,Safe,73.2004,41.2822,19.9507,Aligned,39.4493,65.0872,Side Impact Potential,Urban,5.9334,False,Residential,Poor Infrastructure,0.2291,Light,False,28.5168,-0.0212,-0.006,Aligned,40,Unnamed Road,2033
3729,Unnamed Road,Urban Road,URB-03729,3729,13.0502,77.6218,13.0508,77.6195,264.5,1491.6,1491.865,36.3927,Moderate Misalignment,0.8837,0.0854,0.8896,-0.0041,-0.0025,47.6032,48.7462,53.6359,29.0337,31.0384,49.087,100.0,0.0526,41.6311,27.3125,No,0.0,-0.0067,-0.0376,Poor,Low,2.852,10.0,27.6282,27.4905,Moderate Risk,65.8197,47.3615,31.3195,Moderate Misalignment,53.3958,58.6234,Side Impact Potential,Urban,3.9557,False,Mixed,Poor Infrastructure,0.1686,Light,False,39.5584,-0.0062,-0.0144,Moderate Misalignment,46,Unnamed Road,2034
3730,Unnamed Road,Urban Road,URB-03730,3730,13.0502,77.6218,13.05,77.622,87.2,1492.0,1492.087,11.0376,Aligned,0.9761,1.0083,-0.0106,-0.0113,0.0039,19.4557,20.9432,55.3447,0.0,19.5283,52.9143,83.1873,0.0,37.7821,2.9008,No,0.0,-0.0045,0.0462,Poor,Medium,2.1953,10.0,10.4412,23.2503,Safe,68.909,19.8132,19.7356,Aligned,19.1573,61.0074,Side Impact Potential,Peri-Urban,4.0395,False,Commercial,Poor Infrastructure,0.0037,,False,17.5751,-0.0202,-0.0059,Aligned,20,Unnamed Road,2035
3731,Unnamed Road,Urban Road,URB-03731,3731,13.0475,77.6199,13.045,77.6194,290.4,1492.4,1492.69,28.1373,Moderate Misalignment,0.5183,0.4567,0.5267,0.0181,0.0012,71.132,69.3839,95.1509,2.2171,13.9212,80.5892,45.8079,0.0614,60.0,2.4663,No,0.0,-0.002,-0.0755,Good,Low,0.2449,10.0,10.3983,25.6101,Moderate Risk,61.9757,71.3767,28.494,Moderate Misalignment,69.1684,40.2616,Separated Traffic,Rural,7.0103,True,Residential,Approach to Congestion (Tapered) | Poor Infrastructure | Above Human Tolerance Limit,0.1705,Light,True,52.8769,0.0026,-0.0043,Moderate Misalignment,71,Unnamed Road,2036
3732,Unnamed Road,Urban Road,URB-03732,3732,13.045,77.6194,13.0441,77.6193,97.8,1492.8,1492.898,13.3226,Aligned,0.9797,0.9373,0.0483,0.0085,0.013,26.1056,27.4017,54.6928,45.2861,36.7297,49.3503,88.16,0.4013,30.8811,32.7414,No,0.0,-0.0098,0.0506,Good,Low,3.5363,10.0,10.4448,22.2921,Safe,78.2745,27.3761,18.3849,Aligned,30.5806,64.6249,Side Impact Potential,Urban,4.0277,False,Residential,Meets Safe System Standards,0.1579,Light,False,21.8811,-0.0063,0.0173,Aligned,29,Unnamed Road,2037
3733,Unnamed Road,Urban Road,URB-03733,3733,13.0542,77.6198,13.0585,77.6214,546.7,1493.2,1493.747,26.7193,Moderate Misalignment,0.5135,0.4408,0.5192,0.0262,0.0026,59.0124,58.9854,99.6319,9.0997,12.861,79.3611,92.6846,0.0,60.0,4.7448,No,0.0,0.0008,-0.0445,Poor,Medium,0.2533,10.0,10.0,19.0699,Safe,70.7685,57.4045,17.2596,Aligned,60.2039,38.9409,Separated Traffic,Rural,4.2848,True,Industrial,Poor Infrastructure,0.0094,,False,56.4223,-0.0061,-0.01,Moderate Misalignment,59,Unnamed Road,2038
3734,Unnamed Road,Urban Road,URB-03734,3734,13.0412,77.6198,13.0413,77.6212,150.0,1493.6,1493.75,8.9171,Aligned,1.0012,0.9861,0.0343,-0.0145,0.0028,16.117,20.8953,29.0525,28.1693,24.25,49.9299,90.2128,0.0,41.1323,12.7518,No,0.0,0.0094,-0.0251,Poor,Low,3.3913,10.0,10.0,19.8841,Safe,75.1948,18.1637,18.0616,Aligned,18.2196,62.1266,Side Impact Potential,Peri-Urban,0.9644,False,Residential,Poor Infrastructure,0.0156,,False,16.7326,-0.0058,0.0093,Aligned,18,Unnamed Road,2039
3735,Unnamed Road,Urban Road,URB-03735,3735,13.0412,77.6192,13.0412,77.6198,75.2,1494.0,1494.075,76.5389,High Misalignment,0.9946,0.0095,0.0182,1.0049,-0.0002,50.1018,49.0736,97.1145,9.9676,25.9703,48.4929,10.3668,0.0036,60.0,10.5544,No,0.0,0.0069,-0.0199,Good,High,0.5033,10.0,10.0676,39.7978,Moderate Risk,45.8617,50.1157,59.8783,High Misalignment,66.6059,69.8637,Side Impact Potential,Urban,4.2091,False,Residential,Speed Limit Misaligned | Active Congestion | Poor Infrastructure,0.7794,Severe,False,17.3686,-0.0026,0.0014,High Misalignment,49,Unnamed Road,2040
3736,Unnamed Road,Urban Road,URB-03736,3736,13.0413,77.6212,13.0434,77.6207,255.0,1494.4,1494.655,20.6419,Aligned,0.6243,0.658,0.3856,0.0157,-0.0043,66.998,66.5577,98.5793,20.4106,22.2061,80.9995,54.5275,0.3266,60.0,10.6586,No,0.0,0.0029,-0.0183,Poor,High,0.5123,10.0,10.0,26.9478,Moderate Risk,64.9264,67.5848,32.7534,Moderate Misalignment,65.9229,56.2493,Separated Traffic,Urban,6.8458,True,Commercial,Poor Infrastructure | Above Human Tolerance Limit,0.004,,False,61.6549,0.0104,-0.0147,Aligned,66,Unnamed Road,2041
3737,Unnamed Road,Urban Road,URB-03737,3737,13.0424,77.6136,13.0412,77.6189,606.8,1494.8,1495.407,15.3809,Aligned,0.8342,0.8534,0.1133,0.0429,0.0105,68.6881,70.2316,99.2214,47.0081,28.2447,80.4245,74.6744,0.6215,60.0,17.7732,No,0.0,-0.0054,0.0244,Good,High,0.4993,10.0,10.4642,18.6296,Safe,80.2218,69.492,17.0674,Aligned,70.4681,64.5747,Separated Traffic,Urban,8.026,True,Commercial,Meets Safe System Standards,0.0217,,False,64.1252,0.0048,0.0056,Aligned,71,Unnamed Road,2042
3738,Unnamed Road,Urban Road,URB-03738,3738,13.043,77.6105,13.0424,77.6136,344.5,1495.2,1495.544,11.8121,Aligned,0.9961,0.9939,-0.0011,0.0096,-0.0055,35.7861,34.9932,77.5627,28.0913,25.0684,49.1913,85.814,0.0,60.0,12.846,No,0.0,0.0042,0.0583,Poor,Medium,1.9717,10.0,10.1387,20.0634,Safe,74.452,37.367,18.9735,Aligned,37.4661,62.3781,Side Impact Potential,Urban,4.7571,False,Residential,Poor Infrastructure,0.1454,Light,False,30.1342,0.015,0.0104,Aligned,35,Unnamed Road,2043
3739,Unnamed Road,Urban Road,URB-03739,3739,13.0542,77.6198,13.0538,77.6197,37.1,1495.6,1495.637,9.1342,Aligned,0.9628,0.9404,0.0859,0.0096,0.0056,39.4267,35.8206,54.1851,55.3401,36.5358,49.081,83.5695,19.6918,38.5128,29.8685,No,0.0,0.0066,0.0298,Good,High,2.667,10.0,10.2614,25.5963,Moderate Risk,76.7252,37.1206,17.935,Aligned,38.3063,60.5999,Side Impact Potential,Urban,2.6927,False,Commercial,Meets Safe System Standards,0.1108,Light,False,29.4847,0.0247,0.9916,Aligned,40,Unnamed Road,2044
3740,Unnamed Road,Urban Road,URB-03740,3740,13.0474,77.6011,13.048,77.601,64.6,1496.0,1496.065,14.7815,Aligned,0.822,0.809,0.1703,-0.0006,0.01,37.4749,35.4943,81.878,23.6997,25.1776,49.5214,87.2217,0.5626,42.6315,9.0846,No,0.0,-0.0117,-0.0281,Good,Low,1.8727,10.0,10.0,22.5183,Safe,73.4656,37.3482,19.8432,Aligned,37.1685,62.69,Side Impact Potential,Urban,4.1261,True,Residential,Poor Infrastructure,0.0022,,False,33.1263,0.0101,0.0086,Aligned,37,Unnamed Road,2045
3741,Unnamed Road,Urban Road,URB-03741,3741,13.0472,77.6011,13.0474,77.6011,29.3,1496.4,1496.429,7.4547,Aligned,0.9953,1.0134,0.014,0.0211,0.0011,23.9904,22.0099,52.3059,0.0,16.7756,51.9386,80.5785,0.0,31.8216,6.6561,No,0.0,0.0011,-0.0399,Poor,High,2.112,10.0,10.0,22.4411,Safe,68.206,22.1421,19.4243,Aligned,24.3801,47.2907,Side Impact Potential,Peri-Urban,1.9965,False,Residential,Poor Infrastructure,-0.0018,,False,19.6027,-0.0085,-0.0081,Aligned,23,Unnamed Road,2046
3742,Unnamed Road,Urban Road,URB-03742,3742,13.0444,77.601,13.0442,77.601,22.7,1496.8,1496.823,9.1781,Aligned,0.9988,1.0148,0.0038,0.0119,-0.0046,23.3384,23.0094,27.4578,33.2625,26.9305,50.0807,82.5123,0.3219,40.3809,21.2953,No,0.0,-0.0012,1.0,Good,High,2.4525,10.0,15.7313,21.7557,Safe,73.663,21.9501,22.0989,Aligned,21.9152,51.2225,Side Impact Potential,Peri-Urban,1.0438,False,Mixed,Active Congestion | Poor Infrastructure,0.6698,Severe,False,10.0,-0.0105,-0.006,Aligned,23,Unnamed Road,2047
3743,Unnamed Road,Urban Road,URB-03743,3743,13.0447,77.601,13.0444,77.601,27.9,1497.2,1497.228,10.614,Aligned,0.9745,0.9534,-0.0118,-0.0061,-0.0053,27.6678,27.0192,83.2269,19.8831,27.1859,49.7739,74.8223,0.3023,39.6654,18.971,No,0.0,0.002,0.9912,Poor,Low,1.9297,10.0,10.0,22.0801,Safe,72.2671,27.4433,18.7706,Aligned,25.1701,56.6666,Side Impact Potential,Urban,3.9285,True,Residential,Poor Infrastructure,-0.0106,,False,21.6292,0.0084,-0.005,Aligned,29,Unnamed Road,2048
3744,Unnamed Road,Urban Road,URB-03744,3744,13.0438,77.6024,13.043,77.6105,917.9,1497.6,1498.518,10.8055,Aligned,0.9812,1.0204,-0.0162,0.0145,-0.0033,39.6069,40.1113,82.3123,25.8325,26.5083,49.6933,78.9088,0.2712,59.6088,14.1086,No,0.0,0.0004,0.0257,Good,Medium,2.2798,10.0,10.0,21.0911,Safe,74.1514,39.9103,18.6827,Aligned,41.2608,63.4294,Side Impact Potential,Urban,3.0771,True,Residential,Poor Infrastructure,-0.0095,,False,32.8092,0.0119,-0.0023,Aligned,41,Unnamed Road,2049
3745,Unnamed Road,Urban Road,URB-03745,3745,13.0438,77.6009,13.0442,77.601,49.7,1498.0,1498.05,14.5063,Aligned,0.8622,0.8478,0.0911,0.0176,-0.001,35.1298,34.7683,84.5983,15.2821,29.8072,70.6918,87.5924,0.132,39.1697,18.6216,No,0.0,-0.0009,-0.0038,Poor,Low,1.4985,10.0,10.1033,24.4552,Safe,70.4679,33.1189,21.1533,Aligned,34.6721,66.6496,Separated Traffic,Urban,4.8876,True,Industrial,Poor Infrastructure,-0.0052,,False,31.0925,0.0166,0.0117,Aligned,37,Unnamed Road,2050
3746,Unnamed Road,Urban Road,URB-03746,3746,13.048,77.601,13.0483,77.6011,30.4,1498.4,1498.43,15.3331,Aligned,0.8081,0.7829,0.2243,0.0054,0.0011,26.2351,24.8744,25.3414,11.3695,19.7504,50.6397,96.9054,0.0,21.2462,12.2106,No,0.0,0.0064,0.0797,Poor,High,0.906,10.0,26.7886,24.7726,Safe,67.97,26.6668,24.641,Aligned,25.5984,44.1352,Side Impact Potential,Rural,0.9895,False,Commercial,Poor Infrastructure,0.0189,,False,23.5158,-0.0048,-0.0167,Aligned,27,Unnamed Road,2051
3747,Unnamed Road,Urban Road,URB-03747,3747,13.0483,77.6011,13.0491,77.6012,86.1,1498.8,1498.886,12.4362,Aligned,0.9848,1.0099,0.0197,-0.0003,-0.0004,41.2106,39.9381,59.1051,33.3812,29.7936,50.077,87.0137,0.03,40.9,19.7418,No,0.0,0.0016,-0.0439,Good,High,2.6434,10.0,10.2748,21.6474,Safe,75.0867,40.9809,19.7796,Aligned,41.6518,61.0294,Side Impact Potential,Urban,4.4438,False,Mixed,Poor Infrastructure,0.1931,Light,False,30.4527,0.007,0.001,Aligned,41,Unnamed Road,2052
3748,Unnamed Road,Urban Road,URB-03748,3748,13.0451,77.6011,13.0449,77.601,23.6,1499.2,1499.224,12.2874,Aligned,0.9516,0.9734,0.0683,0.0129,0.0104,21.6829,17.6933,53.2581,19.4101,21.4909,48.7719,77.2429,0.0773,29.4103,18.8033,No,0.0,0.0014,-0.0175,Good,Low,0.7433,10.0,10.3176,20.4093,Safe,73.529,21.5544,16.9456,Aligned,20.171,37.1737,Side Impact Potential,Rural,3.1889,False,Industrial,Poor Infrastructure,0.2067,Light,False,14.4645,0.0096,0.002,Aligned,20,Unnamed Road,2053
3749,Unnamed Road,Urban Road,URB-03749,3749,13.0453,77.6011,13.0451,77.6011,27.0,1499.6,1499.627,37.3221,Moderate Misalignment,0.8912,0.0711,0.9109,0.0022,-0.0012,74.8765,76.0172,100.0,0.6892,19.6074,82.3956,97.745,0.0,60.0,10.7139,No,0.0,-0.0047,-0.0265,Poor,Medium,0.0661,10.0,26.0353,29.726,Moderate Risk,58.9843,77.5904,35.3708,Moderate Misalignment,75.8405,46.0195,Separated Traffic,Rural,4.0353,True,Residential,Poor Infrastructure,-0.0061,,False,61.7832,0.0027,0.0171,Moderate Misalignment,75,Unnamed Road,2054
3750,Unnamed Road,Urban Road,URB-03750,3750,13.0447,77.601,13.0449,77.601,22.1,1500.0,1500.022,9.7111,Aligned,0.9648,0.9808,0.0559,0.0078,-0.0022,55.4495,53.5953,87.9236,21.1261,27.6037,70.5395,78.0165,0.0,60.0,23.9747,No,0.0,-0.0082,-0.0235,Poor,High,1.5676,10.0,10.7235,23.2549,Safe,72.9654,54.1215,18.9541,Aligned,53.5314,48.6439,Separated Traffic,Peri-Urban,5.1256,True,Industrial,Poor Infrastructure,0.0031,,False,45.8853,-0.0085,0.0058,Aligned,53,Unnamed Road,2055
3751,Unnamed Road,Urban Road,URB-03751,3751,13.042,77.5943,13.0438,77.6003,724.7,1500.4,1501.125,12.3368,Aligned,0.9282,0.8743,0.0692,0.0033,-0.0023,37.3865,39.9756,49.7961,15.8656,21.751,48.9652,84.9423,0.0,38.87,9.8367,No,0.0,-0.0079,0.0556,Poor,Low,1.7033,10.0,10.0,21.2052,Safe,71.9952,39.2329,17.019,Aligned,39.9165,55.27,Side Impact Potential,Peri-Urban,2.0006,False,Residential,Poor Infrastructure,0.17,Light,False,32.5927,-0.0108,0.0091,Aligned,37,Unnamed Road,2056
3752,Unnamed Road,Urban Road,URB-03752,3752,13.0444,77.6192,13.0475,77.6199,357.9,1500.8,1501.158,43.384,Moderate Misalignment,0.7904,0.0959,0.7936,0.1355,0.0075,45.4391,47.227,99.0335,17.2454,18.1224,50.1251,66.5745,0.1481,58.6123,10.5284,No,0.0,0.0014,-0.0193,Good,Medium,-0.0528,10.0,10.0258,25.0475,Safe,66.2603,46.4752,29.0122,Moderate Misalignment,50.2802,42.0389,Side Impact Potential,Rural,8.1288,False,Industrial,Poor Infrastructure | Above Human Tolerance Limit,0.0015,,False,39.9675,-0.0148,0.0156,Moderate Misalignment,45,Unnamed Road,2057
3753,Unnamed Road,Urban Road,URB-03753,3753,13.0497,77.6012,13.0491,77.6012,65.1,1501.2,1501.265,14.3595,Aligned,0.8295,0.8531,0.1483,0.0072,-0.0063,69.0769,64.2485,99.5621,0.3744,17.4258,79.9335,77.6523,40.1011,59.4724,4.2027,Yes,0.0,1.0016,0.013,Good,Medium,0.1006,10.0,10.3917,31.0827,Moderate Risk,60.7776,69.843,17.199,Aligned,70.3825,46.7702,Separated Traffic,Rural,6.0549,True,Residential,Poor Infrastructure,-0.0129,,False,65.8621,0.0057,-0.0093,Aligned,71,Unnamed Road,2058
3754,Unnamed Road,Urban Road,URB-03754,3754,13.0431,77.619,13.0444,77.6192,152.1,1501.6,1501.752,11.8499,Aligned,0.899,0.8597,0.1058,-0.0028,-0.0067,52.4257,51.5633,99.0223,3.0089,18.01,80.7104,60.1903,0.3684,60.0,9.7047,No,0.0,-0.0074,-0.0087,Poor,Medium,0.3364,10.0,10.0,21.5764,Safe,68.5675,53.7965,19.2406,Aligned,53.3488,42.7676,Separated Traffic,Rural,3.9616,True,Mixed,Poor Infrastructure,-0.0155,,False,46.1075,-0.0019,-0.0074,Aligned,51,Unnamed Road,2059
3755,Unnamed Road,Urban Road,URB-03755,3755,13.0431,77.619,13.0412,77.6192,217.5,1502.0,1502.217,11.3963,Aligned,0.8995,0.9131,0.0712,0.0001,-0.0152,63.4723,66.7821,99.3102,0.0,13.9476,80.8118,69.4354,0.0,58.6628,3.8385,No,0.0,0.0013,-0.0682,Good,Medium,0.3688,10.0,10.2265,19.9705,Safe,69.6195,64.7675,18.8834,Aligned,65.0613,36.5503,Separated Traffic,Rural,6.0215,True,Residential,Poor Infrastructure,0.1849,Light,False,51.0113,0.0269,0.0065,Aligned,65,Unnamed Road,2060
3756,Unnamed Road,Urban Road,URB-03756,3756,13.0441,77.6193,13.0431,77.619,122.1,1502.4,1502.522,12.8757,Aligned,0.9269,0.927,0.0607,-0.0027,0.0039,57.1407,59.0536,99.8108,1.3755,21.3297,80.5057,63.5088,0.438,59.9292,5.595,No,0.0,0.007,-0.0202,Good,High,0.4296,10.0,10.0,23.1067,Safe,68.6491,59.4192,20.9038,Aligned,56.7191,62.0341,Separated Traffic,Peri-Urban,7.0997,True,Residential,Poor Infrastructure,0.1946,Light,False,44.1079,0.0013,-0.0076,Aligned,59,Unnamed Road,2061
3757,Unnamed Road,Urban Road,URB-03757,3757,13.0412,77.6189,13.0431,77.619,220.4,1502.8,1503.02,37.8945,Aligned,0.3962,0.4309,0.308,0.301,0.0066,57.3946,54.2595,97.3697,1.4934,18.0408,77.8854,44.3965,0.5231,60.0,8.3033,No,0.0,0.0072,0.0017,Poor,Low,0.1852,10.0,10.0,21.292,Safe,68.494,56.1862,17.4011,Aligned,57.5513,39.8441,Separated Traffic,Rural,8.1478,True,Industrial,Poor Infrastructure,0.142,Light,False,43.7086,0.0148,-0.0001,Aligned,57,Unnamed Road,2062
3758,Unnamed Road,Urban Road,URB-03758,3758,13.0426,77.621,13.043,77.6208,48.4,1503.2,1503.248,10.8541,Aligned,0.965,0.9237,0.0246,0.0154,0.0015,28.6846,29.0582,83.635,21.1734,27.1391,49.7236,76.6245,0.2945,41.0955,18.7487,No,0.0,-0.0005,1.0,Poor,Low,2.0669,10.0,10.3625,22.6697,Safe,72.1127,27.2212,19.5457,Aligned,28.1745,57.1421,Side Impact Potential,Urban,4.2799,True,Residential,Poor Infrastructure,0.0169,,False,22.959,0.0035,0.008,Aligned,29,Unnamed Road,2063
3759,Unnamed Road,Urban Road,URB-03759,3759,13.043,77.6208,13.0434,77.6207,50.2,1503.6,1503.65,44.0551,Moderate Misalignment,0.8874,0.0793,0.8599,0.0831,-0.0026,50.1278,49.0128,99.9341,5.3374,14.2801,50.2439,64.8187,0.1706,59.5098,2.5042,No,0.0,-0.0076,0.0203,Poor,High,0.0326,10.0,10.2025,30.1992,Moderate Risk,55.8692,50.6915,43.288,Moderate Misalignment,55.0266,42.3432,Side Impact Potential,Rural,7.0831,False,Residential,Poor Infrastructure | Above Human Tolerance Limit,0.0042,,False,48.9702,-0.004,0.0009,Moderate Misalignment,52,Unnamed Road,2064
3760,Unnamed Road,Urban Road,URB-03760,3760,13.0438,77.6009,13.0438,77.6024,170.7,1504.0,1504.171,39.3085,Moderate Misalignment,0.9861,0.0611,0.9944,-0.0051,0.0079,80.8874,79.2805,100.0,24.0974,16.0676,81.7129,10.5462,0.0,59.3581,10.2735,No,0.0,-0.005,0.0652,Poor,Low,0.1625,10.0,10.0,23.5002,Safe,68.891,80.1172,28.1859,Moderate Misalignment,83.1925,35.7761,Separated Traffic,Rural,5.1588,True,Residential,Active Congestion | Poor Infrastructure | Above Human Tolerance Limit,0.6666,Severe,False,28.1522,-0.0022,-0.0215,Moderate Misalignment,82,Unnamed Road,2065
3761,Unnamed Road,Urban Road,URB-03761,3761,13.0438,77.6003,13.0438,77.6009,72.7,1504.4,1504.473,34.8631,Moderate Misalignment,0.5624,0.3306,0.5377,0.1398,0.0021,53.5394,54.417,98.2984,0.0,16.0061,80.0787,40.5213,0.5972,60.0,10.2944,No,0.0,-0.0075,-0.0479,Poor,Medium,0.1567,10.0,10.0273,21.0573,Safe,69.7008,53.1777,17.905,Aligned,52.765,35.4756,Separated Traffic,Rural,7.9114,True,Residential,Poor Infrastructure,0.1632,Light,False,40.777,0.0224,-0.0001,Moderate Misalignment,57,Unnamed Road,2066
3762,Unnamed Road,Urban Road,URB-03762,3762,13.0456,77.6011,13.0453,77.6011,26.7,1504.8,1504.827,26.7615,Moderate Misalignment,0.5761,0.4381,0.6002,-0.0068,-0.0043,43.2691,46.3396,77.7189,32.3828,33.6336,51.3541,98.3174,0.0172,39.4252,29.33,No,0.0,-0.0029,0.0814,Good,Medium,1.7884,10.0,10.0,24.9479,Safe,72.4716,44.3227,23.9681,Aligned,43.2599,57.2056,Side Impact Potential,Urban,6.1269,False,Mixed,Meets Safe System Standards,-0.0052,,False,40.0445,-0.0058,-0.006,Moderate Misalignment,44,Unnamed Road,2067
3763,Unnamed Road,Urban Road,URB-03763,3763,13.0469,77.601,13.0456,77.6011,146.4,1505.2,1505.346,15.3204,Aligned,0.8363,0.8469,0.1783,0.0292,0.005,70.2336,62.7235,100.0,0.0,15.642,82.6813,76.2742,40.3568,60.0,4.6583,Yes,0.0,0.9956,-0.057,Good,Medium,0.184,10.0,10.0,31.9063,Moderate Risk,60.1735,69.9131,20.2989,Aligned,72.1355,47.2059,Separated Traffic,Rural,5.9638,True,Residential,Poor Infrastructure,0.0039,,False,65.9702,0.0106,0.0058,Aligned,68,Unnamed Road,2068
3764,Unnamed Road,Urban Road,URB-03764,3764,13.0412,77.6189,13.0412,77.6192,26.8,1505.6,1505.627,38.5978,Moderate Misalignment,0.9297,0.0356,0.9289,-0.0014,0.0067,66.975,65.1124,81.2705,46.7659,28.3641,68.4778,97.1582,0.0,59.8928,17.8421,No,0.0,0.0035,0.0117,Good,Medium,1.6597,10.0,28.542,26.1698,Moderate Risk,68.333,63.7003,32.6109,Moderate Misalignment,65.0189,62.8292,Separated Traffic,Urban,3.0978,True,Mixed,Meets Safe System Standards,0.136,Light,False,50.4981,-0.0048,0.0078,Moderate Misalignment,66,Unnamed Road,2069
3765,Unnamed Road,Urban Road,URB-03765,3765,13.0472,77.6011,13.0469,77.601,32.5,1506.0,1506.033,11.0833,Aligned,0.9835,0.9329,0.0657,0.0025,0.0037,36.6332,35.1585,85.754,33.2998,27.0228,49.2693,80.4928,0.1893,59.8496,18.6155,No,0.0,-0.0039,0.0998,Poor,Medium,2.1004,10.0,10.0,20.3764,Safe,75.0766,32.4653,20.7083,Aligned,37.3525,54.3478,Side Impact Potential,Urban,5.096,True,Residential,Poor Infrastructure,0.1831,Light,False,25.9323,0.0046,0.0022,Aligned,35,Unnamed Road,2070
3766,Unnamed Road,Urban Road,URB-03766,3766,13.0441,77.6193,13.044,77.6205,133.1,1506.4,1506.533,41.4974,Moderate Misalignment,0.91,0.0759,0.8784,0.0491,0.0042,30.5282,29.7223,79.3597,23.1539,39.6071,29.8806,75.6465,0.002,39.4202,39.9397,No,0.0,0.0009,1.0543,Poor,Medium,1.4513,10.0,10.4722,32.4505,Moderate Risk,62.9731,30.8409,36.8562,Moderate Misalignment,30.4971,56.8774,Significant Pedestrian Interaction,Peri-Urban,6.053,False,Residential,High Pedestrian Interaction | Poor Infrastructure | Above Human Tolerance Limit,0.1926,Light,False,21.1399,0.0008,-0.0046,Moderate Misalignment,31,Unnamed Road,2071