segment_id,road_name,road_type,human_segment_id,internal_id,start_lat,start_lon,end_lat,end_lon,length_m,start_km,end_km,road_risk_score,ai_risk_label,ai_risk_probability,prob_low_risk,prob_medium_risk,prob_high_risk,prob_critical_risk,ai_recommended_speed,recommended_safe_speed,road_function_score,infrastructure_score,exposure_score,human_tolerance_limit,operating_speed_score,crash_risk_score,posted_speed_limit,pedestrian_exposure_score,blackspot_flag,crash_count,fatal_crashes,schools_count,lighting_quality,roadside_hazards,intersection_density,speed_compliance_rate,speed_violation_score,hotspot_score,hotspot_category,speed_safety_score,original_safe_speed,misalignment_score,misalignment_category,speed_p85,ptw_share_pct,exposure_tier,urban_rural_flag,lane_count,median_presence,land_use_type,top_ai_factors,congestion_index,congestion_category,congestion_smoothed,operating_speed_mean,minor_crashes,major_crashes,risk_category,final_safe_speed,corridor_base,corridor_seq
3767,Unnamed Road,Urban Road,URB-03767,3767,13.0434,77.6207,13.044,77.6205,71.2,1506.8,1506.871,24.0338,Aligned,0.5073,0.4655,0.4751,0.0299,0.0076,42.2043,42.151,81.6699,12.918,27.7297,48.926,95.0091,0.0,42.0015,12.4012,No,0.0,0.0122,0.0689,Good,High,1.4011,10.0,10.0,24.3281,Moderate Risk,69.6123,41.8602,22.7458,Aligned,40.0496,67.6053,Side Impact Potential,Urban,5.9795,False,Residential,Poor Infrastructure,0.012,,False,35.3621,0.0028,-0.0081,Aligned,43,Unnamed Road,2072
3768,Unnamed Road,Urban Road,URB-03768,3768,13.0328,77.5327,13.033,77.5324,43.4,1507.2,1507.243,40.7279,Moderate Misalignment,0.9811,-0.0247,0.954,0.0,-0.0005,74.1791,75.302,99.6617,13.4545,25.6882,79.8874,95.9577,0.0,58.7939,23.5321,No,0.0,-0.0062,0.952,Poor,Medium,0.3196,10.0,26.1546,29.0746,Moderate Risk,60.6251,75.564,38.818,Moderate Misalignment,76.4581,43.4772,Separated Traffic,Rural,5.9859,True,Residential,Poor Infrastructure,0.1601,Light,False,58.2205,0.0015,-0.0135,Moderate Misalignment,73,Unnamed Road,2073
3769,Unnamed Road,Urban Road,URB-03769,3769,13.0328,77.5327,13.0314,77.5321,167.9,1507.6,1507.768,13.0842,Aligned,0.8857,0.8882,0.0801,0.0232,0.0181,51.5317,53.7897,100.0,19.4236,36.4637,78.7304,76.5238,0.0,60.0,29.4392,No,0.0,0.0031,0.9952,Poor,High,0.7926,10.0,10.4039,26.1675,Moderate Risk,71.1221,53.0121,24.3427,Aligned,54.1474,66.6144,Separated Traffic,Urban,4.8829,True,Commercial,Poor Infrastructure,-0.0112,,False,42.2098,0.0055,0.0031,Aligned,51,Unnamed Road,2074
3770,Unnamed Road,Urban Road,URB-03770,3770,13.0323,77.5336,13.0328,77.5327,106.8,1508.0,1508.107,22.2134,Aligned,0.6192,0.5982,0.3998,-0.0118,0.0008,25.9476,24.5784,56.4042,41.8317,42.546,49.8727,93.5648,0.1112,60.0,39.6215,No,0.0,-0.0079,1.0846,Good,Low,4.079,10.0,10.0213,24.8159,Moderate Risk,75.4314,26.5663,22.191,Aligned,26.571,66.5564,Side Impact Potential,Urban,4.1107,False,Mixed,Meets Safe System Standards,0.0043,,False,23.0305,0.0162,-0.0096,Aligned,26,Unnamed Road,2075
3771,Unnamed Road,Urban Road,URB-03771,3771,13.033,77.5324,13.0334,77.5317,93.2,1508.4,1508.493,12.5069,Aligned,0.9044,0.879,0.113,0.0088,-0.0046,77.0144,74.6133,100.0,0.0,13.675,79.665,79.0555,0.0138,60.0,0.158,No,0.0,-0.0056,0.0414,Good,Medium,0.0945,10.0,10.0676,20.1,Safe,68.9779,74.9472,18.2455,Aligned,74.7065,44.4499,Separated Traffic,Rural,4.8728,True,Residential,Poor Infrastructure,0.0068,,False,65.6229,-0.0,0.0099,Aligned,78,Unnamed Road,2076
3772,Unnamed Road,Urban Road,URB-03772,3772,13.0312,77.5319,13.0314,77.5321,29.7,1508.8,1508.83,39.2976,Moderate Misalignment,0.9223,0.0476,0.8851,0.0481,0.0085,28.379,28.5578,77.5589,65.4919,49.4258,30.6778,76.1066,0.5231,38.4908,54.4179,No,0.0,0.0023,2.0202,Good,High,2.0955,10.0,10.0,30.1236,Moderate Risk,72.899,30.1229,32.6622,Moderate Misalignment,33.4905,58.0859,Significant Pedestrian Interaction,Urban,1.9674,True,Commercial,High Pedestrian Interaction | Above Human Tolerance Limit,0.1657,Light,False,24.2503,-0.0078,-0.0103,Moderate Misalignment,30,Unnamed Road,2077
3773,Unnamed Road,Urban Road,URB-03773,3773,13.0334,77.5317,13.0341,77.5306,143.2,1509.2,1509.343,13.7501,Aligned,0.8936,0.9505,0.0694,0.02,-0.0078,43.7775,34.3426,49.6553,0.0,16.036,48.8992,98.8081,40.141,40.2569,6.5142,Yes,0.0,1.0073,-0.0755,Poor,High,1.5028,10.0,10.0,33.1369,Moderate Risk,57.9263,41.7762,22.5297,Aligned,44.237,40.2442,Side Impact Potential,Rural,2.1988,False,Industrial,Poor Infrastructure,0.0175,,False,39.729,-0.01,0.0103,Aligned,46,Unnamed Road,2078
3774,Unnamed Road,Urban Road,URB-03774,3774,13.0314,77.5354,13.0323,77.5336,224.2,1509.6,1509.824,53.1717,High Misalignment,0.5003,0.0955,0.4313,0.5043,-0.0021,79.6381,76.2925,99.0221,9.2918,22.1527,80.9012,98.1339,20.3109,60.0,13.1597,No,0.0,0.0029,-0.0141,Poor,Low,0.483,10.0,21.2286,39.6362,Moderate Risk,46.8594,80.977,53.029,High Misalignment,109.2065,54.1613,Separated Traffic,Peri-Urban,6.1538,True,Residential,Speed Limit Misaligned | Poor Infrastructure | Above Human Tolerance Limit,-0.0048,,False,90.1691,0.0035,1.0011,High Misalignment,79,Unnamed Road,2079
3775,Unnamed Road,Urban Road,URB-03775,3775,13.0308,77.5328,13.0323,77.5336,196.8,1510.0,1510.197,39.1383,Moderate Misalignment,0.9295,0.0634,0.8933,0.0083,-0.0022,31.3214,28.053,55.7035,66.0795,52.9428,30.5519,83.8652,0.0645,49.5662,66.5676,No,0.0,-0.0053,1.0465,Good,Medium,2.7568,10.0,10.0,35.9697,Moderate Risk,64.0177,29.7541,49.4946,Moderate Misalignment,43.3886,63.0174,Significant Pedestrian Interaction,Urban,2.7266,False,Industrial,High Pedestrian Interaction | Above Human Tolerance Limit,-0.0055,,False,38.3974,0.002,0.001,Moderate Misalignment,31,Unnamed Road,2080
3776,Unnamed Road,Urban Road,URB-03776,3776,13.0323,77.5336,13.0304,77.5327,238.4,1510.4,1510.638,43.1425,Moderate Misalignment,0.8817,0.0859,0.8927,0.1098,-0.0048,49.7782,49.7205,99.6272,7.1603,14.5132,50.2159,68.4925,0.6117,59.6363,0.548,No,0.0,0.0046,-0.0133,Poor,High,0.0146,10.0,10.0233,29.568,Moderate Risk,54.6447,48.7329,42.1414,Moderate Misalignment,50.9039,44.7554,Side Impact Potential,Rural,6.9662,False,Residential,Poor Infrastructure | Above Human Tolerance Limit,0.0118,,False,50.1844,-0.0053,-0.0065,Moderate Misalignment,52,Unnamed Road,2081
3777,Unnamed Road,Urban Road,URB-03777,3777,13.0295,77.5343,13.0314,77.5354,238.7,1510.8,1511.039,8.1381,Aligned,0.9294,0.9008,0.0643,0.0015,0.0033,29.4999,27.9019,86.7987,55.894,42.4981,50.7378,74.8814,0.0,40.2626,50.2186,No,0.0,0.0013,1.0445,Poor,High,2.361,10.0,10.3321,23.1582,Safe,79.0887,28.0747,20.1719,Aligned,28.4923,56.2717,Side Impact Potential,Urban,4.969,True,Commercial,Meets Safe System Standards,0.1875,Light,False,22.791,0.0148,-0.0075,Aligned,32,Unnamed Road,2082
3778,Unnamed Road,Urban Road,URB-03778,3778,13.0272,77.53,13.0277,77.5303,58.9,1511.2,1511.259,9.5916,Aligned,0.965,0.9099,0.0261,0.0078,0.0064,28.6016,25.549,81.5786,1.6782,21.9424,49.3001,67.4835,0.3019,38.9689,6.6359,No,0.0,0.001,-0.0206,Poor,Medium,1.7313,10.0,10.2252,23.0095,Safe,68.3615,26.1926,20.4652,Aligned,25.9539,55.327,Side Impact Potential,Urban,2.7206,True,Residential,Poor Infrastructure,0.1842,Light,False,22.011,0.0073,0.0147,Aligned,29,Unnamed Road,2083
3779,Unnamed Road,Urban Road,URB-03779,3779,13.0312,77.5319,13.0277,77.5303,425.6,1511.6,1512.026,41.161,Moderate Misalignment,0.9089,0.0382,0.9368,0.0587,-0.0085,29.5232,32.0756,82.4251,68.8192,50.2778,31.0551,93.1906,0.4536,40.8959,55.5943,No,0.0,-0.0066,1.0701,Good,Medium,1.8649,10.0,13.937,32.2939,Moderate Risk,70.1673,30.9585,39.7874,Moderate Misalignment,46.4397,62.5828,Significant Pedestrian Interaction,Urban,4.1495,True,Commercial,High Pedestrian Interaction | Above Human Tolerance Limit,-0.0137,,False,37.4635,0.0042,0.0028,Moderate Misalignment,28,Unnamed Road,2084
3780,Unnamed Road,Urban Road,URB-03780,3780,13.0422,77.5146,13.0429,77.5126,239.4,1512.0,1512.239,11.903,Aligned,0.9025,0.9241,0.0447,0.0316,0.0062,25.7102,27.345,75.6229,5.0662,24.9872,50.9779,55.5688,0.2432,39.2956,13.9496,No,0.0,-0.0085,-0.0001,Good,Medium,1.4778,10.0,10.4067,24.1872,Safe,67.9588,30.0334,22.0355,Aligned,28.9518,57.1978,Side Impact Potential,Peri-Urban,5.1535,False,Residential,Active Congestion | Poor Infrastructure,0.6738,Severe,False,10.0,0.0052,-0.0044,Aligned,25,Unnamed Road,2085
3781,Unnamed Road,Urban Road,URB-03781,3781,13.0429,77.5126,13.0435,77.5111,170.0,1512.4,1512.57,9.225,Aligned,0.9894,0.9737,-0.003,0.0172,0.0016,27.6007,28.4011,75.0509,30.0808,27.2446,67.9422,72.0135,0.824,40.6577,16.8617,No,0.0,-0.0051,-0.0291,Poor,Low,1.5717,10.0,10.1292,22.0543,Safe,74.3958,25.8709,18.3772,Aligned,26.8732,66.6758,Separated Traffic,Urban,1.76,True,Mixed,Poor Infrastructure,-0.0017,,False,20.5,0.0063,-0.0073,Aligned,28,Unnamed Road,2086
3782,Unnamed Road,Urban Road,URB-03782,3782,13.0442,77.5104,13.044,77.5108,47.2,1512.8,1512.847,13.7139,Aligned,0.917,0.9584,0.1277,-0.0067,-0.006,28.1039,29.0819,52.358,19.4826,28.9444,49.0785,87.3923,0.0,60.0,14.6321,No,0.0,-0.0034,0.0206,Good,Low,3.4867,10.0,10.0234,23.3476,Safe,71.8931,29.4345,18.2142,Aligned,28.828,66.5567,Side Impact Potential,Urban,2.988,False,Commercial,Poor Infrastructure,-0.0182,,False,22.9275,-0.0013,0.0091,Aligned,28,Unnamed Road,2087
3783,Unnamed Road,Urban Road,URB-03783,3783,13.044,77.5108,13.0436,77.5116,113.9,1513.2,1513.314,20.117,Aligned,0.7427,0.743,0.2292,0.0358,-0.0013,77.9354,80.8473,97.0187,0.3004,16.3723,78.1435,78.1867,0.0,60.0,10.3965,No,0.0,0.0031,-0.0289,Poor,High,0.4986,10.0,10.3943,24.4145,Safe,64.8613,80.9007,25.3441,Moderate Misalignment,87.6972,42.3634,Separated Traffic,Rural,6.8529,True,Residential,Poor Infrastructure,0.1602,Light,False,66.6501,-0.0151,-0.0094,Aligned,78,Unnamed Road,2088
3784,Unnamed Road,Urban Road,URB-03784,3784,13.0326,77.5337,13.032,77.5347,136.7,1513.6,1513.737,28.5692,Aligned,0.4639,0.4397,0.4379,0.0425,0.0013,59.4121,55.887,98.8272,0.4256,16.1018,78.8574,40.6793,0.0055,59.441,10.7833,No,0.0,-0.0029,0.0016,Good,High,0.2322,10.0,10.0,26.9135,Moderate Risk,61.2296,57.1099,31.6131,Moderate Misalignment,57.7738,41.4305,Separated Traffic,Rural,4.0064,True,Industrial,Poor Infrastructure | Above Human Tolerance Limit,0.0246,,False,51.4442,0.0025,-0.0103,Aligned,60,Unnamed Road,2089
3785,Unnamed Road,Urban Road,URB-03785,3785,13.032,77.5347,13.0303,77.5377,393.5,1514.0,1514.393,14.185,Aligned,0.7903,0.7787,0.2116,0.0113,0.0069,20.3364,21.5676,28.9582,0.0,21.8029,49.208,95.0558,0.0,20.9318,6.9164,No,0.0,-0.0042,0.0026,Good,Low,2.7848,10.0,10.0,23.3134,Safe,66.5139,20.2114,20.5245,Aligned,18.984,57.0125,Side Impact Potential,Peri-Urban,1.9967,False,Industrial,Poor Infrastructure,0.1614,Light,False,16.7073,0.0126,-0.0107,Aligned,20,Unnamed Road,2090
3786,Unnamed Road,Urban Road,URB-03786,3786,13.0547,77.5181,13.0549,77.5182,26.9,1514.4,1514.427,10.8042,Aligned,0.9549,0.9653,0.0298,-0.0115,-0.0082,29.2471,29.9662,80.2671,37.4986,39.6109,51.4855,81.2212,0.1989,60.0,41.0798,No,0.0,-0.0057,1.0164,Good,High,1.8299,10.0,10.122,25.7523,Moderate Risk,74.1012,31.2938,23.5042,Aligned,30.3833,65.2125,Side Impact Potential,Urban,4.1872,True,Commercial,Meets Safe System Standards,-0.0125,,False,22.5565,-0.0002,-0.0039,Aligned,29,Unnamed Road,2091
3787,Unnamed Road,Urban Road,URB-03787,3787,13.0549,77.5182,13.0551,77.5182,22.8,1514.8,1514.823,13.7528,Aligned,0.9372,0.9397,0.0711,0.0076,-0.0008,18.4367,20.6391,27.9929,1.0194,12.395,49.0876,89.975,0.3444,20.0,1.9514,No,0.0,-0.003,-0.0536,Poor,Medium,1.5939,10.0,10.0,20.2082,Safe,70.2256,19.0514,17.1974,Aligned,16.5112,35.7503,Side Impact Potential,Rural,0.9603,False,Residential,Poor Infrastructure,0.1764,Light,False,12.3417,-0.0061,-0.0052,Aligned,18,Unnamed Road,2092
3788,Unnamed Road,Urban Road,URB-03788,3788,13.0475,77.5017,13.0476,77.5012,53.9,1515.2,1515.254,14.1567,Aligned,0.9254,0.9169,0.0706,0.0027,0.0016,50.7309,51.278,98.8311,10.0019,22.5164,79.7939,51.6766,0.0901,59.9074,10.2246,No,0.0,0.0014,0.0442,Good,Low,0.4605,10.0,10.0,21.7595,Safe,69.2886,49.5093,19.4625,Aligned,50.5067,56.5969,Separated Traffic,Peri-Urban,4.103,True,Industrial,Poor Infrastructure,0.2198,Light,False,37.2664,-0.0111,-0.0099,Aligned,50,Unnamed Road,2093
3789,Unnamed Road,Urban Road,URB-03789,3789,13.0476,77.5012,13.0491,77.4975,439.2,1515.6,1516.039,14.3777,Aligned,0.838,0.8796,0.1476,-0.0212,0.0051,40.4018,43.2181,98.0298,8.8624,18.2159,80.1021,56.5653,0.2817,59.628,9.676,No,0.0,-0.0031,0.0525,Good,Medium,0.2613,10.0,10.0,20.4785,Safe,70.9256,42.3044,17.6836,Aligned,39.3531,42.9224,Separated Traffic,Rural,7.8733,True,Commercial,Poor Infrastructure,0.1823,Light,False,33.1832,-0.0002,-0.0065,Aligned,42,Unnamed Road,2094
3790,Unnamed Road,Urban Road,URB-03790,3790,13.0551,77.5182,13.0553,77.5183,24.1,1516.0,1516.024,32.9915,Moderate Misalignment,0.5616,0.344,0.5898,0.1111,-0.0094,57.1772,57.7851,99.4523,0.0,16.0591,79.6134,86.215,0.3804,59.6753,5.8741,No,0.0,0.0001,0.0325,Poor,Low,0.2081,10.0,10.0,21.4303,Safe,69.9093,57.3099,19.1954,Aligned,55.7171,39.4085,Separated Traffic,Rural,4.8696,True,Residential,Poor Infrastructure,0.0102,,False,51.1083,0.0193,-0.0075,Moderate Misalignment,56,Unnamed Road,2095
3791,Unnamed Road,Urban Road,URB-03791,3791,13.0489,77.4974,13.0491,77.4975,20.6,1516.4,1516.421,16.9648,Aligned,0.7721,0.8031,0.1886,-0.005,0.0057,32.9721,34.2208,51.5106,18.1637,24.5455,50.5295,97.383,0.0,30.5664,11.3439,No,0.0,0.0003,0.0633,Poor,Medium,2.2283,10.0,11.2594,22.8764,Safe,70.7788,34.6212,23.0254,Aligned,32.7641,58.2268,Side Impact Potential,Urban,3.0431,False,Industrial,Poor Infrastructure,-0.005,,False,27.34,0.0099,-0.0145,Aligned,33,Unnamed Road,2096
3792,Unnamed Road,Urban Road,URB-03792,3792,13.0367,77.527,13.0367,77.5278,82.4,1516.8,1516.882,39.3715,Moderate Misalignment,0.9563,0.0586,0.9899,0.0052,0.0044,36.2154,36.6092,55.8515,27.7814,35.7413,50.4185,100.0,0.2522,30.4008,46.1196,No,0.0,-0.0036,1.0056,Poor,High,1.3392,10.0,20.1487,27.5954,Moderate Risk,67.9927,35.0128,28.574,Moderate Misalignment,35.4697,36.9958,Side Impact Potential,Rural,4.1701,False,Residential,Poor Infrastructure,0.0062,,False,27.8554,0.0081,0.0085,Moderate Misalignment,38,Unnamed Road,2097
3793,Unnamed Road,Urban Road,URB-03793,3793,13.0369,77.5261,13.0367,77.527,102.9,1517.2,1517.303,33.449,Moderate Misalignment,0.7328,0.2467,0.7761,0.0427,0.009,63.2352,65.4685,99.7714,5.3412,21.1428,81.8335,50.3455,0.0,59.5088,12.3828,No,0.0,0.0067,0.0171,Poor,High,0.1435,10.0,10.0556,21.7725,Safe,67.7705,65.3523,19.5534,Aligned,68.4219,51.202,Separated Traffic,Peri-Urban,3.8361,True,Residential,Poor Infrastructure,0.211,Light,False,44.6035,0.0018,-0.001,Moderate Misalignment,62,Unnamed Road,2098
3794,Unnamed Road,Urban Road,URB-03794,3794,13.0368,77.5296,13.0367,77.5278,197.6,1517.6,1517.798,10.3694,Aligned,0.9644,0.9405,0.0616,0.0011,0.0012,22.633,22.4863,50.0277,15.6599,28.0033,49.3633,82.327,0.2262,30.3129,20.5273,No,0.0,-0.0006,-0.0006,Poor,High,3.6262,10.0,10.0968,23.6389,Safe,69.9548,22.6981,21.7558,Aligned,20.7246,55.148,Side Impact Potential,Urban,2.3137,False,Mixed,Poor Infrastructure,0.1575,Light,False,19.031,0.0024,-0.0001,Aligned,21,Unnamed Road,2099
3795,Unnamed Road,Urban Road,URB-03795,3795,13.0553,77.5183,13.0555,77.5183,23.8,1518.0,1518.024,10.2358,Aligned,0.9939,0.9991,0.0196,0.0127,0.0038,18.7575,19.4587,32.4134,29.3553,25.4387,50.7902,76.1725,0.0785,22.4465,17.9859,No,0.0,-0.011,-0.0028,Poor,Medium,3.3682,10.0,10.0,20.6205,Safe,75.5452,17.5591,18.6503,Aligned,18.5149,51.2307,Side Impact Potential,Peri-Urban,1.8574,False,Residential,Active Congestion | Poor Infrastructure,0.7405,Severe,False,10.0,0.0069,-0.0028,Aligned,19,Unnamed Road,2100
3796,Unnamed Road,Urban Road,URB-03796,3796,13.0457,77.5138,13.046,77.5139,32.5,1518.4,1518.433,8.416,Aligned,0.9789,1.0184,-0.0167,0.0144,0.0072,37.0282,37.7875,87.0341,61.6818,33.7605,49.7499,73.937,0.0,49.6805,24.9194,No,0.0,0.0002,0.0581,Good,Medium,1.8334,10.0,10.4519,18.6214,Safe,81.6426,37.7545,16.0551,Aligned,35.7904,68.4808,Side Impact Potential,Urban,5.0597,True,Commercial,Meets Safe System Standards,0.0174,,False,30.9701,-0.0047,0.0023,Aligned,37,Unnamed Road,2101
3797,Unnamed Road,Urban Road,URB-03797,3797,13.0455,77.5137,13.0457,77.5138,34.3,1518.8,1518.834,12.3776,Aligned,0.8792,0.8811,0.0997,0.0132,-0.0073,55.8456,58.5698,100.0,0.6327,16.5767,78.1002,26.4384,0.3028,60.0,8.1341,No,0.0,0.0003,0.0059,Poor,Medium,0.0904,10.0,10.0,20.727,Safe,69.4684,60.4094,18.074,Aligned,59.0154,37.8743,Separated Traffic,Rural,5.1071,True,Residential,Active Congestion | Poor Infrastructure,0.6222,Severe,False,22.2155,0.0064,-0.0056,Aligned,57,Unnamed Road,2102
3798,Unnamed Road,Urban Road,URB-03798,3798,13.046,77.5139,13.0463,77.514,30.3,1519.2,1519.23,36.8803,Moderate Misalignment,0.8865,0.1012,0.8921,0.0071,0.0089,26.5406,26.563,26.8849,54.0508,40.7814,28.2443,96.8488,0.5567,20.0,49.959,No,0.0,-0.003,2.9551,Poor,High,2.5712,10.0,30.8085,25.4669,Moderate Risk,75.7477,26.2312,25.5466,Moderate Misalignment,27.7475,55.5695,Significant Pedestrian Interaction,Peri-Urban,1.1721,False,Industrial,High Pedestrian Interaction,0.0042,,False,22.6284,-0.002,-0.0077,Moderate Misalignment,24,Unnamed Road,2103
3799,Unnamed Road,Urban Road,URB-03799,3799,13.0555,77.5183,13.0557,77.5184,21.8,1519.6,1519.622,72.8408,High Misalignment,0.9647,-0.0041,-0.0468,0.9709,0.0106,29.8741,29.668,86.8866,66.5168,43.1397,29.6268,98.9146,0.0654,49.2016,39.6828,No,0.0,0.0005,0.0012,Good,Medium,2.1542,10.0,26.4765,37.5964,Moderate Risk,58.3578,30.1097,58.6091,High Misalignment,64.4249,68.5918,Significant Pedestrian Interaction,Urban,4.969,True,Residential,Speed Limit Misaligned | High Pedestrian Interaction | Above Human Tolerance Limit,0.1284,Light,False,47.6988,-0.0251,0.017,High Misalignment,30,Unnamed Road,2104
3800,Unnamed Road,Urban Road,URB-03800,3800,13.0463,77.514,13.0465,77.514,31.2,1520.0,1520.031,13.0068,Aligned,0.9761,0.9952,0.046,0.0051,0.0124,25.1311,26.8668,52.284,37.8925,35.5254,51.4037,85.2571,0.0629,32.5487,29.4647,No,0.0,0.0115,2.0536,Poor,Low,2.9121,10.0,10.0,23.4022,Safe,76.0369,24.6228,20.5244,Aligned,25.9878,65.6456,Side Impact Potential,Urban,3.9408,False,Residential,Meets Safe System Standards,0.1757,Light,False,20.3738,-0.0116,-0.0129,Aligned,25,Unnamed Road,2105
3801,Unnamed Road,Urban Road,URB-03801,3801,13.0468,77.5142,13.0465,77.514,32.2,1520.4,1520.432,15.1071,Aligned,0.8289,0.8321,0.1618,0.0019,0.004,49.4193,49.8799,98.5219,0.0,17.5239,80.4867,57.1242,0.0,59.1678,9.1122,No,0.0,-0.0052,0.0319,Poor,Medium,0.0716,10.0,10.0402,21.717,Safe,68.8606,49.4123,19.3873,Aligned,48.0597,43.4103,Separated Traffic,Rural,5.9641,True,Industrial,Poor Infrastructure,0.0001,,False,41.8415,0.0178,0.0016,Aligned,50,Unnamed Road,2106
3802,Unnamed Road,Urban Road,URB-03802,3802,13.056,77.5185,13.0557,77.5184,29.5,1520.8,1520.83,11.8856,Aligned,0.939,0.9379,0.0747,0.0267,0.0085,56.6628,58.0177,100.0,8.3267,20.5335,80.6517,70.6531,0.4395,59.0022,10.3423,No,0.0,-0.0091,-0.021,Poor,Low,0.4789,10.0,10.5102,21.5429,Safe,70.8271,58.5148,19.2648,Aligned,58.4325,50.822,Separated Traffic,Peri-Urban,5.0698,True,Industrial,Poor Infrastructure,-0.0191,,False,51.6616,-0.0064,-0.0037,Aligned,57,Unnamed Road,2107
3803,Unnamed Road,Urban Road,URB-03803,3803,13.0399,77.5183,13.0401,77.5181,34.1,1521.2,1521.234,10.8188,Aligned,0.8797,0.848,0.1155,0.014,-0.0015,29.9429,31.1881,63.077,28.6531,31.1887,49.5172,93.6857,0.0,28.1472,23.5272,No,0.0,0.0007,-0.0202,Good,Medium,3.8715,10.0,10.0,23.3425,Safe,73.3193,31.5422,21.1989,Aligned,32.9594,61.0901,Side Impact Potential,Urban,3.935,True,Mixed,Poor Infrastructure,0.0096,,False,27.1539,0.0022,0.0004,Aligned,28,Unnamed Road,2108
3804,Unnamed Road,Urban Road,URB-03804,3804,13.0348,77.5289,13.0349,77.5284,55.2,1521.6,1521.655,9.3736,Aligned,1.0004,0.9686,0.0055,-0.0,0.0058,27.4092,25.0825,27.8273,10.5051,22.8079,49.2637,87.1241,0.1307,29.6822,8.2307,No,0.0,-0.0025,0.0021,Good,Medium,2.8925,10.0,10.0,21.8703,Safe,71.3575,26.3802,18.9208,Aligned,26.2753,60.2557,Side Impact Potential,Peri-Urban,0.8809,False,Mixed,Poor Infrastructure,-0.0038,,False,22.9214,-0.0019,0.0052,Aligned,25,Unnamed Road,2109
3805,Unnamed Road,Urban Road,URB-03805,3805,13.0349,77.5284,13.0351,77.5274,106.6,1522.0,1522.107,10.4642,Aligned,0.9999,0.9912,-0.0163,-0.0084,-0.0037,30.205,27.6719,27.5606,8.1273,18.0264,50.2748,90.1205,0.0465,28.6089,9.0291,No,0.0,0.0048,-0.0716,Poor,Low,0.8233,10.0,10.0,21.3088,Safe,70.87,28.9541,17.9296,Aligned,29.2058,41.6618,Side Impact Potential,Rural,1.0973,False,Mixed,Poor Infrastructure,-0.0111,,False,23.51,-0.0125,-0.0033,Aligned,30,Unnamed Road,2110
3806,Unnamed Road,Urban Road,URB-03806,3806,13.0461,77.5053,13.0458,77.5061,100.0,1522.4,1522.5,14.0926,Aligned,0.8918,0.8723,0.0452,0.0134,0.005,42.7407,41.1553,100.0,0.4219,18.7751,79.0386,63.9319,0.1773,59.5826,8.9914,No,0.0,-0.0024,-0.0045,Poor,Medium,0.0775,10.0,10.2164,22.1094,Safe,67.423,40.4157,18.6502,Aligned,44.2704,41.005,Separated Traffic,Rural,8.0892,True,Residential,Poor Infrastructure,0.0291,,False,36.0716,0.0055,-0.0039,Aligned,42,Unnamed Road,2111
3807,Unnamed Road,Urban Road,URB-03807,3807,13.0458,77.5061,13.0455,77.5074,144.5,1522.8,1522.945,24.49,Aligned,0.5557,0.5439,0.4371,0.0259,-0.0139,57.4565,56.7836,99.3632,1.5109,14.7581,79.3445,68.2062,0.1613,60.0,2.9162,No,0.0,-0.0002,0.0484,Good,Medium,0.1873,10.0,10.0,21.3229,Safe,69.2702,56.8282,19.8071,Aligned,55.6485,43.2673,Separated Traffic,Rural,7.2467,True,Residential,Poor Infrastructure,-0.0117,,False,48.4038,-0.0013,0.0079,Aligned,57,Unnamed Road,2112
3808,Unnamed Road,Urban Road,URB-03808,3808,13.0461,77.5053,13.0459,77.5061,99.8,1523.2,1523.3,13.4226,Aligned,0.9593,0.9447,0.0433,0.0086,-0.0063,49.0484,48.7711,80.2999,29.042,25.815,49.1547,83.4576,0.0446,60.0,14.3739,No,0.0,-0.0042,-0.0431,Good,Medium,1.9582,10.0,10.0,26.5647,Moderate Risk,67.3574,51.5687,32.0361,Moderate Misalignment,55.3992,60.0086,Side Impact Potential,Urban,2.9569,True,Commercial,Poor Infrastructure | Above Human Tolerance Limit,-0.0169,,False,50.5247,0.0088,-0.0043,Aligned,49,Unnamed Road,2113
3809,Unnamed Road,Urban Road,URB-03809,3809,13.0468,77.5054,13.0461,77.5053,74.2,1523.6,1523.674,9.3226,Aligned,0.9987,0.9422,-0.0072,0.0248,0.016,23.5902,23.0825,27.3894,16.2544,24.7032,49.2906,78.2802,0.0,20.105,12.8512,No,0.0,0.0036,0.0506,Poor,High,2.1857,10.0,21.0159,23.8281,Safe,69.5265,26.3216,24.2664,Aligned,23.5745,58.716,Side Impact Potential,Peri-Urban,0.8861,False,Mixed,Active Congestion | Poor Infrastructure,0.7986,Severe,False,10.6705,-0.008,0.004,Aligned,25,Unnamed Road,2114
3810,Unnamed Road,Urban Road,URB-03810,3810,13.0466,77.5037,13.0461,77.5053,184.5,1524.0,1524.185,12.1759,Aligned,0.9593,1.0294,0.0587,0.0065,0.0057,38.7599,39.9153,82.9281,24.9792,32.2155,50.097,65.465,0.0,49.3258,18.2483,No,0.0,-0.0044,0.0419,Good,Low,2.1372,10.0,10.0,23.8177,Safe,72.2658,40.428,20.8174,Aligned,39.1518,65.7532,Side Impact Potential,Urban,5.8637,False,Residential,Poor Infrastructure,0.2359,Light,False,26.6496,-0.0142,-0.0046,Aligned,38,Unnamed Road,2115
3811,Unnamed Road,Urban Road,URB-03811,3811,13.0467,77.5037,13.0461,77.5053,184.1,1524.4,1524.584,26.746,Aligned,0.7554,0.709,0.1138,0.1744,0.0128,61.2184,59.9119,100.0,10.4971,20.4133,81.4966,84.0387,0.3926,58.9729,6.5623,No,0.0,-0.0132,-0.0167,Good,Low,0.3376,10.0,10.3617,21.2309,Safe,70.1764,59.8302,19.7334,Aligned,59.8363,56.5425,Separated Traffic,Peri-Urban,6.8761,True,Residential,Poor Infrastructure,-0.0023,,False,48.1014,-0.0046,-0.0005,Aligned,60,Unnamed Road,2116