segment_id,road_name,road_type,human_segment_id,internal_id,start_lat,start_lon,end_lat,end_lon,length_m,start_km,end_km,road_risk_score,ai_risk_label,ai_risk_probability,prob_low_risk,prob_medium_risk,prob_high_risk,prob_critical_risk,ai_recommended_speed,recommended_safe_speed,road_function_score,infrastructure_score,exposure_score,human_tolerance_limit,operating_speed_score,crash_risk_score,posted_speed_limit,pedestrian_exposure_score,blackspot_flag,crash_count,fatal_crashes,schools_count,lighting_quality,roadside_hazards,intersection_density,speed_compliance_rate,speed_violation_score,hotspot_score,hotspot_category,speed_safety_score,original_safe_speed,misalignment_score,misalignment_category,speed_p85,ptw_share_pct,exposure_tier,urban_rural_flag,lane_count,median_presence,land_use_type,top_ai_factors,congestion_index,congestion_category,congestion_smoothed,operating_speed_mean,minor_crashes,major_crashes,risk_category,final_safe_speed,corridor_base,corridor_seq
3812,Unnamed Road,Urban Road,URB-03812,3812,13.0349,77.5294,13.0348,77.5297,34.7,1524.8,1524.835,8.4635,Aligned,0.9874,0.9966,-0.0246,-0.0032,0.0044,36.0065,38.3612,55.5367,6.0866,16.1902,50.4208,81.3946,0.3203,39.2873,9.478,No,0.0,-0.0006,0.0133,Poor,Low,1.4177,10.0,10.3751,20.735,Safe,70.4433,38.337,17.9784,Aligned,37.7199,38.4562,Side Impact Potential,Rural,3.6581,False,Residential,Poor Infrastructure,0.2325,Light,False,28.2744,0.0132,-0.0131,Aligned,36,Unnamed Road,2117
3813,Unnamed Road,Urban Road,URB-03813,3813,13.035,77.5292,13.0349,77.5294,27.5,1525.2,1525.227,40.5202,Moderate Misalignment,0.9173,0.0666,0.9626,0.0122,-0.0009,28.1845,29.6826,80.6853,51.883,37.666,30.8148,94.589,0.0,39.2354,35.6739,No,0.0,-0.0022,-0.008,Good,Medium,2.4319,10.0,19.3421,29.9614,Moderate Risk,65.9524,30.6799,38.8783,Moderate Misalignment,47.9762,54.9643,Significant Pedestrian Interaction,Urban,2.7956,True,Mixed,High Pedestrian Interaction | Above Human Tolerance Limit,0.1983,Light,False,35.9226,-0.0081,0.0031,Moderate Misalignment,30,Unnamed Road,2118
3814,Unnamed Road,Urban Road,URB-03814,3814,13.0348,77.5297,13.0346,77.5296,30.3,1525.6,1525.63,40.199,Moderate Misalignment,0.9494,0.0101,0.9066,0.0428,0.0191,78.1185,81.9417,99.9953,24.4796,26.5881,79.7024,97.4301,0.1699,59.3205,13.6467,No,0.0,-0.0023,0.0286,Good,High,0.3691,10.0,16.8154,27.6275,Moderate Risk,65.7322,81.0779,32.0469,Moderate Misalignment,92.0091,60.4154,Separated Traffic,Peri-Urban,5.9002,True,Residential,Poor Infrastructure,0.0126,,False,82.0017,0.0004,-0.0096,Moderate Misalignment,78,Unnamed Road,2119
3815,Unnamed Road,Urban Road,URB-03815,3815,13.0348,77.5297,13.0347,77.53,30.8,1526.0,1526.031,16.2235,Aligned,0.8018,0.7977,0.1758,0.0107,0.0088,35.2482,34.0919,51.8126,59.5717,32.1202,49.2597,96.3252,0.1014,30.1498,27.5771,No,0.0,-0.0041,-0.0358,Good,Medium,3.4874,10.0,10.3881,18.7283,Safe,79.6246,32.8354,19.148,Aligned,33.6726,58.3783,Side Impact Potential,Urban,1.8373,False,Residential,Meets Safe System Standards,0.0054,,False,31.0124,0.0085,-0.0091,Aligned,35,Unnamed Road,2120
3816,Unnamed Road,Urban Road,URB-03816,3816,13.0347,77.53,13.0346,77.5302,25.0,1526.4,1526.425,10.8852,Aligned,0.9545,1.0132,0.0431,0.0027,-0.0054,28.3698,30.7134,88.8863,37.6736,28.7504,48.2049,77.3529,0.634,39.4078,21.3844,No,0.0,-0.01,-0.0135,Good,High,1.9067,10.0,10.0,20.4037,Safe,77.4054,30.2751,18.1415,Aligned,30.5165,56.9263,Side Impact Potential,Urban,5.7579,True,Industrial,Meets Safe System Standards,-0.0248,,False,25.8228,-0.0018,-0.0008,Aligned,29,Unnamed Road,2121
3817,Unnamed Road,Urban Road,URB-03817,3817,13.0373,77.5235,13.035,77.5289,651.8,1526.8,1527.452,21.5616,Aligned,0.6663,0.7136,0.2841,0.0555,0.004,47.0015,46.8956,53.6645,15.2673,21.0937,49.3277,98.0119,0.0,39.9237,7.1701,No,0.0,0.0028,0.025,Poor,High,3.0661,10.0,19.3996,23.6993,Safe,68.3894,47.9614,26.414,Moderate Misalignment,47.9572,56.6214,Side Impact Potential,Urban,2.986,False,Residential,Approach to Congestion (Tapered) | Poor Infrastructure,-0.0182,,True,42.6966,0.0105,0.0057,Aligned,46,Unnamed Road,2122
3818,Unnamed Road,Urban Road,URB-03818,3818,13.0377,77.5229,13.0373,77.5235,76.4,1527.2,1527.276,11.2994,Aligned,1.0108,0.9819,0.084,-0.0053,0.0053,24.2774,22.3959,60.9601,6.3847,17.7884,69.7206,84.6597,0.0271,39.8456,13.0328,No,0.0,-0.0033,-0.0784,Poor,Medium,0.9689,10.0,10.5784,20.5835,Safe,70.7464,25.1601,19.1367,Aligned,21.8709,36.1036,Separated Traffic,Rural,2.9026,True,Residential,Poor Infrastructure,-0.0201,,False,19.3787,0.0021,-0.0108,Aligned,25,Unnamed Road,2123
3819,Unnamed Road,Urban Road,URB-03819,3819,13.0369,77.5261,13.0373,77.5235,288.2,1527.6,1527.888,72.1979,High Misalignment,0.8979,-0.0068,0.0938,0.8985,-0.0078,50.3314,47.0409,98.8964,9.9565,20.8329,51.5275,43.3831,0.0,60.0,7.8635,No,0.0,-0.0012,0.0193,Poor,Low,0.344,10.0,10.0,43.3394,Moderate Risk,39.2893,52.7294,70.5501,High Misalignment,69.9966,54.1886,Side Impact Potential,Peri-Urban,6.0606,False,Residential,Speed Limit Misaligned | Poor Infrastructure | Above Human Tolerance Limit,0.1902,Light,False,52.3228,-0.0005,-0.0052,High Misalignment,53,Unnamed Road,2124
3820,Unnamed Road,Urban Road,URB-03820,3820,13.035,77.5289,13.035,77.5292,23.5,1528.0,1528.024,13.4945,Aligned,0.8785,0.9378,0.0888,0.0079,-0.0018,32.0192,29.2302,27.507,33.073,38.9048,31.5386,93.119,0.4633,31.8037,40.7701,No,0.0,-0.0008,1.9426,Poor,Medium,2.4186,10.0,10.4506,26.0126,Moderate Risk,72.4761,28.8206,23.0334,Aligned,30.6706,55.6697,Significant Pedestrian Interaction,Peri-Urban,1.1327,False,Residential,High Pedestrian Interaction | Poor Infrastructure,-0.0218,,False,28.3699,-0.0056,-0.0012,Aligned,31,Unnamed Road,2125
3821,Unnamed Road,Urban Road,URB-03821,3821,13.0379,77.5224,13.0377,77.5229,61.8,1528.4,1528.462,31.2537,Moderate Misalignment,0.7682,0.2203,0.747,0.0169,-0.0005,57.3812,59.4336,78.6178,10.7996,20.9156,69.8246,93.9669,0.0,49.6868,3.6362,No,0.0,0.0008,-0.0315,Good,High,1.5413,10.0,17.148,24.9473,Safe,66.618,59.6908,27.7594,Moderate Misalignment,59.9063,53.9119,Separated Traffic,Urban,1.9771,True,Mixed,Poor Infrastructure,0.1383,Light,False,47.1913,0.0032,-0.0063,Moderate Misalignment,60,Unnamed Road,2126
3822,Unnamed Road,Urban Road,URB-03822,3822,13.0397,77.5191,13.0379,77.5224,405.6,1528.8,1529.206,13.1943,Aligned,0.9574,0.9041,0.0243,0.0067,0.0042,28.8259,25.034,85.94,17.3352,26.6285,50.4977,75.4627,0.117,38.3973,20.5315,No,0.0,-0.004,0.9958,Poor,Low,2.0726,10.0,10.4597,22.6529,Safe,72.7294,26.8947,18.7904,Aligned,27.3951,54.7285,Side Impact Potential,Urban,4.016,True,Residential,Poor Infrastructure,0.0106,,False,22.4937,-0.0076,-0.0094,Aligned,28,Unnamed Road,2127
3823,Unnamed Road,Urban Road,URB-03823,3823,13.046,77.5046,13.0471,77.5014,368.6,1529.2,1529.569,10.2465,Aligned,0.9317,0.9919,0.1413,-0.008,0.0068,66.8794,66.6488,100.0,0.0703,12.9012,78.2801,70.6664,0.6274,59.7433,3.0345,No,0.0,0.0002,-0.0483,Good,Medium,0.294,10.0,10.2664,20.5494,Safe,68.919,65.0501,17.7105,Aligned,65.4688,35.3581,Separated Traffic,Rural,6.0103,True,Residential,Poor Infrastructure,0.1978,Light,False,49.4136,0.0092,-0.0117,Aligned,67,Unnamed Road,2128
3824,Unnamed Road,Urban Road,URB-03824,3824,13.0457,77.5055,13.046,77.5046,108.8,1529.6,1529.709,22.4592,Aligned,0.5482,0.5575,0.442,-0.0042,-0.008,79.1604,79.6821,99.0504,7.1612,20.2498,80.0375,73.6844,0.3257,59.9737,13.077,No,0.0,-0.0015,0.0385,Good,Medium,0.1041,10.0,10.0,27.7986,Moderate Risk,62.6314,81.0028,31.0152,Moderate Misalignment,81.8763,43.8404,Separated Traffic,Rural,5.2431,True,Residential,Poor Infrastructure | Above Human Tolerance Limit,0.0256,,False,73.681,0.0106,-0.0114,Aligned,80,Unnamed Road,2129
3825,Unnamed Road,Urban Road,URB-03825,3825,13.0359,77.5131,13.0363,77.5132,44.4,1530.0,1530.044,12.4908,Aligned,0.9386,0.9542,0.0635,0.0261,0.0019,17.8431,20.205,25.1918,0.0,22.8193,50.5506,93.6885,0.1033,20.8632,7.9481,No,0.0,-0.0036,0.0307,Poor,Medium,3.7366,10.0,10.3464,23.1334,Safe,66.9864,19.7341,22.3822,Aligned,19.2355,60.0201,Side Impact Potential,Peri-Urban,1.1525,False,Industrial,Poor Infrastructure,0.1569,Light,False,15.1463,0.0103,0.0158,Aligned,19,Unnamed Road,2130
3826,Unnamed Road,Urban Road,URB-03826,3826,13.0315,77.5129,13.0359,77.5131,501.4,1530.4,1530.901,39.2865,Moderate Misalignment,0.973,-0.0056,0.9926,0.0141,0.0013,31.2581,28.9244,87.6524,83.7515,61.957,30.7345,89.7957,0.3415,40.5052,84.1516,No,0.0,0.0034,2.0695,Good,Medium,2.081,10.0,10.3717,32.2955,Moderate Risk,74.1023,30.6516,36.6147,Moderate Misalignment,42.2774,60.5761,Significant Pedestrian Interaction,Urban,4.8291,True,Residential,High Pedestrian Interaction | Approach to Congestion (Tapered) | Above Human Tolerance Limit,-0.0065,,True,33.037,0.0054,0.0051,Moderate Misalignment,29,Unnamed Road,2131
3827,Unnamed Road,Urban Road,URB-03827,3827,13.0363,77.5132,13.0377,77.5135,154.1,1530.8,1530.954,27.1295,Moderate Misalignment,0.5799,0.4491,0.5662,0.0029,0.0109,49.6577,49.7255,53.3872,22.0347,20.6604,51.4854,94.7534,0.4603,38.7259,11.411,No,0.0,0.0022,-0.0894,Poor,Low,2.1365,10.0,24.2546,24.4198,Safe,67.4186,47.9271,26.9363,Moderate Misalignment,48.6639,52.7646,Side Impact Potential,Peri-Urban,2.9447,False,Commercial,Poor Infrastructure,0.0057,,False,44.4412,-0.0179,-0.0091,Moderate Misalignment,49,Unnamed Road,2132
3828,Unnamed Road,Urban Road,URB-03828,3828,13.0468,77.5054,13.0475,77.5056,84.3,1531.2,1531.284,14.8569,Aligned,0.8166,0.8366,0.199,0.0097,-0.0037,39.8466,41.757,52.1224,0.0,14.397,49.1655,90.3969,0.2699,42.6728,3.1032,No,0.0,-0.0061,0.0183,Poor,Low,1.3105,10.0,10.1044,20.2517,Safe,69.465,39.7462,17.4557,Aligned,38.4295,39.1951,Side Impact Potential,Rural,3.054,False,Residential,Poor Infrastructure,0.0026,,False,32.992,-0.0116,-0.008,Aligned,41,Unnamed Road,2133
3829,Unnamed Road,Urban Road,URB-03829,3829,13.0478,77.5057,13.0475,77.5056,31.5,1531.6,1531.632,11.8016,Aligned,0.9586,0.9452,0.02,-0.0034,0.0002,35.3739,33.7595,57.7514,19.892,25.6297,50.1164,83.3503,0.0,38.8798,15.6384,No,0.0,-0.0022,-0.0066,Poor,Low,2.8766,10.0,10.1633,21.9541,Safe,72.352,33.7152,20.4836,Aligned,35.2713,57.2028,Side Impact Potential,Urban,2.1395,True,Commercial,Poor Infrastructure,-0.008,,False,28.034,0.0108,-0.0169,Aligned,35,Unnamed Road,2134
3830,Unnamed Road,Urban Road,URB-03830,3830,13.0315,77.5129,13.032,77.5105,264.1,1532.0,1532.264,11.0729,Aligned,0.8844,0.8461,0.1335,0.0117,-0.0068,20.1796,21.6042,27.9775,24.5635,28.5998,46.2893,95.3129,0.0,20.0,19.4011,No,0.0,0.0031,0.023,Poor,Medium,2.5392,10.0,10.0,22.8892,Safe,72.9798,18.4168,21.5946,Aligned,23.1919,58.3626,Side Impact Potential,Peri-Urban,1.806,False,Industrial,Poor Infrastructure,0.1475,Light,False,14.8478,-0.0062,0.0005,Aligned,20,Unnamed Road,2135
3831,Unnamed Road,Urban Road,URB-03831,3831,13.0477,77.5079,13.0479,77.5066,143.5,1532.4,1532.543,11.5234,Aligned,0.9365,0.8969,0.0901,0.0148,0.0035,22.4631,21.5361,50.4384,17.5588,25.078,49.5867,79.2123,0.0,29.685,16.1693,No,0.0,0.0023,-0.0286,Good,High,2.4181,10.0,10.0,22.6141,Safe,71.5227,23.2293,20.2498,Aligned,19.0499,52.3553,Side Impact Potential,Peri-Urban,2.1269,False,Commercial,Poor Infrastructure,0.1579,Light,False,18.8217,0.0047,0.0201,Aligned,22,Unnamed Road,2136
3832,Unnamed Road,Urban Road,URB-03832,3832,13.0476,77.5144,13.0471,77.5142,65.8,1532.8,1532.866,12.7689,Aligned,0.9457,0.938,0.0523,0.0145,0.0066,79.8822,80.3949,98.1701,0.0,17.1366,80.3188,17.4533,0.0123,59.1446,11.2838,No,0.0,0.016,0.0038,Poor,Medium,0.3797,10.0,10.326,23.7882,Safe,65.5577,79.9391,23.7858,Aligned,83.4616,35.2064,Separated Traffic,Rural,5.1615,True,Industrial,Active Congestion | Poor Infrastructure,0.7126,Severe,False,26.8312,0.0054,0.0067,Aligned,81,Unnamed Road,2137
3833,Unnamed Road,Urban Road,URB-03833,3833,13.0479,77.5146,13.0476,77.5144,29.6,1533.2,1533.23,67.4211,High Misalignment,0.7897,-0.0133,0.2011,0.7876,-0.0015,31.0278,28.7814,79.9274,51.0476,50.524,29.1168,69.4478,0.0,60.0,61.275,No,0.0,-0.01,0.9622,Good,Medium,1.9033,10.0,10.0,42.848,Moderate Risk,53.9284,28.0344,62.6973,High Misalignment,48.5039,59.6351,Significant Pedestrian Interaction,Urban,1.7162,True,Mixed,Speed Limit Misaligned | High Pedestrian Interaction | Above Human Tolerance Limit,-0.0206,,False,39.8336,-0.0013,-0.0005,High Misalignment,30,Unnamed Road,2138
3834,Unnamed Road,Urban Road,URB-03834,3834,13.0468,77.5142,13.0471,77.5142,31.0,1533.6,1533.631,24.6049,Aligned,0.5718,0.5085,0.459,0.0191,-0.0125,57.2847,55.3218,99.9662,0.5905,13.8483,80.5125,68.2417,0.1513,60.0,2.4763,No,0.0,-0.007,0.0572,Good,Medium,0.253,10.0,10.0,20.9293,Safe,69.0013,54.4825,18.2751,Aligned,55.4944,43.3194,Separated Traffic,Rural,7.0996,True,Residential,Poor Infrastructure,-0.002,,False,48.8368,0.0076,0.001,Aligned,58,Unnamed Road,2139
3835,Unnamed Road,Urban Road,URB-03835,3835,13.0478,77.5057,13.0481,77.5057,32.9,1534.0,1534.033,38.713,Moderate Misalignment,0.9684,0.0587,0.971,0.0071,-0.003,41.6074,38.9812,90.2809,21.9174,41.4558,49.7654,96.9918,0.0419,38.6433,44.5369,No,0.0,0.0048,1.0068,Good,Low,1.767,10.0,10.2101,28.1995,Moderate Risk,69.6449,43.1481,26.1837,Moderate Misalignment,41.6997,56.562,Side Impact Potential,Urban,6.1611,True,Commercial,Poor Infrastructure,0.0231,,False,34.5152,-0.0016,0.0056,Moderate Misalignment,42,Unnamed Road,2140
3836,Unnamed Road,Urban Road,URB-03836,3836,13.048,77.5063,13.0481,77.5057,58.7,1534.4,1534.459,10.1863,Aligned,0.9882,1.0066,0.0506,0.0116,-0.0015,29.0073,29.2734,24.6964,1.2486,16.2637,50.3391,91.1218,0.3537,28.7889,8.4119,No,0.0,0.0083,0.0134,Poor,High,1.2947,10.0,10.0338,21.475,Safe,67.634,27.4302,17.56,Aligned,31.0416,36.6804,Side Impact Potential,Rural,0.7938,False,Residential,Poor Infrastructure,0.1671,Light,False,21.9342,-0.0105,-0.0069,Aligned,30,Unnamed Road,2141
3837,Unnamed Road,Urban Road,URB-03837,3837,13.0481,77.5057,13.0482,77.5054,34.1,1534.8,1534.834,22.7282,Aligned,0.6164,0.653,0.3646,0.027,0.0079,30.6268,31.499,48.3187,63.0947,46.1536,30.8489,96.9874,4.6536,40.2076,54.5607,No,0.0,0.001,2.0328,Good,Low,3.9686,10.0,10.1881,26.2457,Moderate Risk,76.9265,30.7775,24.2561,Aligned,33.5621,57.6777,Significant Pedestrian Interaction,Urban,2.0138,False,Mixed,High Pedestrian Interaction,-0.0073,,False,29.8901,1.0043,0.0069,Aligned,30,Unnamed Road,2142
3838,Unnamed Road,Urban Road,URB-03838,3838,13.0478,77.5018,13.0489,77.5021,130.5,1535.2,1535.331,38.8359,Moderate Misalignment,0.9743,-0.0121,0.9824,0.0239,0.0007,29.3237,31.2554,87.7796,54.8894,46.379,29.517,100.0,0.4852,38.2159,60.2248,No,0.0,-0.0036,2.0438,Good,High,1.9596,10.0,14.6485,32.3244,Moderate Risk,66.7655,29.4124,41.2394,Moderate Misalignment,44.9551,53.5128,Significant Pedestrian Interaction,Peri-Urban,5.9014,True,Residential,High Pedestrian Interaction | Above Human Tolerance Limit,-0.0143,,False,39.2696,0.0018,0.0026,Moderate Misalignment,28,Unnamed Road,2143
3839,Unnamed Road,Urban Road,URB-03839,3839,13.0478,77.5018,13.0475,77.5017,40.4,1535.6,1535.64,11.1101,Aligned,0.9549,0.9698,0.0424,0.0032,0.001,32.6637,34.7532,81.065,19.4118,22.2797,50.5042,71.9605,0.0961,51.522,9.2401,No,0.0,0.0014,0.0363,Good,High,1.6496,10.0,10.0,20.5841,Safe,72.9281,34.2639,17.9299,Aligned,32.8241,58.306,Side Impact Potential,Urban,3.0021,True,Industrial,Poor Infrastructure,-0.0034,,False,29.6076,-0.0086,0.0081,Aligned,36,Unnamed Road,2144
3840,Unnamed Road,Urban Road,URB-03840,3840,13.0488,77.5026,13.0489,77.5021,49.3,1536.0,1536.049,12.6361,Aligned,0.9089,0.9148,0.0301,0.0021,-0.0072,50.6273,51.2709,70.8348,33.2463,29.2935,49.1835,90.0345,0.5257,47.9726,24.4553,No,0.0,0.0054,-0.0043,Good,Low,2.6891,10.0,10.0,21.7928,Safe,74.0677,49.8434,20.1412,Aligned,51.8255,59.3621,Side Impact Potential,Urban,2.048,False,Commercial,Meets Safe System Standards,-0.013,,False,44.5191,-0.0023,-0.0096,Aligned,48,Unnamed Road,2145
3841,Unnamed Road,Urban Road,URB-03841,3841,13.0467,77.5037,13.0475,77.5017,233.7,1536.4,1536.634,9.4198,Aligned,0.9242,0.941,0.0714,0.0127,-0.003,17.8716,20.3255,28.9646,0.0,22.7329,50.0988,90.675,0.1783,20.4044,8.7259,No,0.0,0.0029,-0.0482,Poor,Medium,3.6931,10.0,10.5803,24.5367,Safe,67.1081,18.8664,20.5976,Aligned,18.3918,58.1461,Side Impact Potential,Peri-Urban,0.9253,False,Industrial,Poor Infrastructure,0.1505,Light,False,15.6361,-0.0069,0.0048,Aligned,19,Unnamed Road,2146
3842,Unnamed Road,Urban Road,URB-03842,3842,13.0479,77.5066,13.048,77.5063,39.3,1536.8,1536.839,13.3423,Aligned,0.8847,0.9047,0.1099,-0.0034,0.0004,57.9195,57.1902,100.0,18.3903,20.1552,77.5613,59.9187,0.0,59.7048,6.9187,No,0.0,-0.0159,0.0332,Poor,Low,0.4969,10.0,10.3953,19.2533,Safe,73.6255,58.1434,16.0644,Aligned,56.1655,54.1857,Separated Traffic,Peri-Urban,7.8539,True,Commercial,Poor Infrastructure,0.2034,Light,False,43.3161,-0.0025,-0.024,Aligned,57,Unnamed Road,2147
3843,Unnamed Road,Urban Road,URB-03843,3843,13.0482,77.5054,13.0482,77.5051,31.8,1537.2,1537.232,39.8703,Moderate Misalignment,0.9674,0.0035,0.9732,-0.0069,0.0056,50.1307,50.0479,82.4006,44.4163,45.5207,49.6366,93.3112,0.2164,50.1494,46.5104,No,0.0,-0.0008,1.0237,Poor,High,2.4323,10.0,28.6152,31.9941,Moderate Risk,66.3788,49.073,36.5491,Moderate Misalignment,64.6027,64.0043,Side Impact Potential,Urban,4.0959,True,Commercial,Meets Safe System Standards,-0.0134,,False,52.584,0.0023,0.0048,Moderate Misalignment,50,Unnamed Road,2148
3844,Unnamed Road,Urban Road,URB-03844,3844,13.0482,77.5051,13.0483,77.5048,34.3,1537.6,1537.634,66.3848,High Misalignment,0.8262,0.0807,0.0446,0.8387,-0.0008,81.1158,77.9622,98.9478,6.6846,22.0884,78.6306,10.647,0.1512,59.3557,15.2447,No,0.0,-0.001,-0.0123,Poor,Low,0.0574,10.0,27.1114,37.8968,Moderate Risk,46.1414,78.1277,56.6904,High Misalignment,114.6437,45.7931,Separated Traffic,Rural,5.1844,True,Residential,Speed Limit Misaligned | Active Congestion | Poor Infrastructure,0.7166,Severe,False,29.6779,-0.0092,-0.0037,High Misalignment,79,Unnamed Road,2149
3845,Unnamed Road,Urban Road,URB-03845,3845,13.0483,77.5048,13.0484,77.5046,31.7,1538.0,1538.032,11.6612,Aligned,0.9634,0.9507,0.004,0.0069,-0.0087,35.0181,35.3977,76.5201,56.1484,32.8658,48.3405,61.9528,0.0,49.4495,26.7533,No,0.0,0.0024,-0.05,Good,Medium,2.1681,10.0,10.0,19.8301,Safe,81.6401,33.3285,16.4409,Aligned,34.562,57.4534,Side Impact Potential,Urban,4.8722,False,Commercial,Approach to Congestion (Tapered),0.1958,Light,True,25.0423,-0.0081,-0.0054,Aligned,35,Unnamed Road,2150
3846,Unnamed Road,Urban Road,URB-03846,3846,13.0484,77.5046,13.0485,77.5042,45.4,1538.4,1538.445,39.171,Moderate Misalignment,0.8766,0.1656,0.8658,0.0465,0.0013,79.9314,80.0362,100.0,0.6358,12.4297,80.5394,80.714,0.1916,59.0459,2.8384,No,0.0,-0.0095,-0.025,Poor,Medium,0.2374,10.0,31.6553,30.3839,Moderate Risk,53.9643,81.718,44.5714,Moderate Misalignment,104.9171,33.3261,Separated Traffic,Rural,7.0159,True,Residential,Poor Infrastructure,0.0116,,False,93.2947,0.0062,0.0155,Moderate Misalignment,80,Unnamed Road,2151
3847,Unnamed Road,Urban Road,URB-03847,3847,13.0485,77.5042,13.0485,77.5038,40.6,1538.8,1538.841,35.005,Moderate Misalignment,0.763,0.186,0.7669,0.0306,-0.0009,78.1245,80.8426,97.1175,5.6614,15.9045,80.9139,53.3231,0.0927,59.9241,8.2329,No,0.0,0.0024,0.0421,Poor,Low,0.0922,10.0,10.5031,24.6805,Moderate Risk,63.3602,80.3419,29.6284,Moderate Misalignment,82.7706,34.8874,Separated Traffic,Rural,5.7333,True,Residential,Poor Infrastructure | Above Human Tolerance Limit,0.2084,Light,False,59.8833,0.0018,-0.0057,Moderate Misalignment,78,Unnamed Road,2152
3848,Unnamed Road,Urban Road,URB-03848,3848,13.0346,77.5302,13.0326,77.5337,444.5,1539.2,1539.645,71.8808,High Misalignment,0.9075,-0.0105,0.0598,0.8855,-0.0141,50.1649,47.658,97.7735,10.5566,21.4618,47.6275,42.8747,0.1534,60.0,7.8973,No,0.0,-0.0014,0.0435,Poor,Low,0.3677,10.0,10.0,44.14,Moderate Risk,39.4813,52.4167,70.9088,High Misalignment,69.3664,53.6363,Side Impact Potential,Peri-Urban,6.01,False,Residential,Speed Limit Misaligned | Poor Infrastructure | Above Human Tolerance Limit,0.1716,Light,False,49.3719,0.0131,-0.0057,High Misalignment,50,Unnamed Road,2153
3849,Unnamed Road,Urban Road,URB-03849,3849,13.0488,77.5029,13.0487,77.5032,34.0,1539.6,1539.634,9.1418,Aligned,0.9837,0.9726,-0.0339,-0.0124,-0.0045,28.6,27.3016,30.0386,3.564,14.9325,49.1412,78.869,0.2981,21.0997,5.2833,No,0.0,-0.0105,0.0416,Poor,Medium,2.5189,10.0,34.4813,23.0768,Safe,67.2324,26.0878,24.7694,Aligned,24.4788,39.6208,Side Impact Potential,Rural,2.0525,False,Residential,Active Congestion | Poor Infrastructure,0.7479,Severe,False,10.0,0.0121,0.0077,Aligned,27,Unnamed Road,2154
3850,Unnamed Road,Urban Road,URB-03850,3850,13.0488,77.5029,13.0488,77.5026,32.1,1540.0,1540.032,15.5343,Aligned,0.8597,0.8463,0.0958,-0.0015,0.007,47.3136,48.5666,100.0,0.4254,19.1907,79.3711,73.3901,0.1189,60.0,8.4838,No,0.0,0.0001,-0.0696,Poor,High,0.0152,10.0,10.1567,22.406,Safe,67.4182,48.3594,19.46,Aligned,50.3933,46.2278,Separated Traffic,Rural,8.0369,True,Residential,Poor Infrastructure,0.0027,,False,40.9506,0.0099,-0.0011,Aligned,49,Unnamed Road,2155
3851,Unnamed Road,Urban Road,URB-03851,3851,13.0485,77.5038,13.0486,77.5035,35.2,1540.4,1540.435,39.4442,Moderate Misalignment,0.9506,0.0683,0.9579,-0.0038,0.0099,32.2917,28.5763,52.2844,56.1978,53.4718,31.1574,79.9002,0.0,38.0215,64.3273,No,0.0,0.0025,1.007,Good,Medium,3.3573,10.0,10.1948,33.0398,Moderate Risk,68.7065,28.9414,35.4101,Moderate Misalignment,37.0087,67.1037,Significant Pedestrian Interaction,Urban,2.8457,False,Mixed,High Pedestrian Interaction | Above Human Tolerance Limit,0.1609,Light,False,27.4646,0.0084,0.0024,Moderate Misalignment,31,Unnamed Road,2156
3852,Unnamed Road,Urban Road,URB-03852,3852,13.0486,77.5035,13.0487,77.5032,32.9,1540.8,1540.833,23.41,Moderate Misalignment,0.5174,0.4643,0.5386,0.0023,0.0034,79.2642,80.3764,99.0412,1.6844,10.7204,79.4698,88.0142,0.1561,60.0,1.8306,No,0.0,0.0001,0.064,Poor,Low,0.2841,10.0,10.3192,24.7125,Safe,61.9547,81.2194,30.3098,Moderate Misalignment,85.3863,36.2256,Separated Traffic,Rural,7.1102,True,Industrial,Poor Infrastructure | Above Human Tolerance Limit,0.0066,,False,81.69,0.0119,-0.0067,Moderate Misalignment,80,Unnamed Road,2157
3853,Unnamed Road,Urban Road,URB-03853,3853,13.0401,77.5185,13.0397,77.5191,84.0,1541.2,1541.284,29.0546,Moderate Misalignment,0.5911,0.4069,0.5866,0.0232,-0.002,59.4817,60.8963,99.3239,13.1774,24.5025,80.7587,38.317,0.0,60.0,27.2778,No,0.0,-0.0018,1.0236,Poor,Low,0.0063,10.0,10.1984,28.4506,Moderate Risk,64.0511,61.0006,32.2091,Moderate Misalignment,59.4103,36.8856,Separated Traffic,Rural,3.8567,True,Residential,Poor Infrastructure | Above Human Tolerance Limit,-0.0117,,False,48.1841,0.0029,0.0108,Moderate Misalignment,57,Unnamed Road,2158
3854,Unnamed Road,Urban Road,URB-03854,3854,13.0304,77.5327,13.0308,77.5328,43.7,1541.6,1541.644,10.2933,Aligned,0.9436,1.0054,0.0672,-0.0063,0.012,30.3854,30.3148,30.2366,0.0,17.3656,51.7485,97.025,0.0,29.0929,1.4975,No,0.0,-0.0001,-0.0283,Poor,Low,3.3335,10.0,10.0,22.0186,Safe,68.5791,31.54,20.4833,Aligned,30.4357,55.2644,Side Impact Potential,Peri-Urban,2.242,False,Residential,Poor Infrastructure,-0.002,,False,27.6408,-0.0052,0.0041,Aligned,32,Unnamed Road,2159