segment_id,road_name,road_type,human_segment_id,internal_id,start_lat,start_lon,end_lat,end_lon,length_m,start_km,end_km,road_risk_score,ai_risk_label,ai_risk_probability,prob_low_risk,prob_medium_risk,prob_high_risk,prob_critical_risk,ai_recommended_speed,recommended_safe_speed,road_function_score,infrastructure_score,exposure_score,human_tolerance_limit,operating_speed_score,crash_risk_score,posted_speed_limit,pedestrian_exposure_score,blackspot_flag,crash_count,fatal_crashes,schools_count,lighting_quality,roadside_hazards,intersection_density,speed_compliance_rate,speed_violation_score,hotspot_score,hotspot_category,speed_safety_score,original_safe_speed,misalignment_score,misalignment_category,speed_p85,ptw_share_pct,exposure_tier,urban_rural_flag,lane_count,median_presence,land_use_type,top_ai_factors,congestion_index,congestion_category,congestion_smoothed,operating_speed_mean,minor_crashes,major_crashes,risk_category,final_safe_speed,corridor_base,corridor_seq
3855,Unnamed Road,Urban Road,URB-03855,3855,13.0251,77.5111,13.0245,77.5094,204.1,1542.0,1542.204,39.3229,Moderate Misalignment,0.9803,-0.0071,1.0271,0.001,-0.0027,78.2491,78.3908,100.0,9.9282,13.7923,79.2929,100.0,0.0,60.0,8.7493,No,0.0,-0.0066,-0.101,Poor,Low,0.2336,10.0,22.5221,26.6618,Moderate Risk,61.8375,81.5213,34.9631,Moderate Misalignment,97.0074,35.2412,Separated Traffic,Rural,3.7732,True,Residential,Poor Infrastructure,-0.0119,,False,80.4138,0.0029,0.015,Moderate Misalignment,81,Unnamed Road,2160
3856,Unnamed Road,Urban Road,URB-03856,3856,13.0436,77.5116,13.0431,77.513,163.3,1542.4,1542.563,11.6905,Aligned,0.9545,0.9383,0.0551,-0.0159,-0.0051,52.1143,54.5735,100.0,9.5654,16.3393,81.0863,13.6955,0.2606,59.607,10.8129,No,0.0,-0.0039,-0.0623,Good,High,0.1454,10.0,10.2271,20.3405,Safe,71.7052,53.2069,17.339,Aligned,53.335,37.9391,Separated Traffic,Rural,3.9964,True,Residential,Active Congestion | Poor Infrastructure,0.7667,Severe,False,13.2625,0.0006,0.0004,Aligned,52,Unnamed Road,2161
3857,Unnamed Road,Urban Road,URB-03857,3857,13.044,77.5107,13.0436,77.5116,114.3,1542.8,1542.914,8.8559,Aligned,0.9794,0.9909,0.0066,-0.0249,-0.0013,13.6917,20.337,26.6678,0.0,14.4635,49.5023,90.775,0.0,20.0,6.7763,No,0.0,0.0043,0.0112,Poor,Low,1.7459,10.0,10.25,20.7431,Safe,69.114,14.9492,18.4052,Aligned,18.1399,41.7621,Side Impact Potential,Rural,1.1529,False,Residential,Poor Infrastructure,0.0044,,False,12.5209,-0.0124,-0.0113,Aligned,13,Unnamed Road,2162
3858,Unnamed Road,Urban Road,URB-03858,3858,13.0431,77.513,13.0429,77.5135,53.8,1543.2,1543.254,21.6673,Aligned,0.5952,0.5957,0.3797,0.0163,0.0161,50.2838,47.6631,47.421,0.0523,22.4181,50.5504,64.1762,0.037,40.4949,15.0802,No,0.0,-0.01,0.0093,Good,Medium,1.8406,10.0,21.8708,28.0951,Moderate Risk,61.9941,48.9309,30.876,Moderate Misalignment,48.7839,55.5736,Side Impact Potential,Peri-Urban,1.9969,False,Commercial,Active Congestion | Poor Infrastructure,0.6689,Severe,False,18.8114,0.0076,-0.0075,Aligned,50,Unnamed Road,2163
3859,Unnamed Road,Urban Road,URB-03859,3859,13.0436,77.5131,13.0431,77.513,57.5,1543.6,1543.658,66.158,High Misalignment,0.7881,0.0304,0.1886,0.7661,-0.0048,28.5437,29.729,74.93,41.9426,51.5232,29.7106,90.8792,0.2949,58.0562,61.5735,No,0.0,0.003,2.0478,Good,Low,1.7142,10.0,15.4286,48.0354,Moderate Risk,43.9318,30.2642,73.4238,High Misalignment,68.8143,63.0623,Significant Pedestrian Interaction,Urban,2.0944,True,Residential,Speed Limit Misaligned | High Pedestrian Interaction | Above Human Tolerance Limit,0.1421,Light,False,52.7546,-0.0069,-0.0022,High Misalignment,30,Unnamed Road,2164
3860,Unnamed Road,Urban Road,URB-03860,3860,13.0258,77.5306,13.0267,77.531,105.8,1544.0,1544.106,12.3611,Aligned,0.8829,0.8991,0.0774,0.0366,0.0046,50.7771,54.0103,100.0,20.6291,34.9874,77.6304,76.3976,0.1958,59.6863,29.3531,No,0.0,0.0154,0.9961,Poor,High,0.7195,10.0,10.0982,26.6627,Moderate Risk,70.3744,51.0933,23.5829,Aligned,54.0209,66.4829,Separated Traffic,Urban,5.0219,True,Commercial,Poor Infrastructure,-0.0008,,False,43.3186,-0.0095,0.0111,Aligned,52,Unnamed Road,2165
3861,Unnamed Road,Urban Road,URB-03861,3861,13.021,77.5285,13.0258,77.5306,580.5,1544.4,1544.981,12.0244,Aligned,0.9507,1.016,0.0381,-0.0069,0.0018,38.4365,39.7149,69.092,24.5025,21.3558,47.2588,75.6824,0.2432,60.0,12.0108,No,0.0,-0.004,-0.0195,Good,High,1.2978,10.0,10.2453,19.9345,Safe,74.7229,39.9749,16.4335,Aligned,40.7613,49.9686,Side Impact Potential,Peri-Urban,1.9826,False,Commercial,Poor Infrastructure,0.0162,,False,34.2961,0.0133,0.0027,Aligned,38,Unnamed Road,2166
3862,Unnamed Road,Urban Road,URB-03862,3862,13.0304,77.5327,13.0267,77.531,455.7,1544.8,1545.256,41.313,Moderate Misalignment,0.9513,0.0161,0.9048,0.0175,0.0022,80.7876,80.2488,100.0,36.6904,28.5212,80.2463,10.0,0.0,60.0,22.4235,No,0.0,0.0019,-0.0452,Poor,Medium,0.359,10.0,10.0,31.1332,Moderate Risk,61.2251,79.4614,44.3154,Moderate Misalignment,97.4884,49.4497,Separated Traffic,Peri-Urban,7.9346,True,Commercial,Active Congestion | Above Human Tolerance Limit,0.7793,Severe,False,20.4685,0.003,0.0008,Moderate Misalignment,80,Unnamed Road,2167
3863,Unnamed Road,Urban Road,URB-03863,3863,13.0267,77.531,13.0263,77.5309,40.9,1545.2,1545.241,10.125,Aligned,0.9618,0.9678,0.0498,-0.0148,0.0145,27.4903,27.9884,49.9513,19.6718,34.0705,51.7167,79.5349,0.0,39.9648,33.2425,No,0.0,-0.0043,0.9804,Good,High,2.8582,10.0,10.178,25.4244,Moderate Risk,70.2586,30.2632,23.1734,Aligned,29.7071,58.453,Side Impact Potential,Urban,2.0957,False,Commercial,Poor Infrastructure,-0.0139,,False,24.8073,-0.0024,0.013,Aligned,28,Unnamed Road,2168
3864,Unnamed Road,Urban Road,URB-03864,3864,13.0481,77.5146,13.0483,77.5147,24.1,1545.6,1545.624,11.0321,Aligned,0.9466,0.9681,0.0442,-0.0045,0.0073,48.2892,47.3829,50.2633,14.0113,23.1005,49.6207,89.9584,0.2874,49.2532,5.8173,No,0.0,-0.0012,-0.0667,Good,Medium,3.315,10.0,10.0,21.2616,Safe,71.6263,46.9393,19.1542,Aligned,47.9137,61.7695,Side Impact Potential,Urban,2.8799,False,Commercial,Poor Infrastructure,0.0071,,False,41.8904,0.0009,0.0028,Aligned,48,Unnamed Road,2169
3865,Unnamed Road,Urban Road,URB-03865,3865,13.0479,77.5146,13.0481,77.5146,25.3,1546.0,1546.025,10.6379,Aligned,0.9734,0.9884,0.0122,-0.0006,-0.0022,28.7749,27.2962,26.1781,19.1945,18.2302,49.1656,95.4215,0.0092,28.6562,6.8672,No,0.0,0.0034,0.0734,Poor,Low,1.6125,10.0,10.3548,19.2064,Safe,74.7986,29.1212,16.7604,Aligned,28.9144,46.9643,Side Impact Potential,Rural,1.2767,False,Residential,Poor Infrastructure,-0.0261,,False,25.4333,0.0137,-0.0046,Aligned,29,Unnamed Road,2170
3866,Unnamed Road,Urban Road,URB-03866,3866,13.0485,77.5147,13.0483,77.5147,26.0,1546.4,1546.426,38.7634,Moderate Misalignment,0.9593,0.0113,0.9425,-0.0215,0.0052,81.2363,79.7763,100.0,0.6325,12.3864,79.3071,88.185,0.1879,60.0,0.6545,No,0.0,0.0102,0.0372,Good,Low,0.2067,10.0,28.329,28.5781,Moderate Risk,58.0289,79.7986,37.1925,Moderate Misalignment,91.455,39.0684,Separated Traffic,Rural,5.9823,True,Residential,Poor Infrastructure,-0.0011,,False,80.1578,-0.0128,-0.0044,Moderate Misalignment,81,Unnamed Road,2171
3867,Unnamed Road,Urban Road,URB-03867,3867,13.0258,77.5306,13.021,77.5285,577.8,1546.8,1547.378,10.9391,Aligned,0.9649,0.955,0.0067,0.0007,-0.0073,49.3675,48.455,70.1941,64.8957,33.3903,50.4244,84.2803,0.0,49.4573,29.0375,No,0.0,0.0059,0.0162,Poor,High,2.0194,10.0,10.0,18.9088,Safe,82.48,47.7751,16.5845,Aligned,51.046,59.0814,Side Impact Potential,Urban,2.2174,False,Industrial,Meets Safe System Standards,0.0032,,False,41.6823,-0.012,0.0064,Aligned,49,Unnamed Road,2172
3868,Unnamed Road,Urban Road,URB-03868,3868,13.0452,77.5136,13.0455,77.5137,28.8,1547.2,1547.229,8.9777,Aligned,0.9925,1.0131,0.0277,-0.0088,0.0027,33.3817,30.4772,79.3727,35.5712,29.4342,69.6362,78.9182,0.0378,60.0,16.9678,No,0.0,0.0009,-0.0505,Good,Low,1.4117,10.0,10.5375,21.4756,Safe,76.9283,33.1979,17.6314,Aligned,32.1381,64.8955,Separated Traffic,Urban,2.9255,True,Commercial,Meets Safe System Standards,0.1404,Light,False,24.6741,0.0034,0.0211,Aligned,31,Unnamed Road,2173
3869,Unnamed Road,Urban Road,URB-03869,3869,13.0489,77.4974,13.0475,77.5012,439.3,1547.6,1548.039,16.5555,Aligned,0.8089,0.8235,0.2185,0.0001,-0.0087,60.9997,61.4002,100.0,14.8006,20.0498,80.6604,72.8886,0.4023,60.0,11.8645,No,0.0,-0.0056,1.0687,Poor,Low,0.3418,10.0,10.0,21.2076,Safe,72.6993,60.7805,17.9252,Aligned,64.3862,48.0037,Separated Traffic,Peri-Urban,4.1865,True,Mixed,Poor Infrastructure,-0.0001,,False,51.9338,-0.0003,-0.0078,Aligned,60,Unnamed Road,2174
3870,Unnamed Road,Urban Road,URB-03870,3870,13.0475,77.5012,13.0466,77.5037,288.2,1548.0,1548.288,14.627,Aligned,0.8369,0.7434,0.1844,0.0055,0.0006,65.6505,65.7811,96.3777,43.4494,33.5823,79.2761,69.6716,0.5061,59.9456,29.8795,No,0.0,-0.0048,1.0546,Good,Medium,0.367,10.0,10.2675,21.6733,Safe,78.4743,64.6718,20.3824,Aligned,64.8334,54.2965,Separated Traffic,Peri-Urban,4.8524,True,Residential,Meets Safe System Standards,0.0049,,False,61.5944,-0.0069,0.0051,Aligned,66,Unnamed Road,2175
3871,Unnamed Road,Urban Road,URB-03871,3871,13.03,77.5191,13.0309,77.5154,418.2,1548.4,1548.818,43.5838,Moderate Misalignment,0.7804,0.0654,0.7794,0.1431,0.0082,51.4144,50.6855,100.0,35.2861,26.54,49.1739,70.9478,0.0075,59.4179,12.7494,No,0.0,0.0044,0.0562,Good,Low,0.4376,10.0,10.5079,26.0519,Moderate Risk,67.8675,50.2229,30.6502,Moderate Misalignment,50.275,63.3037,Side Impact Potential,Urban,6.1193,False,Commercial,Poor Infrastructure | Above Human Tolerance Limit,0.0011,,False,39.1625,0.0136,0.0074,Moderate Misalignment,51,Unnamed Road,2176
3872,Unnamed Road,Urban Road,URB-03872,3872,13.0487,77.5148,13.0485,77.5147,22.3,1548.8,1548.822,12.4742,Aligned,0.9459,0.9564,0.0884,-0.0155,0.0044,27.6378,27.4335,56.3019,49.9671,29.2416,49.5127,96.0026,0.5719,60.0,22.7373,No,0.0,-0.0072,0.0421,Poor,High,3.3737,10.0,10.0,18.4935,Safe,80.2233,27.6703,15.3201,Aligned,27.8576,56.8276,Side Impact Potential,Urban,4.0683,False,Industrial,Meets Safe System Standards,-0.0036,,False,23.5831,0.0051,-0.0045,Aligned,28,Unnamed Road,2177
3873,Unnamed Road,Urban Road,URB-03873,3873,13.0487,77.5148,13.049,77.5148,31.5,1549.2,1549.232,42.846,Moderate Misalignment,0.7795,0.0558,0.8088,0.1656,-0.0004,51.2028,50.0457,99.0757,33.1455,26.9306,49.0404,70.0278,0.2084,60.0,12.2508,No,0.0,0.0085,0.0221,Good,Low,0.417,10.0,10.0,25.2192,Moderate Risk,68.3605,49.8091,29.9072,Moderate Misalignment,50.796,63.8754,Side Impact Potential,Urban,5.9846,False,Commercial,Poor Infrastructure | Above Human Tolerance Limit,0.0009,,False,38.2815,0.0029,0.0066,Moderate Misalignment,50,Unnamed Road,2178
3874,Unnamed Road,Urban Road,URB-03874,3874,13.0493,77.5149,13.049,77.5148,32.3,1549.6,1549.632,11.4733,Aligned,0.9519,0.9247,0.0646,-0.0005,-0.0016,35.7615,36.8991,52.0917,5.6694,23.3919,51.9644,81.0239,0.1427,41.5229,16.9195,No,0.0,0.0032,0.0627,Poor,Medium,2.0784,10.0,10.3517,22.7633,Safe,68.3414,37.4375,21.7426,Aligned,35.3493,51.3578,Side Impact Potential,Peri-Urban,3.1539,False,Residential,Poor Infrastructure,0.1943,Light,False,29.2107,-0.0165,0.0078,Aligned,38,Unnamed Road,2179
3875,Unnamed Road,Urban Road,URB-03875,3875,13.0369,77.5261,13.0396,77.5275,339.3,1550.0,1550.339,10.7543,Aligned,0.9921,0.9787,0.008,-0.0263,-0.0036,25.338,25.2384,31.2079,28.6499,26.2238,50.4463,89.2954,0.0,29.5688,21.531,No,0.0,0.0003,1.0225,Poor,Low,2.618,10.0,10.0,20.6281,Safe,74.1787,24.615,17.8531,Aligned,26.5556,51.9619,Side Impact Potential,Peri-Urban,1.8993,False,Industrial,Poor Infrastructure,-0.0185,,False,21.8977,-0.0166,-0.0028,Aligned,27,Unnamed Road,2180
3876,Unnamed Road,Urban Road,URB-03876,3876,13.0396,77.5275,13.0415,77.5285,238.2,1550.4,1550.638,8.5531,Aligned,0.9691,0.9506,0.0322,-0.0197,-0.0049,25.2209,27.1746,53.1335,24.163,27.0807,50.5186,87.1297,0.2787,28.7464,15.8625,No,0.0,-0.0005,0.0105,Good,Low,2.2419,10.0,10.0578,22.2835,Safe,72.184,26.1842,19.1877,Aligned,25.4002,64.5425,Side Impact Potential,Urban,2.6021,False,Commercial,Poor Infrastructure,-0.0004,,False,22.493,0.0044,0.0026,Aligned,24,Unnamed Road,2181
3877,Unnamed Road,Urban Road,URB-03877,3877,13.0396,77.5275,13.0407,77.5253,270.4,1550.8,1551.07,10.0959,Aligned,0.9314,1.0072,0.0306,-0.0003,0.0019,26.1629,27.905,55.2679,24.1277,31.1173,49.3825,74.1053,0.5642,39.0885,21.6276,No,0.0,-0.0097,0.9845,Poor,Low,2.9694,10.0,10.0,23.1357,Safe,72.749,27.8529,22.6281,Aligned,27.4457,67.5626,Side Impact Potential,Urban,3.1532,False,Mixed,Poor Infrastructure,0.0044,,False,21.6108,-0.0026,-0.0129,Aligned,29,Unnamed Road,2182
3878,Unnamed Road,Urban Road,URB-03878,3878,13.0368,77.5296,13.0396,77.5312,351.7,1551.2,1551.552,34.5587,Moderate Misalignment,0.7845,0.1944,0.8119,0.0006,-0.0007,48.7805,48.6202,73.9478,59.8517,46.4115,50.4931,47.2226,0.0,47.9666,45.2968,No,0.0,0.0104,2.0274,Good,Medium,2.3723,10.0,24.7486,29.5498,Moderate Risk,70.5148,49.1812,32.7711,Moderate Misalignment,60.6723,67.4741,Side Impact Potential,Urban,2.1291,False,Mixed,Active Congestion,0.78,Severe,False,14.1713,0.0233,0.0029,Moderate Misalignment,51,Unnamed Road,2183
3879,Unnamed Road,Urban Road,URB-03879,3879,13.0351,77.5274,13.0352,77.527,41.4,1551.6,1551.641,45.2837,High Misalignment,0.4378,0.4353,0.1281,0.4234,0.0016,80.2272,79.8859,100.0,20.4363,30.41,79.8265,84.0117,0.27,59.3212,25.597,No,0.0,-0.004,1.0028,Good,Medium,0.4527,10.0,16.2396,40.7073,Moderate Risk,45.957,79.5983,65.5117,High Misalignment,114.0673,57.6169,Separated Traffic,Peri-Urban,6.9153,True,Residential,Speed Limit Misaligned | Poor Infrastructure | Above Human Tolerance Limit,0.0207,,False,109.3136,0.0073,0.0045,High Misalignment,79,Unnamed Road,2184
3880,Unnamed Road,Urban Road,URB-03880,3880,13.0352,77.527,13.0354,77.5265,63.1,1552.0,1552.063,25.8497,Aligned,0.5002,0.4941,0.5066,-0.0139,0.0033,40.6066,42.6874,86.1712,35.4698,29.3541,49.9435,94.5609,0.0,39.9211,19.9089,No,0.0,0.0,0.024,Poor,Low,1.6655,10.0,10.0,21.6505,Safe,75.0581,40.2876,20.6588,Aligned,41.1148,63.4992,Side Impact Potential,Urban,4.9354,True,Industrial,Meets Safe System Standards,0.0161,,False,36.0213,-0.0135,-0.0011,Aligned,42,Unnamed Road,2185
3881,Unnamed Road,Urban Road,URB-03881,3881,13.0354,77.5265,13.0363,77.5247,223.9,1552.4,1552.624,98.6552,Critical Misalignment,0.9676,-0.015,0.0278,0.0278,0.9824,51.1306,49.1861,97.886,10.5626,13.2139,49.1609,98.3832,0.1579,59.9338,4.6704,No,0.0,0.0043,-0.0225,Poor,High,0.2522,10.0,20.5649,46.6855,Moderate Risk,30.456,51.5454,88.0701,Critical Misalignment,106.7167,37.4518,Side Impact Potential,Rural,7.9615,False,Residential,Speed Limit Misaligned | Poor Infrastructure | Above Human Tolerance Limit,-0.0137,,False,91.5767,0.0004,-0.0234,Critical Misalignment,52,Unnamed Road,2186
3882,Unnamed Road,Urban Road,URB-03882,3882,13.0363,77.5247,13.0379,77.5218,356.9,1552.8,1553.157,13.0629,Aligned,0.9394,0.9021,0.0575,-0.0019,0.0042,20.0534,20.9154,49.6337,12.9287,23.5823,49.6375,79.1846,0.0756,31.8763,16.844,No,0.0,0.0006,-0.007,Poor,Medium,1.6706,10.0,10.0,23.0459,Safe,70.043,18.573,19.8146,Aligned,21.2086,46.8604,Side Impact Potential,Rural,1.7725,False,Industrial,Poor Infrastructure,0.1726,Light,False,14.9345,-0.0081,0.0008,Aligned,20,Unnamed Road,2187
3883,Unnamed Road,Urban Road,URB-03883,3883,13.0251,77.5111,13.0269,77.5116,209.6,1553.2,1553.41,39.5027,Moderate Misalignment,0.921,0.047,0.893,0.0117,-0.0078,30.0589,25.8735,55.7196,65.9627,52.5707,29.2432,83.3939,0.293,50.1359,66.6474,No,0.0,-0.0097,1.0257,Good,Medium,2.7147,10.0,10.2922,36.2039,Moderate Risk,62.9531,30.4017,49.2556,Moderate Misalignment,42.1052,63.1861,Significant Pedestrian Interaction,Urban,2.9023,False,Industrial,High Pedestrian Interaction | Above Human Tolerance Limit,-0.0042,,False,37.7198,0.0021,-0.0111,Moderate Misalignment,31,Unnamed Road,2188
3884,Unnamed Road,Urban Road,URB-03884,3884,13.0315,77.5129,13.0269,77.5116,528.4,1553.6,1554.128,36.4098,Moderate Misalignment,0.9528,0.0244,0.9092,0.0127,-0.0074,47.8353,49.2056,86.9152,35.7094,41.3732,50.363,91.0526,0.059,39.7445,36.2352,No,0.0,0.0026,0.9874,Good,Low,2.3648,10.0,19.9651,28.6262,Moderate Risk,68.9439,47.9714,30.3385,Moderate Misalignment,48.4704,70.203,Side Impact Potential,Urban,6.1631,True,Commercial,Meets Safe System Standards,0.2131,Light,False,36.381,0.0056,-0.0042,Moderate Misalignment,48,Unnamed Road,2189
3885,Unnamed Road,Urban Road,URB-03885,3885,13.0417,77.516,13.0419,77.5156,55.1,1554.0,1554.055,41.5991,Moderate Misalignment,0.8935,0.0717,0.8567,0.0407,0.002,80.0436,80.356,100.0,1.3503,13.5782,79.7115,93.2378,0.0,59.7859,3.2916,No,0.0,-0.0073,-0.0567,Poor,Medium,0.2011,10.0,34.8153,32.4039,Moderate Risk,52.3114,80.5707,47.0043,Moderate Misalignment,105.2042,40.7065,Separated Traffic,Rural,6.9386,True,Residential,Poor Infrastructure,0.1665,Light,False,84.9692,-0.0009,-0.0014,Moderate Misalignment,81,Unnamed Road,2190
3886,Unnamed Road,Urban Road,URB-03886,3886,13.0419,77.5156,13.0422,77.5146,112.0,1554.4,1554.512,29.1586,Moderate Misalignment,0.6234,0.3344,0.6558,-0.0074,0.0025,78.2711,76.7003,100.0,14.6104,14.1675,80.082,61.0759,0.0,59.5155,6.7356,No,0.0,0.0003,-0.0474,Poor,Medium,0.1457,10.0,10.3792,24.1743,Safe,64.8132,75.66,30.4687,Moderate Misalignment,79.6751,39.4045,Separated Traffic,Rural,4.8119,True,Residential,Poor Infrastructure | Above Human Tolerance Limit,0.1552,Light,False,66.9471,-0.009,-0.0019,Moderate Misalignment,78,Unnamed Road,2191
3887,Unnamed Road,Urban Road,URB-03887,3887,13.0435,77.5111,13.0436,77.5108,29.6,1554.8,1554.83,27.895,Moderate Misalignment,0.5891,0.4009,0.5734,0.0603,0.0001,63.6103,64.7378,99.0654,32.488,29.066,79.7152,38.9329,0.0,60.0,22.5879,No,0.0,-0.0005,-0.0031,Poor,High,0.6926,10.0,10.0,26.6463,Moderate Risk,67.736,62.9559,31.2748,Moderate Misalignment,62.1641,57.3937,Separated Traffic,Urban,6.8967,True,Residential,Poor Infrastructure | Above Human Tolerance Limit,0.1689,Light,False,48.4552,0.0088,-0.001,Moderate Misalignment,66,Unnamed Road,2192
3888,Unnamed Road,Urban Road,URB-03888,3888,13.0436,77.5108,13.0438,77.5104,53.4,1555.2,1555.253,13.8689,Aligned,0.9071,0.9342,0.0887,-0.0145,-0.0062,70.0035,70.6675,98.9972,9.8257,20.8505,80.6427,59.5343,0.0,60.0,10.833,No,0.0,-0.0022,-0.0113,Poor,Low,0.4819,10.0,10.0,22.0523,Safe,71.1822,71.5843,18.5567,Aligned,71.4771,50.668,Separated Traffic,Peri-Urban,5.949,True,Residential,Poor Infrastructure,0.1653,Light,False,55.7336,-0.0115,-0.0209,Aligned,70,Unnamed Road,2193
3889,Unnamed Road,Urban Road,URB-03889,3889,13.0438,77.5104,13.0439,77.5102,27.6,1555.6,1555.628,10.6449,Aligned,0.9794,0.9953,0.044,0.0029,-0.0016,32.9375,33.7236,69.4897,25.9821,27.2871,52.3469,86.6295,0.0507,39.1782,14.0494,No,0.0,-0.0024,0.086,Good,Medium,1.8365,10.0,10.0,22.0164,Safe,73.2407,36.2348,18.5827,Aligned,35.7608,63.9567,Side Impact Potential,Urban,2.1045,False,Commercial,Poor Infrastructure,0.0111,,False,29.2217,-0.0223,-0.0095,Aligned,35,Unnamed Road,2194
3890,Unnamed Road,Urban Road,URB-03890,3890,13.0439,77.5102,13.0441,77.5099,35.1,1556.0,1556.035,21.8944,Aligned,0.5932,0.5075,0.3654,0.0344,0.0041,64.6587,62.3513,100.0,0.0,14.4712,79.8683,42.9745,0.4443,60.0,1.6668,No,0.0,0.0089,0.0749,Poor,Medium,0.153,10.0,10.4379,25.3281,Moderate Risk,62.0408,61.0557,29.9668,Moderate Misalignment,65.6001,42.6993,Separated Traffic,Rural,7.9681,True,Residential,Poor Infrastructure | Above Human Tolerance Limit,-0.0025,,False,52.7209,-0.0096,-0.0191,Aligned,63,Unnamed Road,2195
3891,Unnamed Road,Urban Road,URB-03891,3891,13.0315,77.5129,13.0311,77.5145,172.9,1556.4,1556.573,14.7416,Aligned,0.8645,0.8382,0.1602,0.0136,0.0115,56.421,57.3942,98.5523,12.2754,25.4793,80.0107,72.7786,0.0,60.0,11.3066,No,0.0,-0.0002,0.0684,Good,Medium,0.4187,10.0,10.2403,23.8091,Safe,69.5073,56.8752,22.1334,Aligned,59.2174,60.3752,Separated Traffic,Peri-Urban,5.6799,True,Industrial,Poor Infrastructure,0.2148,Light,False,42.5088,0.011,0.0016,Aligned,56,Unnamed Road,2196
3892,Unnamed Road,Urban Road,URB-03892,3892,13.0441,77.5099,13.0442,77.5097,30.1,1556.8,1556.83,62.4907,High Misalignment,0.5695,0.0108,0.3707,0.5902,-0.0168,51.4429,50.4159,100.0,0.3724,16.8983,51.7585,80.4307,0.4093,58.9285,7.7694,No,0.0,-0.0061,-0.0305,Poor,High,0.0213,10.0,10.4093,26.8027,Moderate Risk,60.6952,51.0682,31.6086,Moderate Misalignment,62.6088,41.0784,Side Impact Potential,Rural,5.9975,False,Commercial,Poor Infrastructure | Above Human Tolerance Limit,-0.0181,,False,47.9063,-0.012,-0.0034,High Misalignment,51,Unnamed Road,2197
3893,Unnamed Road,Urban Road,URB-03893,3893,13.0442,77.5097,13.0452,77.5072,288.7,1557.2,1557.489,8.6709,Aligned,0.9965,0.9335,0.0241,-0.0144,-0.0046,17.0864,20.8112,26.4311,0.0,16.2855,50.7248,91.6696,0.4075,20.0,4.6512,No,0.0,0.0098,-0.0113,Poor,High,0.9085,10.0,10.0,21.6845,Safe,68.9422,16.4082,18.9529,Aligned,15.728,46.2085,Side Impact Potential,Rural,0.8783,False,Mixed,Poor Infrastructure,0.0017,,False,16.637,-0.0186,-0.0011,Aligned,18,Unnamed Road,2198
3894,Unnamed Road,Urban Road,URB-03894,3894,13.031,77.5149,13.0311,77.5145,51.6,1557.6,1557.652,20.5505,Aligned,0.7775,0.7725,0.1691,0.0351,0.0084,50.1542,52.6793,99.2666,6.4836,15.5708,80.8915,55.5888,0.4219,60.0,4.0888,No,0.0,0.002,-0.0428,Poor,Low,0.1096,10.0,10.0,20.5888,Safe,71.0027,50.3449,18.0916,Aligned,53.7971,45.9846,Separated Traffic,Rural,4.1081,True,Residential,Poor Infrastructure,0.1255,Light,False,38.2306,-0.0098,0.0059,Aligned,50,Unnamed Road,2199
3895,Unnamed Road,Urban Road,URB-03895,3895,13.05,77.5165,13.051,77.517,132.6,1558.0,1558.133,42.6069,Moderate Misalignment,0.954,0.007,0.9536,0.0292,-0.0052,29.1119,28.5927,75.9044,57.6092,53.3878,30.572,92.111,0.211,40.6821,57.9701,No,0.0,-0.0016,1.0237,Good,Medium,1.363,10.0,10.1033,33.2944,Moderate Risk,67.0441,30.3511,40.9869,Moderate Misalignment,46.1937,67.4469,Significant Pedestrian Interaction,Urban,3.8324,False,Commercial,High Pedestrian Interaction | Above Human Tolerance Limit,-0.0046,,False,35.1536,0.0194,-0.0057,Moderate Misalignment,29,Unnamed Road,2200
3896,Unnamed Road,Urban Road,URB-03896,3896,13.0499,77.5162,13.05,77.5165,28.0,1558.4,1558.428,33.4873,Moderate Misalignment,0.784,0.1857,0.7555,-0.017,0.0017,51.126,49.8382,47.3049,32.4394,43.9899,49.406,93.1773,0.07,36.9802,49.4979,No,0.0,-0.0004,1.0,Good,Medium,1.9605,10.0,29.5964,32.752,Moderate Risk,64.2285,49.7272,36.804,Moderate Misalignment,50.238,61.3313,Side Impact Potential,Peri-Urban,1.7653,False,Residential,Poor Infrastructure,-0.0049,,False,44.4118,0.0179,-0.0164,Moderate Misalignment,51,Unnamed Road,2201
3897,Unnamed Road,Urban Road,URB-03897,3897,13.0295,77.5343,13.0304,77.5327,204.3,1558.8,1559.004,10.3194,Aligned,0.965,0.969,0.01,0.004,-0.0014,20.7069,21.8383,51.6529,39.6052,35.7555,49.1765,81.3063,0.0,30.0482,33.1322,No,0.0,-0.0042,0.953,Poor,High,3.0953,10.0,10.4868,22.8032,Safe,75.6488,21.7167,18.6923,Aligned,21.4396,56.7977,Side Impact Potential,Urban,1.8622,False,Industrial,Meets Safe System Standards,0.1709,Light,False,15.7381,0.0054,-0.0076,Aligned,20,Unnamed Road,2202
3898,Unnamed Road,Urban Road,URB-03898,3898,13.0439,77.5132,13.0436,77.5131,38.9,1559.2,1559.239,23.8395,Aligned,0.5575,0.5163,0.4465,0.0205,-0.0029,56.7403,58.2731,99.6667,0.0,14.8658,80.9608,74.9445,0.0,60.0,2.6055,No,0.0,-0.0015,0.0223,Good,Medium,0.0976,10.0,10.0,20.7238,Safe,68.7305,58.4295,18.6243,Aligned,58.8764,42.0394,Separated Traffic,Rural,8.0796,True,Residential,Approach to Congestion (Tapered) | Poor Infrastructure,0.0137,,True,52.9669,0.0071,-0.0026,Aligned,58,Unnamed Road,2203