segment_id,road_name,road_type,human_segment_id,internal_id,start_lat,start_lon,end_lat,end_lon,length_m,start_km,end_km,road_risk_score,ai_risk_label,ai_risk_probability,prob_low_risk,prob_medium_risk,prob_high_risk,prob_critical_risk,ai_recommended_speed,recommended_safe_speed,road_function_score,infrastructure_score,exposure_score,human_tolerance_limit,operating_speed_score,crash_risk_score,posted_speed_limit,pedestrian_exposure_score,blackspot_flag,crash_count,fatal_crashes,schools_count,lighting_quality,roadside_hazards,intersection_density,speed_compliance_rate,speed_violation_score,hotspot_score,hotspot_category,speed_safety_score,original_safe_speed,misalignment_score,misalignment_category,speed_p85,ptw_share_pct,exposure_tier,urban_rural_flag,lane_count,median_presence,land_use_type,top_ai_factors,congestion_index,congestion_category,congestion_smoothed,operating_speed_mean,minor_crashes,major_crashes,risk_category,final_safe_speed,corridor_base,corridor_seq
3899,Unnamed Road,Urban Road,URB-03899,3899,13.0309,77.5154,13.031,77.5149,54.5,1559.6,1559.655,11.2207,Aligned,0.884,0.9119,0.0889,0.0249,-0.0022,31.591,29.0876,74.7503,4.3887,26.6217,48.092,52.6438,0.0,40.4286,14.5853,No,0.0,-0.0021,-0.0296,Good,Medium,1.5298,10.0,10.0,24.2514,Safe,68.2,27.819,21.4802,Aligned,28.0221,55.8983,Side Impact Potential,Peri-Urban,4.8701,False,Residential,Active Congestion | Poor Infrastructure,0.6692,Severe,False,10.4698,0.0099,0.0048,Aligned,30,Unnamed Road,2204
3900,Unnamed Road,Urban Road,URB-03900,3900,13.0309,77.5154,13.0291,77.5151,200.7,1560.0,1560.201,33.1547,Moderate Misalignment,0.7337,0.2055,0.7534,0.0071,0.0011,78.0684,76.6817,99.2018,0.711,12.5267,80.2564,84.691,19.9448,60.0,0.0,No,0.0,0.0003,0.0162,Poor,Medium,0.2156,10.0,13.8071,35.7781,Moderate Risk,49.9154,81.2064,45.1482,Moderate Misalignment,104.0493,40.1753,Separated Traffic,Rural,7.1417,True,Industrial,Poor Infrastructure | Above Human Tolerance Limit,0.1838,Light,False,79.6534,0.0173,1.0046,Moderate Misalignment,79,Unnamed Road,2205
3901,Unnamed Road,Urban Road,URB-03901,3901,13.0291,77.5151,13.0284,77.515,77.6,1560.4,1560.478,36.3231,Moderate Misalignment,0.5567,0.3031,0.5517,0.1295,0.0076,53.3252,55.591,99.7009,0.3701,14.9627,80.2997,43.4976,0.4205,60.0,9.8792,No,0.0,-0.0034,-0.0237,Poor,Medium,0.2235,10.0,10.0,20.9087,Safe,70.2781,53.0226,19.6367,Aligned,51.9121,34.2202,Separated Traffic,Rural,8.0997,True,Residential,Poor Infrastructure,0.1622,Light,False,40.6542,0.0111,-0.0014,Moderate Misalignment,55,Unnamed Road,2206
3902,Unnamed Road,Urban Road,URB-03902,3902,13.0499,77.515,13.0502,77.5151,35.0,1560.8,1560.835,40.6629,Moderate Misalignment,0.7979,0.0956,0.7757,0.1127,0.0024,80.7481,80.7015,98.5049,0.0,15.1062,79.3642,92.439,0.2457,60.0,9.1543,No,0.0,0.0019,0.0176,Poor,Medium,0.2433,10.0,30.5648,30.1618,Moderate Risk,56.4298,78.1405,39.4201,Moderate Misalignment,91.2398,32.9834,Separated Traffic,Rural,4.0619,True,Residential,Poor Infrastructure,-0.0197,,False,74.3911,-0.0004,0.0002,Moderate Misalignment,81,Unnamed Road,2207
3903,Unnamed Road,Urban Road,URB-03903,3903,13.0499,77.515,13.0496,77.515,27.2,1561.2,1561.227,40.9125,Moderate Misalignment,0.8568,0.0402,0.8807,0.0837,-0.0,29.2085,30.4746,79.1972,24.452,40.5565,29.37,69.9283,0.0967,51.0702,43.8656,No,0.0,-0.0096,1.0081,Good,Low,1.4892,10.0,10.0,38.1254,Moderate Risk,55.6883,28.9189,49.716,Moderate Misalignment,41.767,58.3951,Significant Pedestrian Interaction,Urban,3.0604,True,Residential,High Pedestrian Interaction | Poor Infrastructure | Above Human Tolerance Limit,0.2277,Light,False,27.5269,0.0083,-0.0118,Moderate Misalignment,30,Unnamed Road,2208
3904,Unnamed Road,Urban Road,URB-03904,3904,13.0493,77.5149,13.0496,77.515,37.0,1561.6,1561.637,12.2377,Aligned,0.9768,0.9775,0.0171,0.0007,-0.0013,31.4279,28.0674,26.8505,21.1767,17.8081,48.6101,94.4447,0.0,29.334,6.2478,No,0.0,-0.0026,0.0369,Poor,Low,1.7169,10.0,10.0362,19.1984,Safe,74.2569,28.5434,15.4726,Aligned,29.1095,47.0002,Side Impact Potential,Rural,1.1305,False,Residential,Poor Infrastructure,-0.0177,,False,26.817,0.0066,-0.0117,Aligned,31,Unnamed Road,2209
3905,Unnamed Road,Urban Road,URB-03905,3905,13.0502,77.5151,13.0501,77.5153,27.4,1562.0,1562.027,13.2334,Aligned,0.9836,0.9906,-0.0131,-0.0148,-0.0005,18.0144,19.781,30.7545,0.0,15.9395,50.149,93.1574,0.0,20.0,7.4188,No,0.0,0.0038,-0.0304,Poor,Medium,0.6655,10.0,10.0,21.8348,Safe,68.6801,18.9604,20.1594,Aligned,17.264,42.6767,Side Impact Potential,Rural,0.8986,False,Residential,Poor Infrastructure,0.0072,,False,16.3792,0.0103,-0.0097,Aligned,18,Unnamed Road,2210
3906,Unnamed Road,Urban Road,URB-03906,3906,13.0439,77.5132,13.0442,77.5132,26.5,1562.4,1562.427,10.6831,Aligned,0.9789,0.9689,0.0359,-0.0077,-0.0088,28.582,29.7164,54.4768,46.2201,36.8133,49.327,85.2121,0.0832,60.0,34.1341,No,0.0,0.0006,-0.0041,Good,Low,3.5856,10.0,10.0452,21.9181,Safe,78.5717,28.648,19.9138,Aligned,24.8252,64.4362,Side Impact Potential,Urban,3.944,False,Residential,Meets Safe System Standards,0.1448,Light,False,24.5905,0.0117,-0.0019,Aligned,29,Unnamed Road,2211
3907,Unnamed Road,Urban Road,URB-03907,3907,13.0442,77.5132,13.0447,77.5135,74.1,1562.8,1562.874,12.8579,Aligned,0.9466,0.9929,0.0356,0.0053,0.0037,35.8719,38.1782,70.1419,24.2098,26.8124,50.7076,84.651,0.0,41.5855,13.2584,No,0.0,0.0004,0.0312,Good,Low,1.7666,10.0,10.0175,21.513,Safe,73.8619,37.9067,18.1558,Aligned,37.4399,63.5821,Side Impact Potential,Urban,1.8221,False,Industrial,Poor Infrastructure,0.1547,Light,False,30.2818,-0.0069,0.0014,Aligned,38,Unnamed Road,2212
3908,Unnamed Road,Urban Road,URB-03908,3908,13.05,77.5159,13.0501,77.5156,32.4,1563.2,1563.232,19.8821,Aligned,0.7686,0.7497,0.2325,0.0158,-0.008,73.8027,73.8581,99.0912,6.0307,12.2813,77.8181,56.8079,0.444,60.0,3.0889,No,0.0,-0.0009,0.0051,Poor,High,0.2394,10.0,10.2633,24.7408,Safe,62.9579,73.8491,29.087,Moderate Misalignment,74.3936,38.7188,Separated Traffic,Rural,6.9169,True,Industrial,Poor Infrastructure | Above Human Tolerance Limit,-0.006,,False,61.4701,0.0042,-0.0112,Aligned,74,Unnamed Road,2213
3909,Unnamed Road,Urban Road,URB-03909,3909,13.0501,77.5156,13.0501,77.5153,34.5,1563.6,1563.635,37.1985,Moderate Misalignment,0.9634,0.0463,0.9625,-0.0008,-0.0007,51.1177,51.5819,86.0617,6.6148,20.9992,50.4552,95.2884,0.463,51.2873,11.2558,No,0.0,-0.0012,-0.0423,Good,High,1.8452,10.0,16.6593,25.8693,Moderate Risk,64.4899,50.0818,29.3111,Moderate Misalignment,59.971,53.4412,Side Impact Potential,Peri-Urban,5.0446,True,Industrial,Poor Infrastructure,-0.0027,,False,48.9767,0.0032,-0.0041,Moderate Misalignment,49,Unnamed Road,2214
3910,Unnamed Road,Urban Road,URB-03910,3910,13.0499,77.5162,13.05,77.5159,30.0,1564.0,1564.03,65.5639,High Misalignment,0.7263,0.0083,0.2535,0.7368,0.0083,32.2198,25.0263,75.4085,66.0854,53.3944,31.1264,87.6358,19.561,50.1519,64.3186,No,0.0,0.0012,1.9397,Poor,Medium,1.43,10.0,10.0,42.057,Moderate Risk,58.2282,31.232,49.3176,High Misalignment,52.51,67.111,Significant Pedestrian Interaction,Urban,3.8084,False,Mixed,Speed Limit Misaligned | High Pedestrian Interaction | Above Human Tolerance Limit,0.1358,Light,False,42.3614,0.0132,1.0069,High Misalignment,33,Unnamed Road,2215
3911,Unnamed Road,Urban Road,URB-03911,3911,13.0452,77.5136,13.0447,77.5135,52.3,1564.4,1564.452,39.8363,Moderate Misalignment,0.7204,0.2222,0.738,0.0801,-0.0014,80.6876,79.6474,99.7462,49.0636,32.9284,81.5111,88.4571,0.3255,60.0,23.2913,No,0.0,0.0029,0.0371,Good,Low,0.5421,10.0,21.207,28.1021,Moderate Risk,67.448,80.4826,37.7915,Moderate Misalignment,98.3615,65.3068,Separated Traffic,Urban,5.0338,True,Mixed,Meets Safe System Standards,0.0142,,False,88.0488,0.0171,0.0016,Moderate Misalignment,80,Unnamed Road,2216
3912,Unnamed Road,Urban Road,URB-03912,3912,13.0346,77.5296,13.0348,77.5289,84.3,1564.8,1564.884,24.4281,Moderate Misalignment,0.5048,0.473,0.524,0.0171,-0.0151,74.5408,75.8363,99.879,0.0,14.24,79.1636,65.7723,0.2924,60.0,4.822,No,0.0,0.0046,0.0122,Poor,Low,0.3347,10.0,10.0,25.4846,Moderate Risk,62.1271,73.0609,31.0206,Moderate Misalignment,75.9282,41.4043,Separated Traffic,Rural,4.9461,True,Residential,Poor Infrastructure | Above Human Tolerance Limit,-0.005,,False,68.6629,-0.0098,-0.0069,Moderate Misalignment,73,Unnamed Road,2217
3913,Unnamed Road,Urban Road,URB-03913,3913,13.0429,77.5135,13.0426,77.5145,121.8,1565.2,1565.322,12.8129,Aligned,0.9754,1.0009,-0.0075,-0.0018,-0.0017,14.8741,18.0921,31.0433,22.2304,32.7371,30.0944,87.6771,0.1328,21.1882,31.8701,No,0.0,0.0047,0.9493,Poor,High,3.7013,10.0,10.0,25.7131,Moderate Risk,70.1898,18.1895,24.1407,Aligned,14.0633,58.6761,Significant Pedestrian Interaction,Peri-Urban,1.8485,False,Mixed,High Pedestrian Interaction | Poor Infrastructure,0.2078,Light,False,11.4674,-0.0039,-0.0008,Aligned,16,Unnamed Road,2218
3914,Unnamed Road,Urban Road,URB-03914,3914,13.0529,77.5178,13.053,77.5176,27.7,1565.6,1565.628,15.4256,Aligned,0.85,0.838,0.1959,0.0048,-0.0067,61.659,63.9337,99.1013,3.0641,12.7008,80.0467,87.2255,0.0,58.3807,3.2853,No,0.0,0.0083,-0.0486,Poor,Medium,0.1088,10.0,10.2306,20.4632,Safe,68.9874,61.7185,19.9207,Aligned,62.9666,36.5359,Separated Traffic,Rural,3.8434,True,Industrial,Poor Infrastructure,-0.0091,,False,52.4003,0.0027,-0.0054,Aligned,64,Unnamed Road,2219
3915,Unnamed Road,Urban Road,URB-03915,3915,13.0529,77.5178,13.0527,77.5178,26.6,1566.0,1566.027,13.332,Aligned,0.9207,0.9136,0.0617,0.0113,0.0018,24.0376,25.3029,56.6901,27.3548,25.0819,51.0691,90.5639,0.0981,30.8768,19.389,No,0.0,0.0049,-0.0149,Poor,Low,1.8318,10.0,10.0,21.3382,Safe,74.691,25.3193,17.6336,Aligned,24.8049,50.6972,Side Impact Potential,Peri-Urban,3.959,False,Industrial,Poor Infrastructure,-0.0167,,False,24.9399,-0.0118,0.0101,Aligned,24,Unnamed Road,2220
3916,Unnamed Road,Urban Road,URB-03916,3916,13.053,77.5176,13.0533,77.5176,31.7,1566.4,1566.432,39.7291,Moderate Misalignment,0.9788,-0.0069,0.9101,0.0035,0.0073,81.3162,79.4942,100.0,23.6692,27.2115,79.088,95.8995,0.0,60.0,13.4565,No,0.0,0.012,-0.0078,Good,High,0.4196,10.0,17.0552,27.5356,Moderate Risk,64.6861,80.8335,31.9602,Moderate Misalignment,93.871,61.2518,Separated Traffic,Peri-Urban,5.933,True,Residential,Poor Infrastructure,-0.0161,,False,82.5613,-0.0043,0.02,Moderate Misalignment,80,Unnamed Road,2221
3917,Unnamed Road,Urban Road,URB-03917,3917,13.056,77.5185,13.0563,77.5178,82.3,1566.8,1566.882,18.5364,Aligned,0.7141,0.6808,0.2537,0.0599,-0.0092,80.2535,78.3174,99.1135,11.8746,17.3859,79.6503,83.9671,0.0525,60.0,12.2666,No,0.0,-0.0014,-0.085,Poor,Low,0.2269,10.0,10.1844,27.2287,Moderate Risk,61.2658,82.9584,34.0302,Moderate Misalignment,92.0147,33.3361,Separated Traffic,Rural,5.007,True,Residential,Poor Infrastructure | Above Human Tolerance Limit,0.023,,False,79.1768,-0.0046,0.0008,Aligned,79,Unnamed Road,2222
3918,Unnamed Road,Urban Road,URB-03918,3918,13.0282,77.5149,13.0284,77.515,25.6,1567.2,1567.226,75.3003,High Misalignment,0.9701,-0.0413,0.0247,0.968,0.0101,30.7674,31.0577,84.6371,66.9289,41.9986,31.0635,99.1586,0.6824,52.9252,39.8471,No,0.0,0.0064,-0.0234,Good,Medium,2.1752,10.0,27.7381,37.2426,Moderate Risk,58.6351,28.7357,60.3259,High Misalignment,64.1068,68.0811,Significant Pedestrian Interaction,Urban,4.9182,True,Residential,Speed Limit Misaligned | High Pedestrian Interaction | Above Human Tolerance Limit,0.1623,Light,False,50.2183,0.002,-0.0065,High Misalignment,29,Unnamed Road,2223
3919,Unnamed Road,Urban Road,URB-03919,3919,13.0282,77.5149,13.0265,77.5147,187.9,1567.6,1567.788,11.7366,Aligned,0.9961,0.993,0.0155,-0.0087,0.01,24.198,25.5984,55.8018,0.1255,14.8478,49.8222,81.5267,0.0,31.4861,3.4299,No,0.0,-0.0041,0.054,Poor,Medium,1.3043,10.0,10.0,21.1638,Safe,69.2488,24.3552,18.3534,Aligned,22.902,45.0195,Side Impact Potential,Rural,4.0132,False,Industrial,Poor Infrastructure,0.2015,Light,False,15.3598,-0.0041,0.0022,Aligned,24,Unnamed Road,2224
3920,Unnamed Road,Urban Road,URB-03920,3920,13.051,77.517,13.0521,77.5175,136.3,1568.0,1568.136,37.8431,Moderate Misalignment,0.8794,0.0931,0.8928,0.0156,0.0062,56.6816,57.6789,88.0227,40.3551,30.3175,68.3977,95.8365,0.0,49.8339,22.7774,No,0.0,-0.0001,0.0101,Poor,Medium,1.404,10.0,14.3811,22.8672,Safe,73.6257,56.598,25.2086,Moderate Misalignment,55.0091,62.3025,Separated Traffic,Peri-Urban,6.126,True,Residential,Meets Safe System Standards,-0.0066,,False,49.616,-0.0089,0.0009,Moderate Misalignment,57,Unnamed Road,2225
3921,Unnamed Road,Urban Road,URB-03921,3921,13.0471,77.5014,13.0476,77.5,170.2,1568.4,1568.57,9.3123,Aligned,0.9783,0.9551,0.0156,-0.0007,0.0045,34.4427,32.6739,81.4472,58.1634,30.6432,47.5186,81.962,0.1383,40.449,25.4638,No,0.0,-0.0061,0.0649,Good,High,1.7193,10.0,10.1038,18.2733,Safe,83.1299,34.6591,17.2914,Aligned,34.709,60.688,Side Impact Potential,Urban,5.9203,False,Residential,Meets Safe System Standards,0.1621,Light,False,24.7308,-0.0054,-0.0033,Aligned,34,Unnamed Road,2226
3922,Unnamed Road,Urban Road,URB-03922,3922,13.0476,77.5,13.0477,77.4996,36.5,1568.8,1568.837,15.6462,Aligned,0.9098,0.9033,0.0674,0.0135,0.0112,63.2694,64.1173,99.6246,4.5695,15.5578,81.0127,60.6321,0.0,60.0,9.185,No,0.0,0.0091,0.0217,Poor,High,0.4268,10.0,10.305,19.6501,Safe,71.7091,63.2966,16.4588,Aligned,62.7738,33.8173,Separated Traffic,Rural,5.074,True,Residential,Poor Infrastructure,0.0073,,False,51.1797,-0.0046,-0.0077,Aligned,65,Unnamed Road,2227
3923,Unnamed Road,Urban Road,URB-03923,3923,13.0263,77.5309,13.0258,77.5306,65.9,1569.2,1569.266,39.9295,Moderate Misalignment,0.9671,0.0097,0.9694,0.0176,0.0024,80.1376,80.2995,98.3029,0.0,16.1391,77.6091,94.0425,0.2448,59.4982,5.6464,No,0.0,-0.0067,0.0002,Poor,Medium,0.1826,10.0,30.3666,29.839,Moderate Risk,54.4722,78.9417,42.3676,Moderate Misalignment,105.2603,35.3626,Separated Traffic,Rural,8.2723,True,Residential,Poor Infrastructure,0.0183,,False,85.3602,0.0058,-0.0156,Moderate Misalignment,79,Unnamed Road,2228
3924,Unnamed Road,Urban Road,URB-03924,3924,13.0521,77.5175,13.0524,77.5177,34.3,1569.6,1569.634,10.7437,Aligned,1.0173,0.9844,0.0059,-0.0059,-0.0143,25.4891,24.8132,27.1614,25.9087,22.866,46.4704,87.3529,0.0064,31.2761,15.2369,No,0.0,-0.0054,-0.0188,Poor,Medium,2.3216,10.0,10.4158,20.8477,Safe,74.5042,24.5368,18.2764,Aligned,26.8579,53.5857,Side Impact Potential,Peri-Urban,2.2823,False,Industrial,Poor Infrastructure,0.0069,,False,20.2944,-0.002,-0.0099,Aligned,24,Unnamed Road,2229
3925,Unnamed Road,Urban Road,URB-03925,3925,13.0407,77.5253,13.0413,77.5241,150.2,1570.0,1570.15,44.7981,Moderate Misalignment,0.7767,0.0556,0.8242,0.1372,-0.0037,50.4081,51.0496,100.0,32.4457,26.4434,49.8597,68.7246,0.0,60.0,14.3278,No,0.0,0.0043,0.0292,Good,Low,0.3167,10.0,10.0,24.643,Moderate Risk,69.1609,50.2483,30.2798,Moderate Misalignment,47.8977,63.9686,Side Impact Potential,Urban,5.98,False,Commercial,Poor Infrastructure | Above Human Tolerance Limit,0.0069,,False,38.6437,0.0013,0.0019,Moderate Misalignment,50,Unnamed Road,2230
3926,Unnamed Road,Urban Road,URB-03926,3926,13.0459,77.5061,13.0455,77.5074,148.7,1570.4,1570.549,16.8957,Aligned,0.7868,0.7851,0.1641,0.0119,-0.0033,54.2458,54.3865,98.4844,26.848,35.1667,80.1743,48.4969,0.0,59.6413,29.7388,No,0.0,0.0009,1.0319,Good,High,0.5523,10.0,10.0,24.9887,Safe,71.9373,55.7854,21.5305,Aligned,53.0452,68.2969,Separated Traffic,Urban,4.1288,True,Residential,Poor Infrastructure,0.0049,,False,46.8702,-0.01,0.0215,Aligned,54,Unnamed Road,2231
3927,Unnamed Road,Urban Road,URB-03927,3927,13.0379,77.5218,13.0397,77.5186,402.9,1570.8,1571.203,67.6894,High Misalignment,0.7897,-0.0019,0.2022,0.7912,-0.0092,31.1272,28.7417,77.6696,52.6405,50.9124,29.7542,71.0186,0.0,59.097,60.1552,No,0.0,-0.0028,0.9632,Good,Medium,1.7334,10.0,10.6247,42.3748,Moderate Risk,52.4955,29.595,63.3303,High Misalignment,47.8374,59.4837,Significant Pedestrian Interaction,Urban,2.0446,True,Mixed,Speed Limit Misaligned | High Pedestrian Interaction | Above Human Tolerance Limit,0.0082,,False,39.9656,-0.0076,0.0127,High Misalignment,30,Unnamed Road,2232
3928,Unnamed Road,Urban Road,URB-03928,3928,13.0524,77.5177,13.0527,77.5178,28.0,1571.2,1571.228,19.3525,Aligned,0.694,0.6477,0.3045,0.0078,0.0028,50.7389,49.6256,98.6501,26.2602,20.5337,78.315,74.1043,0.0,59.1241,16.4558,No,0.0,-0.0056,0.0358,Good,Medium,0.3097,10.0,10.0214,19.1894,Safe,75.4513,47.0935,16.4333,Aligned,47.587,36.9431,Separated Traffic,Rural,6.1388,True,Residential,Poor Infrastructure,-0.01,,False,44.6333,0.02,0.0007,Aligned,51,Unnamed Road,2233
3929,Unnamed Road,Urban Road,URB-03929,3929,13.0496,77.4952,13.0491,77.4967,172.3,1571.6,1571.772,12.5278,Aligned,0.9272,0.8889,0.0725,-0.0165,0.0008,29.5224,29.0102,85.5558,55.644,42.3398,50.479,73.3505,0.0,40.3842,50.4538,No,0.0,0.003,1.0164,Poor,High,2.2907,10.0,10.0,22.9935,Safe,79.3692,28.9721,19.6045,Aligned,29.7918,54.4199,Side Impact Potential,Urban,5.121,True,Commercial,Meets Safe System Standards,0.1842,Light,False,20.7855,0.0005,0.0084,Aligned,28,Unnamed Road,2234
3930,Unnamed Road,Urban Road,URB-03930,3930,13.0504,77.4932,13.0496,77.4952,232.1,1572.0,1572.232,39.157,Moderate Misalignment,0.9779,0.0373,0.9435,0.0218,0.0081,79.5438,78.4654,99.4606,1.4952,14.1543,78.7884,90.2279,0.032,60.0,6.2353,No,0.0,-0.0089,-0.0256,Poor,Medium,0.193,10.0,29.643,31.216,Moderate Risk,54.556,82.0106,42.4986,Moderate Misalignment,105.4656,35.2344,Separated Traffic,Rural,7.9326,True,Residential,Poor Infrastructure,-0.0134,,False,83.2397,0.0027,0.002,Moderate Misalignment,82,Unnamed Road,2235
3931,Unnamed Road,Urban Road,URB-03931,3931,13.0491,77.4967,13.0489,77.4974,76.2,1572.4,1572.476,11.4587,Aligned,0.9938,0.9917,0.0496,0.0151,-0.0088,36.1723,35.5795,74.6898,40.2472,34.4309,51.9388,84.9084,0.5531,39.1479,31.0522,No,0.0,-0.002,-0.0034,Good,Medium,1.6083,10.0,10.0,22.9017,Safe,75.6,35.213,19.6465,Aligned,33.7702,58.8814,Side Impact Potential,Urban,3.8947,False,Commercial,Meets Safe System Standards,-0.0063,,False,29.8924,0.0082,-0.0043,Aligned,36,Unnamed Road,2236
3932,Unnamed Road,Urban Road,URB-03932,3932,13.0344,77.53,13.0346,77.5296,44.9,1572.8,1572.845,41.929,Moderate Misalignment,0.9326,0.0446,0.9364,0.0404,-0.0018,80.7027,78.8417,99.864,19.437,21.3769,82.7811,99.9048,0.0,60.0,13.2367,No,0.0,0.0095,-0.0023,Poor,High,0.4005,10.0,16.3776,24.6441,Moderate Risk,66.2808,81.1797,28.4963,Moderate Misalignment,93.3467,52.7111,Separated Traffic,Peri-Urban,8.181,True,Residential,Poor Infrastructure,-0.0031,,False,80.215,-0.0029,-0.0248,Moderate Misalignment,81,Unnamed Road,2237
3933,Unnamed Road,Urban Road,URB-03933,3933,13.0341,77.5306,13.0344,77.53,71.1,1573.2,1573.271,12.5643,Aligned,0.9708,1.0302,0.0174,0.0129,-0.0094,18.2891,19.0361,26.701,9.908,19.988,50.7469,94.0007,0.2014,39.4518,7.8628,No,0.0,-0.004,0.057,Good,Medium,3.1487,10.0,10.0,21.2157,Safe,71.2771,17.8264,19.4139,Aligned,15.0626,53.3533,Side Impact Potential,Peri-Urban,0.8659,False,Residential,Poor Infrastructure,0.0153,,False,13.9039,0.0107,-0.0049,Aligned,20,Unnamed Road,2238
3934,Unnamed Road,Urban Road,URB-03934,3934,13.0455,77.5074,13.045,77.5089,177.3,1573.6,1573.777,10.2902,Aligned,0.9896,0.956,0.0282,0.0039,0.008,23.5618,26.9479,52.5949,23.7489,27.9412,49.8385,85.2858,0.5977,28.3164,21.2475,No,0.0,0.0064,0.9953,Good,Medium,2.9839,10.0,10.0676,22.5836,Safe,72.0703,26.673,19.3879,Aligned,23.9704,58.6852,Side Impact Potential,Urban,2.8122,False,Mixed,Poor Infrastructure,0.1794,Light,False,18.941,-0.0013,0.01,Aligned,25,Unnamed Road,2239
3935,Unnamed Road,Urban Road,URB-03935,3935,13.0455,77.5074,13.0443,77.5101,324.8,1574.0,1574.325,43.6513,Moderate Misalignment,0.8651,-0.025,0.8522,0.1215,0.0002,30.3562,29.4557,77.4387,46.8985,54.1618,27.8431,93.1829,0.7207,40.0306,64.4316,No,0.0,-0.0044,1.0033,Good,Medium,1.9426,10.0,27.1708,39.0064,Moderate Risk,60.401,30.1137,48.2912,Moderate Misalignment,51.4347,59.4436,Significant Pedestrian Interaction,Urban,5.178,False,Industrial,High Pedestrian Interaction | Above Human Tolerance Limit,-0.0089,,False,44.6428,-0.0028,0.0248,Moderate Misalignment,31,Unnamed Road,2240
3936,Unnamed Road,Urban Road,URB-03936,3936,13.0377,77.5135,13.0385,77.5137,98.3,1574.4,1574.498,17.9078,Aligned,0.693,0.6763,0.222,-0.0018,-0.0047,49.8175,49.6786,75.8558,20.4442,32.9978,48.6709,90.2055,0.2807,50.3746,23.7545,No,0.0,0.0009,1.0083,Good,Low,2.0555,10.0,18.0127,28.97,Moderate Risk,65.4049,48.6184,30.0223,Moderate Misalignment,60.04,67.8505,Side Impact Potential,Urban,3.9757,False,Industrial,Poor Infrastructure,0.2016,Light,False,44.9506,0.0001,-0.0015,Aligned,49,Unnamed Road,2241
3937,Unnamed Road,Urban Road,URB-03937,3937,13.0533,77.5176,13.0536,77.5177,36.7,1574.8,1574.837,16.5418,Aligned,0.8287,0.8826,0.1467,0.0145,0.0045,39.1893,40.5987,51.9923,0.0,12.6928,49.2879,90.7311,0.0,39.3262,2.6017,No,0.0,0.0011,0.0301,Poor,Low,1.1644,10.0,10.0,20.2716,Safe,69.9399,40.4233,15.6744,Aligned,41.1173,38.6937,Side Impact Potential,Rural,2.9941,False,Residential,Poor Infrastructure,0.0311,,False,33.2494,0.011,0.0026,Aligned,40,Unnamed Road,2242
3938,Unnamed Road,Urban Road,URB-03938,3938,13.0536,77.5177,13.0539,77.5178,34.6,1575.2,1575.235,19.6998,Aligned,0.6421,0.615,0.3418,0.0057,-0.0037,37.3348,37.1979,85.0619,20.2534,26.212,48.3111,88.2652,0.0,41.8248,16.5063,No,0.0,-0.0135,-0.021,Good,High,2.0817,10.0,10.0,22.1277,Safe,71.6454,38.2326,19.7912,Aligned,38.5265,61.7594,Side Impact Potential,Urban,6.0264,True,Mixed,Poor Infrastructure,0.0114,,False,31.7432,-0.0159,0.0055,Aligned,36,Unnamed Road,2243
3939,Unnamed Road,Urban Road,URB-03939,3939,13.0385,77.5137,13.0397,77.514,140.0,1575.6,1575.74,26.6794,Moderate Misalignment,0.4896,0.5374,0.4982,0.0111,0.009,79.4606,80.933,100.0,27.0952,24.4959,79.7793,75.8774,0.0,58.65,16.6606,No,0.0,-0.0008,-0.0321,Poor,Low,0.4854,10.0,10.0034,25.7164,Moderate Risk,66.3913,80.051,29.8606,Moderate Misalignment,87.1675,54.4806,Separated Traffic,Peri-Urban,6.0715,True,Residential,Poor Infrastructure | Above Human Tolerance Limit,0.0155,,False,73.5606,-0.0058,0.011,Moderate Misalignment,79,Unnamed Road,2244
3940,Unnamed Road,Urban Road,URB-03940,3940,13.0426,77.5145,13.0425,77.5147,25.1,1576.0,1576.025,16.0025,Aligned,0.8297,0.8883,0.1803,0.0204,0.0114,61.874,64.5365,100.0,8.3599,17.4122,80.0011,73.7094,0.3855,59.0481,9.1458,No,0.0,-0.0041,0.0557,Poor,High,0.0295,10.0,10.0436,20.7692,Safe,70.4826,63.3511,19.109,Aligned,60.6068,39.9169,Separated Traffic,Rural,6.1608,True,Residential,Poor Infrastructure,-0.0125,,False,53.183,0.0088,0.0122,Aligned,62,Unnamed Road,2245
3941,Unnamed Road,Urban Road,URB-03941,3941,13.0425,77.5147,13.0422,77.5157,119.3,1576.4,1576.519,37.6139,Moderate Misalignment,0.972,0.0647,0.9517,0.0038,-0.0188,79.3241,79.1266,98.2663,1.7885,14.9763,80.8581,10.0,0.242,59.0866,0.0,No,0.0,-0.0019,-0.0172,Poor,Low,0.1132,10.0,10.094,28.5909,Moderate Risk,57.6143,79.5069,39.0804,Moderate Misalignment,95.5772,48.127,Separated Traffic,Rural,7.1724,True,Residential,Active Congestion | Poor Infrastructure | Above Human Tolerance Limit,0.7813,Severe,False,22.0656,-0.0103,-0.0031,Moderate Misalignment,79,Unnamed Road,2246
3942,Unnamed Road,Urban Road,URB-03942,3942,13.0425,77.5147,13.0422,77.5146,28.3,1576.8,1576.828,35.0799,Moderate Misalignment,0.9059,0.1146,0.898,0.0075,-0.0161,55.6867,55.8716,84.3114,40.4205,29.6979,70.3033,98.1097,0.0638,50.194,21.3738,No,0.0,-0.0004,-0.0099,Poor,Medium,1.3833,10.0,13.7285,23.1076,Safe,73.2769,55.1743,24.7525,Moderate Misalignment,60.5108,61.0049,Separated Traffic,Peri-Urban,5.9406,True,Residential,Meets Safe System Standards,-0.0338,,False,48.0287,-0.0105,0.0058,Moderate Misalignment,58,Unnamed Road,2247