segment_id,road_name,road_type,human_segment_id,internal_id,start_lat,start_lon,end_lat,end_lon,length_m,start_km,end_km,road_risk_score,ai_risk_label,ai_risk_probability,prob_low_risk,prob_medium_risk,prob_high_risk,prob_critical_risk,ai_recommended_speed,recommended_safe_speed,road_function_score,infrastructure_score,exposure_score,human_tolerance_limit,operating_speed_score,crash_risk_score,posted_speed_limit,pedestrian_exposure_score,blackspot_flag,crash_count,fatal_crashes,schools_count,lighting_quality,roadside_hazards,intersection_density,speed_compliance_rate,speed_violation_score,hotspot_score,hotspot_category,speed_safety_score,original_safe_speed,misalignment_score,misalignment_category,speed_p85,ptw_share_pct,exposure_tier,urban_rural_flag,lane_count,median_presence,land_use_type,top_ai_factors,congestion_index,congestion_category,congestion_smoothed,operating_speed_mean,minor_crashes,major_crashes,risk_category,final_safe_speed,corridor_base,corridor_seq
3943,Unnamed Road,Urban Road,URB-03943,3943,13.0455,77.506,13.0457,77.5055,51.9,1577.2,1577.252,14.7413,Aligned,0.8913,0.8516,0.0992,0.0041,0.0066,56.3162,59.2853,99.3135,0.9981,17.9534,77.9181,65.9798,0.4423,59.9522,8.241,No,0.0,-0.0103,0.0293,Poor,High,0.3247,10.0,10.0,22.333,Safe,67.579,57.3714,19.4264,Aligned,60.6361,45.6137,Separated Traffic,Rural,7.9262,True,Residential,Poor Infrastructure,0.0046,,False,48.7434,-0.0056,-0.0115,Aligned,57,Unnamed Road,2248
3944,Unnamed Road,Urban Road,URB-03944,3944,13.0539,77.5178,13.0541,77.5179,31.3,1577.6,1577.631,8.1796,Aligned,0.9931,0.975,-0.0044,0.0026,-0.0032,21.3748,24.7811,28.1939,0.3626,23.8603,49.468,82.4409,0.0,32.0555,11.2253,No,0.0,-0.0078,-0.0334,Poor,Medium,2.7282,10.0,10.0,24.3899,Safe,66.5994,22.6234,21.1268,Aligned,21.3138,59.4386,Side Impact Potential,Peri-Urban,0.9525,False,Mixed,Poor Infrastructure,0.1828,Light,False,18.0094,0.0096,0.0051,Aligned,22,Unnamed Road,2249
3945,Unnamed Road,Urban Road,URB-03945,3945,13.0403,77.5178,13.0417,77.516,248.8,1578.0,1578.249,13.8473,Aligned,0.9733,0.9431,0.0277,0.0022,-0.0022,35.3553,35.1984,79.4677,55.5361,32.3634,49.661,63.4526,0.0324,49.991,27.6465,No,0.0,0.0084,0.003,Good,Medium,2.0396,10.0,10.5306,19.5842,Safe,80.8621,33.3239,16.1251,Aligned,36.2084,57.4537,Side Impact Potential,Urban,4.9617,False,Commercial,Approach to Congestion (Tapered),0.1947,Light,True,27.9588,-0.0005,-0.0068,Aligned,34,Unnamed Road,2250
3946,Unnamed Road,Urban Road,URB-03946,3946,13.0401,77.5181,13.0403,77.5178,39.5,1578.4,1578.44,9.7622,Aligned,0.9661,0.9476,0.049,-0.0131,-0.0055,22.2253,22.9299,29.6408,24.5717,22.5295,52.1382,98.5405,0.3296,39.6218,12.3396,No,0.0,-0.0055,0.0154,Good,Medium,2.6405,10.0,16.1439,21.2047,Safe,72.5342,23.1935,20.7098,Aligned,23.4905,49.7584,Side Impact Potential,Peri-Urban,1.0004,False,Commercial,Poor Infrastructure,0.0124,,False,18.5306,-0.0153,-0.0026,Aligned,24,Unnamed Road,2251
3947,Unnamed Road,Urban Road,URB-03947,3947,13.0411,77.5143,13.0397,77.514,159.2,1578.8,1578.959,13.0675,Aligned,0.8726,0.9061,0.074,0.0068,0.0069,45.7587,44.9284,100.0,40.964,30.3155,79.9683,68.9306,0.0,59.2116,21.8661,No,0.0,-0.0049,1.0321,Good,Medium,0.4974,10.0,10.3464,20.9291,Safe,76.0233,44.8178,18.5421,Aligned,46.2588,58.41,Separated Traffic,Urban,5.8411,True,Mixed,Meets Safe System Standards,0.0083,,False,38.5431,0.0003,-0.008,Aligned,46,Unnamed Road,2252
3948,Unnamed Road,Urban Road,URB-03948,3948,13.0411,77.5143,13.0415,77.5144,37.7,1579.2,1579.238,33.2485,Moderate Misalignment,0.7972,0.1726,0.8175,-0.0084,0.001,49.7894,48.5787,52.5344,8.3959,22.1022,48.0007,48.4662,0.0,49.6095,18.2625,No,0.0,-0.0,-0.0024,Poor,Low,0.9547,10.0,17.8298,25.566,Moderate Risk,66.4345,49.315,29.2159,Moderate Misalignment,57.7873,39.4533,Side Impact Potential,Rural,1.8933,False,Mixed,Active Congestion | Poor Infrastructure,0.7288,Severe,False,15.0447,-0.0043,-0.0114,Moderate Misalignment,50,Unnamed Road,2253
3949,Unnamed Road,Urban Road,URB-03949,3949,13.0415,77.5144,13.0418,77.5145,41.7,1579.6,1579.642,11.6248,Aligned,0.9584,0.9203,0.0459,0.002,0.0115,35.2165,37.0013,36.256,13.6588,17.6655,49.7077,96.6588,0.7471,30.464,11.0444,No,0.0,0.0022,0.9989,Good,Low,1.9893,10.0,17.6962,22.2522,Safe,68.7802,38.1236,24.2915,Aligned,34.2988,34.9113,Side Impact Potential,Rural,1.9527,True,Industrial,Poor Infrastructure,0.1581,Light,False,28.7915,-0.0073,0.0067,Aligned,36,Unnamed Road,2254
3950,Unnamed Road,Urban Road,URB-03950,3950,13.0418,77.5145,13.0422,77.5146,47.4,1580.0,1580.047,16.0239,Aligned,0.8024,0.8028,0.1923,0.0178,-0.0078,59.4035,57.9694,98.6304,8.2997,21.2918,81.6804,53.7292,0.0,59.0677,3.7751,No,0.0,-0.0061,0.0077,Good,High,0.4489,10.0,10.0,23.0953,Safe,69.735,57.2677,18.0958,Aligned,60.3491,65.6059,Separated Traffic,Urban,5.9349,True,Commercial,Poor Infrastructure,0.0038,,False,50.5578,0.0138,0.0077,Aligned,59,Unnamed Road,2255
3951,Unnamed Road,Urban Road,URB-03951,3951,13.0417,77.5166,13.0409,77.5175,139.6,1580.4,1580.54,31.1418,Moderate Misalignment,0.7007,0.282,0.6789,-0.0112,0.0055,40.3894,39.0065,28.2039,11.8177,21.4393,50.8314,100.0,0.0,28.347,11.5906,No,0.0,0.0054,1.0021,Poor,Medium,2.0628,10.0,30.2357,24.8899,Moderate Risk,65.1118,40.2055,28.7422,Moderate Misalignment,36.3938,46.9264,Side Impact Potential,Rural,1.0578,False,Residential,Poor Infrastructure,0.1432,Light,False,29.3546,-0.0125,0.0056,Moderate Misalignment,40,Unnamed Road,2256
3952,Unnamed Road,Urban Road,URB-03952,3952,13.042,77.5161,13.0417,77.5166,51.4,1580.8,1580.851,35.142,Moderate Misalignment,0.8664,0.146,0.8338,-0.0028,-0.0003,46.8033,49.0228,55.6741,23.4779,33.1664,50.8765,96.468,0.2509,60.0,25.3292,No,0.0,-0.0,-0.0599,Good,Medium,2.9038,10.0,16.9032,27.0451,Moderate Risk,68.6831,47.7366,28.4893,Moderate Misalignment,46.0387,60.461,Side Impact Potential,Urban,3.9659,False,Residential,Poor Infrastructure,0.0036,,False,38.2437,-0.0036,0.0056,Moderate Misalignment,47,Unnamed Road,2257
3953,Unnamed Road,Urban Road,URB-03953,3953,13.0409,77.5175,13.0407,77.5178,43.8,1581.2,1581.244,43.5218,Moderate Misalignment,0.6926,0.067,0.6559,0.2312,0.0068,49.6584,47.6423,99.0511,13.4503,19.6627,48.3667,84.3644,0.0,60.0,11.0048,No,0.0,-0.0014,0.9954,Poor,Medium,0.2276,10.0,10.0,25.7991,Moderate Risk,64.4624,50.0901,31.462,Moderate Misalignment,55.9602,44.8858,Side Impact Potential,Rural,4.8013,False,Residential,Poor Infrastructure | Above Human Tolerance Limit,0.0195,,False,46.8081,0.0156,-0.0124,Moderate Misalignment,49,Unnamed Road,2258
3954,Unnamed Road,Urban Road,URB-03954,3954,13.0422,77.5157,13.042,77.5161,53.3,1581.6,1581.653,16.9953,Aligned,0.7962,0.8036,0.1725,-0.0013,-0.0015,61.3138,61.61,100.0,14.3534,19.2,79.5705,73.1083,0.5168,59.1491,10.4576,No,0.0,-0.0074,1.0344,Poor,Low,0.3791,10.0,10.0,21.2704,Safe,72.861,62.4358,17.8567,Aligned,63.0655,47.9528,Separated Traffic,Peri-Urban,4.0025,True,Mixed,Poor Infrastructure,-0.0203,,False,51.3774,0.0016,0.0068,Aligned,62,Unnamed Road,2259
3955,Unnamed Road,Urban Road,URB-03955,3955,13.0541,77.5179,13.0544,77.518,30.5,1582.0,1582.031,11.4117,Aligned,0.9913,0.9457,0.0373,0.0121,0.0052,16.6293,20.0539,28.832,10.8343,20.4652,51.6059,90.1994,0.1551,20.2773,11.104,No,0.0,-0.0036,-0.0164,Good,Medium,2.2152,10.0,10.0,21.5624,Safe,71.953,18.4026,18.1577,Aligned,16.9766,48.3042,Side Impact Potential,Peri-Urban,0.9442,False,Industrial,Poor Infrastructure,-0.0134,,False,14.3554,-0.0048,-0.0042,Aligned,18,Unnamed Road,2260
3956,Unnamed Road,Urban Road,URB-03956,3956,13.0443,77.5101,13.0442,77.5104,33.4,1582.4,1582.433,11.3055,Aligned,0.9674,0.9664,0.058,0.0047,0.003,22.6383,20.1044,49.2282,8.7135,23.065,50.1105,79.9908,0.102,60.0,17.2349,No,0.0,0.0058,0.06,Poor,Medium,1.522,10.0,10.1946,21.8319,Safe,70.5216,19.3701,18.8632,Aligned,22.3896,46.2599,Side Impact Potential,Rural,1.8508,False,Industrial,Poor Infrastructure,0.138,Light,False,13.8649,0.0027,-0.0052,Aligned,22,Unnamed Road,2261
3957,Unnamed Road,Urban Road,URB-03957,3957,13.0442,77.5104,13.044,77.5107,47.4,1582.8,1582.847,24.428,Aligned,0.5266,0.5249,0.4841,-0.001,0.0102,48.8497,44.7011,100.0,12.2134,16.8453,80.5102,50.1376,0.348,60.0,2.4322,No,0.0,-0.0016,0.0103,Poor,Medium,0.1472,10.0,10.0,19.4769,Safe,71.1795,48.1995,16.6968,Aligned,46.4263,43.5831,Separated Traffic,Rural,6.9479,True,Residential,Poor Infrastructure,0.1739,Light,False,35.1966,-0.0132,-0.0031,Aligned,47,Unnamed Road,2262
3958,Unnamed Road,Urban Road,URB-03958,3958,13.0544,77.518,13.0547,77.5181,34.3,1583.2,1583.234,14.2183,Aligned,0.8794,0.8514,0.1074,0.0076,0.0157,45.0638,44.282,76.239,26.5651,20.0635,48.5837,43.0427,0.1292,51.9676,11.7049,No,0.0,-0.0081,0.037,Poor,High,1.7468,10.0,10.1892,18.9938,Safe,74.6398,45.6622,15.9639,Aligned,44.3444,47.9849,Side Impact Potential,Peri-Urban,4.9356,False,Industrial,Active Congestion | Poor Infrastructure,0.7675,Severe,False,10.0,-0.0004,-0.0003,Aligned,45,Unnamed Road,2263
3959,Unnamed Road,Urban Road,URB-03959,3959,13.0407,77.5178,13.0401,77.5185,92.1,1583.6,1583.692,11.5222,Aligned,0.9447,0.9241,0.0627,-0.0028,-0.0015,27.6747,29.9086,57.1438,9.0415,29.6851,50.7457,88.1091,0.0,58.6789,20.1896,No,0.0,-0.0046,0.0527,Good,Medium,3.1747,10.0,10.2252,24.5327,Moderate Risk,68.4658,26.5618,21.7643,Aligned,28.884,64.3122,Side Impact Potential,Urban,4.088,False,Commercial,Poor Infrastructure,0.1369,Light,False,21.246,-0.0003,0.0002,Aligned,29,Unnamed Road,2264
3960,Unnamed Road,Urban Road,URB-03960,3960,13.0452,77.5072,13.0455,77.506,135.3,1584.0,1584.135,19.6572,Aligned,0.7606,0.7845,0.1894,0.0575,-0.0091,57.0314,59.4503,100.0,12.6998,19.4005,78.5711,84.205,0.0,60.0,3.2938,No,0.0,0.0009,0.044,Poor,High,0.3794,10.0,10.0,20.0068,Safe,71.7876,58.2129,18.4555,Aligned,57.8197,51.3732,Separated Traffic,Peri-Urban,8.0913,True,Commercial,Poor Infrastructure,0.001,,False,50.2231,-0.0125,0.0086,Aligned,57,Unnamed Road,2265
3961,Unnamed Road,Urban Road,URB-03961,3961,13.045,77.5089,13.0444,77.5101,150.9,1584.4,1584.551,9.1439,Aligned,1.0028,0.9656,0.0111,0.0102,0.0031,26.1163,24.7349,27.5041,11.6976,22.8176,49.6232,87.7944,0.0963,31.2614,7.0684,No,0.0,-0.0063,0.0057,Good,Medium,2.8385,10.0,10.0,22.1453,Safe,71.1547,25.6692,19.3633,Aligned,26.5453,59.8053,Side Impact Potential,Peri-Urban,0.9542,False,Mixed,Poor Infrastructure,0.0045,,False,21.4642,0.0052,0.0001,Aligned,27,Unnamed Road,2266
3962,Unnamed Road,Urban Road,URB-03962,3962,13.0444,77.5101,13.0442,77.5104,33.2,1584.8,1584.833,12.1078,Aligned,0.9681,0.9743,0.0152,-0.0159,-0.0083,48.172,47.5356,52.3158,14.2758,21.0824,49.2751,88.8916,0.0,50.4374,4.9546,No,0.0,-0.0008,0.0462,Good,Medium,3.4138,10.0,10.0,21.2422,Safe,70.9199,46.964,19.4184,Aligned,50.7225,62.48,Side Impact Potential,Urban,3.0517,False,Commercial,Poor Infrastructure,-0.0053,,False,43.6349,0.0026,0.0081,Aligned,50,Unnamed Road,2267
3963,Unnamed Road,Urban Road,URB-03963,3963,13.0688,77.5604,13.069,77.5612,90.8,1585.2,1585.291,9.9596,Aligned,0.9961,1.0002,0.002,-0.0098,-0.0068,23.2216,24.2327,29.799,21.7573,22.9753,47.9552,87.8744,0.0,32.9859,15.273,No,0.0,-0.0099,-0.0172,Poor,Medium,2.2845,10.0,10.2102,20.3573,Safe,73.6064,23.0039,18.1981,Aligned,24.2869,52.3018,Side Impact Potential,Peri-Urban,1.9983,False,Industrial,Poor Infrastructure,-0.0061,,False,19.6464,0.0056,0.0033,Aligned,24,Unnamed Road,2268
3964,Unnamed Road,Urban Road,URB-03964,3964,12.9251,77.5176,12.9233,77.5226,587.1,1585.6,1586.187,27.6436,Moderate Misalignment,0.5605,0.3132,0.5627,-0.001,0.0018,49.7758,52.258,83.7365,30.7857,35.2453,50.1955,90.8992,0.4332,58.5238,29.2714,No,0.0,-0.0043,0.0118,Good,Medium,1.934,10.0,26.3117,28.4393,Moderate Risk,66.5489,48.7047,33.2304,Moderate Misalignment,51.2957,64.7499,Side Impact Potential,Urban,4.0706,True,Commercial,Poor Infrastructure,-0.0017,,False,46.5538,0.008,-0.0002,Moderate Misalignment,49,Unnamed Road,2269
3965,Unnamed Road,Urban Road,URB-03965,3965,12.8944,77.637,12.8974,77.6454,1149.9,1586.0,1587.15,11.467,Aligned,0.9469,0.9319,0.0782,0.0048,0.0098,36.6401,35.8538,54.1556,6.5548,23.3906,52.7428,80.3907,0.1359,41.835,17.7297,No,0.0,0.0057,0.0238,Poor,Medium,2.1433,10.0,10.0,23.0769,Safe,67.9535,38.5259,21.9469,Aligned,36.3472,51.0888,Side Impact Potential,Peri-Urban,3.1465,False,Residential,Poor Infrastructure,0.1856,Light,False,29.4583,-0.0166,-0.0031,Aligned,37,Unnamed Road,2270
3966,Unnamed Road,Urban Road,URB-03966,3966,13.0234,77.5371,13.0235,77.5369,25.3,1586.4,1586.425,17.6966,Aligned,0.7425,0.7366,0.2803,0.0213,0.0073,80.1295,79.972,100.0,0.6908,16.9548,80.158,80.3248,0.1546,60.0,9.2377,No,0.0,0.0212,-0.0402,Poor,High,0.3396,10.0,10.0,24.8757,Safe,65.0155,80.2131,26.1955,Moderate Misalignment,86.2467,42.1712,Separated Traffic,Rural,6.9285,True,Residential,Poor Infrastructure,0.1687,Light,False,65.1479,0.0125,0.0172,Aligned,81,Unnamed Road,2271
3967,Unnamed Road,Urban Road,URB-03967,3967,13.0235,77.5369,13.0246,77.5347,266.0,1586.8,1587.066,11.5099,Aligned,0.9525,0.9589,0.0549,-0.0082,-0.0031,36.6916,35.0545,50.9202,11.0562,26.719,50.5558,90.6241,0.0,39.7073,18.7703,No,0.0,0.006,0.0321,Good,Medium,1.9342,10.0,10.2024,23.5352,Safe,70.3697,34.4654,20.8075,Aligned,35.1688,56.0773,Side Impact Potential,Peri-Urban,4.1677,False,Residential,Poor Infrastructure,-0.0117,,False,33.0646,0.0062,0.0083,Aligned,37,Unnamed Road,2272
3968,Unnamed Road,Urban Road,URB-03968,3968,13.0234,77.5371,13.0231,77.5375,60.4,1587.2,1587.26,26.8118,Moderate Misalignment,0.532,0.4123,0.6019,0.0119,0.0168,49.5517,47.7252,48.7254,0.0,24.0468,48.9739,94.1764,0.0,40.2473,14.5836,No,0.0,-0.0082,-0.0093,Poor,Medium,3.9736,10.0,30.033,30.2922,Moderate Risk,60.2309,49.0749,34.89,Moderate Misalignment,51.3838,56.8211,Side Impact Potential,Urban,1.7889,False,Commercial,Poor Infrastructure,-0.0094,,False,41.9428,-0.0003,0.0024,Moderate Misalignment,49,Unnamed Road,2273
3969,Unnamed Road,Urban Road,URB-03969,3969,13.0231,77.5375,13.0234,77.5371,59.6,1587.6,1587.66,17.1148,Aligned,0.821,0.8118,0.1646,-0.0067,0.0013,33.8473,34.2638,51.9903,57.8389,31.1913,49.4779,99.0608,0.1066,60.0,27.3216,No,0.0,-0.0053,-0.0373,Good,Medium,3.2673,10.0,10.0,19.1605,Safe,80.3771,31.0319,19.0692,Aligned,32.368,55.8376,Side Impact Potential,Urban,1.8756,False,Residential,Meets Safe System Standards,-0.0045,,False,26.2413,0.0096,0.0122,Aligned,34,Unnamed Road,2274
3970,Unnamed Road,Urban Road,URB-03970,3970,13.0231,77.5375,13.0228,77.5383,91.6,1588.0,1588.092,13.4979,Aligned,0.9038,0.9085,0.0967,-0.0046,-0.0032,50.5159,51.6755,80.7129,31.5321,34.1133,52.1217,83.7078,0.0,50.0057,30.994,No,0.0,0.0143,1.0031,Poor,High,2.0302,10.0,10.0,25.6312,Moderate Risk,69.6835,50.3246,26.3433,Moderate Misalignment,56.5898,55.5826,Side Impact Potential,Urban,3.2515,True,Residential,Poor Infrastructure,0.2056,Light,False,40.3629,-0.0107,0.0024,Aligned,51,Unnamed Road,2275
3971,Unnamed Road,Urban Road,URB-03971,3971,13.0227,77.5382,13.0231,77.5375,92.1,1588.4,1588.492,30.0706,Moderate Misalignment,0.7039,0.3167,0.7395,0.0259,0.003,42.4314,38.2905,32.459,1.6994,14.0259,49.8163,93.7888,0.3242,31.6802,3.9302,No,0.0,0.0041,-0.0355,Poor,Medium,1.8489,10.0,32.6473,25.002,Safe,63.2881,41.3731,28.6025,Moderate Misalignment,39.269,36.7075,Side Impact Potential,Rural,1.9876,False,Residential,Poor Infrastructure,-0.0035,,False,33.16,0.0064,-0.017,Moderate Misalignment,40,Unnamed Road,2276
3972,Unnamed Road,Urban Road,URB-03972,3972,13.0228,77.5383,13.0224,77.5389,81.1,1588.8,1588.881,38.9581,Moderate Misalignment,0.7177,0.18,0.7026,0.1067,-0.0058,76.1052,78.1617,100.0,49.0624,33.0525,81.3447,85.4365,0.0962,59.3601,23.6191,No,0.0,-0.0134,-0.0675,Good,Low,0.5313,10.0,21.7491,28.1906,Moderate Risk,68.1218,80.2474,36.1488,Moderate Misalignment,99.0217,65.9133,Separated Traffic,Urban,5.2169,True,Mixed,Meets Safe System Standards,0.0169,,False,87.8099,-0.0029,-0.0085,Moderate Misalignment,77,Unnamed Road,2277
3973,Unnamed Road,Urban Road,URB-03973,3973,13.0224,77.5389,13.0222,77.5392,43.7,1589.2,1589.244,31.3235,Moderate Misalignment,0.7032,0.3018,0.7158,-0.0163,-0.0031,39.6785,37.5783,54.6376,12.515,15.1587,50.8443,95.7208,0.0,30.8013,4.7795,No,0.0,-0.0079,0.03,Poor,Low,1.4785,10.0,33.1345,22.8248,Safe,66.159,40.4361,27.1914,Moderate Misalignment,40.4408,34.621,Side Impact Potential,Rural,3.0856,False,Residential,Poor Infrastructure,-0.0116,,False,30.6591,-0.017,0.0038,Moderate Misalignment,39,Unnamed Road,2278
3974,Unnamed Road,Urban Road,URB-03974,3974,13.0222,77.5392,13.0217,77.54,109.1,1589.6,1589.709,12.3239,Aligned,0.9492,0.9356,0.0421,-0.0049,0.0024,22.0704,18.8529,51.6599,21.2594,21.6565,48.8906,76.846,0.0742,30.3441,20.3739,No,0.0,-0.0025,0.014,Good,Low,0.5847,10.0,10.5035,20.4838,Safe,73.3648,21.5089,18.6513,Aligned,17.9006,37.1351,Side Impact Potential,Rural,3.0226,False,Industrial,Poor Infrastructure,0.2087,Light,False,15.2007,-0.0246,-0.0101,Aligned,19,Unnamed Road,2279
3975,Unnamed Road,Urban Road,URB-03975,3975,13.0222,77.5392,13.0223,77.5389,43.5,1590.0,1590.043,37.4799,Moderate Misalignment,0.9253,0.0384,0.8936,0.0183,0.0092,49.2557,50.5563,73.3427,28.7511,30.3086,49.6512,99.1918,0.0,39.3828,24.9653,No,0.0,-0.0029,0.0007,Good,Low,2.0291,10.0,25.4149,26.8953,Moderate Risk,67.3925,48.4843,30.6308,Moderate Misalignment,50.7293,59.4171,Side Impact Potential,Urban,3.0181,False,Residential,Poor Infrastructure,0.1336,Light,False,39.0149,-0.0091,-0.0024,Moderate Misalignment,49,Unnamed Road,2280
3976,Unnamed Road,Urban Road,URB-03976,3976,13.0246,77.5347,13.025,77.5341,80.2,1590.4,1590.48,13.4331,Aligned,0.8405,0.8636,0.117,0.0042,-0.0105,72.2849,68.8,96.8477,0.0,14.7032,80.0652,69.5704,0.0887,59.7706,7.5951,No,0.0,-0.0009,0.0115,Good,High,0.0296,10.0,10.0,21.0945,Safe,68.566,70.698,18.0496,Aligned,69.1557,34.5076,Separated Traffic,Rural,4.5725,True,Residential,Poor Infrastructure,-0.0106,,False,59.1708,0.0054,-0.009,Aligned,70,Unnamed Road,2281
3977,Unnamed Road,Urban Road,URB-03977,3977,13.0246,77.5347,13.0235,77.5369,265.2,1590.8,1591.065,45.1116,Moderate Misalignment,0.7968,0.083,0.7956,0.1572,-0.0089,46.291,46.3695,100.0,17.5603,17.7548,48.8217,66.1904,0.2058,56.8083,10.0714,No,0.0,0.0058,-0.011,Good,Medium,-0.0486,10.0,10.4511,25.2898,Safe,65.557,46.2809,30.0098,Moderate Misalignment,48.4818,40.8956,Side Impact Potential,Rural,8.0571,False,Industrial,Poor Infrastructure | Above Human Tolerance Limit,-0.0052,,False,38.1239,0.0073,0.0196,Moderate Misalignment,43,Unnamed Road,2282
3978,Unnamed Road,Urban Road,URB-03978,3978,13.0235,77.5369,13.0234,77.5371,25.2,1591.2,1591.225,10.5484,Aligned,0.9841,0.9516,0.0232,0.0089,-0.0068,16.3338,19.1809,26.917,11.9124,21.2356,50.8636,90.2103,0.1227,20.0802,10.8838,No,0.0,0.0032,0.0018,Good,Medium,2.1355,10.0,10.0265,21.538,Safe,71.188,16.3692,17.7774,Aligned,20.2531,48.8859,Side Impact Potential,Peri-Urban,0.997,False,Industrial,Poor Infrastructure,-0.0029,,False,14.7972,-0.0094,-0.0072,Aligned,16,Unnamed Road,2283
3979,Unnamed Road,Urban Road,URB-03979,3979,13.0223,77.5389,13.0227,77.5382,80.7,1591.6,1591.681,58.1838,High Misalignment,0.5672,0.0362,0.4113,0.5662,0.0034,50.9121,50.1113,100.0,0.6713,17.1614,48.7878,81.6723,0.2887,59.5676,7.7598,No,0.0,0.0084,0.0409,Poor,High,0.133,10.0,10.1053,26.2626,Moderate Risk,62.2194,49.6388,32.1256,Moderate Misalignment,62.5758,39.5207,Side Impact Potential,Rural,5.8347,False,Commercial,Poor Infrastructure | Above Human Tolerance Limit,-0.001,,False,46.9386,-0.0094,0.0145,High Misalignment,50,Unnamed Road,2284
3980,Unnamed Road,Urban Road,URB-03980,3980,13.0214,77.5406,13.0217,77.54,73.3,1592.0,1592.073,14.7642,Aligned,0.8588,0.8404,0.0965,-0.0088,-0.0088,45.8896,44.4687,97.6077,0.7723,14.8586,77.7725,60.839,0.2161,60.0,8.4701,No,0.0,0.0012,-0.0098,Good,Medium,0.1463,10.0,10.0789,20.7902,Safe,68.6637,43.5627,17.9798,Aligned,42.7302,35.1655,Separated Traffic,Rural,5.2454,True,Residential,Poor Infrastructure,0.0308,,False,33.6375,-0.0055,-0.0029,Aligned,44,Unnamed Road,2285
3981,Unnamed Road,Urban Road,URB-03981,3981,13.0211,77.5411,13.0214,77.5406,60.4,1592.4,1592.46,23.2706,Aligned,0.5454,0.5424,0.4508,0.0127,-0.013,79.928,79.8233,100.0,5.9128,19.1495,79.6487,74.179,0.0781,59.5683,14.8273,No,0.0,-0.0052,0.0278,Good,Medium,0.2093,10.0,10.0855,28.0463,Moderate Risk,62.3565,81.7532,29.985,Moderate Misalignment,79.5653,45.186,Separated Traffic,Rural,5.2232,True,Residential,Poor Infrastructure | Above Human Tolerance Limit,0.0268,,False,74.8102,0.0149,-0.0085,Aligned,80,Unnamed Road,2286
3982,Unnamed Road,Urban Road,URB-03982,3982,12.9298,77.5247,12.9295,77.5277,331.4,1592.8,1593.131,17.3274,Aligned,0.7715,0.7612,0.2068,0.0042,-0.0008,33.6533,34.079,51.8494,20.6251,24.5329,49.6614,100.0,0.0,60.0,12.2908,No,0.0,0.0008,-0.0012,Poor,Medium,2.1856,10.0,12.515,23.3292,Safe,70.0947,34.1636,21.3136,Aligned,34.5281,56.3636,Side Impact Potential,Urban,2.9934,False,Industrial,Poor Infrastructure,0.0038,,False,28.8298,0.0052,0.0088,Aligned,34,Unnamed Road,2287
3983,Unnamed Road,Urban Road,URB-03983,3983,12.9315,77.5425,12.9293,77.5448,348.7,1593.2,1593.549,35.8236,Moderate Misalignment,0.8274,0.1849,0.8364,0.0143,-0.0145,48.8248,49.6686,64.9459,15.7291,24.1468,50.7864,97.1756,0.2577,60.0,15.3644,No,0.0,-0.0023,0.0275,Good,Low,2.1099,10.0,22.2932,25.6727,Moderate Risk,66.567,49.599,26.3949,Moderate Misalignment,48.3067,51.8087,Side Impact Potential,Peri-Urban,3.9337,True,Residential,Poor Infrastructure,0.178,Light,False,36.8197,-0.0176,0.0008,Moderate Misalignment,51,Unnamed Road,2288
3984,Unnamed Road,Urban Road,URB-03984,3984,12.9293,77.5447,12.9314,77.5424,342.0,1593.6,1593.942,36.7523,Moderate Misalignment,0.8006,0.1449,0.8186,0.0433,0.0076,74.0696,75.4603,99.7449,0.0,16.6176,78.8132,90.9106,0.2262,59.9495,12.0272,No,0.0,0.0023,0.0176,Poor,Low,0.189,10.0,23.1096,26.633,Moderate Risk,59.6036,73.094,31.7544,Moderate Misalignment,76.2518,33.4334,Separated Traffic,Rural,8.2082,True,Residential,Poor Infrastructure,-0.0288,,False,63.7219,0.0035,-0.0008,Moderate Misalignment,73,Unnamed Road,2289
3985,Unnamed Road,Urban Road,URB-03985,3985,12.9664,77.5701,12.966,77.5737,395.1,1594.0,1594.395,21.9448,Aligned,0.6361,0.6315,0.3327,0.0249,0.013,49.5177,49.5658,81.0987,24.2637,26.215,52.209,84.2197,0.0,56.6815,21.7664,No,0.0,-0.0062,0.0244,Good,Low,1.6559,10.0,10.0,27.2301,Moderate Risk,67.4125,49.6086,31.6213,Moderate Misalignment,53.2205,49.5985,Side Impact Potential,Peri-Urban,5.8281,False,Residential,Approach to Congestion (Tapered) | Poor Infrastructure | Above Human Tolerance Limit,0.0008,,True,50.654,0.0027,0.0011,Aligned,51,Unnamed Road,2290
3986,Unnamed Road,Urban Road,URB-03986,3986,12.933,77.5839,12.9329,77.5836,46.8,1594.4,1594.447,39.0457,Moderate Misalignment,0.9818,0.0284,0.9709,0.0059,-0.0046,78.6705,81.0953,97.1954,0.833,13.936,80.9494,10.0,0.0,60.0,0.0,No,0.0,-0.0,-0.0376,Poor,Low,0.1142,10.0,10.0,28.2784,Moderate Risk,57.3741,78.2292,40.0607,Moderate Misalignment,96.5855,47.1567,Separated Traffic,Rural,7.062,True,Residential,Active Congestion | Poor Infrastructure | Above Human Tolerance Limit,0.7788,Severe,False,21.9921,-0.0158,-0.004,Moderate Misalignment,79,Unnamed Road,2291
3987,Unnamed Road,Urban Road,URB-03987,3987,13.0367,77.5351,13.0362,77.5349,63.5,1594.8,1594.864,11.9707,Aligned,0.9715,0.9732,0.0456,0.0155,-0.0099,25.1512,28.8267,27.9199,39.4494,22.6367,51.1312,95.6731,0.3679,20.4329,13.3604,No,0.0,0.0059,0.0095,Poor,Low,3.3481,10.0,30.3123,20.1739,Safe,75.9132,25.5017,21.732,Aligned,25.0145,51.1888,Side Impact Potential,Peri-Urban,1.0922,False,Residential,Meets Safe System Standards,-0.0027,,False,19.0694,-0.0046,-0.0132,Aligned,26,Unnamed Road,2292