segment_id,road_name,road_type,human_segment_id,internal_id,start_lat,start_lon,end_lat,end_lon,length_m,start_km,end_km,road_risk_score,ai_risk_label,ai_risk_probability,prob_low_risk,prob_medium_risk,prob_high_risk,prob_critical_risk,ai_recommended_speed,recommended_safe_speed,road_function_score,infrastructure_score,exposure_score,human_tolerance_limit,operating_speed_score,crash_risk_score,posted_speed_limit,pedestrian_exposure_score,blackspot_flag,crash_count,fatal_crashes,schools_count,lighting_quality,roadside_hazards,intersection_density,speed_compliance_rate,speed_violation_score,hotspot_score,hotspot_category,speed_safety_score,original_safe_speed,misalignment_score,misalignment_category,speed_p85,ptw_share_pct,exposure_tier,urban_rural_flag,lane_count,median_presence,land_use_type,top_ai_factors,congestion_index,congestion_category,congestion_smoothed,operating_speed_mean,minor_crashes,major_crashes,risk_category,final_safe_speed,corridor_base,corridor_seq
3988,Unnamed Road,Urban Road,URB-03988,3988,12.9867,77.6789,12.9836,77.6798,392.6,1595.2,1595.593,12.7983,Aligned,0.9318,0.9199,0.1318,0.0029,0.008,16.7811,21.2401,27.6681,1.1375,18.808,50.9959,92.5021,0.1801,20.0,2.5198,No,0.0,0.0026,0.031,Good,Medium,3.8107,10.0,10.0,22.9616,Safe,68.0926,17.74,19.3992,Aligned,16.0671,59.8504,Side Impact Potential,Peri-Urban,1.8489,False,Residential,Poor Infrastructure,-0.0005,,False,15.2991,0.0026,-0.001,Aligned,19,Unnamed Road,2293
3989,Unnamed Road,Urban Road,URB-03989,3989,12.8771,77.5192,12.8838,77.5113,1414.9,1595.6,1597.015,36.4778,Moderate Misalignment,0.9384,0.0864,0.9384,-0.0074,0.0002,36.2491,35.6756,59.4803,0.0,13.4452,71.7691,97.4301,0.1095,29.2898,0.0,No,0.0,0.0026,-0.0241,Poor,Medium,1.523,10.0,20.1211,22.6313,Safe,66.5005,36.9628,25.2211,Aligned,36.3496,43.6013,Separated Traffic,Rural,2.0436,True,Residential,Poor Infrastructure,-0.0247,,False,30.1066,0.011,-0.0115,Moderate Misalignment,37,Unnamed Road,2294
3990,Unnamed Road,Urban Road,URB-03990,3990,12.8927,77.5864,12.8914,77.5879,286.9,1596.0,1596.287,19.8197,Aligned,0.7479,0.738,0.228,-0.0023,-0.0094,35.7842,34.6347,48.2456,1.4515,19.9912,50.9303,98.4963,0.0,31.695,9.1162,No,0.0,0.0002,0.0213,Good,Low,2.3201,10.0,15.0358,25.4608,Moderate Risk,65.3268,35.085,24.1568,Aligned,36.4645,53.6286,Side Impact Potential,Peri-Urban,2.0426,False,Residential,Poor Infrastructure,-0.045,,False,30.6768,0.0017,-0.0065,Aligned,36,Unnamed Road,2295
3991,Unnamed Road,Urban Road,URB-03991,3991,12.9138,77.5662,12.9155,77.5653,648.1,1596.4,1597.048,65.5278,High Misalignment,0.7303,0.0428,0.2454,0.7265,-0.0157,29.1671,24.7866,73.7227,68.2507,52.7328,30.8058,86.4365,19.2986,52.1108,65.846,No,0.0,0.0039,1.9493,Poor,Medium,1.459,10.0,10.1422,42.8547,Moderate Risk,57.5887,30.6663,51.7857,High Misalignment,55.3715,67.3206,Significant Pedestrian Interaction,Urban,4.0777,False,Mixed,Speed Limit Misaligned | High Pedestrian Interaction | Above Human Tolerance Limit,0.1406,Light,False,42.3795,0.0101,1.0151,High Misalignment,30,Unnamed Road,2296
3992,Unnamed Road,Urban Road,URB-03992,3992,13.008,77.4848,13.0082,77.4896,523.4,1596.8,1597.323,24.7033,Moderate Misalignment,0.5132,0.4511,0.4732,0.0262,0.002,76.3156,75.8847,99.494,3.8051,17.3242,79.9945,57.6131,0.4167,59.4366,12.2108,No,0.0,0.0013,0.086,Good,Medium,0.1809,10.0,10.1276,25.9793,Moderate Risk,63.8621,76.3128,30.1388,Moderate Misalignment,78.3626,37.422,Separated Traffic,Rural,3.96,True,Residential,Poor Infrastructure | Above Human Tolerance Limit,0.0021,,False,63.0084,-0.0101,0.0127,Moderate Misalignment,75,Unnamed Road,2297
3993,Unnamed Road,Urban Road,URB-03993,3993,12.9225,77.5613,12.9215,77.5617,126.9,1597.2,1597.327,11.2187,Aligned,0.9711,0.9373,0.0173,0.0154,0.0077,32.8615,32.1046,79.7548,16.4674,27.5941,48.9059,79.2893,0.261,41.6631,16.8712,No,0.0,-0.0002,-0.0063,Good,Medium,1.7412,10.0,10.0,23.1316,Safe,71.2805,32.4276,20.3671,Aligned,33.4531,64.651,Side Impact Potential,Urban,3.9746,True,Commercial,Poor Infrastructure,-0.0071,,False,28.0724,-0.0086,0.0041,Aligned,31,Unnamed Road,2298
3994,Unnamed Road,Urban Road,URB-03994,3994,12.8952,77.636,12.9,77.6269,1254.2,1597.6,1598.854,24.3908,Moderate Misalignment,0.5118,0.458,0.4889,-0.0006,0.0055,41.1006,39.2381,27.935,1.8741,21.0207,49.9363,99.7496,0.2902,31.8946,12.1369,No,0.0,0.0037,0.0136,Poor,Low,2.7053,10.0,29.129,27.0497,Moderate Risk,62.4732,39.3674,29.4309,Moderate Misalignment,35.4048,48.9332,Side Impact Potential,Peri-Urban,0.8996,False,Commercial,Poor Infrastructure,0.012,,False,30.7214,0.0141,-0.012,Moderate Misalignment,41,Unnamed Road,2299
3995,Unnamed Road,Urban Road,URB-03995,3995,12.8922,77.5943,12.8916,77.5941,73.2,1598.0,1598.073,11.3482,Aligned,0.988,1.0002,0.036,0.0039,0.0125,34.7352,33.7706,78.5036,20.1128,23.8876,49.5813,84.6723,0.2376,59.5439,14.0211,No,0.0,-0.011,-0.0178,Good,Medium,1.9705,10.0,10.3856,20.2495,Safe,73.3782,34.3745,16.965,Aligned,35.0473,50.9745,Side Impact Potential,Peri-Urban,2.0863,True,Residential,Approach to Congestion (Tapered) | Poor Infrastructure,0.0074,,True,31.206,-0.0031,0.0073,Aligned,35,Unnamed Road,2300
3996,Unnamed Road,Urban Road,URB-03996,3996,12.8922,77.5943,12.8925,77.5956,183.6,1598.4,1598.584,10.1511,Aligned,0.9935,0.9969,0.0286,0.0039,0.0111,40.2456,41.8149,30.4982,22.2741,21.8311,49.7152,91.343,0.0,40.6578,8.443,No,0.0,0.0031,0.0267,Good,High,3.4436,10.0,10.0,20.9531,Safe,72.7011,39.4213,20.3762,Aligned,42.0925,53.6513,Side Impact Potential,Peri-Urban,1.7759,False,Residential,Poor Infrastructure,0.0038,,False,37.1738,0.018,0.0122,Aligned,43,Unnamed Road,2301
3997,Unnamed Road,Urban Road,URB-03997,3997,12.8912,77.594,12.8916,77.5941,39.3,1598.8,1598.839,10.9145,Aligned,0.9179,0.8925,0.1146,-0.0166,-0.0018,40.4985,40.9,49.1674,10.1965,20.9178,51.8667,93.0769,0.1165,40.2559,7.0186,No,0.0,0.0152,0.0216,Good,Medium,3.2295,10.0,10.1411,20.6041,Safe,71.0031,40.4514,18.8833,Aligned,40.3015,55.6667,Side Impact Potential,Urban,2.2912,False,Commercial,Poor Infrastructure,-0.0057,,False,35.585,-0.0176,-0.003,Aligned,40,Unnamed Road,2302
3998,Unnamed Road,Urban Road,URB-03998,3998,12.8925,77.5956,12.8923,77.5956,25.7,1599.2,1599.226,21.9332,Aligned,0.5894,0.6085,0.3978,0.0022,-0.0005,30.2418,28.5352,55.9235,39.4216,35.8109,50.33,93.8368,0.0117,28.5943,31.2129,No,0.0,0.0078,0.0473,Good,Medium,2.161,10.0,10.0,23.2886,Safe,76.4279,30.609,18.2498,Aligned,27.7233,66.3047,Side Impact Potential,Urban,4.126,False,Residential,Meets Safe System Standards,-0.0014,,False,26.0765,-0.0003,-0.0069,Aligned,29,Unnamed Road,2303
3999,Unnamed Road,Urban Road,URB-03999,3999,12.8925,77.5956,12.8928,77.5957,34.1,1599.6,1599.634,11.2391,Aligned,0.9859,0.9418,-0.0212,0.0066,-0.0008,50.0008,50.3545,76.7118,21.5231,36.613,49.9816,82.0807,0.0,49.362,41.5331,No,0.0,-0.0046,0.9985,Poor,High,1.7232,10.0,30.8479,32.8001,Moderate Risk,59.8007,50.6472,38.4088,Moderate Misalignment,66.8986,51.1044,Side Impact Potential,Peri-Urban,5.0922,False,Industrial,Poor Infrastructure,-0.0143,,False,61.9375,0.0026,-0.0025,Aligned,50,Unnamed Road,2304
4000,Unnamed Road,Urban Road,URB-04000,4000,12.8941,77.5959,12.8954,77.5961,146.1,1600.0,1600.146,12.5173,Aligned,0.9702,0.9463,0.002,0.0009,-0.0088,26.8408,28.2383,53.4261,0.0,18.6665,50.4084,89.6982,0.0126,29.6831,0.9899,No,0.0,-0.0092,0.0563,Poor,Low,2.0105,10.0,10.3946,22.9707,Safe,68.1555,30.6165,18.9709,Aligned,24.8108,55.0027,Side Impact Potential,Peri-Urban,3.8355,False,Mixed,Poor Infrastructure,-0.0102,,False,25.3766,0.015,0.0014,Aligned,28,Unnamed Road,2305
4001,Unnamed Road,Urban Road,URB-04001,4001,12.8938,77.5958,12.8941,77.5959,37.6,1600.4,1600.438,8.3728,Aligned,0.9733,0.9896,0.0288,0.0125,0.0022,28.7518,26.7582,54.2391,49.5125,31.6847,49.4749,72.6181,0.3092,39.038,23.8568,No,0.0,0.0049,-0.0161,Good,Medium,2.8856,10.0,10.0,19.6025,Safe,80.1398,25.985,16.7358,Aligned,24.9288,63.8588,Side Impact Potential,Urban,2.8464,False,Residential,Meets Safe System Standards,0.2048,Light,False,21.3043,-0.0022,0.0097,Aligned,28,Unnamed Road,2306
4002,Unnamed Road,Urban Road,URB-04002,4002,12.8957,77.5962,12.8954,77.5961,35.7,1600.8,1600.836,12.8342,Aligned,0.8904,0.9124,0.1019,0.0008,-0.0034,63.2706,60.5585,98.8454,0.0,13.3169,79.8423,65.8514,0.051,60.0,1.0916,No,0.0,-0.0046,0.0459,Poor,Low,0.2683,10.0,10.0,20.4484,Safe,68.8885,61.5824,18.5362,Aligned,62.4112,41.4347,Separated Traffic,Rural,6.0253,True,Residential,Poor Infrastructure,0.1639,Light,False,46.7642,0.0119,-0.0184,Aligned,60,Unnamed Road,2307
4003,Unnamed Road,Urban Road,URB-04003,4003,12.8928,77.5957,12.8938,77.5958,105.3,1601.2,1601.305,11.0596,Aligned,0.951,0.9304,0.0247,-0.0034,-0.0022,40.3836,38.6032,76.4257,25.6067,32.4831,48.7803,67.6952,0.2497,50.342,19.8229,No,0.0,0.0018,0.0167,Good,Low,2.1973,10.0,10.204,23.9153,Safe,72.8439,39.1161,19.7007,Aligned,40.2154,65.8441,Side Impact Potential,Urban,6.2273,False,Residential,Poor Infrastructure,0.2283,Light,False,25.8794,0.0067,-0.0283,Aligned,41,Unnamed Road,2308
4004,Unnamed Road,Urban Road,URB-04004,4004,12.8957,77.5962,12.896,77.5963,33.2,1601.6,1601.633,13.7505,Aligned,0.9642,0.9473,0.0492,-0.0053,0.009,38.3371,38.8105,73.9804,53.7883,40.2191,50.3274,81.4205,0.3831,41.6427,45.9864,No,0.0,-0.0,1.001,Good,Medium,2.599,10.0,10.0,23.1706,Safe,79.3673,35.6252,20.678,Aligned,37.9885,56.8517,Side Impact Potential,Urban,4.1441,False,Commercial,Meets Safe System Standards,0.2122,Light,False,28.8216,-0.0033,0.0056,Aligned,38,Unnamed Road,2309
4005,Unnamed Road,Urban Road,URB-04005,4005,12.8963,77.5954,12.8973,77.5956,112.9,1602.0,1602.113,12.6082,Aligned,0.9323,0.9196,0.0955,0.0061,-0.0062,57.2436,55.2895,100.0,14.6298,23.1469,81.3856,69.4041,0.3066,60.0,8.6029,No,0.0,0.0029,0.0296,Good,High,0.405,10.0,10.2521,22.1476,Safe,72.4264,58.624,18.7537,Aligned,57.2192,59.569,Separated Traffic,Peri-Urban,5.9963,True,Residential,Poor Infrastructure,0.0055,,False,49.5763,-0.0203,0.0184,Aligned,59,Unnamed Road,2310
4006,Unnamed Road,Urban Road,URB-04006,4006,12.8973,77.5956,12.8972,77.5959,33.3,1602.4,1602.433,9.7301,Aligned,0.981,0.9768,0.0131,0.0128,-0.0117,25.096,25.4157,52.2884,37.7598,28.1769,49.8384,74.8872,0.3378,40.1781,19.1244,No,0.0,-0.003,0.0283,Good,High,2.5065,10.0,10.4172,20.7259,Safe,76.5934,27.9346,19.5098,Aligned,24.5823,57.5978,Side Impact Potential,Peri-Urban,1.8219,False,Residential,Meets Safe System Standards,0.14,Light,False,22.0931,0.0156,0.0006,Aligned,25,Unnamed Road,2311
4007,Unnamed Road,Urban Road,URB-04007,4007,12.8975,77.5945,12.8973,77.5956,115.2,1602.8,1602.915,26.0245,Aligned,0.741,0.6915,0.0997,0.1656,-0.0028,60.339,59.7657,100.0,10.4465,20.6859,80.2942,84.3231,0.1094,59.9797,7.0347,No,0.0,-0.0135,0.0046,Good,Low,0.3653,10.0,10.0,21.6994,Safe,70.7265,59.1295,19.9725,Aligned,59.6973,56.3462,Separated Traffic,Peri-Urban,6.9733,True,Residential,Poor Infrastructure,0.0101,,False,50.486,-0.0059,-0.0108,Aligned,60,Unnamed Road,2312
4008,Unnamed Road,Urban Road,URB-04008,4008,12.8972,77.5962,12.8972,77.5959,34.7,1603.2,1603.235,14.2052,Aligned,0.8479,0.8687,0.1109,-0.0067,-0.0026,21.9146,21.8254,49.9197,0.0,14.6057,51.7302,80.9891,0.1925,29.0804,8.3845,No,0.0,-0.0079,-0.0157,Poor,High,1.5317,10.0,10.0573,21.0656,Safe,69.7337,19.1323,17.3429,Aligned,23.5317,37.0074,Side Impact Potential,Rural,3.0371,False,Residential,Poor Infrastructure,0.0009,,False,14.8087,0.0016,-0.0117,Aligned,21,Unnamed Road,2313
4009,Unnamed Road,Urban Road,URB-04009,4009,12.8963,77.5957,12.8963,77.5954,35.2,1603.6,1603.635,12.0681,Aligned,0.9907,0.9838,0.0038,-0.031,-0.0031,26.2569,27.4994,30.303,10.5113,18.1774,50.2873,98.6846,0.2865,39.4789,14.8957,No,0.0,0.0024,0.0113,Poor,High,1.3004,10.0,30.6158,23.6065,Safe,67.2754,26.9876,24.4449,Aligned,25.0055,37.1902,Side Impact Potential,Rural,1.0616,False,Residential,Poor Infrastructure,0.16,Light,False,19.8417,-0.003,0.003,Aligned,26,Unnamed Road,2314
4010,Unnamed Road,Urban Road,URB-04010,4010,12.8972,77.5962,12.8971,77.5965,32.8,1604.0,1604.033,13.4302,Aligned,0.9565,0.9755,0.0118,0.0068,0.0028,37.0169,39.1618,79.7883,24.6928,37.2753,49.5499,82.2402,0.1693,40.361,27.7533,No,0.0,-0.0044,1.0037,Good,Low,2.0052,10.0,10.0,25.8194,Moderate Risk,71.6093,37.4905,23.3872,Aligned,36.0689,67.0071,Side Impact Potential,Urban,2.8489,True,Commercial,Poor Infrastructure,0.1734,Light,False,27.9848,-0.0093,-0.0121,Aligned,39,Unnamed Road,2315
4011,Unnamed Road,Urban Road,URB-04011,4011,12.8971,77.5965,12.8962,77.5962,113.1,1604.4,1604.513,18.5401,Aligned,0.7486,0.7574,0.2568,0.0219,0.0047,49.2961,50.3405,98.6769,12.8246,27.1251,82.5203,77.6019,0.0072,59.0266,21.7754,No,0.0,-0.0062,0.9947,Poor,Medium,0.0738,10.0,10.0,23.6945,Safe,71.1051,47.8574,20.8759,Aligned,52.0591,45.4303,Separated Traffic,Rural,6.5602,True,Residential,Poor Infrastructure,0.0197,,False,44.7069,0.0151,0.0097,Aligned,47,Unnamed Road,2316
4012,Unnamed Road,Urban Road,URB-04012,4012,12.8962,77.5962,12.896,77.5963,27.7,1604.8,1604.828,11.2643,Aligned,0.9678,0.9469,0.0774,0.013,-0.0067,25.8737,23.8187,53.6133,10.7267,13.3992,51.5561,87.8612,0.0,29.9646,5.9181,No,0.0,0.0072,-0.0154,Poor,Medium,1.0826,10.0,10.1336,18.4958,Safe,71.798,23.913,17.1199,Aligned,21.1438,35.7139,Side Impact Potential,Rural,1.6832,False,Residential,Poor Infrastructure,0.0069,,False,19.8597,-0.0044,0.004,Aligned,27,Unnamed Road,2317
4013,Unnamed Road,Urban Road,URB-04013,4013,12.8962,77.5962,12.8963,77.5957,58.2,1605.2,1605.258,11.7194,Aligned,0.9813,0.9788,0.0311,-0.0119,-0.0029,32.9468,33.9447,58.2573,25.8123,27.9041,49.7807,69.231,0.6188,49.5404,13.9864,No,0.0,-0.0083,-0.0119,Poor,High,3.1073,10.0,10.0143,22.3377,Safe,74.1511,33.367,18.5242,Aligned,33.4398,67.1581,Side Impact Potential,Urban,3.0236,True,Mixed,Poor Infrastructure,0.0077,,False,29.8616,-0.0058,-0.0038,Aligned,34,Unnamed Road,2318
4014,Unnamed Road,Urban Road,URB-04014,4014,12.995,77.6771,12.9949,77.6775,57.4,1605.6,1605.657,19.2111,Aligned,0.5963,0.575,0.4523,0.0044,-0.0077,28.724,27.1328,53.3024,37.3103,35.7247,49.6747,95.255,0.0,31.0337,30.1846,No,0.0,-0.003,0.0104,Good,Medium,2.1873,10.0,10.0,22.9205,Safe,74.8992,28.4856,19.6655,Aligned,28.7915,68.2974,Side Impact Potential,Urban,4.0171,False,Residential,Meets Safe System Standards,0.0084,,False,25.6372,-0.0084,-0.011,Aligned,30,Unnamed Road,2319
4015,Unnamed Road,Urban Road,URB-04015,4015,12.8672,77.6206,12.8678,77.6167,429.0,1606.0,1606.429,39.7319,Moderate Misalignment,0.9802,0.042,0.9957,0.0031,0.0121,61.7565,63.7775,90.9209,14.2337,26.794,70.9178,94.9831,0.278,60.0,19.2566,No,0.0,-0.0018,-0.0272,Good,Low,1.3152,10.0,22.6805,27.8208,Moderate Risk,63.3735,62.6869,31.9991,Moderate Misalignment,59.6158,58.3492,Separated Traffic,Urban,5.6994,True,Commercial,Poor Infrastructure,0.1599,Light,False,47.9357,0.007,-0.0004,Moderate Misalignment,63,Unnamed Road,2320
4016,Unnamed Road,Urban Road,URB-04016,4016,13.0003,77.6817,13.0001,77.6816,34.2,1606.4,1606.434,19.0762,Aligned,0.7841,0.7803,0.1841,0.0152,-0.0018,67.9858,67.8067,100.0,10.3466,16.1709,79.6695,76.3306,0.0,60.0,11.538,No,0.0,0.0008,-0.0745,Poor,High,0.0542,10.0,10.0,20.0958,Safe,73.0584,69.1189,16.346,Aligned,71.185,33.5195,Separated Traffic,Rural,5.1306,True,Residential,Poor Infrastructure,0.01,,False,55.8991,-0.0015,-0.0033,Aligned,67,Unnamed Road,2321
4017,Unnamed Road,Urban Road,URB-04017,4017,12.9963,77.6835,13.0,77.6813,488.1,1606.8,1607.288,13.1538,Aligned,0.9392,0.9257,0.0355,-0.0001,-0.0027,17.3266,19.2046,26.6047,0.0,13.0876,50.9533,91.0595,0.4604,21.4371,3.4135,No,0.0,-0.0047,-0.0234,Poor,Medium,1.6476,10.0,10.0,20.2476,Safe,69.9061,15.699,17.1585,Aligned,14.536,34.232,Side Impact Potential,Rural,1.0642,False,Residential,Poor Infrastructure,0.1621,Light,False,12.7119,-0.0031,0.0008,Aligned,17,Unnamed Road,2322
4018,Unnamed Road,Urban Road,URB-04018,4018,12.9951,77.6844,12.9963,77.6835,160.8,1607.2,1607.361,41.9184,Moderate Misalignment,0.8175,0.0723,0.8079,0.1285,0.0006,49.4536,47.884,100.0,35.3901,26.1606,51.7125,74.4412,0.0,60.0,11.394,No,0.0,0.0014,0.0235,Good,Low,0.532,10.0,10.1484,29.6218,Moderate Risk,60.1091,48.2496,43.6141,Moderate Misalignment,63.8354,65.1968,Side Impact Potential,Urban,3.8782,False,Residential,Poor Infrastructure | Above Human Tolerance Limit,0.0038,,False,52.8434,0.0165,-0.0066,Moderate Misalignment,50,Unnamed Road,2323
4019,Unnamed Road,Urban Road,URB-04019,4019,13.0,77.6813,13.0001,77.6816,33.7,1607.6,1607.634,17.1087,Aligned,0.7438,0.7319,0.2327,-0.0329,-0.0025,76.5301,75.1459,99.1522,0.6967,12.1662,82.0958,93.7866,0.4675,59.1364,2.2031,No,0.0,0.002,-0.0091,Good,Low,0.2055,10.0,10.0,22.1735,Safe,66.1932,77.438,23.7617,Aligned,72.3419,32.775,Separated Traffic,Rural,7.2427,True,Residential,Poor Infrastructure,-0.0215,,False,67.8699,-0.0061,-0.0093,Aligned,77,Unnamed Road,2324
4020,Unnamed Road,Urban Road,URB-04020,4020,12.9979,77.6829,12.9969,77.6835,126.6,1608.0,1608.127,37.8968,Moderate Misalignment,0.8149,0.1698,0.8419,0.013,-0.0008,49.7076,49.601,63.6685,15.8582,22.625,49.9987,99.9355,0.1155,59.2623,13.2028,No,0.0,0.0031,-0.031,Good,Low,2.034,10.0,23.0345,25.2033,Moderate Risk,66.4998,51.8613,27.5585,Moderate Misalignment,47.78,51.8299,Side Impact Potential,Peri-Urban,4.3239,True,Residential,Poor Infrastructure,0.1634,Light,False,40.916,-0.0112,-0.0047,Moderate Misalignment,48,Unnamed Road,2325
4021,Unnamed Road,Urban Road,URB-04021,4021,12.9969,77.6835,12.9947,77.6851,299.6,1608.4,1608.7,12.4977,Aligned,0.911,0.9008,0.1049,0.0148,0.0024,40.207,42.5147,99.9097,0.0,17.6457,79.0662,60.7925,0.1138,60.0,11.0138,No,0.0,-0.0022,-0.046,Poor,Medium,0.2127,10.0,10.0,22.6526,Safe,68.5476,41.6241,19.7409,Aligned,43.756,40.2901,Separated Traffic,Rural,7.9636,True,Residential,Poor Infrastructure,0.0005,,False,34.758,0.0131,0.006,Aligned,40,Unnamed Road,2326
4022,Unnamed Road,Urban Road,URB-04022,4022,12.9942,77.6854,12.9933,77.6861,143.2,1608.8,1608.943,15.0736,Aligned,0.8957,0.8582,0.137,-0.0041,0.0032,37.0727,35.1844,78.466,49.6281,46.2469,51.4613,85.6028,0.0443,39.2703,51.491,No,0.0,-0.0047,1.0393,Good,High,1.8183,10.0,10.0,25.5767,Moderate Risk,75.3475,36.2853,24.7395,Aligned,34.4175,61.3831,Side Impact Potential,Urban,1.9872,True,Mixed,Meets Safe System Standards,0.0033,,False,29.8405,-0.0135,0.0034,Aligned,38,Unnamed Road,2327
4023,Unnamed Road,Urban Road,URB-04023,4023,12.9947,77.6851,12.9942,77.6854,67.9,1609.2,1609.268,11.4399,Aligned,0.9931,0.997,-0.0112,0.0,-0.0141,22.1954,19.2755,30.7452,15.4516,28.6007,48.792,84.5574,0.0,29.2391,17.1796,No,0.0,-0.0,1.0671,Poor,Medium,2.2581,10.0,10.0,23.5046,Safe,70.1627,22.0279,20.0288,Aligned,22.7712,60.388,Side Impact Potential,Peri-Urban,2.0594,False,Residential,Poor Infrastructure,-0.0128,,False,18.6339,-0.0034,0.0042,Aligned,22,Unnamed Road,2328
4024,Unnamed Road,Urban Road,URB-04024,4024,12.9933,77.6861,12.9931,77.6863,33.2,1609.6,1609.633,42.164,Moderate Misalignment,0.8898,-0.0074,0.9031,0.0969,0.0023,50.8052,49.7801,99.7023,19.619,19.1408,50.6191,90.5889,0.0446,59.0299,15.3477,No,0.0,0.0017,-0.0237,Good,Low,0.2969,10.0,22.9486,30.3345,Moderate Risk,57.6848,50.3938,44.0668,Moderate Misalignment,72.1479,42.5831,Side Impact Potential,Rural,3.8187,False,Residential,Poor Infrastructure | Above Human Tolerance Limit,0.007,,False,68.9476,0.0074,-0.0003,Moderate Misalignment,51,Unnamed Road,2329
4025,Unnamed Road,Urban Road,URB-04025,4025,13.0001,77.6816,12.9982,77.6827,252.0,1610.0,1610.252,10.6197,Aligned,0.983,0.9466,0.0225,-0.0302,-0.0064,40.6447,39.6703,26.6852,22.1543,21.4655,50.2737,91.4864,0.3992,59.7338,8.5255,No,0.0,-0.0118,-0.0472,Good,High,3.3804,10.0,10.0,20.382,Safe,73.7913,39.9771,18.8284,Aligned,41.3202,53.211,Side Impact Potential,Peri-Urban,2.1804,False,Residential,Poor Infrastructure,0.0037,,False,35.7638,0.0071,0.0066,Aligned,41,Unnamed Road,2330
4026,Unnamed Road,Urban Road,URB-04026,4026,12.9982,77.6827,12.9979,77.6829,40.5,1610.4,1610.441,11.2139,Aligned,0.9344,0.9676,0.0671,-0.0116,0.0224,19.8566,21.1912,26.9244,1.9055,21.9547,49.9912,91.4846,0.2228,21.4692,8.9787,No,0.0,0.0119,-0.0214,Poor,Medium,3.6905,10.0,10.0,24.8528,Safe,67.3767,18.0554,21.3402,Aligned,16.4835,60.8165,Side Impact Potential,Peri-Urban,0.8323,False,Industrial,Poor Infrastructure,0.1589,Light,False,14.8092,0.0074,0.007,Aligned,19,Unnamed Road,2331
4027,Unnamed Road,Urban Road,URB-04027,4027,12.9926,77.5316,12.9839,77.5288,1046.8,1610.8,1611.847,16.803,Aligned,0.7971,0.7983,0.2435,-0.0039,-0.0051,81.5563,81.9557,99.9386,1.4575,18.0413,78.1858,65.7677,0.0,60.0,7.6333,No,0.0,0.0007,-0.0144,Poor,High,0.0278,10.0,10.0,27.0028,Moderate Risk,61.611,79.7196,32.3533,Moderate Misalignment,89.0781,44.7958,Separated Traffic,Rural,5.8885,True,Residential,Poor Infrastructure | Above Human Tolerance Limit,0.1905,Light,False,65.9238,-0.0015,-0.0027,Aligned,82,Unnamed Road,2332
4028,Unnamed Road,Urban Road,URB-04028,4028,12.9938,77.5326,12.9929,77.5326,96.6,1611.2,1611.297,23.1419,Aligned,0.6549,0.6552,0.1922,0.1466,-0.0105,80.2748,79.3492,100.0,24.1239,28.7279,77.3569,85.2195,0.2298,60.0,23.2636,No,0.0,0.0012,0.9782,Good,High,0.4548,10.0,10.0,26.7283,Moderate Risk,67.2608,76.8352,28.0288,Moderate Misalignment,92.824,58.3477,Separated Traffic,Urban,4.1892,True,Residential,Poor Infrastructure,0.1329,Light,False,70.4612,-0.0005,-0.0023,Aligned,80,Unnamed Road,2333
4029,Unnamed Road,Urban Road,URB-04029,4029,12.9945,77.5327,12.9938,77.5326,82.2,1611.6,1611.682,13.0034,Aligned,0.9279,0.9436,0.0401,-0.0187,-0.0005,26.9383,26.043,29.0287,6.2134,21.0357,50.8939,88.5684,0.0,29.4352,12.5083,No,0.0,0.0008,0.0511,Poor,Low,0.8898,10.0,10.0,22.4259,Safe,69.2959,26.7482,20.1516,Aligned,26.4226,44.4811,Side Impact Potential,Rural,0.8176,False,Residential,Poor Infrastructure,-0.0038,,False,23.3347,-0.0005,0.0041,Aligned,26,Unnamed Road,2334
4030,Unnamed Road,Urban Road,URB-04030,4030,12.9925,77.5326,12.9929,77.5326,44.5,1612.0,1612.044,9.3941,Aligned,0.9505,0.9571,0.0559,0.0057,-0.005,60.7106,60.0598,100.0,0.3571,14.1584,79.0016,58.7696,0.0,60.0,2.2429,No,0.0,-0.0089,-0.0083,Poor,High,0.2163,10.0,10.0,20.1022,Safe,69.6943,61.5649,17.7515,Aligned,60.7833,40.2395,Separated Traffic,Rural,3.88,True,Residential,Poor Infrastructure,0.2326,Light,False,42.3543,0.0028,0.0071,Aligned,60,Unnamed Road,2335
4031,Unnamed Road,Urban Road,URB-04031,4031,12.9968,77.5282,12.9967,77.5285,34.6,1612.4,1612.435,16.9131,Aligned,0.779,0.7477,0.1917,0.0202,0.0084,34.8123,33.8654,52.9009,20.7663,22.9283,49.2882,98.4123,0.2079,59.4379,11.0277,No,0.0,0.0084,0.0214,Poor,Medium,2.2604,10.0,12.3615,22.4523,Safe,70.5575,36.1985,21.3037,Aligned,33.2883,57.1372,Side Impact Potential,Urban,2.7571,False,Industrial,Poor Infrastructure,0.0124,,False,29.6879,-0.0077,-0.004,Aligned,35,Unnamed Road,2336
4032,Unnamed Road,Urban Road,URB-04032,4032,12.9967,77.5285,12.9964,77.5295,111.7,1612.8,1612.912,15.4269,Aligned,0.8324,0.8402,0.1819,-0.0004,0.0078,53.0412,51.5289,99.2272,7.4987,16.3039,82.697,73.6695,0.0808,58.9443,10.7016,No,0.0,-0.0112,-0.0147,Good,Low,0.1464,10.0,10.0301,20.7699,Safe,69.8549,49.6506,18.2282,Aligned,51.067,38.0776,Separated Traffic,Rural,5.7304,True,Residential,Poor Infrastructure,0.0013,,False,43.6832,-0.0081,-0.0012,Aligned,53,Unnamed Road,2337