segment_id,road_name,road_type,human_segment_id,internal_id,start_lat,start_lon,end_lat,end_lon,length_m,start_km,end_km,road_risk_score,ai_risk_label,ai_risk_probability,prob_low_risk,prob_medium_risk,prob_high_risk,prob_critical_risk,ai_recommended_speed,recommended_safe_speed,road_function_score,infrastructure_score,exposure_score,human_tolerance_limit,operating_speed_score,crash_risk_score,posted_speed_limit,pedestrian_exposure_score,blackspot_flag,crash_count,fatal_crashes,schools_count,lighting_quality,roadside_hazards,intersection_density,speed_compliance_rate,speed_violation_score,hotspot_score,hotspot_category,speed_safety_score,original_safe_speed,misalignment_score,misalignment_category,speed_p85,ptw_share_pct,exposure_tier,urban_rural_flag,lane_count,median_presence,land_use_type,top_ai_factors,congestion_index,congestion_category,congestion_smoothed,operating_speed_mean,minor_crashes,major_crashes,risk_category,final_safe_speed,corridor_base,corridor_seq
4033,Unnamed Road,Urban Road,URB-04033,4033,12.9961,77.5306,12.9962,77.5303,39.8,1613.2,1613.24,35.2508,Moderate Misalignment,0.7351,0.233,0.7395,0.0062,0.0069,50.215,50.157,86.9529,14.2593,24.8169,49.1937,93.6719,0.0,39.2489,11.7497,No,0.0,-0.0071,-0.0349,Poor,Medium,2.4981,10.0,30.9247,27.7371,Moderate Risk,62.2952,49.4584,31.6945,Moderate Misalignment,54.0215,62.2679,Side Impact Potential,Urban,5.0008,True,Residential,Poor Infrastructure,0.0099,,False,44.3809,-0.0211,-0.0023,Moderate Misalignment,50,Unnamed Road,2338
4034,Unnamed Road,Urban Road,URB-04034,4034,12.9961,77.5306,12.996,77.531,41.4,1613.6,1613.641,14.2887,Aligned,0.8519,0.8027,0.158,0.0216,0.0079,55.979,56.4518,100.0,11.0707,26.187,80.215,73.6014,0.1482,59.7961,11.7065,No,0.0,-0.0002,0.0084,Good,Medium,0.506,10.0,10.0,23.7092,Safe,69.5686,57.0172,20.8185,Aligned,56.1951,60.4313,Separated Traffic,Peri-Urban,5.7239,True,Industrial,Poor Infrastructure,0.2284,Light,False,42.3002,0.0009,-0.004,Aligned,56,Unnamed Road,2339
4035,Unnamed Road,Urban Road,URB-04035,4035,12.996,77.531,12.9956,77.5322,132.7,1614.0,1614.133,22.2681,Aligned,0.7213,0.7364,0.119,0.1753,-0.0031,59.2801,58.3654,100.0,11.907,20.396,81.4366,82.2578,0.0,59.5634,5.9251,No,0.0,0.001,-0.0193,Good,Low,0.2733,10.0,10.1399,21.1626,Safe,70.8674,60.2778,16.8061,Aligned,60.1323,56.7439,Separated Traffic,Peri-Urban,7.1765,True,Residential,Poor Infrastructure,-0.0193,,False,47.4593,0.011,-0.001,Aligned,59,Unnamed Road,2340
4036,Unnamed Road,Urban Road,URB-04036,4036,12.9949,77.5329,12.9954,77.533,51.9,1614.4,1614.452,35.2674,Moderate Misalignment,0.7522,0.1844,0.8029,0.0377,0.0017,65.3,63.5039,99.8943,15.8956,24.3071,81.0556,92.3374,0.0,60.0,13.3859,No,0.0,0.0052,0.0123,Good,Medium,0.4785,10.0,10.0,24.292,Safe,68.4989,66.1885,24.4796,Aligned,65.4693,62.3423,Separated Traffic,Peri-Urban,5.9487,True,Residential,Poor Infrastructure,-0.0151,,False,52.2124,-0.0149,0.0128,Moderate Misalignment,65,Unnamed Road,2341
4037,Unnamed Road,Urban Road,URB-04037,4037,12.9949,77.5329,12.9945,77.5327,51.2,1614.8,1614.851,34.1599,Moderate Misalignment,0.8358,0.1637,0.8251,0.0115,0.0072,79.9165,78.3458,99.2732,15.0062,13.6279,79.124,87.098,0.2998,59.9019,3.7048,No,0.0,0.0076,0.0075,Poor,Low,0.1498,10.0,33.8415,26.6193,Moderate Risk,60.9996,78.3018,35.3899,Moderate Misalignment,80.3133,35.194,Separated Traffic,Rural,7.8865,True,Industrial,Poor Infrastructure,-0.001,,False,67.2958,-0.0052,0.0154,Moderate Misalignment,81,Unnamed Road,2342
4038,Unnamed Road,Urban Road,URB-04038,4038,12.9954,77.533,12.9956,77.5322,97.2,1615.2,1615.297,11.69,Aligned,0.996,0.9653,0.0172,0.0128,-0.0037,18.3753,19.5617,31.7753,0.0,19.4827,52.051,80.5171,0.003,29.8614,5.2992,No,0.0,0.001,0.0001,Poor,Low,3.3871,10.0,10.2233,23.9252,Safe,68.1831,19.0938,21.5998,Aligned,18.975,59.283,Side Impact Potential,Peri-Urban,2.0167,False,Commercial,Poor Infrastructure,-0.0018,,False,16.1712,-0.004,0.0035,Aligned,18,Unnamed Road,2343
4039,Unnamed Road,Urban Road,URB-04039,4039,12.9953,77.5335,12.9954,77.533,55.6,1615.6,1615.656,10.1947,Aligned,0.9698,0.9379,0.0517,-0.0108,-0.0119,34.2811,34.9141,63.6271,21.0965,30.5271,49.9665,86.349,0.0,43.07,24.4932,No,0.0,0.005,-0.0627,Good,Medium,3.165,10.0,10.0,24.5951,Safe,71.5338,34.5368,22.3355,Aligned,34.9131,58.7499,Side Impact Potential,Urban,3.0213,True,Commercial,Poor Infrastructure,0.0133,,False,30.4628,0.0154,-0.0022,Aligned,35,Unnamed Road,2344
4040,Unnamed Road,Urban Road,URB-04040,4040,12.9963,77.5299,12.9962,77.5303,44.1,1616.0,1616.044,66.3395,High Misalignment,0.8547,0.0966,0.0773,0.8193,-0.0008,77.0213,79.6786,99.8928,6.4203,20.9075,79.3298,10.0,0.1106,60.0,13.1547,No,0.0,0.0011,-0.0045,Poor,Low,0.0215,10.0,27.8005,37.6509,Moderate Risk,46.695,80.9144,57.3337,High Misalignment,114.2361,45.7981,Separated Traffic,Rural,4.722,True,Residential,Speed Limit Misaligned | Active Congestion | Poor Infrastructure,0.7262,Severe,False,34.1907,0.0019,0.0151,High Misalignment,77,Unnamed Road,2345
4041,Unnamed Road,Urban Road,URB-04041,4041,12.9957,77.5346,12.9957,77.5342,38.1,1616.4,1616.438,13.1145,Aligned,0.9557,0.9406,-0.0107,-0.0099,0.0148,29.4828,25.087,61.7487,1.0446,22.0398,49.5267,72.271,0.2496,60.0,8.0774,No,0.0,-0.0036,0.0343,Poor,Low,2.1619,10.0,10.3642,24.161,Safe,69.073,26.5062,19.3276,Aligned,31.1338,61.7054,Side Impact Potential,Peri-Urban,3.8455,True,Residential,Poor Infrastructure,0.1902,Light,False,19.9481,0.0042,0.006,Aligned,27,Unnamed Road,2346
4042,Unnamed Road,Urban Road,URB-04042,4042,12.9957,77.5338,12.9957,77.5342,40.9,1616.8,1616.841,37.8374,Moderate Misalignment,0.8886,0.0977,0.905,0.009,-0.0074,36.0654,33.0773,52.5052,46.8814,46.7508,48.6565,98.9458,0.0732,31.3295,52.3108,No,0.0,0.0034,1.0215,Poor,Medium,2.6519,10.0,13.8076,28.0597,Moderate Risk,73.3485,35.7375,28.918,Moderate Misalignment,33.7035,58.5006,Side Impact Potential,Urban,1.6825,False,Industrial,Meets Safe System Standards,0.0221,,False,29.4382,0.0044,0.0063,Moderate Misalignment,35,Unnamed Road,2347
4043,Unnamed Road,Urban Road,URB-04043,4043,12.9953,77.5335,12.9956,77.5335,33.6,1617.2,1617.234,41.4144,Moderate Misalignment,0.8982,0.0187,0.8881,0.0972,0.0068,50.9048,49.6241,97.7387,19.7105,18.8497,49.9589,89.5337,0.3275,59.842,13.0809,No,0.0,0.0045,-0.0078,Good,Low,0.398,10.0,23.7547,30.0624,Moderate Risk,57.6526,51.3017,45.2163,Moderate Misalignment,70.8724,42.1494,Side Impact Potential,Rural,3.9395,False,Residential,Poor Infrastructure | Above Human Tolerance Limit,0.0026,,False,69.4345,0.0042,0.0006,Moderate Misalignment,50,Unnamed Road,2348
4044,Unnamed Road,Urban Road,URB-04044,4044,12.9956,77.5335,12.9957,77.5338,44.1,1617.6,1617.644,13.4421,Aligned,0.9038,0.885,0.0843,-0.0008,-0.0003,52.5812,49.4622,83.3046,30.7941,34.2861,50.5001,85.705,0.0,49.6178,28.2421,No,0.0,-0.0045,1.0388,Poor,High,1.9207,10.0,10.7879,25.4715,Moderate Risk,70.7616,51.0261,27.0949,Moderate Misalignment,53.8975,58.0669,Side Impact Potential,Urban,2.8134,True,Residential,Poor Infrastructure,0.2146,Light,False,41.9322,0.0019,-0.0034,Aligned,49,Unnamed Road,2349
4045,Unnamed Road,Urban Road,URB-04045,4045,12.9964,77.5295,12.9963,77.5299,43.5,1618.0,1618.043,39.3337,Moderate Misalignment,0.9042,0.0317,0.9418,0.0535,-0.002,28.466,30.7545,76.6775,67.8929,48.6044,29.1341,76.8585,0.103,39.3847,56.7483,No,0.0,-0.0004,2.0242,Good,High,2.246,10.0,10.0361,28.9386,Moderate Risk,71.9995,31.0134,33.59,Moderate Misalignment,32.3358,57.456,Significant Pedestrian Interaction,Urban,1.8592,True,Commercial,High Pedestrian Interaction | Above Human Tolerance Limit,0.1597,Light,False,25.8013,0.0123,-0.0145,Moderate Misalignment,30,Unnamed Road,2350
4046,Unnamed Road,Urban Road,URB-04046,4046,12.8934,77.5382,12.8976,77.5439,1043.0,1618.4,1619.443,12.3742,Aligned,0.9047,0.9038,0.1149,0.0106,0.0,44.5211,36.8563,51.6718,0.8877,15.9999,49.0361,97.7111,40.5057,39.9304,5.5778,Yes,0.0,1.0039,-0.0166,Poor,High,1.438,10.0,11.2501,33.8434,Moderate Risk,58.0664,43.0197,22.6273,Aligned,44.8405,39.3743,Side Impact Potential,Rural,2.0152,False,Industrial,Poor Infrastructure,0.0029,,False,38.4514,0.0029,0.0018,Aligned,44,Unnamed Road,2351
4047,Unnamed Road,Urban Road,URB-04047,4047,12.9073,77.6003,12.9127,77.5998,657.0,1618.8,1619.457,10.4102,Aligned,0.9789,1.0305,0.0126,0.0036,0.0046,49.9286,48.4234,77.5982,32.8368,30.0153,51.6146,80.1854,0.0923,51.8876,21.834,No,0.0,0.0018,0.0111,Good,Medium,1.468,10.0,10.0,22.1656,Safe,74.1793,50.9298,21.8315,Aligned,54.7562,60.8689,Side Impact Potential,Urban,5.2006,False,Residential,Poor Infrastructure,0.2246,Light,False,34.4947,0.0044,0.0093,Aligned,47,Unnamed Road,2352
4048,Unnamed Road,Urban Road,URB-04048,4048,12.9514,77.5299,12.9522,77.5312,163.5,1619.2,1619.364,14.7527,Aligned,0.8043,0.8074,0.189,0.0336,0.0022,47.5268,45.1801,100.0,6.5449,12.6864,80.8096,46.6863,0.0504,58.9752,6.572,No,0.0,0.0025,-0.0681,Poor,Low,0.1668,10.0,10.1161,19.8888,Safe,71.3933,45.7107,17.587,Aligned,45.2251,32.9093,Separated Traffic,Rural,6.2448,True,Industrial,Poor Infrastructure,0.1808,Light,False,35.3272,0.0001,-0.0089,Aligned,46,Unnamed Road,2353
4049,Unnamed Road,Urban Road,URB-04049,4049,12.9512,77.5296,12.9514,77.5299,30.6,1619.6,1619.631,12.5209,Aligned,0.9526,0.9631,0.0571,-0.0004,0.0001,19.5791,19.3632,25.2289,0.0,12.589,49.4778,90.8823,0.1676,20.0,2.8109,No,0.0,-0.0088,0.0335,Poor,Medium,1.5347,10.0,10.1691,20.4989,Safe,69.4245,18.2391,15.7229,Aligned,16.6833,36.412,Side Impact Potential,Rural,1.1506,False,Residential,Poor Infrastructure,0.1663,Light,False,14.1819,-0.0027,0.0011,Aligned,20,Unnamed Road,2354
4050,Unnamed Road,Urban Road,URB-04050,4050,12.9505,77.5291,12.9509,77.5294,56.7,1620.0,1620.057,14.344,Aligned,0.8945,0.917,0.1217,0.0188,0.002,50.6978,53.907,98.1817,20.38,33.9143,78.6254,76.0986,0.0954,59.8073,27.6187,No,0.0,0.0026,0.9899,Poor,High,0.5552,10.0,10.0,25.716,Moderate Risk,71.1662,52.8042,21.6432,Aligned,52.3223,66.5475,Separated Traffic,Urban,5.2187,True,Commercial,Poor Infrastructure,-0.0111,,False,41.7542,0.0086,-0.0032,Aligned,54,Unnamed Road,2355
4051,Unnamed Road,Urban Road,URB-04051,4051,12.9505,77.5291,12.9502,77.5289,35.8,1620.4,1620.436,13.2554,Aligned,0.9078,0.8923,0.0644,0.0148,0.0114,45.9717,48.5886,99.785,32.8871,23.2407,81.6901,69.8652,0.0,60.0,20.1832,No,0.0,0.0065,0.0082,Good,Medium,0.2735,10.0,10.0,18.9809,Safe,76.9398,47.6268,15.4489,Aligned,48.067,46.6121,Separated Traffic,Rural,8.0327,True,Residential,Poor Infrastructure,-0.0037,,False,36.9953,-0.0009,-0.0025,Aligned,46,Unnamed Road,2356
4052,Unnamed Road,Urban Road,URB-04052,4052,12.9512,77.5296,12.9509,77.5294,44.8,1620.8,1620.845,15.6801,Aligned,0.8096,0.8069,0.1821,-0.0092,-0.0058,32.5798,31.8696,56.8855,10.5767,17.7621,50.0563,95.4642,0.193,59.9112,8.4839,No,0.0,0.0075,-0.0236,Good,Low,1.3416,10.0,10.0,20.6152,Safe,70.7971,32.6724,18.7386,Aligned,32.2198,38.7914,Side Impact Potential,Rural,4.2416,False,Residential,Poor Infrastructure,-0.0008,,False,25.3756,-0.0051,0.0059,Aligned,32,Unnamed Road,2357
4053,Unnamed Road,Urban Road,URB-04053,4053,12.9502,77.5289,12.9501,77.5288,21.5,1621.2,1621.222,14.8378,Aligned,0.9002,0.8838,0.1071,0.0108,0.0007,51.4948,50.9152,100.0,14.1589,19.8372,79.7021,71.5061,0.0,60.0,16.4723,No,0.0,0.0051,1.0464,Poor,Medium,0.1736,10.0,10.377,21.2518,Safe,72.1144,51.5151,16.871,Aligned,54.809,41.8136,Separated Traffic,Rural,7.1337,True,Industrial,Poor Infrastructure,0.1476,Light,False,39.3355,-0.0052,-0.0044,Aligned,52,Unnamed Road,2358
4054,Unnamed Road,Urban Road,URB-04054,4054,12.9533,77.5345,12.9534,77.5348,41.9,1621.6,1621.642,10.9985,Aligned,0.9292,0.8785,0.0296,-0.0127,-0.0046,30.2352,29.2464,84.1892,56.9226,43.5472,48.8907,75.8319,0.0,40.5629,49.2175,No,0.0,0.0047,0.9988,Poor,High,2.4432,10.0,10.4104,22.6914,Safe,79.111,29.1616,21.0218,Aligned,28.4176,56.4155,Side Impact Potential,Urban,4.8888,True,Commercial,Meets Safe System Standards,0.1837,Light,False,22.8106,0.0022,-0.0015,Aligned,32,Unnamed Road,2359
4055,Unnamed Road,Urban Road,URB-04055,4055,12.9534,77.5348,12.9536,77.5351,38.8,1622.0,1622.039,12.4754,Aligned,0.9453,0.9536,0.0874,0.0173,-0.0123,37.9316,35.5009,93.2334,22.3361,31.5482,49.7247,52.3108,0.3489,38.5857,23.7114,No,0.0,-0.0004,0.0324,Poor,High,2.4721,10.0,10.4606,24.0784,Safe,72.5646,34.7172,21.7596,Aligned,35.3369,59.1748,Side Impact Potential,Urban,6.3766,True,Residential,Active Congestion | Poor Infrastructure,0.7864,Severe,False,10.0,-0.0025,0.0096,Aligned,38,Unnamed Road,2360
4056,Unnamed Road,Urban Road,URB-04056,4056,12.9524,77.5319,12.9522,77.5312,83.0,1622.4,1622.483,40.9948,Moderate Misalignment,0.9532,0.0267,0.9366,0.0495,-0.0014,80.0853,79.417,97.4722,0.3916,15.6065,80.9281,97.0122,0.0,60.0,8.8413,No,0.0,0.0003,-0.013,Poor,High,0.2072,10.0,29.1424,36.9362,Moderate Risk,45.0584,79.3014,56.6073,High Misalignment,118.0172,36.966,Separated Traffic,Rural,4.9659,True,Residential,Speed Limit Misaligned | Poor Infrastructure | Above Human Tolerance Limit,0.1908,Light,False,88.4385,0.0006,-0.0103,Moderate Misalignment,81,Unnamed Road,2361
4057,Unnamed Road,Urban Road,URB-04057,4057,12.9524,77.5319,12.9526,77.5326,81.0,1622.8,1622.881,17.0721,Aligned,0.8166,0.8159,0.2342,-0.0072,0.0027,63.9631,64.6671,98.767,42.5308,40.189,80.5765,48.5204,0.0,60.0,34.0754,No,0.0,-0.0014,1.0223,Good,High,0.4121,10.0,10.3695,23.9702,Safe,76.2908,62.7403,18.0925,Aligned,64.6425,64.5162,Separated Traffic,Urban,4.8914,True,Residential,Meets Safe System Standards,0.2164,Light,False,47.8608,-0.0116,-0.0071,Aligned,64,Unnamed Road,2362
4058,Unnamed Road,Urban Road,URB-04058,4058,12.9528,77.5334,12.9526,77.5326,86.0,1623.2,1623.286,12.3724,Aligned,0.9087,0.8544,0.1315,0.0073,0.0211,25.2452,29.225,47.1226,0.0,23.1808,50.344,89.0707,0.0,39.0611,7.7787,No,0.0,0.0012,-0.0207,Poor,Low,1.9347,10.0,10.0,23.8584,Safe,67.1147,28.2095,22.02,Aligned,30.0183,62.9851,Side Impact Potential,Peri-Urban,1.9241,False,Commercial,Poor Infrastructure,-0.0036,,False,22.0639,0.0085,0.0021,Aligned,26,Unnamed Road,2363
4059,Unnamed Road,Urban Road,URB-04059,4059,12.955,77.5349,12.9541,77.5355,134.1,1623.6,1623.734,36.7517,Moderate Misalignment,0.8782,0.1181,0.8618,0.0006,0.0056,50.0068,49.9109,70.9714,30.0191,27.7764,49.9025,99.67,0.2553,51.4337,16.2646,No,0.0,0.0049,-0.0346,Good,Low,1.4679,10.0,10.0,22.4361,Safe,73.8134,51.164,20.4557,Aligned,49.3264,65.9989,Side Impact Potential,Urban,2.8814,False,Mixed,Poor Infrastructure,-0.0021,,False,47.4386,0.0028,0.0106,Moderate Misalignment,47,Unnamed Road,2364
4060,Unnamed Road,Urban Road,URB-04060,4060,12.9544,77.5358,12.9541,77.5355,49.5,1624.0,1624.05,35.2842,Moderate Misalignment,0.8269,0.2034,0.8175,-0.0056,-0.0068,36.1026,36.6074,52.5845,27.067,38.9352,50.765,96.9819,0.0,30.0529,33.0109,No,0.0,0.0023,1.0393,Good,High,3.1221,10.0,22.939,28.9286,Moderate Risk,66.839,35.8861,30.0405,Moderate Misalignment,34.8736,62.6187,Side Impact Potential,Urban,1.6806,False,Residential,Poor Infrastructure,-0.0043,,False,33.5,0.0027,-0.0043,Moderate Misalignment,37,Unnamed Road,2365
4061,Unnamed Road,Urban Road,URB-04061,4061,12.9536,77.5351,12.9541,77.5355,72.3,1624.4,1624.472,99.175,Critical Misalignment,0.9933,-0.0035,-0.0013,-0.0012,1.0207,50.8181,47.2954,100.0,1.3593,17.6333,49.8226,85.3592,0.2164,60.0,9.9745,No,0.0,0.0014,-0.0283,Good,High,0.176,10.0,23.6187,45.9075,Moderate Risk,32.86,51.8542,77.9465,Critical Misalignment,100.1892,37.57,Side Impact Potential,Rural,7.0982,False,Industrial,Speed Limit Misaligned | Poor Infrastructure | Above Human Tolerance Limit,-0.0183,,False,87.3471,-0.0012,0.0067,Critical Misalignment,53,Unnamed Road,2366
4062,Unnamed Road,Urban Road,URB-04062,4062,12.9499,77.5287,12.9501,77.5288,26.6,1624.8,1624.827,38.5102,Moderate Misalignment,0.8008,0.1578,0.7999,0.0565,-0.0053,72.9025,72.7967,100.0,0.0148,16.6771,79.3271,93.5484,0.3828,59.5648,12.376,No,0.0,0.0021,0.0073,Poor,Low,0.4017,10.0,23.5158,27.0986,Moderate Risk,59.6415,73.7305,31.7959,Moderate Misalignment,75.4607,33.5288,Separated Traffic,Rural,8.2349,True,Residential,Poor Infrastructure,0.0022,,False,64.9288,-0.0096,0.0074,Moderate Misalignment,72,Unnamed Road,2367
4063,Unnamed Road,Urban Road,URB-04063,4063,12.9533,77.5345,12.9531,77.534,52.3,1625.2,1625.252,11.1753,Aligned,0.9793,0.9553,0.0566,-0.0045,-0.0005,50.0768,47.993,79.3611,28.1629,26.1686,51.7113,85.1924,0.4607,50.1313,15.6044,No,0.0,0.0038,0.0015,Poor,High,2.0473,10.0,10.0,21.0852,Safe,74.2444,49.768,18.1037,Aligned,48.3093,57.091,Side Impact Potential,Urban,2.7947,True,Mixed,Poor Infrastructure,0.01,,False,39.9123,0.0037,0.013,Aligned,49,Unnamed Road,2368
4064,Unnamed Road,Urban Road,URB-04064,4064,12.9528,77.5334,12.9531,77.534,76.4,1625.6,1625.676,13.5137,Aligned,0.8983,0.8396,0.1235,0.0178,-0.012,51.4729,49.8155,100.0,19.5798,35.055,79.6627,75.0971,0.0208,57.3194,27.8676,No,0.0,0.0013,1.0143,Poor,High,0.8191,10.0,10.0,25.468,Moderate Risk,70.6459,53.8578,21.5143,Aligned,56.4449,66.3233,Separated Traffic,Urban,5.0895,True,Commercial,Poor Infrastructure,0.0061,,False,42.7443,-0.0081,0.0083,Aligned,52,Unnamed Road,2369
4065,Unnamed Road,Urban Road,URB-04065,4065,12.9896,77.7,12.99,77.7001,47.1,1626.0,1626.047,18.7524,Aligned,0.6716,0.673,0.3008,0.006,-0.0108,64.7823,66.5333,100.0,6.6537,14.2137,81.0646,70.1622,0.1456,60.0,9.5476,No,0.0,-0.0005,0.0103,Poor,Low,0.123,10.0,10.0,19.8982,Safe,71.8176,65.5169,16.3084,Aligned,69.4722,32.5689,Separated Traffic,Rural,4.0246,True,Residential,Poor Infrastructure,0.0009,,False,60.1933,0.0034,-0.0062,Aligned,67,Unnamed Road,2370
4066,Unnamed Road,Urban Road,URB-04066,4066,12.9969,77.7173,12.9967,77.7176,478.7,1626.4,1626.879,10.872,Aligned,0.9622,0.9246,0.0295,0.0022,-0.0015,29.1208,29.9882,79.2716,16.1536,29.2444,50.2172,77.3921,0.0648,41.7012,21.9112,No,0.0,0.004,0.0132,Good,High,1.5414,10.0,10.0,24.9807,Safe,69.6227,29.1842,21.1965,Aligned,29.9883,59.1625,Side Impact Potential,Urban,4.0182,False,Commercial,Poor Infrastructure,-0.0203,,False,27.288,-0.0118,0.0131,Aligned,29,Unnamed Road,2371
4067,Unnamed Road,Urban Road,URB-04067,4067,12.9887,77.4726,12.9865,77.4719,263.3,1626.8,1627.063,17.423,Aligned,0.7663,0.7649,0.2286,0.009,-0.0071,50.2636,50.571,78.8165,13.6917,23.0041,51.7111,94.1554,0.0049,59.53,6.953,No,0.0,0.0004,-0.0455,Good,Low,1.9066,10.0,10.0,21.8601,Safe,71.559,49.9271,17.824,Aligned,51.3387,62.1529,Side Impact Potential,Urban,4.2421,False,Commercial,Poor Infrastructure,-0.0243,,False,43.5458,-0.0089,-0.0057,Aligned,52,Unnamed Road,2372
4068,Unnamed Road,Urban Road,URB-04068,4068,13.0182,77.559,13.0189,77.559,89.8,1627.2,1627.29,35.8516,Moderate Misalignment,0.8313,0.1976,0.804,0.017,-0.0033,48.562,48.0202,61.276,17.0463,23.5471,50.667,98.7654,0.0,41.3824,15.2583,No,0.0,0.0091,-0.0216,Good,Low,1.9387,10.0,22.9259,24.9078,Moderate Risk,66.363,49.631,27.9392,Moderate Misalignment,52.7275,51.2894,Side Impact Potential,Peri-Urban,4.0276,True,Residential,Poor Infrastructure,0.1703,Light,False,39.2195,0.0022,-0.0094,Moderate Misalignment,51,Unnamed Road,2373
4069,Unnamed Road,Urban Road,URB-04069,4069,13.019,77.5591,13.0182,77.559,91.7,1627.6,1627.692,37.739,Moderate Misalignment,0.8259,0.1214,0.8508,0.0178,0.0037,62.3102,60.9108,100.0,7.6604,17.2755,79.8836,39.7618,0.0,60.0,8.9561,No,0.0,-0.0045,-0.0066,Poor,High,0.1743,10.0,10.0341,26.3326,Moderate Risk,62.7922,59.8291,32.1416,Moderate Misalignment,62.6704,45.8298,Separated Traffic,Rural,8.1513,True,Commercial,Poor Infrastructure | Above Human Tolerance Limit,0.0214,,False,50.7823,0.0002,0.0031,Moderate Misalignment,62,Unnamed Road,2374
4070,Unnamed Road,Urban Road,URB-04070,4070,13.0189,77.559,13.0196,77.5601,141.6,1628.0,1628.142,22.5968,Aligned,0.5829,0.5587,0.4476,-0.0084,0.0029,50.9547,51.6261,50.1146,57.8441,35.4815,52.2801,91.7498,0.2392,39.8182,34.9366,No,0.0,-0.0041,0.0203,Good,Low,2.1246,10.0,25.8858,25.9969,Moderate Risk,74.2854,48.4807,28.2152,Moderate Misalignment,50.6078,58.0908,Side Impact Potential,Urban,2.7259,False,Industrial,Meets Safe System Standards,-0.0003,,False,47.3044,-0.0069,0.0057,Aligned,49,Unnamed Road,2375
4071,Unnamed Road,Urban Road,URB-04071,4071,13.0198,77.5604,13.02,77.5605,28.8,1628.4,1628.429,11.8244,Aligned,0.9792,1.011,0.0004,-0.0011,0.0074,42.5809,40.389,32.912,22.9774,20.9839,50.7806,91.037,0.0,41.0005,9.5064,No,0.0,0.0033,0.0352,Good,High,3.4753,10.0,10.1379,20.7732,Safe,72.7287,42.479,19.639,Aligned,41.4085,52.6859,Side Impact Potential,Peri-Urban,1.8859,False,Residential,Poor Infrastructure,0.0214,,False,34.659,0.0102,0.0054,Aligned,43,Unnamed Road,2376
4072,Unnamed Road,Urban Road,URB-04072,4072,13.0198,77.5604,13.0196,77.5601,38.0,1628.8,1628.838,44.3432,High Misalignment,0.4495,0.3613,0.2054,0.4583,0.0071,79.0262,79.7249,96.728,7.3873,20.5151,82.2716,85.8023,0.1186,60.0,12.6868,No,0.0,0.0128,-0.0017,Poor,High,0.2993,10.0,23.0561,35.9311,Moderate Risk,49.4151,78.989,53.571,High Misalignment,110.3492,42.6609,Separated Traffic,Rural,4.1332,True,Industrial,Speed Limit Misaligned | Poor Infrastructure | Above Human Tolerance Limit,0.0166,,False,99.2612,0.0137,-0.0109,High Misalignment,79,Unnamed Road,2377
4073,Unnamed Road,Urban Road,URB-04073,4073,13.0204,77.5612,13.0203,77.5616,50.3,1629.2,1629.25,18.9904,Aligned,0.6033,0.5939,0.4026,0.0202,0.014,46.8016,46.9725,51.5184,0.2234,24.8036,49.2117,65.351,0.0,41.0127,12.9801,No,0.0,-0.0057,0.0657,Good,Medium,1.7733,10.0,21.6476,28.177,Moderate Risk,62.1922,49.1923,29.4958,Moderate Misalignment,49.4327,55.4704,Side Impact Potential,Peri-Urban,2.0882,False,Commercial,Active Congestion | Poor Infrastructure,0.6399,Severe,False,14.9773,0.0072,-0.0007,Aligned,50,Unnamed Road,2378
4074,Unnamed Road,Urban Road,URB-04074,4074,13.0202,77.562,13.0203,77.5616,38.8,1629.6,1629.639,12.3738,Aligned,0.972,0.9414,0.0245,0.0051,0.006,24.5513,24.1348,52.4331,49.1115,35.3988,50.2933,82.3709,0.0704,29.0213,32.6117,No,0.0,0.0016,-0.0357,Good,High,2.2907,10.0,10.2182,21.5612,Safe,78.6988,23.0905,17.6603,Aligned,25.2612,62.6667,Side Impact Potential,Urban,3.1494,False,Commercial,Meets Safe System Standards,0.1784,Light,False,19.1669,-0.0011,0.0038,Aligned,24,Unnamed Road,2379
4075,Unnamed Road,Urban Road,URB-04075,4075,13.0202,77.5608,13.02,77.5605,33.5,1630.0,1630.034,14.5932,Aligned,0.9188,0.918,0.1269,-0.0159,-0.0074,65.4912,64.9916,100.0,12.8547,18.013,81.4849,73.896,0.0,60.0,15.4046,No,0.0,0.0049,0.0143,Poor,High,0.168,10.0,10.1711,20.1214,Safe,72.1365,64.0555,17.584,Aligned,61.581,35.8955,Separated Traffic,Rural,3.9295,True,Residential,Approach to Congestion (Tapered) | Poor Infrastructure,-0.0232,,True,53.1432,-0.0307,-0.0037,Aligned,64,Unnamed Road,2380
4076,Unnamed Road,Urban Road,URB-04076,4076,13.0196,77.5601,13.019,77.5591,131.4,1630.4,1630.531,12.005,Aligned,0.9095,0.9425,0.1349,0.0076,0.0116,56.7097,56.607,98.1158,34.0751,24.799,80.9288,72.649,0.0,60.0,13.1471,No,0.0,0.001,0.0155,Good,High,0.542,10.0,10.0,19.7048,Safe,77.2584,57.2949,17.2346,Aligned,59.4381,58.9774,Separated Traffic,Urban,3.6736,True,Residential,Meets Safe System Standards,0.0088,,False,53.2496,-0.0022,0.0181,Aligned,58,Unnamed Road,2381
4077,Unnamed Road,Urban Road,URB-04077,4077,13.0202,77.5608,13.0204,77.5609,27.2,1630.8,1630.827,40.0579,Moderate Misalignment,0.9903,0.0403,0.9869,-0.0071,0.0102,79.0561,78.254,100.0,26.1816,15.662,80.6627,10.0,0.0229,59.5934,6.2446,No,0.0,0.0022,-0.0284,Poor,Low,0.1235,10.0,10.0,22.9769,Safe,68.7299,82.7511,28.6022,Moderate Misalignment,80.0457,35.5707,Separated Traffic,Rural,4.977,True,Residential,Active Congestion | Poor Infrastructure | Above Human Tolerance Limit,0.6591,Severe,False,27.3385,-0.0141,0.0122,Moderate Misalignment,82,Unnamed Road,2382