segment_id,road_name,road_type,human_segment_id,internal_id,start_lat,start_lon,end_lat,end_lon,length_m,start_km,end_km,road_risk_score,ai_risk_label,ai_risk_probability,prob_low_risk,prob_medium_risk,prob_high_risk,prob_critical_risk,ai_recommended_speed,recommended_safe_speed,road_function_score,infrastructure_score,exposure_score,human_tolerance_limit,operating_speed_score,crash_risk_score,posted_speed_limit,pedestrian_exposure_score,blackspot_flag,crash_count,fatal_crashes,schools_count,lighting_quality,roadside_hazards,intersection_density,speed_compliance_rate,speed_violation_score,hotspot_score,hotspot_category,speed_safety_score,original_safe_speed,misalignment_score,misalignment_category,speed_p85,ptw_share_pct,exposure_tier,urban_rural_flag,lane_count,median_presence,land_use_type,top_ai_factors,congestion_index,congestion_category,congestion_smoothed,operating_speed_mean,minor_crashes,major_crashes,risk_category,final_safe_speed,corridor_base,corridor_seq
4078,Unnamed Road,Urban Road,URB-04078,4078,13.0204,77.5609,13.0204,77.5612,24.9,1631.2,1631.225,13.1439,Aligned,0.9176,0.8679,0.0356,-0.0187,-0.0028,53.4366,53.1329,99.7228,1.3937,12.5687,80.8023,68.8448,0.1513,59.7987,6.711,No,0.0,0.006,0.0402,Good,Low,0.0097,10.0,10.0,20.4293,Safe,69.7894,54.3256,19.2976,Aligned,53.8112,33.4034,Separated Traffic,Rural,5.0163,True,Residential,Poor Infrastructure,0.2359,Light,False,38.529,-0.01,0.0002,Aligned,53,Unnamed Road,2383
4079,Unnamed Road,Urban Road,URB-04079,4079,13.0203,77.5625,13.0202,77.562,61.2,1631.6,1631.661,16.5823,Aligned,0.8226,0.8438,0.1856,0.0077,0.0086,54.3149,50.5412,99.9571,39.2015,38.0116,80.9308,73.7124,0.0,60.0,31.9599,No,0.0,0.0003,0.9916,Good,High,0.4759,10.0,10.1301,24.5336,Safe,74.82,51.7346,20.3297,Aligned,54.2909,67.162,Separated Traffic,Urban,6.9631,True,Mixed,Approach to Congestion (Tapered),-0.0221,,True,43.8412,-0.0204,-0.0004,Aligned,54,Unnamed Road,2384
4080,Unnamed Road,Urban Road,URB-04080,4080,13.0492,77.5445,13.0493,77.5448,53.5,1632.0,1632.053,11.498,Aligned,0.96,0.9658,0.0053,0.0067,0.0099,30.2532,28.5581,86.9793,36.0815,28.0778,51.2242,56.8776,0.2057,39.8316,22.3932,No,0.0,0.0013,-0.0438,Good,Medium,1.844,10.0,10.321,21.1523,Safe,76.5835,31.2975,17.7966,Aligned,28.1567,62.7795,Side Impact Potential,Urban,5.9245,True,Commercial,Active Congestion,0.7014,Severe,False,10.0,-0.0054,0.0133,Aligned,30,Unnamed Road,2385
4081,Unnamed Road,Urban Road,URB-04081,4081,12.9952,77.5898,12.9955,77.5896,44.0,1632.4,1632.444,27.9442,Moderate Misalignment,0.5554,0.4486,0.5355,0.02,0.0024,50.7503,50.9989,53.2767,0.1512,24.1113,49.8141,94.6643,0.0,38.0617,11.3542,No,0.0,0.0055,-0.0276,Poor,Low,2.0083,10.0,25.6815,28.7979,Moderate Risk,60.5726,48.5018,31.9128,Moderate Misalignment,50.23,58.8776,Side Impact Potential,Peri-Urban,2.9988,False,Commercial,Poor Infrastructure,0.0066,,False,45.3749,0.0108,0.0017,Moderate Misalignment,50,Unnamed Road,2386
4082,Unnamed Road,Urban Road,URB-04082,4082,12.9445,77.5584,12.9483,77.5589,425.3,1632.8,1633.225,14.362,Aligned,0.8629,0.9001,0.1039,0.0084,0.0077,41.8435,43.7174,50.3264,33.713,30.8277,49.3134,94.853,0.0961,41.8604,28.3593,No,0.0,-0.0026,-0.0017,Good,Medium,2.323,10.0,10.0,24.9971,Safe,72.6435,44.6774,23.7652,Aligned,42.9135,55.0056,Side Impact Potential,Peri-Urban,2.0933,False,Mixed,Poor Infrastructure,0.0052,,False,35.6267,-0.0096,0.0039,Aligned,44,Unnamed Road,2387
4083,Unnamed Road,Urban Road,URB-04083,4083,13.0398,77.6241,13.0401,77.6245,54.4,1633.2,1633.254,39.9237,Moderate Misalignment,0.8178,0.0651,0.8077,0.0911,0.0007,29.7757,31.1328,84.6516,19.1261,36.7363,29.8521,46.9178,0.3045,48.9181,35.0551,No,0.0,-0.0084,0.9466,Poor,High,1.4333,10.0,10.3784,37.3277,Moderate Risk,55.4435,29.404,48.2006,Moderate Misalignment,42.7214,56.9994,Significant Pedestrian Interaction,Urban,5.9039,True,Residential,High Pedestrian Interaction | Active Congestion | Poor Infrastructure,0.6358,Severe,False,14.5934,0.0067,-0.0045,Moderate Misalignment,27,Unnamed Road,2388
4084,Unnamed Road,Urban Road,URB-04084,4084,13.0401,77.6245,13.0403,77.6243,44.6,1633.6,1633.645,11.4363,Aligned,0.9647,0.9599,0.0515,0.019,-0.0119,67.6623,69.4473,97.9202,13.4764,20.6813,79.7181,77.8074,0.2527,60.0,3.8057,No,0.0,-0.0061,0.0139,Good,High,0.706,10.0,10.0,21.5235,Safe,71.1452,67.1412,19.3991,Aligned,68.0965,62.705,Separated Traffic,Urban,5.8869,True,Mixed,Approach to Congestion (Tapered) | Poor Infrastructure,0.1556,Light,True,55.1113,0.011,-0.0026,Aligned,68,Unnamed Road,2389
4085,Unnamed Road,Urban Road,URB-04085,4085,13.0401,77.6245,13.0393,77.6252,125.5,1634.0,1634.126,24.0274,Aligned,0.611,0.6165,0.329,0.0337,0.0084,29.9009,27.1727,49.4905,61.3737,47.7448,29.3008,95.8169,4.3798,29.8637,50.3911,No,0.0,-0.0019,1.9927,Good,Low,4.1941,10.0,10.0,25.2622,Moderate Risk,77.5818,30.1797,26.0005,Aligned,29.5868,58.2678,Significant Pedestrian Interaction,Urban,2.1848,False,Mixed,High Pedestrian Interaction,0.0047,,False,27.8671,1.0041,-0.0013,Aligned,30,Unnamed Road,2390
4086,Unnamed Road,Urban Road,URB-04086,4086,13.0403,77.6243,13.0409,77.6238,106.6,1634.4,1634.507,12.2208,Aligned,0.8923,0.8803,0.0883,0.0021,0.0089,39.9667,37.0835,68.7698,10.8131,25.0069,48.6081,89.6051,0.0,58.8712,15.4533,No,0.0,-0.0033,-0.0478,Good,Low,1.4849,10.0,10.0,23.2553,Safe,69.8361,40.8454,19.8436,Aligned,39.2165,52.0872,Side Impact Potential,Peri-Urban,2.002,False,Commercial,Poor Infrastructure,-0.0006,,False,32.7257,0.0014,-0.009,Aligned,41,Unnamed Road,2391
4087,Unnamed Road,Urban Road,URB-04087,4087,13.0394,77.6279,13.0391,77.6274,61.8,1634.8,1634.862,11.9549,Aligned,0.9706,0.9464,-0.0159,-0.0055,-0.0008,18.0202,20.2775,26.7551,10.7168,18.3922,51.9535,92.9865,0.3686,20.0,8.9519,No,0.0,-0.0034,0.004,Good,Medium,3.1681,10.0,10.0,21.7612,Safe,71.4167,20.1009,19.2475,Aligned,19.2617,54.4914,Side Impact Potential,Peri-Urban,0.971,False,Residential,Poor Infrastructure,0.0187,,False,14.0031,-0.0006,0.0069,Aligned,18,Unnamed Road,2392
4088,Unnamed Road,Urban Road,URB-04088,4088,13.0388,77.6268,13.0391,77.6274,77.5,1635.2,1635.278,14.222,Aligned,0.8991,0.842,0.1183,0.0381,0.0032,59.4665,57.8172,98.9614,21.7162,18.8429,79.4874,57.9593,0.0,58.5632,5.3036,No,0.0,0.0094,-0.0344,Poor,Low,0.4054,10.0,10.1527,20.2572,Safe,73.3333,57.0494,16.5991,Aligned,58.1143,53.5381,Separated Traffic,Peri-Urban,8.0291,True,Commercial,Poor Infrastructure,0.1975,Light,False,46.5493,0.0071,-0.0106,Aligned,56,Unnamed Road,2393
4089,Unnamed Road,Urban Road,URB-04089,4089,13.0382,77.6259,13.0384,77.6263,57.0,1635.6,1635.657,9.3995,Aligned,0.9149,0.9498,0.0934,-0.01,0.0066,17.5169,20.0992,32.016,0.1559,19.0574,51.927,90.2451,0.0,60.0,3.6694,No,0.0,0.0002,0.0359,Good,Medium,3.8667,10.0,10.0,23.3677,Safe,67.6685,18.645,19.4847,Aligned,18.8816,60.9121,Side Impact Potential,Peri-Urban,1.7907,False,Residential,Poor Infrastructure,-0.0144,,False,11.5042,-0.0127,-0.0032,Aligned,20,Unnamed Road,2394
4090,Unnamed Road,Urban Road,URB-04090,4090,13.0384,77.6263,13.0388,77.6268,72.6,1636.0,1636.073,28.0194,Moderate Misalignment,0.6225,0.3855,0.6044,0.0188,0.0006,78.2593,80.0136,100.0,1.457,14.8455,79.7421,76.7238,0.0,59.985,5.8897,No,0.0,0.0058,-0.0284,Poor,Medium,0.1936,10.0,10.0,27.2723,Moderate Risk,60.9904,77.901,34.024,Moderate Misalignment,93.0765,38.4329,Separated Traffic,Rural,8.0551,True,Residential,Poor Infrastructure | Above Human Tolerance Limit,-0.0045,,False,78.1259,0.0103,-0.0113,Moderate Misalignment,79,Unnamed Road,2395
4091,Unnamed Road,Urban Road,URB-04091,4091,13.0393,77.6252,13.0382,77.6259,151.0,1636.4,1636.551,39.0689,Moderate Misalignment,0.984,-0.0224,0.9986,0.0363,0.0047,45.3339,44.3151,86.2827,39.5474,41.4138,48.4449,99.8745,0.0,39.8068,42.3444,No,0.0,-0.0055,1.0069,Good,High,1.8093,10.0,15.8484,27.2662,Moderate Risk,69.6924,45.3499,27.7283,Moderate Misalignment,47.1749,59.8191,Side Impact Potential,Urban,6.0034,True,Industrial,Meets Safe System Standards,-0.0132,,False,38.0805,-0.0049,-0.002,Moderate Misalignment,44,Unnamed Road,2396
4092,Unnamed Road,Urban Road,URB-04092,4092,13.0418,77.5489,13.0394,77.5499,487.9,1636.8,1637.288,10.013,Aligned,0.9891,0.9553,0.0345,-0.0071,0.0018,19.7818,19.3273,32.5596,6.8998,18.0332,50.3913,92.9897,0.2262,21.3215,4.9934,No,0.0,0.0015,0.0261,Poor,High,3.1511,10.0,10.2329,20.8159,Safe,70.1665,19.6189,18.2585,Aligned,19.7616,54.4587,Side Impact Potential,Peri-Urban,1.9144,False,Residential,Poor Infrastructure,0.014,,False,15.6605,-0.0237,0.0012,Aligned,17,Unnamed Road,2397
4093,Unnamed Road,Urban Road,URB-04093,4093,13.0365,77.5104,13.0385,77.5045,765.7,1637.2,1637.966,13.5665,Aligned,0.9804,0.9641,0.0349,-0.0132,-0.0066,44.6249,41.8356,70.0805,12.645,29.7285,49.8129,75.3661,5.0325,49.6281,16.6663,No,0.0,-0.0064,0.054,Good,Medium,2.1618,10.0,10.0888,24.8626,Moderate Risk,69.2037,42.8001,21.521,Aligned,42.8549,66.7767,Side Impact Potential,Urban,3.0018,False,Industrial,Poor Infrastructure,0.1794,Light,False,33.6842,1.0001,-0.016,Aligned,46,Unnamed Road,2398
4094,Unnamed Road,Urban Road,URB-04094,4094,12.9932,77.5015,12.9934,77.5008,76.6,1637.6,1637.677,33.2823,Moderate Misalignment,0.7915,0.2338,0.79,0.0208,0.0084,56.798,58.2044,78.9552,12.4161,19.4107,69.2804,93.3084,0.0615,52.2648,5.8325,No,0.0,0.0067,0.0167,Good,High,1.5286,10.0,16.7318,24.4899,Safe,65.5076,59.4157,25.7446,Moderate Misalignment,58.2228,54.6316,Separated Traffic,Urban,2.1185,True,Mixed,Poor Infrastructure,0.1279,Light,False,44.522,0.021,-0.0068,Moderate Misalignment,58,Unnamed Road,2399
4095,Unnamed Road,Urban Road,URB-04095,4095,12.9935,77.5002,12.9934,77.5008,66.4,1638.0,1638.066,8.1858,Aligned,0.9757,0.9435,0.0724,-0.0041,-0.0023,39.6431,38.7817,83.6408,31.4945,45.1229,50.7655,70.8654,0.4901,51.3926,42.2636,No,0.0,-0.0052,1.0363,Poor,Low,1.8649,10.0,10.2562,27.6555,Moderate Risk,71.3199,39.3957,26.3134,Aligned,38.5941,67.0917,Side Impact Potential,Urban,4.8374,True,Residential,Poor Infrastructure,0.1303,Light,False,30.6983,0.0004,0.0082,Aligned,41,Unnamed Road,2400
4096,Unnamed Road,Urban Road,URB-04096,4096,12.9924,77.4944,12.9936,77.4946,129.9,1638.4,1638.53,17.5664,Aligned,0.685,0.6728,0.3031,-0.01,0.0019,39.3106,38.5901,49.6956,9.5133,21.8089,50.3088,91.3124,0.3261,28.6797,11.3055,No,0.0,-0.0007,-0.0021,Good,High,2.5304,10.0,29.1946,26.2486,Moderate Risk,65.0415,39.9681,27.5466,Moderate Misalignment,39.2967,53.2901,Side Impact Potential,Peri-Urban,2.9427,False,Mixed,Poor Infrastructure,0.0017,,False,35.8146,-0.0017,-0.0002,Aligned,37,Unnamed Road,2401
4097,Unnamed Road,Urban Road,URB-04097,4097,12.9939,77.4947,12.9936,77.4946,38.6,1638.8,1638.839,38.5169,Moderate Misalignment,0.9378,0.0645,0.9198,0.0083,-0.0028,80.8115,80.2457,100.0,1.5101,15.3119,79.6377,94.0026,0.5782,60.0,2.3794,No,0.0,0.0023,-0.0009,Poor,Medium,0.1306,10.0,12.8719,25.675,Moderate Risk,62.793,79.6853,28.4372,Moderate Misalignment,90.4046,45.2813,Separated Traffic,Rural,5.9398,True,Industrial,Poor Infrastructure,0.0073,,False,82.1116,-0.0007,0.0099,Moderate Misalignment,82,Unnamed Road,2402
4098,Unnamed Road,Urban Road,URB-04098,4098,12.9921,77.4943,12.9924,77.4944,30.9,1639.2,1639.231,10.5539,Aligned,1.0051,1.0171,0.0208,-0.014,0.0008,18.1226,19.7425,28.5595,6.8405,18.7755,49.4859,92.4482,0.0,20.1616,9.2069,No,0.0,-0.0029,-0.0341,Poor,Low,1.3983,10.0,10.3754,21.2674,Safe,70.8681,19.3124,19.311,Aligned,19.4141,48.3086,Side Impact Potential,Rural,1.365,False,Mixed,Poor Infrastructure,0.117,Light,False,10.6376,0.0074,0.0059,Aligned,17,Unnamed Road,2403
4099,Unnamed Road,Urban Road,URB-04099,4099,12.9957,77.502,12.9949,77.5018,95.7,1639.6,1639.696,15.5521,Aligned,0.8608,0.8449,0.1666,0.0058,-0.0023,38.5586,36.473,82.0658,28.0763,27.8799,50.5568,91.4087,0.024,39.9157,19.6625,No,0.0,-0.0027,-0.0266,Good,Low,1.875,10.0,10.0,21.9524,Safe,75.0068,36.7241,19.7174,Aligned,36.8637,56.5692,Side Impact Potential,Urban,6.1716,False,Industrial,Poor Infrastructure,0.0201,,False,32.0533,0.0063,0.0077,Aligned,38,Unnamed Road,2404
4100,Unnamed Road,Urban Road,URB-04100,4100,12.9957,77.502,12.9958,77.5017,34.6,1640.0,1640.035,9.6641,Aligned,0.9823,1.0089,-0.0302,0.0136,-0.006,18.5829,20.2554,27.1186,10.6804,19.2414,49.0674,91.7869,0.0,20.1836,12.3925,No,0.0,0.0038,0.0199,Good,Medium,2.2189,10.0,10.0,21.4322,Safe,70.8861,17.7575,17.3665,Aligned,15.6103,48.4549,Side Impact Potential,Peri-Urban,1.0153,False,Industrial,Poor Infrastructure,0.0071,,False,14.9841,0.0261,-0.0002,Aligned,18,Unnamed Road,2405
4101,Unnamed Road,Urban Road,URB-04101,4101,12.9957,77.502,12.9958,77.5025,54.9,1640.4,1640.455,9.6433,Aligned,0.9934,0.9773,-0.0318,0.0306,0.0025,32.8419,34.5555,71.7754,49.9723,33.4619,50.7331,69.4919,0.0,51.8532,25.1752,No,0.0,-0.0041,-0.0548,Poor,Low,2.1467,10.0,10.0,20.5813,Safe,78.8833,35.3045,16.2985,Aligned,37.3428,60.2534,Side Impact Potential,Urban,2.9751,False,Residential,Meets Safe System Standards,-0.0122,,False,31.3237,-0.0037,-0.0207,Aligned,35,Unnamed Road,2406
4102,Unnamed Road,Urban Road,URB-04102,4102,12.9958,77.5017,12.9958,77.5013,41.6,1640.8,1640.842,37.6664,Moderate Misalignment,0.8887,0.0738,0.8776,0.0399,-0.0032,31.8777,32.1311,69.5757,31.1565,47.1919,30.7471,83.0403,0.1093,40.1142,45.8804,No,0.0,0.0084,1.0151,Good,Medium,2.0327,10.0,10.0,33.1295,Moderate Risk,63.0941,30.971,38.0947,Moderate Misalignment,40.6421,69.4005,Significant Pedestrian Interaction,Urban,2.1016,False,Mixed,High Pedestrian Interaction | Poor Infrastructure | Above Human Tolerance Limit,0.2051,Light,False,29.846,-0.0072,0.0178,Moderate Misalignment,32,Unnamed Road,2407
4103,Unnamed Road,Urban Road,URB-04103,4103,12.997,77.4981,12.9971,77.4978,28.2,1641.2,1641.228,11.7986,Aligned,0.9316,0.9495,0.0299,-0.012,0.0166,36.276,36.3648,86.3235,24.9532,31.7419,51.6158,52.4017,0.2653,39.8056,24.9109,No,0.0,0.0072,-0.0398,Poor,High,2.4725,10.0,10.0,23.56,Safe,72.3742,35.1579,21.1073,Aligned,35.9033,59.5749,Side Impact Potential,Urban,5.9761,True,Residential,Active Congestion | Poor Infrastructure,0.808,Severe,False,10.0,0.0035,-0.0016,Aligned,37,Unnamed Road,2408
4104,Unnamed Road,Urban Road,URB-04104,4104,12.9968,77.4985,12.997,77.4981,46.7,1641.6,1641.647,25.6831,Moderate Misalignment,0.5145,0.4703,0.5199,-0.0,0.0056,73.2183,75.6203,99.0878,1.6167,14.609,77.9949,66.1944,0.2481,60.0,2.7229,No,0.0,-0.0025,0.0372,Poor,Low,0.3655,10.0,10.2094,26.0409,Moderate Risk,61.6186,72.3876,31.566,Moderate Misalignment,73.7778,42.6783,Separated Traffic,Rural,5.1083,True,Residential,Poor Infrastructure | Above Human Tolerance Limit,-0.0026,,False,65.1437,-0.0159,0.0016,Moderate Misalignment,74,Unnamed Road,2409
4105,Unnamed Road,Urban Road,URB-04105,4105,12.9972,77.4975,12.9971,77.4978,31.0,1642.0,1642.031,9.9664,Aligned,0.9849,0.9381,0.0144,-0.003,0.0027,18.3646,20.5626,31.2655,6.7866,19.4635,50.4831,91.4946,0.0107,21.6836,6.0294,No,0.0,-0.0028,0.0072,Poor,High,3.0598,10.0,10.0,21.5442,Safe,71.3883,15.3957,18.4929,Aligned,16.2337,53.6539,Side Impact Potential,Peri-Urban,1.9585,False,Residential,Poor Infrastructure,-0.0147,,False,16.0582,-0.0116,0.0168,Aligned,17,Unnamed Road,2410
4106,Unnamed Road,Urban Road,URB-04106,4106,12.9947,77.4952,12.9944,77.495,38.7,1642.4,1642.439,67.1479,High Misalignment,0.7648,0.046,0.2169,0.7611,0.001,29.2174,31.6701,78.6261,51.3741,49.825,31.1218,91.7773,0.0,39.7074,67.2341,No,0.0,-0.0004,0.9935,Poor,Medium,1.9081,10.0,10.1532,33.5204,Moderate Risk,67.8387,30.0328,40.1159,Moderate Misalignment,39.7759,58.8746,Significant Pedestrian Interaction,Urban,1.9729,True,Commercial,High Pedestrian Interaction | Above Human Tolerance Limit,0.1262,Light,False,31.8172,0.0203,-0.0126,High Misalignment,29,Unnamed Road,2411
4107,Unnamed Road,Urban Road,URB-04107,4107,12.9947,77.4952,12.995,77.4953,31.0,1642.8,1642.831,67.0587,High Misalignment,0.798,0.0074,0.2173,0.7832,0.0017,28.1502,30.599,80.2356,51.4136,49.8944,27.1891,69.6252,0.0,58.3511,60.0395,No,0.0,-0.0039,1.0295,Good,Medium,1.8123,10.0,10.0,42.7528,Moderate Risk,53.6456,30.063,61.5173,High Misalignment,47.1369,59.9608,Significant Pedestrian Interaction,Urban,1.7848,True,Mixed,Speed Limit Misaligned | High Pedestrian Interaction | Above Human Tolerance Limit,-0.0164,,False,41.1592,-0.0069,0.0038,High Misalignment,30,Unnamed Road,2412
4108,Unnamed Road,Urban Road,URB-04108,4108,12.9919,77.4943,12.9921,77.4943,32.3,1643.2,1643.232,26.8329,Moderate Misalignment,0.61,0.3744,0.5795,-0.0057,0.0051,29.5739,29.3869,54.399,31.3944,36.2976,52.2297,95.0873,0.3306,29.676,31.1241,No,0.0,-0.0059,0.978,Good,Medium,2.6737,10.0,10.0,25.2097,Safe,73.3592,28.9508,20.4239,Aligned,29.4785,63.7834,Side Impact Potential,Urban,3.8885,False,Mixed,Poor Infrastructure,-0.0157,,False,25.6451,0.0053,0.0013,Moderate Misalignment,29,Unnamed Road,2413
4109,Unnamed Road,Urban Road,URB-04109,4109,12.9952,77.4955,12.995,77.4953,36.3,1643.6,1643.636,14.4384,Aligned,0.8261,0.87,0.1447,0.019,-0.0068,71.975,70.8865,99.379,8.4036,19.2733,80.0361,73.0517,0.0,60.0,12.1343,No,0.0,0.0014,-0.0364,Good,Medium,0.3867,10.0,10.0,22.0407,Safe,70.7485,71.8269,18.7973,Aligned,74.2725,41.2517,Separated Traffic,Rural,4.1714,True,Residential,Poor Infrastructure,0.0205,,False,60.3299,0.0139,0.0071,Aligned,70,Unnamed Road,2414
4110,Unnamed Road,Urban Road,URB-04110,4110,12.9952,77.4955,12.9955,77.4956,30.8,1644.0,1644.031,38.2424,Moderate Misalignment,0.9244,0.1256,0.911,0.0197,0.0082,47.6477,45.7083,86.9648,12.9903,26.6261,70.6342,92.9705,0.0906,39.0255,12.7447,No,0.0,0.0061,0.0532,Poor,Medium,1.5548,10.0,15.1553,25.5898,Moderate Risk,66.9026,46.2335,25.7901,Moderate Misalignment,47.0617,58.4898,Separated Traffic,Urban,4.72,True,Commercial,Poor Infrastructure,0.1786,Light,False,37.1576,0.0058,0.006,Moderate Misalignment,47,Unnamed Road,2415
4111,Unnamed Road,Urban Road,URB-04111,4111,12.9958,77.5013,12.9959,77.5009,41.3,1644.4,1644.441,11.1645,Aligned,0.9433,0.9659,0.072,-0.0049,0.0121,20.0185,19.9595,52.4671,10.0013,23.6332,49.517,78.879,0.03,30.7474,18.9417,No,0.0,0.0012,-0.0218,Poor,Medium,1.612,10.0,10.0595,23.1731,Safe,70.5477,18.9566,17.0258,Aligned,20.2252,45.8318,Side Impact Potential,Rural,2.1332,False,Industrial,Poor Infrastructure,0.135,Light,False,17.1852,0.0161,-0.0058,Aligned,21,Unnamed Road,2416
4112,Unnamed Road,Urban Road,URB-04112,4112,12.9959,77.5005,12.9959,77.5009,49.8,1644.8,1644.85,31.3497,Moderate Misalignment,0.7939,0.2017,0.7952,0.0153,0.0097,51.5465,50.0557,53.881,34.7508,44.4687,52.2827,95.1166,0.2085,39.3798,50.5662,No,0.0,0.0009,1.0137,Good,Medium,1.9691,10.0,29.24,32.57,Moderate Risk,64.3285,49.215,37.9005,Moderate Misalignment,53.6343,62.0742,Side Impact Potential,Peri-Urban,2.2628,False,Residential,Poor Infrastructure,-0.0246,,False,43.8437,-0.0057,0.0129,Moderate Misalignment,51,Unnamed Road,2417
4113,Unnamed Road,Urban Road,URB-04113,4113,12.9974,77.4969,12.9973,77.4973,42.1,1645.2,1645.242,24.0585,Aligned,0.6036,0.6344,0.3377,0.063,-0.0018,67.714,67.93,99.4345,23.1727,26.801,80.1193,41.7713,0.2922,60.0,21.2346,No,0.0,0.0109,0.9671,Good,Low,0.4371,10.0,10.0,27.3949,Moderate Risk,65.8779,66.7243,32.5683,Moderate Misalignment,68.3956,54.3155,Separated Traffic,Peri-Urban,4.9521,True,Residential,Poor Infrastructure | Above Human Tolerance Limit,0.1526,Light,False,52.8337,0.0112,-0.0068,Aligned,66,Unnamed Road,2418
4114,Unnamed Road,Urban Road,URB-04114,4114,12.9974,77.4969,12.9967,77.4964,98.7,1645.6,1645.699,17.0513,Aligned,0.803,0.7783,0.1416,-0.0213,0.0054,41.4052,41.602,56.0922,32.8041,29.2814,49.9354,95.1278,0.2612,41.0999,22.2271,No,0.0,-0.0005,-0.0319,Poor,Medium,1.994,10.0,10.0,21.4599,Safe,74.4424,41.6987,21.2325,Aligned,40.4417,56.3944,Side Impact Potential,Peri-Urban,4.4041,False,Industrial,Meets Safe System Standards,-0.0109,,False,37.4093,0.0038,-0.0103,Aligned,41,Unnamed Road,2419
4115,Unnamed Road,Urban Road,URB-04115,4115,12.9894,77.4939,12.9889,77.4939,50.9,1646.0,1646.051,69.9178,High Misalignment,0.8147,-0.0322,0.1996,0.8289,0.0022,49.8914,48.5401,99.1336,0.0,17.3015,51.0682,86.0594,0.1558,58.9107,5.4957,No,0.0,0.0079,0.073,Poor,Low,0.1912,10.0,30.8635,47.1263,Moderate Risk,29.9277,49.1539,83.8535,Critical Misalignment,104.8607,44.6233,Side Impact Potential,Rural,5.831,False,Mixed,Speed Limit Misaligned | Poor Infrastructure | Above Human Tolerance Limit,0.0273,,False,89.6978,-0.0007,-0.0063,High Misalignment,51,Unnamed Road,2420
4116,Unnamed Road,Urban Road,URB-04116,4116,12.9889,77.4939,12.9882,77.4938,81.6,1646.4,1646.482,9.7863,Aligned,0.9807,0.9774,0.0204,-0.0035,-0.0071,27.5657,26.9555,30.2072,3.5725,14.7802,47.8709,79.239,0.114,21.8193,6.2088,No,0.0,-0.0153,0.098,Poor,Medium,2.449,10.0,34.2907,23.3134,Safe,66.5054,28.063,23.5941,Aligned,26.6854,38.605,Side Impact Potential,Rural,1.8649,False,Residential,Active Congestion | Poor Infrastructure,0.7454,Severe,False,10.5636,-0.0018,0.0011,Aligned,27,Unnamed Road,2421
4117,Unnamed Road,Urban Road,URB-04117,4117,12.9921,77.4993,12.9915,77.4993,63.6,1646.8,1646.864,11.5493,Aligned,0.9612,0.9287,0.0416,-0.0241,0.0008,32.6144,33.1658,74.9138,0.0,24.7924,51.0066,69.5123,0.2551,49.9566,15.419,No,0.0,0.0069,0.0103,Poor,Medium,1.6209,10.0,10.0,24.1346,Safe,67.6553,34.8468,21.5454,Aligned,33.0769,55.7536,Side Impact Potential,Peri-Urban,4.0326,False,Residential,Poor Infrastructure,-0.0298,,False,30.8681,0.0065,-0.0011,Aligned,32,Unnamed Road,2422
4118,Unnamed Road,Urban Road,URB-04118,4118,12.9921,77.4993,12.9927,77.4993,66.0,1647.2,1647.266,23.941,Aligned,0.5867,0.5688,0.3872,0.0008,-0.0051,47.5118,49.3077,85.5864,22.5492,25.4543,50.4265,86.8472,0.0,50.2673,12.2554,No,0.0,0.0096,0.0159,Good,Low,2.1117,10.0,34.3569,28.7126,Moderate Risk,61.5723,50.1639,36.6865,Moderate Misalignment,64.7739,65.3082,Side Impact Potential,Urban,4.8666,True,Commercial,Poor Infrastructure,-0.014,,False,58.7489,-0.0096,-0.0009,Aligned,49,Unnamed Road,2423
4119,Unnamed Road,Urban Road,URB-04119,4119,12.9915,77.4993,12.9902,77.4994,152.0,1647.6,1647.752,33.3786,Moderate Misalignment,0.7893,0.1601,0.7927,-0.0119,0.0093,50.0308,50.1135,87.1131,0.1779,29.3973,50.8607,93.4855,0.2419,51.7434,15.1825,No,0.0,0.0002,-0.0799,Good,High,1.8951,10.0,22.0809,31.2861,Moderate Risk,59.6764,50.2122,34.1817,Moderate Misalignment,61.9879,68.0163,Side Impact Potential,Urban,4.8656,True,Commercial,Poor Infrastructure,-0.0194,,False,55.68,0.0067,-0.0001,Moderate Misalignment,49,Unnamed Road,2424
4120,Unnamed Road,Urban Road,URB-04120,4120,12.9967,77.4987,12.9968,77.4985,30.6,1648.0,1648.031,11.4325,Aligned,0.9977,0.991,-0.0265,0.0095,-0.0049,19.6385,20.9638,27.3376,10.0051,18.8285,48.5794,76.7168,0.2005,39.6371,2.7923,No,0.0,0.0024,0.0063,Poor,High,3.1685,10.0,10.2622,20.4846,Safe,70.5077,20.2043,17.0109,Aligned,21.6051,50.771,Side Impact Potential,Peri-Urban,1.1597,False,Residential,Poor Infrastructure,0.2043,Light,False,15.7692,-0.01,0.017,Aligned,19,Unnamed Road,2425
4121,Unnamed Road,Urban Road,URB-04121,4121,12.9909,77.4942,12.9906,77.4941,34.0,1648.4,1648.434,19.1988,Aligned,0.7399,0.7402,0.2577,0.0029,0.0114,45.2523,40.5804,56.8252,1.404,17.4996,49.5128,100.0,0.1908,39.6767,10.0837,No,0.0,0.0008,-0.0663,Poor,Medium,0.7402,10.0,10.0,23.585,Safe,66.878,41.4153,22.5579,Aligned,43.5646,40.0234,Side Impact Potential,Rural,4.2856,False,Industrial,Poor Infrastructure,-0.006,,False,40.3473,0.0032,0.0022,Aligned,46,Unnamed Road,2426