segment_id,road_name,road_type,human_segment_id,internal_id,start_lat,start_lon,end_lat,end_lon,length_m,start_km,end_km,road_risk_score,ai_risk_label,ai_risk_probability,prob_low_risk,prob_medium_risk,prob_high_risk,prob_critical_risk,ai_recommended_speed,recommended_safe_speed,road_function_score,infrastructure_score,exposure_score,human_tolerance_limit,operating_speed_score,crash_risk_score,posted_speed_limit,pedestrian_exposure_score,blackspot_flag,crash_count,fatal_crashes,schools_count,lighting_quality,roadside_hazards,intersection_density,speed_compliance_rate,speed_violation_score,hotspot_score,hotspot_category,speed_safety_score,original_safe_speed,misalignment_score,misalignment_category,speed_p85,ptw_share_pct,exposure_tier,urban_rural_flag,lane_count,median_presence,land_use_type,top_ai_factors,congestion_index,congestion_category,congestion_smoothed,operating_speed_mean,minor_crashes,major_crashes,risk_category,final_safe_speed,corridor_base,corridor_seq
4122,Unnamed Road,Urban Road,URB-04122,4122,12.9912,77.4942,12.9909,77.4942,32.7,1648.8,1648.833,10.2539,Aligned,0.97,0.9386,0.0289,-0.0182,-0.0111,19.9675,18.8177,29.3789,19.4103,13.6617,50.068,91.4187,0.4832,39.4007,10.1092,No,0.0,-0.0056,-0.0257,Poor,Low,1.2369,10.0,10.3187,18.557,Safe,73.8095,21.2134,15.2177,Aligned,21.2111,34.28,Side Impact Potential,Rural,1.8386,False,Residential,Poor Infrastructure,0.1366,Light,False,16.9823,-0.0074,-0.0092,Aligned,18,Unnamed Road,2427
4123,Unnamed Road,Urban Road,URB-04123,4123,12.9897,77.494,12.9906,77.4941,110.3,1649.2,1649.31,38.4167,Moderate Misalignment,0.9752,-0.0307,0.9513,0.002,-0.0053,80.7452,79.1691,97.4353,0.759,15.9038,81.0652,98.6643,0.1439,59.6384,9.3611,No,0.0,-0.0037,-0.0374,Poor,Medium,0.0473,10.0,27.0487,29.9556,Moderate Risk,56.3034,80.8594,40.4888,Moderate Misalignment,99.9097,33.8128,Separated Traffic,Rural,6.152,True,Industrial,Poor Infrastructure,0.1369,Light,False,78.5796,-0.0079,0.0091,Moderate Misalignment,81,Unnamed Road,2428
4124,Unnamed Road,Urban Road,URB-04124,4124,12.9939,77.4947,12.9942,77.4949,38.8,1649.6,1649.639,39.2155,Moderate Misalignment,0.8915,0.0501,0.9071,0.0508,0.0088,48.6521,46.2669,100.0,53.1543,41.673,48.5828,69.5951,0.0,60.0,40.107,No,0.0,-0.0012,1.0293,Poor,Medium,0.4633,10.0,10.0,28.3618,Moderate Risk,71.2676,48.4924,34.0347,Moderate Misalignment,48.5959,61.7995,Side Impact Potential,Urban,5.0288,True,Commercial,Above Human Tolerance Limit,-0.0063,,False,41.7417,-0.0036,-0.0105,Moderate Misalignment,47,Unnamed Road,2429
4125,Unnamed Road,Urban Road,URB-04125,4125,12.9902,77.4994,12.9899,77.4994,24.6,1650.0,1650.025,10.6227,Aligned,1.001,1.0311,0.0224,0.0002,0.001,23.2315,21.5766,47.9038,0.0,17.1631,51.1481,79.3108,0.184,38.7603,5.312,No,0.0,0.0173,0.0451,Poor,High,2.1033,10.0,10.0,22.2205,Safe,69.2327,22.1635,18.3499,Aligned,23.5539,50.2294,Side Impact Potential,Peri-Urban,1.9703,False,Residential,Poor Infrastructure,-0.0217,,False,18.7617,0.0176,0.0023,Aligned,23,Unnamed Road,2430
4126,Unnamed Road,Urban Road,URB-04126,4126,12.9889,77.4994,12.9899,77.4994,115.8,1650.4,1650.516,18.2487,Aligned,0.7692,0.8133,0.1811,0.0532,0.002,69.5707,70.8907,99.1438,0.0,13.082,79.9158,79.6523,0.5175,60.0,5.6278,No,0.0,0.0019,-0.0134,Good,Low,0.2787,10.0,10.0,20.0508,Safe,69.6071,67.7855,17.1315,Aligned,69.2586,34.0067,Separated Traffic,Rural,5.9567,True,Mixed,Poor Infrastructure,0.0127,,False,57.5352,0.0013,-0.0173,Aligned,69,Unnamed Road,2431
4127,Unnamed Road,Urban Road,URB-04127,4127,12.9961,77.5,12.9963,77.4996,56.4,1650.8,1650.856,38.2672,Moderate Misalignment,0.923,0.0696,0.905,0.0256,-0.0062,79.3336,79.9227,97.232,10.1102,21.7957,81.1239,10.0,0.188,60.0,5.4143,No,0.0,0.0022,0.0541,Poor,Medium,0.3653,10.0,10.3142,26.8643,Moderate Risk,62.7791,79.2229,31.3183,Moderate Misalignment,78.3792,59.6802,Separated Traffic,Peri-Urban,8.1758,True,Mixed,Active Congestion | Poor Infrastructure | Above Human Tolerance Limit,0.6719,Severe,False,25.3912,-0.0093,0.0036,Moderate Misalignment,79,Unnamed Road,2432
4128,Unnamed Road,Urban Road,URB-04128,4128,12.9961,77.5,12.9959,77.5005,50.8,1651.2,1651.251,15.0589,Aligned,0.8754,0.9098,0.0823,-0.0127,-0.0028,31.0576,29.003,27.219,32.7916,38.7923,30.6033,94.6578,0.5391,29.9772,42.2622,No,0.0,0.0062,2.0146,Poor,Medium,2.4725,10.0,10.2821,26.0369,Moderate Risk,72.3507,26.1826,23.0514,Aligned,29.6335,54.6353,Significant Pedestrian Interaction,Peri-Urban,1.1204,False,Residential,High Pedestrian Interaction | Poor Infrastructure,-0.0256,,False,30.9909,0.0177,-0.0013,Aligned,32,Unnamed Road,2433
4129,Unnamed Road,Urban Road,URB-04129,4129,12.9963,77.4996,12.9966,77.4991,61.4,1651.6,1651.661,41.1678,Moderate Misalignment,0.9718,0.0453,0.9758,0.0097,-0.0052,80.7295,80.4375,97.848,0.3049,14.753,80.1376,93.2903,0.1352,60.0,6.1919,No,0.0,0.0019,0.0071,Poor,Medium,0.2024,10.0,30.0483,30.1611,Moderate Risk,55.1185,78.6337,42.1429,Moderate Misalignment,104.2608,35.881,Separated Traffic,Rural,7.9217,True,Residential,Poor Infrastructure,0.0106,,False,85.0034,0.0024,-0.0078,Moderate Misalignment,78,Unnamed Road,2434
4130,Unnamed Road,Urban Road,URB-04130,4130,12.9932,77.4995,12.9929,77.4994,26.7,1652.0,1652.027,39.5398,Moderate Misalignment,0.9228,0.0364,0.9046,0.0199,-0.0111,32.1651,30.4538,51.3252,66.1211,53.0539,31.2107,81.5721,0.1743,59.0656,66.3587,No,0.0,-0.0054,0.9993,Good,Medium,2.9114,10.0,10.0,36.017,Moderate Risk,64.221,28.4889,49.011,Moderate Misalignment,43.0276,64.2019,Significant Pedestrian Interaction,Urban,3.1344,False,Industrial,High Pedestrian Interaction | Above Human Tolerance Limit,-0.0036,,False,38.6678,0.0097,0.0115,Moderate Misalignment,32,Unnamed Road,2435
4131,Unnamed Road,Urban Road,URB-04131,4131,12.9932,77.4995,12.9936,77.4996,44.6,1652.4,1652.445,16.934,Aligned,0.7986,0.792,0.1856,0.0146,0.0071,52.8193,54.4924,100.0,27.4259,36.0263,80.0165,48.0052,0.0,59.1993,30.923,No,0.0,-0.0043,1.0466,Good,High,0.5789,10.0,10.2418,24.727,Safe,71.8594,55.0382,22.2335,Aligned,52.0047,68.3774,Separated Traffic,Urban,4.0422,True,Residential,Poor Infrastructure,-0.0071,,False,45.9911,-0.003,0.023,Aligned,54,Unnamed Road,2436
4132,Unnamed Road,Urban Road,URB-04132,4132,12.9929,77.4994,12.9927,77.4993,31.3,1652.8,1652.831,36.076,Moderate Misalignment,0.8813,0.1075,0.8729,0.0147,0.0193,24.1298,28.1931,26.5132,56.8152,40.6018,30.2604,100.0,0.0,40.1814,49.6266,No,0.0,0.0063,2.9738,Poor,High,2.5604,10.0,31.0604,24.8038,Moderate Risk,75.4336,25.1024,27.7859,Moderate Misalignment,26.6403,56.8358,Significant Pedestrian Interaction,Peri-Urban,1.169,False,Industrial,High Pedestrian Interaction,-0.0035,,False,20.7915,0.0013,0.0032,Moderate Misalignment,28,Unnamed Road,2437
4133,Unnamed Road,Urban Road,URB-04133,4133,12.9936,77.4996,12.9935,77.5002,73.5,1653.2,1653.274,9.5551,Aligned,0.9905,1.0002,0.0218,0.0095,-0.0094,49.5156,48.7619,77.4211,33.6965,28.7105,50.361,81.3065,0.3695,49.0184,17.9577,No,0.0,-0.0023,-0.0019,Good,Medium,1.5769,10.0,10.0,21.4284,Safe,75.4711,49.7282,20.5469,Aligned,53.6531,61.231,Side Impact Potential,Urban,5.0533,False,Residential,Poor Infrastructure,0.2274,Light,False,35.9039,-0.0042,0.008,Aligned,50,Unnamed Road,2438
4134,Unnamed Road,Urban Road,URB-04134,4134,12.9937,77.5016,12.994,77.5017,27.9,1653.6,1653.628,72.6938,High Misalignment,0.8829,-0.0077,0.1618,0.8693,-0.0006,30.2233,30.9015,87.5486,36.1869,47.8089,29.1436,97.2097,0.4925,41.3857,49.9836,No,0.0,0.0029,0.9208,Poor,Low,2.0293,10.0,34.0695,39.6221,Moderate Risk,56.3014,31.5559,52.6979,High Misalignment,53.4141,67.7132,Significant Pedestrian Interaction,Urban,5.8093,True,Residential,Speed Limit Misaligned | High Pedestrian Interaction | Above Human Tolerance Limit,0.1643,Light,False,41.0002,-0.0047,0.0149,High Misalignment,31,Unnamed Road,2439
4135,Unnamed Road,Urban Road,URB-04135,4135,12.9932,77.5015,12.9937,77.5016,55.6,1654.0,1654.056,10.5373,Aligned,0.9816,1.0025,0.0103,0.0004,-0.0048,35.3213,36.716,28.3057,16.8497,17.9329,50.3915,85.9504,0.0,37.8101,6.7836,No,0.0,-0.0045,0.0006,Poor,Low,3.9098,10.0,10.456,19.7625,Safe,72.6227,36.404,15.9296,Aligned,38.2567,49.4515,Side Impact Potential,Peri-Urban,0.8414,False,Mixed,Poor Infrastructure,-0.0281,,False,30.2525,-0.0171,-0.0136,Aligned,39,Unnamed Road,2440
4136,Unnamed Road,Urban Road,URB-04136,4136,12.9943,77.5017,12.994,77.5017,32.4,1654.4,1654.432,38.6126,Moderate Misalignment,0.9237,0.105,0.9131,-0.0111,-0.0043,24.4667,24.3918,29.1127,0.2155,24.7559,52.3408,97.3983,0.0,22.381,11.0147,No,0.0,0.0072,-0.0984,Good,Medium,3.0211,10.0,19.6644,26.6961,Moderate Risk,64.7972,23.0088,25.0243,Moderate Misalignment,20.5843,61.6758,Side Impact Potential,Peri-Urban,0.9474,False,Commercial,Poor Infrastructure,0.117,Light,False,17.5362,0.0013,-0.0004,Moderate Misalignment,26,Unnamed Road,2441
4137,Unnamed Road,Urban Road,URB-04137,4137,12.9958,77.4958,12.996,77.496,35.6,1654.8,1654.836,12.804,Aligned,0.9116,0.9108,0.1233,0.0053,-0.0011,60.1563,58.9214,100.0,11.4794,23.4272,81.7768,66.3403,0.1442,60.0,14.0424,No,0.0,-0.0088,0.0026,Good,Low,0.3761,10.0,10.0,22.2415,Safe,70.9223,60.1416,20.9077,Aligned,62.9878,52.8033,Separated Traffic,Peri-Urban,6.002,True,Residential,Poor Infrastructure,0.1781,Light,False,47.7659,-0.015,0.0071,Aligned,61,Unnamed Road,2442
4138,Unnamed Road,Urban Road,URB-04138,4138,12.996,77.496,12.9963,77.4962,32.7,1655.2,1655.233,41.6833,Moderate Misalignment,0.882,0.0361,0.9342,0.0851,-0.0106,42.7712,44.5264,99.7178,0.9045,13.4986,46.897,29.114,0.0,60.0,1.5726,No,0.0,0.0037,-0.0528,Poor,Medium,0.1823,10.0,10.0161,25.1243,Moderate Risk,61.9968,43.3638,30.0265,Moderate Misalignment,42.4497,38.3739,Side Impact Potential,Rural,5.1852,False,Residential,Active Congestion | Poor Infrastructure | Above Human Tolerance Limit,0.7223,Severe,False,13.1956,0.0178,-0.0071,Moderate Misalignment,43,Unnamed Road,2443
4139,Unnamed Road,Urban Road,URB-04139,4139,12.9958,77.4958,12.9955,77.4956,36.8,1655.6,1655.637,41.2779,Moderate Misalignment,0.9214,0.0225,0.9307,0.0814,0.0019,80.2193,80.2224,98.3146,22.3061,20.803,81.042,97.3186,0.343,60.0,12.3671,No,0.0,0.0042,-0.0135,Poor,High,0.4622,10.0,16.0739,24.8553,Moderate Risk,65.3905,80.3619,31.4074,Moderate Misalignment,91.2266,51.061,Separated Traffic,Peri-Urban,8.2221,True,Residential,Poor Infrastructure,-0.0052,,False,77.8967,0.0214,-0.0102,Moderate Misalignment,81,Unnamed Road,2444
4140,Unnamed Road,Urban Road,URB-04140,4140,12.9877,77.4939,12.9882,77.4938,48.7,1656.0,1656.049,11.3592,Aligned,0.9669,0.9575,0.06,-0.002,-0.0001,31.4238,27.7031,31.1527,1.0834,18.2437,48.6344,93.59,0.3017,28.3009,2.9148,No,0.0,0.0017,0.0164,Poor,Low,3.2965,10.0,10.3585,22.9258,Safe,67.368,31.5222,20.4539,Aligned,33.4453,54.7505,Side Impact Potential,Peri-Urban,1.9619,False,Residential,Poor Infrastructure,-0.0067,,False,29.3969,-0.0045,-0.0148,Aligned,32,Unnamed Road,2445
4141,Unnamed Road,Urban Road,URB-04141,4141,12.9949,77.5018,12.9946,77.5018,30.4,1656.4,1656.43,37.6442,Moderate Misalignment,0.896,0.1032,0.8905,0.0089,-0.0076,37.688,38.0602,50.2268,18.9862,26.8079,49.5394,100.0,0.1844,29.5337,18.0748,No,0.0,-0.0023,-0.0195,Good,Low,1.9884,10.0,22.2144,24.8158,Moderate Risk,68.1558,34.6376,27.3851,Moderate Misalignment,39.0438,58.2005,Side Impact Potential,Peri-Urban,2.9202,False,Industrial,Poor Infrastructure,0.1291,Light,False,29.4533,0.0028,-0.01,Moderate Misalignment,36,Unnamed Road,2446
4142,Unnamed Road,Urban Road,URB-04142,4142,12.9946,77.5018,12.9943,77.5017,40.4,1656.8,1656.84,12.0535,Aligned,0.9811,0.9552,0.0015,-0.0142,-0.0081,29.3657,28.1827,77.989,26.0938,29.2389,68.9944,71.8121,0.0,39.7828,14.9589,No,0.0,0.0032,0.033,Poor,Low,1.5805,10.0,10.7675,21.6662,Safe,74.9962,23.1678,20.1332,Aligned,26.4053,66.4983,Separated Traffic,Urban,2.1068,True,Mixed,Poor Infrastructure,-0.0107,,False,20.8664,0.001,0.0111,Aligned,28,Unnamed Road,2447
4143,Unnamed Road,Urban Road,URB-04143,4143,12.9967,77.4987,12.9966,77.4991,40.4,1657.2,1657.24,16.9557,Aligned,0.7946,0.8108,0.2446,0.0094,0.0079,20.8337,23.4447,32.0464,0.5544,20.3592,48.8139,94.3531,0.1305,20.3476,6.168,No,0.0,0.0007,0.0049,Good,Low,2.7361,10.0,10.0,23.3729,Safe,66.7398,21.9036,21.9289,Aligned,21.7911,56.1969,Side Impact Potential,Peri-Urban,1.9045,False,Industrial,Poor Infrastructure,0.1618,Light,False,16.4384,0.0148,0.003,Aligned,21,Unnamed Road,2448
4144,Unnamed Road,Urban Road,URB-04144,4144,12.9894,77.4939,12.9897,77.494,32.6,1657.6,1657.633,23.8632,Aligned,0.5942,0.571,0.3497,0.0456,-0.0101,68.0039,67.216,100.0,22.6514,27.9505,78.7095,41.8816,0.1306,60.0,22.8666,No,0.0,0.009,0.9384,Good,Low,0.393,10.0,10.0,27.2736,Moderate Risk,66.3136,65.4105,32.5094,Moderate Misalignment,68.0488,54.1223,Separated Traffic,Peri-Urban,4.9879,True,Residential,Poor Infrastructure | Above Human Tolerance Limit,0.1452,Light,False,53.3313,0.0049,-0.0051,Aligned,69,Unnamed Road,2449
4145,Unnamed Road,Urban Road,URB-04145,4145,12.9967,77.4964,12.9963,77.4962,50.1,1658.0,1658.05,42.4285,Moderate Misalignment,0.8318,0.0404,0.8322,0.0919,-0.0013,29.5888,29.6884,81.2143,36.3158,44.2242,30.3434,80.2542,0.0,38.3527,39.4428,No,0.0,0.0155,1.8954,Poor,Medium,2.0762,10.0,10.2304,32.1863,Moderate Risk,65.2538,30.344,37.6288,Moderate Misalignment,37.2928,68.5696,Significant Pedestrian Interaction,Urban,6.165,False,Commercial,High Pedestrian Interaction | Poor Infrastructure | Above Human Tolerance Limit,0.1722,Light,False,26.5184,-0.0121,0.0079,Moderate Misalignment,30,Unnamed Road,2450
4146,Unnamed Road,Urban Road,URB-04146,4146,12.9944,77.495,12.9942,77.4949,26.1,1658.4,1658.426,19.0454,Aligned,0.6609,0.653,0.3139,0.0149,-0.0165,65.4347,64.7749,98.6802,6.4878,13.6387,79.8235,70.1316,0.0038,59.1998,10.0003,No,0.0,0.0003,0.0976,Poor,Low,0.191,10.0,10.0,20.3147,Safe,71.602,65.876,16.9994,Aligned,67.8058,32.7587,Separated Traffic,Rural,4.0599,True,Residential,Poor Infrastructure,-0.0151,,False,58.3035,0.0122,-0.0102,Aligned,64,Unnamed Road,2451
4147,Unnamed Road,Urban Road,URB-04147,4147,12.9972,77.4975,12.9973,77.4973,34.9,1658.8,1658.835,39.2872,Moderate Misalignment,0.8022,0.1392,0.7913,0.0446,0.0063,80.0232,78.9196,98.7675,21.6444,17.8665,78.9883,84.823,0.2947,59.8998,9.3776,No,0.0,-0.0051,-0.0523,Poor,Medium,0.4094,10.0,10.7572,24.1985,Safe,65.921,80.2969,29.3384,Moderate Misalignment,86.1526,43.7123,Separated Traffic,Rural,4.9524,True,Residential,Poor Infrastructure | Above Human Tolerance Limit,0.0187,,False,81.1013,0.0045,0.0082,Moderate Misalignment,80,Unnamed Road,2452
4148,Unnamed Road,Urban Road,URB-04148,4148,12.9915,77.4943,12.9912,77.4942,35.3,1659.2,1659.235,25.0856,Moderate Misalignment,0.5222,0.4938,0.4871,0.0025,-0.0012,77.4456,74.8565,100.0,5.2564,17.2902,79.9204,55.7874,0.0,59.2932,11.8521,No,0.0,-0.0102,-0.0599,Good,Medium,0.1939,10.0,10.3461,26.2222,Moderate Risk,62.8127,75.1931,29.5179,Moderate Misalignment,76.8846,37.0891,Separated Traffic,Rural,3.9317,True,Residential,Poor Infrastructure | Above Human Tolerance Limit,0.0057,,False,62.1239,0.0011,0.0122,Moderate Misalignment,76,Unnamed Road,2453
4149,Unnamed Road,Urban Road,URB-04149,4149,12.9915,77.4943,12.9919,77.4943,34.5,1659.6,1659.635,10.469,Aligned,0.985,0.9835,0.0488,-0.0159,-0.0063,35.2942,33.6331,79.3506,30.3256,25.9633,71.6671,80.3468,0.6354,59.0304,16.1898,No,0.0,-0.003,-0.0339,Good,Low,1.2846,10.0,10.2231,20.8328,Safe,75.6873,31.1853,18.811,Aligned,32.0925,64.3495,Separated Traffic,Urban,3.0582,True,Mixed,Poor Infrastructure,0.1104,Light,False,26.7105,-0.0061,0.0139,Aligned,35,Unnamed Road,2454
4150,Unnamed Road,Urban Road,URB-04150,4150,13.0059,77.5422,13.0062,77.5411,127.0,1660.0,1660.127,11.1069,Aligned,0.9717,0.9821,0.0154,-0.0125,-0.0012,35.0946,37.2833,51.0704,25.4142,40.4847,51.7934,85.5415,0.0,40.0311,47.5635,No,0.0,-0.0033,0.9739,Good,High,1.6429,10.0,10.0704,27.9643,Moderate Risk,71.2066,36.6619,23.0791,Aligned,37.0917,56.888,Side Impact Potential,Peri-Urban,2.1148,False,Residential,Poor Infrastructure,0.0178,,False,32.5231,0.0032,0.0284,Aligned,38,Unnamed Road,2455
4151,Unnamed Road,Urban Road,URB-04151,4151,12.8748,77.5379,12.8743,77.5376,53.6,1660.4,1660.454,40.6089,Moderate Misalignment,0.914,0.0306,0.9225,0.0189,0.0043,74.4116,74.4835,99.9853,0.0857,19.3578,80.5827,96.6395,0.0739,59.5875,7.5488,No,0.0,-0.0059,-0.0861,Good,High,0.4623,10.0,24.9949,28.7278,Moderate Risk,59.8444,74.1085,35.0195,Moderate Misalignment,75.3888,51.424,Separated Traffic,Peri-Urban,5.0514,True,Industrial,Poor Infrastructure,0.1437,Light,False,59.2449,0.0019,0.0003,Moderate Misalignment,75,Unnamed Road,2456
4152,Unnamed Road,Urban Road,URB-04152,4152,12.874,77.5374,12.8743,77.5376,42.4,1660.8,1660.842,9.8347,Aligned,0.9918,0.9875,0.0194,-0.0127,-0.0058,27.7943,27.3989,48.8601,0.0,17.9575,51.5662,88.3772,0.097,59.9655,8.0786,No,0.0,-0.0073,-0.0335,Poor,Medium,1.4961,10.0,10.0,21.9565,Safe,68.9099,22.985,19.1524,Aligned,25.369,43.949,Side Impact Potential,Rural,2.22,False,Residential,Poor Infrastructure,0.0092,,False,20.4278,-0.0053,-0.0079,Aligned,28,Unnamed Road,2457
4153,Unnamed Road,Urban Road,URB-04153,4153,12.8731,77.537,12.8724,77.5366,83.6,1661.2,1661.284,20.3459,Aligned,0.6203,0.6082,0.3861,0.0012,-0.0117,24.0845,21.7156,61.4996,55.1998,42.5932,30.5981,60.9515,0.0,30.8631,48.1642,No,0.0,-0.0074,0.9454,Good,Low,2.5025,10.0,10.0,23.6204,Safe,78.245,23.1572,20.9017,Aligned,24.2487,61.1497,Significant Pedestrian Interaction,Urban,1.978,True,Commercial,High Pedestrian Interaction | Active Congestion,0.7899,Severe,False,10.0,0.0101,0.0009,Aligned,24,Unnamed Road,2458
4154,Unnamed Road,Urban Road,URB-04154,4154,12.8733,77.5371,12.8731,77.537,26.7,1661.6,1661.627,23.4155,Aligned,0.5634,0.5784,0.4426,0.0187,-0.005,50.2226,47.8655,55.533,55.8872,34.8473,49.7243,90.9522,0.0,39.3091,35.7597,No,0.0,-0.0076,-0.0443,Good,Low,2.3089,10.0,26.1079,24.9636,Moderate Risk,74.142,49.3148,29.3314,Moderate Misalignment,51.5731,57.0347,Side Impact Potential,Urban,2.9669,False,Industrial,Meets Safe System Standards,-0.0325,,False,46.3039,-0.0002,0.0128,Aligned,50,Unnamed Road,2459
4155,Unnamed Road,Urban Road,URB-04155,4155,12.8724,77.5366,12.8717,77.5362,87.3,1662.0,1662.087,40.2106,Moderate Misalignment,0.7994,0.072,0.7488,0.1107,-0.0014,82.4467,79.4267,99.299,0.0,15.0428,79.0194,92.5063,0.0171,60.0,8.4913,No,0.0,0.0014,0.0919,Poor,Medium,0.2447,10.0,29.7898,29.9216,Moderate Risk,55.8162,80.0797,38.4226,Moderate Misalignment,90.6313,32.0748,Separated Traffic,Rural,3.9312,True,Residential,Poor Infrastructure,-0.0212,,False,73.0534,-0.0027,-0.0089,Moderate Misalignment,80,Unnamed Road,2460
4156,Unnamed Road,Urban Road,URB-04156,4156,12.8602,77.5226,12.8571,77.5193,502.2,1662.4,1662.902,43.4033,Moderate Misalignment,0.9586,0.0039,0.9491,0.0625,-0.0055,30.949,27.4464,78.7815,69.724,51.3088,29.9612,47.5705,0.0,53.2774,65.4499,No,0.0,-0.0041,2.0507,Good,High,1.3451,10.0,10.0,36.2979,Moderate Risk,62.1673,30.0501,52.9077,High Misalignment,54.68,57.2846,Significant Pedestrian Interaction,Urban,4.1418,True,Mixed,Speed Limit Misaligned | High Pedestrian Interaction | Active Congestion,0.7513,Severe,False,12.7917,0.0124,-0.0016,Moderate Misalignment,32,Unnamed Road,2461
4157,Unnamed Road,Urban Road,URB-04157,4157,12.8571,77.5193,12.8568,77.5198,61.1,1662.8,1662.861,38.5093,Moderate Misalignment,0.9472,0.049,0.9584,0.0005,-0.006,52.0747,48.7073,85.0707,7.4176,21.4794,50.7805,98.6611,0.0,50.9966,11.0724,No,0.0,0.0054,-0.0168,Good,High,1.8471,10.0,17.1225,25.5792,Moderate Risk,65.0246,53.9346,27.5611,Moderate Misalignment,56.9192,53.5928,Side Impact Potential,Peri-Urban,5.1278,True,Industrial,Poor Infrastructure,-0.0092,,False,47.8064,-0.003,-0.005,Moderate Misalignment,53,Unnamed Road,2462
4158,Unnamed Road,Urban Road,URB-04158,4158,12.8717,77.5362,12.8707,77.5353,154.0,1663.2,1663.354,10.4675,Aligned,0.9857,0.9601,-0.0201,0.0089,0.0039,24.0936,23.6916,26.219,16.6469,25.5649,48.9083,80.1222,0.1548,20.0,12.5239,No,0.0,0.0054,0.0373,Poor,High,2.2016,10.0,20.3826,25.1099,Safe,69.0795,23.6075,24.0008,Aligned,21.628,58.1522,Side Impact Potential,Peri-Urban,1.0133,False,Mixed,Active Congestion | Poor Infrastructure,0.7889,Severe,False,10.3306,-0.0055,-0.0098,Aligned,25,Unnamed Road,2463
4159,Unnamed Road,Urban Road,URB-04159,4159,12.8702,77.5349,12.8707,77.5353,66.3,1663.6,1663.666,11.6087,Aligned,0.9022,0.8919,0.1151,0.0053,0.0026,31.6301,30.3046,22.9192,32.7348,39.3575,27.9513,93.9523,0.2556,39.8042,43.0128,No,0.0,-0.0001,1.9629,Poor,Medium,2.3202,10.0,10.031,25.1195,Moderate Risk,72.4389,29.9489,22.6441,Aligned,28.0548,56.4098,Significant Pedestrian Interaction,Peri-Urban,0.9909,False,Residential,High Pedestrian Interaction | Poor Infrastructure,-0.0069,,False,28.5123,0.0078,0.0129,Aligned,31,Unnamed Road,2464
4160,Unnamed Road,Urban Road,URB-04160,4160,12.8701,77.5307,12.8702,77.5313,63.5,1664.0,1664.063,98.9404,Critical Misalignment,0.9769,-0.0039,0.0137,0.0017,0.9835,28.6936,29.4842,79.0624,55.0098,54.2534,29.3922,90.4036,5.0275,60.0,63.7138,No,0.0,-0.007,0.9566,Good,Medium,2.1487,10.0,23.9851,50.2301,High Risk,43.3183,29.0173,78.4261,Critical Misalignment,72.4643,64.5965,Significant Pedestrian Interaction,Urban,1.9575,True,Mixed,Speed Limit Misaligned | High Pedestrian Interaction | Above Human Tolerance Limit,0.0123,,False,66.0417,1.0303,-0.002,Critical Misalignment,28,Unnamed Road,2465
4161,Unnamed Road,Urban Road,URB-04161,4161,12.8701,77.5307,12.8701,77.5305,27.7,1664.4,1664.428,10.4474,Aligned,0.9642,0.9735,0.0425,0.0138,-0.0053,26.7741,28.0497,81.3937,20.5717,26.5543,51.1974,74.285,0.0573,40.3045,19.2094,No,0.0,-0.0034,0.9905,Poor,Low,2.1234,10.0,10.1847,22.4387,Safe,73.0319,28.4193,19.2676,Aligned,26.8804,55.5128,Side Impact Potential,Urban,4.0889,True,Residential,Poor Infrastructure,0.0053,,False,22.968,0.0056,0.0015,Aligned,25,Unnamed Road,2466
4162,Unnamed Road,Urban Road,URB-04162,4162,12.8701,77.5273,12.8701,77.53,293.8,1664.8,1665.094,19.9365,Aligned,0.7156,0.7156,0.2687,-0.0153,-0.0064,70.1127,70.0743,100.0,0.0,15.0117,80.5685,75.5629,0.2666,60.0,8.7257,No,0.0,-0.0049,0.0044,Poor,Low,0.3384,10.0,10.6562,21.3038,Safe,69.2853,68.4185,17.8197,Aligned,70.4084,32.121,Separated Traffic,Rural,5.855,True,Industrial,Poor Infrastructure,0.1336,Light,False,53.1119,-0.0032,0.0151,Aligned,68,Unnamed Road,2467
4163,Unnamed Road,Urban Road,URB-04163,4163,12.8701,77.5273,12.8701,77.5269,40.9,1665.2,1665.241,10.1736,Aligned,0.9521,0.9942,0.0756,-0.007,0.0009,15.3312,21.8945,29.1378,13.7102,23.7219,48.7992,89.5578,0.2976,20.3547,23.7887,No,0.0,-0.0024,0.9541,Poor,High,2.1953,10.0,10.264,23.4927,Safe,71.6267,15.4349,19.2645,Aligned,15.8332,37.9776,Side Impact Potential,Rural,1.1536,False,Residential,Poor Infrastructure,0.0149,,False,12.6433,-0.01,-0.0061,Aligned,16,Unnamed Road,2468
4164,Unnamed Road,Urban Road,URB-04164,4164,12.8664,77.529,12.8649,77.5276,230.9,1665.6,1665.831,38.6058,Moderate Misalignment,0.9187,0.048,0.916,0.0244,-0.0081,35.8834,36.3975,55.467,0.7663,13.3118,70.1156,100.0,0.0,29.1598,0.2864,No,0.0,-0.0065,0.0546,Poor,Medium,1.4697,10.0,20.0296,22.3176,Safe,65.7055,37.8829,23.5624,Aligned,39.2207,43.5568,Separated Traffic,Rural,1.9735,True,Residential,Poor Infrastructure,0.0163,,False,26.9143,0.0002,-0.0015,Moderate Misalignment,36,Unnamed Road,2469