segment_id,road_name,road_type,human_segment_id,internal_id,start_lat,start_lon,end_lat,end_lon,length_m,start_km,end_km,road_risk_score,ai_risk_label,ai_risk_probability,prob_low_risk,prob_medium_risk,prob_high_risk,prob_critical_risk,ai_recommended_speed,recommended_safe_speed,road_function_score,infrastructure_score,exposure_score,human_tolerance_limit,operating_speed_score,crash_risk_score,posted_speed_limit,pedestrian_exposure_score,blackspot_flag,crash_count,fatal_crashes,schools_count,lighting_quality,roadside_hazards,intersection_density,speed_compliance_rate,speed_violation_score,hotspot_score,hotspot_category,speed_safety_score,original_safe_speed,misalignment_score,misalignment_category,speed_p85,ptw_share_pct,exposure_tier,urban_rural_flag,lane_count,median_presence,land_use_type,top_ai_factors,congestion_index,congestion_category,congestion_smoothed,operating_speed_mean,minor_crashes,major_crashes,risk_category,final_safe_speed,corridor_base,corridor_seq
4165,Unnamed Road,Urban Road,URB-04165,4165,12.8664,77.529,12.8677,77.5302,196.0,1666.0,1666.196,11.533,Aligned,0.9918,0.9613,0.0174,0.0148,-0.0071,35.5722,36.9633,68.661,27.5425,27.6823,47.2999,84.4287,0.1718,60.0,14.7107,No,0.0,-0.0124,0.07,Good,Medium,1.8077,10.0,10.0,22.1994,Safe,74.0309,34.6883,19.6494,Aligned,36.3677,64.7207,Side Impact Potential,Urban,2.3424,False,Commercial,Poor Infrastructure,0.0109,,False,28.8564,0.0092,-0.0152,Aligned,35,Unnamed Road,2470
4166,Unnamed Road,Urban Road,URB-04166,4166,12.868,77.5306,12.8677,77.5302,49.0,1666.4,1666.449,11.6269,Aligned,0.9696,0.9556,0.085,0.0142,0.0054,28.8825,30.4789,55.8829,10.4749,24.1674,51.3797,86.6035,0.2494,29.3526,10.1757,No,0.0,-0.0035,0.0453,Poor,Low,2.6646,10.0,10.0,23.8164,Safe,70.602,28.5712,18.4011,Aligned,29.3689,66.6016,Side Impact Potential,Urban,3.9888,False,Residential,Poor Infrastructure,0.1798,Light,False,20.4543,0.0044,0.0081,Aligned,28,Unnamed Road,2471
4167,Unnamed Road,Urban Road,URB-04167,4167,12.8646,77.533,12.8649,77.5329,43.5,1666.8,1666.844,11.7838,Aligned,0.9441,0.8598,0.0587,0.0159,0.0091,19.4886,19.6171,51.6335,12.6848,24.0754,49.5934,77.1043,0.0,30.6262,15.7978,No,0.0,-0.0075,-0.0026,Poor,Medium,1.6291,10.0,10.2673,22.7881,Safe,70.1772,20.5338,20.2568,Aligned,20.2665,45.2978,Side Impact Potential,Rural,1.9451,False,Industrial,Poor Infrastructure,0.1351,Light,False,16.8033,-0.0075,0.0026,Aligned,20,Unnamed Road,2472
4168,Unnamed Road,Urban Road,URB-04168,4168,12.8654,77.5329,12.8649,77.5329,47.4,1667.2,1667.247,13.2249,Aligned,0.9124,0.9055,0.0657,0.0183,0.0022,60.9325,62.5508,99.9981,10.3744,15.3636,81.1866,15.6727,0.0,60.0,7.8343,No,0.0,-0.0131,-0.0156,Poor,Medium,0.1096,10.0,10.0,18.8757,Safe,71.6344,62.7355,17.2701,Aligned,58.5514,33.2572,Separated Traffic,Rural,5.2535,True,Residential,Active Congestion | Poor Infrastructure,0.6095,Severe,False,24.9029,0.0039,-0.0067,Aligned,63,Unnamed Road,2473
4169,Unnamed Road,Urban Road,URB-04169,4169,12.87,77.5231,12.8701,77.5236,62.7,1667.6,1667.663,12.0039,Aligned,0.9694,0.9668,-0.0271,0.0055,0.0011,38.291,37.685,84.3502,61.9053,34.0536,49.9662,73.6923,0.0,51.2234,25.8309,No,0.0,-0.0052,0.0046,Good,Medium,1.8319,10.0,10.0,19.641,Safe,81.3462,34.23,17.6382,Aligned,38.6135,67.3218,Side Impact Potential,Urban,5.2327,True,Commercial,Meets Safe System Standards,0.0035,,False,33.4418,-0.0063,0.016,Aligned,38,Unnamed Road,2474
4170,Unnamed Road,Urban Road,URB-04170,4170,12.8749,77.537,12.8732,77.5356,249.8,1668.0,1668.25,11.4095,Aligned,0.9755,0.9617,-0.0029,-0.0039,-0.0082,39.3441,37.3908,52.5803,33.8749,28.259,50.944,84.4745,0.0,40.3567,14.9151,No,0.0,0.0066,0.0409,Poor,Low,2.6877,10.0,10.2019,21.8997,Safe,76.1662,41.2972,18.5109,Aligned,38.9327,63.3267,Side Impact Potential,Urban,2.937,False,Mixed,Poor Infrastructure,0.1779,Light,False,30.9241,0.0068,-0.0046,Aligned,38,Unnamed Road,2475
4171,Unnamed Road,Urban Road,URB-04171,4171,12.8536,77.5234,12.8568,77.5198,594.5,1668.4,1668.995,13.0206,Aligned,0.9006,0.9151,0.0859,-0.0059,-0.0034,60.542,59.6342,100.0,12.571,22.1039,81.9334,66.3181,0.3963,59.9189,14.688,No,0.0,-0.0025,0.0327,Good,Low,0.4681,10.0,10.0,22.3815,Safe,70.9001,59.5799,21.1748,Aligned,60.734,52.1171,Separated Traffic,Peri-Urban,6.078,True,Residential,Poor Infrastructure,0.1493,Light,False,48.6294,-0.0045,-0.0025,Aligned,61,Unnamed Road,2476
4172,Unnamed Road,Urban Road,URB-04172,4172,12.8732,77.5356,12.8717,77.5342,237.8,1668.8,1669.038,37.4617,Moderate Misalignment,0.8182,0.1718,0.7809,0.0484,-0.0054,72.5674,73.9677,100.0,0.0,16.0322,78.5342,91.9223,0.624,58.6617,10.7046,No,0.0,-0.0021,0.0452,Poor,Low,0.2375,10.0,24.0115,26.7954,Moderate Risk,60.6904,73.2914,31.8653,Moderate Misalignment,75.9599,32.1486,Separated Traffic,Rural,8.1939,True,Residential,Poor Infrastructure,0.0036,,False,64.1279,-0.0013,0.0118,Moderate Misalignment,73,Unnamed Road,2477
4173,Unnamed Road,Urban Road,URB-04173,4173,12.8701,77.5269,12.8701,77.5265,50.4,1669.2,1669.25,10.2791,Aligned,0.9705,0.925,0.0189,0.014,-0.0045,26.0952,23.155,53.4991,36.5824,28.0828,48.8536,73.0285,0.0,39.2555,18.9172,No,0.0,-0.0084,0.0762,Good,High,2.4472,10.0,10.0879,21.4382,Safe,76.6065,27.3226,17.7789,Aligned,23.3318,58.4347,Side Impact Potential,Peri-Urban,1.9644,False,Residential,Meets Safe System Standards,0.1885,Light,False,21.5017,0.0252,0.0017,Aligned,24,Unnamed Road,2478
4174,Unnamed Road,Urban Road,URB-04174,4174,12.8701,77.5265,12.8702,77.5261,45.1,1669.6,1669.645,8.2654,Aligned,1.0029,0.9524,0.0374,0.0039,-0.0075,28.2706,29.7224,29.45,0.0,20.7013,49.9414,86.9455,0.0,30.0061,6.5115,No,0.0,0.0106,-0.0505,Poor,Medium,3.1673,10.0,10.473,21.9258,Safe,68.3263,26.4016,19.2307,Aligned,26.3169,53.3231,Side Impact Potential,Peri-Urban,1.0344,False,Industrial,Poor Infrastructure,0.1977,Light,False,22.3882,0.0128,0.0153,Aligned,28,Unnamed Road,2479
4175,Unnamed Road,Urban Road,URB-04175,4175,12.8702,77.5261,12.8701,77.5256,49.2,1670.0,1670.049,97.8124,Critical Misalignment,0.9805,0.0053,-0.0099,0.0182,0.9909,51.4025,49.375,100.0,2.226,16.6803,50.6272,84.3611,0.2698,60.0,9.5083,No,0.0,0.0039,-0.001,Poor,Medium,0.1277,10.0,12.3464,47.3118,Moderate Risk,31.3101,49.6021,81.6042,Critical Misalignment,101.5836,36.9377,Side Impact Potential,Rural,4.2774,False,Residential,Speed Limit Misaligned | Poor Infrastructure | Above Human Tolerance Limit,-0.0119,,False,84.5376,0.0057,-0.0069,Critical Misalignment,51,Unnamed Road,2480
4176,Unnamed Road,Urban Road,URB-04176,4176,12.87,77.5254,12.8701,77.5256,37.7,1670.4,1670.438,37.8217,Moderate Misalignment,0.9389,0.0474,0.9666,0.0127,-0.0042,65.6862,64.0968,79.6103,42.885,29.7037,69.7412,95.7859,0.2109,49.0335,19.6609,No,0.0,-0.0009,-0.0053,Good,Medium,1.5338,10.0,30.2404,26.6884,Moderate Risk,68.4484,65.8522,31.487,Moderate Misalignment,65.6589,62.9915,Separated Traffic,Urban,3.0965,True,Mixed,Meets Safe System Standards,0.1454,Light,False,51.3567,-0.0031,-0.0054,Moderate Misalignment,65,Unnamed Road,2481
4177,Unnamed Road,Urban Road,URB-04177,4177,12.8701,77.5242,12.8701,77.5236,60.7,1670.8,1670.861,16.2157,Aligned,0.7929,0.7461,0.2113,0.0184,0.0047,35.4601,37.5886,52.0362,21.4479,22.9631,51.034,99.197,0.0,28.9836,11.9302,No,0.0,0.0048,0.0488,Poor,Medium,2.2279,10.0,11.4343,24.007,Safe,70.6156,33.2277,23.1234,Aligned,32.3133,56.7899,Side Impact Potential,Urban,3.0077,False,Industrial,Poor Infrastructure,0.0011,,False,27.3171,-0.012,-0.0042,Aligned,33,Unnamed Road,2482
4178,Unnamed Road,Urban Road,URB-04178,4178,12.87,77.5252,12.87,77.5254,20.3,1671.2,1671.22,13.2081,Aligned,0.8918,0.8534,0.1323,0.0049,-0.0055,67.9573,65.722,100.0,0.6072,15.4815,78.664,62.4411,0.0232,60.0,10.3433,No,0.0,0.0041,-0.0404,Poor,Medium,0.1121,10.0,10.3277,21.1247,Safe,69.071,68.5291,18.2301,Aligned,66.3179,32.4215,Separated Traffic,Rural,5.0953,True,Industrial,Poor Infrastructure,-0.0103,,False,54.2317,0.0159,-0.0019,Aligned,69,Unnamed Road,2483
4179,Unnamed Road,Urban Road,URB-04179,4179,12.8698,77.5328,12.87,77.5324,48.1,1671.6,1671.648,11.066,Aligned,0.9757,0.9734,0.0349,0.0078,0.005,26.9497,24.907,30.2273,24.554,28.0566,50.7009,87.6954,0.1412,29.8861,17.8718,No,0.0,0.0066,0.9968,Poor,Low,3.1111,10.0,10.0,22.637,Safe,72.9506,26.2985,20.8693,Aligned,28.5835,61.6523,Side Impact Potential,Peri-Urban,2.1728,False,Mixed,Poor Infrastructure,0.0091,,False,22.5879,0.0028,0.0015,Aligned,28,Unnamed Road,2484
4180,Unnamed Road,Urban Road,URB-04180,4180,12.87,77.5324,12.8701,77.5323,23.5,1672.0,1672.024,10.1192,Aligned,1.0003,0.9968,0.0425,0.0046,0.0085,24.3709,26.1519,28.0894,27.5195,30.9115,49.9053,84.094,0.0353,31.0012,21.2029,No,0.0,-0.0045,2.0012,Good,Low,2.8347,10.0,10.0,22.536,Safe,73.9377,24.1975,20.6544,Aligned,27.2025,62.1297,Side Impact Potential,Peri-Urban,0.9157,False,Residential,Poor Infrastructure,0.1356,Light,False,18.706,-0.0177,0.0128,Aligned,23,Unnamed Road,2485
4181,Unnamed Road,Urban Road,URB-04181,4181,12.87,77.5324,12.868,77.5306,303.8,1672.4,1672.704,9.3871,Aligned,0.9581,0.9433,0.0234,-0.0185,-0.014,37.6879,38.9111,76.3451,14.7046,27.3194,49.7009,68.4333,0.1041,48.5023,11.8776,No,0.0,-0.0026,-0.0251,Poor,Medium,1.6916,10.0,10.0,23.7775,Safe,69.8105,40.1787,19.9939,Aligned,39.7383,65.7869,Side Impact Potential,Urban,5.1536,False,Residential,Poor Infrastructure,0.1888,Light,False,27.2714,-0.0035,0.0017,Aligned,37,Unnamed Road,2486
4182,Unnamed Road,Urban Road,URB-04182,4182,12.87,77.5324,12.8717,77.5342,260.5,1672.8,1673.061,10.6509,Aligned,0.9725,0.9558,0.0158,0.0186,0.011,25.1911,24.8204,31.5019,12.804,18.5151,51.5298,88.3297,0.0016,60.0,8.9177,No,0.0,0.0055,0.0117,Good,High,2.8525,10.0,10.2334,20.2551,Safe,71.5457,25.8156,18.2354,Aligned,26.9056,52.212,Side Impact Potential,Peri-Urban,1.8791,False,Residential,Poor Infrastructure,0.0202,,False,20.4443,-0.0072,0.0096,Aligned,25,Unnamed Road,2487
4183,Unnamed Road,Urban Road,URB-04183,4183,12.8632,77.5258,12.8649,77.5276,263.9,1673.2,1673.464,70.7592,High Misalignment,0.8047,-0.0016,0.1941,0.8226,0.0034,50.7944,48.4306,98.9716,0.4933,16.6483,49.9081,85.1219,0.3046,60.0,4.2324,No,0.0,-0.005,-0.0275,Poor,Low,0.1521,10.0,30.2102,47.0355,Moderate Risk,30.7894,48.9893,83.0458,Critical Misalignment,105.5932,44.619,Side Impact Potential,Rural,5.8809,False,Mixed,Speed Limit Misaligned | Poor Infrastructure | Above Human Tolerance Limit,-0.01,,False,90.5236,0.0043,0.0022,High Misalignment,50,Unnamed Road,2488
4184,Unnamed Road,Urban Road,URB-04184,4184,12.8632,77.5258,12.8602,77.5226,482.0,1673.6,1674.082,12.5625,Aligned,0.9749,0.948,0.0351,0.0121,-0.0024,33.4222,37.7812,79.4681,56.1844,31.2785,51.4496,64.345,0.2469,48.5759,27.1778,No,0.0,0.0072,-0.0448,Good,Medium,2.0151,10.0,10.1148,19.309,Safe,81.8823,35.1928,15.5439,Aligned,34.5026,58.7505,Side Impact Potential,Urban,5.1081,False,Commercial,Approach to Congestion (Tapered),0.1803,Light,True,23.6776,-0.007,0.0043,Aligned,33,Unnamed Road,2489
4185,Unnamed Road,Urban Road,URB-04185,4185,12.8654,77.5329,12.8674,77.5332,228.3,1674.0,1674.228,12.986,Aligned,0.8998,0.9062,0.0818,0.0067,0.001,71.1327,69.3299,98.5799,10.2344,21.5621,81.8615,63.1279,0.1693,60.0,9.271,No,0.0,0.0076,-0.0586,Poor,Low,0.3923,10.0,10.5441,21.5046,Safe,70.1784,71.8469,18.5777,Aligned,70.2477,49.8458,Separated Traffic,Peri-Urban,6.0933,True,Residential,Poor Infrastructure,0.1877,Light,False,53.6459,0.0067,-0.0003,Aligned,70,Unnamed Road,2490
4186,Unnamed Road,Urban Road,URB-04186,4186,12.8702,77.532,12.8701,77.5323,31.0,1674.4,1674.431,9.9834,Aligned,0.9867,0.9843,0.0084,0.0085,-0.0102,27.8568,26.3162,25.7951,18.215,14.7818,49.905,86.3084,0.1673,28.8145,8.0699,No,0.0,-0.0057,-0.0473,Poor,Low,2.3633,10.0,10.0302,19.3111,Safe,73.6933,27.4573,16.0274,Aligned,30.062,39.2281,Side Impact Potential,Rural,0.9034,False,Residential,Poor Infrastructure,0.1685,Light,False,19.3438,0.0056,-0.0082,Aligned,28,Unnamed Road,2491
4187,Unnamed Road,Urban Road,URB-04187,4187,12.8702,77.532,12.8702,77.5313,75.6,1674.8,1674.876,13.6566,Aligned,0.9007,0.8861,0.0653,0.03,0.0024,56.97,57.1926,98.6658,5.934,17.2729,77.3902,57.1665,0.0,60.0,9.6296,No,0.0,-0.0065,0.0342,Poor,Low,0.4235,10.0,10.3689,21.0992,Safe,69.494,56.3167,19.3002,Aligned,59.5076,41.5793,Separated Traffic,Rural,6.8132,True,Residential,Poor Infrastructure,0.1842,Light,False,40.4549,-0.0008,-0.002,Aligned,56,Unnamed Road,2492
4188,Unnamed Road,Urban Road,URB-04188,4188,12.8691,77.5342,12.8693,77.5338,48.3,1675.2,1675.248,39.6253,Moderate Misalignment,0.9899,0.0289,0.9203,0.0137,0.0067,80.5874,80.1036,100.0,25.7724,27.3658,79.0317,96.0101,0.0,60.0,12.1217,No,0.0,0.0039,-0.0448,Good,High,0.3667,10.0,18.1816,27.1852,Moderate Risk,64.8836,78.099,32.7288,Moderate Misalignment,94.1042,62.2666,Separated Traffic,Peri-Urban,6.053,True,Residential,Poor Infrastructure,-0.0073,,False,81.9255,-0.0176,0.0006,Moderate Misalignment,80,Unnamed Road,2493
4189,Unnamed Road,Urban Road,URB-04189,4189,12.8691,77.5342,12.8684,77.5336,99.0,1675.6,1675.699,9.7019,Aligned,0.9642,0.9428,0.021,-0.0111,-0.0074,35.2293,35.1384,50.3183,13.2103,28.1649,49.7025,80.0436,0.0,37.7273,21.1673,No,0.0,0.0044,1.0325,Good,Low,2.0183,10.0,10.0,23.228,Safe,70.1878,34.8367,21.4274,Aligned,35.1016,53.2631,Side Impact Potential,Peri-Urban,2.9635,False,Residential,Poor Infrastructure,0.1766,Light,False,26.874,0.0031,0.0073,Aligned,36,Unnamed Road,2494
4190,Unnamed Road,Urban Road,URB-04190,4190,12.8691,77.5342,12.8698,77.5345,83.2,1676.0,1676.083,38.3128,Moderate Misalignment,0.9843,-0.0117,0.9308,0.0243,-0.0117,79.5483,79.0525,99.7979,0.0,14.3688,78.7192,99.5943,0.0,60.0,8.8954,No,0.0,-0.0029,-0.0007,Poor,Medium,0.1555,10.0,26.3636,29.3292,Moderate Risk,56.7278,80.8413,40.2498,Moderate Misalignment,101.6218,35.0716,Separated Traffic,Rural,6.0892,True,Industrial,Poor Infrastructure,0.1201,Light,False,79.9973,-0.0062,0.0003,Moderate Misalignment,81,Unnamed Road,2495
4191,Unnamed Road,Urban Road,URB-04191,4191,12.8684,77.5336,12.8677,77.5333,83.2,1676.4,1676.483,70.4828,High Misalignment,0.8684,-0.0451,0.1304,0.8596,-0.0065,50.2036,50.761,98.1889,25.8911,28.5221,49.8159,42.4805,0.0739,59.4779,17.6823,No,0.0,0.0032,0.0333,Good,High,0.4638,10.0,10.435,37.6209,Moderate Risk,50.7054,49.5113,58.7508,High Misalignment,53.5396,64.0146,Side Impact Potential,Urban,8.0629,False,Mixed,Speed Limit Misaligned | Poor Infrastructure | Above Human Tolerance Limit,0.1825,Light,False,43.4126,-0.0069,-0.0162,High Misalignment,52,Unnamed Road,2496
4192,Unnamed Road,Urban Road,URB-04192,4192,12.8698,77.5345,12.8702,77.5349,66.3,1676.8,1676.866,10.7071,Aligned,0.9301,0.9428,0.0068,0.0114,-0.0064,48.5618,47.2459,58.5939,26.9756,31.6584,49.746,90.2627,0.069,49.6427,22.362,No,0.0,0.0003,1.024,Poor,Low,3.1032,10.0,10.0396,22.7182,Safe,72.9537,47.039,19.966,Aligned,50.3259,66.637,Side Impact Potential,Urban,1.8948,True,Mixed,Poor Infrastructure,-0.0161,,False,46.1272,-0.0073,-0.0062,Aligned,47,Unnamed Road,2497
4193,Unnamed Road,Urban Road,URB-04193,4193,12.8701,77.5242,12.87,77.5247,58.7,1677.2,1677.259,11.9256,Aligned,0.9259,0.9086,0.0838,-0.0095,-0.0054,26.3938,28.8733,47.5706,7.9493,22.6468,49.4145,86.3903,0.0346,30.2667,7.7916,No,0.0,-0.0069,-0.0095,Good,Medium,3.6589,10.0,10.0,22.4913,Safe,70.3774,28.8087,18.2096,Aligned,27.9304,60.619,Side Impact Potential,Urban,2.0453,False,Residential,Poor Infrastructure,0.1444,Light,False,19.7494,0.0054,0.0102,Aligned,27,Unnamed Road,2498
4194,Unnamed Road,Urban Road,URB-04194,4194,12.8677,77.5333,12.8674,77.5332,37.6,1677.6,1677.638,35.9686,Moderate Misalignment,0.866,0.0815,0.8114,0.0122,-0.0151,27.6707,31.8834,53.5373,64.5002,61.0414,30.1453,95.5604,0.1117,40.71,76.6792,No,0.0,0.0012,2.012,Good,High,3.0916,10.0,19.968,37.6871,Moderate Risk,64.8851,29.8494,47.1868,Moderate Misalignment,47.1857,64.453,Significant Pedestrian Interaction,Urban,4.0338,False,Industrial,High Pedestrian Interaction | Above Human Tolerance Limit,0.0163,,False,40.4919,0.001,-0.0145,Moderate Misalignment,31,Unnamed Road,2499
4195,Unnamed Road,Urban Road,URB-04195,4195,12.8701,77.5303,12.8701,77.53,30.7,1678.0,1678.031,25.0397,Aligned,0.5344,0.5163,0.4922,0.0027,0.0178,48.1319,44.5906,100.0,12.5054,16.1573,80.5038,47.5957,0.2127,59.2433,2.6654,No,0.0,0.0037,0.0772,Poor,Medium,0.1479,10.0,10.0555,19.7758,Safe,71.038,47.146,16.6009,Aligned,48.6435,43.1013,Separated Traffic,Rural,7.0086,True,Residential,Poor Infrastructure,0.1882,Light,False,36.2128,-0.0073,-0.0313,Aligned,49,Unnamed Road,2500
4196,Unnamed Road,Urban Road,URB-04196,4196,12.8701,77.5303,12.8701,77.5305,21.0,1678.4,1678.421,9.5265,Aligned,0.9621,0.9673,0.0577,0.0055,0.0097,20.1091,21.4105,53.3698,45.9507,35.7995,49.5836,87.1248,0.111,29.5248,36.6282,No,0.0,-0.0099,0.962,Good,High,2.1251,10.0,10.1917,21.8816,Safe,76.7332,21.6509,19.2352,Aligned,20.4788,50.897,Side Impact Potential,Peri-Urban,3.9739,False,Residential,Meets Safe System Standards,0.0049,,False,19.3555,-0.0087,-0.0079,Aligned,21,Unnamed Road,2501
4197,Unnamed Road,Urban Road,URB-04197,4197,12.87,77.5247,12.87,77.5252,56.4,1678.8,1678.856,69.7765,High Misalignment,0.8579,0.0342,0.081,0.8815,0.0055,50.0897,50.2699,98.8303,10.6283,14.7652,50.7823,47.0295,0.3023,60.0,5.4306,No,0.0,-0.0026,-0.0168,Good,Medium,0.2323,10.0,10.0,41.103,Moderate Risk,41.5505,48.935,69.0504,High Misalignment,68.133,45.0771,Side Impact Potential,Rural,7.2456,False,Residential,Speed Limit Misaligned | Poor Infrastructure | Above Human Tolerance Limit,0.0015,,False,53.7361,-0.006,-0.0027,High Misalignment,49,Unnamed Road,2502
4198,Unnamed Road,Urban Road,URB-04198,4198,12.8694,77.5335,12.8696,77.5332,36.7,1679.2,1679.237,50.8052,High Misalignment,0.5713,0.2894,0.0985,0.5479,0.0036,79.7055,79.5839,99.4431,2.4004,12.8465,78.9349,83.3717,0.0,60.0,1.9324,No,0.0,0.0051,-0.0453,Good,Low,0.3683,10.0,14.3092,37.2117,Moderate Risk,45.518,82.4531,59.2757,High Misalignment,115.1763,44.1073,Separated Traffic,Rural,5.0888,True,Industrial,Speed Limit Misaligned | Poor Infrastructure | Above Human Tolerance Limit,0.1884,Light,False,88.3835,0.0044,0.0093,High Misalignment,80,Unnamed Road,2503
4199,Unnamed Road,Urban Road,URB-04199,4199,12.8694,77.5335,12.8693,77.5338,40.8,1679.6,1679.641,40.9513,Moderate Misalignment,0.9646,0.0811,0.9784,-0.0136,0.0013,50.8759,51.161,80.1238,45.3229,43.9622,51.0162,97.0435,0.2819,49.8392,46.6961,No,0.0,-0.0004,0.9636,Poor,High,2.3185,10.0,28.6884,30.8818,Moderate Risk,66.3274,50.0415,37.5032,Moderate Misalignment,65.2,64.0782,Side Impact Potential,Urban,4.0063,True,Commercial,Meets Safe System Standards,0.0056,,False,53.5527,0.0088,0.0004,Moderate Misalignment,52,Unnamed Road,2504
4200,Unnamed Road,Urban Road,URB-04200,4200,12.8696,77.5332,12.8698,77.5328,46.3,1680.0,1680.046,10.9214,Aligned,0.8869,0.857,0.0914,-0.0096,0.0031,66.7983,66.0671,100.0,7.3153,18.336,79.9634,75.0159,0.1452,59.2624,10.5937,No,0.0,-0.0087,0.0368,Poor,Medium,0.1357,10.0,10.0,21.5088,Safe,70.7941,66.1868,18.899,Aligned,63.8649,39.5692,Separated Traffic,Rural,6.0245,True,Residential,Poor Infrastructure,-0.0073,,False,52.5646,0.003,-0.0099,Aligned,66,Unnamed Road,2505
4201,Unnamed Road,Urban Road,URB-04201,4201,12.8733,77.5371,12.8736,77.5372,40.0,1680.4,1680.44,17.3269,Aligned,0.7961,0.816,0.26,0.0,-0.004,30.2274,30.02,51.6933,2.2372,18.6697,50.6604,93.6866,0.0,29.6793,9.9778,No,0.0,0.0026,-0.0514,Poor,Medium,1.4518,10.0,10.101,22.5135,Safe,68.8036,29.7899,18.5553,Aligned,29.8273,45.8152,Side Impact Potential,Rural,3.0015,False,Mixed,Poor Infrastructure,0.0195,,False,26.2253,-0.0055,-0.0041,Aligned,31,Unnamed Road,2506
4202,Unnamed Road,Urban Road,URB-04202,4202,12.8736,77.5372,12.874,77.5374,48.9,1680.8,1680.849,12.739,Aligned,0.9627,0.9414,0.0124,-0.0097,0.0012,41.253,42.7617,87.9071,39.3363,32.2452,48.987,75.9444,0.1815,49.4418,26.4308,No,0.0,0.0014,0.0007,Good,Medium,1.901,10.0,10.0,21.6511,Safe,76.1899,39.4602,17.8422,Aligned,42.5425,57.3441,Side Impact Potential,Urban,5.1677,True,Residential,Meets Safe System Standards,0.0007,,False,34.3363,0.0038,0.0069,Aligned,43,Unnamed Road,2507
4203,Unnamed Road,Urban Road,URB-04203,4203,12.9405,77.6203,12.9413,77.6187,196.0,1681.2,1681.396,37.4147,Moderate Misalignment,0.8767,0.1836,0.8378,-0.0023,-0.0001,42.957,43.1354,53.3913,11.2268,27.9074,52.337,100.0,0.1979,40.4857,18.0929,No,0.0,-0.0019,-0.0171,Poor,High,1.6021,10.0,11.8496,26.4117,Moderate Risk,66.3892,45.1417,26.0736,Moderate Misalignment,47.7013,57.9417,Side Impact Potential,Peri-Urban,2.9614,False,Industrial,Poor Infrastructure,-0.007,,False,39.8213,-0.009,-0.0013,Moderate Misalignment,45,Unnamed Road,2508
4204,Unnamed Road,Urban Road,URB-04204,4204,13.0445,77.5627,13.0446,77.5626,1840.7,1681.6,1683.441,11.244,Aligned,0.9609,0.9845,0.0063,0.0016,0.0084,16.8204,19.8006,30.3945,21.1504,35.0264,30.0485,89.2424,0.3703,20.2404,29.7548,No,0.0,0.0142,1.0251,Poor,High,3.5106,10.0,10.0,24.9968,Moderate Risk,70.3743,15.0412,21.1794,Aligned,15.5472,59.0167,Significant Pedestrian Interaction,Peri-Urban,2.0053,False,Mixed,High Pedestrian Interaction | Poor Infrastructure,0.1979,Light,False,13.9009,-0.009,0.005,Aligned,15,Unnamed Road,2509
4205,Unnamed Road,Urban Road,URB-04205,4205,12.8651,77.6481,12.8648,77.6484,50.6,1682.0,1682.051,18.0333,Aligned,0.7418,0.736,0.3017,0.0119,0.0229,51.2966,47.6794,50.2225,26.786,25.2025,50.754,84.0628,4.7998,59.49,12.952,No,0.0,-0.0004,0.0134,Good,Medium,2.3453,10.0,33.2635,27.1326,Moderate Risk,65.0525,51.1591,31.5127,Moderate Misalignment,55.2598,59.0027,Side Impact Potential,Peri-Urban,1.9808,False,Residential,Poor Infrastructure,0.0036,,False,50.2753,0.9902,0.0012,Aligned,52,Unnamed Road,2510
4206,Unnamed Road,Urban Road,URB-04206,4206,12.8651,77.6481,12.8653,77.6478,28.3,1682.4,1682.428,13.3517,Aligned,0.9095,0.8853,0.055,0.0504,-0.0091,63.6561,64.6077,98.0614,0.7526,17.9533,80.25,58.3552,0.0,60.0,8.8314,No,0.0,-0.0013,-0.0049,Poor,Medium,0.1332,10.0,10.0,22.9311,Safe,68.7232,66.2903,20.6602,Aligned,62.2676,43.1886,Separated Traffic,Rural,7.9913,True,Residential,Poor Infrastructure,0.0067,,False,50.491,-0.0249,-0.0026,Aligned,63,Unnamed Road,2511
4207,Unnamed Road,Urban Road,URB-04207,4207,12.8674,77.6343,12.8674,77.6351,94.6,1682.8,1682.895,15.1905,Aligned,0.8515,0.8296,0.1016,0.0015,0.0029,49.3375,46.3608,99.8593,1.2538,18.4163,79.8642,74.7274,0.0,58.3446,9.855,No,0.0,-0.0035,0.0157,Poor,High,0.1602,10.0,10.1121,21.9552,Safe,67.7169,48.8658,19.3303,Aligned,45.14,45.2028,Separated Traffic,Rural,8.1309,True,Residential,Poor Infrastructure,-0.0103,,False,41.7924,0.0009,0.0044,Aligned,48,Unnamed Road,2512
4208,Unnamed Road,Urban Road,URB-04208,4208,12.8656,77.6471,12.8654,77.6474,39.7,1683.2,1683.24,9.2178,Aligned,0.9521,0.9782,0.0778,0.0086,0.0126,48.8408,49.3562,51.8226,15.1193,21.3995,49.1255,87.3593,0.0,52.2718,6.4916,No,0.0,-0.0067,-0.0376,Good,Medium,3.39,10.0,10.0,22.3676,Safe,70.6355,45.5247,19.2098,Aligned,48.4181,62.3679,Side Impact Potential,Urban,2.9377,False,Commercial,Poor Infrastructure,-0.0299,,False,44.7955,-0.0195,0.0058,Aligned,48,Unnamed Road,2513
4209,Unnamed Road,Urban Road,URB-04209,4209,12.8654,77.6474,12.8653,77.6478,46.1,1683.6,1683.646,39.2813,Moderate Misalignment,0.9639,0.0326,1.0024,-0.0061,0.011,53.9203,56.5714,80.2611,25.2166,31.5955,71.0361,98.2161,0.602,50.4261,22.9225,No,0.0,-0.0018,0.9768,Good,High,1.5591,10.0,11.5915,25.4843,Moderate Risk,68.3578,54.0609,26.2285,Moderate Misalignment,54.9756,61.8111,Separated Traffic,Urban,3.1944,True,Residential,Poor Infrastructure,-0.0114,,False,46.7704,-0.0048,0.0043,Moderate Misalignment,54,Unnamed Road,2514