segment_id,road_name,road_type,human_segment_id,internal_id,start_lat,start_lon,end_lat,end_lon,length_m,start_km,end_km,road_risk_score,ai_risk_label,ai_risk_probability,prob_low_risk,prob_medium_risk,prob_high_risk,prob_critical_risk,ai_recommended_speed,recommended_safe_speed,road_function_score,infrastructure_score,exposure_score,human_tolerance_limit,operating_speed_score,crash_risk_score,posted_speed_limit,pedestrian_exposure_score,blackspot_flag,crash_count,fatal_crashes,schools_count,lighting_quality,roadside_hazards,intersection_density,speed_compliance_rate,speed_violation_score,hotspot_score,hotspot_category,speed_safety_score,original_safe_speed,misalignment_score,misalignment_category,speed_p85,ptw_share_pct,exposure_tier,urban_rural_flag,lane_count,median_presence,land_use_type,top_ai_factors,congestion_index,congestion_category,congestion_smoothed,operating_speed_mean,minor_crashes,major_crashes,risk_category,final_safe_speed,corridor_base,corridor_seq
4210,Unnamed Road,Urban Road,URB-04210,4210,12.8671,77.639,12.8672,77.6403,141.6,1684.0,1684.142,12.082,Aligned,0.9786,0.9431,0.0431,0.0096,-0.006,35.2482,35.5752,52.4725,0.5969,14.4594,49.3607,79.1004,0.0,60.0,4.2434,No,0.0,-0.0046,-0.0432,Poor,Low,1.7214,10.0,10.0,20.3876,Safe,69.819,35.3183,17.2677,Aligned,34.0178,37.1135,Side Impact Potential,Rural,1.9095,False,Residential,Poor Infrastructure,0.2293,Light,False,25.5368,0.0121,-0.0008,Aligned,36,Unnamed Road,2515
4211,Unnamed Road,Urban Road,URB-04211,4211,12.8672,77.6403,12.8674,77.6441,413.5,1684.4,1684.814,9.3081,Aligned,0.9879,1.0203,0.0127,-0.0021,0.0014,22.7301,22.0668,47.7493,0.0,16.4768,49.9396,82.386,0.0,31.884,7.277,No,0.0,-0.004,-0.0059,Poor,High,2.1802,10.0,10.0,21.8357,Safe,68.1422,22.5569,18.8527,Aligned,24.1691,47.8554,Side Impact Potential,Peri-Urban,1.8256,False,Residential,Poor Infrastructure,0.0183,,False,18.3224,0.0022,-0.0162,Aligned,26,Unnamed Road,2516
4212,Unnamed Road,Urban Road,URB-04212,4212,12.8671,77.639,12.8671,77.6384,72.6,1684.8,1684.873,12.9027,Aligned,0.9079,0.8933,0.0898,0.0076,-0.0143,44.3315,45.7667,47.9462,10.5671,15.5303,48.9455,93.847,0.1227,40.695,7.1953,No,0.0,-0.0054,-0.0477,Poor,Medium,1.7683,10.0,10.5706,21.7872,Safe,69.4804,41.8994,21.9316,Aligned,41.5693,43.6981,Side Impact Potential,Rural,2.0629,False,Residential,Approach to Congestion (Tapered) | Poor Infrastructure,-0.0003,,True,35.621,0.0113,0.0088,Aligned,45,Unnamed Road,2517
4213,Unnamed Road,Urban Road,URB-04213,4213,12.8671,77.6384,12.8673,77.6358,278.0,1685.2,1685.478,40.5855,Moderate Misalignment,0.7954,0.1126,0.8634,0.0519,-0.0034,79.5075,79.8835,99.0596,18.7237,17.9225,82.1797,82.774,0.0,59.7177,9.4321,No,0.0,-0.0031,-0.007,Poor,Medium,0.2375,10.0,10.0,24.4391,Safe,66.0241,79.8307,29.2228,Moderate Misalignment,85.9716,41.9991,Separated Traffic,Rural,5.1805,True,Residential,Poor Infrastructure | Above Human Tolerance Limit,0.0018,,False,79.5011,-0.0097,-0.0095,Moderate Misalignment,81,Unnamed Road,2518
4214,Unnamed Road,Urban Road,URB-04214,4214,12.8674,77.6441,12.8674,77.6449,90.6,1685.6,1685.691,39.8881,Moderate Misalignment,0.9835,0.0092,0.9749,-0.0304,-0.0115,48.9778,43.6264,84.7973,25.2293,32.7138,69.8168,99.0436,0.0,39.8446,23.5354,No,0.0,-0.0017,0.0069,Good,Medium,1.4853,10.0,11.8174,26.507,Moderate Risk,68.7984,43.901,25.6361,Moderate Misalignment,41.3665,64.2475,Separated Traffic,Urban,5.0686,True,Industrial,Poor Infrastructure,0.0156,,False,38.4229,-0.0251,0.0099,Moderate Misalignment,47,Unnamed Road,2519
4215,Unnamed Road,Urban Road,URB-04215,4215,12.8675,77.6494,12.8675,77.6488,71.9,1686.0,1686.072,18.2738,Aligned,0.7096,0.7076,0.2322,0.0054,0.002,36.9003,34.2496,75.2934,20.2935,28.1091,49.5744,91.9435,0.1297,40.1528,14.7844,No,0.0,0.0015,-0.0139,Good,Medium,2.2146,10.0,10.0,23.1761,Safe,71.7221,37.4246,20.5968,Aligned,37.1765,66.8354,Side Impact Potential,Urban,5.3347,False,Commercial,Poor Infrastructure,0.0048,,False,33.0373,0.0096,0.0033,Aligned,36,Unnamed Road,2520
4216,Unnamed Road,Urban Road,URB-04216,4216,12.8675,77.6494,12.8677,77.6505,119.0,1686.4,1686.519,37.9745,Moderate Misalignment,0.843,0.1322,0.8615,-0.0196,0.0223,49.6312,50.0659,53.8712,15.6263,19.3752,52.0098,98.5031,0.0,40.7513,7.6124,No,0.0,0.0071,0.0,Good,High,2.3048,10.0,27.0471,25.6185,Moderate Risk,65.155,49.3948,30.9697,Moderate Misalignment,48.5532,56.7325,Side Impact Potential,Peri-Urban,3.8785,False,Industrial,Poor Infrastructure,0.0058,,False,40.8906,0.0033,0.0067,Moderate Misalignment,48,Unnamed Road,2521
4217,Unnamed Road,Urban Road,URB-04217,4217,12.8675,77.6488,12.8675,77.6484,36.4,1686.8,1686.836,12.3255,Aligned,0.9596,0.9316,0.043,0.0045,0.0037,19.4388,20.5659,53.4902,17.6323,27.0859,50.6952,86.4698,0.0,30.358,20.4622,No,0.0,-0.007,-0.0304,Good,High,4.1053,10.0,10.8342,22.7743,Safe,71.4727,21.2139,19.9876,Aligned,24.2614,56.6312,Side Impact Potential,Urban,3.9144,False,Industrial,Poor Infrastructure,0.0201,,False,18.4288,0.0057,0.0067,Aligned,19,Unnamed Road,2522
4218,Unnamed Road,Urban Road,URB-04218,4218,12.8674,77.6449,12.8673,77.6458,93.6,1687.2,1687.294,16.0813,Aligned,0.863,0.8168,0.1533,0.0035,0.0071,71.1107,71.1591,99.5541,0.5889,15.5984,78.8317,70.0472,0.0,60.0,7.8036,No,0.0,0.0036,-0.0091,Good,High,0.1218,10.0,10.0,21.2503,Safe,68.4717,70.1958,17.8821,Aligned,68.3095,32.531,Separated Traffic,Rural,5.1129,True,Residential,Poor Infrastructure,0.0016,,False,58.56,-0.0109,-0.0023,Aligned,70,Unnamed Road,2523
4219,Unnamed Road,Urban Road,URB-04219,4219,12.8671,77.6466,12.8673,77.6458,88.0,1687.6,1687.688,21.0313,Aligned,0.6166,0.6216,0.302,0.019,-0.0026,65.9738,66.5117,98.9171,23.8826,23.9384,80.05,56.0739,0.0,59.882,9.2997,No,0.0,-0.0104,0.0266,Poor,High,0.5978,10.0,10.1082,25.9844,Moderate Risk,65.9202,65.0482,28.781,Moderate Misalignment,68.4346,57.5211,Separated Traffic,Urban,6.628,True,Commercial,Poor Infrastructure | Above Human Tolerance Limit,-0.0055,,False,62.301,0.0049,0.0176,Aligned,67,Unnamed Road,2524
4220,Unnamed Road,Urban Road,URB-04220,4220,12.8675,77.6478,12.8675,77.6482,42.8,1688.0,1688.043,36.8374,Moderate Misalignment,0.8535,0.1479,0.8587,-0.0039,0.0044,46.5925,48.6666,54.9963,23.0904,32.3422,48.9792,96.543,0.0064,39.7722,24.2383,No,0.0,-0.0124,0.0011,Good,Medium,2.9412,10.0,16.641,27.209,Moderate Risk,68.2264,48.5046,27.49,Moderate Misalignment,45.8929,58.8658,Side Impact Potential,Urban,4.1538,False,Residential,Poor Infrastructure,-0.0056,,False,37.3576,-0.0082,-0.016,Moderate Misalignment,48,Unnamed Road,2525
4221,Unnamed Road,Urban Road,URB-04221,4221,12.8675,77.6478,12.867,77.6473,86.8,1688.4,1688.487,39.0173,Moderate Misalignment,0.7868,0.1741,0.7588,0.0627,0.0037,81.2256,79.5572,97.8256,0.0,15.6598,79.045,84.4082,0.0,60.0,8.3205,No,0.0,-0.0035,0.0586,Poor,Medium,-0.0361,10.0,10.0,26.3843,Moderate Risk,60.9349,79.5303,31.4417,Moderate Misalignment,89.6436,38.5047,Separated Traffic,Rural,6.844,True,Commercial,Poor Infrastructure | Above Human Tolerance Limit,-0.0202,,False,78.6331,0.0083,0.0081,Moderate Misalignment,80,Unnamed Road,2526
4222,Unnamed Road,Urban Road,URB-04222,4222,12.867,77.6473,12.8671,77.6466,81.8,1688.8,1688.882,13.8748,Aligned,0.8627,0.8622,0.1102,-0.0019,0.0066,49.6551,47.1676,98.1198,2.6539,19.1163,80.5042,73.0308,0.1995,57.4138,10.4133,No,0.0,0.0055,-0.0369,Poor,High,0.1416,10.0,10.1722,22.67,Safe,68.2359,47.1555,19.3773,Aligned,48.1088,45.0761,Separated Traffic,Rural,8.0294,True,Residential,Poor Infrastructure,-0.0077,,False,43.66,-0.0063,-0.0008,Aligned,48,Unnamed Road,2527
4223,Unnamed Road,Urban Road,URB-04223,4223,12.8657,77.6468,12.8656,77.6471,36.4,1689.2,1689.236,24.7683,Aligned,0.5184,0.5125,0.4512,0.0317,0.007,41.1468,44.332,82.3046,40.9312,32.8226,49.7563,94.8064,0.0,40.4736,31.5253,No,0.0,-0.0007,0.0356,Good,Medium,1.9207,10.0,10.0,23.2258,Safe,75.8845,41.3501,21.7514,Aligned,42.4971,56.8035,Side Impact Potential,Urban,6.1716,False,Mixed,Meets Safe System Standards,0.0007,,False,37.2008,-0.0148,0.0008,Aligned,43,Unnamed Road,2528
4224,Unnamed Road,Urban Road,URB-04224,4224,12.8661,77.6463,12.8657,77.6468,76.2,1689.6,1689.676,18.5866,Aligned,0.7714,0.7417,0.2477,0.0127,-0.002,82.1911,78.9259,99.0379,1.2671,19.5347,80.6474,64.5012,0.0,58.9107,7.9224,No,0.0,0.0021,0.0124,Poor,High,0.1797,10.0,10.0,27.3898,Moderate Risk,61.866,80.85,32.2371,Moderate Misalignment,87.9503,45.1069,Separated Traffic,Rural,6.1314,True,Residential,Poor Infrastructure | Above Human Tolerance Limit,0.1812,Light,False,65.893,-0.0168,0.0032,Aligned,81,Unnamed Road,2529
4225,Unnamed Road,Urban Road,URB-04225,4225,12.8683,77.6528,12.8677,77.6505,260.4,1690.0,1690.26,37.8431,Moderate Misalignment,0.9112,0.0475,0.899,0.0139,-0.0041,81.2983,79.1702,100.0,10.9152,22.9688,80.6402,10.0,0.2029,60.0,8.0324,No,0.0,-0.0045,0.0173,Poor,Medium,0.297,10.0,10.1048,26.9666,Moderate Risk,63.6417,77.5345,32.4923,Moderate Misalignment,78.9591,60.3606,Separated Traffic,Peri-Urban,8.1686,True,Mixed,Active Congestion | Poor Infrastructure | Above Human Tolerance Limit,0.6784,Severe,False,24.9855,0.0026,0.01,Moderate Misalignment,81,Unnamed Road,2530
4226,Unnamed Road,Urban Road,URB-04226,4226,12.8667,77.6465,12.8664,77.6464,34.1,1690.4,1690.434,11.2772,Aligned,0.9494,0.9892,0.0755,0.0082,0.002,18.6229,18.2275,28.808,15.1967,24.0612,46.5719,91.2517,0.3188,20.0,23.8971,No,0.0,-0.0025,0.8833,Poor,High,1.9821,10.0,10.0139,22.4264,Safe,71.1966,15.7837,21.2443,Aligned,17.4593,38.0538,Side Impact Potential,Rural,0.9167,False,Residential,Poor Infrastructure,-0.0067,,False,15.7964,-0.0091,0.0104,Aligned,18,Unnamed Road,2531
4227,Unnamed Road,Urban Road,URB-04227,4227,12.8671,77.6466,12.8667,77.6465,42.9,1690.8,1690.843,19.421,Aligned,0.7196,0.7494,0.2507,0.0215,-0.002,61.3198,61.9608,99.6533,48.7851,25.131,79.1921,59.0586,0.0,60.0,17.7917,No,0.0,-0.0036,0.0058,Good,Medium,0.397,10.0,10.0,17.4805,Safe,80.2345,60.9679,14.0527,Aligned,60.6835,54.9555,Separated Traffic,Urban,6.981,True,Mixed,Meets Safe System Standards,0.0078,,False,54.4962,0.0203,0.01,Aligned,62,Unnamed Road,2532
4228,Unnamed Road,Urban Road,URB-04228,4228,12.8664,77.6464,12.8661,77.6463,32.3,1691.2,1691.232,11.6013,Aligned,0.9604,1.0233,0.0323,-0.0045,0.0082,31.057,29.9343,81.4363,0.2123,23.2571,49.3308,80.8092,0.1585,39.6556,6.0972,No,0.0,-0.0115,-0.0455,Good,Low,2.1728,10.0,10.0,23.791,Safe,67.2002,30.8841,20.622,Aligned,28.0898,63.3992,Side Impact Potential,Urban,1.8252,True,Mixed,Approach to Congestion (Tapered) | Poor Infrastructure,0.0127,,True,26.5009,0.0079,-0.0054,Aligned,31,Unnamed Road,2533
4229,Unnamed Road,Urban Road,URB-04229,4229,12.8675,77.6482,12.8675,77.6484,29.6,1691.6,1691.63,9.4084,Aligned,0.9867,0.9812,0.0408,0.0103,-0.0016,23.1052,23.3523,62.4459,4.8935,17.2937,69.8719,85.1518,0.3584,60.0,10.5786,No,0.0,0.0108,0.0381,Poor,Medium,1.2673,10.0,10.0,20.4322,Safe,70.4289,25.6264,18.5521,Aligned,25.8275,34.632,Separated Traffic,Rural,3.0133,True,Residential,Poor Infrastructure,0.0051,,False,21.1282,0.0109,0.0037,Aligned,21,Unnamed Road,2534
4230,Unnamed Road,Urban Road,URB-04230,4230,12.8673,77.6358,12.8674,77.6351,72.3,1692.0,1692.072,97.9863,Critical Misalignment,0.9671,0.0122,-0.0008,0.0099,0.974,48.9698,50.5141,97.2949,0.1505,17.6369,49.8547,90.7736,0.0,59.7346,9.1348,No,0.0,-0.0112,-0.0039,Good,Medium,0.1981,10.0,10.4143,44.6898,Moderate Risk,34.8157,50.171,76.176,Critical Misalignment,96.4268,39.8946,Side Impact Potential,Rural,6.261,False,Industrial,Speed Limit Misaligned | Poor Infrastructure | Above Human Tolerance Limit,0.0007,,False,82.4921,0.0087,0.0087,Critical Misalignment,48,Unnamed Road,2535
4231,Unnamed Road,Urban Road,URB-04231,4231,12.8641,77.6502,12.8648,77.6484,217.9,1692.4,1692.618,10.7759,Aligned,0.986,0.9917,0.0393,0.0131,-0.0037,27.3757,27.2072,50.2816,0.7897,17.2111,49.1191,87.2772,0.0853,39.7701,6.5954,No,0.0,0.0047,0.0382,Poor,Medium,1.5174,10.0,10.0,21.2999,Safe,69.1987,26.3514,19.3729,Aligned,23.4467,43.335,Side Impact Potential,Rural,1.9924,False,Residential,Poor Infrastructure,0.0172,,False,21.4077,0.0142,0.0019,Aligned,26,Unnamed Road,2536
4232,Unnamed Road,Urban Road,URB-04232,4232,12.9387,77.5508,12.9392,77.5509,50.5,1692.8,1692.851,44.09,Moderate Misalignment,0.8725,0.0818,0.8627,0.1105,0.0026,51.6607,48.1507,98.8748,7.0544,14.631,49.0211,69.2935,0.5533,59.7435,0.0,No,0.0,0.005,0.0156,Poor,High,-0.0351,10.0,10.0,29.4318,Moderate Risk,54.5831,50.999,42.7266,Moderate Misalignment,53.5069,43.4998,Side Impact Potential,Rural,6.9317,False,Residential,Poor Infrastructure | Above Human Tolerance Limit,0.0013,,False,49.9338,0.0031,0.0059,Moderate Misalignment,50,Unnamed Road,2537
4233,Unnamed Road,Urban Road,URB-04233,4233,12.991,77.5579,12.9907,77.5573,71.4,1693.2,1693.271,17.5942,Aligned,0.6968,0.6993,0.2958,-0.0174,-0.0017,51.2753,47.907,75.2289,20.228,32.4591,50.4842,90.2415,0.0504,52.3099,20.0593,No,0.0,-0.0152,0.9727,Good,Low,2.047,10.0,18.3484,27.7827,Moderate Risk,66.5249,50.7713,31.4808,Moderate Misalignment,59.3818,68.094,Side Impact Potential,Urban,4.015,False,Industrial,Poor Infrastructure,0.1919,Light,False,44.2253,-0.0049,-0.0043,Aligned,52,Unnamed Road,2538
4234,Unnamed Road,Urban Road,URB-04234,4234,12.9728,77.5815,12.9725,77.581,78.4,1693.6,1693.678,8.7482,Aligned,0.9997,1.029,0.0208,0.0024,0.0034,27.9355,24.9227,26.6405,0.0,18.1003,49.549,89.6179,0.3363,28.7681,0.3114,No,0.0,0.0023,0.03,Good,Medium,2.688,10.0,10.8557,22.0976,Safe,69.0423,28.0182,20.0966,Aligned,28.2818,62.3427,Side Impact Potential,Peri-Urban,0.9305,False,Residential,Poor Infrastructure,0.0091,,False,22.652,-0.0081,-0.0175,Aligned,28,Unnamed Road,2539
4235,Unnamed Road,Urban Road,URB-04235,4235,13.076,77.5925,13.0819,77.5931,667.6,1694.0,1694.668,12.5614,Aligned,0.9195,0.964,0.0901,0.0038,0.0007,61.5549,62.5504,100.0,0.0,23.9423,79.7277,71.2776,0.0,60.0,8.485,No,0.0,0.0012,0.0344,Good,Medium,0.2871,10.0,10.0,24.6697,Safe,67.3161,59.1813,22.542,Aligned,63.5314,61.9316,Separated Traffic,Peri-Urban,7.9135,True,Residential,Poor Infrastructure,-0.0104,,False,53.3404,-0.0021,-0.007,Aligned,60,Unnamed Road,2540
4236,Unnamed Road,Urban Road,URB-04236,4236,13.0776,77.5905,13.0779,77.5889,183.1,1694.4,1694.583,16.8261,Aligned,0.7316,0.6938,0.2678,0.0136,-0.0039,79.4289,80.4644,99.7258,1.5415,18.325,81.1135,80.911,0.5568,60.0,9.1239,No,0.0,0.0059,-0.0062,Poor,High,0.2583,10.0,10.2805,24.6379,Safe,65.6849,80.4828,25.6997,Moderate Misalignment,88.8546,42.1241,Separated Traffic,Rural,6.9165,True,Residential,Poor Infrastructure,0.1684,Light,False,63.5703,0.0143,0.0118,Aligned,79,Unnamed Road,2541
4237,Unnamed Road,Urban Road,URB-04237,4237,12.9976,77.5504,12.9966,77.5507,121.4,1694.8,1694.921,34.4579,Moderate Misalignment,0.81,0.1606,0.8269,-0.0128,0.0069,46.0636,45.3183,54.6465,19.9428,27.863,51.3077,98.5481,0.483,41.1529,18.6837,No,0.0,-0.003,-0.0144,Good,Medium,2.7134,10.0,12.6482,25.0226,Safe,69.204,44.9569,23.3622,Moderate Misalignment,43.8359,59.9656,Side Impact Potential,Peri-Urban,3.1835,False,Residential,Poor Infrastructure,-0.0119,,False,38.8107,0.0063,0.0009,Moderate Misalignment,45,Unnamed Road,2542
4238,Unnamed Road,Urban Road,URB-04238,4238,12.9876,77.5133,12.9874,77.5122,113.2,1695.2,1695.313,17.2752,Aligned,0.7755,0.7553,0.2241,-0.0021,0.0148,28.7207,31.0492,47.9154,9.6021,24.2185,50.0015,93.3257,0.2938,40.008,11.7635,No,0.0,0.0097,0.0526,Good,Low,3.5925,10.0,10.8595,22.4702,Safe,70.0076,31.7663,20.6029,Aligned,32.5076,59.7369,Side Impact Potential,Urban,1.7776,False,Mixed,Poor Infrastructure,0.016,,False,25.4364,0.0026,0.0067,Aligned,30,Unnamed Road,2543
4239,Unnamed Road,Urban Road,URB-04239,4239,13.0621,77.574,13.0625,77.5732,199.4,1695.6,1695.799,13.3484,Aligned,0.9311,1.0032,0.0471,0.0068,-0.0021,31.1281,30.4802,52.6137,25.2249,30.9308,47.8079,88.1967,0.59,26.8112,38.5762,No,0.0,-0.0041,1.0103,Poor,High,1.5952,10.0,10.3528,23.4572,Safe,72.6703,28.4844,21.1572,Aligned,26.791,34.376,Side Impact Potential,Rural,2.3283,False,Industrial,Poor Infrastructure,0.1748,Light,False,22.6389,-0.0058,-0.0248,Aligned,31,Unnamed Road,2544
4240,Unnamed Road,Urban Road,URB-04240,4240,13.0031,77.6036,13.0077,77.594,1164.2,1696.0,1697.164,17.0665,Aligned,0.7405,0.7573,0.2689,-0.014,-0.0012,50.0391,48.5209,70.5852,32.4774,38.1976,50.5759,91.4615,0.0,59.4494,31.6718,No,0.0,-0.0004,0.983,Good,High,1.8222,10.0,10.0,25.1256,Safe,73.6163,49.6396,21.9202,Aligned,50.8151,65.3168,Side Impact Potential,Urban,1.9357,False,Residential,Poor Infrastructure,-0.0184,,False,44.4883,-0.0038,0.0042,Aligned,50,Unnamed Road,2545
4241,Unnamed Road,Urban Road,URB-04241,4241,13.001,77.6102,13.0003,77.6109,111.0,1696.4,1696.511,13.1508,Aligned,0.9139,0.9595,0.0426,0.0012,0.0049,62.4292,60.5245,100.0,1.4728,22.5135,80.2352,69.6852,0.1894,59.7492,6.2458,No,0.0,-0.001,0.0371,Good,Medium,0.5087,10.0,10.2811,25.053,Safe,67.0515,62.0036,21.3258,Aligned,61.4632,62.1646,Separated Traffic,Peri-Urban,8.0925,True,Residential,Poor Infrastructure,-0.0121,,False,51.0163,0.0028,-0.0011,Aligned,61,Unnamed Road,2546
4242,Unnamed Road,Urban Road,URB-04242,4242,13.0327,77.564,13.0324,77.5668,302.2,1696.8,1697.102,37.5944,Moderate Misalignment,0.9706,0.0689,0.972,0.0205,0.0021,50.5062,50.0883,84.0507,16.1112,28.4001,50.2617,99.8552,0.238,42.5838,19.9483,No,0.0,0.0001,-0.0326,Poor,Low,1.3425,10.0,26.739,28.2657,Moderate Risk,63.6334,50.6637,31.1474,Moderate Misalignment,52.5525,56.9731,Side Impact Potential,Peri-Urban,6.0381,False,Commercial,Approach to Congestion (Tapered) | Poor Infrastructure,0.137,Light,True,41.9236,0.0029,-0.0059,Moderate Misalignment,48,Unnamed Road,2547
4243,Unnamed Road,Urban Road,URB-04243,4243,12.9213,77.6663,12.9239,77.6718,676.4,1697.2,1697.876,12.9751,Aligned,0.9511,0.9486,0.0986,0.0194,-0.0078,39.6001,39.0188,68.9546,24.7067,21.4727,48.8211,75.6432,0.335,49.1491,12.5555,No,0.0,0.0022,-0.0013,Good,High,1.3079,10.0,10.0,19.4171,Safe,74.3469,38.1375,16.2762,Aligned,37.6049,49.536,Side Impact Potential,Peri-Urban,2.2346,False,Commercial,Poor Infrastructure,-0.0011,,False,33.7946,0.0109,0.0128,Aligned,37,Unnamed Road,2548
4244,Unnamed Road,Urban Road,URB-04244,4244,12.9127,77.4852,12.9104,77.4821,492.2,1697.6,1698.092,11.6048,Aligned,0.9539,0.9999,0.0462,-0.0067,-0.0138,18.5939,21.1716,30.1642,21.4814,35.0265,30.2258,88.0478,0.0,39.7204,30.1586,No,0.0,-0.0057,1.006,Poor,High,3.6775,10.0,10.5366,25.2155,Moderate Risk,70.4583,16.2787,22.0878,Aligned,15.8874,59.721,Significant Pedestrian Interaction,Peri-Urban,2.1059,False,Mixed,High Pedestrian Interaction | Poor Infrastructure,0.2028,Light,False,10.9319,0.0149,-0.0087,Aligned,20,Unnamed Road,2549
4245,Unnamed Road,Urban Road,URB-04245,4245,12.9648,77.7182,12.9649,77.7178,44.9,1698.0,1698.045,17.7219,Aligned,0.7721,0.7936,0.2376,0.0087,-0.0058,81.7441,79.3728,99.7561,0.0,17.8321,81.4383,66.5174,0.3672,59.5522,7.8658,No,0.0,0.0014,0.0056,Poor,High,0.0419,10.0,10.0,27.8287,Moderate Risk,60.5257,79.6525,32.4082,Moderate Misalignment,87.1537,45.612,Separated Traffic,Rural,5.9443,True,Residential,Poor Infrastructure | Above Human Tolerance Limit,0.2006,Light,False,69.416,0.0093,0.0025,Aligned,81,Unnamed Road,2550
4246,Unnamed Road,Urban Road,URB-04246,4246,13.0658,77.6172,13.0654,77.6206,488.5,1698.4,1698.889,12.6131,Aligned,0.9291,0.9402,0.0664,-0.0172,0.014,15.8354,19.236,28.1672,1.9458,12.2423,49.8091,85.908,0.0,20.0,4.2771,No,0.0,0.003,0.0209,Poor,Medium,1.6455,10.0,10.2517,20.2541,Safe,71.3844,15.7753,17.6632,Aligned,15.5685,35.1184,Side Impact Potential,Rural,0.8315,False,Residential,Poor Infrastructure,0.1724,Light,False,12.8599,0.0013,-0.0027,Aligned,15,Unnamed Road,2551
4247,Unnamed Road,Urban Road,URB-04247,4247,12.9236,77.6718,12.9209,77.6656,890.2,1698.8,1699.69,17.2644,Aligned,0.7644,0.7872,0.1806,0.0368,0.0111,69.3527,67.3388,97.4252,0.0,13.2177,78.4189,84.3169,0.3207,59.6877,8.6647,No,0.0,-0.0011,0.0316,Good,Low,0.1262,10.0,10.0,20.5431,Safe,69.9379,69.3891,17.2267,Aligned,69.2939,32.7489,Separated Traffic,Rural,6.2169,True,Mixed,Poor Infrastructure,0.0045,,False,56.668,0.0084,0.0049,Aligned,69,Unnamed Road,2552
4248,Unnamed Road,Urban Road,URB-04248,4248,12.856,77.5826,12.8564,77.5826,43.5,1699.2,1699.244,13.7161,Aligned,0.9144,0.8695,0.1178,-0.0004,0.01,37.7564,31.5316,70.2589,16.0133,25.2572,50.0752,64.724,25.0041,52.7026,17.4825,No,0.0,-0.0023,-0.019,Good,Medium,1.7042,10.0,10.0,29.7859,Moderate Risk,66.2863,37.4284,21.819,Aligned,35.4188,53.2008,Side Impact Potential,Urban,1.8271,False,Industrial,Poor Infrastructure,0.2138,Light,False,25.7982,1.0094,0.987,Aligned,38,Unnamed Road,2553
4249,Unnamed Road,Urban Road,URB-04249,4249,12.8564,77.5826,12.8568,77.5826,37.7,1699.6,1699.638,10.6017,Aligned,0.9722,0.9715,0.0467,-0.0126,-0.0072,16.6652,21.7614,27.9619,0.5132,13.5054,50.7342,88.7599,0.0749,21.0606,2.1017,No,0.0,-0.0157,-0.0031,Poor,Medium,1.7744,10.0,10.0127,20.4479,Safe,69.0799,16.6438,16.7071,Aligned,16.905,39.3627,Side Impact Potential,Rural,1.1336,False,Industrial,Poor Infrastructure,-0.0159,,False,12.7434,0.0117,0.0122,Aligned,16,Unnamed Road,2554
4250,Unnamed Road,Urban Road,URB-04250,4250,12.8568,77.5826,12.8571,77.5826,32.0,1700.0,1700.032,12.3047,Aligned,0.9517,0.9365,0.0125,0.0005,0.0058,24.8844,25.9482,53.048,30.9036,29.6365,50.5671,87.2122,0.5136,28.8941,17.0443,No,0.0,-0.0133,-0.0266,Good,High,2.1263,10.0,10.0,21.9284,Safe,75.3072,27.243,18.805,Aligned,26.3215,63.3356,Side Impact Potential,Urban,3.1428,False,Commercial,Poor Infrastructure,0.1225,Light,False,20.1847,-0.007,-0.0028,Aligned,24,Unnamed Road,2555
4251,Unnamed Road,Urban Road,URB-04251,4251,12.8571,77.5826,12.8574,77.5826,34.1,1700.4,1700.434,11.6572,Aligned,0.9425,0.9317,0.119,-0.0051,0.0006,30.5195,31.0297,86.1733,56.8152,43.1914,50.0268,72.7009,0.2989,41.3492,48.1903,No,0.0,-0.0043,0.9382,Poor,High,2.1677,10.0,10.0,22.7233,Safe,78.4663,28.563,20.2715,Aligned,31.6003,55.5521,Side Impact Potential,Urban,4.874,True,Commercial,Meets Safe System Standards,0.1856,Light,False,24.416,0.0044,0.023,Aligned,30,Unnamed Road,2556
4252,Unnamed Road,Urban Road,URB-04252,4252,12.8574,77.5826,12.8577,77.5826,35.1,1700.8,1700.835,11.0467,Aligned,0.9925,1.0383,0.0266,0.0013,0.0024,24.8729,23.6491,27.1603,34.2662,26.8221,48.8823,81.2068,0.0,38.9008,21.4222,No,0.0,-0.0032,0.9831,Good,High,2.4655,10.0,15.8498,21.9318,Safe,73.8752,21.2661,21.7413,Aligned,22.7791,51.264,Side Impact Potential,Peri-Urban,0.8905,False,Mixed,Active Congestion | Poor Infrastructure,0.6784,Severe,False,11.1894,-0.0209,-0.0027,Aligned,23,Unnamed Road,2557
4253,Unnamed Road,Urban Road,URB-04253,4253,12.8577,77.5826,12.858,77.5826,35.4,1701.2,1701.235,22.1563,Aligned,0.6069,0.6048,0.4371,-0.0028,-0.0091,82.7541,80.1436,100.0,22.2365,18.4648,79.3796,57.1741,0.0,60.0,9.7863,No,0.0,-0.001,0.0017,Poor,High,0.2737,10.0,10.0,24.5821,Safe,67.1006,77.7537,28.9306,Moderate Misalignment,86.0464,47.7795,Separated Traffic,Rural,7.9716,True,Industrial,Poor Infrastructure | Above Human Tolerance Limit,0.2302,Light,False,59.4988,0.0072,0.0103,Aligned,80,Unnamed Road,2558
4254,Unnamed Road,Urban Road,URB-04254,4254,12.858,77.5826,12.8582,77.5827,24.7,1701.6,1701.625,17.9919,Aligned,0.7246,0.7441,0.2711,0.013,0.0076,51.6053,46.3681,50.1002,26.0243,25.8196,50.921,83.5055,4.7266,59.3211,13.2905,No,0.0,-0.0019,-0.0551,Good,Medium,2.4007,10.0,32.814,26.8562,Moderate Risk,65.3012,50.27,32.3462,Moderate Misalignment,54.0911,58.7724,Side Impact Potential,Peri-Urban,1.7987,False,Residential,Poor Infrastructure,0.0003,,False,51.5336,0.9937,0.0035,Aligned,51,Unnamed Road,2559