segment_id,road_name,road_type,human_segment_id,internal_id,start_lat,start_lon,end_lat,end_lon,length_m,start_km,end_km,road_risk_score,ai_risk_label,ai_risk_probability,prob_low_risk,prob_medium_risk,prob_high_risk,prob_critical_risk,ai_recommended_speed,recommended_safe_speed,road_function_score,infrastructure_score,exposure_score,human_tolerance_limit,operating_speed_score,crash_risk_score,posted_speed_limit,pedestrian_exposure_score,blackspot_flag,crash_count,fatal_crashes,schools_count,lighting_quality,roadside_hazards,intersection_density,speed_compliance_rate,speed_violation_score,hotspot_score,hotspot_category,speed_safety_score,original_safe_speed,misalignment_score,misalignment_category,speed_p85,ptw_share_pct,exposure_tier,urban_rural_flag,lane_count,median_presence,land_use_type,top_ai_factors,congestion_index,congestion_category,congestion_smoothed,operating_speed_mean,minor_crashes,major_crashes,risk_category,final_safe_speed,corridor_base,corridor_seq
4255,Unnamed Road,Urban Road,URB-04255,4255,12.8586,77.5823,12.8589,77.5825,39.7,1702.0,1702.04,26.9021,Aligned,0.5225,0.4991,0.4739,0.0073,0.0077,42.9456,45.8861,82.2463,40.0374,33.3377,50.3168,95.702,0.0047,39.9691,30.666,No,0.0,0.001,-0.0081,Good,Medium,1.9436,10.0,10.1353,22.9221,Safe,75.8806,42.1619,22.3061,Aligned,42.2265,56.8448,Side Impact Potential,Urban,6.2402,False,Mixed,Meets Safe System Standards,0.0073,,False,39.9788,-0.0048,0.0109,Aligned,41,Unnamed Road,2560
4256,Unnamed Road,Urban Road,URB-04256,4256,12.8589,77.5825,12.8591,77.5827,31.9,1702.4,1702.432,39.1824,Moderate Misalignment,0.9722,-0.0132,0.9402,-0.0074,-0.0011,75.2203,74.7536,100.0,10.5569,15.821,78.9,99.3008,0.0,60.0,4.211,No,0.0,-0.0002,-0.0199,Poor,Medium,0.1778,10.0,24.1713,25.336,Moderate Risk,62.8201,74.5603,31.8848,Moderate Misalignment,74.1622,43.4024,Separated Traffic,Rural,5.9883,True,Residential,Poor Infrastructure,0.1428,Light,False,62.1838,-0.0062,0.0231,Moderate Misalignment,75,Unnamed Road,2561
4257,Unnamed Road,Urban Road,URB-04257,4257,12.8591,77.5827,12.8594,77.5829,36.6,1702.8,1702.837,14.208,Aligned,0.8973,0.889,0.0928,0.0041,0.0109,40.9276,38.0631,70.5465,11.3658,25.2917,48.5581,90.4494,0.0,59.7796,16.5449,No,0.0,-0.0117,-0.0015,Good,Low,1.4989,10.0,10.0,23.7957,Safe,70.9707,41.7534,19.2828,Aligned,40.3678,51.3695,Side Impact Potential,Peri-Urban,2.0408,False,Commercial,Poor Infrastructure,-0.0113,,False,33.1492,0.0047,-0.0039,Aligned,40,Unnamed Road,2562
4258,Unnamed Road,Urban Road,URB-04258,4258,12.8551,77.5826,12.8556,77.5826,54.7,1703.2,1703.255,29.6882,Moderate Misalignment,0.6216,0.4188,0.6693,0.0188,0.0046,49.0548,51.7998,90.2068,30.4322,24.0529,48.7332,88.9711,0.2356,50.4897,11.1137,No,0.0,0.0188,-0.0333,Poor,High,2.1395,10.0,23.3003,24.2867,Safe,68.9577,50.3576,28.6828,Moderate Misalignment,62.5268,56.0534,Side Impact Potential,Urban,5.0012,True,Mixed,Poor Infrastructure,-0.0073,,False,58.5802,-0.0026,-0.0135,Moderate Misalignment,51,Unnamed Road,2563
4259,Unnamed Road,Urban Road,URB-04259,4259,12.8594,77.5829,12.8596,77.5831,34.7,1703.6,1703.635,8.6328,Aligned,0.9776,0.9726,0.0324,0.0069,-0.0031,34.5326,32.8494,78.7646,58.6797,30.7725,49.7177,82.528,0.1827,41.2865,25.5595,No,0.0,0.0007,0.0392,Good,High,1.6934,10.0,10.0,18.2836,Safe,82.186,33.6551,16.8736,Aligned,35.3236,60.0607,Side Impact Potential,Urban,5.9585,False,Residential,Meets Safe System Standards,0.1367,Light,False,24.1458,0.0006,-0.0199,Aligned,34,Unnamed Road,2564
4260,Unnamed Road,Urban Road,URB-04260,4260,12.8596,77.5831,12.8599,77.5832,35.8,1704.0,1704.036,43.9355,High Misalignment,0.4521,0.468,0.1145,0.4368,-0.0046,79.5572,82.5571,97.804,20.7391,30.3273,79.4738,83.8228,0.0,59.9574,24.1306,No,0.0,-0.001,1.0003,Good,Medium,0.435,10.0,15.8098,40.8,Moderate Risk,45.9824,79.0435,64.2533,High Misalignment,112.6279,57.4259,Separated Traffic,Peri-Urban,6.8261,True,Residential,Speed Limit Misaligned | Poor Infrastructure | Above Human Tolerance Limit,0.0093,,False,111.1572,0.0107,0.0028,High Misalignment,81,Unnamed Road,2565
4261,Unnamed Road,Urban Road,URB-04261,4261,12.8599,77.5832,12.8602,77.5835,47.7,1704.4,1704.448,37.8309,Moderate Misalignment,0.9362,0.0291,0.9642,0.0049,0.0148,49.5254,52.1407,78.0535,16.0974,28.5262,51.095,98.8141,0.2243,42.5772,21.6474,No,0.0,-0.0111,0.0636,Poor,Low,1.4423,10.0,26.7658,27.8345,Moderate Risk,63.1401,49.7093,32.8301,Moderate Misalignment,50.9265,55.1651,Side Impact Potential,Peri-Urban,6.2002,False,Commercial,Approach to Congestion (Tapered) | Poor Infrastructure,0.1505,Light,True,39.9212,-0.0037,-0.0063,Moderate Misalignment,51,Unnamed Road,2566
4262,Unnamed Road,Urban Road,URB-04262,4262,12.8602,77.5835,12.8606,77.5838,52.2,1704.8,1704.852,8.13,Aligned,0.9807,0.9613,0.0014,0.0064,-0.0074,25.4984,26.5828,53.1182,0.0,15.2997,49.3198,84.7688,0.0,29.8788,2.5552,No,0.0,-0.0076,-0.0099,Poor,Medium,1.1731,10.0,10.0,21.019,Safe,69.3156,24.7911,17.032,Aligned,24.9077,44.1879,Side Impact Potential,Rural,4.1223,False,Industrial,Poor Infrastructure,0.1885,Light,False,20.9676,0.0091,0.0032,Aligned,24,Unnamed Road,2567
4263,Unnamed Road,Urban Road,URB-04263,4263,12.8603,77.5848,12.8606,77.5838,104.8,1705.2,1705.305,61.8706,High Misalignment,0.6319,-0.0023,0.3322,0.6153,0.0173,48.2915,51.8493,99.6622,0.0,15.2076,48.9272,90.6387,0.0453,59.9883,6.651,No,0.0,0.0113,-0.0022,Poor,Low,0.4523,10.0,33.4257,34.6042,Moderate Risk,48.5998,51.2352,51.3965,High Misalignment,79.6443,43.8092,Side Impact Potential,Rural,6.1681,False,Residential,Speed Limit Misaligned | Poor Infrastructure | Above Human Tolerance Limit,0.0063,,False,67.5483,-0.0041,-0.0011,High Misalignment,50,Unnamed Road,2568
4264,Unnamed Road,Urban Road,URB-04264,4264,12.8606,77.5838,12.8602,77.5836,46.3,1705.6,1705.646,13.1585,Aligned,0.964,0.9805,0.0289,0.0304,-0.006,67.7375,69.2166,99.9764,14.4964,21.8291,80.078,74.452,0.0236,60.0,3.9774,No,0.0,-0.0092,0.0029,Good,High,0.5889,10.0,10.0,21.9306,Safe,71.6327,66.3132,18.2186,Aligned,66.2288,61.6459,Separated Traffic,Urban,6.0972,True,Mixed,Approach to Congestion (Tapered) | Poor Infrastructure,0.1552,Light,True,53.1889,0.0076,0.005,Aligned,67,Unnamed Road,2569
4265,Unnamed Road,Urban Road,URB-04265,4265,12.8586,77.5823,12.8582,77.5827,78.8,1706.0,1706.079,31.5865,Moderate Misalignment,0.6327,0.3272,0.617,0.0189,0.0005,75.2699,75.5083,100.0,0.6099,14.6712,79.1759,54.2883,0.0,59.297,7.946,No,0.0,0.0037,-0.0245,Poor,Low,0.3161,10.0,10.4317,26.0447,Moderate Risk,61.1052,74.9389,31.6963,Moderate Misalignment,75.3533,36.1514,Separated Traffic,Rural,3.9829,True,Industrial,Poor Infrastructure | Above Human Tolerance Limit,0.1716,Light,False,58.3238,-0.0035,-0.0066,Moderate Misalignment,75,Unnamed Road,2570
4266,Unnamed Road,Urban Road,URB-04266,4266,12.8589,77.5826,12.8586,77.5823,42.4,1706.4,1706.442,12.2193,Aligned,0.9694,0.9898,-0.017,0.014,-0.0049,38.921,38.4953,51.4593,47.951,36.9372,50.4046,84.2156,0.0,60.0,33.5836,No,0.0,0.0023,0.0156,Good,High,3.3153,10.0,10.0964,21.6565,Safe,78.6731,36.156,19.2489,Aligned,39.3224,61.5723,Side Impact Potential,Urban,2.0259,False,Residential,Meets Safe System Standards,0.1695,Light,False,27.5835,0.0178,-0.0064,Aligned,37,Unnamed Road,2571
4267,Unnamed Road,Urban Road,URB-04267,4267,12.8602,77.5836,12.8599,77.5833,47.6,1706.8,1706.848,67.2027,High Misalignment,0.8504,0.0793,0.0808,0.8338,-0.0127,80.0392,78.6413,99.5095,8.3805,21.4718,78.4447,10.0,0.0,60.0,12.6857,No,0.0,0.0074,-0.0278,Poor,Low,0.0058,10.0,28.6748,37.7239,Moderate Risk,46.4153,80.7171,55.6298,High Misalignment,115.6768,46.1007,Separated Traffic,Rural,4.8966,True,Residential,Speed Limit Misaligned | Active Congestion | Poor Infrastructure,0.74,Severe,False,32.8648,-0.0,-0.0082,High Misalignment,78,Unnamed Road,2572
4268,Unnamed Road,Urban Road,URB-04268,4268,12.8599,77.5833,12.8596,77.5831,35.5,1707.2,1707.236,21.9129,Aligned,0.6106,0.5816,0.3587,0.0012,0.0113,23.0028,24.984,58.1911,53.9083,44.1614,30.6899,63.1775,0.0178,31.6581,48.8201,No,0.0,0.007,0.9897,Good,Low,2.5244,10.0,10.0,23.8764,Safe,78.9638,24.2659,21.0582,Aligned,23.5771,62.5878,Significant Pedestrian Interaction,Urban,1.8608,True,Commercial,High Pedestrian Interaction | Active Congestion,0.796,Severe,False,10.2915,0.0048,0.0133,Aligned,26,Unnamed Road,2573
4269,Unnamed Road,Urban Road,URB-04269,4269,12.8596,77.5831,12.8594,77.5829,34.1,1707.6,1707.634,10.6277,Aligned,0.9721,0.9805,0.0136,0.019,0.0019,33.9661,33.1908,72.8984,23.7922,25.9181,49.1338,86.0368,0.1792,39.6725,13.648,No,0.0,0.0055,-0.0319,Good,Medium,1.682,10.0,10.1356,21.5317,Safe,73.2806,34.5257,17.1665,Aligned,36.7299,65.4452,Side Impact Potential,Urban,1.9226,False,Commercial,Poor Infrastructure,-0.0115,,False,28.6034,-0.0043,-0.0008,Aligned,35,Unnamed Road,2574
4270,Unnamed Road,Urban Road,URB-04270,4270,12.8594,77.5829,12.8591,77.5827,36.7,1708.0,1708.037,8.6438,Aligned,0.9987,0.9708,0.042,0.0009,0.006,17.0872,18.3621,48.588,30.6349,29.835,50.7683,80.7097,0.047,29.8163,16.6703,No,0.0,0.0066,0.0262,Good,Low,3.5433,10.0,10.2783,22.2847,Safe,75.357,22.3178,19.328,Aligned,18.3753,66.0506,Side Impact Potential,Urban,1.812,False,Commercial,Poor Infrastructure,-0.0126,,False,15.4922,0.013,0.0133,Aligned,19,Unnamed Road,2575
4271,Unnamed Road,Urban Road,URB-04271,4271,12.8591,77.5827,12.8589,77.5826,31.8,1708.4,1708.432,45.5687,Moderate Misalignment,0.6883,0.1327,0.6688,0.2048,-0.0011,48.5505,50.7634,100.0,14.098,28.0974,47.2151,66.9696,0.0,59.2416,30.9279,No,0.0,-0.0029,0.9775,Good,Medium,0.2227,10.0,10.1607,33.9356,Moderate Risk,55.3759,49.9919,45.2371,Moderate Misalignment,62.7754,37.5212,Side Impact Potential,Rural,3.8958,False,Residential,Approach to Congestion (Tapered) | Poor Infrastructure | Above Human Tolerance Limit,0.1768,Light,True,45.4378,-0.0005,-0.0097,Moderate Misalignment,49,Unnamed Road,2576
4272,Unnamed Road,Urban Road,URB-04272,4272,12.8609,77.5854,12.8606,77.5854,26.0,1708.8,1708.826,11.661,Aligned,0.9439,0.9375,0.0541,0.0133,0.0063,47.5255,47.0355,59.1222,28.4766,31.5598,49.6586,88.935,0.0,49.8954,23.9086,No,0.0,0.0059,0.9887,Poor,Low,2.9903,10.0,10.0,23.3304,Safe,73.1739,48.1843,19.4068,Aligned,50.7211,65.1773,Side Impact Potential,Urban,2.0025,True,Mixed,Poor Infrastructure,-0.018,,False,42.3026,-0.0049,0.0124,Aligned,47,Unnamed Road,2577
4273,Unnamed Road,Urban Road,URB-04273,4273,12.8604,77.5854,12.8606,77.5854,22.2,1709.2,1709.222,36.8168,Moderate Misalignment,0.8177,0.1925,0.8761,0.0137,0.0039,77.1342,78.6883,100.0,1.3393,12.8049,80.6817,73.4721,0.1467,60.0,3.082,No,0.0,-0.0042,-0.0488,Poor,Low,0.1672,10.0,10.3308,25.2832,Moderate Risk,62.4865,79.2915,29.0603,Moderate Misalignment,78.081,36.8912,Separated Traffic,Rural,6.9017,True,Residential,Poor Infrastructure | Above Human Tolerance Limit,-0.0134,,False,72.546,-0.01,0.0014,Moderate Misalignment,76,Unnamed Road,2578
4274,Unnamed Road,Urban Road,URB-04274,4274,12.8604,77.5854,12.8603,77.5848,84.9,1709.6,1709.685,34.7715,Moderate Misalignment,0.8239,0.1823,0.8086,0.0135,-0.0077,77.3256,79.2603,99.6326,14.4732,12.4413,79.7653,86.9109,0.0,59.9108,3.7788,No,0.0,-0.0008,-0.0131,Poor,Low,0.1944,10.0,34.9127,26.5231,Moderate Risk,60.6134,79.4225,37.3285,Moderate Misalignment,81.1819,34.4942,Separated Traffic,Rural,8.0579,True,Industrial,Poor Infrastructure,-0.0074,,False,68.0581,-0.0012,-0.0029,Moderate Misalignment,79,Unnamed Road,2579
4275,Unnamed Road,Urban Road,URB-04275,4275,12.8556,77.5826,12.856,77.5826,51.0,1710.0,1710.051,11.9486,Aligned,0.9643,0.941,0.0125,0.0082,-0.0003,35.3176,32.776,69.4046,27.2747,36.4932,49.2067,65.3261,0.4442,50.0356,38.6378,No,0.0,-0.0065,0.979,Good,Low,1.5887,10.0,10.0,25.4902,Moderate Risk,72.0413,33.0079,23.5338,Aligned,30.3733,56.9928,Side Impact Potential,Urban,1.9674,False,Residential,Poor Infrastructure,0.0181,,False,27.5356,0.0054,0.0077,Aligned,36,Unnamed Road,2580
4276,Unnamed Road,Urban Road,URB-04276,4276,13.0417,77.5626,13.0402,77.5635,197.8,1710.4,1710.598,13.7797,Aligned,0.8811,0.8818,0.085,0.0095,0.0073,70.1814,67.9296,97.5941,66.391,30.7057,79.2878,67.1309,0.0962,60.0,25.7513,No,0.0,-0.0054,0.028,Good,Medium,0.551,10.0,10.1574,15.8617,Safe,83.9898,68.6052,15.0717,Aligned,68.065,56.167,Separated Traffic,Urban,3.9715,True,Residential,Meets Safe System Standards,-0.0069,,False,59.274,0.0066,-0.0115,Aligned,69,Unnamed Road,2581
4277,Unnamed Road,Urban Road,URB-04277,4277,12.9156,77.5654,12.9141,77.5661,193.5,1710.8,1710.994,16.8086,Aligned,0.7458,0.7109,0.1807,0.0154,-0.0004,29.4292,30.4055,56.4608,55.8285,34.4345,50.4769,96.5825,0.1172,31.4859,26.8787,No,0.0,0.0076,0.0969,Good,Medium,2.4933,10.0,10.2706,20.0358,Safe,80.9263,30.7325,19.977,Aligned,32.4117,60.1616,Side Impact Potential,Urban,4.1457,False,Industrial,Meets Safe System Standards,-0.0211,,False,26.9259,-0.0037,0.0078,Aligned,31,Unnamed Road,2582
4278,Unnamed Road,Urban Road,URB-04278,4278,12.9195,77.5422,12.9204,77.5381,466.2,1711.2,1711.666,35.8891,Moderate Misalignment,0.9507,0.0588,0.927,0.004,-0.0133,48.9753,51.1788,86.7302,36.3569,41.6629,50.4244,93.5116,0.0197,40.2689,38.3498,No,0.0,0.0093,1.0164,Good,Low,2.4388,10.0,20.6494,27.8301,Moderate Risk,69.2812,50.0715,31.5569,Moderate Misalignment,48.2579,69.2746,Side Impact Potential,Urban,5.9408,True,Commercial,Meets Safe System Standards,0.2152,Light,False,34.7066,0.0039,0.0079,Moderate Misalignment,49,Unnamed Road,2583
4279,Unnamed Road,Urban Road,URB-04279,4279,12.9222,77.5364,12.9298,77.539,984.6,1711.6,1712.585,9.7665,Aligned,0.9772,0.9108,0.0635,0.0055,-0.0024,36.5367,33.7818,81.3591,29.4495,32.9339,49.9786,87.5949,0.1893,40.3238,30.7768,No,0.0,-0.0001,1.0262,Good,Low,1.8507,10.0,10.0,24.0511,Safe,73.7534,32.975,19.9572,Aligned,36.0287,63.2384,Side Impact Potential,Urban,6.1114,False,Residential,Poor Infrastructure,-0.0017,,False,28.6525,0.0107,-0.0008,Aligned,35,Unnamed Road,2584
4280,Unnamed Road,Urban Road,URB-04280,4280,12.9344,77.6124,12.9313,77.614,409.1,1712.0,1712.409,36.0304,Moderate Misalignment,0.8275,0.156,0.8423,0.0107,-0.0026,47.5853,49.7822,60.8625,18.4894,21.7751,50.0975,98.3058,0.0,40.676,12.8071,No,0.0,0.0001,0.0325,Good,Low,1.8784,10.0,23.5828,25.1406,Moderate Risk,66.223,48.9209,28.7789,Moderate Misalignment,48.0678,51.9693,Side Impact Potential,Peri-Urban,3.9745,True,Residential,Poor Infrastructure,0.1597,Light,False,37.8643,0.0052,0.0145,Moderate Misalignment,48,Unnamed Road,2585
4281,Unnamed Road,Urban Road,URB-04281,4281,13.0481,77.5674,13.0459,77.5652,385.8,1712.4,1712.786,13.4341,Aligned,0.9673,0.9679,0.0364,-0.0144,-0.0031,35.6473,33.7521,54.6267,21.5605,25.9102,49.122,83.4499,0.1276,42.8528,19.0818,No,0.0,0.0003,0.038,Poor,Low,3.06,10.0,10.0891,22.6121,Safe,71.9439,38.2615,19.2955,Aligned,37.4823,56.8661,Side Impact Potential,Urban,1.9384,True,Commercial,Poor Infrastructure,0.017,,False,25.3092,-0.0042,0.0044,Aligned,35,Unnamed Road,2586
4282,Unnamed Road,Urban Road,URB-04282,4282,12.9395,77.5235,12.9393,77.5318,944.9,1712.8,1713.745,41.6521,Moderate Misalignment,0.9818,0.0239,0.9399,0.0149,0.0135,77.2884,80.1342,99.4223,1.9858,15.8724,79.1364,98.793,0.0,60.0,8.3178,No,0.0,0.0017,-0.021,Poor,Medium,0.0772,10.0,26.1954,29.5493,Moderate Risk,56.4699,78.6703,40.2767,Moderate Misalignment,102.5817,35.0798,Separated Traffic,Rural,6.1178,True,Industrial,Poor Infrastructure,0.1243,Light,False,79.65,-0.0093,0.0003,Moderate Misalignment,79,Unnamed Road,2587
4283,Unnamed Road,Urban Road,URB-04283,4283,12.9371,77.5342,12.9362,77.535,139.6,1713.2,1713.34,24.4138,Aligned,0.5283,0.503,0.4292,0.0276,0.0012,46.7759,45.3588,100.0,9.979,16.2358,78.9464,49.3638,0.3792,60.0,5.5029,No,0.0,0.0,-0.0027,Poor,Medium,-0.0119,10.0,10.0,19.795,Safe,72.0396,44.2763,17.813,Aligned,46.0285,42.6022,Separated Traffic,Rural,6.9126,True,Residential,Poor Infrastructure,0.1803,Light,False,34.9534,-0.0009,0.0081,Aligned,45,Unnamed Road,2588
4284,Unnamed Road,Urban Road,URB-04284,4284,12.9376,77.5341,12.9371,77.5342,56.5,1713.6,1713.657,32.7628,Moderate Misalignment,0.7519,0.2593,0.7764,-0.007,0.0096,29.6662,29.7674,51.1717,36.0845,45.6739,27.8589,97.5105,0.5293,30.6835,52.6885,No,0.0,0.0013,1.0605,Good,Medium,3.43,10.0,23.2172,30.6979,Moderate Risk,67.6238,29.1704,30.4694,Moderate Misalignment,37.3191,54.2654,Significant Pedestrian Interaction,Urban,1.6697,False,Commercial,High Pedestrian Interaction,-0.0188,,False,27.6749,0.0038,0.0251,Moderate Misalignment,28,Unnamed Road,2589
4285,Unnamed Road,Urban Road,URB-04285,4285,12.9379,77.5339,12.9376,77.5341,47.3,1714.0,1714.047,12.6442,Aligned,0.9778,0.9446,0.0403,0.0296,-0.0133,49.424,50.3322,75.5542,15.9528,27.4319,50.9679,82.4617,0.5785,50.3007,18.9812,No,0.0,-0.0022,1.0136,Good,Low,2.2107,10.0,10.241,25.0766,Moderate Risk,68.297,51.1935,24.292,Aligned,54.6705,59.0609,Side Impact Potential,Urban,5.9403,False,Commercial,Poor Infrastructure,0.2419,Light,False,38.0834,0.0061,0.0047,Aligned,51,Unnamed Road,2590
4286,Unnamed Road,Urban Road,URB-04286,4286,12.9382,77.5337,12.9379,77.5339,35.1,1714.4,1714.435,20.4953,Aligned,0.6417,0.6301,0.3714,0.0181,0.0026,66.1399,66.3161,98.4989,20.3606,22.5748,81.4506,55.2889,0.2124,60.0,10.6152,No,0.0,0.0041,-0.0908,Poor,High,0.5008,10.0,10.4021,26.4222,Moderate Risk,64.8078,66.591,30.9787,Moderate Misalignment,66.414,57.4323,Separated Traffic,Urban,6.9055,True,Commercial,Poor Infrastructure | Above Human Tolerance Limit,0.0046,,False,60.3111,-0.0026,-0.0029,Aligned,67,Unnamed Road,2591
4287,Unnamed Road,Urban Road,URB-04287,4287,12.9386,77.5335,12.9382,77.5337,44.2,1714.8,1714.844,13.2087,Aligned,0.8981,0.9086,0.0833,-0.0161,0.0021,47.5424,45.4354,97.4001,0.0,15.1218,79.2856,59.4296,0.1332,60.0,1.4353,No,0.0,-0.0032,-0.0104,Good,High,0.18,10.0,10.0,20.8271,Safe,70.0447,47.8455,17.1992,Aligned,46.605,49.6931,Separated Traffic,Peri-Urban,6.0579,True,Residential,Poor Infrastructure,0.2167,Light,False,32.5194,-0.0002,-0.01,Aligned,47,Unnamed Road,2592
4288,Unnamed Road,Urban Road,URB-04288,4288,12.9386,77.5335,12.9383,77.5333,39.3,1715.2,1715.239,40.3924,Moderate Misalignment,0.994,0.0297,1.0182,0.0107,0.0099,28.8883,29.5727,65.6692,17.8978,41.111,30.6482,98.9532,0.0315,40.3019,44.482,No,0.0,0.011,1.0043,Good,Low,2.0948,10.0,23.5993,37.6111,Moderate Risk,56.107,29.2551,46.0453,Moderate Misalignment,47.3925,54.2855,Significant Pedestrian Interaction,Peri-Urban,1.7873,False,Industrial,High Pedestrian Interaction | Poor Infrastructure | Above Human Tolerance Limit,0.003,,False,41.8574,0.0208,0.0053,Moderate Misalignment,31,Unnamed Road,2593
4289,Unnamed Road,Urban Road,URB-04289,4289,12.9383,77.5333,12.9388,77.533,67.4,1715.6,1715.667,9.6394,Aligned,0.9804,0.9957,0.0164,0.0027,0.0001,28.8638,27.6418,27.0275,19.9231,18.0223,48.4871,93.6421,0.0,28.9115,7.4468,No,0.0,-0.0027,0.0383,Poor,Low,1.5622,10.0,10.4684,18.5433,Safe,74.5068,29.1866,15.2105,Aligned,31.4908,47.9643,Side Impact Potential,Rural,1.1314,False,Residential,Poor Infrastructure,-0.0347,,False,26.5139,0.0014,-0.0155,Aligned,30,Unnamed Road,2594
4290,Unnamed Road,Urban Road,URB-04290,4290,12.9361,77.5347,12.9383,77.5333,291.8,1716.0,1716.292,18.4289,Aligned,0.8033,0.7792,0.1669,0.0084,-0.001,58.1179,57.0012,100.0,6.156,22.5585,79.1577,54.0914,0.4914,58.7401,5.8157,No,0.0,-0.0058,-0.0475,Good,High,0.5235,10.0,10.1019,22.5456,Safe,69.1689,57.6245,18.4822,Aligned,57.6582,66.6658,Separated Traffic,Urban,5.8695,True,Commercial,Poor Infrastructure,-0.0037,,False,50.825,-0.002,-0.0121,Aligned,59,Unnamed Road,2595
4291,Unnamed Road,Urban Road,URB-04291,4291,12.9339,77.539,12.933,77.5403,178.9,1716.4,1716.579,10.4621,Aligned,0.9635,0.9679,0.0652,-0.0012,-0.0071,28.8143,27.3413,52.6699,21.7203,22.8496,49.9328,74.1291,0.41,39.7789,10.588,No,0.0,-0.0081,-0.061,Poor,Low,2.5148,10.0,10.2186,20.6084,Safe,72.4911,28.5836,19.9049,Aligned,27.5306,61.6882,Side Impact Potential,Urban,4.0334,False,Commercial,Poor Infrastructure,0.156,Light,False,21.8279,-0.0047,-0.0036,Aligned,28,Unnamed Road,2596
4292,Unnamed Road,Urban Road,URB-04292,4292,12.9346,77.5379,12.9339,77.539,150.1,1716.8,1716.95,17.9756,Aligned,0.7466,0.7296,0.2233,-0.001,-0.0008,36.323,35.3577,47.8879,0.0,20.8533,48.0978,100.0,0.0,32.8185,9.7055,No,0.0,-0.0051,0.0346,Good,Low,2.3179,10.0,15.5281,25.2945,Moderate Risk,64.7294,33.6503,23.6323,Aligned,35.2761,53.6537,Side Impact Potential,Peri-Urban,1.9101,False,Residential,Poor Infrastructure,-0.0307,,False,32.8184,-0.0012,-0.0121,Aligned,35,Unnamed Road,2597
4293,Unnamed Road,Urban Road,URB-04293,4293,12.9395,77.5328,12.9386,77.5335,130.5,1717.2,1717.331,11.3826,Aligned,0.9791,0.909,-0.0074,-0.0146,-0.011,42.4113,42.7281,77.6375,22.5303,28.9299,50.6142,81.4294,0.0884,49.5052,23.7971,No,0.0,0.0114,0.0484,Good,Low,1.9635,10.0,10.0,23.5245,Safe,72.3455,40.4215,20.3365,Aligned,42.0481,56.7809,Side Impact Potential,Urban,5.1624,False,Commercial,Poor Infrastructure,0.0079,,False,33.6818,-0.0169,-0.003,Aligned,45,Unnamed Road,2598
4294,Unnamed Road,Urban Road,URB-04294,4294,12.9352,77.5365,12.9361,77.5347,226.3,1717.6,1717.826,32.1529,Moderate Misalignment,0.6762,0.2823,0.6611,0.0182,0.0007,29.8634,32.9416,49.8028,8.381,25.1896,48.1959,97.7984,0.0,28.7649,19.2472,No,0.0,0.0033,0.0621,Good,Low,2.4355,10.0,10.0,22.6757,Safe,69.6776,29.6512,20.6368,Aligned,32.161,48.5804,Side Impact Potential,Peri-Urban,3.1335,False,Residential,Poor Infrastructure,-0.0147,,False,25.9487,0.0099,-0.0028,Moderate Misalignment,28,Unnamed Road,2599
4295,Unnamed Road,Urban Road,URB-04295,4295,12.9355,77.5365,12.9352,77.5369,58.3,1718.0,1718.058,12.8248,Aligned,0.8879,0.893,0.1304,-0.0063,-0.0125,69.5557,66.6461,100.0,0.0,12.9097,83.179,28.4238,0.0,59.4516,3.4602,No,0.0,-0.0003,-0.0311,Poor,High,0.0211,10.0,10.4719,19.121,Safe,69.9543,70.0826,17.5775,Aligned,69.2198,33.7919,Separated Traffic,Rural,8.0293,True,Residential,Active Congestion | Poor Infrastructure,0.6647,Severe,False,23.5098,-0.0021,0.0112,Aligned,69,Unnamed Road,2600
4296,Unnamed Road,Urban Road,URB-04296,4296,12.9362,77.535,12.9355,77.5365,182.7,1718.4,1718.583,27.1056,Aligned,0.6488,0.6197,0.2209,0.1435,-0.0085,80.819,77.8222,100.0,27.5352,28.6849,81.3294,84.2917,0.2894,60.0,23.7104,No,0.0,-0.0113,0.9893,Good,High,0.5364,10.0,10.7307,26.8242,Moderate Risk,68.0395,79.2185,27.8427,Moderate Misalignment,87.5229,56.5371,Separated Traffic,Urban,4.0836,True,Residential,Poor Infrastructure,0.1208,Light,False,69.2853,0.0108,0.0022,Aligned,80,Unnamed Road,2601
4297,Unnamed Road,Urban Road,URB-04297,4297,12.9352,77.5369,12.935,77.5372,36.7,1718.8,1718.837,39.8012,Moderate Misalignment,0.9268,0.069,0.9154,0.0441,-0.0029,49.9225,47.849,99.1448,52.6266,44.5858,51.497,75.8974,0.0,60.0,52.8292,No,0.0,0.0057,1.0011,Good,Medium,0.5104,10.0,10.5708,34.7667,Moderate Risk,62.7603,50.0562,47.8519,Moderate Misalignment,69.0965,56.6954,Side Impact Potential,Urban,4.9984,True,Commercial,Above Human Tolerance Limit,0.1542,Light,False,52.6915,-0.0262,0.0033,Moderate Misalignment,49,Unnamed Road,2602
4298,Unnamed Road,Urban Road,URB-04298,4298,12.9347,77.5371,12.9349,77.5369,36.0,1719.2,1719.236,32.7362,Moderate Misalignment,0.67,0.2629,0.6669,0.0909,0.017,49.5321,47.9535,99.1633,0.4035,11.6748,49.6976,62.6193,4.8089,59.8567,1.7908,No,0.0,0.0071,0.0052,Poor,Medium,0.1106,10.0,10.0,31.0991,Moderate Risk,53.0882,50.5511,43.296,Moderate Misalignment,62.1852,40.3062,Side Impact Potential,Rural,6.9582,False,Residential,Poor Infrastructure | Above Human Tolerance Limit,0.2355,Light,False,43.9774,0.9892,-0.0043,Moderate Misalignment,50,Unnamed Road,2603