segment_id,road_name,road_type,human_segment_id,internal_id,start_lat,start_lon,end_lat,end_lon,length_m,start_km,end_km,road_risk_score,ai_risk_label,ai_risk_probability,prob_low_risk,prob_medium_risk,prob_high_risk,prob_critical_risk,ai_recommended_speed,recommended_safe_speed,road_function_score,infrastructure_score,exposure_score,human_tolerance_limit,operating_speed_score,crash_risk_score,posted_speed_limit,pedestrian_exposure_score,blackspot_flag,crash_count,fatal_crashes,schools_count,lighting_quality,roadside_hazards,intersection_density,speed_compliance_rate,speed_violation_score,hotspot_score,hotspot_category,speed_safety_score,original_safe_speed,misalignment_score,misalignment_category,speed_p85,ptw_share_pct,exposure_tier,urban_rural_flag,lane_count,median_presence,land_use_type,top_ai_factors,congestion_index,congestion_category,congestion_smoothed,operating_speed_mean,minor_crashes,major_crashes,risk_category,final_safe_speed,corridor_base,corridor_seq
4299,Unnamed Road,Urban Road,URB-04299,4299,12.9346,77.5374,12.9347,77.5371,29.1,1719.6,1719.629,12.2419,Aligned,0.9091,0.8882,0.0557,0.0141,-0.0097,29.2434,27.8648,51.7647,5.9572,22.6519,50.4161,90.7734,0.0,29.4,11.3646,No,0.0,0.0048,-0.0095,Poor,Low,2.1623,10.0,10.0662,22.9145,Safe,69.6853,28.4036,20.2867,Aligned,31.3004,58.4329,Side Impact Potential,Peri-Urban,3.1721,False,Commercial,Poor Infrastructure,0.0025,,False,22.5082,-0.0026,0.0011,Aligned,29,Unnamed Road,2604
4300,Unnamed Road,Urban Road,URB-04300,4300,12.9349,77.5369,12.9352,77.5365,52.7,1720.0,1720.053,43.9474,Moderate Misalignment,0.8277,0.0653,0.7891,0.1162,-0.0131,48.9256,50.8307,99.0258,35.566,25.9735,52.2694,71.1851,0.4197,59.3593,11.5344,No,0.0,0.007,0.0502,Good,Low,0.4494,10.0,10.4246,30.4031,Moderate Risk,59.9375,50.1876,42.3566,Moderate Misalignment,60.8872,65.1536,Side Impact Potential,Urban,4.1784,False,Residential,Poor Infrastructure | Above Human Tolerance Limit,0.0048,,False,54.6624,0.0286,0.0007,Moderate Misalignment,50,Unnamed Road,2605
4301,Unnamed Road,Urban Road,URB-04301,4301,12.9388,77.533,12.9394,77.5327,77.1,1720.4,1720.477,11.776,Aligned,0.9004,0.8559,0.128,-0.0162,-0.0032,67.8426,65.3772,100.0,2.0863,15.3551,77.1488,61.2861,0.0,59.1273,9.9031,No,0.0,0.0048,-0.0081,Poor,Medium,0.1485,10.0,10.0,21.2106,Safe,69.8856,69.7348,17.8213,Aligned,64.9145,31.8922,Separated Traffic,Rural,4.938,True,Industrial,Poor Infrastructure,-0.0089,,False,54.962,0.0014,-0.0008,Aligned,67,Unnamed Road,2606
4302,Unnamed Road,Urban Road,URB-04302,4302,12.9342,77.5382,12.9344,77.5377,72.0,1720.8,1720.872,9.2207,Aligned,0.9936,1.0087,0.0388,0.0086,0.0002,41.5358,40.2398,55.0278,33.7166,28.8481,47.9978,86.6049,0.5121,38.7305,19.2841,No,0.0,0.0007,-0.0242,Good,High,2.6053,10.0,10.0,21.6549,Safe,74.5429,43.3686,19.9036,Aligned,43.6072,61.8345,Side Impact Potential,Urban,3.7388,False,Mixed,Poor Infrastructure,0.1971,Light,False,30.5233,0.0056,-0.0044,Aligned,42,Unnamed Road,2607
4303,Unnamed Road,Urban Road,URB-04303,4303,12.9344,77.5377,12.9346,77.5374,36.4,1721.2,1721.236,13.8196,Aligned,0.8863,0.88,0.1235,0.0088,0.0064,58.5268,57.1093,98.9293,20.6967,20.3441,78.3862,59.4991,0.0,60.0,7.7996,No,0.0,-0.0098,0.0354,Poor,Low,0.5176,10.0,10.5026,19.2007,Safe,73.8582,58.8594,16.5628,Aligned,56.3958,53.4409,Separated Traffic,Peri-Urban,8.059,True,Commercial,Poor Infrastructure,0.2139,Light,False,43.8556,-0.0047,-0.0028,Aligned,57,Unnamed Road,2608
4304,Unnamed Road,Urban Road,URB-04304,4304,12.935,77.5372,12.9348,77.5376,56.2,1721.6,1721.656,69.0427,High Misalignment,0.7909,-0.0189,0.1719,0.8014,0.0061,29.9507,28.8157,78.6362,44.5963,51.2113,28.8478,91.2195,0.3873,59.5674,61.613,No,0.0,0.001,1.9954,Good,Low,1.6941,10.0,15.1401,48.0188,Moderate Risk,44.4029,28.9888,73.8638,High Misalignment,68.4245,64.0998,Significant Pedestrian Interaction,Urban,1.8164,True,Residential,Speed Limit Misaligned | High Pedestrian Interaction | Above Human Tolerance Limit,0.1813,Light,False,53.6813,-0.021,-0.004,High Misalignment,31,Unnamed Road,2609
4305,Unnamed Road,Urban Road,URB-04305,4305,12.9348,77.5376,12.9346,77.5379,42.9,1722.0,1722.043,8.0829,Aligned,1.0018,0.9978,0.0076,0.0003,0.0013,23.1841,22.1082,33.6962,26.2127,22.7117,51.5751,87.9298,0.6734,30.4717,15.8654,No,0.0,-0.0077,-0.0263,Poor,Medium,2.3945,10.0,10.0,20.5712,Safe,73.089,20.8082,16.2622,Aligned,22.6543,52.8478,Side Impact Potential,Peri-Urban,1.9153,False,Industrial,Poor Infrastructure,0.0018,,False,20.5403,-0.0072,0.0082,Aligned,23,Unnamed Road,2610
4306,Unnamed Road,Urban Road,URB-04306,4306,12.9634,77.5819,12.9624,77.5819,116.5,1722.4,1722.517,68.1026,High Misalignment,0.7908,-0.0479,0.1648,0.7961,0.0108,48.6411,50.6911,99.2564,33.452,25.1533,51.9619,53.5902,0.0,60.0,16.9963,No,0.0,-0.0006,0.0233,Poor,Medium,0.3478,10.0,10.2286,35.9976,Moderate Risk,52.9094,48.7064,56.7852,High Misalignment,60.8828,52.0091,Side Impact Potential,Peri-Urban,7.9326,False,Mixed,Speed Limit Misaligned | Poor Infrastructure | Above Human Tolerance Limit,-0.0038,,False,47.4323,-0.0003,-0.0119,High Misalignment,49,Unnamed Road,2611
4307,Unnamed Road,Urban Road,URB-04307,4307,12.9398,77.5738,12.9398,77.5735,37.3,1722.8,1722.837,10.2937,Aligned,0.9483,0.9788,0.0785,-0.0018,-0.0079,17.6865,20.4929,27.2082,0.0,12.3307,49.333,90.2401,0.0112,21.3186,3.2385,No,0.0,-0.0008,0.0505,Poor,Medium,1.5627,10.0,10.0,19.6436,Safe,69.4303,17.9584,16.0663,Aligned,18.8124,35.6635,Side Impact Potential,Rural,1.1716,False,Residential,Poor Infrastructure,0.1717,Light,False,13.3904,-0.001,0.005,Aligned,18,Unnamed Road,2612
4308,Unnamed Road,Urban Road,URB-04308,4308,12.9801,77.5551,12.9806,77.5551,56.7,1723.2,1723.257,9.3827,Aligned,0.9961,0.9482,0.0098,0.0133,-0.0081,20.4326,20.9857,28.0708,13.902,23.5666,49.3884,77.2399,0.1263,30.19,17.4431,No,0.0,-0.0043,-0.0564,Good,Medium,2.142,10.0,10.0,22.0073,Safe,71.9164,20.6376,18.6745,Aligned,18.6469,49.2169,Side Impact Potential,Peri-Urban,2.1525,False,Residential,Poor Infrastructure,0.1832,Light,False,13.5368,-0.0175,0.0049,Aligned,21,Unnamed Road,2613
4309,Unnamed Road,Urban Road,URB-04309,4309,12.9759,77.5487,12.9769,77.5487,121.2,1723.6,1723.721,12.2633,Aligned,0.9458,0.9362,0.0391,-0.0122,0.0057,19.0356,21.5462,54.8762,20.1733,23.0528,50.8988,76.2302,0.0,38.9864,19.2626,No,0.0,0.0003,0.047,Good,Low,0.7099,10.0,10.2325,20.1719,Safe,72.8028,20.7659,18.7171,Aligned,20.539,37.418,Side Impact Potential,Rural,3.0846,False,Industrial,Poor Infrastructure,0.2177,Light,False,15.8214,-0.0127,0.0006,Aligned,19,Unnamed Road,2614
4310,Unnamed Road,Urban Road,URB-04310,4310,12.9769,77.5487,12.9783,77.5487,146.8,1724.0,1724.147,12.1505,Aligned,0.9412,0.8716,0.0606,0.023,0.0156,33.1579,34.4398,89.6405,26.2559,28.3259,48.1686,66.6041,0.0,50.104,20.1585,No,0.0,0.0003,1.0419,Good,Medium,1.8092,10.0,10.3244,22.351,Safe,73.0241,32.6908,19.5005,Aligned,34.4502,60.9818,Side Impact Potential,Urban,4.9056,True,Residential,Poor Infrastructure,-0.0053,,False,28.2352,0.0093,0.0087,Aligned,34,Unnamed Road,2615
4311,Unnamed Road,Urban Road,URB-04311,4311,12.9809,77.5487,12.9839,77.5489,334.6,1724.4,1724.735,15.4512,Aligned,0.8426,0.8433,0.1544,0.0026,0.0012,19.8717,21.201,49.3138,16.8089,27.7439,49.7026,63.3797,0.0,29.6362,12.8213,No,0.0,0.0088,0.0345,Good,High,2.5654,10.0,10.0,23.6515,Safe,71.6669,17.5485,19.3159,Aligned,19.8855,64.2687,Side Impact Potential,Urban,2.1697,False,Residential,Active Congestion | Poor Infrastructure,0.6893,Severe,False,10.5329,0.0149,-0.003,Aligned,21,Unnamed Road,2616
4312,Unnamed Road,Urban Road,URB-04312,4312,12.9839,77.5489,12.9844,77.5489,55.7,1724.8,1724.856,16.6718,Aligned,0.8039,0.781,0.1985,0.0182,0.0015,26.253,27.0893,27.4314,8.0066,21.4533,49.5573,95.8492,0.2335,20.0,12.0587,No,0.0,-0.0032,0.0068,Poor,High,0.8187,10.0,28.5334,23.9977,Safe,67.5159,23.4483,23.4386,Aligned,25.5458,44.069,Side Impact Potential,Rural,1.1592,False,Commercial,Poor Infrastructure,0.0006,,False,23.0111,0.0006,0.0034,Aligned,26,Unnamed Road,2617
4313,Unnamed Road,Urban Road,URB-04313,4313,12.9808,77.5505,12.9808,77.5491,156.6,1725.2,1725.357,25.7961,Moderate Misalignment,0.5061,0.466,0.5455,-0.0024,0.0052,74.5358,76.186,98.7957,0.2848,15.3787,77.9896,66.9047,0.1791,60.0,3.6385,No,0.0,0.0013,0.0622,Poor,Low,0.3681,10.0,10.0953,26.0604,Moderate Risk,61.8521,71.9402,31.5998,Moderate Misalignment,73.941,42.4954,Separated Traffic,Rural,5.1506,True,Residential,Poor Infrastructure | Above Human Tolerance Limit,-0.0052,,False,63.4212,-0.0009,-0.006,Moderate Misalignment,74,Unnamed Road,2618
4314,Unnamed Road,Urban Road,URB-04314,4314,12.9809,77.5487,12.9808,77.5491,45.4,1725.6,1725.645,97.9832,Critical Misalignment,0.9912,-0.0142,0.0114,0.0254,0.9802,29.0495,30.8925,76.7873,57.1108,54.2587,28.8144,92.9705,4.9846,60.0,65.7853,No,0.0,0.0092,1.0289,Good,Medium,2.4123,10.0,24.5039,50.5388,High Risk,43.5727,29.487,77.3967,Critical Misalignment,73.7565,66.125,Significant Pedestrian Interaction,Urban,1.8458,True,Mixed,Speed Limit Misaligned | High Pedestrian Interaction | Above Human Tolerance Limit,-0.016,,False,66.7146,0.9859,-0.0062,Critical Misalignment,28,Unnamed Road,2619
4315,Unnamed Road,Urban Road,URB-04315,4315,12.9783,77.5487,12.9802,77.5487,212.5,1726.0,1726.213,10.8439,Aligned,0.9385,0.9071,0.0715,-0.0047,-0.0048,29.9971,28.6767,79.6509,21.0893,21.6988,50.4802,54.6845,0.0,39.809,11.7667,No,0.0,0.0049,-0.0236,Poor,Low,1.7223,10.0,10.146,20.1757,Safe,72.8338,29.3049,17.5362,Aligned,31.4621,57.9329,Side Impact Potential,Urban,5.7197,False,Residential,Active Congestion | Poor Infrastructure,0.6592,Severe,False,10.2776,0.0044,0.0064,Aligned,31,Unnamed Road,2620
4316,Unnamed Road,Urban Road,URB-04316,4316,12.9802,77.5487,12.9809,77.5487,76.7,1726.4,1726.477,39.9788,Moderate Misalignment,0.7987,0.1233,0.8307,0.1143,0.0067,27.8822,29.6115,83.2206,54.4436,47.0692,32.9357,89.0457,0.1326,60.0,56.2421,No,0.0,0.0049,1.9321,Good,Medium,1.819,10.0,10.3557,40.5968,Moderate Risk,52.8176,30.1006,59.5996,High Misalignment,56.7918,60.2292,Significant Pedestrian Interaction,Urban,5.1473,True,Mixed,Speed Limit Misaligned | High Pedestrian Interaction | Above Human Tolerance Limit,-0.0152,,False,53.5981,-0.0031,0.0043,Moderate Misalignment,28,Unnamed Road,2621
4317,Unnamed Road,Urban Road,URB-04317,4317,12.9751,77.5483,12.9759,77.5487,91.7,1726.8,1726.892,38.8306,Moderate Misalignment,0.946,0.0229,1.0034,0.0016,0.0077,49.1225,50.4656,81.0598,15.1282,28.0899,49.2643,97.3376,0.1174,40.1025,20.1212,No,0.0,0.0025,0.0302,Poor,Low,1.4097,10.0,27.8522,28.2553,Moderate Risk,65.4456,47.8452,31.5218,Moderate Misalignment,52.652,56.3209,Side Impact Potential,Peri-Urban,5.9018,False,Commercial,Approach to Congestion (Tapered) | Poor Infrastructure,0.1302,Light,True,38.7565,-0.0112,-0.0029,Moderate Misalignment,49,Unnamed Road,2622
4318,Unnamed Road,Urban Road,URB-04318,4318,12.9844,77.5489,12.9859,77.5492,169.9,1727.2,1727.37,10.2558,Aligned,0.9947,1.0083,0.0739,-0.0014,0.0081,20.8621,21.359,56.5547,0.0,19.0761,47.9412,82.1477,0.0,40.1029,6.145,No,0.0,-0.0037,0.007,Poor,Low,2.482,10.0,10.2421,23.4705,Safe,67.6679,20.6357,18.6948,Aligned,17.858,59.4737,Side Impact Potential,Peri-Urban,3.8803,False,Residential,Poor Infrastructure,0.0028,,False,18.6778,-0.0119,-0.0059,Aligned,21,Unnamed Road,2623
4319,Unnamed Road,Urban Road,URB-04319,4319,12.9784,77.5491,12.975,77.5485,406.9,1727.6,1728.007,11.0593,Aligned,0.947,0.9499,0.0514,0.0208,-0.0004,21.4846,19.1513,29.606,0.0,23.082,49.447,91.4645,0.2087,20.0,8.0295,No,0.0,0.001,-0.0707,Poor,Medium,3.8063,10.0,10.0,23.434,Safe,67.8053,19.1516,22.5593,Aligned,21.5059,60.2617,Side Impact Potential,Peri-Urban,0.8568,False,Industrial,Poor Infrastructure,0.1514,Light,False,16.7027,-0.0036,-0.0043,Aligned,21,Unnamed Road,2624
4320,Unnamed Road,Urban Road,URB-04320,4320,12.9916,77.4877,12.9945,77.4779,1117.4,1728.0,1729.117,35.8278,Moderate Misalignment,0.6679,0.2577,0.6724,0.0779,-0.0015,50.343,48.0369,98.4069,2.6144,12.0742,51.3222,63.4281,5.6253,60.0,0.0,No,0.0,-0.0016,-0.0269,Poor,Medium,0.1586,10.0,10.5343,31.5642,Moderate Risk,52.8943,49.8834,43.6885,Moderate Misalignment,63.6194,39.9775,Side Impact Potential,Rural,7.1646,False,Residential,Poor Infrastructure | Above Human Tolerance Limit,0.2227,Light,False,44.5748,1.0037,-0.0014,Moderate Misalignment,51,Unnamed Road,2625
4321,Unnamed Road,Urban Road,URB-04321,4321,12.8924,77.6117,12.8928,77.6104,161.1,1728.4,1728.561,13.4124,Aligned,0.8095,0.8247,0.1797,0.0164,0.0021,55.3181,54.3855,100.0,10.5408,16.9323,79.7022,57.7067,0.3545,58.5301,8.4584,No,0.0,-0.0064,0.0005,Poor,High,0.2295,10.0,10.5759,19.9785,Safe,70.5908,56.9217,15.7292,Aligned,57.1739,44.4651,Separated Traffic,Rural,8.1725,True,Residential,Poor Infrastructure,-0.0086,,False,50.6383,-0.0026,-0.0015,Aligned,55,Unnamed Road,2626
4322,Unnamed Road,Urban Road,URB-04322,4322,13.0005,77.5246,13.0007,77.5247,29.2,1728.8,1728.829,45.4849,Moderate Misalignment,0.6086,0.1568,0.5296,0.3067,0.0106,49.2062,52.1604,98.6105,15.8968,24.0002,49.8311,68.1428,0.0,60.0,7.1906,No,0.0,0.0005,-0.0244,Poor,Medium,0.6242,10.0,10.3095,37.0574,Moderate Risk,48.3374,52.1574,56.724,High Misalignment,72.1632,67.1042,Side Impact Potential,Urban,6.8784,False,Residential,Speed Limit Misaligned | Poor Infrastructure | Above Human Tolerance Limit,0.0169,,False,57.5463,-0.0022,0.0073,Moderate Misalignment,50,Unnamed Road,2627
4323,Unnamed Road,Urban Road,URB-04323,4323,13.0007,77.5247,13.0011,77.5248,36.6,1729.2,1729.237,35.2381,Moderate Misalignment,0.835,0.1657,0.8091,-0.0017,0.0042,80.9921,80.454,100.0,15.0202,11.4697,79.6506,88.1903,0.0,60.0,4.7042,No,0.0,0.0015,0.0437,Poor,Low,0.2189,10.0,33.4304,26.3272,Moderate Risk,61.9548,80.5707,36.4863,Moderate Misalignment,81.3968,34.0354,Separated Traffic,Rural,8.1077,True,Industrial,Poor Infrastructure,0.0013,,False,67.8257,-0.0229,0.0091,Moderate Misalignment,80,Unnamed Road,2628
4324,Unnamed Road,Urban Road,URB-04324,4324,12.9984,77.5237,12.9988,77.5239,51.9,1729.6,1729.652,65.3419,High Misalignment,0.8505,0.0689,0.0302,0.8452,-0.0036,79.1255,80.6374,99.4894,7.501,21.2889,78.764,12.5689,0.0,59.5442,11.6691,No,0.0,-0.0001,0.0215,Poor,Low,0.1352,10.0,26.6971,37.438,Moderate Risk,46.3358,78.5136,56.2162,High Misalignment,115.572,46.4691,Separated Traffic,Rural,4.9654,True,Residential,Speed Limit Misaligned | Active Congestion | Poor Infrastructure,0.7113,Severe,False,31.2591,-0.0155,-0.0002,High Misalignment,79,Unnamed Road,2629
4325,Unnamed Road,Urban Road,URB-04325,4325,12.9988,77.5239,12.9992,77.5241,47.0,1730.0,1730.047,72.1217,High Misalignment,0.9485,0.0263,0.0472,0.9549,0.0091,31.9194,30.9172,77.0236,52.167,54.0311,30.0786,81.8033,0.4521,50.6263,61.9846,No,0.0,0.0071,1.0143,Good,Low,2.4284,10.0,10.6451,38.8004,Moderate Risk,60.3077,29.0282,51.0945,High Misalignment,49.0478,69.5061,Significant Pedestrian Interaction,Urban,1.8123,True,Residential,Speed Limit Misaligned | High Pedestrian Interaction | Above Human Tolerance Limit,0.1407,Light,False,38.6213,0.0108,0.0111,High Misalignment,31,Unnamed Road,2630
4326,Unnamed Road,Urban Road,URB-04326,4326,13.0016,77.5252,13.0019,77.5253,34.0,1730.4,1730.434,23.3455,Aligned,0.5182,0.5312,0.5189,0.0024,0.0005,48.1347,51.289,78.1927,32.2038,27.6113,48.9329,93.1153,0.1972,40.0136,15.2019,No,0.0,0.011,-0.0197,Good,High,2.0163,10.0,32.0804,25.8261,Moderate Risk,67.7007,50.3801,30.6497,Moderate Misalignment,51.1073,64.8009,Side Impact Potential,Urban,3.0114,True,Residential,Poor Infrastructure,-0.0314,,False,44.1338,-0.0035,-0.0077,Aligned,53,Unnamed Road,2631
4327,Unnamed Road,Urban Road,URB-04327,4327,13.0019,77.5253,13.0022,77.5254,32.4,1730.8,1730.832,16.6126,Aligned,0.8282,0.7781,0.1492,0.0281,-0.0072,59.9141,59.518,99.9035,8.2608,15.9395,81.2591,57.6064,0.0619,60.0,7.1445,No,0.0,0.0023,0.0423,Good,Medium,0.1229,10.0,10.095,20.8911,Safe,71.8387,59.2696,17.9077,Aligned,58.154,40.8955,Separated Traffic,Rural,5.9317,True,Residential,Approach to Congestion (Tapered) | Poor Infrastructure,-0.0174,,True,52.5633,0.0049,0.0127,Aligned,58,Unnamed Road,2632
4328,Unnamed Road,Urban Road,URB-04328,4328,13.0022,77.5254,13.0024,77.5255,32.8,1731.2,1731.233,10.2245,Aligned,0.9816,0.9664,0.0063,-0.0022,0.0016,17.8662,21.4517,32.0241,5.8922,17.7045,48.9411,92.9128,0.0,21.469,3.3494,No,0.0,0.0005,0.047,Poor,High,2.971,10.0,10.7809,20.9067,Safe,70.3444,15.7332,16.2118,Aligned,16.5647,55.0311,Side Impact Potential,Peri-Urban,2.0357,False,Residential,Poor Infrastructure,0.0016,,False,13.9144,0.0066,-0.0148,Aligned,19,Unnamed Road,2633
4329,Unnamed Road,Urban Road,URB-04329,4329,13.0011,77.5248,13.0013,77.525,34.8,1731.6,1731.635,9.9245,Aligned,0.9514,0.9778,0.0353,0.0018,0.0022,29.5837,29.9814,77.3665,20.4891,30.8281,49.5195,72.9862,0.0,39.4805,20.6628,No,0.0,0.0044,-0.0074,Good,Low,2.0646,10.0,10.2454,22.8548,Safe,71.7712,30.2366,21.9196,Aligned,29.1698,61.9551,Side Impact Potential,Urban,3.0003,True,Commercial,Poor Infrastructure,0.2282,Light,False,20.4704,0.0095,0.0179,Aligned,29,Unnamed Road,2634
4330,Unnamed Road,Urban Road,URB-04330,4330,13.0013,77.525,13.0016,77.5252,37.7,1732.0,1732.038,38.3548,Moderate Misalignment,0.961,0.0659,0.9875,-0.007,0.0017,74.2946,76.0366,98.3795,10.5427,14.9381,81.0416,99.6981,0.1256,58.59,3.2368,No,0.0,-0.0109,-0.0357,Poor,Medium,-0.0005,10.0,25.4783,25.2298,Moderate Risk,63.2245,74.6979,30.6016,Moderate Misalignment,77.0785,43.9871,Separated Traffic,Rural,6.0027,True,Residential,Poor Infrastructure,0.1373,Light,False,60.0651,-0.0128,-0.0246,Moderate Misalignment,74,Unnamed Road,2635
4331,Unnamed Road,Urban Road,URB-04331,4331,13.0033,77.5259,13.0036,77.5261,32.2,1732.4,1732.432,11.9994,Aligned,0.8988,0.8773,0.1203,-0.0005,-0.0084,69.3621,73.2982,100.0,9.9361,20.8552,83.289,62.0771,0.0,60.0,12.8822,No,0.0,-0.0047,-0.0764,Poor,Low,0.4002,10.0,10.0,21.784,Safe,70.1839,70.5096,20.5941,Aligned,69.3944,50.3387,Separated Traffic,Peri-Urban,5.8763,True,Residential,Poor Infrastructure,0.1568,Light,False,56.3468,0.0026,0.0193,Aligned,70,Unnamed Road,2636
4332,Unnamed Road,Urban Road,URB-04332,4332,13.0036,77.5261,13.0039,77.5262,39.7,1732.8,1732.84,21.7257,Aligned,0.5653,0.5378,0.4395,0.0042,0.0037,79.4337,80.9541,100.0,0.0,13.2723,80.096,75.6799,0.0,59.4923,4.848,No,0.0,-0.0031,-0.0321,Poor,Medium,0.1251,10.0,10.0,25.9578,Moderate Risk,61.3043,81.1957,31.0516,Moderate Misalignment,87.7257,39.3571,Separated Traffic,Rural,5.9107,True,Residential,Poor Infrastructure | Above Human Tolerance Limit,0.0061,,False,73.3466,0.0002,-0.0117,Aligned,81,Unnamed Road,2637
4333,Unnamed Road,Urban Road,URB-04333,4333,13.0042,77.5294,13.0036,77.53,96.3,1733.2,1733.296,39.8502,Moderate Misalignment,0.9631,0.0643,0.9653,-0.0148,-0.0085,52.0743,51.4563,80.6923,22.7976,29.9814,51.428,97.9235,0.1006,49.5265,15.6782,No,0.0,0.0027,0.0043,Good,Medium,2.6601,10.0,11.5791,25.5083,Moderate Risk,68.5562,49.6123,26.9431,Moderate Misalignment,55.3556,66.8681,Side Impact Potential,Urban,5.1905,False,Commercial,Poor Infrastructure,0.0014,,False,48.5869,0.0013,-0.0123,Moderate Misalignment,52,Unnamed Road,2638
4334,Unnamed Road,Urban Road,URB-04334,4334,13.005,77.5286,13.0042,77.5294,123.2,1733.6,1733.723,76.255,High Misalignment,0.9902,-0.0117,-0.0222,0.9854,-0.0084,50.1642,50.8234,99.1652,8.1158,25.6316,50.0302,11.1469,0.0794,60.0,9.6881,No,0.0,-0.0024,-0.055,Good,High,0.6027,10.0,10.0,38.7293,Moderate Risk,46.713,51.8222,58.3287,High Misalignment,67.747,69.1918,Side Impact Potential,Urban,4.0547,False,Residential,Speed Limit Misaligned | Active Congestion | Poor Infrastructure,0.8052,Severe,False,17.6143,0.006,-0.0009,High Misalignment,49,Unnamed Road,2639
4335,Unnamed Road,Urban Road,URB-04335,4335,12.999,77.5243,12.9995,77.5246,63.5,1734.0,1734.063,15.6529,Aligned,0.8208,0.8243,0.1645,0.0064,-0.008,28.681,29.5517,49.6401,24.6285,27.0658,50.6849,93.5289,0.1311,31.1455,16.8841,No,0.0,-0.0016,-0.0377,Poor,Low,3.0682,10.0,10.0471,22.2933,Safe,73.9729,27.8239,19.138,Aligned,30.2456,60.5229,Side Impact Potential,Urban,1.9851,False,Commercial,Poor Infrastructure,-0.0122,,False,24.0246,-0.0014,0.0043,Aligned,30,Unnamed Road,2640
4336,Unnamed Road,Urban Road,URB-04336,4336,13.0066,77.527,13.0059,77.527,78.0,1734.4,1734.478,10.7091,Aligned,0.9943,0.9732,0.0117,0.0003,-0.0132,28.2444,29.9057,28.4121,0.0,16.5911,52.4651,89.375,0.2625,29.732,7.7716,No,0.0,0.0042,0.0209,Poor,High,1.2138,10.0,10.0936,21.3904,Safe,67.0994,28.9006,18.9394,Aligned,30.4242,37.9257,Side Impact Potential,Rural,1.008,False,Residential,Poor Infrastructure,0.1649,Light,False,19.9085,0.0001,-0.0081,Aligned,31,Unnamed Road,2641
4337,Unnamed Road,Urban Road,URB-04337,4337,13.0059,77.527,13.005,77.5269,102.3,1734.8,1734.902,12.344,Aligned,0.9877,0.9913,-0.0258,0.0066,-0.0124,32.701,30.0354,55.0206,28.9571,27.2529,52.353,76.7926,0.0,40.1594,17.5252,No,0.0,-0.0023,-0.0086,Good,Low,2.9781,10.0,10.0,21.5339,Safe,74.502,32.3685,18.5415,Aligned,28.834,56.0173,Side Impact Potential,Urban,4.0308,False,Industrial,Poor Infrastructure,-0.0125,,False,25.6578,-0.0014,0.0093,Aligned,32,Unnamed Road,2642
4338,Unnamed Road,Urban Road,URB-04338,4338,13.0061,77.5275,13.0059,77.5277,33.8,1735.2,1735.234,41.4275,Moderate Misalignment,0.9206,0.019,0.91,0.0832,-0.0115,82.3383,79.7984,100.0,0.0,15.1586,80.5222,99.8458,0.0531,60.0,11.2495,No,0.0,-0.0033,0.0052,Poor,High,0.2302,10.0,33.6407,31.4477,Moderate Risk,55.2588,79.7049,42.9934,Moderate Misalignment,94.0701,34.391,Separated Traffic,Rural,8.1305,True,Residential,Poor Infrastructure,0.1959,Light,False,70.3594,0.0063,0.0104,Moderate Misalignment,78,Unnamed Road,2643
4339,Unnamed Road,Urban Road,URB-04339,4339,13.0061,77.5275,13.0063,77.5273,29.5,1735.6,1735.63,7.0165,Aligned,0.9636,0.9903,0.038,-0.0097,-0.0196,15.6619,19.7607,26.7554,0.3943,13.905,50.4304,88.1202,0.6322,59.4145,2.4618,No,0.0,0.0044,0.0668,Poor,Medium,1.7506,10.0,10.277,20.6645,Safe,68.9293,14.3484,16.2586,Aligned,17.3712,39.3436,Side Impact Potential,Rural,0.9532,False,Industrial,Poor Infrastructure,0.0108,,False,14.3396,0.0061,-0.0024,Aligned,13,Unnamed Road,2644
4340,Unnamed Road,Urban Road,URB-04340,4340,13.0059,77.5277,13.0056,77.5279,33.6,1736.0,1736.034,7.9108,Aligned,0.9918,1.0124,0.0494,-0.0138,0.0073,26.3114,26.5745,27.3624,0.0,11.2311,50.3242,86.4982,0.1692,60.0,1.0981,No,0.0,0.0088,0.0052,Poor,Medium,2.2208,10.0,10.0116,19.9687,Safe,69.1586,25.7819,17.7853,Aligned,28.3087,39.0851,Side Impact Potential,Rural,1.0657,False,Residential,Poor Infrastructure,-0.0003,,False,22.4348,0.0084,0.0078,Aligned,25,Unnamed Road,2645
4341,Unnamed Road,Urban Road,URB-04341,4341,13.0055,77.5281,13.0056,77.5279,26.0,1736.4,1736.426,12.9699,Aligned,0.9841,0.9797,0.038,-0.0126,0.0105,26.215,25.1436,49.7001,14.9678,24.4852,48.8181,85.4596,0.0555,31.5171,12.0975,No,0.0,-0.0005,-0.079,Good,Medium,1.7307,10.0,10.0,22.5377,Safe,70.4173,22.4461,18.2607,Aligned,25.4222,60.4761,Side Impact Potential,Peri-Urban,1.9323,False,Industrial,Poor Infrastructure,-0.0052,,False,19.1534,0.0022,0.0099,Aligned,23,Unnamed Road,2646
4342,Unnamed Road,Urban Road,URB-04342,4342,13.0088,77.5265,13.0097,77.5265,98.7,1736.8,1736.899,12.1349,Aligned,0.9779,0.9771,0.0567,-0.012,-0.0037,18.8389,17.6905,60.1497,1.7008,18.5205,50.7843,82.2438,0.5111,28.034,2.2369,No,0.0,-0.0024,0.0178,Poor,Medium,3.516,10.0,10.0511,23.1953,Safe,67.3232,17.7756,19.0978,Aligned,20.557,66.2679,Side Impact Potential,Urban,2.8114,True,Commercial,Poor Infrastructure,0.0041,,False,18.1983,-0.0079,-0.008,Aligned,19,Unnamed Road,2647