segment_id,road_name,road_type,human_segment_id,internal_id,start_lat,start_lon,end_lat,end_lon,length_m,start_km,end_km,road_risk_score,ai_risk_label,ai_risk_probability,prob_low_risk,prob_medium_risk,prob_high_risk,prob_critical_risk,ai_recommended_speed,recommended_safe_speed,road_function_score,infrastructure_score,exposure_score,human_tolerance_limit,operating_speed_score,crash_risk_score,posted_speed_limit,pedestrian_exposure_score,blackspot_flag,crash_count,fatal_crashes,schools_count,lighting_quality,roadside_hazards,intersection_density,speed_compliance_rate,speed_violation_score,hotspot_score,hotspot_category,speed_safety_score,original_safe_speed,misalignment_score,misalignment_category,speed_p85,ptw_share_pct,exposure_tier,urban_rural_flag,lane_count,median_presence,land_use_type,top_ai_factors,congestion_index,congestion_category,congestion_smoothed,operating_speed_mean,minor_crashes,major_crashes,risk_category,final_safe_speed,corridor_base,corridor_seq
4343,Unnamed Road,Urban Road,URB-04343,4343,13.0066,77.5265,13.0088,77.5265,242.9,1737.2,1737.443,9.9688,Aligned,1.0002,0.9691,0.0408,-0.0174,-0.002,30.2025,29.6031,29.2703,10.3406,17.1443,48.8255,91.0369,0.0,29.9441,11.4896,No,0.0,0.0037,-0.0157,Poor,Low,0.795,10.0,10.0,21.2699,Safe,70.8871,30.8727,19.2102,Aligned,31.1235,40.7579,Side Impact Potential,Rural,1.0505,False,Mixed,Poor Infrastructure,0.0029,,False,21.9151,-0.0073,0.0024,Aligned,28,Unnamed Road,2648
4344,Unnamed Road,Urban Road,URB-04344,4344,13.005,77.5269,13.0044,77.5268,65.9,1737.6,1737.666,13.1146,Aligned,0.9117,0.9168,0.0665,0.0241,-0.0157,25.9934,27.8761,28.2519,8.8777,22.2684,51.0122,90.2583,0.1252,29.8579,15.1754,No,0.0,-0.0021,-0.006,Poor,Low,1.0242,10.0,10.5026,22.2097,Safe,69.7385,25.345,19.1077,Aligned,26.17,44.558,Side Impact Potential,Rural,1.1018,False,Residential,Poor Infrastructure,0.0052,,False,22.4947,0.0077,-0.013,Aligned,25,Unnamed Road,2649
4345,Unnamed Road,Urban Road,URB-04345,4345,13.0031,77.5263,13.0044,77.5268,154.0,1738.0,1738.154,16.0464,Aligned,0.7162,0.7658,0.2204,-0.0026,0.0019,49.7364,48.1222,73.4596,32.0144,36.5003,51.4657,90.0996,0.2424,49.8126,33.2716,No,0.0,0.0019,0.9684,Good,High,1.8396,10.0,10.0,24.757,Safe,73.3189,48.2125,21.3471,Aligned,49.2713,64.3049,Side Impact Potential,Urban,2.1357,False,Residential,Poor Infrastructure,0.009,,False,43.1124,-0.0151,-0.0128,Aligned,48,Unnamed Road,2650
4346,Unnamed Road,Urban Road,URB-04346,4346,13.0,77.5249,13.0003,77.525,35.5,1738.4,1738.436,18.6255,Aligned,0.6629,0.6636,0.3157,0.0058,0.0113,17.8888,21.0337,26.7409,4.4737,21.2788,50.0444,98.3501,0.1553,20.0,5.6444,No,0.0,-0.001,-0.0796,Good,Medium,3.2506,10.0,10.2533,22.7355,Safe,69.5898,20.4097,20.4428,Aligned,18.2034,57.9619,Side Impact Potential,Peri-Urban,1.1729,False,Commercial,Poor Infrastructure,0.0198,,False,16.7193,-0.0033,0.0153,Aligned,18,Unnamed Road,2651
4347,Unnamed Road,Urban Road,URB-04347,4347,13.0,77.5249,12.9997,77.5247,35.8,1738.8,1738.836,11.1304,Aligned,0.9248,0.9285,0.0854,-0.0018,0.0053,26.6603,26.8713,52.8677,50.8647,26.8845,50.6015,91.5988,0.1896,59.9092,20.3886,No,0.0,-0.006,0.0089,Poor,High,3.2539,10.0,10.0,18.522,Safe,80.2415,28.6118,15.2284,Aligned,26.919,55.6015,Side Impact Potential,Urban,4.1672,False,Industrial,Meets Safe System Standards,-0.0045,,False,26.9811,0.0094,0.0003,Aligned,27,Unnamed Road,2652
4348,Unnamed Road,Urban Road,URB-04348,4348,13.0002,77.5245,13.0005,77.5246,38.3,1739.2,1739.238,43.7912,Moderate Misalignment,0.8749,0.0427,0.8481,0.1044,-0.0007,41.16,40.5445,98.5864,51.4691,43.1843,49.9924,63.7993,0.1379,59.0239,38.1447,No,0.0,0.0056,0.9672,Good,Medium,0.5779,10.0,10.0,28.408,Moderate Risk,69.9093,42.9791,35.2147,Moderate Misalignment,43.3623,66.7189,Side Impact Potential,Urban,4.053,True,Residential,Above Human Tolerance Limit,-0.0106,,False,35.7676,0.015,0.0078,Moderate Misalignment,43,Unnamed Road,2653
4349,Unnamed Road,Urban Road,URB-04349,4349,12.9992,77.5241,13.0002,77.5245,117.6,1739.6,1739.718,13.088,Aligned,0.9713,0.9797,0.0127,0.0156,-0.0002,15.0048,20.3204,27.5711,1.1395,13.8593,48.9285,87.9723,0.0,20.0,5.1011,No,0.0,-0.0083,-0.0607,Poor,Medium,1.8067,10.0,10.2452,20.6648,Safe,68.865,15.4671,17.6682,Aligned,16.1642,39.6651,Side Impact Potential,Rural,1.0509,False,Industrial,Poor Infrastructure,-0.0112,,False,12.6544,-0.0006,0.0143,Aligned,17,Unnamed Road,2654
4350,Unnamed Road,Urban Road,URB-04350,4350,13.0049,77.5264,13.0051,77.5265,24.0,1740.0,1740.024,11.0477,Aligned,0.9562,0.9423,0.0595,0.0055,-0.0034,39.1544,39.7324,85.3066,30.6743,45.3874,49.8432,71.7597,0.0,50.002,42.8696,No,0.0,-0.0064,1.0053,Poor,Low,1.9019,10.0,10.0,27.7034,Moderate Risk,71.1829,38.0093,24.0271,Aligned,40.1933,64.2174,Side Impact Potential,Urban,4.9146,True,Residential,Poor Infrastructure,0.1199,Light,False,28.3682,0.0064,-0.0069,Aligned,39,Unnamed Road,2655
4351,Unnamed Road,Urban Road,URB-04351,4351,13.0051,77.5265,13.0061,77.5265,118.3,1740.4,1740.518,39.3098,Moderate Misalignment,0.8862,0.0958,0.848,0.072,-0.0097,48.9154,49.3849,98.9953,0.4377,12.0904,52.0169,85.7192,0.0,60.0,5.7923,No,0.0,-0.0044,0.0036,Poor,Low,0.3711,10.0,10.3849,31.9386,Moderate Risk,52.2724,49.7177,47.6155,Moderate Misalignment,74.4612,35.5474,Side Impact Potential,Rural,6.8937,False,Residential,Poor Infrastructure | Above Human Tolerance Limit,-0.0232,,False,58.2426,0.0116,0.0043,Moderate Misalignment,48,Unnamed Road,2656
4352,Unnamed Road,Urban Road,URB-04352,4352,13.0083,77.5269,13.0073,77.527,115.7,1740.8,1740.916,27.6042,Moderate Misalignment,0.5831,0.4503,0.5571,0.0187,-0.0072,49.5564,49.0824,82.0439,38.6762,34.2335,50.5294,94.6036,0.5345,50.2729,32.0461,No,0.0,0.0029,-0.0057,Good,Low,1.9889,10.0,26.0928,28.4824,Moderate Risk,66.7252,48.8209,32.5905,Moderate Misalignment,62.2594,60.8311,Side Impact Potential,Urban,3.0053,True,Commercial,Meets Safe System Standards,-0.032,,False,53.2429,-0.0047,0.0078,Moderate Misalignment,49,Unnamed Road,2657
4353,Unnamed Road,Urban Road,URB-04353,4353,13.0073,77.527,13.0066,77.527,75.0,1741.2,1741.275,41.5795,Moderate Misalignment,0.9217,0.001,0.887,0.0616,0.0047,74.5754,73.1079,97.7339,0.1817,19.9427,78.4062,97.5527,0.0,58.4478,6.3789,No,0.0,-0.0121,0.0296,Good,High,0.5093,10.0,23.5294,28.8608,Moderate Risk,60.3192,74.8645,35.0596,Moderate Misalignment,72.8694,53.2296,Separated Traffic,Peri-Urban,5.0264,True,Industrial,Poor Infrastructure,0.1478,Light,False,56.911,0.0003,0.0055,Moderate Misalignment,73,Unnamed Road,2658
4354,Unnamed Road,Urban Road,URB-04354,4354,13.0003,77.525,13.0006,77.5251,32.4,1741.6,1741.632,10.4928,Aligned,0.991,0.9368,0.0218,0.0184,0.0041,24.6783,24.1954,24.6648,15.0073,24.8057,51.5814,79.7189,0.0787,20.0034,13.1262,No,0.0,0.0049,0.0468,Poor,High,2.2821,10.0,20.7979,24.4944,Safe,69.7348,25.4986,23.3689,Aligned,24.6723,57.6333,Side Impact Potential,Peri-Urban,1.0767,False,Mixed,Active Congestion | Poor Infrastructure,0.7949,Severe,False,10.0614,-0.0061,-0.0063,Aligned,22,Unnamed Road,2659
4355,Unnamed Road,Urban Road,URB-04355,4355,12.9997,77.5247,12.9995,77.5246,34.3,1742.0,1742.034,14.521,Aligned,0.8315,0.8325,0.1315,0.0084,-0.0021,48.8559,51.6241,98.8428,1.2434,16.7737,79.6123,59.9794,0.2489,60.0,8.1092,No,0.0,-0.0051,-0.0597,Poor,Medium,0.159,10.0,10.0,22.3861,Safe,68.7876,49.6349,17.4028,Aligned,49.5927,44.456,Separated Traffic,Rural,6.1572,True,Industrial,Poor Infrastructure,-0.022,,False,41.4422,0.0131,-0.0149,Aligned,50,Unnamed Road,2660
4356,Unnamed Road,Urban Road,URB-04356,4356,13.0014,77.5325,13.0016,77.5323,34.6,1742.4,1742.435,9.4921,Aligned,1.0076,1.042,-0.0301,-0.0027,-0.0016,38.0569,38.1356,57.7362,10.4318,16.5708,68.7803,85.6543,0.0,58.7995,10.8646,No,0.0,0.0017,0.0864,Poor,High,1.2239,10.0,10.1656,20.4321,Safe,71.9192,36.5651,16.6677,Aligned,39.5015,34.1421,Separated Traffic,Rural,1.856,True,Residential,Poor Infrastructure,0.188,Light,False,29.0137,-0.0072,0.0003,Aligned,40,Unnamed Road,2661
4357,Unnamed Road,Urban Road,URB-04357,4357,13.0018,77.5321,13.0016,77.5323,26.2,1742.8,1742.826,13.6424,Aligned,0.8764,0.9369,0.1098,0.021,0.017,69.2324,71.3798,100.0,0.8267,14.0291,80.4263,72.1749,0.1999,59.9231,0.0929,No,0.0,-0.0005,0.0346,Poor,Low,0.328,10.0,10.0287,19.8818,Safe,69.1847,70.3371,17.2137,Aligned,73.0265,45.5343,Separated Traffic,Rural,3.8249,True,Mixed,Poor Infrastructure,0.0023,,False,61.6414,-0.0164,0.0046,Aligned,71,Unnamed Road,2662
4358,Unnamed Road,Urban Road,URB-04358,4358,13.0014,77.5325,13.0012,77.5328,40.9,1743.2,1743.241,69.8693,High Misalignment,0.8492,-0.0027,0.139,0.8571,-0.0154,31.3185,27.2749,76.4969,60.0941,54.3694,30.4497,72.6359,0.1176,48.5907,70.3555,No,0.0,0.0002,2.0237,Good,Medium,2.2871,10.0,10.0,37.0396,Moderate Risk,61.0296,29.481,49.2594,High Misalignment,36.8443,61.0661,Significant Pedestrian Interaction,Urban,4.8844,False,Mixed,Speed Limit Misaligned | High Pedestrian Interaction | Above Human Tolerance Limit,-0.0265,,False,33.6797,0.0042,0.0054,High Misalignment,31,Unnamed Road,2663
4359,Unnamed Road,Urban Road,URB-04359,4359,13.0008,77.5333,13.0012,77.5328,76.0,1743.6,1743.676,10.4276,Aligned,0.9777,0.9806,0.0596,0.0056,-0.0019,33.6243,30.2637,26.7852,32.792,18.5397,50.6013,91.8128,0.3618,27.4197,18.192,No,0.0,0.0002,0.0254,Poor,High,2.1518,10.0,10.0513,19.1911,Safe,75.4561,32.7378,18.0517,Aligned,31.4302,39.5345,Side Impact Potential,Rural,1.9202,False,Residential,Poor Infrastructure,0.1835,Light,False,25.4573,0.0022,-0.0167,Aligned,33,Unnamed Road,2664
4360,Unnamed Road,Urban Road,URB-04360,4360,12.9981,77.5235,12.9984,77.5237,39.3,1744.0,1744.039,71.5886,High Misalignment,0.8553,-0.0001,0.137,0.8694,-0.002,28.8956,31.7787,84.2951,34.1605,47.954,28.9091,96.5329,0.0205,38.6613,51.0969,No,0.0,-0.0055,1.0089,Poor,Low,2.1385,10.0,33.793,38.9826,Moderate Risk,55.4092,31.5352,51.6749,High Misalignment,52.989,66.2043,Significant Pedestrian Interaction,Urban,5.715,True,Residential,Speed Limit Misaligned | High Pedestrian Interaction | Above Human Tolerance Limit,0.1678,Light,False,40.1736,-0.0212,0.0033,High Misalignment,31,Unnamed Road,2665
4361,Unnamed Road,Urban Road,URB-04361,4361,13.0091,77.5271,13.0094,77.5272,35.3,1744.4,1744.435,11.8749,Aligned,0.953,0.9603,0.0556,0.006,-0.002,59.6964,60.9257,98.5694,2.2938,13.0489,79.3064,74.5799,0.0,58.9859,2.3494,No,0.0,-0.006,-0.0247,Poor,High,0.1027,10.0,10.1713,20.0544,Safe,69.088,61.3295,16.7232,Aligned,58.7733,34.2026,Separated Traffic,Rural,8.2317,True,Commercial,Poor Infrastructure,0.0063,,False,54.0633,0.0121,0.0028,Aligned,61,Unnamed Road,2666
4362,Unnamed Road,Urban Road,URB-04362,4362,13.0091,77.5271,13.0088,77.527,36.6,1744.8,1744.837,11.8779,Aligned,0.9605,1.0062,0.0482,0.0003,0.0114,42.1931,39.6828,82.8417,36.4437,31.237,51.9907,46.5224,0.0,51.7006,26.9864,No,0.0,0.0047,-0.0346,Good,High,1.9506,10.0,10.0,21.99,Safe,75.2153,41.0305,19.9948,Aligned,41.8924,58.0182,Side Impact Potential,Urban,3.9892,True,Commercial,Active Congestion,0.607,Severe,False,12.713,0.0048,0.0003,Aligned,41,Unnamed Road,2667
4363,Unnamed Road,Urban Road,URB-04363,4363,13.0028,77.5307,13.0026,77.531,44.2,1745.2,1745.244,13.3802,Aligned,0.8892,0.8947,0.0836,0.0124,0.0085,68.525,70.0351,96.9492,65.5966,29.877,78.8614,67.2892,0.2801,60.0,27.1519,No,0.0,0.0031,-0.0427,Good,Medium,0.3677,10.0,10.0,16.2812,Safe,84.7055,68.1997,13.8492,Aligned,70.5594,55.5745,Separated Traffic,Urban,3.9906,True,Residential,Meets Safe System Standards,0.0008,,False,60.403,-0.0023,-0.0139,Aligned,70,Unnamed Road,2668
4364,Unnamed Road,Urban Road,URB-04364,4364,13.0026,77.531,13.0024,77.5312,30.0,1745.6,1745.63,11.8167,Aligned,0.9747,0.9682,0.0354,0.0133,0.0085,25.0804,23.7388,54.0448,0.3937,22.7149,50.7641,84.3894,0.0,30.7422,9.5263,No,0.0,-0.0011,-0.0212,Good,High,2.1604,10.0,10.0,23.2913,Safe,67.4058,26.0747,20.4951,Aligned,24.942,52.4153,Side Impact Potential,Peri-Urban,3.8885,False,Commercial,Poor Infrastructure,0.0093,,False,20.2986,-0.0065,0.0112,Aligned,24,Unnamed Road,2669
4365,Unnamed Road,Urban Road,URB-04365,4365,13.0094,77.5272,13.0097,77.5265,90.8,1746.0,1746.091,13.903,Aligned,0.8668,0.8576,0.0842,-0.0056,0.0057,40.7638,37.3948,100.0,25.1879,30.2545,80.8503,60.3011,0.0,60.0,16.4066,No,0.0,-0.0109,-0.034,Poor,Low,0.52,10.0,10.0,22.9777,Safe,72.8846,39.1798,19.1862,Aligned,42.672,66.8654,Separated Traffic,Urban,7.0797,True,Commercial,Poor Infrastructure,-0.0212,,False,33.2274,-0.0377,-0.0084,Aligned,42,Unnamed Road,2670
4366,Unnamed Road,Urban Road,URB-04366,4366,13.0028,77.5307,13.0036,77.53,112.9,1746.4,1746.513,11.6978,Aligned,0.9907,0.9839,0.0322,0.002,-0.011,26.9337,27.2411,77.7795,28.8799,28.6778,49.9323,74.8898,0.0,40.4093,11.0224,No,0.0,-0.0039,-0.0993,Good,High,1.9088,10.0,10.2796,21.3347,Safe,74.3316,29.7746,19.6528,Aligned,27.1913,67.9937,Side Impact Potential,Urban,1.8766,True,Commercial,Poor Infrastructure,0.0152,,False,24.2863,-0.0014,-0.0022,Aligned,27,Unnamed Road,2671
4367,Unnamed Road,Urban Road,URB-04367,4367,13.0009,77.5253,13.0006,77.5251,34.2,1746.8,1746.834,11.4501,Aligned,0.9333,0.9444,0.0182,0.009,0.0179,37.5808,35.8194,86.485,23.8417,30.9788,50.0363,51.392,0.0317,40.5086,25.5513,No,0.0,0.0081,0.0081,Poor,High,2.2555,10.0,10.0108,23.973,Safe,72.6021,35.8704,20.3074,Aligned,35.7103,59.7653,Side Impact Potential,Urban,6.0517,True,Residential,Active Congestion | Poor Infrastructure,0.7907,Severe,False,10.0,0.0001,-0.0052,Aligned,38,Unnamed Road,2672
4368,Unnamed Road,Urban Road,URB-04368,4368,13.0009,77.5253,13.0011,77.5254,34.8,1747.2,1747.235,10.8893,Aligned,0.9699,0.8833,0.0146,-0.0099,0.0067,27.5108,28.2793,80.2102,0.5562,21.4359,50.8705,70.6634,0.3181,40.6158,9.3931,No,0.0,0.0027,0.0472,Poor,Medium,1.7664,10.0,10.0,23.3454,Safe,67.3449,24.7941,20.5321,Aligned,26.7772,55.2414,Side Impact Potential,Urban,3.073,True,Residential,Poor Infrastructure,0.1978,Light,False,20.019,0.0317,0.0063,Aligned,28,Unnamed Road,2673
4369,Unnamed Road,Urban Road,URB-04369,4369,13.0015,77.5256,13.0011,77.5254,36.9,1747.6,1747.637,11.5568,Aligned,0.987,0.9842,0.016,-0.0,0.0032,26.0074,25.0025,62.391,27.6746,23.9849,49.0039,85.0052,0.1029,30.1078,15.0685,No,0.0,-0.0001,-0.0189,Good,High,3.2616,10.0,10.0,20.9192,Safe,74.7357,24.1085,17.5831,Aligned,26.5555,56.2817,Side Impact Potential,Urban,3.8375,True,Mixed,Poor Infrastructure,0.1145,Light,False,21.5419,0.0024,0.0067,Aligned,27,Unnamed Road,2674
4370,Unnamed Road,Urban Road,URB-04370,4370,13.0055,77.5281,13.0052,77.5283,40.3,1748.0,1748.04,17.3852,Aligned,0.8032,0.756,0.1809,0.0085,-0.0124,34.7274,35.2847,48.1586,58.6455,31.859,50.0389,98.8282,0.1708,28.352,26.395,No,0.0,0.0044,0.0676,Good,Medium,3.4073,10.0,10.0,20.0058,Safe,80.0373,31.0307,19.4617,Aligned,31.7499,57.3146,Side Impact Potential,Urban,1.989,False,Residential,Meets Safe System Standards,-0.0222,,False,28.9572,-0.0044,-0.0021,Aligned,34,Unnamed Road,2675
4371,Unnamed Road,Urban Road,URB-04371,4371,13.0015,77.5256,13.0018,77.5257,38.6,1748.4,1748.439,11.5897,Aligned,0.9873,0.9672,0.0356,-0.0209,-0.0057,15.3193,17.299,27.6697,9.776,25.9025,50.6407,87.677,0.0,58.9046,11.5543,No,0.0,-0.0044,-0.0217,Poor,Medium,2.902,10.0,10.0,22.1639,Safe,70.6281,18.2151,20.5462,Aligned,14.0554,59.1093,Side Impact Potential,Peri-Urban,0.8588,False,Commercial,Poor Infrastructure,0.0066,,False,10.9765,0.0009,0.0185,Aligned,18,Unnamed Road,2676
4372,Unnamed Road,Urban Road,URB-04372,4372,13.0018,77.5257,13.0031,77.5263,165.9,1748.8,1748.966,39.9132,Moderate Misalignment,0.9913,-0.0081,0.9573,0.0064,0.0063,80.6744,80.5017,99.9706,1.6191,15.5509,80.1308,100.0,0.0,60.0,8.1863,No,0.0,-0.0012,-0.0198,Poor,Medium,0.08,10.0,26.1448,29.3611,Moderate Risk,56.8381,79.6639,40.4175,Moderate Misalignment,101.7506,34.8806,Separated Traffic,Rural,6.1673,True,Industrial,Poor Infrastructure,0.1254,Light,False,81.2549,-0.014,0.0021,Moderate Misalignment,79,Unnamed Road,2677
4373,Unnamed Road,Urban Road,URB-04373,4373,13.0061,77.5265,13.0066,77.5265,51.4,1749.2,1749.251,10.1342,Aligned,1.0055,0.9995,0.0062,-0.0114,-0.006,24.2709,23.7209,27.5416,23.5252,23.1356,47.0574,86.0448,0.0228,32.1885,14.9175,No,0.0,-0.0025,-0.0163,Poor,Medium,2.198,10.0,10.471,20.4001,Safe,74.5588,25.2433,18.2968,Aligned,26.0617,52.8927,Side Impact Potential,Peri-Urban,2.0581,False,Industrial,Poor Infrastructure,0.0043,,False,18.5858,-0.0044,0.0027,Aligned,23,Unnamed Road,2678
4374,Unnamed Road,Urban Road,URB-04374,4374,13.0066,77.5265,13.0066,77.527,63.5,1749.6,1749.664,7.9821,Aligned,0.9913,0.9933,0.0167,0.0032,0.0116,12.5748,20.0752,26.3748,20.4203,29.2698,50.6832,85.4988,0.0,20.0588,17.5426,No,0.0,0.0021,0.0145,Poor,High,1.9001,10.0,10.0,22.3853,Safe,71.8756,14.721,19.0478,Aligned,13.858,57.6955,Side Impact Potential,Peri-Urban,1.2632,False,Residential,Poor Infrastructure,-0.0143,,False,11.3854,0.0037,-0.0052,Aligned,12,Unnamed Road,2679
4375,Unnamed Road,Urban Road,URB-04375,4375,13.0024,77.5255,13.0027,77.5256,33.0,1750.0,1750.033,11.6462,Aligned,0.9653,1.0056,0.0249,0.0045,-0.0012,37.0052,36.3863,48.2948,25.5658,42.4394,51.0443,87.3595,0.0,37.6966,45.0793,No,0.0,0.0054,1.0287,Good,High,1.5719,10.0,10.7038,27.5255,Moderate Risk,70.9466,37.252,22.2149,Aligned,33.9232,55.4564,Side Impact Potential,Peri-Urban,1.7808,False,Residential,Poor Infrastructure,-0.0266,,False,31.7409,0.0078,-0.0105,Aligned,38,Unnamed Road,2680
4376,Unnamed Road,Urban Road,URB-04376,4376,13.0027,77.5256,13.003,77.5258,38.7,1750.4,1750.439,19.9638,Aligned,0.6808,0.6182,0.2749,0.0164,-0.0046,50.9587,47.9708,97.8837,27.0012,20.8562,79.4971,75.1226,0.1208,59.3832,15.4217,No,0.0,-0.0111,0.0664,Good,Medium,0.2623,10.0,10.0,18.8423,Safe,75.6203,47.807,16.6388,Aligned,47.9621,38.3539,Separated Traffic,Rural,5.9639,True,Residential,Poor Infrastructure,0.0289,,False,45.1761,0.0028,-0.0103,Aligned,51,Unnamed Road,2681
4377,Unnamed Road,Urban Road,URB-04377,4377,13.003,77.5258,13.0033,77.5259,32.7,1750.8,1750.833,11.3011,Aligned,0.9248,0.9031,0.0777,-0.0132,-0.0046,22.8617,23.1135,29.2411,29.2949,36.7255,28.7996,80.3834,0.0139,30.7468,35.4143,No,0.0,0.0002,1.0225,Poor,High,2.7618,10.0,10.0,23.9195,Safe,72.6799,22.5271,20.971,Aligned,22.7852,54.1305,Significant Pedestrian Interaction,Peri-Urban,0.7898,False,Residential,High Pedestrian Interaction | Poor Infrastructure,0.2182,Light,False,17.2625,0.0066,-0.0028,Aligned,22,Unnamed Road,2682
4378,Unnamed Road,Urban Road,URB-04378,4378,13.0039,77.5262,13.0042,77.5263,37.6,1751.2,1751.238,36.0079,Moderate Misalignment,0.7759,0.1819,0.8004,-0.0011,0.0018,45.0664,43.6291,84.8302,24.0478,32.099,50.3365,91.3071,0.0,39.4017,26.8794,No,0.0,0.004,0.9582,Good,Low,1.8713,10.0,10.2684,25.7955,Moderate Risk,69.2051,42.5957,26.8599,Moderate Misalignment,41.7171,62.5892,Side Impact Potential,Urban,4.7309,True,Commercial,Poor Infrastructure,0.1633,Light,False,32.9239,0.0151,0.0077,Moderate Misalignment,45,Unnamed Road,2683
4379,Unnamed Road,Urban Road,URB-04379,4379,13.0042,77.5263,13.0045,77.5264,38.2,1751.6,1751.638,12.3855,Aligned,0.9327,0.9389,0.0718,0.0099,-0.0023,29.8133,30.8793,74.3985,37.3852,47.3134,51.3716,74.1962,0.0664,37.7457,54.4324,No,0.0,0.0017,1.0145,Good,Low,1.6242,10.0,10.4514,28.5308,Moderate Risk,72.3368,28.5087,23.3315,Aligned,30.5517,67.2681,Side Impact Potential,Urban,2.0847,True,Residential,Meets Safe System Standards,0.1625,Light,False,21.1426,0.01,0.0024,Aligned,32,Unnamed Road,2684
4380,Unnamed Road,Urban Road,URB-04380,4380,13.0045,77.5264,13.0049,77.5264,37.0,1752.0,1752.037,10.6007,Aligned,0.9441,0.9565,0.0567,-0.0032,-0.0081,37.4698,36.5563,87.8222,23.686,30.4866,50.4991,52.628,0.0,40.8504,25.9344,No,0.0,0.0025,-0.1018,Poor,High,2.4547,10.0,10.0,23.3891,Safe,72.4882,36.1652,20.6879,Aligned,36.5407,59.4278,Side Impact Potential,Urban,6.1279,True,Residential,Active Congestion | Poor Infrastructure,0.8156,Severe,False,10.0,-0.0033,0.0001,Aligned,38,Unnamed Road,2685
4381,Unnamed Road,Urban Road,URB-04381,4381,13.0063,77.5273,13.0066,77.527,54.7,1752.4,1752.455,38.7619,Moderate Misalignment,0.9609,0.0386,1.0089,0.0214,0.0015,78.5993,77.9775,99.949,24.6691,25.7851,81.2291,92.8494,0.0,60.0,13.3945,No,0.0,0.0013,-0.01,Good,High,0.3599,10.0,16.0166,27.4391,Moderate Risk,65.4869,79.1712,32.7566,Moderate Misalignment,92.1333,60.2945,Separated Traffic,Peri-Urban,5.8749,True,Residential,Poor Infrastructure,0.0043,,False,82.6145,-0.0123,-0.0102,Moderate Misalignment,81,Unnamed Road,2686
4382,Unnamed Road,Urban Road,URB-04382,4382,13.0083,77.5269,13.0088,77.527,50.2,1752.8,1752.85,11.2332,Aligned,0.9774,1.0039,0.0249,0.0018,0.0043,16.4606,23.0455,26.9843,9.5416,21.9332,50.803,91.8586,0.1998,39.0552,9.5722,No,0.0,0.0034,-0.0608,Good,Medium,3.1621,10.0,10.0,21.1864,Safe,70.9899,17.7147,19.0563,Aligned,20.2062,53.6283,Side Impact Potential,Peri-Urban,0.8567,False,Residential,Poor Infrastructure,-0.0268,,False,15.7137,0.0155,0.0037,Aligned,15,Unnamed Road,2687
4383,Unnamed Road,Urban Road,URB-04383,4383,12.9978,77.5233,12.9981,77.5235,37.0,1753.2,1753.237,14.6007,Aligned,0.8513,0.8175,0.1348,-0.0091,-0.0052,57.1026,58.2898,99.415,11.9624,25.9681,79.3379,72.5211,0.103,59.7085,12.6255,No,0.0,-0.0026,0.0032,Good,Medium,0.3586,10.0,10.0,23.4957,Safe,70.3432,56.8153,21.1592,Aligned,55.815,59.628,Separated Traffic,Peri-Urban,6.2101,True,Industrial,Poor Infrastructure,0.1679,Light,False,43.4174,-0.0139,-0.0,Aligned,56,Unnamed Road,2688
4384,Unnamed Road,Urban Road,URB-04384,4384,13.002,77.5318,13.0018,77.5321,38.2,1753.6,1753.638,36.8958,Moderate Misalignment,0.8718,0.1346,0.8608,0.0107,0.0018,50.5384,48.5901,69.9109,32.1461,26.7431,49.8928,96.9879,0.0,53.1971,14.4927,No,0.0,-0.002,-0.0276,Good,Low,1.5118,10.0,10.0,21.5425,Safe,74.035,49.8683,20.2882,Aligned,48.6321,66.38,Side Impact Potential,Urban,3.0826,False,Mixed,Poor Infrastructure,-0.0037,,False,49.9894,-0.0089,-0.014,Moderate Misalignment,50,Unnamed Road,2689
4385,Unnamed Road,Urban Road,URB-04385,4385,13.002,77.5318,13.0022,77.5315,32.8,1754.0,1754.033,38.7675,Moderate Misalignment,0.9619,0.0449,0.9745,0.0096,0.0025,68.1567,68.1551,98.3227,9.8426,17.537,80.3324,98.7571,0.2371,59.9607,2.919,No,0.0,0.0052,-0.007,Poor,Medium,0.343,10.0,13.4131,22.2996,Safe,66.6378,66.4509,25.6028,Moderate Misalignment,68.7149,47.2913,Separated Traffic,Rural,6.9493,True,Residential,Poor Infrastructure,-0.0175,,False,57.6031,0.008,-0.011,Moderate Misalignment,68,Unnamed Road,2690
4386,Unnamed Road,Urban Road,URB-04386,4386,13.0024,77.5312,13.0022,77.5315,42.7,1754.4,1754.443,40.0805,Moderate Misalignment,0.9151,0.0674,0.9404,0.0464,-0.004,52.5125,49.2605,98.5429,64.2433,44.1578,49.0204,58.3522,0.3573,60.0,47.6611,No,0.0,0.0065,1.0123,Poor,Low,0.5238,10.0,10.0,42.9774,Moderate Risk,50.2209,51.402,70.2645,High Misalignment,76.583,61.0087,Side Impact Potential,Urban,8.0222,True,Mixed,Speed Limit Misaligned | Above Human Tolerance Limit,0.0128,,False,64.0297,0.0177,0.0119,Moderate Misalignment,53,Unnamed Road,2691
4387,Unnamed Road,Urban Road,URB-04387,4387,13.0005,77.5336,13.0003,77.5338,24.0,1754.8,1754.824,15.1814,Aligned,0.7963,0.7801,0.178,0.0066,0.006,21.5693,19.5422,28.5107,1.1534,19.9448,48.1832,95.3865,0.0,20.8146,4.7591,No,0.0,0.005,-0.0115,Good,Low,2.7727,10.0,10.0,23.7576,Safe,66.9826,20.7855,21.6041,Aligned,22.4284,57.5285,Side Impact Potential,Peri-Urban,2.1796,False,Industrial,Poor Infrastructure,0.1627,Light,False,15.8019,0.0032,0.0041,Aligned,23,Unnamed Road,2692