segment_id,road_name,road_type,human_segment_id,internal_id,start_lat,start_lon,end_lat,end_lon,length_m,start_km,end_km,road_risk_score,ai_risk_label,ai_risk_probability,prob_low_risk,prob_medium_risk,prob_high_risk,prob_critical_risk,ai_recommended_speed,recommended_safe_speed,road_function_score,infrastructure_score,exposure_score,human_tolerance_limit,operating_speed_score,crash_risk_score,posted_speed_limit,pedestrian_exposure_score,blackspot_flag,crash_count,fatal_crashes,schools_count,lighting_quality,roadside_hazards,intersection_density,speed_compliance_rate,speed_violation_score,hotspot_score,hotspot_category,speed_safety_score,original_safe_speed,misalignment_score,misalignment_category,speed_p85,ptw_share_pct,exposure_tier,urban_rural_flag,lane_count,median_presence,land_use_type,top_ai_factors,congestion_index,congestion_category,congestion_smoothed,operating_speed_mean,minor_crashes,major_crashes,risk_category,final_safe_speed,corridor_base,corridor_seq
4388,Unnamed Road,Urban Road,URB-04388,4388,13.0005,77.5336,13.0008,77.5333,42.7,1755.2,1755.243,42.6724,Moderate Misalignment,0.7734,0.0465,0.781,0.1468,-0.0023,50.7916,51.5166,98.4916,34.8782,26.3248,48.2079,69.0812,0.5876,60.0,13.3101,No,0.0,0.0102,0.0105,Good,Low,0.4538,10.0,10.0755,25.2973,Moderate Risk,68.5392,48.3046,29.2798,Moderate Misalignment,50.3025,63.5357,Side Impact Potential,Urban,6.0776,False,Commercial,Poor Infrastructure | Above Human Tolerance Limit,0.0011,,False,37.9977,0.0024,-0.0065,Moderate Misalignment,50,Unnamed Road,2693
4389,Unnamed Road,Urban Road,URB-04389,4389,13.0052,77.5283,13.005,77.5286,36.0,1755.6,1755.636,9.3572,Aligned,0.981,1.043,0.0175,0.0027,-0.0112,33.714,33.1742,82.2075,30.6334,29.6099,49.8002,80.4378,0.0,41.8903,16.6258,No,0.0,0.001,-0.0265,Good,Low,2.1325,10.0,10.0,21.9004,Safe,73.5101,33.8804,18.3706,Aligned,31.7361,67.3894,Side Impact Potential,Urban,5.8603,False,Industrial,Poor Infrastructure,0.0074,,False,27.657,0.0028,-0.002,Aligned,33,Unnamed Road,2694
4390,Unnamed Road,Urban Road,URB-04390,4390,12.981,77.5887,12.981,77.5885,21.9,1756.0,1756.022,12.3252,Aligned,0.9016,0.95,0.1111,0.0072,0.0094,56.2137,55.731,100.0,32.9238,23.8141,79.1975,71.9484,0.0,60.0,12.2159,No,0.0,0.0007,-0.0,Good,High,0.4989,10.0,10.0,19.452,Safe,76.7985,55.8995,17.4678,Aligned,60.3342,59.8876,Separated Traffic,Urban,3.7382,True,Residential,Meets Safe System Standards,0.0209,,False,53.4536,0.0085,0.0061,Aligned,59,Unnamed Road,2695
4391,Unnamed Road,Urban Road,URB-04391,4391,12.981,77.5885,12.9812,77.588,59.6,1756.4,1756.46,23.6879,Aligned,0.5612,0.5491,0.4487,0.0009,-0.0039,78.8274,81.4332,97.7437,0.0,14.255,81.3499,73.4863,0.0154,60.0,5.2803,No,0.0,-0.0057,0.0093,Poor,Medium,0.071,10.0,10.0,26.2573,Moderate Risk,61.3319,79.7892,30.6127,Moderate Misalignment,85.4179,38.9689,Separated Traffic,Rural,5.7436,True,Residential,Poor Infrastructure | Above Human Tolerance Limit,-0.0053,,False,71.9547,0.0106,-0.0029,Aligned,79,Unnamed Road,2696
4392,Unnamed Road,Urban Road,URB-04392,4392,12.9812,77.588,12.9816,77.587,117.9,1756.8,1756.918,39.8194,Moderate Misalignment,0.7795,0.1694,0.8073,0.0572,-0.0057,80.56,78.3365,97.036,0.2219,14.7826,79.7781,83.3522,0.2301,60.0,9.2929,No,0.0,-0.0022,0.0482,Poor,Medium,0.082,10.0,10.0799,25.884,Moderate Risk,61.2908,80.2662,30.5265,Moderate Misalignment,86.2388,38.4915,Separated Traffic,Rural,7.041,True,Commercial,Poor Infrastructure | Above Human Tolerance Limit,-0.0133,,False,78.803,0.0133,0.0073,Moderate Misalignment,80,Unnamed Road,2697
4393,Unnamed Road,Urban Road,URB-04393,4393,12.9812,77.588,12.9815,77.5885,69.5,1757.2,1757.27,9.1084,Aligned,0.9815,0.996,-0.0214,-0.0092,-0.0153,18.7386,20.8731,26.9166,0.0,17.8907,50.3083,80.3241,0.091,28.9118,10.0058,No,0.0,-0.0046,0.0081,Poor,Low,1.0898,10.0,10.1074,21.7703,Safe,69.3876,20.6609,18.2112,Aligned,21.4271,37.2176,Side Impact Potential,Rural,0.9844,False,Industrial,Poor Infrastructure,0.169,Light,False,15.3491,0.009,-0.0002,Aligned,19,Unnamed Road,2698
4394,Unnamed Road,Urban Road,URB-04394,4394,12.9816,77.587,12.9817,77.5867,34.1,1757.6,1757.634,8.6463,Aligned,0.9672,0.9586,0.042,0.0106,0.0094,54.1534,54.4032,84.0403,19.8832,28.1961,70.9598,75.4947,0.0,59.2198,22.823,No,0.0,0.0129,0.0256,Poor,High,1.5288,10.0,10.0,22.7472,Safe,72.5782,54.1474,19.4197,Aligned,55.4254,47.1658,Separated Traffic,Peri-Urban,4.9736,True,Industrial,Poor Infrastructure,-0.0155,,False,42.8295,0.014,-0.0048,Aligned,55,Unnamed Road,2699
4395,Unnamed Road,Urban Road,URB-04395,4395,13.0088,77.6231,13.0088,77.6285,632.8,1758.0,1758.633,9.579,Aligned,0.9801,0.9868,0.0245,-0.0073,0.0057,24.7125,22.8253,31.5364,4.421,21.9979,49.4766,80.7849,0.0,29.2802,9.7311,No,0.0,-0.0089,0.0018,Good,Medium,2.2423,10.0,10.0,22.5972,Safe,68.8201,22.6175,18.045,Aligned,24.4324,54.9781,Side Impact Potential,Peri-Urban,2.089,False,Industrial,Poor Infrastructure,0.1686,Light,False,17.4583,0.0091,-0.0033,Aligned,23,Unnamed Road,2700
4396,Unnamed Road,Urban Road,URB-04396,4396,12.9345,77.5468,12.9363,77.5444,367.9,1758.4,1758.768,16.4616,Aligned,0.8145,0.8227,0.2074,-0.0164,-0.0012,60.9248,61.6611,100.0,13.6396,19.2478,79.7095,74.2562,0.0,60.0,10.5399,No,0.0,0.0053,0.9921,Poor,Low,0.3279,10.0,10.7335,20.7995,Safe,71.0203,61.1335,17.8987,Aligned,61.6901,48.7892,Separated Traffic,Peri-Urban,3.9543,True,Mixed,Poor Infrastructure,0.0082,,False,51.6577,-0.0042,-0.0106,Aligned,64,Unnamed Road,2701
4397,Unnamed Road,Urban Road,URB-04397,4397,13.0142,77.5602,13.0129,77.5581,273.8,1758.8,1759.074,98.6419,Critical Misalignment,0.9779,0.0423,-0.0375,0.0041,0.997,31.0151,30.481,99.6148,48.876,45.2121,31.3659,86.3252,0.2379,58.6261,51.5108,No,0.0,0.0068,0.9869,Poor,Medium,0.544,10.0,16.3887,56.3934,High Risk,30.1096,30.0125,100.0,Critical Misalignment,91.96,60.0585,Significant Pedestrian Interaction,Urban,5.1741,False,Commercial,Speed Limit Misaligned | High Pedestrian Interaction | Above Human Tolerance Limit,0.1896,Light,False,70.8243,-0.0012,-0.0045,Critical Misalignment,32,Unnamed Road,2702
4398,Unnamed Road,Urban Road,URB-04398,4398,12.8604,77.59,12.8622,77.5906,230.4,1759.2,1759.43,9.4774,Aligned,0.9602,0.973,0.0686,-0.0241,0.012,34.7665,36.6673,76.393,16.191,29.4429,52.5975,67.4327,0.0,46.2793,18.562,No,0.0,-0.0081,-0.0013,Good,Medium,2.0085,10.0,10.0,23.5308,Safe,70.0874,35.6026,22.378,Aligned,33.1703,62.4947,Side Impact Potential,Urban,3.9811,False,Commercial,Poor Infrastructure,0.1624,Light,False,27.0207,0.0053,0.021,Aligned,37,Unnamed Road,2703
4399,Unnamed Road,Urban Road,URB-04399,4399,12.9133,77.4794,12.9161,77.4797,316.2,1759.6,1759.916,44.4366,Moderate Misalignment,0.7958,0.0767,0.7884,0.1454,-0.0001,44.784,47.0817,98.8701,17.9286,17.4664,50.6527,66.5852,0.1225,58.1333,7.8732,No,0.0,0.0098,-0.0605,Good,Medium,0.0665,10.0,10.0,24.6349,Safe,65.8591,45.6403,29.9939,Moderate Misalignment,48.0578,42.2885,Side Impact Potential,Rural,8.197,False,Industrial,Poor Infrastructure | Above Human Tolerance Limit,0.0068,,False,37.4144,0.0145,0.0064,Moderate Misalignment,45,Unnamed Road,2704
4400,Unnamed Road,Urban Road,URB-04400,4400,12.8489,77.522,12.8512,77.5223,283.7,1760.0,1760.284,11.8253,Aligned,0.9488,0.948,0.0658,-0.0015,0.009,18.1712,20.7885,30.003,15.4707,24.4165,48.9935,90.9805,0.226,21.1765,24.015,No,0.0,-0.0038,0.9508,Poor,High,2.0058,10.0,10.1435,22.6245,Safe,71.419,15.2207,20.173,Aligned,16.2619,39.5721,Side Impact Potential,Rural,0.6862,False,Residential,Poor Infrastructure,0.008,,False,17.3745,-0.0046,0.0096,Aligned,18,Unnamed Road,2705
4401,Unnamed Road,Urban Road,URB-04401,4401,12.9479,77.5431,12.9544,77.5441,765.8,1760.4,1761.166,24.3478,Aligned,0.7453,0.7262,0.1183,0.1674,-0.0003,59.9804,59.8688,100.0,9.8684,21.3658,83.2137,82.126,0.0945,58.779,6.1014,No,0.0,0.0005,0.0289,Good,Low,0.2993,10.0,10.0,21.6078,Safe,71.1629,60.1516,18.6845,Aligned,60.1237,55.22,Separated Traffic,Peri-Urban,7.1338,True,Residential,Poor Infrastructure,-0.0136,,False,48.4528,-0.0044,0.0092,Aligned,60,Unnamed Road,2706
4402,Unnamed Road,Urban Road,URB-04402,4402,12.8837,77.6178,12.8848,77.6178,123.9,1760.8,1760.924,15.0495,Aligned,0.833,0.8304,0.2097,0.0065,-0.0025,37.6136,34.8719,28.9261,10.449,14.924,49.0723,95.0947,0.4295,27.2034,5.8141,No,0.0,0.0104,-0.0456,Good,Medium,2.212,10.0,27.5298,21.677,Safe,67.876,40.3101,24.7679,Aligned,36.7348,33.9454,Side Impact Potential,Rural,0.9214,False,Residential,Poor Infrastructure,0.0142,,False,31.2148,0.0083,0.0196,Aligned,38,Unnamed Road,2707
4403,Unnamed Road,Urban Road,URB-04403,4403,13.0589,77.5593,13.0507,77.5678,1741.6,1761.2,1762.942,12.8759,Aligned,0.9263,0.9639,0.0878,-0.0195,0.0022,47.5259,48.51,67.6956,34.2622,29.6929,49.6161,94.2487,0.2454,53.0011,24.5505,No,0.0,-0.0118,0.0757,Good,Low,2.7965,10.0,10.3962,22.3041,Safe,75.311,49.1545,20.2387,Aligned,51.3607,60.0242,Side Impact Potential,Urban,2.0112,False,Commercial,Meets Safe System Standards,-0.0097,,False,44.9412,0.0058,0.0007,Aligned,49,Unnamed Road,2708
4404,Unnamed Road,Urban Road,URB-04404,4404,12.944,77.5302,12.9419,77.5314,274.5,1761.6,1761.875,41.1117,Moderate Misalignment,0.8692,0.0792,0.8528,0.0486,0.0045,29.419,30.8888,78.6515,41.0272,41.2931,28.3775,72.2872,4.5658,49.6105,45.4869,No,0.0,0.0009,1.0153,Good,High,1.4663,10.0,10.0,36.9737,Moderate Risk,58.7823,29.4006,48.0337,Moderate Misalignment,41.9889,56.253,Significant Pedestrian Interaction,Urban,1.9275,True,Residential,High Pedestrian Interaction | Above Human Tolerance Limit,0.1832,Light,False,31.5069,1.0019,0.0185,Moderate Misalignment,31,Unnamed Road,2709
4405,Unnamed Road,Urban Road,URB-04405,4405,12.9953,77.619,12.9944,77.618,142.2,1762.0,1762.142,8.5813,Aligned,0.9535,0.9325,0.0757,-0.0167,-0.0031,24.1221,23.682,25.4237,22.9297,20.4006,50.0904,99.5877,0.6663,20.0,10.7335,No,0.0,0.0127,-0.0238,Good,Medium,2.6369,10.0,16.0149,21.6666,Safe,73.0873,24.4259,19.7145,Aligned,22.5555,49.7827,Side Impact Potential,Peri-Urban,0.9416,False,Commercial,Poor Infrastructure,0.005,,False,20.7155,0.0017,0.0046,Aligned,24,Unnamed Road,2710
4406,Unnamed Road,Urban Road,URB-04406,4406,13.0141,77.5873,13.0106,77.5903,558.1,1762.4,1762.958,41.1415,Moderate Misalignment,0.941,-0.0331,0.9976,0.0495,-0.0055,29.5656,30.0534,73.8027,58.4464,53.7837,27.8571,93.6376,0.3636,42.2181,59.9919,No,0.0,-0.0024,0.9855,Good,Medium,1.4349,10.0,10.0679,34.1954,Moderate Risk,67.5,28.6414,39.5776,Moderate Misalignment,44.2307,66.9185,Significant Pedestrian Interaction,Urban,3.9953,False,Commercial,High Pedestrian Interaction | Above Human Tolerance Limit,0.0003,,False,35.873,0.0071,-0.0016,Moderate Misalignment,31,Unnamed Road,2711
4407,Unnamed Road,Urban Road,URB-04407,4407,13.0265,77.6144,13.0302,77.6081,834.9,1762.8,1763.635,11.2518,Aligned,0.941,1.0191,0.052,0.0134,0.0059,48.2033,48.9331,51.0168,12.0395,22.3642,49.4628,87.6654,0.6093,49.2818,7.5654,No,0.0,-0.004,-0.053,Good,Medium,3.3939,10.0,10.0,21.0483,Safe,72.078,47.8724,18.5447,Aligned,48.7464,61.9755,Side Impact Potential,Urban,3.0135,False,Commercial,Poor Infrastructure,0.0115,,False,42.675,-0.0082,0.0104,Aligned,48,Unnamed Road,2712
4408,Unnamed Road,Urban Road,URB-04408,4408,12.889,77.6157,12.891,77.612,460.4,1763.2,1763.66,11.3163,Aligned,0.9627,0.9524,0.065,0.0021,0.0086,39.9917,39.9799,89.3916,44.1846,26.1409,50.1284,73.5073,0.5231,50.6635,19.4695,No,0.0,-0.0012,0.0766,Poor,Medium,2.168,10.0,10.2228,18.6308,Safe,78.3112,41.619,16.2685,Aligned,40.9747,59.2428,Side Impact Potential,Urban,5.9321,True,Mixed,Meets Safe System Standards,-0.0094,,False,31.4408,-0.0034,0.0055,Aligned,40,Unnamed Road,2713
4409,Unnamed Road,Urban Road,URB-04409,4409,12.9303,77.7019,12.9302,77.7031,138.2,1763.6,1763.738,76.3594,High Misalignment,0.9521,0.0181,0.0197,0.9639,-0.0114,29.2024,30.0343,85.4762,68.4238,42.2087,31.0037,97.9334,0.1393,51.5976,36.5985,No,0.0,-0.0004,-0.0269,Good,Medium,2.3088,10.0,27.907,37.9268,Moderate Risk,57.5582,29.0005,60.2914,High Misalignment,63.1101,67.8863,Significant Pedestrian Interaction,Urban,5.1413,True,Residential,Speed Limit Misaligned | High Pedestrian Interaction | Above Human Tolerance Limit,0.1475,Light,False,50.9645,0.0,-0.0017,High Misalignment,32,Unnamed Road,2714
4410,Unnamed Road,Urban Road,URB-04410,4410,13.0628,77.5308,13.0631,77.5307,31.7,1764.0,1764.032,10.9657,Aligned,0.9808,0.954,0.0229,-0.0034,-0.0127,28.498,29.2818,87.0973,35.7479,28.23,52.2492,79.8557,0.0527,41.3647,24.6752,No,0.0,-0.0019,-0.0027,Good,High,2.0287,10.0,10.9796,21.0141,Safe,76.532,30.0136,17.8014,Aligned,27.9446,57.6432,Side Impact Potential,Urban,5.9688,True,Industrial,Meets Safe System Standards,-0.0129,,False,26.3597,0.0159,0.0017,Aligned,26,Unnamed Road,2715
4411,Unnamed Road,Urban Road,URB-04411,4411,13.0631,77.5307,13.0635,77.5306,40.7,1764.4,1764.441,15.8804,Aligned,0.7908,0.7784,0.1853,0.0208,0.0016,54.0617,51.6795,97.2138,26.6569,34.7083,79.7559,49.051,0.0,60.0,30.8942,No,0.0,0.0002,1.056,Good,High,0.5757,10.0,10.0,24.5628,Safe,72.6343,57.0964,22.599,Aligned,53.2176,69.8969,Separated Traffic,Urban,3.931,True,Residential,Poor Infrastructure,-0.0033,,False,47.4603,-0.0048,0.0156,Aligned,52,Unnamed Road,2716
4412,Unnamed Road,Urban Road,URB-04412,4412,13.0584,77.5321,13.0589,77.5319,66.6,1764.8,1764.867,41.0782,Moderate Misalignment,0.968,0.0458,1.0147,0.0024,0.0105,79.9438,81.1773,99.6525,24.047,15.7625,80.2836,10.0,0.0,60.0,9.9617,No,0.0,-0.0032,-0.005,Poor,Low,0.1794,10.0,10.1835,23.9297,Safe,68.2913,84.1553,27.9358,Moderate Misalignment,80.1557,37.2281,Separated Traffic,Rural,4.9104,True,Residential,Active Congestion | Poor Infrastructure | Above Human Tolerance Limit,0.6538,Severe,False,27.7139,0.0024,-0.0104,Moderate Misalignment,80,Unnamed Road,2717
4413,Unnamed Road,Urban Road,URB-04413,4413,13.0589,77.5319,13.0597,77.5316,93.2,1765.2,1765.293,12.1074,Aligned,0.8943,0.8744,0.0841,0.0097,-0.0008,34.2759,33.837,57.407,20.5978,33.5563,49.8268,61.3201,0.3268,40.4417,31.4803,No,0.0,-0.0063,1.0348,Good,High,2.8136,10.0,10.317,25.2135,Moderate Risk,71.9274,33.9982,21.0574,Aligned,32.4722,56.8538,Side Impact Potential,Urban,4.0755,False,Commercial,Active Congestion | Poor Infrastructure,0.5864,Severe,False,14.5483,0.0077,-0.0143,Aligned,33,Unnamed Road,2718
4414,Unnamed Road,Urban Road,URB-04414,4414,13.0635,77.5306,13.0637,77.5306,26.5,1765.6,1765.627,12.3363,Aligned,0.9442,0.9811,0.0633,-0.0039,0.0019,36.8688,38.2142,53.6921,5.2468,24.3087,51.9278,78.4063,0.322,39.7822,14.0412,No,0.0,-0.0004,-0.0631,Poor,Medium,1.988,10.0,10.4605,23.4599,Safe,69.5175,36.6398,18.1607,Aligned,32.7396,51.1525,Side Impact Potential,Peri-Urban,3.1742,False,Residential,Poor Infrastructure,0.1706,Light,False,27.8322,0.0045,0.0256,Aligned,39,Unnamed Road,2719
4415,Unnamed Road,Urban Road,URB-04415,4415,13.0644,77.5306,13.0647,77.5306,41.1,1766.0,1766.041,11.076,Aligned,0.8884,0.8842,0.1243,-0.0005,0.0047,25.5601,26.4167,50.4734,0.1739,12.6853,49.4951,62.8304,0.3532,41.1185,2.7559,No,0.0,0.0109,0.0082,Poor,Low,1.1374,10.0,10.0,20.7633,Safe,69.8577,26.2224,17.246,Aligned,27.0347,39.5925,Side Impact Potential,Rural,3.3204,False,Residential,Active Congestion | Poor Infrastructure,0.7601,Severe,False,10.0,-0.0104,0.0083,Aligned,25,Unnamed Road,2720
4416,Unnamed Road,Urban Road,URB-04416,4416,13.064,77.5306,13.0644,77.5306,35.7,1766.4,1766.436,10.8768,Aligned,0.9199,0.91,0.0673,0.0022,-0.0077,29.2706,27.6026,53.5246,11.3073,22.2541,48.8077,86.879,0.1773,31.7038,5.6971,No,0.0,-0.0046,0.0038,Good,Medium,3.742,10.0,10.4963,22.274,Safe,70.2828,28.2757,19.2019,Aligned,27.3596,62.8043,Side Impact Potential,Urban,2.017,False,Residential,Poor Infrastructure,0.1187,Light,False,22.4227,0.007,-0.0049,Aligned,29,Unnamed Road,2721
4417,Unnamed Road,Urban Road,URB-04417,4417,13.065,77.5306,13.0647,77.5306,28.1,1766.8,1766.828,11.5931,Aligned,0.9736,0.9974,0.0447,-0.0129,-0.0101,30.5642,26.8977,26.0502,17.7064,17.7238,49.607,95.2726,0.0,30.2751,6.1236,No,0.0,-0.0035,0.0361,Poor,Low,1.6437,10.0,10.0,19.0123,Safe,74.5612,27.2733,15.2305,Aligned,28.2496,47.2872,Side Impact Potential,Rural,1.1699,False,Residential,Poor Infrastructure,-0.0333,,False,24.9065,0.0119,-0.0108,Aligned,30,Unnamed Road,2722
4418,Unnamed Road,Urban Road,URB-04418,4418,13.0637,77.5306,13.064,77.5306,37.5,1767.2,1767.237,38.6328,Moderate Misalignment,0.7744,0.1601,0.801,0.0524,-0.0009,81.2064,78.5068,97.1728,0.0157,14.4154,81.0159,84.2842,0.0954,60.0,8.3731,No,0.0,-0.0008,0.0416,Poor,Medium,-0.0288,10.0,10.1206,26.1453,Moderate Risk,61.8532,80.5649,30.7481,Moderate Misalignment,87.5057,38.296,Separated Traffic,Rural,7.1466,True,Commercial,Poor Infrastructure | Above Human Tolerance Limit,-0.0023,,False,78.9811,0.018,0.0126,Moderate Misalignment,81,Unnamed Road,2723
4419,Unnamed Road,Urban Road,URB-04419,4419,13.0597,77.5316,13.0599,77.5316,21.7,1767.6,1767.622,13.02,Aligned,0.9839,0.9235,0.0323,0.004,0.0094,33.0858,35.5645,77.0724,30.3159,43.0695,49.2272,83.0515,0.3367,40.0001,45.7868,No,0.0,0.0093,1.0768,Good,High,1.4156,10.0,10.0,25.8784,Moderate Risk,72.1095,30.6724,24.049,Aligned,34.3646,56.6198,Side Impact Potential,Urban,4.707,False,Industrial,Poor Infrastructure,-0.0069,,False,28.9033,-0.0007,-0.0032,Aligned,34,Unnamed Road,2724
4420,Unnamed Road,Urban Road,URB-04420,4420,13.0656,77.5305,13.0659,77.5305,29.1,1768.0,1768.029,33.2494,Moderate Misalignment,0.6813,0.2256,0.6747,-0.0075,-0.0047,38.5988,38.4832,54.2983,12.5148,23.5924,50.2084,95.5807,0.0482,39.4191,16.5619,No,0.0,0.0007,-0.0228,Poor,High,0.7552,10.0,26.3141,25.0831,Moderate Risk,66.3588,39.4159,28.4147,Moderate Misalignment,36.6452,45.9548,Side Impact Potential,Rural,3.9128,False,Industrial,Poor Infrastructure,0.0145,,False,33.3385,-0.0049,0.0094,Moderate Misalignment,38,Unnamed Road,2725
4421,Unnamed Road,Urban Road,URB-04421,4421,13.0656,77.5305,13.0653,77.5306,35.5,1768.4,1768.436,9.8006,Aligned,0.9741,0.9976,0.0426,-0.0029,-0.0032,34.5095,35.7568,54.1778,15.7659,29.6334,50.6672,80.5033,0.3963,38.332,20.6016,No,0.0,-0.0045,0.9622,Good,Low,1.8844,10.0,10.0777,24.3148,Safe,71.0856,34.5197,22.2402,Aligned,35.3537,53.954,Side Impact Potential,Peri-Urban,3.02,False,Residential,Poor Infrastructure,0.163,Light,False,26.2336,-0.0103,-0.0014,Aligned,35,Unnamed Road,2726
4422,Unnamed Road,Urban Road,URB-04422,4422,13.0653,77.5306,13.065,77.5306,36.1,1768.8,1768.836,12.0551,Aligned,0.9562,0.9405,0.0492,0.0026,-0.003,37.3786,34.0336,70.9336,26.3091,24.301,51.4829,66.4892,0.0,51.9095,14.3398,No,0.0,-0.0029,0.0576,Good,Medium,1.7623,10.0,10.416,21.2145,Safe,75.1347,37.0065,18.543,Aligned,36.4876,55.202,Side Impact Potential,Urban,3.0372,False,Commercial,Poor Infrastructure,0.1747,Light,False,27.979,0.0059,-0.0106,Aligned,36,Unnamed Road,2727
4423,Unnamed Road,Urban Road,URB-04423,4423,13.0582,77.5322,13.0584,77.5321,23.6,1769.2,1769.224,10.2481,Aligned,0.9727,0.9697,0.0211,-0.0012,-0.0062,24.6694,25.7903,26.468,0.8296,15.3739,51.7035,76.7874,0.1085,20.0,1.69,No,0.0,0.0075,-0.0592,Poor,Low,1.0603,10.0,20.465,22.4008,Safe,66.8706,23.7826,24.0522,Aligned,24.7423,40.599,Side Impact Potential,Rural,0.7757,False,Industrial,Active Congestion | Poor Infrastructure,0.7882,Severe,False,10.0,0.027,-0.0077,Aligned,24,Unnamed Road,2728
4424,Unnamed Road,Urban Road,URB-04424,4424,13.0578,77.5324,13.0582,77.5322,46.4,1769.6,1769.646,13.1073,Aligned,0.9082,0.9842,0.0881,0.0015,-0.0037,25.1432,26.5549,55.8175,34.091,44.855,51.257,87.3408,0.0,30.655,46.0949,No,0.0,0.0022,2.05,Good,Medium,2.6815,10.0,10.0,27.6836,Moderate Risk,72.2771,23.9361,23.8669,Aligned,26.6483,66.2244,Side Impact Potential,Urban,3.8033,False,Commercial,Poor Infrastructure,-0.0031,,False,23.0894,0.0043,0.0115,Aligned,23,Unnamed Road,2729
4425,Unnamed Road,Urban Road,URB-04425,4425,13.0669,77.5317,13.067,77.5308,109.0,1770.0,1770.109,12.4292,Aligned,0.9577,0.9853,-0.0216,0.0007,0.0066,22.2419,18.9266,57.7168,55.4939,40.9985,51.6237,76.9603,0.9974,40.0947,39.0738,No,0.0,-0.0013,0.9997,Poor,Medium,3.8044,10.0,10.0094,22.6581,Safe,77.6368,22.6739,19.3355,Aligned,20.7799,62.348,Side Impact Potential,Urban,3.9942,False,Commercial,Meets Safe System Standards,0.233,Light,False,15.9852,0.0008,0.0067,Aligned,22,Unnamed Road,2730
4426,Unnamed Road,Urban Road,URB-04426,4426,13.067,77.5305,13.067,77.5308,31.8,1770.4,1770.432,71.4623,High Misalignment,0.9184,0.0744,-0.0063,0.9364,-0.001,29.9983,30.21,55.5749,75.4407,54.0011,31.9888,99.8618,0.0,48.8839,61.1661,No,0.0,0.0014,1.0333,Poor,Low,3.2191,10.0,18.1458,39.9735,Moderate Risk,60.6132,30.1655,57.1979,High Misalignment,60.6381,65.2539,Significant Pedestrian Interaction,Urban,3.9481,False,Commercial,Speed Limit Misaligned | High Pedestrian Interaction | Above Human Tolerance Limit,0.0141,,False,49.397,0.0031,-0.0038,High Misalignment,29,Unnamed Road,2731
4427,Unnamed Road,Urban Road,URB-04427,4427,13.0602,77.5315,13.0599,77.5316,31.6,1770.8,1770.832,17.9908,Aligned,0.7566,0.756,0.2326,0.018,-0.0069,36.6554,35.6145,49.4163,0.0,21.203,49.4991,98.2763,0.1218,32.857,9.4324,No,0.0,-0.0065,-0.0023,Good,Low,2.3193,10.0,15.3889,25.2593,Moderate Risk,64.729,33.207,24.9065,Aligned,33.4852,52.8123,Side Impact Potential,Peri-Urban,2.0648,False,Residential,Poor Infrastructure,-0.0344,,False,32.578,-0.011,-0.0127,Aligned,36,Unnamed Road,2732
4428,Unnamed Road,Urban Road,URB-04428,4428,13.0554,77.5331,13.0554,77.5345,152.4,1771.2,1771.352,11.4519,Aligned,0.945,0.9785,0.0215,0.0104,0.0022,35.8036,34.8914,60.7519,21.13,29.9758,50.7185,85.94,0.2714,39.7724,22.6059,No,0.0,0.0059,-0.0191,Good,Medium,3.1128,10.0,10.0,24.4724,Safe,72.6572,34.7508,19.3969,Aligned,34.3968,59.0248,Side Impact Potential,Urban,3.0009,True,Commercial,Poor Infrastructure,-0.0125,,False,27.5966,0.0024,-0.0189,Aligned,35,Unnamed Road,2733
4429,Unnamed Road,Urban Road,URB-04429,4429,13.0554,77.5331,13.0558,77.533,44.0,1771.6,1771.644,56.0203,High Misalignment,0.6143,0.1198,0.2339,0.6138,-0.0136,30.1357,17.6381,76.7741,39.5718,38.0839,30.4879,90.0544,69.9569,59.8904,47.1229,Yes,0.0,-0.0017,0.9698,Poor,High,1.6816,10.0,10.0765,54.4533,High Risk,41.3491,32.3727,50.3174,High Misalignment,57.3375,49.9364,Significant Pedestrian Interaction,Peri-Urban,1.9026,True,Mixed,Speed Limit Misaligned | High Pedestrian Interaction | Above Human Tolerance Limit,0.1395,Light,False,42.7208,1.9905,3.0058,High Misalignment,30,Unnamed Road,2734
4430,Unnamed Road,Urban Road,URB-04430,4430,13.0602,77.5315,13.0604,77.5314,29.3,1772.0,1772.029,9.6908,Aligned,0.9922,0.9683,0.0016,-0.0164,-0.0005,18.6235,18.8256,33.0404,5.9585,19.4548,50.1681,95.6306,0.0,20.1085,5.3513,No,0.0,0.0043,0.0631,Poor,High,3.0511,10.0,10.4808,20.4965,Safe,69.813,18.2994,18.6664,Aligned,18.4188,53.2405,Side Impact Potential,Peri-Urban,2.0452,False,Residential,Poor Infrastructure,-0.0037,,False,15.9735,-0.0174,0.0108,Aligned,19,Unnamed Road,2735
4431,Unnamed Road,Urban Road,URB-04431,4431,13.0604,77.5314,13.0614,77.5311,113.5,1772.4,1772.514,27.6154,Moderate Misalignment,0.5664,0.4145,0.542,0.0159,0.0053,38.5505,35.2558,51.6534,11.0704,26.6702,50.7478,98.6064,0.0,29.8309,16.735,No,0.0,-0.0084,0.0707,Poor,Low,2.5864,10.0,24.6153,27.6112,Moderate Risk,65.2964,38.1916,29.1583,Moderate Misalignment,35.6783,58.5093,Side Impact Potential,Peri-Urban,1.9974,False,Residential,Poor Infrastructure,0.1714,Light,False,29.4321,-0.0082,0.0051,Moderate Misalignment,38,Unnamed Road,2736