segment_id,road_name,road_type,human_segment_id,internal_id,start_lat,start_lon,end_lat,end_lon,length_m,start_km,end_km,road_risk_score,ai_risk_label,ai_risk_probability,prob_low_risk,prob_medium_risk,prob_high_risk,prob_critical_risk,ai_recommended_speed,recommended_safe_speed,road_function_score,infrastructure_score,exposure_score,human_tolerance_limit,operating_speed_score,crash_risk_score,posted_speed_limit,pedestrian_exposure_score,blackspot_flag,crash_count,fatal_crashes,schools_count,lighting_quality,roadside_hazards,intersection_density,speed_compliance_rate,speed_violation_score,hotspot_score,hotspot_category,speed_safety_score,original_safe_speed,misalignment_score,misalignment_category,speed_p85,ptw_share_pct,exposure_tier,urban_rural_flag,lane_count,median_presence,land_use_type,top_ai_factors,congestion_index,congestion_category,congestion_smoothed,operating_speed_mean,minor_crashes,major_crashes,risk_category,final_safe_speed,corridor_base,corridor_seq
4432,Unnamed Road,Urban Road,URB-04432,4432,13.0558,77.533,13.0569,77.5327,128.2,1772.8,1772.928,19.1694,Aligned,0.741,0.7298,0.2436,0.0064,0.0024,48.5975,49.3458,55.8116,16.2253,28.3154,50.7342,89.8118,0.6514,40.2729,22.2272,No,0.0,0.0017,-0.046,Good,Medium,1.7548,10.0,30.3902,28.6617,Moderate Risk,64.2051,49.7833,33.4595,Moderate Misalignment,50.6707,55.9512,Side Impact Potential,Peri-Urban,2.9483,False,Residential,Poor Infrastructure,0.0169,,False,44.6647,0.0131,0.0101,Aligned,48,Unnamed Road,2737
4433,Unnamed Road,Urban Road,URB-04433,4433,13.0622,77.531,13.0614,77.5311,92.6,1773.2,1773.293,8.3753,Aligned,0.9876,1.0423,0.0097,0.0121,0.0034,17.0541,20.3805,30.2074,0.0,15.185,51.7758,88.9307,0.0,20.0,4.0765,No,0.0,-0.0013,-0.0335,Poor,High,2.0101,10.0,10.0075,20.894,Safe,69.4357,19.3728,17.4069,Aligned,15.942,40.8446,Side Impact Potential,Rural,2.271,False,Industrial,Poor Infrastructure,0.2075,Light,False,11.2634,-0.0104,-0.0009,Aligned,16,Unnamed Road,2738
4434,Unnamed Road,Urban Road,URB-04434,4434,13.0622,77.531,13.0625,77.5309,31.8,1773.6,1773.632,10.3024,Aligned,0.9695,1.0418,0.0105,0.0084,0.0142,40.6359,42.4806,76.0234,0.1543,23.3742,49.5387,71.7621,0.0,49.7885,10.3919,No,0.0,0.0033,-0.0084,Poor,Low,2.4453,10.0,10.0,23.8981,Safe,68.3357,41.7218,20.3705,Aligned,41.1792,58.1604,Side Impact Potential,Urban,4.0854,False,Commercial,Poor Infrastructure,0.1906,Light,False,31.9938,0.0002,0.0086,Aligned,42,Unnamed Road,2739
4435,Unnamed Road,Urban Road,URB-04435,4435,13.0684,77.5302,13.0677,77.5303,84.8,1774.0,1774.085,12.3389,Aligned,0.9011,0.9081,0.0902,0.0275,0.004,57.4286,54.9177,100.0,10.2646,17.8426,79.5562,62.0184,0.0,60.0,12.4189,No,0.0,-0.0031,-0.0559,Poor,Low,0.1899,10.0,10.0,20.43,Safe,70.6477,57.4039,17.0652,Aligned,55.151,38.3612,Separated Traffic,Rural,6.9432,True,Industrial,Poor Infrastructure,0.1538,Light,False,45.2965,0.0017,0.0099,Aligned,56,Unnamed Road,2740
4436,Unnamed Road,Urban Road,URB-04436,4436,13.067,77.5305,13.0677,77.5303,82.7,1774.4,1774.483,39.1753,Moderate Misalignment,0.8137,0.1574,0.8253,0.0522,-0.008,75.0085,71.7021,96.9966,0.8563,16.9367,80.1335,91.411,0.0,60.0,12.9876,No,0.0,0.0016,-0.0029,Poor,Low,0.224,10.0,23.5421,27.0275,Moderate Risk,60.5037,72.8852,34.0228,Moderate Misalignment,70.4491,34.6016,Separated Traffic,Rural,8.0212,True,Residential,Poor Infrastructure,0.0057,,False,65.1469,-0.0121,-0.0122,Moderate Misalignment,73,Unnamed Road,2741
4437,Unnamed Road,Urban Road,URB-04437,4437,13.067,77.5305,13.0659,77.5305,120.8,1774.8,1774.921,10.9338,Aligned,0.9908,1.0146,0.002,0.0023,-0.0046,36.0177,37.1713,25.4207,17.2661,17.704,51.0778,85.9924,0.1145,38.4273,6.7198,No,0.0,-0.0024,0.0452,Poor,Low,3.846,10.0,10.1957,19.4872,Safe,72.6734,37.1374,16.6264,Aligned,39.0798,50.9168,Side Impact Potential,Peri-Urban,1.0541,False,Mixed,Poor Infrastructure,-0.0188,,False,31.0863,-0.0087,-0.0052,Aligned,38,Unnamed Road,2742
4438,Unnamed Road,Urban Road,URB-04438,4438,13.0628,77.5308,13.0625,77.5309,35.8,1775.2,1775.236,25.4513,Aligned,0.5549,0.5704,0.4413,-0.0065,0.0075,80.5896,80.5909,100.0,10.5947,21.1814,80.2727,76.8016,0.0,60.0,13.7858,No,0.0,0.003,-0.0243,Good,Medium,-0.0157,10.0,10.408,26.9062,Moderate Risk,62.16,78.5222,32.8356,Moderate Misalignment,83.3758,44.3963,Separated Traffic,Rural,4.8592,True,Residential,Poor Infrastructure | Above Human Tolerance Limit,0.0026,,False,73.186,-0.0039,0.0082,Aligned,81,Unnamed Road,2743
4439,Unnamed Road,Urban Road,URB-04439,4439,13.0569,77.5327,13.0578,77.5324,107.9,1775.6,1775.708,28.693,Moderate Misalignment,0.505,0.4764,0.4857,0.0516,-0.0136,59.6453,60.0466,98.7876,8.5761,13.4212,79.904,91.1406,0.4403,59.3308,3.4994,No,0.0,0.002,0.0133,Poor,Medium,0.2358,10.0,10.0,18.1603,Safe,71.8407,60.1325,16.2111,Aligned,60.7341,39.4336,Separated Traffic,Rural,3.9147,True,Industrial,Poor Infrastructure,-0.0164,,False,54.1796,0.0217,0.0097,Moderate Misalignment,63,Unnamed Road,2744
4440,Unnamed Road,Urban Road,URB-04440,4440,13.0065,77.5787,13.0092,77.5805,360.9,1776.0,1776.361,11.3121,Aligned,0.9865,0.9567,0.0023,0.0165,-0.0017,23.3625,24.592,31.7762,0.0,12.1531,50.0083,87.0477,0.1752,30.5418,2.3974,No,0.0,-0.0061,0.0216,Poor,Medium,2.2494,10.0,10.0,20.395,Safe,69.9973,24.8945,17.0913,Aligned,21.5404,37.9921,Side Impact Potential,Rural,1.0962,False,Residential,Poor Infrastructure,-0.0075,,False,23.0651,-0.0056,-0.0039,Aligned,24,Unnamed Road,2745
4441,Unnamed Road,Urban Road,URB-04441,4441,12.9295,77.6764,12.93,77.6762,61.1,1776.4,1776.461,7.7297,Aligned,0.9948,1.033,-0.0135,0.0198,0.0125,20.8004,20.5158,28.6394,17.3168,22.7125,50.6854,78.6197,0.0,29.4462,15.8337,No,0.0,0.0097,-0.0371,Good,Medium,2.2194,10.0,10.5599,21.174,Safe,70.461,20.6935,18.5228,Aligned,20.1255,48.6879,Side Impact Potential,Peri-Urban,1.7336,False,Residential,Poor Infrastructure,0.1944,Light,False,14.8884,-0.0005,0.0201,Aligned,20,Unnamed Road,2746
4442,Unnamed Road,Urban Road,URB-04442,4442,12.9305,77.6786,12.9303,77.6784,25.2,1776.8,1776.825,41.3412,Moderate Misalignment,0.7817,0.042,0.7688,0.1473,0.0023,49.6855,51.8576,100.0,35.9946,27.153,50.2967,69.6329,0.0,59.5468,12.5482,No,0.0,0.008,0.0492,Good,Low,0.3814,10.0,10.4621,25.1135,Moderate Risk,69.3688,49.0946,31.3709,Moderate Misalignment,51.7516,64.5202,Side Impact Potential,Urban,5.8731,False,Commercial,Poor Infrastructure | Above Human Tolerance Limit,0.0062,,False,37.6676,-0.007,-0.0046,Moderate Misalignment,50,Unnamed Road,2747
4443,Unnamed Road,Urban Road,URB-04443,4443,12.93,77.6762,12.93,77.6764,21.8,1777.2,1777.222,40.9531,Moderate Misalignment,0.9283,0.0255,0.949,0.0727,0.001,80.8021,78.9301,100.0,21.3332,20.708,79.8853,98.8959,0.4532,60.0,12.376,No,0.0,0.0059,0.0571,Poor,High,0.4439,10.0,15.6199,24.5104,Moderate Risk,66.0126,76.7356,30.2716,Moderate Misalignment,91.501,51.1197,Separated Traffic,Peri-Urban,8.0976,True,Residential,Poor Infrastructure,-0.0124,,False,78.5905,0.0002,-0.0083,Moderate Misalignment,79,Unnamed Road,2748
4444,Unnamed Road,Urban Road,URB-04444,4444,12.93,77.6764,12.93,77.677,63.3,1777.6,1777.663,13.5247,Aligned,0.9018,0.8703,0.0766,0.0159,-0.0027,40.9514,38.954,50.2119,31.1773,30.6094,51.0394,93.3409,0.3351,41.3341,23.618,No,0.0,0.0049,-0.0423,Good,Medium,2.3635,10.0,10.0251,21.9047,Safe,74.2513,42.0234,21.109,Aligned,38.8194,58.8864,Side Impact Potential,Urban,1.8273,False,Mixed,Poor Infrastructure,-0.0025,,False,37.2454,-0.0017,0.01,Aligned,40,Unnamed Road,2749
4445,Unnamed Road,Urban Road,URB-04445,4445,12.9305,77.6759,12.9306,77.6757,25.9,1778.0,1778.026,11.22,Aligned,0.9711,0.9635,0.0236,-0.0012,0.0085,42.7697,41.5908,68.5983,11.5359,29.0053,50.2309,78.7101,0.0,48.2031,13.907,No,0.0,-0.0004,1.0483,Good,Medium,2.0151,10.0,10.0,23.9396,Safe,70.3532,41.9761,21.6352,Aligned,42.8511,66.9496,Side Impact Potential,Urban,1.9717,False,Commercial,Poor Infrastructure,0.0118,,False,35.0405,0.0047,-0.0119,Aligned,42,Unnamed Road,2750
4446,Unnamed Road,Urban Road,URB-04446,4446,12.9301,77.6776,12.9303,77.6784,95.7,1778.4,1778.496,15.5495,Aligned,0.8436,0.847,0.1378,0.0052,-0.0049,17.4402,18.6416,27.8461,1.0134,14.6394,50.9839,90.4907,0.0,22.6601,9.4711,No,0.0,0.0018,-0.0273,Good,Medium,2.131,10.0,10.5065,20.5454,Safe,68.0758,17.5965,18.1997,Aligned,13.1566,34.1106,Side Impact Potential,Rural,2.018,False,Residential,Poor Infrastructure,0.0,,False,14.5874,-0.0042,-0.0196,Aligned,18,Unnamed Road,2751
4447,Unnamed Road,Urban Road,URB-04447,4447,12.93,77.677,12.9301,77.6776,60.5,1778.8,1778.861,12.5197,Aligned,0.9301,0.9614,0.0843,-0.0034,0.0125,25.2525,25.0296,32.0418,0.5059,15.758,50.9531,95.814,0.0,20.3764,8.5256,No,0.0,0.0094,-0.0288,Poor,Low,1.1147,10.0,21.2975,22.7247,Safe,66.7028,25.6702,22.1065,Aligned,23.5653,38.0883,Side Impact Potential,Rural,1.788,False,Industrial,Poor Infrastructure,0.1869,Light,False,19.4962,0.0014,0.0027,Aligned,25,Unnamed Road,2752
4448,Unnamed Road,Urban Road,URB-04448,4448,12.9308,77.6784,12.9303,77.6784,58.2,1779.2,1779.258,13.3482,Aligned,0.914,0.9229,0.0543,0.0069,-0.009,19.8355,20.4294,31.3414,13.2043,30.0116,31.4939,95.0576,0.1027,20.2193,26.3519,No,0.0,0.0034,0.9986,Poor,Low,2.757,10.0,10.1248,24.2387,Safe,70.4798,20.5107,19.7666,Aligned,20.0505,49.6889,Significant Pedestrian Interaction,Peri-Urban,2.0658,False,Commercial,High Pedestrian Interaction | Poor Infrastructure,-0.0204,,False,15.1457,-0.0136,-0.0041,Aligned,20,Unnamed Road,2753
4449,Unnamed Road,Urban Road,URB-04449,4449,12.9303,77.6761,12.93,77.6762,36.1,1779.6,1779.636,30.7528,Moderate Misalignment,0.7264,0.1769,0.7385,0.0485,0.0025,68.3646,70.7456,99.5412,0.769,17.9576,79.5884,89.4254,0.0,60.0,11.9339,No,0.0,0.0115,0.0078,Good,Low,0.1658,10.0,13.156,25.2293,Moderate Risk,63.6132,65.386,26.7598,Moderate Misalignment,65.534,36.8031,Separated Traffic,Rural,8.0529,True,Residential,Poor Infrastructure,0.1658,Light,False,52.4553,-0.0053,-0.0178,Moderate Misalignment,68,Unnamed Road,2754
4450,Unnamed Road,Urban Road,URB-04450,4450,12.9305,77.6759,12.9303,77.6761,40.6,1780.0,1780.041,57.8991,High Misalignment,0.5672,0.0443,0.4542,0.5712,0.0091,50.1354,51.9209,99.3365,0.17,15.3592,51.8235,81.7628,0.0,59.5689,8.4917,No,0.0,0.0027,-0.0751,Poor,High,0.1528,10.0,10.0,26.0344,Moderate Risk,61.224,49.4155,31.647,Moderate Misalignment,57.3281,41.4619,Side Impact Potential,Rural,6.1573,False,Commercial,Poor Infrastructure | Above Human Tolerance Limit,-0.0106,,False,46.6049,0.0148,0.0162,High Misalignment,49,Unnamed Road,2755
4451,Unnamed Road,Urban Road,URB-04451,4451,12.937,77.5205,12.937,77.5203,426.5,1780.4,1780.827,23.2985,Aligned,0.5275,0.4786,0.4422,0.0098,0.0083,45.6201,46.1171,100.0,11.2199,16.5429,78.8052,48.5647,0.3061,60.0,5.2164,No,0.0,-0.002,-0.0084,Poor,Medium,0.0247,10.0,10.2493,19.7035,Safe,71.8101,44.9127,17.0683,Aligned,44.4067,43.3382,Separated Traffic,Rural,6.9039,True,Residential,Poor Infrastructure,0.184,Light,False,36.115,0.0252,0.0115,Aligned,47,Unnamed Road,2756
4452,Unnamed Road,Urban Road,URB-04452,4452,12.962,77.6649,12.9688,77.6603,944.4,1780.8,1781.744,11.1704,Aligned,0.9643,0.969,-0.0084,-0.0067,0.0093,19.8195,17.5948,28.4113,25.2601,27.6457,30.2771,90.804,0.0,21.3818,26.1652,No,0.0,-0.0071,0.987,Poor,Low,1.6415,10.0,10.3158,22.3643,Safe,73.5381,19.9911,18.8371,Aligned,19.4129,42.6815,Significant Pedestrian Interaction,Rural,1.1771,False,Industrial,High Pedestrian Interaction | Poor Infrastructure,0.1332,Light,False,13.8643,0.0049,-0.0035,Aligned,19,Unnamed Road,2757
4453,Unnamed Road,Urban Road,URB-04453,4453,12.9513,77.7449,12.953,77.7507,1253.5,1781.2,1782.454,33.0916,Moderate Misalignment,0.7866,0.2005,0.7475,-0.0043,-0.0007,50.2149,51.0271,47.0785,32.3619,44.3429,52.5621,93.7997,0.0722,38.7051,48.9861,No,0.0,-0.0023,1.0006,Good,Medium,2.0234,10.0,29.4785,32.6725,Moderate Risk,64.3953,51.0103,36.6327,Moderate Misalignment,51.1514,60.5691,Side Impact Potential,Peri-Urban,1.8113,False,Residential,Poor Infrastructure,0.0013,,False,44.7134,0.0054,-0.0087,Moderate Misalignment,49,Unnamed Road,2758
4454,Unnamed Road,Urban Road,URB-04454,4454,12.8712,77.6348,12.8753,77.6399,985.3,1781.6,1782.585,12.8779,Aligned,0.9787,0.9665,0.0376,0.009,0.0003,36.2306,35.9056,47.7999,0.0,13.7548,51.1987,81.5892,0.0,60.0,4.18,No,0.0,-0.0096,0.0327,Poor,Low,1.823,10.0,10.0,20.7057,Safe,69.2646,37.7913,17.4889,Aligned,36.2402,39.4923,Side Impact Potential,Rural,1.9483,False,Residential,Poor Infrastructure,0.2231,Light,False,27.8496,0.0041,-0.0001,Aligned,37,Unnamed Road,2759
4455,Unnamed Road,Urban Road,URB-04455,4455,12.9799,77.6563,12.9855,77.6639,1350.4,1782.0,1783.35,13.2814,Aligned,0.9128,0.9033,0.0756,0.0314,-0.0104,55.0812,56.5841,98.6981,8.1784,17.8448,80.5284,62.0665,0.1669,60.0,11.7152,No,0.0,-0.0028,-0.1078,Poor,Low,0.1066,10.0,10.0,20.0799,Safe,70.7089,57.1977,16.8963,Aligned,53.2123,39.3074,Separated Traffic,Rural,6.9968,True,Industrial,Poor Infrastructure,0.1385,Light,False,46.487,0.0048,0.0079,Aligned,56,Unnamed Road,2760
4456,Unnamed Road,Urban Road,URB-04456,4456,12.9814,77.6507,12.9769,77.6547,721.0,1782.4,1783.121,17.6842,Aligned,0.7508,0.7076,0.2623,0.0246,0.0049,80.0069,79.3721,97.7543,0.0,17.3442,80.5202,81.0251,0.5682,60.0,8.8075,No,0.0,0.0073,0.015,Poor,High,0.358,10.0,10.1983,24.7364,Safe,65.6331,82.1316,25.2487,Moderate Misalignment,87.0821,41.2149,Separated Traffic,Rural,6.9179,True,Residential,Poor Infrastructure,0.1618,Light,False,65.2371,0.0113,0.0121,Aligned,79,Unnamed Road,2761
4457,Unnamed Road,Urban Road,URB-04457,4457,12.9156,77.5506,12.9144,77.5536,385.5,1782.8,1783.186,12.0772,Aligned,0.9648,0.9929,0.0633,0.0006,0.0008,31.7296,33.6026,83.9105,18.4341,22.7165,47.9723,71.3867,0.0,59.5228,9.7454,No,0.0,-0.0013,0.0493,Good,High,1.4634,10.0,10.0,21.2046,Safe,72.4833,34.7222,17.7984,Aligned,33.7066,58.6183,Side Impact Potential,Urban,3.0272,True,Industrial,Poor Infrastructure,0.0031,,False,30.8535,-0.0094,0.0034,Aligned,34,Unnamed Road,2762
4458,Unnamed Road,Urban Road,URB-04458,4458,13.0991,77.5974,13.0986,77.5988,226.5,1783.2,1783.427,11.7344,Aligned,0.9651,1.0271,0.034,-0.0023,-0.0072,39.7928,40.7206,78.1108,26.9248,28.2502,50.8221,77.754,0.0,59.5815,15.4009,No,0.0,-0.0055,0.027,Good,Medium,2.2754,10.0,10.2975,21.292,Safe,72.8788,39.6222,19.0989,Aligned,40.9828,63.4018,Side Impact Potential,Urban,2.8874,True,Residential,Poor Infrastructure,0.0082,,False,35.1306,0.0102,-0.0073,Aligned,39,Unnamed Road,2763
4459,Unnamed Road,Urban Road,URB-04459,4459,13.0377,77.6748,13.0369,77.6751,102.2,1783.6,1783.702,14.7803,Aligned,0.8428,0.8193,0.1488,-0.0074,-0.0001,24.7791,25.2668,27.7965,0.6473,9.5278,48.9785,99.5836,0.1713,60.0,3.224,No,0.0,0.0026,-0.0166,Poor,Medium,1.0181,10.0,16.8277,20.5902,Safe,67.4436,24.6378,21.0181,Aligned,22.6792,33.9908,Side Impact Potential,Rural,2.0956,False,Mixed,Poor Infrastructure,0.1411,Light,False,19.5835,0.0059,0.0015,Aligned,24,Unnamed Road,2764
4460,Unnamed Road,Urban Road,URB-04460,4460,12.9162,77.6199,12.9162,77.6172,315.2,1784.0,1784.315,11.3062,Aligned,0.9257,0.9565,0.0628,0.0084,0.004,22.1702,20.803,50.4178,15.8987,24.5477,50.2505,81.7116,0.0,31.203,17.7845,No,0.0,-0.0139,-0.045,Good,High,2.4214,10.0,10.0958,22.8371,Safe,70.9962,22.1154,18.8583,Aligned,19.1637,53.5829,Side Impact Potential,Peri-Urban,2.106,False,Commercial,Poor Infrastructure,0.1724,Light,False,17.1847,-0.0003,0.0154,Aligned,20,Unnamed Road,2765
4461,Unnamed Road,Urban Road,URB-04461,4461,13.0782,77.5303,13.0797,77.5383,1059.3,1784.4,1785.459,11.4265,Aligned,0.921,0.9207,0.0684,-0.0037,0.0062,59.6414,61.3724,100.0,12.3263,14.2857,80.0806,14.656,0.0338,60.0,9.0647,No,0.0,0.0118,-0.1054,Poor,Medium,0.2316,10.0,10.0,19.0269,Safe,71.885,64.3303,16.7422,Aligned,61.8662,31.7213,Separated Traffic,Rural,4.9821,True,Residential,Active Congestion | Poor Infrastructure,0.6267,Severe,False,23.866,0.0093,0.0027,Aligned,58,Unnamed Road,2766
4462,Unnamed Road,Urban Road,URB-04462,4462,12.9172,77.5548,12.918,77.552,320.6,1784.8,1785.121,39.2116,Moderate Misalignment,0.9946,-0.0099,1.019,0.0165,0.0012,79.4265,78.5669,100.0,10.8557,14.0778,79.7294,100.0,0.1221,60.0,8.1314,No,0.0,-0.0023,-0.0641,Poor,Low,0.2033,10.0,23.2673,26.779,Moderate Risk,61.3085,81.2332,34.5554,Moderate Misalignment,97.4355,34.8132,Separated Traffic,Rural,3.8,True,Residential,Poor Infrastructure,-0.0048,,False,78.2409,-0.0027,0.0044,Moderate Misalignment,79,Unnamed Road,2767
4463,Unnamed Road,Urban Road,URB-04463,4463,13.0211,77.6284,13.0212,77.6255,329.9,1785.2,1785.53,41.0246,Moderate Misalignment,0.9635,0.0347,0.9707,0.0237,0.0086,32.2139,27.3251,80.8672,83.4641,63.2966,32.1858,83.2019,0.0,38.8206,81.0751,No,0.0,-0.0036,1.0212,Good,Medium,2.312,10.0,10.2127,31.926,Moderate Risk,74.6665,30.6203,37.6886,Moderate Misalignment,34.1957,68.3856,Significant Pedestrian Interaction,Urban,4.0539,False,Residential,High Pedestrian Interaction | Above Human Tolerance Limit,-0.0138,,False,29.7612,-0.0054,0.0065,Moderate Misalignment,31,Unnamed Road,2768
4464,Unnamed Road,Urban Road,URB-04464,4464,12.9948,77.718,12.9948,77.7179,275.2,1785.6,1785.875,98.458,Critical Misalignment,0.9952,-0.0306,0.0433,0.015,0.9791,28.1836,31.0062,76.5474,55.1196,53.3516,29.8148,90.3927,4.7238,60.0,65.2029,No,0.0,-0.0033,0.9449,Good,Medium,2.2786,10.0,24.2093,50.1825,High Risk,43.7752,29.1191,77.8099,Critical Misalignment,76.5185,66.4863,Significant Pedestrian Interaction,Urban,1.7573,True,Mixed,Speed Limit Misaligned | High Pedestrian Interaction | Above Human Tolerance Limit,0.0054,,False,65.0817,0.9937,-0.0086,Critical Misalignment,29,Unnamed Road,2769
4465,Unnamed Road,Urban Road,URB-04465,4465,12.8558,77.6441,12.8614,77.6483,925.7,1786.0,1786.926,28.7458,Moderate Misalignment,0.5512,0.3711,0.622,0.0393,-0.0,80.6289,81.2456,98.8026,11.0286,14.564,80.5338,56.3399,0.0,60.0,9.517,No,0.0,0.0102,0.005,Poor,Low,0.0018,10.0,10.1437,24.9783,Moderate Risk,63.7679,76.4101,30.3428,Moderate Misalignment,80.3485,36.0368,Separated Traffic,Rural,4.413,True,Industrial,Poor Infrastructure | Above Human Tolerance Limit,0.1737,Light,False,61.2076,-0.0061,0.0009,Moderate Misalignment,80,Unnamed Road,2770
4466,Unnamed Road,Urban Road,URB-04466,4466,13.0373,77.4972,13.0375,77.4971,24.9,1786.4,1786.425,14.4606,Aligned,0.93,0.881,0.0247,0.031,0.0082,48.716,48.1065,99.0254,10.0125,13.3485,80.7875,74.1622,0.0,58.228,8.6219,No,0.0,-0.008,-0.047,Good,Low,0.2293,10.0,10.0913,18.5319,Safe,71.9304,47.4804,14.8943,Aligned,46.7351,33.3844,Separated Traffic,Rural,8.0763,True,Industrial,Poor Infrastructure,-0.0093,,False,41.5491,0.0033,-0.0021,Aligned,49,Unnamed Road,2771
4467,Unnamed Road,Urban Road,URB-04467,4467,13.0369,77.4975,13.0373,77.4972,60.4,1786.8,1786.86,11.657,Aligned,0.9605,0.9825,0.0836,0.0097,-0.0102,28.5985,29.2407,56.0952,9.3254,24.9055,51.2776,87.8423,0.0004,28.5447,9.1953,No,0.0,0.0048,0.0802,Poor,Low,2.8106,10.0,10.1762,23.7309,Safe,69.9452,25.8692,18.76,Aligned,31.366,66.9824,Side Impact Potential,Urban,4.0841,False,Residential,Poor Infrastructure,0.1593,Light,False,20.6083,-0.0011,0.0081,Aligned,27,Unnamed Road,2772
4468,Unnamed Road,Urban Road,URB-04468,4468,13.0375,77.4971,13.0378,77.497,34.4,1787.2,1787.234,40.411,Moderate Misalignment,0.9101,0.0314,0.8763,0.0612,0.0029,50.0031,49.224,98.3236,53.8153,42.7333,48.6161,70.6019,0.0902,60.0,40.4354,No,0.0,0.0008,0.9765,Poor,Medium,0.5442,10.0,10.0602,28.1463,Moderate Risk,70.4125,48.2276,33.7663,Moderate Misalignment,45.2551,61.4,Side Impact Potential,Urban,4.8529,True,Commercial,Above Human Tolerance Limit,0.0074,,False,43.0921,-0.0011,0.0012,Moderate Misalignment,48,Unnamed Road,2773
4469,Unnamed Road,Urban Road,URB-04469,4469,13.0369,77.4975,13.0364,77.4975,53.0,1787.6,1787.653,14.0938,Aligned,0.8845,0.8542,0.1339,0.0018,-0.0059,50.1635,51.3413,99.2026,19.164,33.5552,81.5455,76.0092,0.8761,59.7731,26.5651,No,0.0,-0.0031,0.9771,Poor,High,0.6639,10.0,10.4379,24.5824,Moderate Risk,71.474,52.0647,22.338,Aligned,50.3998,66.5481,Separated Traffic,Urban,5.0931,True,Commercial,Poor Infrastructure,-0.0087,,False,43.5773,-0.0081,-0.0017,Aligned,49,Unnamed Road,2774
4470,Unnamed Road,Urban Road,URB-04470,4470,13.0378,77.497,13.0381,77.4968,35.6,1788.0,1788.036,11.0762,Aligned,0.982,0.9488,0.0071,-0.0109,0.0018,38.9164,36.2818,86.5318,62.0597,34.2452,51.0274,74.5599,0.0,49.7805,25.692,No,0.0,-0.0081,0.0232,Good,Medium,1.8073,10.0,10.0,19.942,Safe,82.1639,37.9652,17.4502,Aligned,39.413,67.3729,Side Impact Potential,Urban,5.0395,True,Commercial,Meets Safe System Standards,0.0203,,False,34.2598,-0.0043,0.012,Aligned,37,Unnamed Road,2775
4471,Unnamed Road,Urban Road,URB-04471,4471,13.0397,77.4961,13.04,77.4961,33.5,1788.4,1788.434,36.7485,Moderate Misalignment,0.8409,0.1554,0.8731,0.0354,0.0088,30.054,29.5926,82.0118,77.2795,43.6602,30.7785,83.9351,0.0,41.3701,45.2172,No,0.0,0.0105,-0.0673,Good,High,2.1402,10.0,10.1903,25.3137,Moderate Risk,75.636,29.7562,30.5399,Moderate Misalignment,38.0376,64.5779,Significant Pedestrian Interaction,Urban,4.02,True,Residential,High Pedestrian Interaction | Above Human Tolerance Limit,-0.0001,,False,29.4963,0.0022,0.0125,Moderate Misalignment,31,Unnamed Road,2776
4472,Unnamed Road,Urban Road,URB-04472,4472,13.04,77.4961,13.0404,77.4961,34.5,1788.8,1788.835,19.0575,Aligned,0.7122,0.6989,0.2798,-0.001,0.0026,51.7714,47.378,74.4147,20.1249,32.6007,48.7259,88.7106,0.0,52.8772,21.5428,No,0.0,-0.011,1.0117,Good,Low,1.9054,10.0,17.9638,27.7155,Moderate Risk,66.1384,51.2558,30.4931,Moderate Misalignment,56.9638,68.847,Side Impact Potential,Urban,3.945,False,Industrial,Poor Infrastructure,0.1978,Light,False,44.229,0.0138,-0.0106,Aligned,52,Unnamed Road,2777
4473,Unnamed Road,Urban Road,URB-04473,4473,13.0366,77.4921,13.0364,77.4922,25.8,1789.2,1789.226,33.1305,Moderate Misalignment,0.7532,0.2112,0.7453,0.0034,0.0082,28.315,30.8436,51.5582,37.8628,46.2679,29.2879,98.0208,0.6082,31.4414,52.4007,No,0.0,-0.0031,1.0369,Good,Medium,3.4776,10.0,23.2057,30.9156,Moderate Risk,67.356,30.9466,29.2869,Moderate Misalignment,38.0659,55.922,Significant Pedestrian Interaction,Urban,1.8321,False,Commercial,High Pedestrian Interaction,-0.0102,,False,28.4591,-0.0109,0.0176,Moderate Misalignment,28,Unnamed Road,2778
4474,Unnamed Road,Urban Road,URB-04474,4474,13.0366,77.4921,13.0368,77.4917,44.7,1789.6,1789.645,8.6749,Aligned,0.9979,1.0344,0.0081,-0.0021,0.0021,27.9771,26.4596,28.9014,0.1627,18.706,48.9364,89.3722,0.0,27.4716,0.0,No,0.0,-0.0082,0.0158,Good,Medium,2.7072,10.0,10.0,22.1772,Safe,68.5273,27.5018,21.5311,Aligned,28.5192,62.0769,Side Impact Potential,Peri-Urban,0.9332,False,Residential,Poor Infrastructure,0.0096,,False,22.133,-0.0042,-0.0058,Aligned,28,Unnamed Road,2779
4475,Unnamed Road,Urban Road,URB-04475,4475,13.0371,77.4915,13.0368,77.4917,36.7,1790.0,1790.037,37.7752,Moderate Misalignment,0.9504,0.1118,0.9284,0.0194,0.0068,65.345,64.9347,82.403,43.5522,29.8624,69.3205,97.2335,0.0,48.1911,20.8127,No,0.0,-0.0008,-0.0002,Good,Medium,1.5812,10.0,29.3694,26.5932,Moderate Risk,68.5446,62.6612,32.6941,Moderate Misalignment,64.5514,63.6483,Separated Traffic,Urban,2.8213,True,Mixed,Meets Safe System Standards,0.1641,Light,False,51.5633,-0.0005,0.0067,Moderate Misalignment,67,Unnamed Road,2780
4476,Unnamed Road,Urban Road,URB-04476,4476,13.0372,77.491,13.0371,77.4915,59.0,1790.4,1790.459,36.1952,Moderate Misalignment,0.8562,0.1874,0.871,-0.0275,-0.0013,46.0604,47.1524,56.7747,21.3161,32.3209,48.2293,96.5571,0.0613,38.6263,24.3906,No,0.0,-0.0112,0.0164,Good,Medium,2.7595,10.0,16.1438,26.6029,Moderate Risk,68.7786,46.6168,26.7526,Moderate Misalignment,47.8234,60.3052,Side Impact Potential,Urban,4.1693,False,Residential,Poor Infrastructure,0.0111,,False,37.8225,-0.009,-0.0089,Moderate Misalignment,48,Unnamed Road,2781