segment_id,road_name,road_type,human_segment_id,internal_id,start_lat,start_lon,end_lat,end_lon,length_m,start_km,end_km,road_risk_score,ai_risk_label,ai_risk_probability,prob_low_risk,prob_medium_risk,prob_high_risk,prob_critical_risk,ai_recommended_speed,recommended_safe_speed,road_function_score,infrastructure_score,exposure_score,human_tolerance_limit,operating_speed_score,crash_risk_score,posted_speed_limit,pedestrian_exposure_score,blackspot_flag,crash_count,fatal_crashes,schools_count,lighting_quality,roadside_hazards,intersection_density,speed_compliance_rate,speed_violation_score,hotspot_score,hotspot_category,speed_safety_score,original_safe_speed,misalignment_score,misalignment_category,speed_p85,ptw_share_pct,exposure_tier,urban_rural_flag,lane_count,median_presence,land_use_type,top_ai_factors,congestion_index,congestion_category,congestion_smoothed,operating_speed_mean,minor_crashes,major_crashes,risk_category,final_safe_speed,corridor_base,corridor_seq
4477,Unnamed Road,Urban Road,URB-04477,4477,13.0357,77.4952,13.0357,77.4949,30.5,1790.8,1790.831,37.2485,Moderate Misalignment,0.9856,-0.002,0.9807,-0.0001,-0.0129,31.3011,26.9996,73.0061,18.6932,41.5778,29.5168,100.0,0.0171,60.0,45.5071,No,0.0,0.007,0.9725,Good,Low,1.8908,10.0,22.7185,36.9551,Moderate Risk,56.1385,29.7571,47.0373,Moderate Misalignment,51.1883,55.4819,Significant Pedestrian Interaction,Peri-Urban,2.1294,False,Industrial,High Pedestrian Interaction | Poor Infrastructure | Above Human Tolerance Limit,-0.0084,,False,41.7937,-0.0056,-0.0067,Moderate Misalignment,32,Unnamed Road,2782
4478,Unnamed Road,Urban Road,URB-04478,4478,13.0357,77.4949,13.0357,77.4944,57.5,1791.2,1791.257,34.0632,Moderate Misalignment,0.5621,0.3105,0.5673,0.099,-0.0005,55.7093,57.2494,99.8315,0.375,16.2164,79.2359,87.8182,0.8696,58.4442,7.5597,No,0.0,-0.0008,-0.007,Poor,Low,0.2406,10.0,10.0,21.3204,Safe,69.1489,59.6784,17.9678,Aligned,55.3698,40.2524,Separated Traffic,Rural,5.018,True,Residential,Poor Infrastructure,-0.0052,,False,50.427,-0.0049,-0.0174,Moderate Misalignment,56,Unnamed Road,2783
4479,Unnamed Road,Urban Road,URB-04479,4479,13.0356,77.4958,13.0356,77.4955,29.8,1791.6,1791.63,37.4988,Moderate Misalignment,0.8681,0.0638,0.8642,0.0256,-0.0004,50.6722,48.8713,73.3817,32.1304,28.0612,49.7538,95.0139,0.0,48.5328,12.0253,No,0.0,0.0077,-0.0305,Good,Low,1.8161,10.0,26.3617,26.036,Moderate Risk,67.6701,49.8086,32.399,Moderate Misalignment,62.5074,65.1341,Side Impact Potential,Urban,4.1483,False,Commercial,Poor Infrastructure,0.185,Light,False,45.9075,0.0051,-0.0043,Moderate Misalignment,50,Unnamed Road,2784
4480,Unnamed Road,Urban Road,URB-04480,4480,13.0356,77.4958,13.0357,77.4961,34.1,1792.0,1792.034,10.6873,Aligned,0.9427,1.0236,0.0203,-0.0043,-0.001,27.4555,29.4411,52.6576,24.7939,30.296,50.118,74.2296,0.0,39.1042,21.2366,No,0.0,-0.0074,0.9944,Poor,Low,2.8652,10.0,10.4489,22.5844,Safe,72.0778,26.1481,23.2141,Aligned,26.3267,66.9078,Side Impact Potential,Urban,3.2422,False,Mixed,Poor Infrastructure,-0.012,,False,21.8721,-0.0061,-0.0057,Aligned,28,Unnamed Road,2785
4481,Unnamed Road,Urban Road,URB-04481,4481,13.0356,77.4955,13.0357,77.4952,33.0,1792.4,1792.433,12.8237,Aligned,0.8913,0.8564,0.107,0.0195,0.0003,40.901,39.2854,96.7709,22.9431,28.8488,80.8376,61.5068,0.0,60.0,15.8151,No,0.0,-0.0027,-0.005,Poor,Low,0.5302,10.0,10.0,22.7224,Safe,71.7004,39.0329,18.0276,Aligned,37.5332,66.2674,Separated Traffic,Urban,6.9708,True,Commercial,Poor Infrastructure,-0.0038,,False,32.103,-0.0093,-0.0011,Aligned,40,Unnamed Road,2786
4482,Unnamed Road,Urban Road,URB-04482,4482,13.0358,77.4975,13.0357,77.4961,152.0,1792.8,1792.952,10.8897,Aligned,0.9711,0.96,0.0138,0.0022,-0.0014,37.2362,35.1409,59.1507,55.4297,44.962,49.9133,88.3231,0.0,39.7844,46.0335,No,0.0,0.0007,0.9854,Good,Low,3.3137,10.0,10.0,24.9412,Safe,78.8265,36.8275,21.278,Aligned,35.0025,61.1864,Side Impact Potential,Urban,2.2632,True,Commercial,Meets Safe System Standards,-0.0287,,False,34.2847,0.0143,-0.0041,Aligned,37,Unnamed Road,2787
4483,Unnamed Road,Urban Road,URB-04483,4483,13.0358,77.4975,13.0362,77.4975,34.3,1793.2,1793.234,15.2038,Aligned,0.8952,0.89,0.0968,0.0155,-0.0042,50.8941,47.6303,99.9189,22.4535,30.7073,81.1033,53.8944,0.0,60.0,23.7274,No,0.0,0.0033,0.9972,Good,Low,0.4356,10.0,10.0602,22.7671,Safe,73.0387,51.2247,18.4608,Aligned,48.2664,61.7623,Separated Traffic,Peri-Urban,4.1133,True,Mixed,Approach to Congestion (Tapered) | Poor Infrastructure,0.1726,Light,True,36.8511,0.0031,0.0101,Aligned,50,Unnamed Road,2788
4484,Unnamed Road,Urban Road,URB-04484,4484,13.0359,77.4937,13.0357,77.4944,81.3,1793.6,1793.681,9.5853,Aligned,0.991,0.9891,0.0143,0.0076,0.0077,15.6403,20.6302,32.2469,12.8055,18.6042,49.8487,89.7415,0.5968,20.2654,4.1986,No,0.0,0.0005,-0.0089,Poor,Medium,3.2412,10.0,10.0722,19.8721,Safe,72.0595,15.5299,17.4085,Aligned,16.9577,50.8229,Side Impact Potential,Peri-Urban,0.8929,True,Mixed,Poor Infrastructure,0.0022,,False,13.4875,-0.0191,-0.015,Aligned,17,Unnamed Road,2789
4485,Unnamed Road,Urban Road,URB-04485,4485,13.0362,77.4975,13.0364,77.4975,27.6,1794.0,1794.028,12.0607,Aligned,0.9077,0.9012,0.0992,-0.0023,0.0012,25.089,25.328,54.1611,32.5598,45.1825,48.866,86.7025,0.1528,30.778,42.5004,No,0.0,0.0078,2.0097,Good,Medium,2.6135,10.0,10.1771,26.9516,Moderate Risk,71.1225,26.665,24.2254,Aligned,23.4458,66.6828,Side Impact Potential,Urban,3.9195,False,Commercial,Poor Infrastructure,-0.031,,False,22.7964,-0.0073,0.0064,Aligned,25,Unnamed Road,2790
4486,Unnamed Road,Urban Road,URB-04486,4486,13.0364,77.4925,13.0359,77.4937,153.9,1794.4,1794.554,15.6629,Aligned,0.8491,0.8827,0.1353,-0.0198,-0.0053,41.8099,43.1474,97.0888,10.6978,18.4341,79.739,56.7708,0.0109,60.0,8.0335,No,0.0,0.0062,0.0416,Good,Medium,0.1704,10.0,10.0056,20.5329,Safe,70.4579,42.334,17.5651,Aligned,41.2396,42.3464,Separated Traffic,Rural,7.9109,True,Commercial,Poor Infrastructure,0.1903,Light,False,33.9853,-0.0038,-0.0064,Aligned,40,Unnamed Road,2791
4487,Unnamed Road,Urban Road,URB-04487,4487,13.0386,77.4966,13.0389,77.4964,37.5,1794.8,1794.838,30.7434,Moderate Misalignment,0.7298,0.1875,0.7085,0.031,0.0008,63.0105,65.9953,99.7644,3.4067,21.0195,78.6788,52.5251,0.4965,59.5526,10.4499,No,0.0,0.002,-0.0943,Poor,High,0.4144,10.0,10.0,22.1357,Safe,69.2177,65.2175,20.2957,Aligned,66.0899,50.1373,Separated Traffic,Peri-Urban,3.8466,True,Residential,Poor Infrastructure,0.2051,Light,False,49.1392,0.0033,0.0047,Moderate Misalignment,65,Unnamed Road,2792
4488,Unnamed Road,Urban Road,URB-04488,4488,13.0383,77.4967,13.0386,77.4966,34.5,1795.2,1795.235,11.1653,Aligned,0.9616,0.9467,0.0784,0.0102,-0.007,37.1546,34.7069,71.6055,25.8399,24.2133,49.3391,68.7803,0.3564,49.1643,15.0466,No,0.0,-0.0086,-0.0344,Good,Medium,1.7506,10.0,10.0,20.9965,Safe,74.7088,34.3324,19.3978,Aligned,35.2493,55.5584,Side Impact Potential,Urban,3.0379,False,Commercial,Poor Infrastructure,0.1553,Light,False,28.6269,0.0018,-0.0,Aligned,36,Unnamed Road,2793
4489,Unnamed Road,Urban Road,URB-04489,4489,13.0391,77.4963,13.0389,77.4964,28.2,1795.6,1795.628,33.639,Moderate Misalignment,0.5572,0.371,0.566,0.1082,-0.0049,59.9853,58.3885,98.8488,29.2908,22.1299,78.0262,90.2657,0.272,59.2993,14.1562,No,0.0,0.0016,0.0189,Poor,High,0.4217,10.0,10.1783,19.5531,Safe,74.5369,59.2772,17.8101,Aligned,58.0759,52.9829,Separated Traffic,Peri-Urban,6.7921,True,Industrial,Poor Infrastructure,0.0113,,False,56.3905,-0.0033,0.004,Moderate Misalignment,59,Unnamed Road,2794
4490,Unnamed Road,Urban Road,URB-04490,4490,13.0364,77.4922,13.0364,77.4925,27.3,1796.0,1796.027,44.1902,Moderate Misalignment,0.4814,0.218,0.4691,0.2823,-0.0037,79.4055,80.0688,100.0,0.0,17.3132,81.1567,87.9935,0.098,58.5178,7.9358,No,0.0,-0.0067,-0.0209,Poor,Low,0.1313,10.0,11.2204,30.5409,Moderate Risk,54.4915,79.6848,42.6454,Moderate Misalignment,99.9651,46.2101,Separated Traffic,Rural,3.9726,True,Residential,Poor Infrastructure | Above Human Tolerance Limit,-0.0242,,False,80.8987,-0.0024,-0.0112,Moderate Misalignment,80,Unnamed Road,2795
4491,Unnamed Road,Urban Road,URB-04491,4491,13.0383,77.4967,13.0381,77.4968,30.7,1796.4,1796.431,13.2755,Aligned,0.9135,0.9089,0.0555,0.0306,-0.0,79.4938,78.0412,98.5061,0.6773,14.3876,80.6722,21.6234,0.0,59.1804,1.4108,No,0.0,-0.0065,0.0001,Poor,Medium,0.2938,10.0,10.3725,19.887,Safe,69.6184,77.5288,18.5613,Aligned,79.0369,46.4749,Separated Traffic,Rural,5.1115,True,Residential,Active Congestion | Poor Infrastructure,0.6444,Severe,False,28.4303,0.0067,-0.0035,Aligned,79,Unnamed Road,2796
4492,Unnamed Road,Urban Road,URB-04492,4492,13.0395,77.4962,13.0391,77.4963,40.6,1796.8,1796.841,26.0939,Moderate Misalignment,0.4889,0.5113,0.5154,-0.0003,-0.0044,38.1316,39.1052,56.2264,19.0063,20.3951,48.5831,93.9038,0.0497,33.1406,19.285,No,0.0,-0.0007,-0.0275,Good,High,0.9735,10.0,28.9919,23.9075,Safe,67.967,39.7741,24.3683,Moderate Misalignment,39.28,39.8701,Side Impact Potential,Rural,4.037,False,Industrial,Poor Infrastructure,0.0082,,False,34.1894,0.0144,0.004,Moderate Misalignment,39,Unnamed Road,2797
4493,Unnamed Road,Urban Road,URB-04493,4493,13.0395,77.4962,13.0397,77.4961,30.6,1797.2,1797.231,42.8053,Moderate Misalignment,0.8745,0.0978,0.8659,0.0762,0.0048,51.4718,50.6599,98.9815,6.9242,13.7051,50.2121,64.7206,0.4762,60.0,2.4783,No,0.0,-0.0051,0.0331,Poor,High,0.0686,10.0,10.0,30.4341,Moderate Risk,55.9326,52.7416,42.4562,Moderate Misalignment,53.4194,42.7898,Side Impact Potential,Rural,6.9754,False,Residential,Poor Infrastructure | Above Human Tolerance Limit,0.016,,False,49.4707,-0.006,-0.0033,Moderate Misalignment,51,Unnamed Road,2798
4494,Unnamed Road,Urban Road,URB-04494,4494,13.0406,77.4962,13.0404,77.4961,25.8,1797.6,1797.626,70.3398,High Misalignment,0.8128,-0.0234,0.1657,0.8169,-0.0038,51.7843,49.1781,98.1036,2.4081,16.6426,50.9136,83.8074,0.7023,60.0,3.2572,No,0.0,-0.0089,-0.0117,Poor,Low,0.2098,10.0,30.8442,46.837,Moderate Risk,30.2892,49.2883,82.7314,Critical Misalignment,105.7326,44.1914,Side Impact Potential,Rural,5.9769,False,Mixed,Speed Limit Misaligned | Poor Infrastructure | Above Human Tolerance Limit,0.0031,,False,89.1515,0.0056,0.0052,High Misalignment,54,Unnamed Road,2799
4495,Unnamed Road,Urban Road,URB-04495,4495,12.9943,77.7667,12.994,77.7667,28.1,1798.0,1798.028,22.1314,Aligned,0.5478,0.5565,0.4367,0.0175,-0.004,31.8577,33.1082,52.2314,9.4649,22.1908,49.6352,98.1312,0.2636,31.0063,15.2031,No,0.0,0.0027,0.0353,Poor,Medium,2.0162,10.0,10.0036,22.8548,Safe,69.7906,30.8499,20.9974,Aligned,32.6532,50.1793,Side Impact Potential,Peri-Urban,3.942,False,Commercial,Poor Infrastructure,-0.0146,,False,28.3863,-0.0011,-0.0102,Aligned,31,Unnamed Road,2800
4496,Unnamed Road,Urban Road,URB-04496,4496,12.9943,77.7667,12.9957,77.7652,323.4,1798.4,1798.723,12.5186,Aligned,0.9748,1.0045,0.053,-0.0122,0.0157,33.1438,33.8215,50.0813,38.4122,31.5222,49.5877,83.3844,0.3995,43.3752,25.3224,No,0.0,-0.0034,0.0069,Poor,Medium,3.4996,10.0,10.0,21.6242,Safe,76.4113,30.0193,18.0453,Aligned,30.7262,65.2049,Side Impact Potential,Urban,2.1295,False,Mixed,Meets Safe System Standards,0.0208,,False,25.898,0.0174,-0.0034,Aligned,31,Unnamed Road,2801
4497,Unnamed Road,Urban Road,URB-04497,4497,12.9938,77.7667,12.994,77.7667,23.2,1798.8,1798.823,9.7218,Aligned,0.9986,0.9851,-0.0309,-0.0089,-0.0002,19.2158,20.5872,29.5785,0.7372,17.5391,50.9529,80.3897,0.2256,28.4914,11.3649,No,0.0,-0.0009,-0.0169,Poor,Low,1.1577,10.0,10.4125,22.2901,Safe,69.0478,19.162,18.305,Aligned,22.547,37.4142,Side Impact Potential,Rural,1.018,False,Industrial,Poor Infrastructure,0.1719,Light,False,14.4833,0.0094,-0.0009,Aligned,19,Unnamed Road,2802
4498,Unnamed Road,Urban Road,URB-04498,4498,12.993,77.7666,12.9938,77.7667,93.4,1799.2,1799.293,12.8037,Aligned,0.9417,0.9933,-0.0307,0.0075,-0.0092,19.5093,19.5781,54.7795,34.6713,29.4561,49.3444,65.8855,0.0,31.7278,27.0928,No,0.0,0.0031,-0.043,Good,Medium,2.9833,10.0,10.309,22.4342,Safe,75.3707,18.7012,19.6255,Aligned,19.1399,55.984,Side Impact Potential,Urban,4.132,False,Residential,Active Congestion,0.7149,Severe,False,10.5751,-0.0058,0.0104,Aligned,19,Unnamed Road,2803
4499,Unnamed Road,Urban Road,URB-04499,4499,12.9967,77.7636,12.9958,77.7647,217.8,1799.6,1799.818,14.9058,Aligned,0.9105,0.9098,0.106,0.0229,-0.0,21.9622,18.7136,39.6507,0.0,12.441,71.4061,94.98,0.2971,20.9861,0.5071,No,0.0,-0.0055,0.0486,Poor,Medium,0.7738,10.0,10.0,19.1542,Safe,70.2754,20.8386,16.643,Aligned,21.8285,36.9186,Separated Traffic,Rural,1.8766,True,Residential,Poor Infrastructure,0.0031,,False,17.1094,0.0066,-0.0053,Aligned,19,Unnamed Road,2804
4500,Unnamed Road,Urban Road,URB-04500,4500,12.9967,77.7636,12.9969,77.7625,122.6,1800.0,1800.123,8.0982,Aligned,0.957,0.9498,0.0158,0.0227,-0.0004,52.5124,55.4299,82.794,20.1312,27.8495,70.2925,76.0799,0.0,59.1417,23.3753,No,0.0,0.0076,0.02,Poor,High,1.522,10.0,10.0,22.588,Safe,72.2763,56.0028,21.2019,Aligned,53.5279,47.5042,Separated Traffic,Peri-Urban,4.7936,True,Industrial,Poor Infrastructure,-0.0299,,False,43.8988,0.0204,-0.0069,Aligned,54,Unnamed Road,2805
4501,Unnamed Road,Urban Road,URB-04501,4501,12.9967,77.7636,12.9976,77.7644,131.4,1800.4,1800.531,38.74,Moderate Misalignment,0.9216,0.0195,0.9813,0.0361,0.0032,30.6533,29.7802,51.9709,65.7904,54.08,30.2925,84.0469,0.3331,51.2076,64.7669,No,0.0,-0.0069,0.9492,Good,Medium,2.8341,10.0,10.0,35.9499,Moderate Risk,62.5466,31.7579,49.6505,Moderate Misalignment,40.9808,65.1138,Significant Pedestrian Interaction,Urban,3.123,False,Industrial,High Pedestrian Interaction | Above Human Tolerance Limit,0.0074,,False,40.1686,0.0,-0.004,Moderate Misalignment,32,Unnamed Road,2806
4502,Unnamed Road,Urban Road,URB-04502,4502,12.9973,77.76,12.9971,77.7611,119.6,1800.8,1800.92,11.4215,Aligned,0.9936,0.9315,0.073,0.0037,0.008,30.0509,27.4878,29.4054,19.923,21.569,50.3037,93.5297,0.0274,30.6029,14.181,No,0.0,0.0099,-0.017,Poor,Low,1.9881,10.0,10.0,20.3672,Safe,73.8209,28.844,17.6399,Aligned,28.0008,44.8081,Side Impact Potential,Rural,2.04,False,Industrial,Poor Infrastructure,0.0074,,False,27.1651,-0.0087,0.0065,Aligned,28,Unnamed Road,2807
4503,Unnamed Road,Urban Road,URB-04503,4503,12.9973,77.76,12.9965,77.7598,90.2,1801.2,1801.29,15.8084,Aligned,0.9053,0.8851,0.1437,0.0189,0.0019,69.7354,68.0832,100.0,1.9886,13.6029,83.0229,70.1018,0.0651,60.0,0.4099,No,0.0,0.0033,0.0639,Poor,Low,0.1796,10.0,10.1611,19.7302,Safe,69.2198,70.8623,17.892,Aligned,70.9265,46.095,Separated Traffic,Rural,3.9992,True,Mixed,Poor Infrastructure,0.0068,,False,63.1602,0.0112,0.0052,Aligned,71,Unnamed Road,2808
4504,Unnamed Road,Urban Road,URB-04504,4504,12.9839,77.768,12.9834,77.7681,52.4,1801.6,1801.652,14.5723,Aligned,0.855,0.8392,0.1577,0.0093,0.0051,69.964,71.9447,100.0,5.1417,19.1602,79.4454,73.8793,0.0,60.0,13.6271,No,0.0,-0.0004,-0.018,Good,Medium,0.3552,10.0,10.0,21.9469,Safe,69.003,72.7523,19.3462,Aligned,72.303,41.2426,Separated Traffic,Rural,4.093,True,Residential,Poor Infrastructure,-0.0039,,False,62.4305,0.0022,0.0068,Aligned,71,Unnamed Road,2809
4505,Unnamed Road,Urban Road,URB-04505,4505,12.9957,77.7652,12.9958,77.7647,52.6,1802.0,1802.053,21.8042,Aligned,0.6114,0.6123,0.3759,0.0122,-0.0069,28.7945,30.1372,49.8817,41.8641,37.2386,30.4081,95.4453,0.2243,30.8634,37.452,No,0.0,-0.0005,1.0134,Good,Low,2.4898,10.0,10.0,23.9045,Safe,76.9716,28.1443,20.4985,Aligned,29.7011,62.2059,Significant Pedestrian Interaction,Urban,1.8988,False,Industrial,High Pedestrian Interaction,-0.0049,,False,25.0633,0.0007,-0.0038,Aligned,28,Unnamed Road,2810
4506,Unnamed Road,Urban Road,URB-04506,4506,12.9851,77.768,12.9839,77.768,139.5,1802.4,1802.54,40.6726,Moderate Misalignment,0.9542,0.0294,0.9804,0.0095,-0.0003,31.7978,29.7886,75.1214,85.765,57.712,30.2536,81.4864,0.1924,41.0435,74.7271,No,0.0,-0.0024,2.9063,Good,Medium,2.196,10.0,10.0,30.3274,Moderate Risk,75.9142,29.9609,35.8935,Moderate Misalignment,37.134,62.4464,Significant Pedestrian Interaction,Urban,1.8604,True,Mixed,High Pedestrian Interaction | Above Human Tolerance Limit,0.2367,Light,False,26.0204,0.0088,0.0069,Moderate Misalignment,31,Unnamed Road,2811
4507,Unnamed Road,Urban Road,URB-04507,4507,12.9971,77.7611,12.9969,77.7625,154.9,1802.8,1802.955,11.0147,Aligned,0.9488,0.9602,0.0666,-0.0113,0.0037,25.6392,28.383,53.4552,23.171,30.1208,50.8947,73.9559,0.1897,40.2451,21.6298,No,0.0,-0.0,0.9844,Poor,Low,2.8554,10.0,10.0,23.7239,Safe,72.7693,28.6918,20.5459,Aligned,23.4255,67.3108,Side Impact Potential,Urban,2.8978,False,Mixed,Poor Infrastructure,-0.0031,,False,21.3141,-0.0032,0.0066,Aligned,27,Unnamed Road,2812
4508,Unnamed Road,Urban Road,URB-04508,4508,12.9967,77.7584,12.9965,77.7598,150.6,1803.2,1803.351,13.2918,Aligned,0.942,0.9501,0.0696,-0.005,-0.0008,30.6114,29.7544,47.5674,24.334,30.6753,50.3075,89.2321,0.4391,60.0,39.5726,No,0.0,0.0021,1.0269,Poor,High,1.522,10.0,10.0,23.1937,Safe,71.8096,28.3033,21.3116,Aligned,29.6175,34.5697,Side Impact Potential,Rural,1.9946,False,Industrial,Poor Infrastructure,0.1428,Light,False,23.1944,0.0093,-0.0013,Aligned,31,Unnamed Road,2813
4509,Unnamed Road,Urban Road,URB-04509,4509,12.9891,77.7665,12.9897,77.7664,68.2,1803.6,1803.668,27.4959,Moderate Misalignment,0.5067,0.4738,0.5474,0.0081,0.0037,79.6477,77.1091,99.488,28.6985,23.3671,77.597,77.9814,0.1132,60.0,17.312,No,0.0,-0.0081,0.0298,Poor,Low,0.4491,10.0,10.2042,26.062,Moderate Risk,66.9794,78.7325,30.6294,Moderate Misalignment,84.6998,52.7028,Separated Traffic,Peri-Urban,6.0605,True,Residential,Poor Infrastructure | Above Human Tolerance Limit,0.0096,,False,73.2605,-0.0001,0.0134,Moderate Misalignment,80,Unnamed Road,2814
4510,Unnamed Road,Urban Road,URB-04510,4510,12.9891,77.7665,12.9862,77.7675,349.7,1804.0,1804.35,10.5139,Aligned,0.9703,0.9316,0.0333,0.008,0.0105,29.9128,30.3374,77.4602,26.3221,29.7297,51.4379,76.0129,0.0,40.9609,17.4826,No,0.0,0.0006,0.0304,Good,Low,1.9724,10.0,10.2283,22.2276,Safe,73.2553,31.2095,20.1465,Aligned,28.8444,67.4297,Side Impact Potential,Urban,1.9549,True,Mixed,Poor Infrastructure,-0.0021,,False,24.0404,-0.0082,0.007,Aligned,30,Unnamed Road,2815
4511,Unnamed Road,Urban Road,URB-04511,4511,12.9862,77.7675,12.986,77.7676,20.3,1804.4,1804.42,39.5607,Moderate Misalignment,0.9306,0.0903,0.9389,0.0258,-0.0092,76.0602,76.2375,100.0,6.125,21.8315,79.5388,10.0,0.055,60.0,13.017,No,0.0,0.0124,0.0379,Good,Medium,0.4214,10.0,10.1092,28.0595,Moderate Risk,60.9214,77.741,31.5568,Moderate Misalignment,80.1085,48.6496,Separated Traffic,Peri-Urban,5.8812,True,Commercial,Active Congestion | Poor Infrastructure | Above Human Tolerance Limit,0.808,Severe,False,16.6507,-0.0005,-0.0235,Moderate Misalignment,77,Unnamed Road,2816
4512,Unnamed Road,Urban Road,URB-04512,4512,12.9851,77.768,12.986,77.7676,105.2,1804.8,1804.905,38.6439,Moderate Misalignment,0.8692,0.1136,0.8826,0.0292,0.0077,47.9775,52.4963,98.4801,0.852,11.9742,49.3166,74.1749,0.0,60.0,2.5797,No,0.0,-0.004,-0.0095,Good,Low,0.0905,10.0,10.5048,30.7228,Moderate Risk,54.5293,48.4559,43.0215,Moderate Misalignment,57.6932,37.3843,Side Impact Potential,Rural,8.0201,False,Residential,Poor Infrastructure | Above Human Tolerance Limit,-0.0053,,False,52.7745,-0.0031,-0.0003,Moderate Misalignment,47,Unnamed Road,2817
4513,Unnamed Road,Urban Road,URB-04513,4513,12.9976,77.7644,12.9976,77.7646,28.7,1805.2,1805.229,34.3484,Moderate Misalignment,0.7313,0.2345,0.7243,0.0541,0.0091,81.1012,79.7341,98.1267,8.4074,19.4198,80.8028,88.588,0.1648,59.9649,13.3034,No,0.0,-0.0052,-0.0436,Poor,High,0.1896,10.0,17.4012,26.6653,Moderate Risk,62.9613,80.6284,31.2677,Moderate Misalignment,82.2578,41.4609,Separated Traffic,Rural,4.7673,True,Industrial,Poor Infrastructure,0.2089,Light,False,64.3767,0.0082,-0.0155,Moderate Misalignment,81,Unnamed Road,2818
4514,Unnamed Road,Urban Road,URB-04514,4514,12.9897,77.7664,12.9901,77.7664,40.0,1805.6,1805.64,11.3058,Aligned,0.9117,0.9556,0.0831,-0.0224,-0.0013,40.262,40.9026,49.2497,10.0879,19.8513,51.1994,93.6209,0.4569,40.6667,6.4994,No,0.0,0.0154,-0.0266,Good,Medium,3.2018,10.0,10.0787,20.6602,Safe,71.44,39.7752,18.3665,Aligned,41.1391,55.5248,Side Impact Potential,Urban,2.1549,False,Commercial,Poor Infrastructure,0.0084,,False,33.4545,-0.0091,0.0022,Aligned,40,Unnamed Road,2819
4515,Unnamed Road,Urban Road,URB-04515,4515,12.9901,77.7664,12.9903,77.7664,24.0,1806.0,1806.024,12.2317,Aligned,0.9421,0.9457,0.0585,0.0229,0.0036,22.9109,19.8823,48.6824,17.6932,24.3561,50.4567,79.2616,0.0,30.7203,18.2565,No,0.0,-0.0044,-0.0645,Good,High,2.374,10.0,10.0,22.6463,Safe,71.4885,22.6721,18.4102,Aligned,20.5662,52.2513,Side Impact Potential,Peri-Urban,2.0098,False,Commercial,Poor Infrastructure,0.1644,Light,False,17.5385,-0.0127,0.0053,Aligned,23,Unnamed Road,2820
4516,Unnamed Road,Urban Road,URB-04516,4516,12.9906,77.7664,12.9903,77.7664,31.1,1806.4,1806.431,19.5396,Aligned,0.687,0.6638,0.3115,-0.0003,0.0004,31.4855,29.7955,57.5901,30.7028,38.7973,47.785,92.9935,0.0,60.0,39.1361,No,0.0,0.0053,1.0612,Poor,High,2.2466,10.0,10.1857,26.28,Moderate Risk,72.4522,32.9892,22.7177,Aligned,31.2076,61.703,Side Impact Potential,Urban,4.0219,False,Residential,Poor Infrastructure,0.112,Light,False,26.1704,-0.0037,0.0021,Aligned,31,Unnamed Road,2821
4517,Unnamed Road,Urban Road,URB-04517,4517,12.993,77.7666,12.9912,77.7665,191.9,1806.8,1806.992,13.7362,Aligned,0.9188,0.8846,0.0909,0.0105,-0.0012,57.2068,58.0157,100.0,14.2342,22.7442,77.7655,70.1732,0.0,60.0,9.9202,No,0.0,0.005,-0.0269,Good,High,0.2731,10.0,10.1455,21.8192,Safe,71.4343,54.7303,19.1263,Aligned,58.0671,59.3365,Separated Traffic,Peri-Urban,6.0441,True,Residential,Poor Infrastructure,-0.0277,,False,46.4706,0.0144,-0.0029,Aligned,59,Unnamed Road,2822
4518,Unnamed Road,Urban Road,URB-04518,4518,12.9906,77.7664,12.9912,77.7665,74.1,1807.2,1807.274,10.2897,Aligned,0.9837,0.9752,-0.0118,0.0044,-0.0085,19.6401,21.7211,30.0007,1.3219,11.8034,50.7734,87.186,0.0,20.9776,3.029,No,0.0,-0.0005,-0.0585,Poor,Low,2.559,10.0,10.0395,20.3315,Safe,68.9023,18.256,17.2559,Aligned,19.5499,34.0436,Side Impact Potential,Rural,2.0836,False,Industrial,Poor Infrastructure,0.1991,Light,False,14.0192,-0.0086,0.0005,Aligned,20,Unnamed Road,2823
4519,Unnamed Road,Urban Road,URB-04519,4519,13.013,77.6811,13.0141,77.6824,254.1,1807.6,1807.854,37.7497,Moderate Misalignment,0.9166,0.1256,0.9015,-0.0099,0.0028,47.602,45.378,85.0346,15.1232,26.3245,71.4614,91.2913,0.0,39.8278,14.8931,No,0.0,0.0064,0.0025,Poor,Medium,1.5535,10.0,15.7686,25.2065,Moderate Risk,66.7199,45.2551,27.6315,Moderate Misalignment,45.9535,57.6141,Separated Traffic,Urban,4.9123,True,Commercial,Poor Infrastructure,0.1639,Light,False,36.7611,0.0127,-0.0016,Moderate Misalignment,47,Unnamed Road,2824
4520,Unnamed Road,Urban Road,URB-04520,4520,12.9489,77.5622,12.9473,77.5643,384.7,1808.0,1808.385,14.189,Aligned,0.9322,0.9004,0.0598,0.0081,-0.0045,58.0393,57.6834,97.8537,14.5393,22.7174,81.5812,70.8332,0.2113,59.917,8.5487,No,0.0,0.0035,-0.0018,Good,High,0.314,10.0,10.0029,22.8203,Safe,72.0271,56.8794,18.8662,Aligned,55.8049,58.4333,Separated Traffic,Peri-Urban,5.8752,True,Residential,Poor Infrastructure,0.0003,,False,49.2723,0.0088,0.0117,Aligned,56,Unnamed Road,2825