segment_id,road_name,road_type,human_segment_id,internal_id,start_lat,start_lon,end_lat,end_lon,length_m,start_km,end_km,road_risk_score,ai_risk_label,ai_risk_probability,prob_low_risk,prob_medium_risk,prob_high_risk,prob_critical_risk,ai_recommended_speed,recommended_safe_speed,road_function_score,infrastructure_score,exposure_score,human_tolerance_limit,operating_speed_score,crash_risk_score,posted_speed_limit,pedestrian_exposure_score,blackspot_flag,crash_count,fatal_crashes,schools_count,lighting_quality,roadside_hazards,intersection_density,speed_compliance_rate,speed_violation_score,hotspot_score,hotspot_category,speed_safety_score,original_safe_speed,misalignment_score,misalignment_category,speed_p85,ptw_share_pct,exposure_tier,urban_rural_flag,lane_count,median_presence,land_use_type,top_ai_factors,congestion_index,congestion_category,congestion_smoothed,operating_speed_mean,minor_crashes,major_crashes,risk_category,final_safe_speed,corridor_base,corridor_seq
4611,Unnamed Road,Urban Road,URB-04611,4611,12.9931,77.5545,12.9931,77.5526,206.3,1844.4,1844.606,33.8919,Moderate Misalignment,0.7405,0.187,0.8096,0.0516,-0.004,66.0254,64.4119,98.0308,17.8053,24.0337,82.2963,92.1503,0.0,60.0,12.398,No,0.0,0.0033,0.076,Good,Medium,0.4609,10.0,10.043,24.1879,Safe,69.4071,65.4335,26.2089,Aligned,65.6863,62.1736,Separated Traffic,Peri-Urban,5.9182,True,Residential,Poor Infrastructure,-0.0018,,False,55.9596,-0.0062,0.0042,Moderate Misalignment,65,Unnamed Road,2916
4612,Unnamed Road,Urban Road,URB-04612,4612,13.0475,77.5314,13.0476,77.5321,71.8,1844.8,1844.872,10.4632,Aligned,0.9646,1.0076,0.0526,-0.002,-0.0176,39.9883,40.3023,77.63,28.002,27.6589,50.4356,78.0036,0.0,60.0,14.6035,No,0.0,-0.0112,0.0023,Good,Medium,2.3202,10.0,10.0,21.4747,Safe,74.2141,39.6943,17.9333,Aligned,40.8192,62.4702,Side Impact Potential,Urban,2.8869,True,Residential,Poor Infrastructure,-0.017,,False,33.8127,0.0042,0.0074,Aligned,39,Unnamed Road,2917
4613,Unnamed Road,Urban Road,URB-04613,4613,13.0474,77.5312,13.0475,77.5314,38.0,1845.2,1845.238,11.5066,Aligned,0.9808,1.0401,0.0516,-0.0143,0.0015,39.7094,39.6334,80.1078,25.1356,27.2439,50.1668,77.7093,0.0,60.0,16.8716,No,0.0,0.0037,0.0544,Good,Medium,2.3058,10.0,10.0835,20.9049,Safe,74.1283,40.1953,18.9256,Aligned,41.7463,63.2037,Side Impact Potential,Urban,2.986,True,Residential,Poor Infrastructure,0.0132,,False,32.55,0.0155,-0.0026,Aligned,40,Unnamed Road,2918
4614,Unnamed Road,Urban Road,URB-04614,4614,13.0486,77.5353,13.0476,77.5321,370.0,1845.6,1845.97,13.7174,Aligned,0.8704,0.8424,0.1337,0.0082,-0.0119,28.5768,26.5475,45.5841,99.9312,68.4861,29.7814,98.5466,0.2782,28.1068,95.7052,No,0.0,-0.0073,0.9399,Poor,High,2.4822,10.0,10.0,27.3064,Moderate Risk,85.0139,30.2127,25.0886,Aligned,32.2405,61.5012,Significant Pedestrian Interaction,Urban,2.1383,False,Residential,High Pedestrian Interaction,-0.0175,,False,28.0702,0.0021,0.0212,Aligned,30,Unnamed Road,2919
4615,Unnamed Road,Urban Road,URB-04615,4615,13.0486,77.5353,13.0487,77.5355,28.2,1846.0,1846.028,26.3897,Aligned,0.4709,0.4455,0.4857,0.0226,0.012,58.9188,59.6078,96.3853,0.0,16.0804,79.1976,41.5314,0.0754,59.6155,10.695,No,0.0,0.0065,-0.0474,Good,High,0.3035,10.0,10.0,26.5791,Moderate Risk,60.9447,60.384,31.3106,Moderate Misalignment,60.0881,41.3432,Separated Traffic,Rural,4.0693,True,Industrial,Poor Infrastructure | Above Human Tolerance Limit,0.009,,False,49.8643,0.0178,-0.0003,Aligned,60,Unnamed Road,2920
4616,Unnamed Road,Urban Road,URB-04616,4616,13.0476,77.5321,13.0474,77.5312,110.0,1846.4,1846.51,11.073,Aligned,0.9768,0.903,0.0095,-0.0151,0.0109,25.1343,25.99,56.1944,0.6284,21.5229,51.2474,85.7897,0.1193,30.2251,10.7333,No,0.0,-0.0008,0.0129,Good,High,2.0782,10.0,10.0,23.6603,Safe,67.5997,26.7962,20.6305,Aligned,24.6102,51.8109,Side Impact Potential,Peri-Urban,4.1568,False,Commercial,Poor Infrastructure,-0.0039,,False,19.6189,-0.012,-0.0066,Aligned,26,Unnamed Road,2921
4617,Unnamed Road,Urban Road,URB-04617,4617,13.0546,77.5327,13.0529,77.5333,195.2,1846.8,1846.995,39.5669,Moderate Misalignment,0.9753,0.052,1.0189,-0.0001,0.0023,81.9571,80.6934,99.6862,1.1617,13.5218,79.9859,10.4555,0.2123,60.0,0.4994,No,0.0,0.0021,-0.0219,Poor,Low,0.1032,10.0,10.0,28.5258,Moderate Risk,57.4417,79.6926,37.9945,Moderate Misalignment,95.7542,47.1595,Separated Traffic,Rural,6.958,True,Residential,Active Congestion | Poor Infrastructure | Above Human Tolerance Limit,0.7797,Severe,False,26.7067,0.0107,-0.0043,Moderate Misalignment,82,Unnamed Road,2922
4618,Unnamed Road,Urban Road,URB-04618,4618,13.0529,77.5333,13.0487,77.5355,590.5,1847.2,1847.791,9.8074,Aligned,0.9967,0.955,0.0514,-0.0091,0.0042,25.6815,26.165,56.5001,0.0,12.538,51.5867,85.9493,0.0382,32.33,4.7436,No,0.0,-0.0033,0.0077,Poor,High,0.7316,10.0,10.0,19.8999,Safe,68.9517,24.4012,16.8852,Aligned,22.9685,37.8158,Side Impact Potential,Rural,3.8996,False,Industrial,Poor Infrastructure,0.1923,Light,False,20.7928,0.0018,-0.0014,Aligned,25,Unnamed Road,2923
4619,Unnamed Road,Urban Road,URB-04619,4619,13.0483,77.5357,13.0487,77.5355,41.2,1847.6,1847.641,10.2967,Aligned,0.9529,1.0016,0.0152,-0.0018,-0.0007,43.6624,45.0993,51.6208,24.6668,34.9464,49.0889,76.24,0.0,59.9724,25.9032,No,0.0,-0.0043,0.9282,Good,Low,2.8362,10.0,10.0,24.9691,Safe,72.7229,43.8313,20.6325,Aligned,43.2939,67.0028,Side Impact Potential,Urban,4.1237,False,Commercial,Poor Infrastructure,0.1623,Light,False,33.7743,-0.0009,-0.0063,Aligned,44,Unnamed Road,2924
4620,Unnamed Road,Urban Road,URB-04620,4620,13.0451,77.535,13.0455,77.5329,233.3,1848.0,1848.233,14.6299,Aligned,0.9182,0.9107,0.0865,-0.0014,-0.0034,46.3277,36.8986,52.2183,0.0,16.1819,49.1306,99.7176,40.4365,38.2557,6.6962,Yes,0.0,0.9908,0.0144,Poor,High,1.5628,10.0,11.3773,33.798,Moderate Risk,57.9608,43.9677,22.5461,Aligned,46.4394,39.4312,Side Impact Potential,Rural,1.722,False,Industrial,Poor Infrastructure,0.0168,,False,39.309,0.0032,0.0073,Aligned,45,Unnamed Road,2925
4621,Unnamed Road,Urban Road,URB-04621,4621,13.0451,77.535,13.0483,77.5357,385.6,1848.4,1848.786,8.6417,Aligned,0.9816,0.9144,0.0076,-0.0028,-0.0063,28.4966,25.0564,76.1703,36.9748,31.1579,50.5008,51.7263,0.4995,39.8865,19.2713,No,0.0,0.003,-0.069,Good,Low,1.6236,10.0,10.0,21.3929,Safe,75.5343,28.1841,19.4376,Aligned,26.1057,65.7163,Side Impact Potential,Urban,3.9894,False,Commercial,Active Congestion,0.733,Severe,False,10.0,0.0005,-0.0025,Aligned,29,Unnamed Road,2926
4622,Unnamed Road,Urban Road,URB-04622,4622,13.0451,77.535,13.0446,77.5368,201.2,1848.8,1849.001,9.859,Aligned,0.9758,0.9546,0.0515,-0.0126,-0.0059,30.4082,32.567,80.9353,25.3407,29.4773,48.7759,77.1755,0.4494,40.351,19.0262,No,0.0,-0.0085,0.0084,Good,Low,2.0491,10.0,10.0,22.5412,Safe,72.7443,31.1741,19.3043,Aligned,30.9468,68.066,Side Impact Potential,Urban,2.0675,True,Mixed,Poor Infrastructure,0.0225,,False,25.0126,-0.0097,0.014,Aligned,32,Unnamed Road,2927
4623,Unnamed Road,Urban Road,URB-04623,4623,13.0455,77.5329,13.0469,77.5313,263.6,1849.2,1849.464,10.2053,Aligned,0.9758,0.9705,-0.0113,0.013,-0.0047,37.6303,39.6479,76.7793,39.92,44.2494,49.2457,71.7591,0.3328,49.6562,45.874,No,0.0,-0.0013,1.0408,Good,High,1.6755,10.0,10.55,27.5175,Moderate Risk,73.2922,37.2398,22.1507,Aligned,36.2404,67.0027,Side Impact Potential,Urban,5.1506,False,Residential,Meets Safe System Standards,-0.0128,,False,30.5512,-0.0012,0.0138,Aligned,37,Unnamed Road,2928
4624,Unnamed Road,Urban Road,URB-04624,4624,13.0446,77.5371,13.0446,77.5368,35.2,1849.6,1849.635,9.732,Aligned,1.0056,0.9599,0.0369,-0.0031,-0.0044,25.1107,25.9609,24.1402,14.037,19.3683,50.8154,84.4231,0.3108,30.1026,7.0741,No,0.0,-0.0056,0.0099,Poor,Medium,2.8592,10.0,10.0,20.2741,Safe,72.9325,26.2963,17.4804,Aligned,29.7564,49.8914,Side Impact Potential,Peri-Urban,1.0528,False,Residential,Poor Infrastructure,0.0004,,False,20.928,0.0032,0.0017,Aligned,27,Unnamed Road,2929
4625,Unnamed Road,Urban Road,URB-04625,4625,13.0469,77.5313,13.0474,77.5312,50.0,1850.0,1850.05,13.3171,Aligned,0.9327,0.9431,0.0601,0.009,-0.0093,29.8051,29.5615,52.3015,9.1671,21.2612,49.9544,88.8532,0.1708,30.1335,6.256,No,0.0,0.0064,-0.0515,Good,Medium,3.7456,10.0,10.0,21.82,Safe,69.2871,28.2432,19.5742,Aligned,26.3249,61.4436,Side Impact Potential,Urban,1.9061,False,Residential,Poor Infrastructure,0.1399,Light,False,23.6158,-0.0142,0.0029,Aligned,30,Unnamed Road,2930
4626,Unnamed Road,Urban Road,URB-04626,4626,13.0437,77.5389,13.0443,77.539,67.1,1850.4,1850.467,14.5092,Aligned,0.9065,0.8583,0.0939,0.0147,0.0054,56.4527,55.0106,100.0,19.0434,29.1874,79.1917,59.2289,0.1642,60.0,17.1632,No,0.0,0.0026,0.0467,Good,Low,0.625,10.0,10.0,23.1519,Safe,71.9676,56.8716,22.479,Aligned,57.4966,65.9693,Separated Traffic,Urban,3.814,True,Commercial,Poor Infrastructure,0.1663,Light,False,44.6026,-0.002,0.003,Aligned,57,Unnamed Road,2931
4627,Unnamed Road,Urban Road,URB-04627,4627,13.0443,77.539,13.0446,77.5371,280.4,1850.8,1851.08,9.4613,Aligned,0.9969,1.0324,-0.0229,-0.0092,-0.0051,20.6019,18.5725,27.4442,11.1312,16.56,51.1324,77.7816,0.0305,31.6901,4.2692,No,0.0,-0.0091,-0.0271,Poor,High,3.0278,10.0,10.0,20.3747,Safe,71.1381,18.8253,17.105,Aligned,17.5041,50.0922,Side Impact Potential,Peri-Urban,0.8424,False,Residential,Poor Infrastructure,0.2131,Light,False,14.6917,-0.0037,0.0134,Aligned,19,Unnamed Road,2932
4628,Unnamed Road,Urban Road,URB-04628,4628,13.0443,77.539,13.0439,77.5395,103.5,1851.2,1851.303,34.7762,Moderate Misalignment,0.8346,0.2135,0.8266,0.0146,-0.0107,48.9078,47.3222,61.5748,14.4209,23.4361,52.1419,98.6676,0.334,41.6003,13.8528,No,0.0,0.0084,0.0045,Good,Low,1.9736,10.0,22.4097,25.1543,Moderate Risk,66.7069,50.1384,28.9853,Moderate Misalignment,52.818,51.8577,Side Impact Potential,Peri-Urban,4.0044,True,Residential,Poor Infrastructure,0.1412,Light,False,37.1408,-0.0025,-0.0075,Moderate Misalignment,49,Unnamed Road,2933
4629,Unnamed Road,Urban Road,URB-04629,4629,13.0434,77.539,13.0437,77.5389,42.6,1851.6,1851.643,9.7731,Aligned,0.9978,1.0294,0.0193,-0.0043,0.0003,29.2491,27.6836,26.9679,0.4687,18.6865,49.0835,90.667,0.4157,28.4998,0.4136,No,0.0,-0.0036,0.0532,Good,Medium,2.7019,10.0,10.4407,22.7127,Safe,69.2306,27.6903,19.3277,Aligned,26.0223,61.784,Side Impact Potential,Peri-Urban,1.0354,False,Residential,Poor Infrastructure,-0.0049,,False,19.9896,0.0133,0.0107,Aligned,28,Unnamed Road,2934
4630,Unnamed Road,Urban Road,URB-04630,4630,13.0982,77.5709,13.0995,77.5707,149.6,1852.0,1852.15,10.073,Aligned,0.9874,0.9433,0.0432,0.0066,-0.0013,20.4828,21.6665,31.0967,14.5954,18.8029,50.0075,92.2558,0.0319,60.0,13.8648,No,0.0,-0.0052,-0.0092,Poor,Low,0.767,10.0,10.0,20.9809,Safe,72.3528,22.5421,18.8171,Aligned,22.7845,39.7951,Side Impact Potential,Rural,2.0577,False,Residential,Poor Infrastructure,0.1549,Light,False,16.5117,0.0136,0.0026,Aligned,21,Unnamed Road,2935
4631,Unnamed Road,Urban Road,URB-04631,4631,13.1026,77.5698,13.1038,77.5699,145.3,1852.4,1852.545,62.4935,High Misalignment,0.7238,-0.0143,0.238,0.7284,-0.0025,50.3671,49.4599,99.9156,53.7789,32.1565,50.9297,70.7629,0.3095,60.0,28.8528,No,0.0,0.0029,-0.0215,Poor,Medium,0.5496,10.0,10.5499,35.5617,Moderate Risk,56.747,50.432,55.6434,High Misalignment,69.9458,58.2643,Side Impact Potential,Urban,5.0256,False,Commercial,Speed Limit Misaligned | Above Human Tolerance Limit,-0.0011,,False,58.1971,-0.0017,0.0105,High Misalignment,49,Unnamed Road,2936
4632,Unnamed Road,Urban Road,URB-04632,4632,13.1026,77.5698,13.1015,77.5699,122.0,1852.8,1852.922,12.8129,Aligned,0.944,0.9856,0.0485,0.0028,0.0058,27.0674,28.4568,79.1445,23.5205,23.2554,49.7474,55.4685,0.1572,40.0638,10.4329,No,0.0,-0.0022,0.0125,Poor,Low,1.6349,10.0,10.145,21.1275,Safe,73.7933,28.1065,18.4963,Aligned,28.026,57.3439,Side Impact Potential,Urban,6.1688,False,Residential,Active Congestion | Poor Infrastructure,0.6914,Severe,False,10.7847,-0.0028,0.0133,Aligned,28,Unnamed Road,2937
4633,Unnamed Road,Urban Road,URB-04633,4633,13.1042,77.57,13.1038,77.5699,44.2,1853.2,1853.244,11.7927,Aligned,0.977,0.9807,-0.0033,-0.0049,0.009,21.1116,20.0838,53.8346,23.6862,25.5509,49.3337,82.0661,0.1969,26.6316,15.1924,No,0.0,-0.0053,-0.0424,Good,Low,2.2144,10.0,10.0,20.9106,Safe,73.9019,20.8365,17.9719,Aligned,16.9965,53.8697,Side Impact Potential,Peri-Urban,4.0749,False,Industrial,Poor Infrastructure,0.0147,,False,16.9077,-0.0034,-0.0194,Aligned,21,Unnamed Road,2938
4634,Unnamed Road,Urban Road,URB-04634,4634,13.1042,77.57,13.1044,77.5701,20.8,1853.6,1853.621,45.5106,Moderate Misalignment,0.6573,0.1198,0.6582,0.233,0.0131,50.6379,51.8914,99.6016,19.8672,24.0515,50.0473,67.7258,0.4893,60.0,12.6339,No,0.0,-0.0117,-0.0442,Poor,Medium,0.7961,10.0,10.142,32.4277,Moderate Risk,57.5212,49.0317,44.389,Moderate Misalignment,60.271,64.8516,Side Impact Potential,Urban,8.0468,False,Mixed,Poor Infrastructure | Above Human Tolerance Limit,-0.0169,,False,47.9581,0.0091,-0.0076,Moderate Misalignment,50,Unnamed Road,2939
4635,Unnamed Road,Urban Road,URB-04635,4635,13.1062,77.5705,13.1064,77.5706,24.1,1854.0,1854.024,13.3485,Aligned,0.9136,0.9139,0.0875,-0.004,0.0041,58.7463,57.1371,100.0,14.5768,23.7919,79.1116,69.7439,0.2825,59.8455,10.1303,No,0.0,0.005,-0.0094,Good,High,0.2842,10.0,10.5149,21.6213,Safe,71.7479,55.6857,18.5265,Aligned,58.677,59.8853,Separated Traffic,Peri-Urban,6.0051,True,Residential,Poor Infrastructure,-0.0027,,False,48.6228,0.015,0.0027,Aligned,58,Unnamed Road,2940
4636,Unnamed Road,Urban Road,URB-04636,4636,13.1062,77.5705,13.1055,77.5703,79.5,1854.4,1854.48,18.1349,Aligned,0.6748,0.6343,0.2817,0.0033,-0.0075,80.7567,81.2453,99.089,7.7085,18.266,78.7831,71.9867,0.0,59.1444,8.9802,No,0.0,0.0046,0.0095,Poor,Medium,0.1024,10.0,10.0,30.2835,Moderate Risk,56.4706,80.7729,42.9302,Moderate Misalignment,91.71,38.9607,Separated Traffic,Rural,6.9479,True,Industrial,Poor Infrastructure | Above Human Tolerance Limit,-0.0093,,False,78.731,-0.0081,-0.0098,Aligned,82,Unnamed Road,2941
4637,Unnamed Road,Urban Road,URB-04637,4637,13.1064,77.5706,13.1066,77.5706,27.7,1854.8,1854.828,12.9423,Aligned,0.8971,0.9168,0.0692,0.0151,-0.0019,44.2124,44.5991,99.6669,40.4894,31.1965,81.2188,66.7885,0.0,59.9391,22.6161,No,0.0,-0.0033,0.9728,Good,Medium,0.685,10.0,10.0,21.0356,Safe,75.5476,44.9938,19.2564,Aligned,44.8887,55.9387,Separated Traffic,Urban,5.8653,True,Mixed,Meets Safe System Standards,0.0203,,False,37.074,0.006,0.0019,Aligned,44,Unnamed Road,2942
4638,Unnamed Road,Urban Road,URB-04638,4638,13.1071,77.5707,13.1066,77.5706,60.2,1855.2,1855.26,39.0578,Moderate Misalignment,0.9569,0.0316,0.9546,-0.0003,0.0085,35.677,35.3801,53.3774,21.2934,25.0647,48.6593,99.4882,0.0,40.8193,15.1417,No,0.0,-0.0062,-0.0073,Good,Medium,3.2606,10.0,22.8488,24.8996,Moderate Risk,67.9629,38.2476,27.3694,Moderate Misalignment,38.0409,61.8775,Side Impact Potential,Urban,4.0794,False,Commercial,Poor Infrastructure,-0.003,,False,28.0891,-0.0038,0.01,Moderate Misalignment,36,Unnamed Road,2943
4639,Unnamed Road,Urban Road,URB-04639,4639,13.1073,77.575,13.1074,77.5747,26.3,1855.6,1855.626,21.8218,Aligned,0.5618,0.5745,0.482,-0.0069,-0.0034,46.8161,50.374,52.4285,17.4248,20.8823,49.891,66.4075,0.4284,41.0794,17.2595,No,0.0,-0.0047,0.0022,Poor,High,1.469,10.0,25.9288,25.0896,Moderate Risk,65.6421,50.7225,28.6804,Moderate Misalignment,51.8449,43.9014,Side Impact Potential,Rural,2.7925,False,Commercial,Active Congestion | Poor Infrastructure,0.6451,Severe,False,18.0507,0.0145,0.005,Aligned,49,Unnamed Road,2944
4640,Unnamed Road,Urban Road,URB-04640,4640,13.1074,77.5747,13.1076,77.574,90.0,1856.0,1856.09,13.9449,Aligned,0.9068,0.9157,0.0706,0.0029,-0.0023,60.2405,60.8932,100.0,12.8257,23.3996,79.9656,64.3736,0.2976,60.0,14.9519,No,0.0,0.0001,0.0901,Good,Low,0.2638,10.0,10.0,21.9975,Safe,70.4408,59.1811,18.6576,Aligned,59.797,51.9929,Separated Traffic,Peri-Urban,6.0995,True,Residential,Poor Infrastructure,0.1691,Light,False,47.3922,0.0079,0.013,Aligned,60,Unnamed Road,2945
4641,Unnamed Road,Urban Road,URB-04641,4641,13.1079,77.5719,13.1079,77.5714,56.8,1856.4,1856.457,35.9013,Moderate Misalignment,0.7749,0.2156,0.7907,0.0062,0.0088,44.7338,44.0297,84.1859,22.6505,33.4502,49.9388,91.2272,0.0,41.6082,26.8792,No,0.0,-0.0028,0.9934,Good,Low,1.9223,10.0,10.0,25.299,Moderate Risk,69.0536,42.632,25.3673,Moderate Misalignment,43.0445,62.3553,Side Impact Potential,Urban,4.8729,True,Commercial,Poor Infrastructure,0.148,Light,False,34.2923,0.011,0.0074,Moderate Misalignment,44,Unnamed Road,2946
4642,Unnamed Road,Urban Road,URB-04642,4642,13.1079,77.5729,13.1079,77.5719,106.2,1856.8,1856.906,17.9219,Aligned,0.7819,0.7838,0.183,0.0351,-0.0013,68.8609,67.033,98.9105,0.4815,13.1594,79.0664,82.116,0.0,59.6863,8.0529,No,0.0,-0.0022,-0.0058,Good,Low,0.1478,10.0,10.2763,20.5264,Safe,69.225,69.0881,17.4739,Aligned,68.1606,32.7421,Separated Traffic,Rural,6.2699,True,Mixed,Poor Infrastructure,-0.0074,,False,57.2561,-0.0057,0.0082,Aligned,70,Unnamed Road,2947
4643,Unnamed Road,Urban Road,URB-04643,4643,13.1076,77.574,13.1079,77.5729,122.0,1857.2,1857.322,22.6354,Aligned,0.7123,0.6973,0.2529,0.057,0.0017,79.1441,81.9611,97.9226,9.7541,18.9725,80.3113,85.0267,0.0,60.0,11.2057,No,0.0,-0.0059,0.0174,Poor,Low,0.2535,10.0,10.0,27.3954,Moderate Risk,61.068,81.0879,34.823,Moderate Misalignment,95.5167,33.1528,Separated Traffic,Rural,5.066,True,Residential,Poor Infrastructure | Above Human Tolerance Limit,-0.0242,,False,78.3382,0.0038,0.0066,Aligned,80,Unnamed Road,2948
4644,Unnamed Road,Urban Road,URB-04644,4644,13.1079,77.5709,13.1071,77.5707,86.1,1857.6,1857.686,41.5723,Moderate Misalignment,0.9186,0.0205,0.9446,0.0754,0.0029,30.2875,28.8907,82.0383,63.9234,51.7264,27.9164,51.4017,0.2348,39.5772,58.2686,No,0.0,0.001,1.971,Good,Low,1.7582,10.0,10.1808,30.3916,Moderate Risk,71.973,29.0615,34.6602,Moderate Misalignment,27.5617,65.1673,Significant Pedestrian Interaction,Urban,1.9179,True,Mixed,High Pedestrian Interaction | Active Congestion | Above Human Tolerance Limit,0.7414,Severe,False,10.0,0.0026,0.0036,Moderate Misalignment,31,Unnamed Road,2949
4645,Unnamed Road,Urban Road,URB-04645,4645,13.1055,77.5703,13.1044,77.5701,120.1,1858.0,1858.12,39.6524,Moderate Misalignment,0.8771,0.0726,0.8602,0.0458,-0.0001,77.5379,80.9458,99.7463,16.4122,25.6178,80.7217,88.1611,0.0,60.0,13.6652,No,0.0,-0.0089,0.0145,Poor,Medium,0.6406,10.0,17.8484,29.1252,Moderate Risk,63.2857,79.1517,34.0869,Moderate Misalignment,93.5673,61.1314,Separated Traffic,Urban,8.1772,True,Commercial,Poor Infrastructure,0.1658,Light,False,70.1676,-0.003,0.0095,Moderate Misalignment,79,Unnamed Road,2950
4646,Unnamed Road,Urban Road,URB-04646,4646,13.1015,77.5699,13.1002,77.5701,144.3,1858.4,1858.544,31.5424,Moderate Misalignment,0.5723,0.3432,0.5096,0.1134,-0.0003,59.2253,61.153,100.0,30.7815,23.4361,82.5859,93.0372,0.0605,60.0,13.8981,No,0.0,-0.0003,-0.0414,Poor,High,0.4879,10.0,10.0,20.0566,Safe,75.1022,58.1623,17.1023,Aligned,58.7739,52.5245,Separated Traffic,Peri-Urban,6.8292,True,Industrial,Poor Infrastructure,0.0212,,False,54.7862,-0.019,0.0076,Moderate Misalignment,61,Unnamed Road,2951
4647,Unnamed Road,Urban Road,URB-04647,4647,13.0995,77.5707,13.1002,77.5701,101.7,1858.8,1858.902,70.2053,High Misalignment,0.8579,0.0341,0.123,0.869,-0.011,50.408,47.4873,100.0,46.5064,29.0146,49.331,51.5213,10.3751,60.0,23.1639,No,0.0,0.0033,0.0055,Poor,Medium,0.2949,10.0,10.2143,41.7562,Moderate Risk,46.0499,51.1163,67.9427,High Misalignment,66.1673,61.1665,Side Impact Potential,Peri-Urban,4.7823,False,Residential,Speed Limit Misaligned | Above Human Tolerance Limit,0.0149,,False,57.4478,1.9832,-0.0018,High Misalignment,51,Unnamed Road,2952
4648,Unnamed Road,Urban Road,URB-04648,4648,13.108,77.5719,13.108,77.5729,105.9,1859.2,1859.306,17.4602,Aligned,0.8108,0.7745,0.1897,-0.0224,-0.0014,32.0102,31.1955,53.9051,12.7224,18.3041,48.4284,95.3764,0.0592,59.9467,9.3686,No,0.0,-0.0087,-0.0334,Good,Low,1.3409,10.0,10.0,20.663,Safe,70.6723,28.4731,17.479,Aligned,32.6007,37.9341,Side Impact Potential,Rural,4.2464,False,Residential,Poor Infrastructure,-0.004,,False,26.2908,-0.0045,0.0159,Aligned,33,Unnamed Road,2953
4649,Unnamed Road,Urban Road,URB-04649,4649,13.1079,77.5714,13.108,77.5719,56.7,1859.6,1859.657,11.5947,Aligned,0.9634,0.9587,0.0497,-0.0015,0.005,26.0125,28.2219,79.0457,11.9911,21.5132,49.2865,71.9469,0.209,59.189,8.0422,No,0.0,-0.0046,-0.0403,Good,Medium,2.5264,10.0,10.0,22.0135,Safe,70.1289,25.476,19.8348,Aligned,26.1239,59.7165,Side Impact Potential,Urban,5.8196,False,Mixed,Poor Infrastructure,0.152,Light,False,17.4208,0.022,-0.0123,Aligned,27,Unnamed Road,2954
4650,Unnamed Road,Urban Road,URB-04650,4650,13.1079,77.5709,13.1079,77.5714,52.1,1860.0,1860.052,13.9609,Aligned,0.9536,0.9321,0.0135,0.0094,-0.0003,49.8693,49.2998,55.0497,25.111,30.9454,50.3244,82.7249,0.1496,59.5431,22.2922,No,0.0,0.0041,0.0448,Good,Medium,2.8445,10.0,10.0,23.7511,Safe,73.3461,50.1276,20.4596,Aligned,48.6021,67.7761,Side Impact Potential,Urban,2.9734,False,Commercial,Poor Infrastructure,0.1372,Light,False,35.531,0.0022,-0.0047,Aligned,51,Unnamed Road,2955
4651,Unnamed Road,Urban Road,URB-04651,4651,12.9953,77.5507,12.9962,77.5504,110.9,1860.4,1860.511,39.4926,Moderate Misalignment,0.8184,0.0621,0.8612,0.1121,-0.0027,30.1569,31.1912,86.8155,18.669,36.1336,29.4315,48.1866,0.0,50.0825,36.5033,No,0.0,-0.006,0.9731,Poor,High,1.3156,10.0,10.0316,36.8898,Moderate Risk,55.3341,30.1361,47.5766,Moderate Misalignment,40.8603,56.4974,Significant Pedestrian Interaction,Urban,5.8674,True,Residential,High Pedestrian Interaction | Active Congestion | Poor Infrastructure,0.6302,Severe,False,14.8336,-0.0076,0.0178,Moderate Misalignment,27,Unnamed Road,2956
4652,Unnamed Road,Urban Road,URB-04652,4652,12.9767,77.6204,12.9762,77.6203,60.3,1860.8,1860.86,14.3881,Aligned,0.8782,0.9013,0.0778,-0.0051,-0.0087,30.7747,27.1999,24.772,31.3176,39.5767,29.1678,93.7826,0.5579,31.003,41.7186,No,0.0,0.0006,2.0347,Poor,Medium,2.4582,10.0,10.0,25.5258,Moderate Risk,72.7659,26.6416,23.3344,Aligned,30.2217,54.4597,Significant Pedestrian Interaction,Peri-Urban,1.0529,False,Residential,High Pedestrian Interaction | Poor Infrastructure,-0.0174,,False,29.8632,-0.0039,0.0036,Aligned,31,Unnamed Road,2957
4653,Unnamed Road,Urban Road,URB-04653,4653,12.9676,77.5414,12.9605,77.5409,817.7,1861.2,1862.018,12.3089,Aligned,0.9016,0.9054,0.1363,0.0074,-0.0022,38.0107,35.7161,59.4068,22.6344,38.414,48.9049,89.8461,0.3187,39.5591,34.5635,No,0.0,-0.001,1.01,Good,Medium,2.6394,10.0,10.0,27.0022,Moderate Risk,70.2081,38.4374,23.6051,Aligned,37.5925,68.8259,Side Impact Potential,Urban,1.8086,True,Mixed,Poor Infrastructure,0.0067,,False,33.851,0.0121,0.018,Aligned,38,Unnamed Road,2958
4654,Unnamed Road,Urban Road,URB-04654,4654,13.0115,77.6768,13.0143,77.6785,377.7,1861.6,1861.978,11.1145,Aligned,0.9963,0.9724,0.0394,0.023,-0.0012,37.3263,35.8674,76.6232,29.9933,24.7107,50.5959,82.4598,0.0424,39.7664,12.62,No,0.0,-0.0056,-0.0092,Poor,Medium,1.9236,10.0,10.3288,20.6885,Safe,75.0131,37.3123,18.656,Aligned,34.7626,62.0929,Side Impact Potential,Urban,4.9259,False,Residential,Poor Infrastructure,0.1511,Light,False,29.8514,0.0021,0.0215,Aligned,36,Unnamed Road,2959