segment_id,road_name,road_type,human_segment_id,internal_id,start_lat,start_lon,end_lat,end_lon,length_m,start_km,end_km,road_risk_score,ai_risk_label,ai_risk_probability,prob_low_risk,prob_medium_risk,prob_high_risk,prob_critical_risk,ai_recommended_speed,recommended_safe_speed,road_function_score,infrastructure_score,exposure_score,human_tolerance_limit,operating_speed_score,crash_risk_score,posted_speed_limit,pedestrian_exposure_score,blackspot_flag,crash_count,fatal_crashes,schools_count,lighting_quality,roadside_hazards,intersection_density,speed_compliance_rate,speed_violation_score,hotspot_score,hotspot_category,speed_safety_score,original_safe_speed,misalignment_score,misalignment_category,speed_p85,ptw_share_pct,exposure_tier,urban_rural_flag,lane_count,median_presence,land_use_type,top_ai_factors,congestion_index,congestion_category,congestion_smoothed,operating_speed_mean,minor_crashes,major_crashes,risk_category,final_safe_speed,corridor_base,corridor_seq
4655,Unnamed Road,Urban Road,URB-04655,4655,12.9901,77.5339,12.9922,77.5343,266.6,1862.0,1862.267,31.0966,Moderate Misalignment,0.6877,0.2733,0.671,0.0054,0.0073,27.8838,31.5877,51.6594,8.6408,25.3065,49.6934,97.8651,0.0391,29.7948,19.817,No,0.0,-0.0002,0.0471,Good,Low,2.4668,10.0,10.0,23.266,Safe,70.1802,28.7358,21.1574,Aligned,31.3659,48.1942,Side Impact Potential,Peri-Urban,3.2604,False,Residential,Poor Infrastructure,-0.0097,,False,26.4618,0.018,0.0109,Moderate Misalignment,29,Unnamed Road,2960
4656,Unnamed Road,Urban Road,URB-04656,4656,12.9218,77.5512,12.9199,77.5514,315.1,1862.4,1862.715,11.574,Aligned,0.953,0.9385,0.0798,0.0196,0.0004,32.3775,30.8672,86.829,17.0221,29.1968,50.1352,82.1244,0.4159,39.6004,17.3322,No,0.0,0.0028,-0.0519,Good,Medium,1.5912,10.0,10.4467,23.7155,Safe,70.8273,30.0439,22.1231,Aligned,32.7952,65.5729,Side Impact Potential,Urban,3.8849,True,Commercial,Poor Infrastructure,-0.003,,False,28.0238,0.0053,-0.0118,Aligned,34,Unnamed Road,2961
4657,Unnamed Road,Urban Road,URB-04657,4657,12.9182,77.6707,12.9183,77.6686,304.8,1862.8,1863.105,12.607,Aligned,0.9626,0.9669,0.0292,0.008,-0.0075,30.4682,27.9189,82.5164,19.8616,29.9896,50.4394,73.0166,0.0231,39.3631,20.2557,No,0.0,-0.0036,0.0215,Good,Low,1.9966,10.0,10.0,23.4922,Safe,72.6698,29.8724,18.7221,Aligned,27.1085,61.7633,Side Impact Potential,Urban,3.0858,True,Commercial,Poor Infrastructure,0.2151,Light,False,20.9352,-0.0006,-0.0005,Aligned,30,Unnamed Road,2962
4658,Unnamed Road,Urban Road,URB-04658,4658,12.9471,77.5246,12.946,77.5271,297.7,1863.2,1863.498,30.1907,Moderate Misalignment,0.6647,0.3904,0.6862,-0.0235,-0.0006,50.1399,51.549,26.7699,11.7044,12.9813,49.7407,98.0413,0.5719,38.1605,3.4852,No,0.0,-0.006,0.0623,Poor,Medium,0.7431,10.0,28.7604,24.4141,Safe,64.0413,50.5836,29.9768,Moderate Misalignment,53.9446,42.109,Side Impact Potential,Rural,2.397,False,Industrial,Poor Infrastructure,-0.0248,,False,41.7765,-0.0157,0.0075,Moderate Misalignment,50,Unnamed Road,2963
4659,Unnamed Road,Urban Road,URB-04659,4659,12.9437,77.6978,12.9427,77.6993,197.0,1863.6,1863.797,7.7994,Aligned,0.9947,0.9909,0.0101,-0.0081,-0.0049,21.1449,19.7165,29.9784,9.4067,16.3101,47.7563,81.919,0.0,39.7532,7.7058,No,0.0,-0.0104,-0.0701,Poor,Low,1.6161,10.0,10.5892,19.6064,Safe,71.9589,21.0001,17.8149,Aligned,19.3363,40.5532,Side Impact Potential,Rural,2.0934,False,Industrial,Poor Infrastructure,0.0065,,False,17.5771,-0.0033,0.0045,Aligned,21,Unnamed Road,2964
4660,Unnamed Road,Urban Road,URB-04660,4660,12.9506,77.5676,12.9511,77.5638,428.2,1864.0,1864.428,30.2493,Moderate Misalignment,0.6301,0.3743,0.674,0.0203,0.0032,76.3007,76.6844,100.0,0.0,16.6013,80.3567,51.6108,0.3326,59.2326,8.8753,No,0.0,0.0009,-0.0781,Poor,Low,0.0013,10.0,10.0041,25.7903,Moderate Risk,61.3268,75.6818,30.2107,Moderate Misalignment,74.9921,36.6319,Separated Traffic,Rural,4.0447,True,Industrial,Poor Infrastructure | Above Human Tolerance Limit,0.1165,Light,False,59.9921,0.0146,0.0025,Moderate Misalignment,78,Unnamed Road,2965
4661,Unnamed Road,Urban Road,URB-04661,4661,12.9845,77.4815,12.9851,77.4816,72.5,1864.4,1864.473,9.3941,Aligned,0.9968,0.9999,0.0366,-0.0083,-0.0098,31.7941,32.1833,30.9588,35.2556,20.559,51.0696,92.8264,0.2773,26.9884,16.7568,No,0.0,0.0045,0.0269,Poor,High,2.0695,10.0,10.5658,18.9108,Safe,75.7574,34.14,18.0123,Aligned,31.0095,39.7119,Side Impact Potential,Rural,2.2778,False,Residential,Poor Infrastructure,0.1694,Light,False,22.921,-0.0127,0.01,Aligned,32,Unnamed Road,2966
4662,Unnamed Road,Urban Road,URB-04662,4662,12.9845,77.4815,12.9846,77.4808,70.2,1864.8,1864.87,16.2477,Aligned,0.8298,0.8314,0.1312,-0.005,0.0004,37.1009,35.8046,81.9071,19.1371,22.7327,49.9054,85.1249,0.3813,40.4672,10.7906,No,0.0,0.011,-0.0587,Good,Medium,1.6743,10.0,10.0256,21.9373,Safe,72.7081,36.7305,18.7903,Aligned,35.5279,59.273,Side Impact Potential,Urban,3.9846,True,Commercial,Poor Infrastructure,-0.0064,,False,31.0835,-0.0124,0.0026,Aligned,37,Unnamed Road,2967
4663,Unnamed Road,Urban Road,URB-04663,4663,12.9845,77.4815,12.9836,77.4812,97.2,1865.2,1865.297,10.5564,Aligned,0.9464,0.9381,0.0303,0.0116,-0.0021,80.9771,80.9535,99.3532,9.945,18.7342,79.9767,26.7907,0.4608,60.0,11.0477,No,0.0,-0.0002,-0.0134,Poor,High,0.1608,10.0,10.5252,23.5338,Safe,67.8008,79.8086,25.6915,Aligned,84.7626,44.7701,Separated Traffic,Rural,6.7007,True,Residential,Active Congestion | Poor Infrastructure,0.6465,Severe,False,30.7743,0.0051,-0.0048,Aligned,79,Unnamed Road,2968
4664,Unnamed Road,Urban Road,URB-04664,4664,12.9821,77.4811,12.9824,77.4811,33.5,1865.6,1865.634,21.0209,Aligned,0.6206,0.6281,0.4146,0.006,0.0023,38.926,40.1273,56.5906,12.5507,35.7402,49.8439,71.7205,0.1906,30.2194,30.4229,No,0.0,-0.0008,1.0233,Poor,Medium,2.6779,10.0,34.0733,30.5113,Moderate Risk,61.4348,38.0979,33.3506,Moderate Misalignment,39.6534,61.0514,Side Impact Potential,Peri-Urban,3.9159,False,Mixed,Active Congestion | Poor Infrastructure,0.7303,Severe,False,11.951,0.0172,-0.0151,Aligned,39,Unnamed Road,2969
4665,Unnamed Road,Urban Road,URB-04665,4665,12.9824,77.4811,12.9827,77.4811,31.6,1866.0,1866.032,12.104,Aligned,0.9802,0.9644,0.0408,0.0145,0.0022,39.0305,40.3419,71.4558,14.0763,24.3184,50.12,78.366,0.0,48.1386,19.6217,No,0.0,0.0025,1.0908,Good,High,1.4687,10.0,10.0,22.3014,Safe,71.1731,39.3685,21.0227,Aligned,42.4658,51.2722,Side Impact Potential,Peri-Urban,3.709,False,Industrial,Approach to Congestion (Tapered) | Poor Infrastructure,0.0137,,True,35.0281,0.0102,0.0023,Aligned,39,Unnamed Road,2970
4666,Unnamed Road,Urban Road,URB-04666,4666,12.9827,77.4811,12.9832,77.4812,60.7,1866.4,1866.461,12.5418,Aligned,0.939,0.9734,0.0457,0.0158,-0.0012,80.2902,79.9224,99.3512,0.0,16.2675,77.3185,17.2334,0.2414,60.0,11.1472,No,0.0,-0.0034,-0.0244,Poor,Medium,0.1121,10.0,10.0,22.7695,Safe,64.7017,79.7043,23.0119,Aligned,84.4975,32.5644,Separated Traffic,Rural,5.1077,True,Industrial,Active Congestion | Poor Infrastructure,0.7367,Severe,False,23.7396,-0.0161,-0.004,Aligned,81,Unnamed Road,2971
4667,Unnamed Road,Urban Road,URB-04667,4667,12.9836,77.4812,12.9832,77.4812,44.6,1866.8,1866.845,39.1694,Moderate Misalignment,0.9449,0.0347,0.9838,0.0248,-0.0023,79.2207,80.5707,97.3516,35.3065,27.3182,79.6913,10.1596,0.0721,58.6182,20.2467,No,0.0,0.0035,-0.0118,Poor,Medium,0.3498,10.0,10.0,30.3284,Moderate Risk,60.8624,79.7315,44.076,Moderate Misalignment,96.694,50.6519,Separated Traffic,Peri-Urban,7.7594,True,Commercial,Active Congestion | Above Human Tolerance Limit,0.8051,Severe,False,23.4704,-0.0016,-0.0048,Moderate Misalignment,79,Unnamed Road,2972
4668,Unnamed Road,Urban Road,URB-04668,4668,12.9848,77.4793,12.9846,77.4808,178.0,1867.2,1867.378,23.1815,Aligned,0.5567,0.5219,0.4631,-0.0061,0.0042,79.4987,77.6628,98.5586,5.3376,19.7342,79.6698,74.9186,0.1883,60.0,13.9635,No,0.0,-0.0029,0.0333,Good,Medium,0.1964,10.0,10.0,27.2534,Moderate Risk,63.2094,80.6443,30.7599,Moderate Misalignment,83.896,42.5123,Separated Traffic,Rural,5.0519,True,Residential,Poor Infrastructure | Above Human Tolerance Limit,-0.0053,,False,71.5633,0.0071,0.0187,Aligned,79,Unnamed Road,2973
4669,Unnamed Road,Urban Road,URB-04669,4669,12.948,77.6464,12.9506,77.6447,376.2,1867.6,1867.976,10.0753,Aligned,0.9732,1.0137,0.0103,0.0075,-0.0056,22.9369,26.656,26.6157,8.3466,19.1988,50.7336,100.0,0.0,20.5789,12.7274,No,0.0,-0.0014,0.052,Poor,High,1.1846,10.0,30.0539,23.15,Safe,67.3025,25.7595,25.1305,Aligned,22.8141,36.4514,Side Impact Potential,Rural,1.0337,False,Residential,Poor Infrastructure,0.1505,Light,False,18.3995,0.0113,-0.0057,Aligned,25,Unnamed Road,2974
4670,Unnamed Road,Urban Road,URB-04670,4670,13.0869,77.5937,13.0849,77.5935,225.5,1868.0,1868.226,11.2415,Aligned,0.9804,1.0194,-0.0007,-0.0136,0.006,16.9977,19.3206,27.5657,0.0,18.1702,49.5801,93.1594,0.2426,20.0,10.7114,No,0.0,-0.0084,-0.0432,Poor,Medium,0.7266,10.0,10.0,21.4737,Safe,68.661,18.2203,17.8244,Aligned,17.7316,42.8053,Side Impact Potential,Rural,0.76,False,Residential,Poor Infrastructure,0.0245,,False,12.8264,0.01,0.0069,Aligned,18,Unnamed Road,2975
4671,Unnamed Road,Urban Road,URB-04671,4671,12.9685,77.6143,12.9665,77.6139,226.8,1868.4,1868.627,11.5127,Aligned,0.9498,0.9935,0.005,0.0078,0.0014,38.293,33.6699,52.4363,54.9054,36.0357,49.199,84.8256,20.1156,38.6706,30.5641,No,0.0,-0.0045,-0.0303,Good,High,2.8832,10.0,10.2191,25.8416,Moderate Risk,75.734,40.0529,18.258,Aligned,37.6871,62.4448,Side Impact Potential,Urban,2.919,False,Commercial,Meets Safe System Standards,0.1809,Light,False,30.483,0.0023,1.0011,Aligned,37,Unnamed Road,2976
4672,Unnamed Road,Urban Road,URB-04672,4672,13.0501,77.5254,13.0503,77.5257,86.0,1868.8,1868.886,26.0191,Moderate Misalignment,0.5618,0.4351,0.5409,-0.004,-0.0021,51.2209,50.9869,79.4163,37.6065,34.9154,50.7478,91.4776,0.1178,48.3142,29.3688,No,0.0,0.0078,-0.0194,Good,Low,1.8606,10.0,27.377,28.7743,Moderate Risk,67.4164,50.3942,34.482,Moderate Misalignment,62.195,60.6778,Side Impact Potential,Urban,3.0584,True,Commercial,Meets Safe System Standards,-0.0161,,False,55.0476,-0.0028,0.0043,Moderate Misalignment,52,Unnamed Road,2977
4673,Unnamed Road,Urban Road,URB-04673,4673,13.0261,77.489,13.0283,77.4897,255.7,1869.2,1869.456,12.1378,Aligned,0.9702,0.9484,0.0676,0.004,-0.0028,22.3582,22.1682,50.7184,15.1158,28.8728,49.3935,80.6628,0.0146,29.7099,20.8452,No,0.0,0.0,-0.0665,Poor,High,3.6301,10.0,10.0,23.103,Safe,70.7862,21.157,20.9538,Aligned,21.3531,54.8929,Side Impact Potential,Urban,2.3093,False,Mixed,Poor Infrastructure,0.1547,Light,False,18.8136,0.0118,0.0152,Aligned,23,Unnamed Road,2978
4674,Unnamed Road,Urban Road,URB-04674,4674,12.9659,77.7023,12.9662,77.7035,202.0,1869.6,1869.802,10.2238,Aligned,0.9655,0.9595,-0.0081,0.0058,-0.0034,20.5515,18.3058,54.2408,52.5426,39.9507,49.6342,77.7024,0.5681,40.2501,39.3678,No,0.0,-0.0005,0.9856,Poor,Medium,3.7824,10.0,10.0,21.9844,Safe,77.9297,22.5282,19.7266,Aligned,21.4612,62.7959,Side Impact Potential,Urban,4.0891,False,Commercial,Meets Safe System Standards,0.2306,Light,False,16.1055,0.0125,0.0062,Aligned,21,Unnamed Road,2979
4675,Unnamed Road,Urban Road,URB-04675,4675,12.9877,77.7371,12.9877,77.7387,187.0,1870.0,1870.187,11.7618,Aligned,0.9639,0.9339,0.0726,-0.0029,0.0057,21.5633,21.7312,54.4065,45.2238,36.0,48.3734,85.256,0.1795,31.6697,35.7495,No,0.0,0.0,0.9378,Good,High,2.0229,10.0,10.4725,21.8038,Safe,77.0738,22.7946,19.0622,Aligned,21.2567,51.487,Side Impact Potential,Peri-Urban,4.0957,False,Residential,Meets Safe System Standards,0.0263,,False,19.3151,-0.0059,0.0022,Aligned,21,Unnamed Road,2980
4676,Unnamed Road,Urban Road,URB-04676,4676,12.9239,77.5538,12.9195,77.5521,1056.7,1870.4,1871.457,11.0758,Aligned,0.9687,0.8978,-0.0066,0.0192,-0.011,27.2059,27.6787,82.3893,1.4285,22.2916,51.8692,67.5377,0.0212,38.2103,7.8242,No,0.0,0.006,-0.0232,Poor,Medium,1.6842,10.0,10.0,22.8929,Safe,68.5968,27.49,20.1469,Aligned,26.6168,54.5345,Side Impact Potential,Urban,2.881,True,Residential,Poor Infrastructure,0.1948,Light,False,19.6593,0.0159,0.0154,Aligned,26,Unnamed Road,2981
4677,Unnamed Road,Urban Road,URB-04677,4677,12.9479,77.5681,12.9477,77.5678,83.7,1870.8,1870.884,33.1627,Moderate Misalignment,0.8306,0.1534,0.8034,-0.0112,-0.0064,49.6856,50.877,68.2966,35.192,45.0551,50.2089,95.604,0.0,37.0564,50.0556,No,0.0,-0.0037,1.0092,Good,Medium,1.7128,10.0,33.2752,32.9153,Moderate Risk,62.9574,49.4512,37.8942,Moderate Misalignment,51.9787,63.9154,Side Impact Potential,Urban,1.8479,False,Mixed,Poor Infrastructure,0.0135,,False,43.128,0.0082,0.0025,Moderate Misalignment,51,Unnamed Road,2982
4678,Unnamed Road,Urban Road,URB-04678,4678,12.9947,77.7577,12.9946,77.7578,396.9,1871.2,1871.597,10.392,Aligned,0.97,0.9983,0.0268,0.0078,-0.0029,35.3272,34.5701,75.7835,41.0211,33.9662,51.7495,85.7504,0.0,39.1517,33.0524,No,0.0,0.0041,-0.0065,Good,Medium,1.317,10.0,10.0,23.1815,Safe,76.3398,34.504,19.7146,Aligned,36.4736,58.9084,Side Impact Potential,Urban,3.7376,False,Commercial,Meets Safe System Standards,-0.0053,,False,29.77,-0.0017,0.0054,Aligned,35,Unnamed Road,2983
4679,Unnamed Road,Urban Road,URB-04679,4679,12.8743,77.6499,12.8744,77.6505,61.7,1871.6,1871.662,18.3656,Aligned,0.7946,0.7574,0.1643,0.0336,-0.0062,58.6338,56.5085,99.6099,6.797,23.0135,81.3167,52.6742,0.5297,59.7954,6.14,No,0.0,-0.0121,0.0317,Good,High,0.3819,10.0,10.0,23.0918,Safe,68.9488,56.026,18.87,Aligned,59.5701,66.801,Separated Traffic,Urban,5.8896,True,Commercial,Poor Infrastructure,-0.0006,,False,49.9422,-0.0082,-0.0058,Aligned,58,Unnamed Road,2984
4680,Unnamed Road,Urban Road,URB-04680,4680,12.8743,77.6515,12.8744,77.6505,115.0,1872.0,1872.115,38.11,Moderate Misalignment,0.9013,0.1385,0.864,-0.0099,-0.0062,31.5382,30.0191,69.8981,69.27,40.8571,30.257,78.4059,0.0668,51.3859,39.8668,No,0.0,0.0038,-0.027,Good,Low,1.4094,10.0,10.0173,31.029,Moderate Risk,65.7821,27.7924,44.2194,Moderate Misalignment,45.84,62.2449,Significant Pedestrian Interaction,Urban,2.9862,False,Mixed,High Pedestrian Interaction | Above Human Tolerance Limit,0.1392,Light,False,34.3622,-0.0038,0.0055,Moderate Misalignment,29,Unnamed Road,2985
4681,Unnamed Road,Urban Road,URB-04681,4681,12.8743,77.6515,12.8747,77.6525,121.1,1872.4,1872.521,13.8157,Aligned,0.8829,0.8617,0.0731,0.0161,0.0173,43.1695,41.0575,99.9909,0.9042,17.7408,78.9617,63.5634,0.0669,59.8238,10.7856,No,0.0,-0.0059,0.0033,Poor,Medium,0.0434,10.0,10.6764,21.877,Safe,67.9184,40.2785,19.8341,Aligned,42.1512,40.2002,Separated Traffic,Rural,8.1416,True,Residential,Poor Infrastructure,-0.0001,,False,35.4544,-0.0006,-0.0094,Aligned,44,Unnamed Road,2986
4682,Unnamed Road,Urban Road,URB-04682,4682,12.8754,77.6535,12.8751,77.6532,48.9,1872.8,1872.849,14.7589,Aligned,0.8348,0.8274,0.1825,0.0185,-0.0001,64.959,65.737,99.4585,46.4481,33.5648,81.6229,72.2275,0.0857,60.0,29.635,No,0.0,0.0024,1.0389,Good,Medium,0.4117,10.0,10.0,21.0721,Safe,77.8614,65.4024,18.6571,Aligned,67.4504,52.6647,Separated Traffic,Peri-Urban,5.1859,True,Residential,Meets Safe System Standards,-0.0017,,False,61.8962,-0.0187,-0.0238,Aligned,65,Unnamed Road,2987
4683,Unnamed Road,Urban Road,URB-04683,4683,12.8754,77.6535,12.8758,77.6542,86.7,1873.2,1873.287,40.244,Moderate Misalignment,0.8117,0.0502,0.8295,0.1068,-0.0034,27.4852,28.8603,86.0683,19.7752,36.9765,31.8819,46.4202,0.0,47.8331,36.1261,No,0.0,-0.0007,1.009,Poor,High,1.4005,10.0,10.1749,37.2432,Moderate Risk,54.667,30.5798,48.5552,Moderate Misalignment,40.6883,57.4222,Significant Pedestrian Interaction,Urban,5.8805,True,Residential,High Pedestrian Interaction | Active Congestion | Poor Infrastructure,0.5968,Severe,False,14.0153,-0.0075,-0.0046,Moderate Misalignment,30,Unnamed Road,2988
4684,Unnamed Road,Urban Road,URB-04684,4684,12.8758,77.6542,12.8757,77.6547,56.5,1873.6,1873.657,39.4037,Moderate Misalignment,0.8767,0.1385,0.892,0.0255,-0.0006,50.7423,50.3636,71.3966,28.3026,28.2881,49.3399,98.8476,0.1945,48.2376,15.695,No,0.0,0.0038,-0.0268,Good,Low,1.4985,10.0,10.0,22.5085,Safe,74.0,50.8561,19.4439,Aligned,52.2295,66.6427,Side Impact Potential,Urban,2.7481,False,Mixed,Poor Infrastructure,-0.0041,,False,49.143,-0.0031,0.0145,Moderate Misalignment,49,Unnamed Road,2989
4685,Unnamed Road,Urban Road,URB-04685,4685,12.8758,77.6542,12.8766,77.6544,99.9,1874.0,1874.1,40.0647,Moderate Misalignment,0.8895,0.0713,0.9053,0.0284,0.0053,31.6041,28.697,79.5493,21.3216,38.5942,29.6028,75.3618,0.0,59.7921,39.3173,No,0.0,0.0031,0.9388,Poor,Medium,1.5885,10.0,10.0,32.5232,Moderate Risk,62.3938,28.3285,37.0114,Moderate Misalignment,31.0445,56.8356,Significant Pedestrian Interaction,Peri-Urban,6.2799,False,Residential,High Pedestrian Interaction | Poor Infrastructure | Above Human Tolerance Limit,0.1717,Light,False,22.4157,-0.0056,-0.0133,Moderate Misalignment,31,Unnamed Road,2990
4686,Unnamed Road,Urban Road,URB-04686,4686,12.8766,77.6544,12.8773,77.6544,71.2,1874.4,1874.471,11.0142,Aligned,0.9721,0.972,0.0114,-0.0048,0.0173,40.4383,40.4116,85.6182,27.342,31.5285,69.7559,78.9065,0.1563,53.5835,21.2162,No,0.0,0.0059,-0.0197,Good,Low,1.4598,10.0,10.0,22.7557,Safe,74.5019,40.4651,18.2004,Aligned,39.5143,65.4849,Separated Traffic,Urban,5.0168,True,Mixed,Poor Infrastructure,-0.0013,,False,34.2081,0.0035,-0.0061,Aligned,42,Unnamed Road,2991
4687,Unnamed Road,Urban Road,URB-04687,4687,12.8773,77.6544,12.8783,77.6545,115.0,1874.8,1874.915,9.7346,Aligned,0.9727,0.941,0.023,-0.0149,-0.006,36.4084,36.022,80.4437,31.8185,35.7266,51.1686,73.9508,0.0,48.6327,28.7335,No,0.0,0.0004,-0.0072,Good,Low,1.5833,10.0,10.0,24.0276,Safe,74.1583,37.0256,20.5879,Aligned,38.8683,65.1612,Side Impact Potential,Urban,6.1441,False,Mixed,Poor Infrastructure,-0.0238,,False,33.629,0.0072,0.0005,Aligned,36,Unnamed Road,2992
4688,Unnamed Road,Urban Road,URB-04688,4688,12.8783,77.6545,12.8787,77.6543,51.2,1875.2,1875.251,10.3309,Aligned,0.9288,0.9632,0.0418,-0.0013,-0.0029,41.5896,40.58,100.0,0.0,13.8755,79.495,65.1141,0.1849,60.0,3.9212,No,0.0,0.0001,-0.0699,Poor,Medium,0.1361,10.0,10.5415,20.8968,Safe,69.1222,43.255,18.3515,Aligned,41.0039,36.6334,Separated Traffic,Rural,6.1032,True,Residential,Approach to Congestion (Tapered) | Poor Infrastructure,-0.0221,,True,37.4367,0.0124,0.0053,Aligned,41,Unnamed Road,2993
4689,Unnamed Road,Urban Road,URB-04689,4689,12.8792,77.6541,12.8787,77.6543,56.5,1875.6,1875.657,12.0607,Aligned,0.9216,0.9495,0.1417,-0.0007,-0.0016,30.3541,28.3307,78.9548,5.2346,25.3908,49.0016,51.1857,0.3018,39.9616,13.9487,No,0.0,0.0025,-0.0372,Good,Medium,1.5896,10.0,10.1779,23.7705,Safe,68.2873,28.133,21.5613,Aligned,26.3483,57.183,Side Impact Potential,Peri-Urban,5.2209,False,Residential,Active Congestion | Poor Infrastructure,0.6488,Severe,False,10.8144,0.0026,0.001,Aligned,28,Unnamed Road,2994
4690,Unnamed Road,Urban Road,URB-04690,4690,12.8789,77.6538,12.8792,77.6541,43.3,1876.0,1876.043,12.6281,Aligned,0.9187,0.9809,0.0587,0.0144,-0.0115,28.5947,29.4554,81.2072,19.44,23.2239,51.3395,54.1093,0.0408,39.1684,11.5432,No,0.0,0.002,0.0606,Poor,Low,1.7599,10.0,10.0562,20.3144,Safe,74.4886,29.2229,18.3263,Aligned,31.5862,55.1852,Side Impact Potential,Urban,6.1377,False,Residential,Active Congestion | Poor Infrastructure,0.6688,Severe,False,11.764,-0.0175,-0.0108,Aligned,29,Unnamed Road,2995
4691,Unnamed Road,Urban Road,URB-04691,4691,12.8747,77.6525,12.8749,77.6528,42.7,1876.4,1876.443,27.997,Moderate Misalignment,0.581,0.4412,0.5767,-0.0072,0.0054,49.5065,49.4873,54.8856,21.6412,20.3773,49.1852,96.4314,0.0608,39.6561,9.6743,No,0.0,0.0044,0.0268,Poor,Low,2.1663,10.0,25.3404,23.8259,Safe,67.8601,47.3465,26.99,Moderate Misalignment,47.2546,53.1997,Side Impact Potential,Peri-Urban,3.0779,False,Commercial,Poor Infrastructure,0.0172,,False,44.8288,-0.003,0.0024,Moderate Misalignment,50,Unnamed Road,2996
4692,Unnamed Road,Urban Road,URB-04692,4692,12.8751,77.6532,12.8749,77.6528,42.7,1876.8,1876.843,41.5557,Moderate Misalignment,0.9318,0.0387,0.9366,0.0361,0.0002,81.1438,79.3596,100.0,21.1012,20.3284,81.5331,99.5473,0.0,60.0,12.1114,No,0.0,0.0045,0.017,Poor,High,0.4221,10.0,15.6233,24.5094,Moderate Risk,66.2538,79.3813,30.1143,Moderate Misalignment,92.8243,51.8903,Separated Traffic,Peri-Urban,8.047,True,Residential,Poor Infrastructure,-0.002,,False,78.855,-0.0029,-0.0092,Moderate Misalignment,79,Unnamed Road,2997
4693,Unnamed Road,Urban Road,URB-04693,4693,12.9755,77.5404,12.9789,77.5408,373.6,1877.2,1877.574,19.0455,Aligned,0.7076,0.6987,0.3222,-0.0037,-0.0202,30.2918,29.5477,50.4473,0.0,21.4258,50.1396,98.9704,0.0857,30.6536,10.9226,No,0.0,0.0042,-0.0267,Poor,Medium,0.5073,10.0,10.4307,23.889,Safe,67.6417,32.427,21.2591,Aligned,34.1966,46.2788,Side Impact Potential,Rural,2.8906,False,Residential,Poor Infrastructure,-0.0033,,False,29.5702,-0.0153,-0.0032,Aligned,33,Unnamed Road,2998
4694,Unnamed Road,Urban Road,URB-04694,4694,12.9174,77.6271,12.9169,77.6293,244.0,1877.6,1877.844,15.2577,Aligned,0.9014,0.8707,0.1082,0.0279,-0.0038,71.036,69.9399,99.218,0.3956,13.6722,80.002,70.0824,0.0,60.0,1.9999,No,0.0,0.0058,0.0408,Poor,Low,0.0707,10.0,10.3382,20.1761,Safe,69.3486,72.7905,19.2803,Aligned,70.9489,44.7794,Separated Traffic,Rural,4.0305,True,Mixed,Poor Infrastructure,0.0,,False,62.8395,0.0156,0.0088,Aligned,71,Unnamed Road,2999
4695,Unnamed Road,Urban Road,URB-04695,4695,12.9845,77.5784,12.9839,77.5785,61.7,1878.0,1878.062,11.5014,Aligned,0.9773,0.9621,0.0578,0.0142,-0.0061,24.8142,24.7598,52.3124,13.154,13.5064,50.8609,86.8967,0.0,30.0704,5.4617,No,0.0,0.0053,0.037,Poor,Medium,1.2044,10.0,10.0,18.839,Safe,72.0319,24.2466,16.902,Aligned,22.3474,35.49,Side Impact Potential,Rural,1.6274,False,Residential,Poor Infrastructure,0.0014,,False,19.227,-0.0014,0.0023,Aligned,27,Unnamed Road,3000
4696,Unnamed Road,Urban Road,URB-04696,4696,13.0309,77.5981,13.0313,77.5981,44.8,1878.4,1878.445,38.811,Moderate Misalignment,0.9731,-0.0162,0.9249,0.0189,-0.0143,80.7594,80.6358,100.0,26.5977,25.4853,80.7001,94.7677,0.1602,60.0,13.0613,No,0.0,0.0009,0.0259,Good,High,0.3548,10.0,17.0386,26.8967,Moderate Risk,65.4281,79.7585,33.4978,Moderate Misalignment,95.9781,63.0549,Separated Traffic,Peri-Urban,6.0379,True,Residential,Poor Infrastructure,-0.0082,,False,85.0564,0.0134,-0.008,Moderate Misalignment,80,Unnamed Road,3001
4697,Unnamed Road,Urban Road,URB-04697,4697,13.0313,77.5981,13.0313,77.5985,48.6,1878.8,1878.849,10.8027,Aligned,0.9115,0.9172,0.0271,0.0171,0.0072,46.2041,49.8541,99.136,8.5048,13.6141,79.0058,73.9422,0.4007,60.0,7.0081,No,0.0,0.0006,-0.0142,Good,Low,0.1418,10.0,10.5448,19.6164,Safe,72.1477,46.4788,16.048,Aligned,48.1632,33.8869,Separated Traffic,Rural,7.9856,True,Industrial,Poor Infrastructure,0.0039,,False,42.7153,-0.0129,-0.006,Aligned,46,Unnamed Road,3002
4698,Unnamed Road,Urban Road,URB-04698,4698,13.0313,77.5985,13.0312,77.5988,30.8,1879.2,1879.231,17.338,Aligned,0.7536,0.7635,0.2739,-0.0182,-0.0123,74.6542,74.4351,99.1033,1.2437,11.5845,79.6234,94.7855,0.3065,59.9348,1.8223,No,0.0,-0.0015,-0.0068,Good,Low,0.1764,10.0,10.0,22.0117,Safe,65.1731,74.6148,22.9041,Aligned,76.5755,33.8199,Separated Traffic,Rural,6.9861,True,Residential,Poor Infrastructure,-0.004,,False,65.0142,-0.0066,0.0128,Aligned,76,Unnamed Road,3003
4699,Unnamed Road,Urban Road,URB-04699,4699,13.0242,77.597,13.0235,77.5968,81.3,1879.6,1879.681,100.0,Critical Misalignment,1.0003,-0.051,-0.0232,0.0022,1.0041,29.6563,31.0017,98.7735,59.171,46.539,29.8894,38.2451,0.0,60.0,51.4415,No,0.0,-0.0037,2.959,Good,Low,0.5335,10.0,10.0,55.7956,High Risk,31.6519,31.6138,98.3914,Critical Misalignment,60.6636,59.4828,Significant Pedestrian Interaction,Urban,7.9155,True,Residential,Speed Limit Misaligned | High Pedestrian Interaction | Above Human Tolerance Limit,-0.0103,,False,50.6073,0.0079,-0.0172,Critical Misalignment,28,Unnamed Road,3004