segment_id,road_name,road_type,human_segment_id,internal_id,start_lat,start_lon,end_lat,end_lon,length_m,start_km,end_km,road_risk_score,ai_risk_label,ai_risk_probability,prob_low_risk,prob_medium_risk,prob_high_risk,prob_critical_risk,ai_recommended_speed,recommended_safe_speed,road_function_score,infrastructure_score,exposure_score,human_tolerance_limit,operating_speed_score,crash_risk_score,posted_speed_limit,pedestrian_exposure_score,blackspot_flag,crash_count,fatal_crashes,schools_count,lighting_quality,roadside_hazards,intersection_density,speed_compliance_rate,speed_violation_score,hotspot_score,hotspot_category,speed_safety_score,original_safe_speed,misalignment_score,misalignment_category,speed_p85,ptw_share_pct,exposure_tier,urban_rural_flag,lane_count,median_presence,land_use_type,top_ai_factors,congestion_index,congestion_category,congestion_smoothed,operating_speed_mean,minor_crashes,major_crashes,risk_category,final_safe_speed,corridor_base,corridor_seq
4700,Unnamed Road,Urban Road,URB-04700,4700,13.0242,77.597,13.0245,77.597,30.5,1880.0,1880.031,41.6236,Moderate Misalignment,0.9285,0.0415,0.9343,0.0877,-0.0043,78.6884,79.2162,100.0,22.4197,21.2287,80.2281,99.0424,0.1024,60.0,12.6943,No,0.0,-0.0023,0.014,Poor,High,0.4331,10.0,15.6514,24.9323,Moderate Risk,65.1789,78.7385,31.521,Moderate Misalignment,93.2403,51.3356,Separated Traffic,Peri-Urban,8.1093,True,Residential,Poor Infrastructure,-0.007,,False,77.8737,0.0178,-0.0119,Moderate Misalignment,78,Unnamed Road,3005
4701,Unnamed Road,Urban Road,URB-04701,4701,13.0235,77.5968,13.0236,77.5965,36.9,1880.4,1880.437,9.8887,Aligned,0.9973,1.0055,-0.0269,-0.0187,0.0013,20.6463,19.8118,27.3663,1.6399,15.8083,50.429,78.4793,0.4062,30.2412,11.076,No,0.0,-0.0074,0.0362,Poor,Low,1.2604,10.0,10.0,22.0926,Safe,68.9129,21.7322,18.7486,Aligned,19.1911,39.1773,Side Impact Potential,Rural,0.9143,False,Industrial,Poor Infrastructure,0.1353,Light,False,15.0838,-0.0124,0.0037,Aligned,21,Unnamed Road,3006
4702,Unnamed Road,Urban Road,URB-04702,4702,13.0245,77.597,13.0249,77.5971,45.3,1880.8,1880.845,11.1366,Aligned,0.9948,1.0001,0.0348,-0.0227,-0.0093,24.3676,26.5161,28.1192,30.106,25.7687,50.5499,87.029,0.1853,30.0123,21.1202,No,0.0,-0.0017,1.0538,Poor,Low,2.6504,10.0,10.0137,20.8299,Safe,74.9226,25.0826,17.6363,Aligned,25.4937,51.4424,Side Impact Potential,Peri-Urban,1.9039,False,Industrial,Poor Infrastructure,-0.0138,,False,19.8089,-0.0109,-0.001,Aligned,24,Unnamed Road,3007
4703,Unnamed Road,Urban Road,URB-04703,4703,13.0264,77.5971,13.0261,77.5971,29.5,1881.2,1881.23,38.897,Moderate Misalignment,0.9607,0.0494,0.9491,0.0151,-0.0034,47.9826,51.7441,78.381,17.6531,29.2454,49.912,96.3467,0.0,40.0578,19.8632,No,0.0,-0.0026,0.0148,Poor,Low,1.4394,10.0,26.5913,28.495,Moderate Risk,64.0904,51.2904,32.0895,Moderate Misalignment,51.4756,57.1693,Side Impact Potential,Peri-Urban,5.9163,False,Commercial,Approach to Congestion (Tapered) | Poor Infrastructure,0.146,Light,True,39.6679,0.0003,-0.0219,Moderate Misalignment,49,Unnamed Road,3008
4704,Unnamed Road,Urban Road,URB-04704,4704,13.0261,77.5971,13.0258,77.5971,29.3,1881.6,1881.629,13.5356,Aligned,0.8893,0.877,0.1038,0.0278,0.0148,52.2559,51.6326,97.3114,13.1983,16.4737,82.2136,56.7674,0.0,58.7769,6.0539,No,0.0,0.0028,-0.0116,Good,Medium,0.0176,10.0,10.0,19.3631,Safe,71.4987,50.3745,19.2584,Aligned,51.7812,44.5864,Separated Traffic,Rural,4.1822,True,Mixed,Poor Infrastructure,-0.0246,,False,42.8386,-0.0085,0.0066,Aligned,53,Unnamed Road,3009
4705,Unnamed Road,Urban Road,URB-04705,4705,13.0301,77.6034,13.0301,77.6029,46.7,1882.0,1882.047,28.8578,Moderate Misalignment,0.4992,0.4781,0.5185,0.0356,0.001,78.5158,79.6229,100.0,1.4298,12.2018,79.0307,81.3548,0.0,60.0,2.1741,No,0.0,0.0078,0.061,Poor,Low,0.1331,10.0,10.0,24.8035,Moderate Risk,61.5696,80.775,29.8698,Moderate Misalignment,84.1974,41.6183,Separated Traffic,Rural,4.2854,True,Residential,Poor Infrastructure | Above Human Tolerance Limit,0.004,,False,78.2659,-0.0115,-0.0034,Moderate Misalignment,80,Unnamed Road,3010
4706,Unnamed Road,Urban Road,URB-04706,4706,13.0301,77.6034,13.03,77.6037,34.8,1882.4,1882.435,10.6311,Aligned,0.98,0.9595,-0.0128,-0.0005,0.0063,33.751,33.8473,79.6016,14.612,29.262,50.7298,71.1297,0.0334,51.3866,22.1692,No,0.0,0.0038,-0.0285,Poor,Low,1.4955,10.0,10.2766,23.3726,Safe,70.4099,35.915,21.3694,Aligned,37.7889,58.1031,Side Impact Potential,Urban,6.2276,False,Commercial,Poor Infrastructure,0.0076,,False,28.1406,0.0039,0.0032,Aligned,34,Unnamed Road,3011
4707,Unnamed Road,Urban Road,URB-04707,4707,13.0256,77.5971,13.0253,77.5971,32.5,1882.8,1882.833,12.0441,Aligned,0.9592,1.0306,0.0151,-0.0105,-0.0088,20.0595,18.9523,28.1907,13.1264,20.4202,48.8973,91.8598,0.2496,40.3927,6.9974,No,0.0,0.0091,0.1001,Good,Medium,3.1637,10.0,10.3875,21.1069,Safe,70.8902,17.6217,17.8656,Aligned,15.9899,53.9638,Side Impact Potential,Peri-Urban,1.1126,False,Residential,Poor Infrastructure,-0.0168,,False,11.9835,0.0088,0.0056,Aligned,20,Unnamed Road,3012
4708,Unnamed Road,Urban Road,URB-04708,4708,13.0249,77.5971,13.0253,77.5971,46.6,1883.2,1883.247,27.0136,Aligned,0.5927,0.549,0.319,0.0553,-0.0022,66.2603,64.0854,98.2141,28.0453,28.5377,82.3643,42.3162,0.0928,59.729,21.0889,No,0.0,0.0037,0.997,Good,Low,0.4971,10.0,10.4414,27.533,Moderate Risk,65.1506,67.4645,33.5238,Moderate Misalignment,67.4179,55.0574,Separated Traffic,Peri-Urban,4.9921,True,Residential,Poor Infrastructure | Above Human Tolerance Limit,0.1372,Light,False,52.8793,0.0037,0.0012,Aligned,66,Unnamed Road,3013
4709,Unnamed Road,Urban Road,URB-04709,4709,13.029,77.598,13.0296,77.598,65.4,1883.6,1883.665,37.5454,Moderate Misalignment,0.7326,0.1827,0.7313,0.1062,-0.0138,75.7276,80.0435,99.206,49.0471,33.4266,79.9163,87.1626,0.3505,60.0,23.7394,No,0.0,-0.006,-0.0035,Good,Low,0.4493,10.0,21.6725,27.6269,Moderate Risk,68.2287,80.4805,36.466,Moderate Misalignment,99.5361,65.4674,Separated Traffic,Urban,5.1616,True,Mixed,Meets Safe System Standards,0.0214,,False,89.9124,-0.0026,-0.0082,Moderate Misalignment,76,Unnamed Road,3014
4710,Unnamed Road,Urban Road,URB-04710,4710,13.0301,77.598,13.0296,77.598,52.9,1884.0,1884.053,15.1637,Aligned,0.881,0.8883,0.0944,-0.0105,0.0115,55.8642,56.3741,100.0,0.0,20.3807,80.5496,66.566,0.0321,60.0,8.2486,No,0.0,-0.0032,-0.0222,Poor,High,0.0989,10.0,10.0,22.2262,Safe,69.1544,56.5884,20.115,Aligned,59.3126,45.3313,Separated Traffic,Rural,8.0499,True,Residential,Poor Infrastructure,0.0288,,False,50.382,-0.002,0.0063,Aligned,57,Unnamed Road,3015
4711,Unnamed Road,Urban Road,URB-04711,4711,13.028,77.5972,13.0273,77.5971,81.8,1884.4,1884.482,17.5411,Aligned,0.8356,0.8889,0.1292,0.0142,0.0001,67.1514,62.5356,99.6252,0.0,16.1533,80.9116,77.7342,40.5025,58.9086,5.9853,Yes,0.0,0.9992,-0.0312,Good,Medium,0.1619,10.0,10.0334,32.6062,Moderate Risk,60.6952,68.5064,19.7329,Aligned,74.1745,47.1388,Separated Traffic,Rural,5.8316,True,Residential,Poor Infrastructure,0.0108,,False,67.17,0.0074,0.0042,Aligned,70,Unnamed Road,3016
4712,Unnamed Road,Urban Road,URB-04712,4712,13.028,77.5972,13.0283,77.5976,51.8,1884.8,1884.852,8.9635,Aligned,1.0023,0.9926,-0.021,-0.0038,-0.0034,18.8708,21.4742,54.8734,0.0,21.2844,51.7862,82.2081,0.2591,30.8071,2.1817,No,0.0,0.0026,0.0216,Poor,Medium,2.2502,10.0,10.0,23.1627,Safe,68.3788,18.7029,20.2766,Aligned,21.7389,61.7736,Side Impact Potential,Peri-Urban,3.9236,False,Commercial,Poor Infrastructure,0.0069,,False,16.4158,-0.0083,-0.0001,Aligned,21,Unnamed Road,3017
4713,Unnamed Road,Urban Road,URB-04713,4713,13.0273,77.5971,13.0266,77.5971,69.9,1885.2,1885.27,10.6384,Aligned,0.9424,0.9601,0.0235,-0.0014,0.007,32.2417,33.5781,82.9765,0.0,26.0601,50.3166,78.951,0.0702,39.1078,14.922,No,0.0,-0.0027,-0.0212,Poor,High,1.8473,10.0,10.3532,24.5771,Safe,67.221,34.7892,20.6937,Aligned,33.039,56.4375,Side Impact Potential,Urban,5.8089,False,Mixed,Poor Infrastructure,0.1785,Light,False,24.5501,0.0061,0.0088,Aligned,31,Unnamed Road,3018
4714,Unnamed Road,Urban Road,URB-04714,4714,13.0301,77.598,13.0303,77.598,25.6,1885.6,1885.626,11.1592,Aligned,0.9551,0.9301,0.0163,-0.0016,0.0003,35.9391,34.7865,82.4012,34.7973,39.2849,47.7788,79.5945,0.3319,41.4005,38.4107,No,0.0,0.0078,0.9922,Good,Medium,1.2889,10.0,10.0797,25.4559,Moderate Risk,73.7313,32.751,22.9341,Aligned,32.1866,56.7842,Side Impact Potential,Urban,4.0092,True,Commercial,Poor Infrastructure,0.1919,Light,False,27.9967,-0.0054,-0.0027,Aligned,37,Unnamed Road,3019
4715,Unnamed Road,Urban Road,URB-04715,4715,13.0305,77.5981,13.0303,77.598,27.8,1886.0,1886.028,14.6302,Aligned,0.8538,0.8635,0.139,0.0097,0.0015,36.1955,34.9635,85.5696,15.7897,31.3724,71.0295,87.2166,0.118,38.1569,19.1565,No,0.0,-0.0025,-0.0487,Poor,Low,1.6232,10.0,10.0,24.2045,Safe,71.2246,33.5858,20.1219,Aligned,35.1983,67.8947,Separated Traffic,Urban,4.9934,True,Industrial,Poor Infrastructure,-0.0051,,False,33.0673,0.0084,-0.0071,Aligned,34,Unnamed Road,3020
4716,Unnamed Road,Urban Road,URB-04716,4716,13.0237,77.596,13.0236,77.5962,29.3,1886.4,1886.429,11.9676,Aligned,0.9212,0.9037,0.0552,-0.0111,0.0006,52.4032,50.6726,98.1924,16.2867,22.0758,82.2687,71.3157,0.0002,60.0,18.0755,No,0.0,0.0043,0.9466,Poor,Medium,0.1595,10.0,10.0,21.3088,Safe,71.7025,50.9136,18.8299,Aligned,54.0646,42.6667,Separated Traffic,Rural,6.8361,True,Industrial,Poor Infrastructure,0.1819,Light,False,42.0209,-0.0188,-0.0011,Aligned,51,Unnamed Road,3021
4717,Unnamed Road,Urban Road,URB-04717,4717,13.0237,77.596,13.0238,77.5957,31.0,1886.8,1886.831,9.6481,Aligned,0.9815,0.9925,0.0422,-0.0035,-0.0021,40.4531,37.265,84.6531,30.0531,45.22,50.1473,71.2056,0.0,49.3508,42.6843,No,0.0,-0.0007,1.0961,Poor,Low,1.8429,10.0,10.2122,27.758,Moderate Risk,71.4356,40.1385,25.1527,Aligned,36.8888,65.2236,Side Impact Potential,Urban,4.9975,True,Residential,Poor Infrastructure,0.1237,Light,False,29.0151,0.0088,-0.0063,Aligned,39,Unnamed Road,3022
4718,Unnamed Road,Urban Road,URB-04718,4718,13.0239,77.5954,13.0238,77.5957,30.1,1887.2,1887.23,30.7527,Moderate Misalignment,0.7068,0.2751,0.7128,-0.0147,0.0071,29.8448,29.7466,50.7993,10.7568,24.6349,49.5329,95.5519,0.346,28.1617,19.4838,No,0.0,0.0073,0.0077,Good,Low,2.3361,10.0,10.0,22.9457,Safe,68.2691,31.9277,19.561,Aligned,30.2452,48.8951,Side Impact Potential,Peri-Urban,3.2253,False,Residential,Poor Infrastructure,-0.0055,,False,29.3353,0.0033,0.0148,Moderate Misalignment,29,Unnamed Road,3023
4719,Unnamed Road,Urban Road,URB-04719,4719,13.0244,77.5929,13.0244,77.5933,52.6,1887.6,1887.653,40.5108,Moderate Misalignment,0.9088,0.0299,0.8973,0.0523,-0.0061,50.2493,51.3945,99.895,28.176,24.782,50.7844,76.8221,0.0,60.0,17.7457,No,0.0,-0.0062,-0.0026,Good,Medium,0.6738,10.0,10.0,30.659,Moderate Risk,59.9194,50.2602,43.9883,Moderate Misalignment,58.7348,54.9617,Side Impact Potential,Urban,7.161,False,Commercial,Poor Infrastructure | Above Human Tolerance Limit,0.0151,,False,54.7921,-0.0121,-0.0131,Moderate Misalignment,52,Unnamed Road,3024
4720,Unnamed Road,Urban Road,URB-04720,4720,13.0244,77.5933,13.0242,77.5942,92.5,1888.0,1888.092,44.9279,High Misalignment,0.4357,0.4357,0.1133,0.4209,-0.0051,79.8689,81.1136,98.6077,20.8633,30.2063,79.9122,86.1774,0.1176,60.0,24.8465,No,0.0,-0.0028,1.0481,Good,Medium,0.4398,10.0,15.8305,40.6848,Moderate Risk,46.4029,77.3918,64.9838,High Misalignment,113.1528,56.6886,Separated Traffic,Peri-Urban,6.9636,True,Residential,Speed Limit Misaligned | Poor Infrastructure | Above Human Tolerance Limit,0.0105,,False,111.1528,0.0212,0.015,High Misalignment,81,Unnamed Road,3025
4721,Unnamed Road,Urban Road,URB-04721,4721,13.0242,77.5942,13.0241,77.5945,41.5,1888.4,1888.442,39.5689,Moderate Misalignment,0.7911,0.0867,0.7781,0.1015,-0.003,81.152,77.464,99.9674,0.0,16.9781,80.9778,89.3214,0.0,60.0,10.6115,No,0.0,0.0064,-0.0189,Poor,Medium,0.3228,10.0,31.2422,30.1107,Moderate Risk,55.4719,82.8892,39.0647,Moderate Misalignment,89.299,32.9398,Separated Traffic,Rural,3.8336,True,Residential,Poor Infrastructure,0.0097,,False,74.3152,-0.0136,0.001,Moderate Misalignment,83,Unnamed Road,3026
4722,Unnamed Road,Urban Road,URB-04722,4722,13.0236,77.5965,13.0236,77.5962,29.9,1888.8,1888.83,13.5781,Aligned,0.903,0.9003,0.063,-0.0174,0.0008,59.736,59.2835,96.312,11.9925,24.0238,79.6481,68.1055,0.1885,59.8978,13.5838,No,0.0,0.0001,0.0174,Good,Low,0.4195,10.0,10.0073,22.7295,Safe,71.4154,58.8825,18.7478,Aligned,59.7087,51.3704,Separated Traffic,Peri-Urban,6.0237,True,Residential,Poor Infrastructure,0.1435,Light,False,45.8614,0.0,0.0197,Aligned,59,Unnamed Road,3027
4723,Unnamed Road,Urban Road,URB-04723,4723,13.0241,77.5945,13.0242,77.5942,42.0,1889.2,1889.242,13.2353,Aligned,0.922,0.9048,0.1221,0.0063,0.0183,24.1561,25.6485,53.4103,30.894,26.0144,51.7761,92.3822,0.0,29.9159,19.7324,No,0.0,-0.0046,0.0349,Poor,Low,1.7239,10.0,10.0,20.8598,Safe,74.5224,25.8559,19.1434,Aligned,25.913,50.4499,Side Impact Potential,Peri-Urban,3.8469,False,Industrial,Poor Infrastructure,0.0248,,False,25.198,-0.0016,-0.0047,Aligned,25,Unnamed Road,3028
4724,Unnamed Road,Urban Road,URB-04724,4724,13.0241,77.5945,13.024,77.5949,40.9,1889.6,1889.641,10.3451,Aligned,0.9384,0.9802,0.0292,0.0186,0.0076,75.5298,73.3598,99.2659,5.1125,20.8563,80.4214,68.4943,0.0,60.0,13.7852,No,0.0,-0.0061,0.0398,Poor,Low,0.1094,10.0,10.0,23.1705,Safe,69.9908,72.6557,20.0848,Aligned,71.9676,45.9044,Separated Traffic,Rural,6.1007,True,Industrial,Poor Infrastructure,0.1179,Light,False,60.1553,0.0072,0.0071,Aligned,76,Unnamed Road,3029
4725,Unnamed Road,Urban Road,URB-04725,4725,13.0256,77.5971,13.0258,77.5971,29.0,1890.0,1890.029,29.969,Moderate Misalignment,0.6901,0.3301,0.7222,0.0176,-0.0033,40.1199,39.758,31.6606,0.0,13.7798,51.8096,93.9688,0.1338,32.8444,4.5692,No,0.0,-0.0052,-0.0012,Poor,Medium,1.8255,10.0,32.4822,24.7163,Safe,62.9394,41.1441,27.7494,Moderate Misalignment,39.5931,36.6326,Side Impact Potential,Rural,2.0849,False,Residential,Poor Infrastructure,0.0029,,False,32.2805,-0.0034,-0.0003,Moderate Misalignment,41,Unnamed Road,3030
4726,Unnamed Road,Urban Road,URB-04726,4726,13.03,77.6037,13.03,77.604,36.4,1890.4,1890.436,40.6068,Moderate Misalignment,0.864,0.0843,0.8481,0.0524,0.0042,81.3778,79.2606,100.0,37.2088,22.0649,80.9271,97.5248,0.0,59.819,11.285,No,0.0,-0.0036,-0.0153,Poor,Medium,0.2694,10.0,26.327,25.5533,Moderate Risk,66.3592,78.3591,35.9197,Moderate Misalignment,98.8589,52.0053,Separated Traffic,Peri-Urban,3.9353,True,Industrial,Meets Safe System Standards,-0.0009,,False,81.3849,0.0038,-0.0147,Moderate Misalignment,80,Unnamed Road,3031
4727,Unnamed Road,Urban Road,URB-04727,4727,13.0242,77.5942,13.0243,77.5938,43.0,1890.8,1890.843,26.7421,Moderate Misalignment,0.5408,0.4844,0.5531,-0.0047,0.0061,48.0372,51.7272,51.8144,0.0833,25.2258,50.1863,93.4617,0.1452,39.1269,16.1216,No,0.0,0.0002,0.0455,Poor,Medium,3.9657,10.0,29.8604,28.8892,Moderate Risk,59.7718,50.402,34.3404,Moderate Misalignment,54.438,56.8451,Side Impact Potential,Urban,1.8901,False,Commercial,Poor Infrastructure,0.0081,,False,46.4087,-0.0269,0.0004,Moderate Misalignment,50,Unnamed Road,3032
4728,Unnamed Road,Urban Road,URB-04728,4728,13.03,77.604,13.03,77.6043,27.8,1891.2,1891.228,11.7152,Aligned,0.9711,0.973,0.0129,0.0197,0.0029,39.5297,41.4047,79.7922,26.2904,26.7877,51.4699,76.8944,0.4423,50.0236,12.8083,No,0.0,-0.0,0.0329,Good,Medium,2.3618,10.0,10.0,21.1838,Safe,74.0329,39.8321,20.1533,Aligned,40.6981,64.1063,Side Impact Potential,Urban,3.264,True,Residential,Poor Infrastructure,0.0003,,False,35.2662,-0.0058,0.0105,Aligned,40,Unnamed Road,3033
4729,Unnamed Road,Urban Road,URB-04729,4729,13.0305,77.5981,13.0309,77.5981,43.9,1891.6,1891.644,44.1498,Moderate Misalignment,0.7897,0.065,0.7708,0.1329,0.0005,46.451,46.2442,100.0,17.1641,17.0861,49.8237,64.99,0.0,58.8361,9.251,No,0.0,0.0127,0.0115,Good,Medium,0.0755,10.0,10.3058,25.1817,Safe,65.6285,46.3736,29.8148,Moderate Misalignment,45.6449,43.1776,Side Impact Potential,Rural,8.0856,False,Industrial,Poor Infrastructure | Above Human Tolerance Limit,0.0086,,False,37.2335,-0.0012,0.0208,Moderate Misalignment,45,Unnamed Road,3034
4730,Unnamed Road,Urban Road,URB-04730,4730,13.0303,77.6018,13.0303,77.6016,23.0,1892.0,1892.023,33.2489,Moderate Misalignment,0.7677,0.2119,0.7596,0.0123,0.0078,35.8064,35.5495,56.8745,0.0,20.1757,49.3727,98.8401,0.5099,30.89,8.1011,No,0.0,0.0072,-0.0823,Poor,High,1.7854,10.0,18.6439,25.8608,Moderate Risk,64.5043,36.3013,24.6876,Moderate Misalignment,35.9457,52.4487,Side Impact Potential,Peri-Urban,2.1164,True,Commercial,Poor Infrastructure,0.0076,,False,29.3597,-0.0119,-0.0126,Moderate Misalignment,36,Unnamed Road,3035
4731,Unnamed Road,Urban Road,URB-04731,4731,13.0303,77.6018,13.0301,77.6024,70.9,1892.4,1892.471,12.3012,Aligned,0.8987,0.8804,0.1088,0.0178,0.0014,30.4687,31.328,62.608,29.9226,31.6661,48.6845,93.0886,0.0,28.0055,22.135,No,0.0,-0.0031,0.0218,Good,Medium,3.9302,10.0,10.0,23.3208,Safe,72.8961,30.4797,21.7896,Aligned,30.2646,62.285,Side Impact Potential,Urban,4.1655,True,Mixed,Poor Infrastructure,0.0146,,False,24.1885,-0.0102,0.0062,Aligned,29,Unnamed Road,3036
4732,Unnamed Road,Urban Road,URB-04732,4732,13.0301,77.6024,13.0301,77.6029,54.2,1892.8,1892.854,20.3755,Aligned,0.6899,0.6802,0.3034,-0.0007,0.0023,49.4893,48.3314,98.9347,27.4093,20.0409,78.9395,77.4065,0.3306,58.984,17.2704,No,0.0,-0.0028,0.0024,Good,Medium,0.2674,10.0,10.0,19.0808,Safe,74.9078,49.3171,15.7854,Aligned,48.9896,37.0768,Separated Traffic,Rural,5.7025,True,Residential,Poor Infrastructure,-0.03,,False,44.2036,0.0026,-0.0045,Aligned,50,Unnamed Road,3037
4733,Unnamed Road,Urban Road,URB-04733,4733,13.03,77.6047,13.0299,77.6045,33.9,1893.2,1893.234,9.649,Aligned,0.9705,1.0074,0.0136,0.0326,0.0088,39.6479,40.9535,71.431,22.1681,35.4734,48.6659,77.9059,0.2703,50.7139,23.7255,No,0.0,0.0009,-0.007,Good,High,1.6449,10.0,10.0,25.2262,Moderate Risk,70.636,40.3081,22.3636,Aligned,37.344,67.1755,Side Impact Potential,Urban,3.0654,False,Commercial,Poor Infrastructure,0.0312,,False,32.7968,-0.0119,0.0005,Aligned,41,Unnamed Road,3038
4734,Unnamed Road,Urban Road,URB-04734,4734,13.03,77.6043,13.0299,77.6045,26.1,1893.6,1893.626,43.0135,Moderate Misalignment,0.8776,0.1184,0.8594,0.0694,0.0037,51.5571,50.7012,96.5251,55.9315,39.4565,51.205,79.7809,0.2667,58.8027,37.8521,No,0.0,0.0022,1.0332,Good,Medium,0.7021,10.0,10.0,26.0859,Moderate Risk,72.2412,51.5385,32.3584,Moderate Misalignment,57.0896,58.3975,Side Impact Potential,Urban,5.994,True,Residential,Above Human Tolerance Limit,0.1912,Light,False,44.7209,0.0138,-0.021,Moderate Misalignment,51,Unnamed Road,3039
4735,Unnamed Road,Urban Road,URB-04735,4735,13.0243,77.5938,13.0243,77.5933,49.3,1894.0,1894.049,11.3477,Aligned,0.9376,0.9225,0.0762,-0.0141,-0.0109,18.6512,20.8879,30.6566,0.6953,18.952,49.2481,91.453,0.0,20.1357,3.3902,No,0.0,-0.0006,-0.0801,Good,Medium,3.6739,10.0,10.6779,22.3361,Safe,68.7661,17.745,19.19,Aligned,15.9175,60.4063,Side Impact Potential,Peri-Urban,1.9659,False,Residential,Poor Infrastructure,0.0173,,False,14.8748,0.0189,-0.0014,Aligned,19,Unnamed Road,3040
4736,Unnamed Road,Urban Road,URB-04736,4736,13.0243,77.5933,13.0244,77.5929,51.9,1894.4,1894.452,12.474,Aligned,0.8907,0.9099,0.1205,-0.0073,0.0002,38.3049,35.2472,59.2003,21.206,37.9119,49.1321,89.8611,0.2153,39.4062,33.2795,No,0.0,-0.0007,1.0717,Good,Medium,2.6528,10.0,10.6103,27.0631,Moderate Risk,70.076,39.3312,23.3582,Aligned,37.3217,68.6389,Side Impact Potential,Urban,2.0721,True,Mixed,Poor Infrastructure,-0.0087,,False,33.2265,0.0011,0.0102,Aligned,39,Unnamed Road,3041
4737,Unnamed Road,Urban Road,URB-04737,4737,13.0311,77.5995,13.0312,77.5988,73.3,1894.8,1894.873,21.8402,Aligned,0.6197,0.5972,0.392,-0.0001,0.0029,40.8368,40.2163,54.1563,12.6678,34.7987,50.3195,72.068,0.4669,28.881,30.1697,No,0.0,0.0056,1.0035,Poor,Medium,2.6724,10.0,34.2123,30.9492,Moderate Risk,61.5047,40.5559,34.067,Moderate Misalignment,40.8332,60.3257,Side Impact Potential,Peri-Urban,3.9754,False,Mixed,Active Congestion | Poor Infrastructure,0.7217,Severe,False,11.4188,0.0076,-0.0021,Aligned,39,Unnamed Road,3042
4738,Unnamed Road,Urban Road,URB-04738,4738,13.0311,77.5995,13.0307,77.6005,130.3,1895.2,1895.33,10.6653,Aligned,0.957,0.9156,0.0031,0.0075,0.0025,33.3613,32.4037,50.4253,32.3231,27.4166,50.587,83.2845,0.1411,40.0969,17.1409,No,0.0,0.0028,0.0611,Good,Low,3.3151,10.0,10.0852,20.5543,Safe,77.0639,34.1735,17.9553,Aligned,34.586,57.4073,Side Impact Potential,Urban,1.9572,False,Commercial,Poor Infrastructure,0.0065,,False,27.3523,-0.0147,0.0149,Aligned,34,Unnamed Road,3043
4739,Unnamed Road,Urban Road,URB-04739,4739,13.0304,77.6014,13.0305,77.601,38.8,1895.6,1895.639,13.3005,Aligned,0.9118,0.8869,0.0874,0.0067,-0.0056,23.6594,20.6925,32.2811,19.1476,19.6505,48.3717,96.8888,0.0,20.0,7.0998,No,0.0,0.0017,0.0136,Poor,Low,3.0641,10.0,10.2112,20.6715,Safe,72.9844,20.2462,17.7307,Aligned,25.0554,55.0602,Side Impact Potential,Peri-Urban,1.8567,False,Residential,Poor Infrastructure,-0.007,,False,16.0919,-0.0078,-0.0052,Aligned,21,Unnamed Road,3044
4740,Unnamed Road,Urban Road,URB-04740,4740,13.0305,77.601,13.0306,77.6007,32.5,1896.0,1896.033,11.8546,Aligned,0.9561,0.9593,0.0271,0.0015,-0.004,26.4094,26.0446,52.517,24.0471,28.0236,51.2795,84.6883,0.0,29.2734,15.651,No,0.0,0.007,0.0425,Good,Low,2.2437,10.0,10.2404,21.6582,Safe,73.6094,26.3078,20.9747,Aligned,25.6036,65.6529,Side Impact Potential,Urban,3.0301,False,Commercial,Poor Infrastructure,0.0121,,False,21.3219,-0.0157,-0.0004,Aligned,27,Unnamed Road,3045
4741,Unnamed Road,Urban Road,URB-04741,4741,13.0304,77.6014,13.0303,77.6016,26.2,1896.4,1896.426,9.3987,Aligned,0.9797,0.984,0.0121,0.0193,-0.0064,35.0052,34.8157,76.5179,51.4788,33.2972,49.3194,70.5005,0.2706,50.9882,26.7868,No,0.0,0.0003,-0.0665,Poor,Low,2.2458,10.0,10.0,20.5154,Safe,79.789,35.4613,17.178,Aligned,36.0888,59.6231,Side Impact Potential,Urban,2.8716,False,Residential,Meets Safe System Standards,-0.0136,,False,30.7056,-0.0029,-0.0132,Aligned,34,Unnamed Road,3046
4742,Unnamed Road,Urban Road,URB-04742,4742,13.0306,77.6007,13.0307,77.6005,31.2,1896.8,1896.831,42.1269,Moderate Misalignment,0.8377,0.045,0.8698,0.0935,0.0031,42.2978,42.2372,98.8881,12.0098,17.3515,51.1579,67.4389,0.1059,60.0,7.3703,No,0.0,0.0032,-0.0229,Poor,Low,0.4971,10.0,10.0,26.2054,Moderate Risk,63.8075,42.6645,29.8882,Moderate Misalignment,43.3715,47.7681,Side Impact Potential,Peri-Urban,7.144,False,Industrial,Poor Infrastructure | Above Human Tolerance Limit,0.0053,,False,33.8551,-0.0048,-0.0015,Moderate Misalignment,44,Unnamed Road,3047
4743,Unnamed Road,Urban Road,URB-04743,4743,13.024,77.5952,13.0239,77.5954,31.2,1897.2,1897.231,9.8048,Aligned,0.9708,0.9431,-0.035,0.0017,-0.0055,27.693,26.2249,83.6104,21.6421,27.8122,50.6304,74.5183,0.0,39.8975,20.2432,No,0.0,-0.0004,0.996,Poor,Low,2.0174,10.0,10.0,22.8681,Safe,72.7301,25.4012,18.7405,Aligned,25.8696,56.1915,Side Impact Potential,Urban,3.8219,True,Residential,Poor Infrastructure,-0.0124,,False,23.0682,0.0134,-0.0139,Aligned,28,Unnamed Road,3048
4744,Unnamed Road,Urban Road,URB-04744,4744,13.024,77.5952,13.024,77.5949,29.3,1897.6,1897.629,10.9081,Aligned,0.9741,0.9383,0.0679,-0.0021,-0.0169,32.6014,34.3765,50.2764,30.0823,25.1907,50.7817,93.1143,0.3109,40.3225,25.7502,No,0.0,0.0014,0.9879,Poor,Low,1.3105,10.0,10.0,20.9824,Safe,73.8937,31.3797,18.0509,Aligned,33.0829,38.187,Side Impact Potential,Rural,1.8713,False,Residential,Poor Infrastructure,0.1352,Light,False,25.6247,0.0068,-0.0125,Aligned,33,Unnamed Road,3049