segment_id,road_name,road_type,human_segment_id,internal_id,start_lat,start_lon,end_lat,end_lon,length_m,start_km,end_km,road_risk_score,ai_risk_label,ai_risk_probability,prob_low_risk,prob_medium_risk,prob_high_risk,prob_critical_risk,ai_recommended_speed,recommended_safe_speed,road_function_score,infrastructure_score,exposure_score,human_tolerance_limit,operating_speed_score,crash_risk_score,posted_speed_limit,pedestrian_exposure_score,blackspot_flag,crash_count,fatal_crashes,schools_count,lighting_quality,roadside_hazards,intersection_density,speed_compliance_rate,speed_violation_score,hotspot_score,hotspot_category,speed_safety_score,original_safe_speed,misalignment_score,misalignment_category,speed_p85,ptw_share_pct,exposure_tier,urban_rural_flag,lane_count,median_presence,land_use_type,top_ai_factors,congestion_index,congestion_category,congestion_smoothed,operating_speed_mean,minor_crashes,major_crashes,risk_category,final_safe_speed,corridor_base,corridor_seq
4745,Unnamed Road,Urban Road,URB-04745,4745,13.0284,77.5979,13.0283,77.5976,35.4,1898.0,1898.035,18.6115,Aligned,0.7721,0.7996,0.1801,0.0401,-0.0043,25.5772,24.4153,55.1324,73.2968,53.1875,29.0915,83.2903,0.0,30.4884,72.1476,No,0.0,0.0039,2.0306,Good,Low,3.4863,10.0,10.143,25.3522,Safe,81.3673,22.5876,21.5606,Aligned,23.8122,56.932,Significant Pedestrian Interaction,Urban,4.042,False,Residential,High Pedestrian Interaction,0.1732,Light,False,17.306,0.0103,0.0021,Aligned,26,Unnamed Road,3050
4746,Unnamed Road,Urban Road,URB-04746,4746,13.0284,77.5979,13.0287,77.598,38.4,1898.4,1898.438,15.1637,Aligned,0.8511,0.8421,0.1926,0.0136,0.0053,20.3946,22.7728,48.0141,17.3376,27.1767,49.999,60.8619,0.0,29.5863,13.2302,No,0.0,0.0026,0.0201,Good,High,2.554,10.0,10.0,23.69,Safe,71.793,19.8449,21.0881,Aligned,18.7986,64.4928,Side Impact Potential,Urban,1.94,False,Residential,Active Congestion | Poor Infrastructure,0.7128,Severe,False,10.854,-0.0081,-0.0073,Aligned,19,Unnamed Road,3051
4747,Unnamed Road,Urban Road,URB-04747,4747,13.0266,77.5971,13.0264,77.5971,28.9,1898.8,1898.829,12.2551,Aligned,0.9633,0.9821,0.0467,0.0032,0.0036,33.815,34.6569,82.9964,20.5112,22.4244,46.4257,69.8818,0.0,59.7476,10.1033,No,0.0,-0.0088,-0.0283,Good,High,1.6278,10.0,10.0364,21.6999,Safe,72.4202,33.6831,17.6067,Aligned,31.9505,58.5034,Side Impact Potential,Urban,2.7687,True,Industrial,Poor Infrastructure,0.0056,,False,33.378,-0.0105,0.0117,Aligned,33,Unnamed Road,3052
4748,Unnamed Road,Urban Road,URB-04748,4748,13.0287,77.598,13.029,77.598,30.7,1899.2,1899.231,10.7381,Aligned,0.9782,0.9621,0.0715,-0.0158,0.0008,77.1714,77.8878,98.9726,11.6185,18.9297,79.9901,26.088,0.0,60.0,13.9666,No,0.0,0.0026,0.0154,Poor,High,0.2098,10.0,10.3652,23.1883,Safe,67.328,83.0227,23.8342,Aligned,81.6296,43.8924,Separated Traffic,Rural,6.8395,True,Residential,Active Congestion | Poor Infrastructure,0.6195,Severe,False,29.1796,0.006,-0.0078,Aligned,78,Unnamed Road,3053
4749,Unnamed Road,Urban Road,URB-04749,4749,12.9592,77.5001,12.959,77.5006,56.6,1899.6,1899.657,48.5215,Moderate Misalignment,0.7094,0.0245,0.741,0.2467,0.0312,49.3921,49.1568,99.9813,28.1705,23.7725,49.7397,97.9281,0.3353,59.327,13.6893,No,0.0,0.0022,-0.0349,Poor,Low,0.3397,10.0,22.8013,31.9707,Moderate Risk,58.4397,49.5587,43.7802,Moderate Misalignment,72.4896,60.5041,Side Impact Potential,Urban,7.8901,False,Commercial,Poor Infrastructure | Above Human Tolerance Limit,-0.0324,,False,62.9465,0.0181,-0.0029,Moderate Misalignment,49,Unnamed Road,3054
4750,Unnamed Road,Urban Road,URB-04750,4750,12.9598,77.4999,12.9592,77.5001,97.4,1900.0,1900.097,28.8568,Moderate Misalignment,0.5866,0.4373,0.5779,0.0091,-0.0061,42.4943,44.5255,80.985,33.1506,34.699,51.4191,97.696,0.6438,40.2179,29.5813,No,0.0,-0.0011,0.033,Good,Medium,1.8494,10.0,10.0,24.3657,Safe,71.7254,42.5257,23.7641,Aligned,45.2998,57.8587,Side Impact Potential,Urban,6.0942,False,Mixed,Meets Safe System Standards,-0.0022,,False,38.7612,-0.0012,0.0071,Moderate Misalignment,43,Unnamed Road,3055
4751,Unnamed Road,Urban Road,URB-04751,4751,12.9584,77.4983,12.9586,77.4985,33.5,1900.4,1900.434,11.9418,Aligned,0.9744,1.0029,0.0323,-0.0102,-0.0058,34.7749,34.9232,58.819,24.3609,28.8188,49.4076,68.1534,0.0,49.5164,13.4105,No,0.0,-0.008,0.0121,Poor,High,3.1169,10.0,10.0015,22.0779,Safe,73.9511,33.9984,19.9228,Aligned,37.8292,67.3022,Side Impact Potential,Urban,2.8526,True,Mixed,Poor Infrastructure,0.0033,,False,31.6173,-0.0049,-0.0088,Aligned,36,Unnamed Road,3056
4752,Unnamed Road,Urban Road,URB-04752,4752,12.9616,77.4993,12.9618,77.4987,70.2,1900.8,1900.87,10.1019,Aligned,1.0092,0.98,-0.0104,-0.005,0.0049,19.627,19.8781,28.2058,10.5551,18.0826,50.0552,76.6822,0.0673,40.0138,2.3351,No,0.0,-0.0031,-0.0167,Poor,High,3.0677,10.0,10.0034,20.6119,Safe,71.0355,19.7886,16.8408,Aligned,18.9562,50.5827,Side Impact Potential,Peri-Urban,1.017,False,Residential,Poor Infrastructure,0.2088,Light,False,16.6405,-0.0143,0.0064,Aligned,20,Unnamed Road,3057
4753,Unnamed Road,Urban Road,URB-04753,4753,12.9614,77.5001,12.9616,77.4993,87.4,1901.2,1901.287,39.2112,Moderate Misalignment,0.9847,-0.0096,0.9248,0.0257,-0.0006,81.4333,79.8568,100.0,0.0,14.093,80.3547,10.6395,0.2679,60.0,0.0,No,0.0,-0.0054,-0.0265,Poor,Low,0.0811,10.0,10.0546,28.3481,Moderate Risk,56.7876,80.0221,38.2433,Moderate Misalignment,97.408,45.7336,Separated Traffic,Rural,6.9628,True,Residential,Active Congestion | Poor Infrastructure | Above Human Tolerance Limit,0.7756,Severe,False,23.7281,-0.0093,0.0084,Moderate Misalignment,80,Unnamed Road,3058
4754,Unnamed Road,Urban Road,URB-04754,4754,12.9619,77.4984,12.9618,77.4987,39.5,1901.6,1901.64,18.7277,Aligned,0.6952,0.6592,0.3267,-0.0032,-0.0024,33.3164,31.2057,57.6656,27.2855,37.615,49.0496,89.6317,0.2985,59.1362,38.8954,No,0.0,0.0063,1.0196,Poor,High,2.2615,10.0,10.0,25.6462,Moderate Risk,72.1788,32.0185,23.8974,Aligned,29.9625,63.3504,Side Impact Potential,Urban,4.0286,False,Residential,Poor Infrastructure,0.1341,Light,False,24.5471,0.0102,0.0025,Aligned,33,Unnamed Road,3059
4755,Unnamed Road,Urban Road,URB-04755,4755,12.9586,77.4985,12.959,77.4988,54.7,1902.0,1902.055,34.1904,Moderate Misalignment,0.7636,0.2668,0.7887,0.0068,0.0053,49.85,47.9781,68.7483,8.6371,22.4071,49.9134,100.0,0.2517,50.0758,11.291,No,0.0,-0.0036,0.0468,Poor,High,1.7943,10.0,26.5124,27.7492,Moderate Risk,61.3982,50.0171,32.8447,Moderate Misalignment,62.0046,53.7113,Side Impact Potential,Peri-Urban,1.9756,False,Residential,Poor Infrastructure,0.1669,Light,False,51.6457,0.0025,-0.0053,Moderate Misalignment,48,Unnamed Road,3060
4756,Unnamed Road,Urban Road,URB-04756,4756,12.961,77.5015,12.961,77.5021,64.8,1902.4,1902.465,13.8503,Aligned,0.865,0.8668,0.1812,0.0015,0.0034,81.1465,80.0505,99.0902,11.8193,17.5485,80.7598,74.2391,0.1424,60.0,3.1414,No,0.0,0.0007,0.0604,Poor,Low,0.3157,10.0,10.0638,20.8486,Safe,70.0977,80.101,20.7147,Aligned,84.161,49.2227,Separated Traffic,Peri-Urban,8.1882,True,Commercial,Poor Infrastructure,0.1834,Light,False,61.1903,-0.002,-0.0098,Aligned,79,Unnamed Road,3061
4757,Unnamed Road,Urban Road,URB-04757,4757,12.9609,77.5027,12.961,77.5021,71.2,1902.8,1902.871,11.6358,Aligned,1.0128,1.0343,0.0117,-0.0109,-0.0045,24.7508,26.8458,28.9356,12.9371,17.8792,48.6848,86.7013,0.0598,28.5893,5.6627,No,0.0,-0.0005,-0.0113,Poor,Medium,2.8797,10.0,10.0,20.3462,Safe,71.8463,26.1003,17.6153,Aligned,27.6372,50.7783,Side Impact Potential,Peri-Urban,0.9977,False,Residential,Poor Infrastructure,0.0125,,False,22.1381,-0.0067,0.0038,Aligned,24,Unnamed Road,3062
4758,Unnamed Road,Urban Road,URB-04758,4758,12.9614,77.5001,12.9613,77.5005,46.2,1903.2,1903.246,10.8489,Aligned,0.9653,0.9751,0.0184,0.0047,0.0094,30.6079,29.0558,48.9442,18.116,35.4566,50.6378,77.6169,0.0,40.7173,34.0802,No,0.0,-0.0003,1.0226,Good,High,2.8674,10.0,10.0,26.0754,Moderate Risk,70.9755,27.5361,22.1617,Aligned,27.87,59.5068,Side Impact Potential,Urban,1.8161,False,Commercial,Poor Infrastructure,-0.0081,,False,23.4939,0.0074,0.0132,Aligned,28,Unnamed Road,3063
4759,Unnamed Road,Urban Road,URB-04759,4759,12.9598,77.4999,12.9605,77.5009,135.5,1903.6,1903.736,9.5529,Aligned,0.9969,1.0248,-0.0044,-0.0093,-0.0112,27.4603,24.5314,25.4394,17.2234,15.0746,51.1119,85.0748,0.0,30.0182,7.8893,No,0.0,-0.0032,-0.0059,Poor,Low,2.4578,10.0,10.0,18.439,Safe,73.1385,27.0909,16.9825,Aligned,27.41,39.4342,Side Impact Potential,Rural,1.1428,False,Residential,Poor Infrastructure,0.1786,Light,False,21.0662,0.0092,-0.008,Aligned,28,Unnamed Road,3064
4760,Unnamed Road,Urban Road,URB-04760,4760,12.9596,77.4992,12.9598,77.4999,83.1,1904.0,1904.083,14.9733,Aligned,0.8824,0.8878,0.1211,0.0274,0.0051,42.84,42.9662,100.0,40.2659,30.7776,79.1023,69.2162,0.0,60.0,25.1617,No,0.0,0.0091,1.0273,Good,Medium,0.6266,10.0,10.0,21.1928,Safe,76.3805,46.0288,18.7533,Aligned,44.2411,58.8098,Separated Traffic,Urban,6.0849,True,Mixed,Meets Safe System Standards,-0.0067,,False,38.5353,-0.0124,0.0106,Aligned,45,Unnamed Road,3065
4761,Unnamed Road,Urban Road,URB-04761,4761,12.962,77.498,12.9619,77.4984,39.7,1904.4,1904.44,40.1261,Moderate Misalignment,0.9271,0.081,0.9392,0.0059,0.0013,30.1099,31.2857,84.012,79.4393,42.5197,29.0818,90.9911,0.2078,59.3209,42.7393,No,0.0,-0.0078,0.0092,Good,Low,1.7868,10.0,11.9881,31.7327,Moderate Risk,66.8712,29.4253,47.2655,Moderate Misalignment,55.8617,63.2018,Significant Pedestrian Interaction,Urban,5.0766,True,Residential,High Pedestrian Interaction | Above Human Tolerance Limit,0.1736,Light,False,41.8962,-0.005,0.011,Moderate Misalignment,31,Unnamed Road,3066
4762,Unnamed Road,Urban Road,URB-04762,4762,12.962,77.498,12.9621,77.4976,46.8,1904.8,1904.847,14.5895,Aligned,0.8758,0.8408,0.0752,0.0076,-0.0017,56.1274,56.6446,100.0,1.0161,15.3072,82.6438,27.4067,0.0,59.9747,9.3767,No,0.0,0.0057,0.0011,Poor,Medium,0.2055,10.0,10.0799,21.3541,Safe,69.1447,57.3627,17.4913,Aligned,58.2318,35.9782,Separated Traffic,Rural,5.0932,True,Residential,Active Congestion | Poor Infrastructure,0.6349,Severe,False,20.1663,-0.004,0.0005,Aligned,58,Unnamed Road,3067
4763,Unnamed Road,Urban Road,URB-04763,4763,12.962,77.498,12.9629,77.4983,107.7,1905.2,1905.308,12.3985,Aligned,0.937,0.9267,0.0474,-0.0031,-0.0168,29.9833,30.0875,51.4187,9.0092,24.3958,50.1247,77.8688,0.0474,60.0,18.3911,No,0.0,-0.0124,0.0248,Poor,Low,2.1708,10.0,10.4882,23.24,Safe,70.4473,31.7857,20.006,Aligned,32.2465,51.6384,Side Impact Potential,Peri-Urban,3.0636,False,Industrial,Poor Infrastructure,0.1974,Light,False,24.0149,-0.0118,0.0105,Aligned,31,Unnamed Road,3068
4764,Unnamed Road,Urban Road,URB-04764,4764,12.9609,77.5027,12.9608,77.5032,48.3,1905.6,1905.648,23.8095,Aligned,0.605,0.6227,0.3613,0.0004,0.0161,26.1645,25.714,55.1867,45.0513,41.8149,50.7809,88.4531,0.0634,27.9009,39.5404,No,0.0,0.0001,0.989,Good,Low,3.9179,10.0,10.517,25.402,Moderate Risk,75.0863,25.1822,22.8145,Aligned,24.1392,67.1893,Side Impact Potential,Urban,3.7912,False,Mixed,Meets Safe System Standards,0.0187,,False,26.0686,-0.0066,0.0016,Aligned,28,Unnamed Road,3069
4765,Unnamed Road,Urban Road,URB-04765,4765,12.9607,77.5035,12.9608,77.5032,41.1,1906.0,1906.041,69.7099,High Misalignment,0.9017,0.0836,0.0344,0.8913,-0.0047,78.7633,80.3043,99.184,0.1852,12.7301,79.1669,26.3745,0.0158,60.0,2.1316,No,0.0,0.0033,0.0236,Poor,Low,0.2306,10.0,24.7344,34.1274,Moderate Risk,48.1974,80.2558,54.1465,High Misalignment,109.9598,39.4896,Separated Traffic,Rural,4.3087,True,Residential,Speed Limit Misaligned | Active Congestion | Poor Infrastructure,0.6507,Severe,False,40.432,-0.0113,0.0208,High Misalignment,79,Unnamed Road,3070
4766,Unnamed Road,Urban Road,URB-04766,4766,12.9628,77.4988,12.9629,77.4983,53.2,1906.4,1906.453,41.1169,Moderate Misalignment,0.7936,0.067,0.8165,0.1119,-0.0012,80.8577,78.5948,100.0,0.0,16.0497,82.8094,90.9773,0.2068,59.5582,8.5123,No,0.0,-0.0038,0.0362,Poor,Medium,0.2889,10.0,30.1493,30.6308,Moderate Risk,55.5132,79.3319,39.9271,Moderate Misalignment,90.4637,33.2618,Separated Traffic,Rural,3.8728,True,Residential,Poor Infrastructure,0.0007,,False,75.347,0.0157,0.0026,Moderate Misalignment,80,Unnamed Road,3071
4767,Unnamed Road,Urban Road,URB-04767,4767,12.9607,77.5035,12.9605,77.5043,86.0,1906.8,1906.886,9.1641,Aligned,0.9579,0.9771,0.0332,0.0107,0.0054,53.8958,48.0908,99.8503,0.9463,11.7178,81.8198,57.3982,0.2212,60.0,4.9857,No,0.0,-0.0024,-0.0115,Poor,Medium,0.2269,10.0,10.1513,19.6719,Safe,68.7556,52.0264,16.5229,Aligned,50.1221,34.3768,Separated Traffic,Rural,5.069,True,Residential,Poor Infrastructure,0.0018,,False,38.5451,0.0019,0.0146,Aligned,50,Unnamed Road,3072
4768,Unnamed Road,Urban Road,URB-04768,4768,12.9596,77.4992,12.9595,77.4989,28.2,1907.2,1907.228,23.4932,Aligned,0.6099,0.5796,0.3524,0.0248,0.0097,26.9826,25.1114,56.8625,45.5066,42.8216,50.9332,90.1021,0.0,27.4853,39.4495,No,0.0,-0.0063,0.9904,Good,Low,3.9591,10.0,10.0,25.2164,Moderate Risk,75.9573,27.4978,23.3415,Aligned,26.4288,67.1211,Side Impact Potential,Urban,3.8795,False,Mixed,Meets Safe System Standards,0.0057,,False,25.5329,-0.0028,0.0115,Aligned,27,Unnamed Road,3073
4769,Unnamed Road,Urban Road,URB-04769,4769,12.9595,77.4989,12.9593,77.4989,23.9,1907.6,1907.624,10.4201,Aligned,0.9693,0.9934,0.0383,-0.0151,-0.0025,21.8586,24.0666,59.6647,46.2299,35.9248,49.202,87.1677,0.1421,29.1516,35.9492,No,0.0,-0.0076,0.9368,Good,High,2.1083,10.0,10.0,22.1737,Safe,77.1889,24.2193,18.6201,Aligned,24.577,50.6922,Side Impact Potential,Peri-Urban,4.1661,False,Residential,Meets Safe System Standards,0.003,,False,21.9199,0.0045,-0.0222,Aligned,23,Unnamed Road,3074
4770,Unnamed Road,Urban Road,URB-04770,4770,12.9607,77.5012,12.9605,77.5009,44.9,1908.0,1908.045,11.6715,Aligned,0.8534,0.8747,0.1387,0.0075,0.0045,16.8078,17.8599,26.25,0.0,13.9705,50.905,90.7621,0.0,20.0,9.7397,No,0.0,0.0011,-0.0226,Good,Medium,2.1833,10.0,10.0799,21.1321,Safe,69.1844,15.8469,19.2566,Aligned,12.2432,33.7378,Side Impact Potential,Rural,1.7913,False,Residential,Poor Infrastructure,-0.0063,,False,12.052,0.0023,-0.0156,Aligned,15,Unnamed Road,3075
4771,Unnamed Road,Urban Road,URB-04771,4771,12.9621,77.4976,12.9621,77.4971,53.2,1908.4,1908.453,16.625,Aligned,0.7319,0.7262,0.2944,0.0038,0.005,48.6778,50.2046,68.648,31.7962,36.1118,50.6513,90.8916,0.0232,51.2823,31.1438,No,0.0,0.0065,1.0733,Good,High,1.8763,10.0,10.0,25.0744,Safe,74.0455,49.4887,22.4125,Aligned,49.9561,65.6566,Side Impact Potential,Urban,2.05,False,Residential,Poor Infrastructure,-0.0071,,False,46.0385,-0.0017,0.0006,Aligned,48,Unnamed Road,3076
4772,Unnamed Road,Urban Road,URB-04772,4772,12.961,77.5015,12.9613,77.5005,113.2,1908.8,1908.913,22.214,Aligned,0.5986,0.6034,0.4079,0.0187,0.0022,49.0694,49.8485,82.609,21.0765,25.2246,48.9049,82.7792,0.4806,51.9892,11.2609,No,0.0,-0.0095,0.1068,Good,Low,2.1578,10.0,34.4035,29.0981,Moderate Risk,62.755,49.6151,36.1704,Moderate Misalignment,68.2085,65.6864,Side Impact Potential,Urban,5.3194,True,Commercial,Poor Infrastructure,-0.0168,,False,59.7919,0.021,0.0029,Aligned,51,Unnamed Road,3077
4773,Unnamed Road,Urban Road,URB-04773,4773,12.961,77.5015,12.9607,77.5012,43.8,1909.2,1909.244,8.0526,Aligned,0.9863,0.9724,0.0712,0.0265,-0.0108,24.2809,25.9333,29.4088,5.0946,14.6863,51.4866,80.2875,0.0008,39.3339,5.1406,No,0.0,0.002,-0.0491,Poor,Medium,2.3791,10.0,33.7296,22.7192,Safe,67.3785,27.2928,22.9061,Aligned,27.0919,38.7829,Side Impact Potential,Rural,1.8968,False,Residential,Active Congestion | Poor Infrastructure,0.7744,Severe,False,12.2086,0.0107,-0.0083,Aligned,25,Unnamed Road,3078
4774,Unnamed Road,Urban Road,URB-04774,4774,12.959,77.4988,12.9593,77.4989,33.2,1909.6,1909.633,17.9005,Aligned,0.7551,0.7385,0.232,0.0249,0.0068,33.7751,34.1072,49.0711,0.9929,21.6563,48.3245,96.2204,0.0,29.2098,9.3607,No,0.0,0.0113,-0.0258,Poor,High,2.5594,10.0,10.0,25.0434,Moderate Risk,66.0884,31.2571,24.2298,Aligned,35.2478,59.1107,Side Impact Potential,Urban,2.0192,False,Mixed,Poor Infrastructure,-0.0132,,False,26.9507,0.0087,-0.0172,Aligned,34,Unnamed Road,3079
4775,Unnamed Road,Urban Road,URB-04775,4775,12.9232,77.4889,12.9236,77.4893,58.0,1910.0,1910.058,14.7104,Aligned,0.8779,0.8792,0.1151,0.0084,-0.0049,42.7649,43.187,100.0,19.5387,24.5884,80.1983,34.6191,0.2126,58.1232,11.5065,No,0.0,-0.0027,0.012,Poor,High,0.4535,10.0,10.2141,21.3743,Safe,72.0058,43.5399,17.5189,Aligned,45.7486,58.6978,Separated Traffic,Peri-Urban,8.1699,True,Commercial,Active Congestion | Poor Infrastructure,0.6826,Severe,False,15.8344,-0.0055,-0.0002,Aligned,44,Unnamed Road,3080
4776,Unnamed Road,Urban Road,URB-04776,4776,12.8997,77.4827,12.9103,77.4827,1266.0,1910.4,1911.666,10.0578,Aligned,0.9941,1.0082,0.0309,0.0074,-0.004,26.9817,26.0536,27.618,0.0,17.5371,50.1537,89.2533,0.3962,30.8113,0.6392,No,0.0,0.0045,0.0008,Good,Medium,2.6075,10.0,10.0,22.0402,Safe,69.5669,26.3403,18.3689,Aligned,27.4896,61.8026,Side Impact Potential,Peri-Urban,1.0922,False,Residential,Poor Infrastructure,0.0001,,False,22.1719,0.0052,0.0145,Aligned,28,Unnamed Road,3081
4777,Unnamed Road,Urban Road,URB-04777,4777,12.9285,77.5954,12.9269,77.5954,173.5,1910.8,1910.974,11.8416,Aligned,0.8899,0.8503,0.156,0.0303,0.0026,47.5629,44.8942,100.0,38.7838,31.351,80.9292,66.9959,0.502,60.0,24.0584,No,0.0,-0.0014,1.0654,Good,Medium,0.4799,10.0,10.3185,20.8687,Safe,76.8515,46.227,18.3838,Aligned,43.3323,57.0085,Separated Traffic,Urban,5.7252,True,Mixed,Meets Safe System Standards,0.0008,,False,37.814,0.0104,0.0055,Aligned,46,Unnamed Road,3082
4778,Unnamed Road,Urban Road,URB-04778,4778,12.9848,77.6105,12.9859,77.6092,230.9,1911.2,1911.431,14.4678,Aligned,0.9061,0.8677,0.0784,0.0238,0.0003,40.7714,40.9853,73.8685,3.0143,23.969,49.9733,45.8559,0.2167,48.3666,13.1499,No,0.0,0.0049,-0.0167,Good,Low,1.8219,10.0,10.0,25.3564,Moderate Risk,66.4369,41.328,21.3093,Aligned,39.7298,64.2667,Side Impact Potential,Urban,2.9214,False,Commercial,Active Congestion | Poor Infrastructure,0.7079,Severe,False,13.8643,0.0172,-0.0019,Aligned,41,Unnamed Road,3083
4779,Unnamed Road,Urban Road,URB-04779,4779,12.9423,77.5256,12.9411,77.5247,181.3,1911.6,1911.781,11.3494,Aligned,0.953,0.984,0.0637,0.0042,-0.0025,35.2264,35.2719,72.3311,24.1391,24.1849,48.3609,68.2872,0.0,50.3858,15.8195,No,0.0,-0.0088,-0.0561,Good,Medium,1.7992,10.0,10.0,21.0726,Safe,74.7169,35.2116,18.079,Aligned,36.3953,55.2645,Side Impact Potential,Urban,3.1018,False,Commercial,Poor Infrastructure,0.1518,Light,False,30.1952,-0.0066,-0.0013,Aligned,34,Unnamed Road,3084
4780,Unnamed Road,Urban Road,URB-04780,4780,12.9854,77.6069,12.9856,77.6057,139.7,1912.0,1912.14,28.1297,Moderate Misalignment,0.6373,0.3562,0.6482,-0.0161,0.0022,47.7214,45.5561,48.3412,19.9025,25.2773,50.363,58.7995,0.0,40.5715,7.9486,No,0.0,0.0051,0.0384,Good,Low,3.2769,10.0,17.7979,24.7188,Safe,68.3609,48.4638,25.7704,Moderate Misalignment,48.3196,64.6781,Side Impact Potential,Urban,1.9279,False,Mixed,Active Congestion | Poor Infrastructure,0.7625,Severe,False,12.5464,0.0056,-0.0062,Moderate Misalignment,47,Unnamed Road,3085
4781,Unnamed Road,Urban Road,URB-04781,4781,12.9085,77.4775,12.9097,77.4803,348.6,1912.4,1912.749,40.967,Moderate Misalignment,0.9927,0.0508,0.9902,0.01,0.0062,46.0357,46.1993,88.9274,38.6423,39.9636,49.1974,99.8479,0.0,38.4246,42.7122,No,0.0,0.0011,1.0465,Good,High,1.745,10.0,16.1445,27.5947,Moderate Risk,70.5423,46.1047,29.23,Moderate Misalignment,45.7876,59.4325,Side Impact Potential,Urban,5.9184,True,Industrial,Meets Safe System Standards,-0.0027,,False,41.2704,0.0075,-0.0118,Moderate Misalignment,47,Unnamed Road,3086
4782,Unnamed Road,Urban Road,URB-04782,4782,13.071,77.6188,13.0791,77.6097,1345.5,1912.8,1914.146,15.4931,Aligned,0.7855,0.8116,0.1507,0.0222,-0.003,54.9565,55.4284,100.0,27.3444,35.42,79.2218,50.7036,0.1373,60.0,30.9294,No,0.0,-0.0069,0.9617,Good,High,0.4542,10.0,10.0,25.3274,Safe,72.268,53.5232,21.5221,Aligned,53.1761,67.0738,Separated Traffic,Urban,3.8747,True,Residential,Poor Infrastructure,0.0226,,False,45.6577,0.0005,-0.0117,Aligned,55,Unnamed Road,3087
4783,Unnamed Road,Urban Road,URB-04783,4783,12.9932,77.5106,12.9921,77.5055,565.6,1913.2,1913.766,34.8678,Moderate Misalignment,0.7911,0.1474,0.7934,0.009,0.007,48.5774,49.6434,86.4167,0.0,27.954,50.5387,94.332,0.0,50.5988,14.3426,No,0.0,-0.0011,-0.0099,Good,High,1.8048,10.0,22.064,31.2391,Moderate Risk,60.2788,50.3375,34.7247,Moderate Misalignment,61.5208,69.1669,Side Impact Potential,Urban,4.9113,True,Commercial,Poor Infrastructure,-0.0382,,False,56.1156,0.0083,0.0059,Moderate Misalignment,51,Unnamed Road,3088
4784,Unnamed Road,Urban Road,URB-04784,4784,13.0291,77.6313,13.0303,77.6272,526.3,1913.6,1914.126,20.6469,Aligned,0.714,0.7985,0.2091,0.0753,-0.013,79.7218,79.4265,98.6132,10.4317,16.7501,80.9803,86.5319,0.1149,59.5638,13.0116,No,0.0,0.0039,0.0051,Poor,Low,0.3577,10.0,10.0,27.428,Moderate Risk,60.7403,80.1911,32.068,Moderate Misalignment,94.2748,35.1932,Separated Traffic,Rural,5.2311,True,Residential,Poor Infrastructure | Above Human Tolerance Limit,-0.0143,,False,78.4818,-0.0156,-0.0233,Aligned,83,Unnamed Road,3089
4785,Unnamed Road,Urban Road,URB-04785,4785,12.9987,77.5842,12.9996,77.5839,113.6,1914.0,1914.114,12.2196,Aligned,0.9434,0.9429,0.012,0.0054,0.0003,62.3984,63.2299,98.7997,0.4321,11.309,78.6233,76.4224,0.0,59.9699,1.2803,No,0.0,-0.0076,-0.0403,Poor,High,0.142,10.0,10.3502,18.5197,Safe,70.2994,61.2069,18.8257,Aligned,59.9242,35.869,Separated Traffic,Rural,8.0294,True,Commercial,Poor Infrastructure,-0.0063,,False,52.1443,-0.0116,-0.0074,Aligned,63,Unnamed Road,3090
4786,Unnamed Road,Urban Road,URB-04786,4786,12.9996,77.5839,13.0004,77.5841,88.6,1914.4,1914.489,12.2209,Aligned,0.8888,0.9388,0.0975,0.0032,0.0029,28.7564,28.3578,50.5303,7.6881,22.7894,50.3895,89.9256,0.0858,31.1548,12.619,No,0.0,0.0014,0.0246,Poor,Low,2.18,10.0,10.5226,22.8079,Safe,69.4513,29.1661,18.7712,Aligned,26.3532,59.1975,Side Impact Potential,Peri-Urban,2.8946,False,Commercial,Poor Infrastructure,-0.0107,,False,21.4269,-0.001,0.0003,Aligned,28,Unnamed Road,3091
4787,Unnamed Road,Urban Road,URB-04787,4787,12.9994,77.5834,12.9996,77.5839,66.1,1914.8,1914.866,11.9701,Aligned,0.8872,0.8481,0.0721,0.0119,-0.0001,45.552,44.0766,99.2403,41.9632,31.1221,79.0379,68.9116,0.0,59.2735,22.7067,No,0.0,0.0119,1.0585,Good,Medium,0.5755,10.0,10.1804,20.2937,Safe,76.6437,46.8139,17.3175,Aligned,43.5133,57.1546,Separated Traffic,Urban,6.1235,True,Mixed,Meets Safe System Standards,-0.0139,,False,40.2214,0.0162,0.0089,Aligned,46,Unnamed Road,3092
4788,Unnamed Road,Urban Road,URB-04788,4788,13.0057,77.6272,13.0057,77.6301,386.2,1915.2,1915.586,38.0476,Moderate Misalignment,0.9583,0.0121,0.9295,0.0236,-0.0012,48.1501,49.3163,87.4739,36.0682,39.5632,51.0227,91.4289,0.0,40.7476,36.4647,No,0.0,0.0116,0.9866,Good,Low,2.4319,10.0,20.0361,28.1253,Moderate Risk,68.951,47.9521,30.9145,Moderate Misalignment,48.6145,68.1518,Side Impact Potential,Urban,5.947,True,Commercial,Meets Safe System Standards,0.2269,Light,False,34.8742,0.0049,0.0111,Moderate Misalignment,49,Unnamed Road,3093
4789,Unnamed Road,Urban Road,URB-04789,4789,12.9665,77.5446,12.9668,77.5468,265.6,1915.6,1915.866,18.9521,Aligned,0.7101,0.7403,0.2453,0.009,0.0036,80.6643,79.1454,98.3729,0.0,18.7377,82.479,76.3193,0.2497,60.0,8.2411,No,0.0,0.0074,0.0389,Poor,High,0.2923,10.0,10.0322,24.4303,Safe,64.4889,79.674,27.2492,Moderate Misalignment,87.0488,41.5122,Separated Traffic,Rural,7.1118,True,Residential,Poor Infrastructure,0.1403,Light,False,65.2218,-0.0149,0.0094,Aligned,79,Unnamed Road,3094