segment_id,road_name,road_type,human_segment_id,internal_id,start_lat,start_lon,end_lat,end_lon,length_m,start_km,end_km,road_risk_score,ai_risk_label,ai_risk_probability,prob_low_risk,prob_medium_risk,prob_high_risk,prob_critical_risk,ai_recommended_speed,recommended_safe_speed,road_function_score,infrastructure_score,exposure_score,human_tolerance_limit,operating_speed_score,crash_risk_score,posted_speed_limit,pedestrian_exposure_score,blackspot_flag,crash_count,fatal_crashes,schools_count,lighting_quality,roadside_hazards,intersection_density,speed_compliance_rate,speed_violation_score,hotspot_score,hotspot_category,speed_safety_score,original_safe_speed,misalignment_score,misalignment_category,speed_p85,ptw_share_pct,exposure_tier,urban_rural_flag,lane_count,median_presence,land_use_type,top_ai_factors,congestion_index,congestion_category,congestion_smoothed,operating_speed_mean,minor_crashes,major_crashes,risk_category,final_safe_speed,corridor_base,corridor_seq
4790,Unnamed Road,Urban Road,URB-04790,4790,13.0223,77.5512,13.0215,77.5508,100.2,1916.0,1916.1,36.7746,Moderate Misalignment,0.5659,0.3501,0.5947,0.1274,0.007,58.2034,59.861,99.7147,1.6638,16.361,78.9279,87.6944,0.0,60.0,10.4072,No,0.0,-0.0059,-0.0529,Poor,Low,0.0951,10.0,10.1302,21.3616,Safe,68.5998,55.9351,19.7492,Aligned,58.0908,39.4647,Separated Traffic,Rural,4.5237,True,Residential,Poor Infrastructure,-0.0066,,False,50.3847,0.0031,-0.0061,Moderate Misalignment,58,Unnamed Road,3095
4791,Unnamed Road,Urban Road,URB-04791,4791,12.9901,77.5508,12.9901,77.5505,26.8,1916.4,1916.427,10.6197,Aligned,0.994,0.9351,0.0212,-0.0116,-0.0051,32.1608,30.2414,27.4562,7.6083,17.627,51.8297,91.3238,0.3052,29.7695,10.6042,No,0.0,0.0003,0.0457,Poor,Low,0.8055,10.0,10.0,20.635,Safe,71.288,29.7143,19.0449,Aligned,30.4146,40.9954,Side Impact Potential,Rural,0.8958,False,Mixed,Poor Infrastructure,0.0122,,False,22.601,0.0033,-0.0031,Aligned,30,Unnamed Road,3096
4792,Unnamed Road,Urban Road,URB-04792,4792,12.8709,77.5766,12.8708,77.576,56.8,1916.8,1916.857,11.5993,Aligned,0.9508,0.9619,0.063,-0.0023,-0.0006,38.6818,40.0021,76.3461,24.5752,31.944,48.9979,67.0166,0.0388,50.0272,20.5366,No,0.0,-0.0041,-0.0244,Good,Low,2.0524,10.0,10.4728,24.2326,Safe,73.0308,38.6788,19.2018,Aligned,41.8273,66.0969,Side Impact Potential,Urban,6.101,False,Residential,Poor Infrastructure,0.2199,Light,False,28.4067,0.0084,-0.0168,Aligned,41,Unnamed Road,3097
4793,Unnamed Road,Urban Road,URB-04793,4793,12.9528,77.5767,12.9532,77.5737,337.4,1917.2,1917.537,13.6491,Aligned,0.921,0.9155,0.0546,0.0343,0.0007,77.9152,77.607,100.0,0.0,14.6344,79.0089,22.2101,0.0107,60.0,1.7142,No,0.0,-0.0039,0.0323,Poor,Medium,0.2237,10.0,10.0,20.4231,Safe,69.4213,76.0166,16.9369,Aligned,79.968,46.853,Separated Traffic,Rural,4.8982,True,Residential,Active Congestion | Poor Infrastructure,0.6485,Severe,False,29.4055,-0.0041,-0.0003,Aligned,79,Unnamed Road,3098
4794,Unnamed Road,Urban Road,URB-04794,4794,13.0471,77.571,13.0467,77.5719,134.8,1917.6,1917.735,13.1101,Aligned,0.8713,0.8885,0.1315,0.0141,-0.005,35.3232,36.1332,85.8682,14.568,29.6081,70.5154,87.8648,0.575,58.9398,18.5351,No,0.0,0.0113,-0.0486,Poor,Low,1.4227,10.0,10.0,23.7025,Safe,71.433,36.5027,20.3708,Aligned,33.4169,66.2751,Separated Traffic,Urban,4.918,True,Industrial,Poor Infrastructure,0.0022,,False,31.7744,0.0128,-0.0058,Aligned,35,Unnamed Road,3099
4795,Unnamed Road,Urban Road,URB-04795,4795,13.1004,77.5469,13.1,77.5483,166.0,1918.0,1918.166,38.5315,Moderate Misalignment,0.9545,0.0458,0.9635,-0.0024,0.0121,48.681,51.2997,80.2417,16.4543,29.1696,52.5218,98.9611,0.1445,40.3221,22.0364,No,0.0,-0.0097,-0.0347,Poor,Low,1.4511,10.0,27.1785,28.6008,Moderate Risk,62.8995,49.3233,32.0912,Moderate Misalignment,50.9953,55.8177,Side Impact Potential,Peri-Urban,6.0837,False,Commercial,Approach to Congestion (Tapered) | Poor Infrastructure,0.1355,Light,True,38.7076,-0.0065,-0.0098,Moderate Misalignment,50,Unnamed Road,3100
4796,Unnamed Road,Urban Road,URB-04796,4796,13.0105,77.6625,13.0037,77.6634,770.5,1918.4,1919.171,10.9447,Aligned,0.9594,0.9851,0.0609,-0.025,-0.0005,35.2074,36.5146,78.1156,13.3219,41.2502,51.9797,83.2246,0.0,37.4515,39.2676,No,0.0,0.004,1.0232,Good,Low,1.8184,10.0,10.3516,28.783,Moderate Risk,66.5981,36.1882,24.0954,Moderate Misalignment,36.3212,68.4916,Side Impact Potential,Urban,6.1403,False,Commercial,Poor Infrastructure,0.16,Light,False,29.1315,-0.0015,0.0019,Aligned,34,Unnamed Road,3101
4797,Unnamed Road,Urban Road,URB-04797,4797,13.0019,77.6635,13.0028,77.6635,108.7,1918.8,1918.909,18.8461,Aligned,0.7333,0.7379,0.2229,0.0083,-0.014,49.1534,52.1711,56.023,13.9247,28.3778,51.1811,89.8727,0.9615,40.0637,20.0564,No,0.0,0.0049,-0.0132,Good,Medium,1.7612,10.0,31.1809,28.6482,Moderate Risk,64.2019,50.9414,33.2878,Moderate Misalignment,53.3928,56.8022,Side Impact Potential,Peri-Urban,3.1509,False,Residential,Poor Infrastructure,0.0037,,False,47.6614,-0.0003,0.0054,Aligned,49,Unnamed Road,3102
4798,Unnamed Road,Urban Road,URB-04798,4798,13.0037,77.6634,13.0028,77.6635,98.0,1919.2,1919.298,8.6598,Aligned,0.9903,0.9811,0.0243,0.0151,0.01,39.8897,40.2944,31.1751,12.8206,18.7507,50.3969,95.7673,0.0,39.1027,4.6586,No,0.0,-0.0077,-0.1008,Poor,High,2.682,10.0,33.7304,25.4062,Moderate Risk,65.2794,38.8812,27.6845,Moderate Misalignment,37.3108,54.3324,Side Impact Potential,Peri-Urban,1.8291,False,Mixed,Poor Infrastructure,-0.0025,,False,35.1664,-0.0139,-0.0157,Aligned,40,Unnamed Road,3103
4799,Unnamed Road,Urban Road,URB-04799,4799,13.0037,77.6634,13.0034,77.6635,31.1,1919.6,1919.631,12.4384,Aligned,0.9205,0.8809,0.0706,0.0151,0.0103,61.6305,60.6589,99.026,2.1765,11.6546,79.4678,65.9938,0.4084,59.881,0.6788,No,0.0,-0.0032,-0.0123,Poor,Medium,0.2034,10.0,10.7059,20.2274,Safe,69.2889,59.5396,18.4365,Aligned,63.4766,41.1078,Separated Traffic,Rural,8.0032,True,Residential,Poor Infrastructure,0.1716,Light,False,49.9831,0.0089,0.0198,Aligned,64,Unnamed Road,3104
4800,Unnamed Road,Urban Road,URB-04800,4800,13.0034,77.6635,13.0028,77.6635,70.8,1920.0,1920.071,17.6876,Aligned,0.7264,0.711,0.2578,-0.0015,0.0065,46.8121,49.0807,71.2352,30.8366,37.3908,49.6587,90.6804,0.0,49.7657,33.0121,No,0.0,-0.0032,1.0047,Good,High,1.9066,10.0,10.0,24.7158,Safe,74.0786,49.3649,22.4891,Aligned,46.5483,65.2096,Side Impact Potential,Urban,2.1665,False,Residential,Poor Infrastructure,0.0109,,False,45.8319,-0.0102,-0.0147,Aligned,48,Unnamed Road,3105
4801,Unnamed Road,Urban Road,URB-04801,4801,12.9708,77.525,12.9727,77.5253,213.8,1920.4,1920.614,11.2927,Aligned,0.9724,0.9526,0.0126,0.0102,-0.0032,37.5972,38.4178,75.8882,40.7441,45.2428,48.8428,71.396,0.6689,49.0105,47.3156,No,0.0,-0.0045,0.9914,Good,High,1.774,10.0,10.0,27.2334,Moderate Risk,72.9594,39.0797,21.3801,Aligned,35.9365,65.9154,Side Impact Potential,Urban,4.8847,False,Residential,Meets Safe System Standards,0.0069,,False,29.3121,0.0054,0.0117,Aligned,38,Unnamed Road,3106
4802,Unnamed Road,Urban Road,URB-04802,4802,13.0588,77.5112,13.0594,77.508,354.1,1920.8,1921.154,22.5845,Aligned,0.5953,0.5974,0.4098,0.0031,0.0106,79.5052,80.3925,100.0,0.0,15.4634,80.0978,76.8149,0.0,59.3468,7.8238,No,0.0,0.0043,-0.0195,Poor,Low,0.3726,10.0,10.0,26.489,Moderate Risk,61.4409,81.1786,31.5642,Moderate Misalignment,82.4576,36.6618,Separated Traffic,Rural,7.886,True,Mixed,Poor Infrastructure | Above Human Tolerance Limit,0.0138,,False,76.0428,0.0177,-0.0027,Aligned,79,Unnamed Road,3107
4803,Unnamed Road,Urban Road,URB-04803,4803,12.9544,77.5946,12.9538,77.5942,75.2,1921.2,1921.275,13.008,Aligned,0.9544,0.9283,0.1054,0.0053,-0.0063,19.9427,19.7765,28.5052,24.8414,24.3779,53.1469,95.3623,0.0,20.0,14.7035,No,0.0,0.0018,-0.0532,Poor,Medium,2.2127,10.0,10.0,21.2544,Safe,73.4776,20.178,19.5907,Aligned,21.8985,57.2867,Side Impact Potential,Peri-Urban,1.0378,False,Residential,Poor Infrastructure,0.1391,Light,False,16.6527,0.0337,-0.0019,Aligned,21,Unnamed Road,3108
4804,Unnamed Road,Urban Road,URB-04804,4804,13.0001,77.532,12.9996,77.5326,92.3,1921.6,1921.692,87.6416,High Misalignment,0.5184,0.0275,0.0127,0.5214,0.4976,31.1889,28.4115,99.8085,87.5251,55.1734,30.1969,98.1984,0.0,58.9211,66.1423,No,0.0,0.0064,1.9514,Good,Low,0.4241,10.0,28.31,45.8933,Moderate Risk,50.8131,29.5721,76.6633,Critical Misalignment,73.9127,64.9091,Significant Pedestrian Interaction,Urban,4.1295,True,Commercial,Speed Limit Misaligned | High Pedestrian Interaction | Above Human Tolerance Limit,0.1417,Light,False,57.6337,-0.0091,-0.0156,High Misalignment,29,Unnamed Road,3109
4805,Unnamed Road,Urban Road,URB-04805,4805,12.87,77.6535,12.8702,77.6533,36.0,1922.0,1922.036,12.6926,Aligned,0.896,0.8956,0.1087,0.0039,-0.0004,25.6195,26.9846,52.606,0.0,13.8086,50.6644,65.6643,0.0369,29.6158,5.3733,No,0.0,0.0043,0.0587,Poor,Low,1.0713,10.0,10.0,20.641,Safe,69.8488,26.2444,17.8145,Aligned,24.7875,38.9211,Side Impact Potential,Rural,3.1802,False,Residential,Active Congestion | Poor Infrastructure,0.7359,Severe,False,10.0,-0.0115,0.0004,Aligned,27,Unnamed Road,3110
4806,Unnamed Road,Urban Road,URB-04806,4806,12.87,77.6535,12.8705,77.6543,113.2,1922.4,1922.513,32.9712,Moderate Misalignment,0.7755,0.2032,0.8014,0.0061,0.0062,50.5684,50.1341,48.6588,33.8876,44.0199,49.2339,96.1703,0.0644,41.1244,49.6414,No,0.0,0.0088,0.9743,Good,Medium,1.9854,10.0,29.7115,32.8689,Moderate Risk,64.511,48.4472,36.7269,Moderate Misalignment,52.2512,61.6367,Side Impact Potential,Peri-Urban,1.9187,False,Residential,Poor Infrastructure,0.0138,,False,46.542,-0.0002,0.0147,Moderate Misalignment,51,Unnamed Road,3111
4807,Unnamed Road,Urban Road,URB-04807,4807,12.8706,77.6573,12.8706,77.6577,42.8,1922.8,1922.843,70.2301,High Misalignment,0.847,0.0228,0.1356,0.8788,0.0002,49.9524,49.3573,99.967,1.0634,13.0141,48.4924,97.2059,0.0,58.864,3.7516,No,0.0,0.0032,0.0378,Poor,Medium,0.1916,10.0,34.9291,40.4736,Moderate Risk,38.6216,50.4291,68.0887,High Misalignment,95.5827,32.2066,Side Impact Potential,Rural,5.2278,False,Residential,Speed Limit Misaligned | Poor Infrastructure | Above Human Tolerance Limit,0.2135,Light,False,69.4536,0.0215,-0.0136,High Misalignment,50,Unnamed Road,3112
4808,Unnamed Road,Urban Road,URB-04808,4808,12.8706,77.6573,12.8706,77.657,30.7,1923.2,1923.231,26.496,Aligned,0.6466,0.6454,0.1761,0.139,0.0068,80.5932,81.2433,96.1403,24.6704,29.6139,78.8427,83.4073,0.9222,60.0,22.8878,No,0.0,-0.0074,0.9797,Good,High,0.5549,10.0,11.0072,26.6926,Moderate Risk,67.1914,80.374,27.881,Moderate Misalignment,87.7042,56.6727,Separated Traffic,Urban,4.0055,True,Residential,Poor Infrastructure,0.1711,Light,False,68.9419,-0.0051,0.0073,Aligned,81,Unnamed Road,3113
4809,Unnamed Road,Urban Road,URB-04809,4809,12.8706,77.657,12.8707,77.6567,32.7,1923.6,1923.633,41.3515,Moderate Misalignment,0.7859,0.0798,0.8101,0.096,0.0043,80.6791,79.4007,97.6373,0.0,14.7742,83.3973,91.0228,0.2259,59.1987,9.0197,No,0.0,-0.0027,0.0156,Poor,Medium,0.2528,10.0,30.1624,31.0688,Moderate Risk,54.9341,79.5525,39.7717,Moderate Misalignment,91.6947,34.1254,Separated Traffic,Rural,4.1223,True,Residential,Poor Infrastructure,-0.0037,,False,76.2616,0.0144,0.0026,Moderate Misalignment,81,Unnamed Road,3114
4810,Unnamed Road,Urban Road,URB-04810,4810,12.8707,77.6565,12.8707,77.6567,28.7,1924.0,1924.029,40.6827,Moderate Misalignment,0.8672,0.0584,0.8552,0.0543,0.0001,48.1524,49.1149,97.9352,2.0976,12.957,50.7802,84.9971,0.0888,60.0,4.396,No,0.0,-0.0038,0.0177,Poor,Low,0.3507,10.0,10.2912,31.8112,Moderate Risk,51.9735,48.8441,47.9924,Moderate Misalignment,73.4665,34.432,Side Impact Potential,Rural,7.1295,False,Residential,Poor Infrastructure | Above Human Tolerance Limit,-0.0002,,False,59.867,0.0065,0.0041,Moderate Misalignment,47,Unnamed Road,3115
4811,Unnamed Road,Urban Road,URB-04811,4811,12.8709,77.655,12.8709,77.6553,30.8,1924.4,1924.431,33.468,Moderate Misalignment,0.7813,0.224,0.8148,0.0172,-0.0008,50.0695,49.9288,73.5582,40.7371,28.2756,48.6426,97.1482,0.0035,58.1123,20.9296,No,0.0,-0.0044,-0.0648,Good,High,1.9872,10.0,19.076,29.8182,Moderate Risk,62.397,50.9206,41.5838,Moderate Misalignment,72.3994,55.5516,Side Impact Potential,Urban,2.9881,False,Mixed,Above Human Tolerance Limit,0.0123,,False,62.3806,-0.001,0.0016,Moderate Misalignment,49,Unnamed Road,3116
4812,Unnamed Road,Urban Road,URB-04812,4812,12.8709,77.6547,12.8709,77.655,35.6,1924.8,1924.836,12.8545,Aligned,0.9498,0.9529,0.0019,0.0044,0.0051,19.1966,22.2244,52.6922,21.0324,22.0535,51.0803,77.4869,0.0,39.4432,20.9052,No,0.0,-0.0046,0.034,Good,Low,0.6467,10.0,10.0048,20.1603,Safe,72.9058,21.4932,17.1414,Aligned,19.2877,38.4454,Side Impact Potential,Rural,3.0321,False,Industrial,Poor Infrastructure,0.2049,Light,False,18.3152,-0.005,-0.0015,Aligned,21,Unnamed Road,3117
4813,Unnamed Road,Urban Road,URB-04813,4813,12.8709,77.6553,12.8708,77.6556,33.5,1925.2,1925.234,11.1666,Aligned,0.9401,0.974,0.1121,0.0117,0.0063,66.2995,65.9725,98.133,0.3802,12.6911,78.7112,70.7769,0.8945,59.5628,2.6787,No,0.0,-0.0056,-0.0317,Good,Medium,0.414,10.0,10.0561,21.1851,Safe,69.3735,65.5069,17.5198,Aligned,65.34,35.9655,Separated Traffic,Rural,5.6155,True,Residential,Poor Infrastructure,0.1734,Light,False,49.4448,0.0018,-0.0107,Aligned,67,Unnamed Road,3118
4814,Unnamed Road,Urban Road,URB-04814,4814,12.8708,77.6556,12.8708,77.6559,32.4,1925.6,1925.632,6.9228,Aligned,0.9808,0.993,0.0263,0.0109,-0.0049,21.1959,21.589,55.5068,23.7866,23.5581,50.0675,80.838,0.0724,30.6808,15.3987,No,0.0,0.0012,-0.0391,Good,Low,2.2358,10.0,10.0,19.8363,Safe,74.8371,21.4464,18.2371,Aligned,19.3536,53.101,Side Impact Potential,Peri-Urban,3.7439,False,Industrial,Poor Infrastructure,-0.0377,,False,19.5953,-0.0045,0.0036,Aligned,21,Unnamed Road,3119
4815,Unnamed Road,Urban Road,URB-04815,4815,12.8708,77.6559,12.8707,77.6562,32.7,1926.0,1926.033,20.0638,Aligned,0.7174,0.7437,0.2682,0.0286,0.0021,69.6791,66.6388,100.0,5.3049,17.5796,79.7138,78.7555,0.0303,60.0,9.9834,No,0.0,0.0087,-0.0254,Poor,Low,0.1247,10.0,10.0,20.9714,Safe,68.922,68.9525,18.2923,Aligned,70.3399,37.8032,Separated Traffic,Rural,4.9707,True,Industrial,Poor Infrastructure,0.013,,False,54.6132,0.0162,-0.0008,Aligned,69,Unnamed Road,3120
4816,Unnamed Road,Urban Road,URB-04816,4816,12.8707,77.6562,12.8707,77.6565,32.4,1926.4,1926.432,28.0949,Moderate Misalignment,0.5884,0.4239,0.596,0.0505,-0.0036,63.1058,63.2416,99.1442,32.3539,29.3765,79.4612,39.21,0.0,60.0,21.3645,No,0.0,-0.0038,0.0366,Poor,High,0.579,10.0,10.405,26.1257,Moderate Risk,69.2132,66.3026,32.9537,Moderate Misalignment,65.2214,58.0786,Separated Traffic,Urban,7.2426,True,Residential,Poor Infrastructure | Above Human Tolerance Limit,0.1443,Light,False,49.1969,-0.0003,-0.005,Moderate Misalignment,64,Unnamed Road,3121
4817,Unnamed Road,Urban Road,URB-04817,4817,12.8704,77.6565,12.8704,77.6562,35.1,1926.8,1926.835,15.0665,Aligned,0.883,0.9335,0.1124,-0.0376,-0.0058,36.3691,37.7429,58.0925,20.7052,38.3608,49.0237,90.7603,0.148,41.7866,33.7803,No,0.0,-0.0058,0.982,Good,Medium,2.6151,10.0,10.3459,27.3902,Moderate Risk,69.4118,36.4626,21.7407,Aligned,41.2995,69.8521,Side Impact Potential,Urban,1.7785,True,Mixed,Poor Infrastructure,-0.0059,,False,32.4048,-0.0008,-0.0091,Aligned,38,Unnamed Road,3122
4818,Unnamed Road,Urban Road,URB-04818,4818,12.8704,77.6565,12.8704,77.6567,25.1,1927.2,1927.225,11.8419,Aligned,0.971,0.9637,0.0364,-0.0053,0.0003,25.2366,27.5556,33.0652,19.6596,24.3821,50.41,92.0378,0.0,20.0,17.1426,No,0.0,0.0042,-0.0086,Good,Low,3.6072,10.0,34.2159,24.2071,Safe,69.3597,28.1879,27.2318,Moderate Misalignment,29.8983,52.0812,Side Impact Potential,Peri-Urban,2.1367,False,Commercial,Poor Infrastructure,-0.0056,,False,25.2078,0.0031,-0.0056,Aligned,26,Unnamed Road,3123
4819,Unnamed Road,Urban Road,URB-04819,4819,12.8704,77.6562,12.8705,77.6558,39.2,1927.6,1927.639,98.3973,Critical Misalignment,1.0086,-0.0161,-0.0029,0.0021,1.0096,53.3671,48.591,98.2407,0.0,17.2308,48.9411,88.4286,0.3414,59.6886,10.062,No,0.0,-0.0009,-0.0244,Good,High,0.2567,10.0,23.2546,46.0764,Moderate Risk,34.0841,51.0591,77.0132,Critical Misalignment,101.4582,39.1828,Side Impact Potential,Rural,7.1289,False,Industrial,Speed Limit Misaligned | Poor Infrastructure | Above Human Tolerance Limit,0.0081,,False,88.5145,0.0089,0.0097,Critical Misalignment,52,Unnamed Road,3124
4820,Unnamed Road,Urban Road,URB-04820,4820,12.8704,77.657,12.8704,77.6567,30.1,1928.0,1928.03,13.4492,Aligned,0.8898,0.9099,0.1356,0.0032,-0.001,26.525,27.0398,50.8983,0.4088,12.8957,49.101,65.065,0.1548,29.2459,2.1014,No,0.0,0.0007,0.0074,Poor,Low,1.0192,10.0,10.3814,21.0833,Safe,69.7275,26.3255,17.9553,Aligned,23.6801,40.3716,Side Impact Potential,Rural,3.0745,False,Residential,Active Congestion | Poor Infrastructure,0.7302,Severe,False,10.0,-0.0298,0.0083,Aligned,26,Unnamed Road,3125
4821,Unnamed Road,Urban Road,URB-04821,4821,12.8703,77.6578,12.8704,77.657,85.2,1928.4,1928.485,41.9916,Moderate Misalignment,0.9102,0.0062,0.909,0.0713,-0.0109,42.7765,42.319,100.0,0.3622,13.9932,49.3388,29.5915,0.2387,60.0,2.4194,No,0.0,0.0073,-0.037,Poor,Medium,0.2625,10.0,10.0,25.3097,Moderate Risk,61.4197,42.5386,29.8894,Moderate Misalignment,43.8064,38.7642,Side Impact Potential,Rural,5.1814,False,Residential,Active Congestion | Poor Infrastructure | Above Human Tolerance Limit,0.7152,Severe,False,12.2392,0.0137,-0.0031,Moderate Misalignment,43,Unnamed Road,3126
4822,Unnamed Road,Urban Road,URB-04822,4822,12.8703,77.6578,12.8704,77.6585,81.4,1928.8,1928.881,17.6912,Aligned,0.6843,0.6971,0.2796,-0.0133,0.0011,37.1803,36.6151,48.604,10.8328,22.7747,49.0809,94.2184,0.3373,27.684,11.9491,No,0.0,0.004,0.0037,Good,High,2.524,10.0,29.1683,26.2123,Moderate Risk,65.6499,40.3439,28.7349,Moderate Misalignment,39.9321,54.1205,Side Impact Potential,Peri-Urban,2.9576,False,Mixed,Poor Infrastructure,0.0096,,False,35.1781,0.0027,-0.0155,Aligned,39,Unnamed Road,3127
4823,Unnamed Road,Urban Road,URB-04823,4823,12.8704,77.6585,12.8706,77.6577,98.5,1929.2,1929.299,43.1126,Moderate Misalignment,0.8695,0.0659,0.8252,0.0745,-0.0078,44.323,44.3806,100.0,7.5858,17.117,51.6891,66.8054,0.0,60.0,8.3201,No,0.0,0.0073,-0.0062,Poor,Low,0.3272,10.0,10.0,25.558,Moderate Risk,63.0254,42.2214,29.7674,Moderate Misalignment,42.0182,49.438,Side Impact Potential,Peri-Urban,6.8416,False,Industrial,Poor Infrastructure | Above Human Tolerance Limit,0.0269,,False,36.2088,0.0034,0.0098,Moderate Misalignment,45,Unnamed Road,3128
4824,Unnamed Road,Urban Road,URB-04824,4824,12.8705,77.6558,12.8705,77.6555,37.5,1929.6,1929.638,68.6935,High Misalignment,0.7907,0.0518,0.1603,0.7883,0.0097,32.618,31.1852,78.3982,51.4754,50.5643,29.6534,69.7204,0.058,60.0,59.4969,No,0.0,0.0044,0.9531,Good,Medium,1.8416,10.0,10.0,42.4094,Moderate Risk,53.437,30.6144,63.7865,High Misalignment,47.6918,59.8377,Significant Pedestrian Interaction,Urban,2.045,True,Mixed,Speed Limit Misaligned | High Pedestrian Interaction | Above Human Tolerance Limit,-0.0177,,False,39.0798,0.0271,-0.0028,High Misalignment,31,Unnamed Road,3129
4825,Unnamed Road,Urban Road,URB-04825,4825,12.8696,77.6558,12.8705,77.6558,107.6,1930.0,1930.108,40.688,Moderate Misalignment,0.8673,0.0608,0.8707,0.0895,0.0039,79.2008,79.5383,99.4643,35.2993,22.4661,79.0857,95.8916,0.112,60.0,15.1193,No,0.0,0.0005,0.0011,Poor,Medium,0.3504,10.0,24.9548,26.3111,Moderate Risk,64.8048,80.0325,36.626,Moderate Misalignment,100.3075,51.8395,Separated Traffic,Peri-Urban,4.276,True,Industrial,Meets Safe System Standards,-0.0014,,False,83.9367,0.0028,0.0142,Moderate Misalignment,79,Unnamed Road,3130
4826,Unnamed Road,Urban Road,URB-04826,4826,12.8709,77.6547,12.8708,77.6542,53.6,1930.4,1930.454,14.3538,Aligned,0.848,0.9134,0.1445,0.0038,-0.0119,35.9477,37.7056,78.7059,26.955,26.5196,49.9704,90.1046,0.0,39.9927,19.378,No,0.0,-0.0074,-0.023,Good,Low,1.8816,10.0,10.0155,20.7266,Safe,74.9408,36.5259,18.6795,Aligned,31.3174,57.9933,Side Impact Potential,Urban,5.8845,False,Industrial,Poor Infrastructure,0.0328,,False,34.1271,0.0085,0.0067,Aligned,37,Unnamed Road,3131
4827,Unnamed Road,Urban Road,URB-04827,4827,12.8705,77.6555,12.8705,77.6553,28.9,1930.8,1930.829,33.5818,Moderate Misalignment,0.8298,0.1845,0.8327,0.01,0.0067,77.2908,81.2604,100.0,15.294,12.3149,81.4678,87.7534,0.0,60.0,3.4843,No,0.0,0.0006,-0.0102,Poor,Low,0.1587,10.0,34.295,26.6703,Moderate Risk,60.436,79.6174,37.6219,Moderate Misalignment,79.7434,34.7226,Separated Traffic,Rural,7.9668,True,Industrial,Poor Infrastructure,-0.003,,False,67.8918,0.0003,0.0131,Moderate Misalignment,79,Unnamed Road,3132
4828,Unnamed Road,Urban Road,URB-04828,4828,12.8705,77.6553,12.8706,77.655,33.8,1931.2,1931.234,69.3786,High Misalignment,0.809,-0.0182,0.2118,0.7964,0.0084,51.296,48.8147,98.2299,0.0,15.4968,51.8612,83.6847,0.0407,60.0,3.5771,No,0.0,-0.0064,-0.0152,Poor,Low,0.1105,10.0,30.9574,47.4892,Moderate Risk,29.1054,49.9453,83.3464,Critical Misalignment,104.0613,44.7211,Side Impact Potential,Rural,6.0286,False,Mixed,Speed Limit Misaligned | Poor Infrastructure | Above Human Tolerance Limit,0.0027,,False,88.84,-0.0137,0.0149,High Misalignment,52,Unnamed Road,3133
4829,Unnamed Road,Urban Road,URB-04829,4829,12.8706,77.655,12.8706,77.6547,32.8,1931.6,1931.633,38.0659,Moderate Misalignment,0.9611,-0.0006,0.9355,0.0083,0.0061,47.8615,51.3379,54.565,37.3642,45.2423,50.4798,99.5642,0.0,39.0331,49.7644,No,0.0,0.0035,0.9889,Good,Medium,2.319,10.0,34.7294,32.7942,Moderate Risk,64.7962,52.0749,37.5018,Moderate Misalignment,53.9988,65.9112,Side Impact Potential,Urban,3.9017,False,Commercial,Meets Safe System Standards,0.212,Light,False,41.3031,-0.0004,0.0079,Moderate Misalignment,49,Unnamed Road,3134
4830,Unnamed Road,Urban Road,URB-04830,4830,12.8706,77.6547,12.8705,77.6543,43.2,1932.0,1932.043,14.0285,Aligned,0.855,0.8442,0.1643,-0.0039,-0.0039,79.8817,78.4257,100.0,11.5524,16.8187,78.6099,73.6929,0.0,60.0,4.2021,No,0.0,0.0017,-0.0404,Poor,Low,0.2663,10.0,10.0,20.5173,Safe,70.5142,80.167,20.8454,Aligned,83.0449,50.9178,Separated Traffic,Peri-Urban,8.038,True,Commercial,Poor Infrastructure,0.1947,Light,False,60.7658,-0.0078,-0.0034,Aligned,81,Unnamed Road,3135
4831,Unnamed Road,Urban Road,URB-04831,4831,13.0224,77.679,13.0237,77.6792,148.6,1932.4,1932.549,10.9292,Aligned,0.9666,0.9638,0.0209,0.029,-0.0083,35.0117,34.3589,53.3704,71.3334,33.7178,49.8834,81.5709,0.0,60.0,29.0596,No,0.0,-0.0044,0.0267,Poor,High,3.4487,10.0,10.2058,18.2729,Safe,85.4274,32.2324,16.6319,Aligned,33.3717,60.622,Side Impact Potential,Urban,1.8377,False,Commercial,Meets Safe System Standards,0.1714,Light,False,25.3067,0.0044,0.0121,Aligned,36,Unnamed Road,3136
4832,Unnamed Road,Urban Road,URB-04832,4832,13.1008,77.5943,13.1024,77.5946,186.3,1932.8,1932.986,40.9578,Moderate Misalignment,0.925,-0.0016,0.9365,0.0599,0.0144,30.2297,28.8008,79.4231,65.3054,51.1463,27.7177,51.9852,0.66,40.5543,55.7041,No,0.0,0.0045,1.9615,Good,Low,1.7269,10.0,10.0371,30.2569,Moderate Risk,71.6421,28.9782,35.9698,Moderate Misalignment,25.7812,65.4845,Significant Pedestrian Interaction,Urban,1.9537,True,Mixed,High Pedestrian Interaction | Active Congestion | Above Human Tolerance Limit,0.7343,Severe,False,10.0,0.0005,0.0091,Moderate Misalignment,32,Unnamed Road,3137