segment_id,road_name,road_type,human_segment_id,internal_id,start_lat,start_lon,end_lat,end_lon,length_m,start_km,end_km,road_risk_score,ai_risk_label,ai_risk_probability,prob_low_risk,prob_medium_risk,prob_high_risk,prob_critical_risk,ai_recommended_speed,recommended_safe_speed,road_function_score,infrastructure_score,exposure_score,human_tolerance_limit,operating_speed_score,crash_risk_score,posted_speed_limit,pedestrian_exposure_score,blackspot_flag,crash_count,fatal_crashes,schools_count,lighting_quality,roadside_hazards,intersection_density,speed_compliance_rate,speed_violation_score,hotspot_score,hotspot_category,speed_safety_score,original_safe_speed,misalignment_score,misalignment_category,speed_p85,ptw_share_pct,exposure_tier,urban_rural_flag,lane_count,median_presence,land_use_type,top_ai_factors,congestion_index,congestion_category,congestion_smoothed,operating_speed_mean,minor_crashes,major_crashes,risk_category,final_safe_speed,corridor_base,corridor_seq
4833,Unnamed Road,Urban Road,URB-04833,4833,12.8864,77.5707,12.8867,77.5661,506.7,1933.2,1933.707,75.2011,High Misalignment,0.972,0.029,0.001,0.947,0.0034,29.8665,30.7343,84.8551,66.3632,42.7374,28.3038,99.1902,0.0229,51.4532,37.6489,No,0.0,0.0022,-0.0553,Good,Medium,2.2684,10.0,27.8778,37.9045,Moderate Risk,58.0466,30.3431,60.2016,High Misalignment,61.4528,67.7792,Significant Pedestrian Interaction,Urban,5.0191,True,Residential,Speed Limit Misaligned | High Pedestrian Interaction | Above Human Tolerance Limit,0.1746,Light,False,49.0778,-0.0105,0.0033,High Misalignment,28,Unnamed Road,3138
4834,Unnamed Road,Urban Road,URB-04834,4834,12.8788,77.6377,12.8805,77.6423,529.4,1933.6,1934.129,35.4722,Moderate Misalignment,0.8357,0.1294,0.8267,-0.0028,0.0032,50.3703,50.0438,51.2878,13.4517,20.4332,50.3651,95.8433,0.3871,41.982,9.3193,No,0.0,-0.0002,-0.018,Good,High,2.3484,10.0,28.7983,26.3694,Moderate Risk,65.1594,48.4178,30.633,Moderate Misalignment,50.1742,57.3813,Side Impact Potential,Peri-Urban,4.1451,False,Industrial,Poor Infrastructure,-0.019,,False,41.9999,-0.0072,-0.009,Moderate Misalignment,51,Unnamed Road,3139
4835,Unnamed Road,Urban Road,URB-04835,4835,12.9258,77.6762,12.9276,77.6798,441.7,1934.0,1934.442,13.0305,Aligned,0.9541,0.937,0.0364,0.0184,-0.0028,80.7548,79.262,100.0,2.9568,16.7156,81.2275,15.1579,0.0,59.7723,11.7774,No,0.0,-0.0027,-0.0549,Poor,Medium,0.262,10.0,10.0,23.442,Safe,65.4667,82.0419,25.5903,Aligned,86.0396,32.2775,Separated Traffic,Rural,4.9716,True,Industrial,Active Congestion | Poor Infrastructure,0.713,Severe,False,25.1696,-0.0028,0.0025,Aligned,79,Unnamed Road,3140
4836,Unnamed Road,Urban Road,URB-04836,4836,13.0159,77.5502,13.0166,77.5505,90.0,1934.4,1934.49,52.7209,High Misalignment,0.492,0.1278,0.4175,0.495,0.0105,79.2928,76.1834,98.9814,12.2699,23.2834,79.2135,98.8569,20.5249,60.0,12.9923,No,0.0,0.0051,-0.0361,Poor,Low,0.3613,10.0,21.5085,40.3085,Moderate Risk,47.7073,81.8894,53.5484,High Misalignment,107.7304,53.6327,Separated Traffic,Peri-Urban,5.9898,True,Residential,Speed Limit Misaligned | Poor Infrastructure | Above Human Tolerance Limit,-0.0073,,False,90.6067,0.0049,1.0008,High Misalignment,80,Unnamed Road,3141
4837,Unnamed Road,Urban Road,URB-04837,4837,13.0177,77.551,13.0166,77.5505,132.7,1934.8,1934.933,14.1682,Aligned,0.9179,0.8342,0.0846,-0.0123,-0.0117,53.284,54.47,100.0,0.5599,11.2471,79.2824,66.7236,0.0419,59.6738,5.0117,No,0.0,0.0026,-0.008,Good,Low,-0.0538,10.0,10.0831,20.2146,Safe,69.2533,55.7307,19.7498,Aligned,56.3616,34.0575,Separated Traffic,Rural,4.7861,True,Residential,Poor Infrastructure,0.2274,Light,False,38.0366,0.0033,0.0209,Aligned,52,Unnamed Road,3142
4838,Unnamed Road,Urban Road,URB-04838,4838,13.0159,77.5502,13.0171,77.5493,159.6,1935.2,1935.36,26.2428,Moderate Misalignment,0.479,0.4749,0.5458,0.0084,0.0012,40.7677,39.0638,56.8257,19.4986,21.0823,49.974,94.4863,0.3282,31.7515,16.4996,No,0.0,0.0045,-0.0541,Good,High,1.1748,10.0,28.0361,23.9152,Safe,67.7461,37.4006,25.3236,Moderate Misalignment,38.3089,37.5417,Side Impact Potential,Rural,4.0355,False,Industrial,Poor Infrastructure,-0.0064,,False,32.7116,0.0017,0.0091,Moderate Misalignment,41,Unnamed Road,3143
4839,Unnamed Road,Urban Road,URB-04839,4839,13.0171,77.5493,13.0176,77.5489,78.7,1935.6,1935.679,8.9548,Aligned,0.9697,0.9738,0.0208,0.0191,0.0018,29.4474,30.1383,88.4689,36.6535,29.3863,48.1884,77.8529,0.4079,41.3236,20.6181,No,0.0,0.0014,-0.0263,Good,High,1.9966,10.0,10.3512,21.0973,Safe,76.2112,28.4344,18.1021,Aligned,26.4372,56.092,Side Impact Potential,Urban,6.0327,True,Industrial,Meets Safe System Standards,-0.0379,,False,25.645,-0.0138,-0.0063,Aligned,30,Unnamed Road,3144
4840,Unnamed Road,Urban Road,URB-04840,4840,13.0159,77.5502,13.0146,77.5515,215.1,1936.0,1936.215,37.7614,Moderate Misalignment,0.9675,0.0552,0.9451,0.0043,0.0131,43.9187,44.5115,81.8923,57.7507,41.5395,53.1083,99.593,0.3658,38.3769,45.647,No,0.0,0.0001,0.9749,Good,Low,1.944,10.0,12.3631,24.582,Safe,75.9971,46.0497,25.0931,Moderate Misalignment,46.9529,56.5972,Side Impact Potential,Urban,5.954,False,Commercial,Meets Safe System Standards,0.0191,,False,39.7721,0.0029,-0.0106,Moderate Misalignment,46,Unnamed Road,3145
4841,Unnamed Road,Urban Road,URB-04841,4841,13.0139,77.5515,13.0146,77.5515,82.9,1936.4,1936.483,9.1886,Aligned,0.9838,0.9857,-0.0204,0.0048,-0.0014,44.2778,45.2424,77.1731,43.662,35.2543,49.0254,82.5508,0.1493,49.6838,37.5503,No,0.0,-0.0083,1.001,Good,Medium,1.9426,10.0,10.5028,23.4625,Safe,76.9352,44.0021,19.028,Aligned,43.4976,59.1761,Side Impact Potential,Urban,1.9705,True,Commercial,Meets Safe System Standards,-0.0097,,False,39.084,-0.0062,-0.0073,Aligned,45,Unnamed Road,3146
4842,Unnamed Road,Urban Road,URB-04842,4842,13.018,77.5486,13.0176,77.5489,59.7,1936.8,1936.86,30.1568,Moderate Misalignment,0.7105,0.2951,0.6875,-0.0071,-0.0052,38.1374,41.372,52.1052,9.8868,14.5717,49.1384,98.2059,0.2013,28.7536,6.7942,No,0.0,-0.0011,0.0188,Poor,Low,1.5014,10.0,34.1819,23.6939,Safe,65.9862,40.0004,27.6952,Moderate Misalignment,38.0846,33.6522,Side Impact Potential,Rural,3.0517,False,Residential,Poor Infrastructure,0.0119,,False,32.5215,0.0118,0.0139,Moderate Misalignment,38,Unnamed Road,3147
4843,Unnamed Road,Urban Road,URB-04843,4843,13.0188,77.5516,13.0177,77.551,137.8,1937.2,1937.338,36.4895,Moderate Misalignment,0.9517,0.0167,0.9987,0.021,0.0031,78.5839,78.5502,96.1135,4.9222,21.5736,78.7517,10.0,0.0,60.0,12.5976,No,0.0,-0.0017,0.0269,Good,Medium,0.404,10.0,10.0,27.4306,Moderate Risk,61.6475,76.8875,33.4231,Moderate Misalignment,74.4353,49.7958,Separated Traffic,Peri-Urban,5.7697,True,Commercial,Active Congestion | Poor Infrastructure | Above Human Tolerance Limit,0.807,Severe,False,15.7221,-0.0019,0.0057,Moderate Misalignment,77,Unnamed Road,3148
4844,Unnamed Road,Urban Road,URB-04844,4844,13.0195,77.5519,13.0192,77.5518,32.5,1937.6,1937.633,45.7211,Moderate Misalignment,0.6588,0.1181,0.7115,0.24,0.0007,47.1803,49.239,95.9875,13.237,18.9232,49.7116,81.9719,0.0481,60.0,13.1034,No,0.0,-0.0103,1.0368,Poor,Medium,0.1828,10.0,10.0227,25.849,Moderate Risk,64.8009,49.8037,31.6602,Moderate Misalignment,52.0292,45.495,Side Impact Potential,Rural,4.9405,False,Residential,Poor Infrastructure | Above Human Tolerance Limit,0.0058,,False,48.1603,-0.0029,0.0055,Moderate Misalignment,50,Unnamed Road,3149
4845,Unnamed Road,Urban Road,URB-04845,4845,13.0188,77.5516,13.0192,77.5518,47.4,1938.0,1938.047,11.6325,Aligned,0.945,0.9508,0.0852,0.0117,0.0043,20.29,20.8018,53.7287,21.3308,22.5365,50.7694,79.126,0.1553,40.4059,19.3615,No,0.0,-0.0068,0.0137,Good,Low,0.8355,10.0,10.0,20.617,Safe,73.7315,21.0469,17.3796,Aligned,18.0868,37.3995,Side Impact Potential,Rural,2.925,False,Industrial,Poor Infrastructure,0.2152,Light,False,12.3567,-0.0004,-0.01,Aligned,20,Unnamed Road,3150
4846,Unnamed Road,Urban Road,URB-04846,4846,13.0139,77.5515,13.0127,77.5521,151.5,1938.4,1938.552,16.2341,Aligned,0.8058,0.7539,0.2071,-0.0055,0.0047,53.7619,55.1371,99.5504,12.2136,17.7658,78.5667,56.0941,0.2499,60.0,7.5794,No,0.0,0.0036,0.0312,Poor,High,0.1809,10.0,10.4542,20.1651,Safe,72.3752,54.8735,16.843,Aligned,58.7713,43.4265,Separated Traffic,Rural,7.9024,True,Residential,Poor Infrastructure,-0.0023,,False,49.7297,0.0093,0.0148,Aligned,55,Unnamed Road,3151
4847,Unnamed Road,Urban Road,URB-04847,4847,13.0206,77.5524,13.0195,77.5519,130.0,1938.8,1938.93,36.9615,Moderate Misalignment,0.8388,0.1445,0.8276,0.0157,0.0022,42.8944,42.8912,56.5829,0.0,20.9844,50.6078,99.2552,0.2812,60.0,10.7833,No,0.0,0.0084,-0.0334,Good,Low,2.1288,10.0,13.2235,25.0162,Moderate Risk,64.6759,45.8603,24.9759,Moderate Misalignment,45.2678,48.5144,Side Impact Potential,Peri-Urban,4.1613,False,Commercial,Poor Infrastructure,0.0012,,False,40.4353,0.0009,0.0071,Moderate Misalignment,45,Unnamed Road,3152
4848,Unnamed Road,Urban Road,URB-04848,4848,13.0127,77.5521,13.0123,77.5525,62.2,1939.2,1939.262,33.1227,Moderate Misalignment,0.806,0.2167,0.8045,0.0257,-0.0003,52.374,49.8802,82.4023,0.2741,28.3997,51.7731,91.2139,0.0,51.1696,15.2553,No,0.0,-0.0001,-0.0062,Good,High,1.8775,10.0,21.6419,30.8893,Moderate Risk,59.2572,50.0185,33.807,Moderate Misalignment,60.7998,68.8022,Side Impact Potential,Urban,5.0144,True,Commercial,Poor Infrastructure,0.0019,,False,54.7427,0.0119,-0.0009,Moderate Misalignment,51,Unnamed Road,3153
4849,Unnamed Road,Urban Road,URB-04849,4849,13.0384,77.5965,13.0387,77.5963,41.5,1939.6,1939.642,12.126,Aligned,0.9746,0.9663,-0.0117,0.0078,-0.0122,43.0671,42.3405,77.5149,21.7739,28.92,50.5521,84.2323,0.2359,48.1964,23.3188,No,0.0,0.0103,-0.0179,Good,Low,1.8841,10.0,10.0,22.9158,Safe,72.0152,42.651,19.1907,Aligned,42.3406,56.6619,Side Impact Potential,Urban,5.2391,False,Commercial,Poor Infrastructure,-0.0066,,False,38.6029,-0.0187,-0.0017,Aligned,44,Unnamed Road,3154
4850,Unnamed Road,Urban Road,URB-04850,4850,13.0384,77.5965,13.0381,77.5966,30.0,1940.0,1940.03,10.1641,Aligned,0.977,1.0073,0.014,-0.0087,-0.0017,28.4089,29.7206,58.1881,13.2122,19.1846,70.4361,88.8015,0.0,31.1007,6.5418,No,0.0,-0.0072,0.0034,Poor,Low,0.9288,10.0,10.0,19.8447,Safe,71.9432,29.1436,16.6595,Aligned,29.1584,42.2988,Separated Traffic,Rural,1.8016,True,Residential,Poor Infrastructure,0.1309,Light,False,23.5331,-0.0154,0.0049,Aligned,30,Unnamed Road,3155
4851,Unnamed Road,Urban Road,URB-04851,4851,13.0392,77.5963,13.0387,77.5963,61.4,1940.4,1940.461,15.522,Aligned,0.8367,0.8755,0.1309,0.0031,0.0045,64.5324,66.4604,98.8175,46.0609,32.4488,80.2838,70.577,0.259,60.0,31.5045,No,0.0,-0.0062,1.0191,Good,Medium,0.4142,10.0,10.5118,20.3386,Safe,78.0096,64.3884,18.4407,Aligned,68.2603,53.0906,Separated Traffic,Peri-Urban,5.1,True,Residential,Meets Safe System Standards,-0.0048,,False,62.5154,-0.0106,-0.0056,Aligned,65,Unnamed Road,3156
4852,Unnamed Road,Urban Road,URB-04852,4852,13.0381,77.5966,13.0377,77.5967,50.7,1940.8,1940.851,13.0788,Aligned,0.8877,0.8397,0.1209,0.0108,0.0027,36.7595,36.5846,79.9527,15.5266,24.4784,50.3572,84.2273,0.0722,40.1264,14.7881,No,0.0,0.0105,0.0402,Good,Low,1.9432,10.0,10.0,22.6708,Safe,71.3166,35.3014,20.6861,Aligned,38.2052,61.4692,Side Impact Potential,Urban,3.094,True,Mixed,Poor Infrastructure,-0.0123,,False,28.7247,-0.0013,-0.0019,Aligned,35,Unnamed Road,3157
4853,Unnamed Road,Urban Road,URB-04853,4853,13.0358,77.597,13.0363,77.5973,57.0,1941.2,1941.257,11.9288,Aligned,0.9354,0.9573,0.1076,-0.0098,-0.0015,23.9292,25.2149,30.3123,6.3969,21.4373,49.6542,89.9661,0.0,30.0327,13.4716,No,0.0,0.0002,0.005,Poor,Low,1.1383,10.0,10.1544,22.762,Safe,69.4041,25.7228,19.3096,Aligned,25.7572,44.4228,Side Impact Potential,Rural,0.8624,False,Residential,Poor Infrastructure,-0.0117,,False,23.6229,-0.007,0.0021,Aligned,26,Unnamed Road,3158
4854,Unnamed Road,Urban Road,URB-04854,4854,13.0367,77.5975,13.0363,77.5973,53.0,1941.6,1941.653,29.3548,Moderate Misalignment,0.6169,0.3636,0.6646,-0.0066,0.0029,78.618,78.3042,98.0005,14.4096,14.6326,81.9309,58.6795,0.3397,59.5622,6.6913,No,0.0,0.002,-0.0107,Poor,Medium,0.2352,10.0,10.0,24.1655,Safe,64.5222,78.8389,30.3691,Moderate Misalignment,77.1182,38.9327,Separated Traffic,Rural,4.9339,True,Residential,Poor Infrastructure | Above Human Tolerance Limit,0.1365,Light,False,63.9353,0.006,-0.0029,Moderate Misalignment,79,Unnamed Road,3159
4855,Unnamed Road,Urban Road,URB-04855,4855,13.0377,77.5967,13.0371,77.5972,88.8,1942.0,1942.089,21.829,Aligned,0.6808,0.6956,0.2558,0.0328,0.0095,60.3151,61.4182,100.0,0.1468,12.5548,79.6514,51.138,0.4159,60.0,0.8249,No,0.0,0.0019,-0.0295,Poor,Medium,0.2284,10.0,10.0,20.4495,Safe,69.4406,61.4047,17.8205,Aligned,63.9295,46.5148,Separated Traffic,Rural,4.0644,True,Residential,Poor Infrastructure,0.1534,Light,False,50.9032,-0.0148,0.0051,Aligned,62,Unnamed Road,3160
4856,Unnamed Road,Urban Road,URB-04856,4856,13.037,77.5974,13.0371,77.5972,28.7,1942.4,1942.429,14.6446,Aligned,0.9397,0.9392,0.0621,-0.0063,-0.0019,26.1489,25.9348,50.0126,12.5057,20.9075,49.6527,87.1622,0.1235,60.0,12.5247,No,0.0,-0.0061,0.0025,Poor,Low,2.1316,10.0,10.3201,22.2867,Safe,70.0066,25.1991,17.1623,Aligned,27.3023,50.0393,Side Impact Potential,Peri-Urban,2.2391,False,Residential,Poor Infrastructure,-0.0083,,False,24.2225,0.01,0.0052,Aligned,27,Unnamed Road,3161
4857,Unnamed Road,Urban Road,URB-04857,4857,13.0367,77.5975,13.037,77.5974,30.1,1942.8,1942.83,99.6368,Critical Misalignment,0.9711,0.0312,-0.0197,-0.016,0.9715,49.0664,52.5611,99.3232,14.6637,31.7343,50.3839,88.2556,0.0599,59.6682,27.3545,No,0.0,0.0027,0.9695,Poor,Medium,0.4456,10.0,26.4188,49.9099,Moderate Risk,33.246,48.772,82.5118,Critical Misalignment,97.7,55.5242,Side Impact Potential,Peri-Urban,7.1229,False,Industrial,Speed Limit Misaligned | Poor Infrastructure | Above Human Tolerance Limit,-0.0006,,False,90.5224,-0.0129,-0.013,Critical Misalignment,50,Unnamed Road,3162
4858,Unnamed Road,Urban Road,URB-04858,4858,13.0354,77.5988,13.0359,77.5989,57.2,1943.2,1943.257,11.9311,Aligned,0.8594,0.8482,0.1268,0.01,0.0104,15.3073,20.026,30.6206,1.4327,15.0946,50.6517,91.5975,0.734,21.0462,7.9173,No,0.0,-0.0058,-0.0401,Good,Medium,1.8523,10.0,10.0,20.7938,Safe,68.9337,17.4804,19.7122,Aligned,10.293,32.6447,Side Impact Potential,Rural,2.0257,False,Residential,Poor Infrastructure,-0.0,,False,16.4923,0.011,0.0087,Aligned,15,Unnamed Road,3163
4859,Unnamed Road,Urban Road,URB-04859,4859,13.0359,77.5989,13.0364,77.5981,109.9,1943.6,1943.71,10.5033,Aligned,0.989,0.9546,-0.0017,0.003,0.0018,29.3314,27.6762,24.8884,6.6849,18.7596,50.9755,92.3487,0.2276,27.6406,10.1198,No,0.0,-0.0033,-0.02,Poor,Low,0.7819,10.0,10.2568,20.9867,Safe,71.2645,29.6327,18.0972,Aligned,27.2135,40.716,Side Impact Potential,Rural,0.9911,False,Mixed,Poor Infrastructure,-0.0059,,False,23.9347,-0.017,0.0009,Aligned,30,Unnamed Road,3164
4860,Unnamed Road,Urban Road,URB-04860,4860,13.0367,77.5975,13.0364,77.5981,80.7,1944.0,1944.081,27.5144,Moderate Misalignment,0.6236,0.3452,0.6349,0.0053,-0.0015,51.2596,52.3901,74.1821,5.961,21.2657,49.2243,94.9903,0.0397,39.8288,3.5311,No,0.0,0.0002,-0.0279,Poor,Medium,1.3576,10.0,24.6142,26.8086,Moderate Risk,63.8484,52.5406,30.2326,Moderate Misalignment,48.7985,60.8666,Side Impact Potential,Urban,4.1088,False,Mixed,Poor Infrastructure,0.2192,Light,False,37.6905,0.0037,0.0023,Moderate Misalignment,51,Unnamed Road,3165
4861,Unnamed Road,Urban Road,URB-04861,4861,13.0188,77.5503,13.0208,77.5441,881.1,1944.4,1945.281,22.9649,Aligned,0.5936,0.5926,0.3752,0.0223,-0.0064,26.8644,24.5579,52.3659,42.1047,43.6121,49.5957,91.7485,0.5092,40.4488,39.6502,No,0.0,-0.0047,0.9704,Good,Low,4.0243,10.0,10.0,25.3172,Moderate Risk,75.5399,27.356,22.6853,Aligned,26.5142,68.5448,Side Impact Potential,Urban,4.0098,False,Mixed,Meets Safe System Standards,-0.0067,,False,24.6529,-0.0001,-0.008,Aligned,24,Unnamed Road,3166
4862,Unnamed Road,Urban Road,URB-04862,4862,12.8899,77.5916,12.8894,77.5938,241.5,1944.8,1945.042,11.1554,Aligned,1.0045,0.9853,0.0016,-0.0055,0.0053,25.1395,25.4866,55.6598,0.3179,14.7228,49.4354,81.1838,0.1982,32.391,2.3376,No,0.0,0.0042,0.0654,Poor,Medium,1.402,10.0,10.1562,21.1404,Safe,69.3693,26.0689,19.6603,Aligned,25.5183,45.0112,Side Impact Potential,Rural,4.0156,False,Industrial,Poor Infrastructure,0.202,Light,False,18.3528,0.0042,0.0123,Aligned,25,Unnamed Road,3167
4863,Unnamed Road,Urban Road,URB-04863,4863,12.905,77.5994,12.9047,77.6017,267.5,1945.2,1945.467,27.3367,Moderate Misalignment,0.5606,0.397,0.5532,0.0136,-0.0099,50.5053,50.0106,51.5475,21.3142,20.7608,49.8777,93.8688,0.023,41.2521,10.4408,No,0.0,0.002,0.033,Poor,Low,2.2369,10.0,23.4867,24.2042,Safe,68.0413,49.8443,27.3425,Moderate Misalignment,50.9759,52.6121,Side Impact Potential,Peri-Urban,2.8504,False,Commercial,Poor Infrastructure,0.0078,,False,43.7635,-0.0083,0.003,Moderate Misalignment,50,Unnamed Road,3168
4864,Unnamed Road,Urban Road,URB-04864,4864,13.0603,77.6521,13.0569,77.6515,386.0,1945.6,1945.986,14.9151,Aligned,0.9356,0.9525,0.047,0.0189,0.0085,49.0453,49.1595,99.7981,11.7423,12.1613,81.0784,74.7337,0.0,60.0,6.9109,No,0.0,-0.0034,0.0162,Good,Low,0.1752,10.0,10.4467,19.5032,Safe,72.4225,46.7511,17.0852,Aligned,48.2755,34.5615,Separated Traffic,Rural,7.8772,True,Industrial,Poor Infrastructure,-0.0143,,False,44.6945,-0.0042,0.0138,Aligned,49,Unnamed Road,3169
4865,Unnamed Road,Urban Road,URB-04865,4865,12.8768,77.6089,12.8776,77.6024,754.2,1946.0,1946.754,10.7782,Aligned,0.9667,0.9877,0.0022,-0.0156,0.0113,35.2561,35.0947,79.3268,16.6385,29.6843,48.6127,71.0764,0.0,49.0082,20.951,No,0.0,0.0091,-0.0134,Poor,Low,1.5755,10.0,10.0,23.7135,Safe,70.8706,37.5956,22.7151,Aligned,39.1779,58.1001,Side Impact Potential,Urban,5.9226,False,Commercial,Poor Infrastructure,0.0114,,False,30.9446,0.0013,-0.0055,Aligned,34,Unnamed Road,3170
4866,Unnamed Road,Urban Road,URB-04866,4866,12.9641,77.5564,12.9644,77.5553,132.2,1946.4,1946.532,11.2994,Aligned,0.9262,0.8977,0.0744,0.0125,-0.0038,21.8122,23.6693,28.9766,30.7353,34.9772,28.5418,78.6422,0.707,31.0202,34.1611,No,0.0,0.0048,1.0318,Poor,High,2.7728,10.0,10.2801,24.2133,Safe,72.6395,22.6005,21.0011,Aligned,21.2875,54.5684,Significant Pedestrian Interaction,Peri-Urban,1.1402,False,Residential,High Pedestrian Interaction | Poor Infrastructure,0.2167,Light,False,15.5194,0.0193,-0.0002,Aligned,22,Unnamed Road,3171
4867,Unnamed Road,Urban Road,URB-04867,4867,13.0498,77.6,13.0541,77.602,634.3,1946.8,1947.434,16.1541,Aligned,0.8527,0.8527,0.0596,0.0105,0.0037,48.8101,40.34,99.1493,37.8212,29.2565,82.115,65.3488,40.5782,58.135,15.0438,Yes,0.0,0.9952,-0.0551,Poor,Low,0.5555,10.0,10.0,30.7536,Moderate Risk,68.0467,46.6034,18.1194,Aligned,48.1886,68.776,Separated Traffic,Urban,5.0352,True,Industrial,Meets Safe System Standards,0.1512,Light,False,35.9033,0.0005,-0.0006,Aligned,49,Unnamed Road,3172
4868,Unnamed Road,Urban Road,URB-04868,4868,12.9409,77.6184,12.9418,77.6162,313.8,1947.2,1947.514,9.7444,Aligned,0.9798,0.9885,0.0226,0.0086,-0.0035,28.0944,26.9152,54.0763,50.2073,33.7141,50.9547,74.8443,0.0,41.7219,30.5197,No,0.0,-0.0016,-0.048,Good,Medium,2.9608,10.0,10.3939,21.1477,Safe,78.8738,27.9784,19.492,Aligned,27.6997,58.4888,Side Impact Potential,Urban,4.0586,False,Commercial,Meets Safe System Standards,0.1703,Light,False,24.656,0.0005,0.0007,Aligned,29,Unnamed Road,3173
4869,Unnamed Road,Urban Road,URB-04869,4869,12.9772,77.4875,12.9862,77.4883,1059.7,1947.6,1948.66,17.3296,Aligned,0.7546,0.7725,0.2394,0.001,-0.0018,52.6693,53.8844,100.0,20.1153,18.7435,81.3174,79.505,0.0,59.4296,13.8514,No,0.0,0.0045,0.0384,Good,Low,0.1351,10.0,10.0,19.5434,Safe,74.2603,48.4259,16.6156,Aligned,50.8756,40.327,Separated Traffic,Rural,7.0504,True,Residential,Poor Infrastructure,0.0045,,False,49.6851,0.0124,0.0082,Aligned,52,Unnamed Road,3174
4870,Unnamed Road,Urban Road,URB-04870,4870,13.0608,77.5156,13.0648,77.5172,552.3,1948.0,1948.552,12.7328,Aligned,0.9885,0.9654,0.042,-0.0122,-0.0057,25.3024,26.6281,49.2402,51.974,33.4827,50.2538,72.35,0.467,40.8418,25.5377,No,0.0,0.0048,-0.0298,Good,Medium,2.948,10.0,10.3404,20.6388,Safe,78.7649,25.5148,17.2327,Aligned,24.2767,64.8764,Side Impact Potential,Urban,3.1054,False,Residential,Meets Safe System Standards,0.1594,Light,False,21.2215,0.0017,-0.003,Aligned,26,Unnamed Road,3175
4871,Unnamed Road,Urban Road,URB-04871,4871,12.9869,77.6198,12.9869,77.6194,94.4,1948.4,1948.494,17.17,Aligned,0.8065,0.843,0.1413,0.0022,0.0025,35.8484,36.9736,81.5261,18.7613,24.5356,50.6779,86.5949,0.0,38.4241,11.7358,No,0.0,-0.0078,-0.0312,Good,Low,1.745,10.0,10.0,21.3232,Safe,73.4003,38.1242,18.1512,Aligned,35.8749,61.8264,Side Impact Potential,Urban,4.2072,True,Residential,Poor Infrastructure,0.0108,,False,30.165,0.0138,-0.012,Aligned,36,Unnamed Road,3176
4872,Unnamed Road,Urban Road,URB-04872,4872,12.8618,77.5466,12.8618,77.5469,39.1,1948.8,1948.839,20.5372,Aligned,0.6299,0.6283,0.3851,0.0182,0.0026,50.4178,50.5101,81.1401,24.3729,25.3523,49.4354,84.0494,0.0803,56.8685,20.866,No,0.0,-0.0124,0.0214,Good,Low,1.7562,10.0,10.4793,26.6588,Moderate Risk,66.9706,49.007,32.248,Moderate Misalignment,56.5367,49.1361,Side Impact Potential,Peri-Urban,5.663,False,Residential,Approach to Congestion (Tapered) | Poor Infrastructure | Above Human Tolerance Limit,-0.0215,,True,49.5897,-0.0011,0.0038,Aligned,49,Unnamed Road,3177
4873,Unnamed Road,Urban Road,URB-04873,4873,12.8753,77.5144,12.8757,77.5143,46.8,1949.2,1949.247,11.3801,Aligned,0.8966,0.9001,0.1264,0.006,0.0038,57.0651,58.8617,100.0,18.5672,18.8245,78.461,56.6055,0.0,60.0,5.4735,No,0.0,-0.0006,0.0197,Poor,Low,0.5411,10.0,10.0,20.1382,Safe,72.4053,59.8826,17.3925,Aligned,57.1059,52.5121,Separated Traffic,Peri-Urban,8.0976,True,Commercial,Poor Infrastructure,0.1953,Light,False,40.5154,-0.0089,0.004,Aligned,57,Unnamed Road,3178
4874,Unnamed Road,Urban Road,URB-04874,4874,12.8757,77.5143,12.876,77.5143,32.3,1949.6,1949.632,36.0691,Moderate Misalignment,0.8995,0.0648,0.9093,0.0233,0.0043,27.6972,30.273,56.4471,48.8686,51.7371,29.1613,78.2575,0.0,39.5309,64.825,No,0.0,-0.0017,1.9981,Good,Medium,2.2601,10.0,10.0,32.6118,Moderate Risk,66.3645,29.6377,37.7924,Moderate Misalignment,27.4847,55.9363,Significant Pedestrian Interaction,Peri-Urban,3.9646,False,Mixed,High Pedestrian Interaction | Above Human Tolerance Limit,0.0178,,False,24.5864,-0.0034,-0.0136,Moderate Misalignment,27,Unnamed Road,3179
4875,Unnamed Road,Urban Road,URB-04875,4875,12.8687,77.5148,12.869,77.5148,33.7,1950.0,1950.034,39.4918,Moderate Misalignment,0.9565,0.0171,0.9546,0.0356,-0.0022,32.0279,29.4925,86.461,82.7374,58.9618,32.1338,89.0453,0.504,39.4286,85.0006,No,0.0,0.0145,1.9427,Good,Medium,1.862,10.0,10.4296,31.3347,Moderate Risk,73.7983,30.5514,36.8445,Moderate Misalignment,42.631,60.6091,Significant Pedestrian Interaction,Urban,5.1658,True,Residential,High Pedestrian Interaction | Approach to Congestion (Tapered) | Above Human Tolerance Limit,0.0067,,True,32.1993,-0.0225,-0.0017,Moderate Misalignment,30,Unnamed Road,3180
4876,Unnamed Road,Urban Road,URB-04876,4876,12.869,77.5148,12.8697,77.5149,69.4,1950.4,1950.469,10.9661,Aligned,0.9906,0.9955,-0.0125,-0.0239,0.0065,31.6513,33.5623,48.2513,0.0,18.793,50.5574,85.3608,0.1231,41.5204,9.145,No,0.0,0.0062,0.0284,Good,Low,1.4654,10.0,10.2922,22.4861,Safe,68.0641,32.8536,19.268,Aligned,32.6982,46.6305,Side Impact Potential,Rural,2.1952,False,Residential,Poor Infrastructure,0.0159,,False,28.2672,0.0077,-0.0114,Aligned,31,Unnamed Road,3181
4877,Unnamed Road,Urban Road,URB-04877,4877,12.8699,77.5149,12.8697,77.5149,25.2,1950.8,1950.825,11.8561,Aligned,0.9408,0.9473,0.0151,-0.0113,0.0043,40.4883,40.2579,89.0883,7.3644,23.9406,48.5639,64.0391,0.0,60.0,15.0514,No,0.0,-0.0029,0.015,Good,High,2.3135,10.0,10.0,23.9128,Safe,69.4616,40.3221,20.6801,Aligned,43.2907,57.3723,Side Impact Potential,Urban,5.0301,True,Industrial,Active Congestion | Poor Infrastructure,0.6041,Severe,False,15.6898,0.0057,0.0165,Aligned,42,Unnamed Road,3182