segment_id,road_name,road_type,human_segment_id,internal_id,start_lat,start_lon,end_lat,end_lon,length_m,start_km,end_km,road_risk_score,ai_risk_label,ai_risk_probability,prob_low_risk,prob_medium_risk,prob_high_risk,prob_critical_risk,ai_recommended_speed,recommended_safe_speed,road_function_score,infrastructure_score,exposure_score,human_tolerance_limit,operating_speed_score,crash_risk_score,posted_speed_limit,pedestrian_exposure_score,blackspot_flag,crash_count,fatal_crashes,schools_count,lighting_quality,roadside_hazards,intersection_density,speed_compliance_rate,speed_violation_score,hotspot_score,hotspot_category,speed_safety_score,original_safe_speed,misalignment_score,misalignment_category,speed_p85,ptw_share_pct,exposure_tier,urban_rural_flag,lane_count,median_presence,land_use_type,top_ai_factors,congestion_index,congestion_category,congestion_smoothed,operating_speed_mean,minor_crashes,major_crashes,risk_category,final_safe_speed,corridor_base,corridor_seq
4878,Unnamed Road,Urban Road,URB-04878,4878,12.8701,77.5149,12.8704,77.515,31.5,1951.2,1951.232,13.2048,Aligned,0.9579,0.9019,0.0226,-0.0064,0.0129,16.9617,22.2906,30.1231,13.8126,26.7243,49.4246,91.9935,0.0,20.0483,24.562,No,0.0,0.0017,0.9679,Poor,Low,1.5673,10.0,10.0,22.2561,Safe,71.6707,17.696,18.4271,Aligned,14.5642,39.7464,Side Impact Potential,Rural,1.9086,False,Residential,Poor Infrastructure,0.1653,Light,False,14.4297,0.0034,0.0018,Aligned,17,Unnamed Road,3183
4879,Unnamed Road,Urban Road,URB-04879,4879,12.8699,77.5149,12.8701,77.5149,28.3,1951.6,1951.628,30.3936,Moderate Misalignment,0.6348,0.3553,0.6542,-0.0083,0.0039,76.7952,80.2273,98.1252,15.2975,14.3247,80.4495,57.9576,0.1316,60.0,5.6384,No,0.0,-0.0012,-0.0431,Poor,Medium,0.2214,10.0,10.1389,23.9106,Safe,64.4695,78.3255,30.8209,Moderate Misalignment,78.1644,39.7487,Separated Traffic,Rural,4.9432,True,Residential,Poor Infrastructure | Above Human Tolerance Limit,0.1505,Light,False,63.0283,-0.0108,-0.0005,Moderate Misalignment,79,Unnamed Road,3184
4880,Unnamed Road,Urban Road,URB-04880,4880,12.8704,77.515,12.8707,77.515,37.1,1952.0,1952.037,9.8783,Aligned,0.9773,0.9691,-0.0037,-0.0012,-0.0028,18.8504,22.1087,31.5707,17.321,20.7161,50.0889,91.9885,0.0829,20.0,12.6132,No,0.0,0.0064,0.0452,Good,Low,1.3271,10.0,10.0,20.2216,Safe,72.5278,19.3687,16.1526,Aligned,16.157,43.9996,Side Impact Potential,Rural,1.7596,False,Residential,Poor Infrastructure,-0.0104,,False,16.2141,0.0032,-0.0037,Aligned,19,Unnamed Road,3185
4881,Unnamed Road,Urban Road,URB-04881,4881,12.8707,77.515,12.8711,77.515,35.6,1952.4,1952.436,23.4506,Aligned,0.5635,0.5298,0.4599,0.0186,-0.0053,61.0402,60.5364,99.4736,1.0383,13.888,81.3755,74.1015,0.2704,59.7729,2.5739,No,0.0,0.0047,-0.0015,Good,Medium,0.1341,10.0,10.0,20.7408,Safe,68.4668,58.2189,17.1263,Aligned,60.3336,43.0725,Separated Traffic,Rural,8.0775,True,Residential,Approach to Congestion (Tapered) | Poor Infrastructure,-0.0164,,True,51.0686,-0.0127,0.0054,Aligned,60,Unnamed Road,3186
4882,Unnamed Road,Urban Road,URB-04882,4882,12.8711,77.515,12.8714,77.515,33.5,1952.8,1952.834,12.4864,Aligned,0.9823,0.9593,0.0516,0.0085,0.0011,28.4041,28.527,56.7887,0.0,17.9895,50.6345,89.537,0.0,39.8958,3.9702,No,0.0,-0.001,-0.0211,Poor,Low,1.9487,10.0,10.0,22.6097,Safe,69.1834,27.9892,17.0239,Aligned,25.6184,56.041,Side Impact Potential,Peri-Urban,4.0243,False,Mixed,Poor Infrastructure,0.0011,,False,23.9361,0.0155,-0.0121,Aligned,28,Unnamed Road,3187
4883,Unnamed Road,Urban Road,URB-04883,4883,12.8714,77.515,12.8717,77.5151,35.6,1953.2,1953.236,9.915,Aligned,0.9775,0.9424,0.0376,-0.0184,-0.0037,40.9454,41.7532,72.7119,35.9576,27.768,50.0167,78.0605,0.1134,50.3109,22.3491,No,0.0,-0.0078,-0.0355,Poor,High,1.8138,10.0,10.2726,20.4837,Safe,76.1613,42.3474,17.5862,Aligned,41.2472,57.6416,Side Impact Potential,Urban,3.0322,False,Commercial,Meets Safe System Standards,0.0209,,False,34.9894,0.0053,0.0125,Aligned,41,Unnamed Road,3188
4884,Unnamed Road,Urban Road,URB-04884,4884,12.8717,77.5151,12.872,77.5151,32.1,1953.6,1953.632,9.9283,Aligned,0.9894,0.9769,0.0349,0.0193,0.0023,44.1992,44.1837,70.0343,33.9474,34.6193,49.3509,85.2473,0.0,47.9714,35.2926,No,0.0,-0.0025,2.0262,Poor,Low,1.9467,10.0,10.0,23.623,Safe,74.3834,44.9564,20.3462,Aligned,43.5584,61.8063,Side Impact Potential,Urban,3.2468,False,Residential,Poor Infrastructure,0.016,,False,40.5413,-0.0131,-0.0038,Aligned,46,Unnamed Road,3189
4885,Unnamed Road,Urban Road,URB-04885,4885,12.872,77.5151,12.8723,77.5151,36.9,1954.0,1954.037,45.8175,Moderate Misalignment,0.6735,0.1087,0.6934,0.2187,0.0183,50.5095,48.7775,99.7278,14.0823,19.6244,48.2535,83.8232,0.0,60.0,13.19,No,0.0,-0.0021,1.0211,Poor,Medium,0.1659,10.0,10.0,25.8755,Moderate Risk,64.14,49.69,30.9324,Moderate Misalignment,55.283,45.4876,Side Impact Potential,Rural,4.859,False,Residential,Poor Infrastructure | Above Human Tolerance Limit,0.0183,,False,46.8906,0.0028,0.0057,Moderate Misalignment,49,Unnamed Road,3190
4886,Unnamed Road,Urban Road,URB-04886,4886,12.8729,77.5152,12.8723,77.5151,64.3,1954.4,1954.464,37.7643,Moderate Misalignment,0.9032,0.0528,0.8935,0.002,0.0078,27.0738,28.0859,53.8134,46.7691,51.4417,29.5612,78.7381,0.0788,38.9354,64.7103,No,0.0,-0.0026,2.0764,Good,Medium,2.2117,10.0,10.0,33.2598,Moderate Risk,67.5749,29.2359,36.5167,Moderate Misalignment,27.6662,56.0473,Significant Pedestrian Interaction,Peri-Urban,3.9591,False,Mixed,High Pedestrian Interaction | Above Human Tolerance Limit,0.02,,False,25.6253,-0.0056,-0.002,Moderate Misalignment,28,Unnamed Road,3191
4887,Unnamed Road,Urban Road,URB-04887,4887,12.873,77.5137,12.8731,77.5129,87.0,1954.8,1954.887,28.4905,Moderate Misalignment,0.5497,0.3684,0.6219,-0.0104,0.0036,36.0792,35.3324,48.2549,10.6293,28.9915,49.3163,98.8512,0.0,29.7894,18.6593,No,0.0,0.0003,0.003,Poor,Low,2.6153,10.0,23.6985,26.5245,Moderate Risk,64.4183,37.7987,27.2336,Moderate Misalignment,37.377,60.1632,Side Impact Potential,Peri-Urban,1.9119,False,Residential,Poor Infrastructure,0.1888,Light,False,31.3924,-0.003,-0.0067,Moderate Misalignment,40,Unnamed Road,3192
4888,Unnamed Road,Urban Road,URB-04888,4888,12.873,77.5137,12.8737,77.514,90.3,1955.2,1955.29,10.6121,Aligned,0.9366,0.9432,0.0664,-0.0064,-0.0045,33.7796,33.8985,78.9962,47.2799,40.5535,50.011,69.2655,0.0,51.7526,38.7946,No,0.0,-0.0092,1.9903,Good,Low,1.9837,10.0,10.0,23.816,Safe,76.0223,34.7756,22.7062,Aligned,34.4389,64.0218,Side Impact Potential,Urban,5.94,False,Mixed,Meets Safe System Standards,-0.0131,,False,24.6112,-0.0129,0.0079,Aligned,35,Unnamed Road,3193
4889,Unnamed Road,Urban Road,URB-04889,4889,12.873,77.5137,12.8729,77.5147,102.8,1955.6,1955.703,10.4329,Aligned,0.9611,0.9805,0.0419,-0.0026,-0.0154,27.514,28.2285,52.2599,20.1411,23.3548,49.846,72.0247,0.0,40.1455,9.6504,No,0.0,-0.0107,-0.0465,Poor,Low,2.4814,10.0,10.0,20.5827,Safe,74.2321,27.7393,19.0071,Aligned,27.7794,61.512,Side Impact Potential,Urban,4.0198,False,Commercial,Poor Infrastructure,0.165,Light,False,21.7907,-0.0073,0.0046,Aligned,28,Unnamed Road,3194
4890,Unnamed Road,Urban Road,URB-04890,4890,12.8731,77.5129,12.8731,77.5127,23.2,1956.0,1956.023,25.4464,Moderate Misalignment,0.4989,0.4726,0.4972,0.0012,0.0003,38.4677,37.8572,52.6013,20.9437,21.5587,51.2382,93.9308,0.0126,27.8352,16.3886,No,0.0,0.0017,-0.0148,Good,High,1.1077,10.0,27.8227,24.1144,Safe,69.0132,38.4334,25.9928,Moderate Misalignment,37.9943,38.8223,Side Impact Potential,Rural,3.9808,False,Industrial,Poor Infrastructure,0.0027,,False,34.2777,-0.0115,-0.015,Moderate Misalignment,37,Unnamed Road,3195
4891,Unnamed Road,Urban Road,URB-04891,4891,12.8731,77.5127,12.8731,77.5124,29.1,1956.4,1956.429,18.4887,Aligned,0.7931,0.8146,0.1299,0.0593,0.0031,59.2976,56.4397,100.0,46.2487,32.1508,81.1793,47.7049,0.0822,59.8232,20.0972,No,0.0,-0.0154,-0.0961,Good,Medium,0.5921,10.0,10.268,19.8554,Safe,79.0138,55.1516,18.5428,Aligned,56.1028,69.3632,Separated Traffic,Urban,5.961,True,Mixed,Meets Safe System Standards,0.1433,Light,False,41.4666,0.0104,0.0144,Aligned,58,Unnamed Road,3196
4892,Unnamed Road,Urban Road,URB-04892,4892,12.8731,77.5124,12.8732,77.5122,24.8,1956.8,1956.825,16.2661,Aligned,0.807,0.7939,0.189,-0.007,0.0016,34.4172,31.5862,51.1008,58.541,32.1733,49.5397,98.7189,0.0,59.0707,26.5063,No,0.0,-0.0003,-0.0071,Good,Medium,3.4514,10.0,10.458,19.5078,Safe,79.435,32.0099,19.6582,Aligned,34.7005,55.3823,Side Impact Potential,Urban,1.7815,False,Residential,Meets Safe System Standards,-0.0154,,False,25.9045,-0.0076,0.0019,Aligned,35,Unnamed Road,3197
4893,Unnamed Road,Urban Road,URB-04893,4893,12.8732,77.5122,12.8732,77.512,26.6,1957.2,1957.227,16.7887,Aligned,0.7208,0.7721,0.2647,0.0049,0.0054,46.9182,49.0048,69.115,31.8513,37.3332,50.1791,90.9039,0.2272,51.0851,31.9509,No,0.0,0.0074,1.0627,Good,High,1.923,10.0,10.0,25.1046,Safe,73.0858,49.8213,20.6398,Aligned,50.1815,64.8876,Side Impact Potential,Urban,2.1702,False,Residential,Poor Infrastructure,0.0011,,False,45.3599,0.0051,0.0122,Aligned,49,Unnamed Road,3198
4894,Unnamed Road,Urban Road,URB-04894,4894,12.8732,77.512,12.8732,77.5118,23.9,1957.6,1957.624,25.4144,Moderate Misalignment,0.5144,0.4923,0.5216,0.0136,-0.009,73.1386,75.3301,99.1481,0.0,14.2523,81.3584,66.1243,0.0547,60.0,4.6701,No,0.0,-0.0011,-0.0121,Poor,Low,0.3093,10.0,10.0,25.5726,Moderate Risk,61.5664,72.1772,31.236,Moderate Misalignment,73.5627,40.4223,Separated Traffic,Rural,4.9134,True,Residential,Poor Infrastructure | Above Human Tolerance Limit,0.0148,,False,66.626,0.0069,0.0085,Moderate Misalignment,72,Unnamed Road,3199
4895,Unnamed Road,Urban Road,URB-04895,4895,12.8732,77.5118,12.8732,77.5115,30.4,1958.0,1958.03,33.3901,Moderate Misalignment,0.8369,0.1734,0.8169,0.0066,-0.002,79.0776,79.9615,98.7077,16.2037,12.3867,79.8697,89.1506,0.8011,58.6069,4.9225,No,0.0,-0.0094,-0.023,Poor,Low,-0.0239,10.0,33.9711,27.0764,Moderate Risk,61.1211,79.9922,36.396,Moderate Misalignment,80.4313,35.2941,Separated Traffic,Rural,8.0845,True,Industrial,Poor Infrastructure,0.0057,,False,68.0008,0.0073,0.0033,Moderate Misalignment,78,Unnamed Road,3200
4896,Unnamed Road,Urban Road,URB-04896,4896,12.8732,77.5115,12.8732,77.5113,23.6,1958.4,1958.424,11.4116,Aligned,0.968,0.9341,0.0629,0.0177,-0.0089,37.1247,34.4457,79.1631,18.1826,30.7199,49.3257,70.4428,0.7929,51.1185,20.0104,No,0.0,0.0019,0.0375,Good,High,1.7462,10.0,10.0,24.3899,Safe,71.9201,36.0368,20.3759,Aligned,36.9541,63.9115,Side Impact Potential,Urban,1.9298,True,Commercial,Poor Infrastructure,0.0255,,False,29.8671,-0.0074,0.0117,Aligned,38,Unnamed Road,3201
4897,Unnamed Road,Urban Road,URB-04897,4897,12.8732,77.5113,12.8733,77.511,25.8,1958.8,1958.826,12.6909,Aligned,0.8968,0.8807,0.0884,0.0075,0.0063,39.4411,40.5767,51.4316,18.4495,29.9809,50.3793,87.8298,0.0,39.2545,21.2494,No,0.0,-0.0064,0.0029,Poor,Low,1.6168,10.0,10.3269,23.3424,Safe,72.1857,39.9766,20.7978,Aligned,39.3759,59.184,Side Impact Potential,Peri-Urban,2.9431,False,Residential,Poor Infrastructure,0.0183,,False,32.3016,-0.0034,0.0037,Aligned,40,Unnamed Road,3202
4898,Unnamed Road,Urban Road,URB-04898,4898,12.8733,77.511,12.8733,77.5108,24.3,1959.2,1959.224,14.8311,Aligned,0.8739,0.902,0.1677,-0.0165,-0.0077,65.9184,65.8237,98.218,9.5246,18.838,78.9815,74.5978,0.1779,60.0,13.4717,No,0.0,0.0038,-0.0135,Poor,Medium,0.263,10.0,10.0,20.4753,Safe,70.819,64.0701,17.2634,Aligned,66.6049,40.552,Separated Traffic,Rural,6.1149,True,Residential,Poor Infrastructure,-0.0022,,False,53.3511,0.0146,0.0084,Aligned,65,Unnamed Road,3203
4899,Unnamed Road,Urban Road,URB-04899,4899,12.8733,77.5108,12.8733,77.5104,47.3,1959.6,1959.647,23.6959,Aligned,0.5806,0.5337,0.3262,0.037,-0.0017,60.8662,62.9812,100.0,2.4954,13.8174,80.1716,42.282,0.0,60.0,2.2845,No,0.0,-0.001,-0.0162,Poor,Medium,0.3386,10.0,10.0956,25.6769,Moderate Risk,60.9168,62.8304,29.5633,Moderate Misalignment,63.0035,43.8206,Separated Traffic,Rural,7.7973,True,Residential,Poor Infrastructure | Above Human Tolerance Limit,-0.0153,,False,52.5564,-0.0042,-0.0094,Aligned,61,Unnamed Road,3204
4900,Unnamed Road,Urban Road,URB-04900,4900,12.8737,77.514,12.874,77.514,33.4,1960.0,1960.033,9.5174,Aligned,1.0051,0.984,-0.0189,-0.0103,-0.0012,18.9523,20.6599,54.0684,0.7188,17.6194,47.6106,80.5961,0.5032,29.5767,11.7132,No,0.0,0.0021,0.0523,Poor,Low,0.6829,10.0,10.0,21.9712,Safe,68.6226,19.083,18.8065,Aligned,20.8099,36.2387,Side Impact Potential,Rural,4.0435,False,Residential,Poor Infrastructure,-0.0109,,False,16.0676,0.0158,0.004,Aligned,18,Unnamed Road,3205
4901,Unnamed Road,Urban Road,URB-04901,4901,12.874,77.514,12.8743,77.5141,32.4,1960.4,1960.432,74.5872,High Misalignment,0.9778,0.0094,0.014,0.982,0.0116,50.7995,50.5912,97.8451,9.6734,25.8566,51.4609,10.0,0.0,59.5169,9.1542,No,0.0,0.0033,-0.0731,Good,High,0.4866,10.0,10.1028,40.0057,Moderate Risk,46.6989,49.4812,60.5068,High Misalignment,67.166,68.8045,Side Impact Potential,Urban,3.9998,False,Residential,Speed Limit Misaligned | Active Congestion | Poor Infrastructure,0.7799,Severe,False,17.6604,0.0047,-0.0003,High Misalignment,51,Unnamed Road,3206
4902,Unnamed Road,Urban Road,URB-04902,4902,12.8743,77.5141,12.8753,77.5144,110.2,1960.8,1960.91,16.1535,Aligned,0.8296,0.7688,0.2004,-0.0025,-0.0012,35.3503,35.1708,83.4228,19.9821,25.5704,50.0005,88.2003,0.0,39.4061,10.5339,No,0.0,-0.0034,0.062,Good,Low,1.6314,10.0,10.2802,21.1212,Safe,73.0616,37.3332,18.5598,Aligned,35.2138,62.5663,Side Impact Potential,Urban,4.3259,True,Residential,Poor Infrastructure,-0.0018,,False,31.5909,-0.0014,-0.0093,Aligned,36,Unnamed Road,3207
4903,Unnamed Road,Urban Road,URB-04903,4903,12.8729,77.5152,12.8729,77.5147,54.1,1961.2,1961.254,9.7355,Aligned,0.9554,0.9601,0.0457,0.0013,0.0013,51.2376,49.5697,99.0986,1.2643,13.9843,77.6686,57.5787,0.3805,60.0,2.9199,No,0.0,0.0028,-0.0233,Poor,Medium,0.075,10.0,10.8297,20.0294,Safe,68.697,50.6025,17.5612,Aligned,53.7654,35.2492,Separated Traffic,Rural,4.8173,True,Residential,Poor Infrastructure,-0.0002,,False,41.4402,0.0107,-0.0024,Aligned,53,Unnamed Road,3208
4904,Unnamed Road,Urban Road,URB-04904,4904,13.0348,77.6064,13.0323,77.6086,455.0,1961.6,1962.055,37.5902,Moderate Misalignment,0.8992,0.1275,0.9462,0.0031,0.0044,49.3134,51.5797,84.8538,48.4643,43.2441,52.5027,93.961,0.2161,60.0,46.1345,No,0.0,0.0025,0.9869,Good,Low,2.1369,10.0,20.6662,27.8656,Moderate Risk,70.5195,49.5225,32.3369,Moderate Misalignment,60.4426,60.0458,Side Impact Potential,Urban,4.1202,True,Mixed,Meets Safe System Standards,-0.0002,,False,56.9492,0.0051,0.0054,Moderate Misalignment,49,Unnamed Road,3209
4905,Unnamed Road,Urban Road,URB-04905,4905,12.9076,77.4758,12.9085,77.4772,190.7,1962.0,1962.191,12.5401,Aligned,0.8912,0.8965,0.1611,-0.0068,-0.0032,57.3902,60.1074,98.7065,18.5686,18.4366,78.7791,57.6736,0.0,59.3538,5.7491,No,0.0,-0.006,-0.0186,Poor,Low,0.496,10.0,10.0,19.9254,Safe,73.3389,57.3157,17.6743,Aligned,59.7957,53.2316,Separated Traffic,Peri-Urban,7.9568,True,Commercial,Poor Infrastructure,0.2179,Light,False,41.6906,-0.0049,-0.0061,Aligned,58,Unnamed Road,3210
4906,Unnamed Road,Urban Road,URB-04906,4906,12.944,77.6089,12.9442,77.6089,22.3,1962.4,1962.422,34.403,Moderate Misalignment,0.7557,0.1694,0.7779,0.0298,-0.0015,65.3289,67.6439,100.0,13.4637,22.3826,80.5605,91.5597,0.272,57.9566,13.7746,No,0.0,-0.0082,-0.0221,Poor,High,0.1589,10.0,11.513,24.4357,Safe,66.7296,67.5422,26.8581,Moderate Misalignment,68.7769,44.842,Separated Traffic,Rural,7.8136,True,Industrial,Poor Infrastructure,0.0033,,False,54.1205,0.0074,-0.0082,Moderate Misalignment,66,Unnamed Road,3211
4907,Unnamed Road,Urban Road,URB-04907,4907,12.9783,77.7339,12.976,77.7413,922.0,1962.8,1963.722,9.8073,Aligned,0.9982,0.9783,0.0043,0.0025,0.0088,30.0933,32.8833,79.6391,36.6233,29.2049,68.6664,78.5509,0.0,59.8531,17.5471,No,0.0,-0.0023,-0.0794,Good,Low,1.448,10.0,10.1851,21.0605,Safe,76.6389,33.9625,18.0907,Aligned,31.2724,64.3027,Separated Traffic,Urban,3.121,True,Commercial,Meets Safe System Standards,0.127,Light,False,25.1636,0.0163,0.0138,Aligned,33,Unnamed Road,3212
4908,Unnamed Road,Urban Road,URB-04908,4908,12.9661,77.5627,12.9757,77.5606,1313.9,1963.2,1964.514,22.2298,Aligned,0.562,0.5686,0.438,0.0136,-0.0064,69.7274,68.8639,100.0,9.5604,14.0775,81.175,73.4569,0.3207,60.0,7.1204,No,0.0,-0.0061,0.047,Poor,High,0.1428,10.0,10.0918,18.711,Safe,71.7326,68.1843,16.3502,Aligned,70.9552,39.5366,Separated Traffic,Rural,4.9827,True,Residential,Poor Infrastructure,0.1219,Light,False,56.2925,0.0192,-0.0007,Aligned,68,Unnamed Road,3213
4909,Unnamed Road,Urban Road,URB-04909,4909,13.0868,77.5479,13.0865,77.5473,68.3,1963.6,1963.668,12.8864,Aligned,0.8604,0.8845,0.1091,0.0331,-0.0098,69.0131,68.6147,99.4214,0.6784,16.3162,78.6957,78.5561,0.3035,60.0,6.2193,No,0.0,0.0021,-0.0348,Poor,Low,0.224,10.0,10.0,20.8831,Safe,69.3251,65.6843,19.8653,Aligned,66.0639,47.1628,Separated Traffic,Rural,6.9657,True,Mixed,Poor Infrastructure,-0.0172,,False,55.2067,-0.0083,-0.0024,Aligned,69,Unnamed Road,3214
4910,Unnamed Road,Urban Road,URB-04910,4910,13.0858,77.5466,13.0865,77.5473,112.8,1964.0,1964.113,11.5105,Aligned,0.9045,0.8599,0.1281,0.0193,-0.0018,56.1168,59.874,98.5654,21.723,19.4748,81.104,60.4083,0.0,60.0,6.3471,No,0.0,0.0125,-0.0523,Poor,Low,0.4001,10.0,10.0,20.059,Safe,72.6171,55.8091,16.2137,Aligned,55.528,53.2252,Separated Traffic,Peri-Urban,7.892,True,Commercial,Poor Infrastructure,0.2152,Light,False,44.575,-0.0006,-0.0137,Aligned,57,Unnamed Road,3215
4911,Unnamed Road,Urban Road,URB-04911,4911,13.0842,77.5451,13.0844,77.5451,29.4,1964.4,1964.429,26.721,Aligned,0.7378,0.7337,0.1324,0.1673,0.0045,59.9938,59.8926,100.0,10.473,21.2095,80.5161,84.7823,0.1035,59.829,6.129,No,0.0,-0.0147,-0.0187,Good,Low,0.2725,10.0,10.1793,21.0467,Safe,70.5587,59.8057,19.5798,Aligned,58.0421,56.0887,Separated Traffic,Peri-Urban,6.8981,True,Residential,Poor Infrastructure,0.0091,,False,48.6778,0.0027,-0.002,Aligned,60,Unnamed Road,3216
4912,Unnamed Road,Urban Road,URB-04912,4912,13.0852,77.5451,13.0854,77.5449,36.3,1964.8,1964.836,10.6376,Aligned,0.9545,0.9797,-0.0411,-0.0031,-0.0067,23.8229,21.7765,48.1049,17.561,24.4923,49.1347,78.4788,0.0,29.012,17.4402,No,0.0,-0.0035,0.0164,Good,High,2.3178,10.0,10.0,22.3743,Safe,71.9389,23.0519,19.6303,Aligned,24.8427,54.069,Side Impact Potential,Peri-Urban,2.0684,False,Commercial,Poor Infrastructure,0.1573,Light,False,17.8255,0.0045,0.014,Aligned,24,Unnamed Road,3217
4913,Unnamed Road,Urban Road,URB-04913,4913,13.0852,77.5451,13.0852,77.5456,56.1,1965.2,1965.256,40.4069,Moderate Misalignment,0.9084,0.0382,0.8717,0.0662,0.0058,73.7763,72.8978,98.034,0.0,19.4711,79.1419,96.3486,0.1893,59.8285,9.0113,No,0.0,0.0009,0.0551,Good,High,0.3965,10.0,24.0656,28.6133,Moderate Risk,59.2105,72.3633,34.2364,Moderate Misalignment,72.6429,52.4186,Separated Traffic,Peri-Urban,5.05,True,Industrial,Poor Infrastructure,0.1722,Light,False,55.6015,0.0006,0.0026,Moderate Misalignment,73,Unnamed Road,3218
4914,Unnamed Road,Urban Road,URB-04914,4914,13.0848,77.5452,13.0852,77.5451,53.5,1965.6,1965.654,36.7883,Moderate Misalignment,0.9119,0.125,0.8846,0.0185,-0.0099,28.401,30.4377,54.2009,46.8181,51.1333,29.8351,75.8819,0.396,40.5789,66.0246,No,0.0,0.0021,2.0241,Good,Medium,2.299,10.0,10.0,33.1746,Moderate Risk,67.4377,29.1028,37.4375,Moderate Misalignment,31.5816,57.7378,Significant Pedestrian Interaction,Peri-Urban,3.9778,False,Mixed,High Pedestrian Interaction | Above Human Tolerance Limit,-0.0246,,False,25.0836,-0.0009,0.0043,Moderate Misalignment,29,Unnamed Road,3219
4915,Unnamed Road,Urban Road,URB-04915,4915,13.0882,77.5467,13.0871,77.5455,185.7,1966.0,1966.186,38.707,Moderate Misalignment,0.8675,0.1037,0.8639,0.0346,0.0071,81.618,82.5995,98.9878,0.7506,13.3023,80.4946,80.041,0.0266,60.0,4.3467,No,0.0,0.002,0.0166,Poor,Medium,0.3779,10.0,31.4073,30.3999,Moderate Risk,54.4605,78.6822,42.7639,Moderate Misalignment,104.966,32.4386,Separated Traffic,Rural,6.8834,True,Residential,Poor Infrastructure,0.0475,,False,90.9593,0.0069,0.0001,Moderate Misalignment,80,Unnamed Road,3220
4916,Unnamed Road,Urban Road,URB-04916,4916,13.0858,77.5466,13.0858,77.5463,32.3,1966.4,1966.432,19.932,Aligned,0.7685,0.7523,0.2678,-0.0169,0.0059,70.5627,70.4407,99.7155,11.1635,15.1418,79.4232,77.6696,0.3785,59.7131,11.3094,No,0.0,-0.0107,0.0452,Poor,High,0.0405,10.0,10.0,19.5465,Safe,72.3836,70.6501,16.6206,Aligned,67.5577,33.4635,Separated Traffic,Rural,4.9082,True,Residential,Poor Infrastructure,-0.0086,,False,53.9849,0.0057,-0.0171,Aligned,68,Unnamed Road,3221
4917,Unnamed Road,Urban Road,URB-04917,4917,13.0844,77.5451,13.0848,77.5452,38.0,1966.8,1966.838,41.4148,Moderate Misalignment,0.9149,0.0352,0.9099,0.0526,0.0014,30.3041,31.1234,76.7732,65.1113,48.9239,31.6371,77.6795,0.0,39.4325,58.4816,No,0.0,0.0025,2.0447,Good,High,2.0486,10.0,10.2685,29.2278,Moderate Risk,72.4835,30.6795,33.5388,Moderate Misalignment,31.5389,55.9253,Significant Pedestrian Interaction,Urban,1.9513,True,Commercial,High Pedestrian Interaction | Above Human Tolerance Limit,0.1781,Light,False,24.5143,-0.0052,-0.0052,Moderate Misalignment,32,Unnamed Road,3222
4918,Unnamed Road,Urban Road,URB-04918,4918,13.0854,77.5449,13.0858,77.5448,49.5,1967.2,1967.25,12.5936,Aligned,0.9698,0.9463,-0.0021,-0.0095,-0.0108,36.6607,34.1996,79.3653,53.1385,34.8809,49.6938,68.6574,0.2317,48.422,36.6697,No,0.0,0.0124,-0.0477,Poor,Low,2.0304,10.0,10.0,20.9673,Safe,80.0241,33.7528,17.9894,Aligned,35.0387,57.4824,Side Impact Potential,Urban,5.8024,False,Residential,Meets Safe System Standards,0.0075,,False,27.8681,0.0131,-0.008,Aligned,35,Unnamed Road,3223
4919,Unnamed Road,Urban Road,URB-04919,4919,13.0863,77.5445,13.0858,77.5448,59.4,1967.6,1967.659,12.0108,Aligned,0.9543,0.9455,0.0551,0.0025,-0.0002,20.6891,18.1105,28.3141,0.0,14.8687,50.1426,77.1908,0.3673,20.4108,2.51,No,0.0,0.0056,0.0197,Poor,Low,1.4973,10.0,10.0,21.0591,Safe,69.6062,19.2992,17.2864,Aligned,21.5412,43.8528,Side Impact Potential,Rural,0.8217,False,Mixed,Active Congestion | Poor Infrastructure,0.7523,Severe,False,10.0,0.0003,0.0032,Aligned,20,Unnamed Road,3224
4920,Unnamed Road,Urban Road,URB-04920,4920,13.0856,77.5458,13.0852,77.5456,51.5,1968.0,1968.052,11.1032,Aligned,0.9259,0.9696,0.0483,-0.0046,-0.0013,32.9377,31.0364,52.8839,11.0797,24.0374,48.2387,73.8494,0.0456,41.3932,18.1483,No,0.0,0.0107,0.0295,Poor,Low,1.9708,10.0,10.0,23.8806,Safe,69.5191,33.2572,20.1162,Aligned,31.0749,51.0209,Side Impact Potential,Peri-Urban,2.9934,False,Industrial,Poor Infrastructure,0.1752,Light,False,25.1029,-0.0071,0.0111,Aligned,34,Unnamed Road,3225
4921,Unnamed Road,Urban Road,URB-04921,4921,13.0856,77.5458,13.0857,77.5461,32.1,1968.4,1968.432,10.9825,Aligned,0.9551,0.9074,0.0502,-0.0088,0.013,35.4026,32.3755,74.2869,22.1437,38.6755,49.602,85.5396,0.0931,60.0,40.2347,No,0.0,-0.014,1.0986,Good,Low,1.9767,10.0,10.0,26.7081,Moderate Risk,70.8993,34.782,24.4207,Aligned,33.9355,60.1555,Side Impact Potential,Urban,3.0888,False,Residential,Poor Infrastructure,0.0062,,False,31.5089,0.0028,-0.0053,Aligned,38,Unnamed Road,3226