segment_id,road_name,road_type,human_segment_id,internal_id,start_lat,start_lon,end_lat,end_lon,length_m,start_km,end_km,road_risk_score,ai_risk_label,ai_risk_probability,prob_low_risk,prob_medium_risk,prob_high_risk,prob_critical_risk,ai_recommended_speed,recommended_safe_speed,road_function_score,infrastructure_score,exposure_score,human_tolerance_limit,operating_speed_score,crash_risk_score,posted_speed_limit,pedestrian_exposure_score,blackspot_flag,crash_count,fatal_crashes,schools_count,lighting_quality,roadside_hazards,intersection_density,speed_compliance_rate,speed_violation_score,hotspot_score,hotspot_category,speed_safety_score,original_safe_speed,misalignment_score,misalignment_category,speed_p85,ptw_share_pct,exposure_tier,urban_rural_flag,lane_count,median_presence,land_use_type,top_ai_factors,congestion_index,congestion_category,congestion_smoothed,operating_speed_mean,minor_crashes,major_crashes,risk_category,final_safe_speed,corridor_base,corridor_seq
4922,Unnamed Road,Urban Road,URB-04922,4922,13.0857,77.5461,13.0858,77.5463,27.7,1968.8,1968.828,100.0,Critical Misalignment,0.9872,-0.0269,-0.0143,-0.0138,0.9823,27.4475,28.9389,100.0,61.0584,44.4122,30.0883,83.2212,0.3723,59.9689,51.9062,No,0.0,0.0095,1.1039,Good,Low,0.4504,10.0,10.3334,54.2219,High Risk,32.9064,29.9349,98.364,Critical Misalignment,85.9374,58.4926,Significant Pedestrian Interaction,Urban,4.8008,True,Commercial,Speed Limit Misaligned | High Pedestrian Interaction | Above Human Tolerance Limit,-0.0136,,False,76.4861,-0.0098,0.0005,Critical Misalignment,28,Unnamed Road,3227
4923,Unnamed Road,Urban Road,URB-04923,4923,13.0863,77.5445,13.0871,77.5455,137.3,1969.2,1969.337,14.0154,Aligned,0.9122,0.8717,0.0836,0.0214,0.0061,41.3102,44.1811,100.0,0.2016,18.9785,78.6533,62.6742,0.495,60.0,10.3761,No,0.0,0.0028,-0.0451,Poor,Medium,0.1762,10.0,10.1292,22.0088,Safe,69.3756,42.8599,19.5109,Aligned,43.4555,41.9901,Separated Traffic,Rural,7.8844,True,Residential,Poor Infrastructure,0.0098,,False,33.6842,0.0207,0.0056,Aligned,42,Unnamed Road,3228
4924,Unnamed Road,Urban Road,URB-04924,4924,12.9869,77.4911,12.9774,77.488,1198.0,1969.6,1970.798,41.0249,Moderate Misalignment,0.9824,0.0444,0.9798,0.0197,-0.0125,49.3303,48.2578,80.0114,19.6363,29.7061,50.6922,99.5445,0.5547,48.7107,22.7886,No,0.0,0.0029,-0.0094,Good,Medium,1.7772,10.0,19.4825,28.3962,Moderate Risk,65.3727,51.014,31.5604,Moderate Misalignment,59.2347,55.771,Side Impact Potential,Urban,2.9428,True,Residential,Poor Infrastructure,-0.0154,,False,48.7818,0.0048,0.0065,Moderate Misalignment,51,Unnamed Road,3229
4925,Unnamed Road,Urban Road,URB-04925,4925,12.9731,77.6224,12.9722,77.623,121.2,1970.0,1970.121,15.3942,Aligned,0.9045,0.9318,0.034,0.0149,0.0138,57.5913,58.2428,98.3477,35.8907,25.3351,78.0133,75.3447,0.5621,59.7781,12.0744,No,0.0,0.0056,-0.0611,Good,High,0.7199,10.0,10.233,18.7976,Safe,76.8597,57.4763,16.8676,Aligned,56.1847,60.2532,Separated Traffic,Urban,3.8484,True,Residential,Meets Safe System Standards,0.0028,,False,52.9477,0.0147,-0.0041,Aligned,58,Unnamed Road,3230
4926,Unnamed Road,Urban Road,URB-04926,4926,12.9015,77.5817,12.9042,77.5803,412.9,1970.4,1970.813,40.5322,Moderate Misalignment,0.8503,0.1086,0.8625,0.0845,0.0105,82.3061,78.6595,99.091,10.4908,20.4878,78.4945,95.81,0.3141,58.8383,9.8639,No,0.0,-0.005,0.0488,Good,Low,0.4351,10.0,24.4768,29.9422,Moderate Risk,58.746,79.5296,39.8331,Moderate Misalignment,100.7975,49.8945,Separated Traffic,Peri-Urban,5.042,True,Residential,Poor Infrastructure,0.1518,Light,False,80.0499,-0.0005,0.001,Moderate Misalignment,81,Unnamed Road,3231
4927,Unnamed Road,Urban Road,URB-04927,4927,12.9924,77.5526,12.9924,77.5511,157.1,1970.8,1970.957,15.6824,Aligned,0.7877,0.8,0.2195,0.0109,0.0015,28.0669,28.3697,50.1115,1.9978,18.7762,49.1134,92.3691,0.4519,29.6561,7.6103,No,0.0,0.0044,-0.0318,Poor,Medium,1.4539,10.0,10.0,22.0184,Safe,69.4275,26.6912,18.1658,Aligned,30.5135,45.7097,Side Impact Potential,Rural,3.1707,False,Mixed,Poor Infrastructure,0.0114,,False,26.6416,0.014,-0.009,Aligned,28,Unnamed Road,3232
4928,Unnamed Road,Urban Road,URB-04928,4928,12.9951,77.5528,12.995,77.5544,173.4,1971.2,1971.373,36.7776,Moderate Misalignment,0.8035,0.1502,0.853,0.0785,0.0059,81.3425,79.6824,100.0,22.4146,19.0356,78.1888,86.5066,0.2293,59.7615,9.1132,No,0.0,0.0064,-0.0184,Poor,Medium,0.3216,10.0,10.0874,24.2673,Safe,66.5004,80.5488,29.7552,Moderate Misalignment,85.3044,42.2174,Separated Traffic,Rural,5.1424,True,Residential,Poor Infrastructure | Above Human Tolerance Limit,0.0129,,False,78.9511,0.0141,0.0092,Moderate Misalignment,82,Unnamed Road,3233
4929,Unnamed Road,Urban Road,URB-04929,4929,13.0035,77.5436,13.0006,77.5447,351.0,1971.6,1971.951,10.4917,Aligned,0.972,0.9433,0.008,0.0208,-0.0006,35.49,33.7501,79.1464,55.1523,32.8531,51.4004,64.3575,0.0,47.6202,28.4544,No,0.0,0.0082,-0.0426,Good,Medium,2.0675,10.0,10.0,18.4342,Safe,80.9029,33.6225,16.6788,Aligned,36.9819,57.0521,Side Impact Potential,Urban,4.9429,False,Commercial,Approach to Congestion (Tapered),0.2054,Light,True,27.2516,0.0013,0.0096,Aligned,35,Unnamed Road,3234
4930,Unnamed Road,Urban Road,URB-04930,4930,12.9949,77.5664,12.9935,77.5664,155.5,1972.0,1972.156,10.46,Aligned,0.9694,0.9603,0.0627,0.019,-0.0017,45.0068,46.0298,85.9845,18.0052,26.1284,48.3438,75.6363,0.395,47.7689,13.6002,No,0.0,-0.0127,-0.0286,Good,High,1.8394,10.0,10.0,22.8636,Safe,70.9612,43.9989,20.651,Aligned,44.6829,66.9187,Side Impact Potential,Urban,4.9435,True,Commercial,Poor Infrastructure,0.1738,Light,False,34.5528,-0.0041,-0.0131,Aligned,47,Unnamed Road,3235
4931,Unnamed Road,Urban Road,URB-04931,4931,12.9928,77.5632,12.9937,77.5635,107.9,1972.4,1972.508,18.7574,Aligned,0.6987,0.7333,0.2804,0.0289,0.0023,66.6396,67.9426,99.7493,6.5115,16.7892,79.5494,79.0713,0.2675,60.0,10.1634,No,0.0,-0.0035,-0.0605,Poor,Low,0.0896,10.0,10.6352,20.3994,Safe,70.043,67.03,18.2166,Aligned,69.279,40.4297,Separated Traffic,Rural,4.8163,True,Industrial,Poor Infrastructure,-0.0134,,False,56.0736,0.0058,0.0059,Aligned,67,Unnamed Road,3236
4932,Unnamed Road,Urban Road,URB-04932,4932,12.8633,77.5909,12.865,77.5914,223.5,1972.8,1973.024,8.598,Aligned,1.0021,0.9793,0.0687,0.0236,-0.0063,22.8783,22.4753,26.8934,14.0088,16.8454,51.5729,64.6115,0.0183,60.0,10.5072,No,0.0,0.0031,0.0466,Poor,Low,1.0804,10.0,10.0,19.1488,Safe,72.973,21.3186,16.6502,Aligned,21.4415,35.2559,Side Impact Potential,Rural,1.0701,False,Commercial,Active Congestion | Poor Infrastructure,0.6613,Severe,False,11.2376,-0.0164,0.0087,Aligned,24,Unnamed Road,3237
4933,Unnamed Road,Urban Road,URB-04933,4933,12.939,77.5478,12.9388,77.5481,42.0,1973.2,1973.242,9.0108,Aligned,0.9903,1.0182,-0.038,0.002,0.0043,36.1473,39.7142,57.2977,5.6636,15.8259,49.1456,79.4542,0.2481,38.445,10.3099,No,0.0,0.0029,-0.0112,Poor,Low,1.5065,10.0,10.0,20.5809,Safe,70.3317,37.3688,17.6031,Aligned,36.622,38.1964,Side Impact Potential,Rural,3.983,False,Residential,Poor Infrastructure,0.2117,Light,False,28.7011,0.0145,0.0034,Aligned,38,Unnamed Road,3238
4934,Unnamed Road,Urban Road,URB-04934,4934,13.1069,77.5782,13.1053,77.5812,376.5,1973.6,1973.977,12.427,Aligned,0.9699,0.9885,0.0356,0.0139,-0.0079,38.7185,41.0987,73.6334,12.192,24.9675,50.9552,76.2314,0.1477,49.9593,18.2562,No,0.0,0.0006,1.1004,Good,High,1.4787,10.0,10.3564,22.1305,Safe,70.9745,38.6369,21.1677,Aligned,43.2401,50.7857,Side Impact Potential,Peri-Urban,3.8381,False,Industrial,Approach to Congestion (Tapered) | Poor Infrastructure,0.0146,,True,34.4388,0.0021,0.0035,Aligned,39,Unnamed Road,3239
4935,Unnamed Road,Urban Road,URB-04935,4935,12.9698,77.636,12.9699,77.6363,43.8,1974.0,1974.044,12.4261,Aligned,0.9724,0.9717,0.0638,-0.0184,-0.0097,36.0904,33.0867,83.367,17.3445,29.0503,52.1066,82.0515,0.0,39.3122,18.5568,No,0.0,0.0003,0.0122,Good,Medium,1.7015,10.0,10.0,23.3958,Safe,71.1989,28.6449,20.4033,Aligned,34.281,64.3167,Side Impact Potential,Urban,4.2542,True,Commercial,Poor Infrastructure,-0.0188,,False,26.2663,-0.0032,0.0021,Aligned,33,Unnamed Road,3240
4936,Unnamed Road,Urban Road,URB-04936,4936,13.0465,77.5914,13.0534,77.5934,857.9,1974.4,1975.258,34.862,Moderate Misalignment,0.8055,0.1703,0.817,-0.0002,-0.0023,52.2285,48.9639,91.1641,44.2035,32.1033,50.0797,94.029,0.0,50.3357,25.1026,No,0.0,-0.0064,0.0379,Good,High,1.7142,10.0,14.7759,24.0532,Safe,73.7298,52.0373,24.4689,Moderate Misalignment,57.0441,63.3094,Side Impact Potential,Urban,5.9222,True,Commercial,Meets Safe System Standards,-0.0013,,False,46.9518,-0.0207,0.0079,Moderate Misalignment,51,Unnamed Road,3241
4937,Unnamed Road,Urban Road,URB-04937,4937,12.9915,77.6434,12.9873,77.6429,489.2,1974.8,1975.289,14.0595,Aligned,0.9078,0.8806,0.0599,0.0255,-0.0058,55.2143,56.0352,99.2231,6.5275,18.5135,81.5069,63.6763,0.0,59.0979,11.6354,No,0.0,-0.0106,-0.1122,Poor,Low,0.1292,10.0,10.2278,20.4138,Safe,71.4975,55.9912,17.8021,Aligned,54.4667,38.9585,Separated Traffic,Rural,6.8638,True,Industrial,Poor Infrastructure,0.1437,Light,False,46.3183,0.0056,0.0136,Aligned,54,Unnamed Road,3242
4938,Unnamed Road,Urban Road,URB-04938,4938,12.9812,77.4851,12.9714,77.4827,1147.9,1975.2,1976.348,87.4561,High Misalignment,0.4903,-0.0641,0.0302,0.5122,0.4734,29.1907,29.1641,100.0,87.7736,55.5618,27.8171,99.4024,0.0,59.9549,69.0315,No,0.0,-0.0041,1.9918,Good,Low,0.5984,10.0,28.626,46.0341,Moderate Risk,51.4638,27.2035,75.9951,Critical Misalignment,75.8257,66.4764,Significant Pedestrian Interaction,Urban,3.9354,True,Commercial,Speed Limit Misaligned | High Pedestrian Interaction | Above Human Tolerance Limit,0.1682,Light,False,60.4439,0.003,0.0194,High Misalignment,29,Unnamed Road,3243
4939,Unnamed Road,Urban Road,URB-04939,4939,12.9092,77.5327,12.9086,77.5348,248.6,1975.6,1975.849,41.1001,Moderate Misalignment,0.9495,0.0059,0.9379,0.0451,0.0077,30.2729,32.2546,73.4915,33.461,45.502,28.9091,38.5273,0.4226,50.6975,53.6466,No,0.0,-0.0053,1.0016,Good,Medium,1.4918,10.0,10.0,38.7767,Moderate Risk,56.9399,29.9319,51.8045,High Misalignment,35.6655,56.2621,Significant Pedestrian Interaction,Urban,3.1457,False,Commercial,Speed Limit Misaligned | High Pedestrian Interaction | Active Congestion,0.7453,Severe,False,11.424,0.0023,0.0062,Moderate Misalignment,32,Unnamed Road,3244
4940,Unnamed Road,Urban Road,URB-04940,4940,13.0389,77.6775,13.0389,77.6803,300.0,1976.0,1976.3,10.8186,Aligned,0.9579,0.97,0.058,-0.0028,-0.0042,31.1979,33.4821,49.8843,29.9328,25.3479,48.7676,94.3163,0.3232,40.9061,24.9663,No,0.0,0.0033,0.9762,Poor,Low,1.3377,10.0,10.1966,20.6575,Safe,73.476,32.7633,17.949,Aligned,33.5906,37.4504,Side Impact Potential,Rural,1.9151,False,Residential,Poor Infrastructure,0.1604,Light,False,25.5982,-0.0141,-0.0091,Aligned,31,Unnamed Road,3245
4941,Unnamed Road,Urban Road,URB-04941,4941,13.0221,77.5531,13.0234,77.5542,274.6,1976.4,1976.675,39.6931,Moderate Misalignment,0.9891,0.068,0.9901,0.0009,0.0039,79.4141,79.6708,98.2037,26.5868,14.5719,79.8419,10.8228,0.0,60.0,10.6233,No,0.0,-0.0019,0.0062,Poor,Low,0.1662,10.0,10.0,23.831,Safe,68.4981,79.841,29.4081,Moderate Misalignment,81.3416,34.8119,Separated Traffic,Rural,4.9527,True,Residential,Active Congestion | Poor Infrastructure | Above Human Tolerance Limit,0.6613,Severe,False,27.2821,-0.0088,-0.0138,Moderate Misalignment,79,Unnamed Road,3246
4942,Unnamed Road,Urban Road,URB-04942,4942,13.021,77.5539,13.0199,77.5542,365.2,1976.8,1977.165,37.4004,Moderate Misalignment,0.8675,0.117,0.9186,0.0033,0.0054,25.9335,27.0515,29.9782,56.7759,40.9304,30.3437,96.138,0.09,20.0,49.1508,No,0.0,0.0011,3.0162,Poor,High,2.566,10.0,30.1324,24.8623,Moderate Risk,75.7097,26.0142,26.3593,Moderate Misalignment,24.6715,56.789,Significant Pedestrian Interaction,Peri-Urban,1.206,False,Industrial,High Pedestrian Interaction,0.0174,,False,23.1404,-0.0086,0.0129,Moderate Misalignment,27,Unnamed Road,3247
4943,Unnamed Road,Urban Road,URB-04943,4943,13.0293,77.5864,13.0326,77.5877,391.0,1977.2,1977.591,16.4923,Aligned,0.7644,0.7676,0.2191,-0.0072,0.0029,26.672,29.4778,51.3012,10.1815,25.1238,48.3079,92.4988,0.0638,30.6375,13.3555,No,0.0,0.0031,-0.0042,Good,Low,3.6239,10.0,10.0,22.3874,Safe,69.1758,32.2861,22.2766,Aligned,28.6033,60.1665,Side Impact Potential,Urban,1.9352,False,Mixed,Poor Infrastructure,0.0356,,False,25.8156,0.0037,0.0011,Aligned,29,Unnamed Road,3248
4944,Unnamed Road,Urban Road,URB-04944,4944,13.028,77.5857,13.0293,77.5864,164.5,1977.6,1977.765,9.6595,Aligned,0.9668,0.9947,0.0159,0.0041,0.0009,40.8236,41.2734,79.4856,0.3138,23.949,49.798,71.5552,0.0,50.4728,11.3979,No,0.0,0.0011,0.0033,Poor,Low,2.6005,10.0,10.4849,24.2345,Safe,68.0536,41.0059,19.9789,Aligned,41.7554,57.3575,Side Impact Potential,Urban,3.8871,False,Commercial,Poor Infrastructure,0.1921,Light,False,31.7145,-0.0096,0.0218,Aligned,42,Unnamed Road,3249
4945,Unnamed Road,Urban Road,URB-04945,4945,13.0239,77.5846,13.0256,77.5851,203.6,1978.0,1978.204,25.1746,Aligned,0.5738,0.5764,0.4309,0.0104,0.0002,51.9265,49.483,46.5987,8.6593,25.6024,50.2678,92.9447,0.1933,60.0,13.1745,No,0.0,0.0052,-0.0618,Poor,Medium,3.7102,10.0,30.5044,29.3447,Moderate Risk,62.1248,50.2196,34.2521,Moderate Misalignment,50.5061,64.4658,Side Impact Potential,Urban,2.0268,False,Industrial,Poor Infrastructure,-0.0022,,False,42.3831,-0.0019,0.0115,Aligned,53,Unnamed Road,3250
4946,Unnamed Road,Urban Road,URB-04946,4946,13.0256,77.5851,13.0271,77.5854,175.2,1978.4,1978.575,12.0221,Aligned,0.9313,0.9746,0.0804,0.0034,-0.0064,37.2342,37.7258,87.414,25.2115,30.9689,51.0816,50.7636,0.1727,37.0135,26.4996,No,0.0,-0.0061,-0.0483,Poor,High,2.4725,10.0,10.0706,23.6129,Safe,72.5945,34.7032,21.2927,Aligned,35.1577,60.2055,Side Impact Potential,Urban,6.0208,True,Residential,Active Congestion | Poor Infrastructure,0.8271,Severe,False,10.0677,0.0038,-0.0155,Aligned,35,Unnamed Road,3251
4947,Unnamed Road,Urban Road,URB-04947,4947,13.0236,77.5846,13.0239,77.5846,28.4,1978.8,1978.828,12.7433,Aligned,0.9125,0.9208,0.0826,0.0527,-0.0069,77.3838,77.7539,100.0,0.3279,14.7008,81.3239,22.7484,0.0,58.9304,0.0,No,0.0,-0.0056,-0.0396,Poor,Medium,0.2138,10.0,10.0028,21.1618,Safe,69.8193,80.8481,17.1064,Aligned,77.3307,47.7021,Separated Traffic,Rural,5.0126,True,Residential,Active Congestion | Poor Infrastructure,0.6505,Severe,False,29.3679,-0.0114,0.0136,Aligned,79,Unnamed Road,3252
4948,Unnamed Road,Urban Road,URB-04948,4948,13.0271,77.5854,13.028,77.5857,109.7,1979.2,1979.31,9.8025,Aligned,0.9338,0.9859,0.0588,0.0101,-0.0055,26.9385,28.3428,55.2841,48.8397,27.0536,52.1174,95.5303,0.0897,30.2677,23.5933,No,0.0,-0.0028,-0.0121,Poor,High,3.3126,10.0,10.2433,18.3974,Safe,80.3341,24.9861,14.4275,Aligned,30.1491,53.6717,Side Impact Potential,Urban,3.9174,False,Industrial,Meets Safe System Standards,-0.0135,,False,23.3563,0.0205,-0.0233,Aligned,29,Unnamed Road,3253
4949,Unnamed Road,Urban Road,URB-04949,4949,13.0233,77.5845,13.0236,77.5846,35.5,1979.6,1979.636,36.4086,Moderate Misalignment,0.8089,0.1942,0.8716,0.0021,0.0066,42.6383,43.6705,50.2573,20.6698,28.1049,50.8649,97.2402,0.0,39.8411,18.9185,No,0.0,-0.007,0.0401,Good,Medium,2.6753,10.0,12.3804,24.3073,Safe,68.8915,41.4003,26.2567,Moderate Misalignment,42.337,59.3392,Side Impact Potential,Peri-Urban,3.0824,False,Residential,Poor Infrastructure,0.0321,,False,37.6615,-0.0013,-0.0091,Moderate Misalignment,43,Unnamed Road,3254
4950,Unnamed Road,Urban Road,URB-04950,4950,13.023,77.5844,13.0233,77.5845,45.1,1980.0,1980.045,26.7843,Moderate Misalignment,0.5685,0.48,0.534,0.0073,0.003,50.3788,51.3469,55.387,0.0,24.5254,49.6119,94.619,0.0597,37.4098,13.428,No,0.0,0.0038,-0.0737,Poor,Low,2.0886,10.0,25.7161,28.6528,Moderate Risk,61.5374,49.9516,31.4409,Moderate Misalignment,50.2597,59.3884,Side Impact Potential,Peri-Urban,2.9129,False,Commercial,Poor Infrastructure,0.0196,,False,45.4321,0.0043,0.0013,Moderate Misalignment,50,Unnamed Road,3255
4951,Unnamed Road,Urban Road,URB-04951,4951,13.0236,77.5846,13.023,77.5844,78.1,1980.4,1980.478,28.1051,Moderate Misalignment,0.5504,0.439,0.5206,0.0099,-0.009,38.7977,39.75,29.595,0.8798,20.045,50.1312,97.4373,0.9193,40.8227,13.0425,No,0.0,0.0118,-0.0142,Poor,Low,2.6917,10.0,28.8272,27.279,Moderate Risk,63.1766,40.6738,29.439,Moderate Misalignment,34.8189,50.3277,Side Impact Potential,Peri-Urban,1.0673,False,Commercial,Poor Infrastructure,0.0127,,False,30.6273,-0.0139,0.001,Moderate Misalignment,39,Unnamed Road,3256
4952,Unnamed Road,Urban Road,URB-04952,4952,13.028,77.633,13.0267,77.637,453.0,1980.8,1981.253,21.9381,Aligned,0.4996,0.4382,0.4418,0.0127,-0.0007,40.9056,42.7776,84.7863,10.2026,27.5254,50.3054,96.4454,0.2013,38.0388,13.6239,No,0.0,0.0002,0.0263,Good,High,1.4544,10.0,10.0,25.3427,Moderate Risk,68.4994,40.8374,22.6137,Aligned,42.9302,65.8756,Side Impact Potential,Urban,6.1056,False,Residential,Poor Infrastructure,-0.0065,,False,34.0153,0.0039,0.0001,Aligned,39,Unnamed Road,3257
4953,Unnamed Road,Urban Road,URB-04953,4953,13.0362,77.4803,13.0362,77.4799,41.4,1981.2,1981.241,12.5882,Aligned,1.002,0.9873,0.0528,0.0145,-0.0037,35.4614,32.8543,82.1911,32.5099,33.333,51.1603,86.2191,0.0,40.3209,29.5237,No,0.0,0.007,0.9936,Good,Low,1.8432,10.0,10.0,23.9925,Safe,73.6465,34.0836,22.0532,Aligned,33.7496,63.12,Side Impact Potential,Urban,5.9769,False,Residential,Poor Infrastructure,0.0258,,False,31.7913,-0.0153,-0.0029,Aligned,36,Unnamed Road,3258
4954,Unnamed Road,Urban Road,URB-04954,4954,13.0362,77.4799,13.0365,77.48,35.4,1981.6,1981.635,35.877,Moderate Misalignment,0.875,0.105,0.8511,0.0285,0.0071,50.1641,48.4995,70.807,29.0367,26.6817,50.5773,96.9141,0.1747,50.3247,14.5588,No,0.0,0.0043,-0.0022,Good,Low,1.4167,10.0,10.0,21.6598,Safe,73.8191,50.314,19.3199,Aligned,50.3649,66.6753,Side Impact Potential,Urban,3.1132,False,Mixed,Poor Infrastructure,-0.0183,,False,47.8189,0.0076,-0.0132,Moderate Misalignment,50,Unnamed Road,3259
4955,Unnamed Road,Urban Road,URB-04955,4955,13.0294,77.4835,13.0298,77.4836,43.9,1982.0,1982.044,16.7646,Aligned,0.7849,0.7872,0.2859,0.0054,0.0099,69.3007,68.0039,98.8012,12.104,15.8838,79.4717,78.4784,0.3847,59.9542,11.5461,No,0.0,-0.0009,-0.0171,Poor,High,0.1723,10.0,10.426,20.0184,Safe,72.1508,67.3732,16.5953,Aligned,65.9998,33.0552,Separated Traffic,Rural,4.8857,True,Residential,Poor Infrastructure,0.0076,,False,55.4119,-0.0018,0.0108,Aligned,68,Unnamed Road,3260
4956,Unnamed Road,Urban Road,URB-04956,4956,13.0304,77.4836,13.0298,77.4836,64.5,1982.4,1982.465,9.8635,Aligned,0.9449,0.9396,0.0462,-0.0096,0.015,19.598,21.5399,25.9844,1.3498,24.0242,49.6118,92.0589,0.1786,20.0,7.3279,No,0.0,0.0066,-0.0085,Poor,Medium,3.8264,10.0,10.0,24.368,Safe,67.7586,21.6166,21.854,Aligned,18.3546,59.5072,Side Impact Potential,Peri-Urban,0.8127,False,Industrial,Poor Infrastructure,0.1462,Light,False,15.3422,-0.0097,0.0036,Aligned,18,Unnamed Road,3261
4957,Unnamed Road,Urban Road,URB-04957,4957,13.0313,77.4837,13.0304,77.4836,106.0,1982.8,1982.906,12.9658,Aligned,0.9073,0.8979,0.092,-0.0069,-0.021,69.8242,71.8794,100.0,10.9777,21.2815,78.9807,60.1101,0.0344,60.0,9.864,No,0.0,0.0023,-0.0163,Poor,Low,0.3444,10.0,10.3879,21.2125,Safe,70.7066,72.3406,20.0049,Aligned,71.9444,50.9322,Separated Traffic,Peri-Urban,6.0502,True,Residential,Poor Infrastructure,0.1794,Light,False,54.8889,-0.0103,-0.0055,Aligned,69,Unnamed Road,3262
4958,Unnamed Road,Urban Road,URB-04958,4958,13.036,77.4857,13.036,77.4853,36.2,1983.2,1983.236,36.8182,Moderate Misalignment,0.9636,0.0701,0.9839,-0.0034,0.0029,79.2304,78.5493,99.6928,1.7725,12.4907,80.2681,88.4152,0.1236,59.4099,3.3796,No,0.0,-0.0019,-0.0669,Good,Low,0.2498,10.0,28.6415,27.7553,Moderate Risk,58.7576,79.9832,37.7332,Moderate Misalignment,91.7259,40.0982,Separated Traffic,Rural,5.8988,True,Residential,Poor Infrastructure,-0.0099,,False,78.4564,0.0052,-0.0029,Moderate Misalignment,81,Unnamed Road,3263
4959,Unnamed Road,Urban Road,URB-04959,4959,13.0357,77.4852,13.036,77.4853,45.7,1983.6,1983.646,14.5357,Aligned,0.872,0.8863,0.1171,0.0071,0.0073,29.747,28.1394,50.7902,100.0,66.291,31.0153,95.4666,0.0045,39.6751,95.4585,No,0.0,0.0021,0.9248,Poor,High,2.6325,10.0,10.0,27.134,Moderate Risk,85.6419,32.6089,24.275,Aligned,29.6568,62.5634,Significant Pedestrian Interaction,Urban,2.343,False,Residential,High Pedestrian Interaction,0.008,,False,29.7133,-0.0026,-0.0076,Aligned,30,Unnamed Road,3264
4960,Unnamed Road,Urban Road,URB-04960,4960,13.0357,77.4852,13.0357,77.485,23.3,1984.0,1984.023,38.3831,Moderate Misalignment,0.9446,0.0467,0.9141,0.0066,-0.0033,65.0247,65.6441,79.0782,43.1346,30.2946,70.4766,97.0066,0.2841,52.4344,18.8829,No,0.0,-0.0004,-0.003,Good,Medium,1.4647,10.0,30.7152,25.9602,Moderate Risk,69.1055,64.779,32.786,Moderate Misalignment,61.9371,64.1366,Separated Traffic,Urban,3.0253,True,Mixed,Meets Safe System Standards,0.1519,Light,False,49.9941,0.0058,0.0034,Moderate Misalignment,65,Unnamed Road,3265
4961,Unnamed Road,Urban Road,URB-04961,4961,13.0357,77.485,13.0357,77.4847,31.3,1984.4,1984.431,10.2598,Aligned,0.9345,0.8811,0.0681,-0.0154,-0.0026,28.4701,28.3392,86.2686,56.5507,42.7521,51.3355,75.1668,0.0,40.893,50.2395,No,0.0,0.0043,0.9504,Poor,High,2.3963,10.0,10.0,23.2165,Safe,79.5504,27.3515,19.7913,Aligned,32.3681,55.5183,Side Impact Potential,Urban,4.9109,True,Commercial,Meets Safe System Standards,0.195,Light,False,22.3971,0.0024,0.0166,Aligned,28,Unnamed Road,3266
4962,Unnamed Road,Urban Road,URB-04962,4962,13.036,77.4826,13.0358,77.4835,101.0,1984.8,1984.901,11.3228,Aligned,1.0026,1.0194,0.0097,0.0074,0.0069,24.0153,22.7776,27.4647,31.179,27.3164,50.3456,85.6089,0.2833,29.558,23.1402,No,0.0,-0.01,1.0018,Poor,Low,2.7346,10.0,10.0,20.7529,Safe,74.6826,24.9489,17.9683,Aligned,26.2676,50.9576,Side Impact Potential,Peri-Urban,1.9808,False,Industrial,Poor Infrastructure,-0.0076,,False,23.3947,0.0051,0.0021,Aligned,23,Unnamed Road,3267
4963,Unnamed Road,Urban Road,URB-04963,4963,13.036,77.4826,13.036,77.4819,72.8,1985.2,1985.273,12.2263,Aligned,0.9037,0.8548,0.0808,-0.0079,0.0087,40.9014,41.1534,73.0085,10.2076,25.6419,49.989,90.7924,0.0,39.4424,13.8994,No,0.0,-0.0027,-0.0364,Good,Low,1.3968,10.0,10.0,23.6618,Safe,69.8655,39.438,21.3151,Aligned,40.2632,52.1592,Side Impact Potential,Peri-Urban,1.9648,False,Commercial,Poor Infrastructure,0.0255,,False,33.6019,-0.0002,0.0011,Aligned,39,Unnamed Road,3268
4964,Unnamed Road,Urban Road,URB-04964,4964,13.0358,77.4838,13.0358,77.4835,33.4,1985.6,1985.633,35.7146,Moderate Misalignment,0.8231,0.176,0.8375,-0.0214,0.0062,49.7633,50.2814,45.6556,15.0352,25.4748,50.22,96.2662,0.1398,39.869,12.1493,No,0.0,0.0069,-0.0155,Good,Medium,3.5654,10.0,24.1634,26.6588,Moderate Risk,65.5555,48.283,31.985,Moderate Misalignment,50.8426,64.0601,Side Impact Potential,Urban,1.9907,False,Commercial,Poor Infrastructure,0.1736,Light,False,35.3423,0.0071,0.0007,Moderate Misalignment,48,Unnamed Road,3269
4965,Unnamed Road,Urban Road,URB-04965,4965,13.036,77.4819,13.0361,77.4816,32.6,1986.0,1986.033,36.8187,Moderate Misalignment,0.8724,0.1617,0.8221,0.003,0.0017,52.7301,51.1194,80.204,20.8364,24.0522,49.8538,99.2385,0.0,40.2584,14.572,No,0.0,-0.004,-0.0559,Good,Medium,1.5321,10.0,29.9822,26.1387,Moderate Risk,66.7373,48.2793,29.3467,Moderate Misalignment,51.3816,49.073,Side Impact Potential,Peri-Urban,6.0358,False,Mixed,Poor Infrastructure,0.1562,Light,False,39.6466,0.0036,0.0171,Moderate Misalignment,51,Unnamed Road,3270
4966,Unnamed Road,Urban Road,URB-04966,4966,13.0358,77.4841,13.0358,77.4838,36.4,1986.4,1986.436,71.4013,High Misalignment,0.8647,-0.0191,0.1285,0.8829,0.0041,32.815,30.1275,84.7566,33.3261,47.7023,29.9459,96.9867,0.6237,38.948,49.8139,No,0.0,0.0004,0.9727,Poor,Low,1.9692,10.0,34.7527,38.8878,Moderate Risk,55.8372,31.9081,50.9708,High Misalignment,54.5427,66.9421,Significant Pedestrian Interaction,Urban,6.0174,True,Residential,Speed Limit Misaligned | High Pedestrian Interaction | Above Human Tolerance Limit,0.1574,Light,False,41.6149,0.0006,-0.0004,High Misalignment,32,Unnamed Road,3271