segment_id,road_name,road_type,human_segment_id,internal_id,start_lat,start_lon,end_lat,end_lon,length_m,start_km,end_km,road_risk_score,ai_risk_label,ai_risk_probability,prob_low_risk,prob_medium_risk,prob_high_risk,prob_critical_risk,ai_recommended_speed,recommended_safe_speed,road_function_score,infrastructure_score,exposure_score,human_tolerance_limit,operating_speed_score,crash_risk_score,posted_speed_limit,pedestrian_exposure_score,blackspot_flag,crash_count,fatal_crashes,schools_count,lighting_quality,roadside_hazards,intersection_density,speed_compliance_rate,speed_violation_score,hotspot_score,hotspot_category,speed_safety_score,original_safe_speed,misalignment_score,misalignment_category,speed_p85,ptw_share_pct,exposure_tier,urban_rural_flag,lane_count,median_presence,land_use_type,top_ai_factors,congestion_index,congestion_category,congestion_smoothed,operating_speed_mean,minor_crashes,major_crashes,risk_category,final_safe_speed,corridor_base,corridor_seq
4967,Unnamed Road,Urban Road,URB-04967,4967,13.0326,77.4839,13.0313,77.4837,144.5,1986.8,1986.945,99.9616,Critical Misalignment,0.9891,0.0046,0.0081,0.005,1.0186,30.7104,32.1655,100.0,58.3894,46.4809,28.9865,39.5939,0.0,60.0,51.2876,No,0.0,0.0017,2.9115,Good,Low,0.5111,10.0,10.2228,55.4978,High Risk,31.4504,30.1085,98.9433,Critical Misalignment,59.5426,58.9192,Significant Pedestrian Interaction,Urban,7.8321,True,Residential,Speed Limit Misaligned | High Pedestrian Interaction | Above Human Tolerance Limit,-0.0344,,False,49.7226,0.0099,-0.0271,Critical Misalignment,29,Unnamed Road,3272
4968,Unnamed Road,Urban Road,URB-04968,4968,13.0357,77.4845,13.0358,77.4841,37.6,1987.2,1987.238,9.6742,Aligned,1.0082,0.9786,0.044,-0.0106,0.0005,24.4596,27.1252,25.891,15.9556,19.1555,50.3158,86.7422,0.0,31.1621,6.7324,No,0.0,-0.006,0.0193,Poor,Medium,2.9288,10.0,10.3705,20.6949,Safe,73.3889,26.6123,18.0915,Aligned,28.8027,50.6304,Side Impact Potential,Peri-Urban,1.0327,False,Residential,Poor Infrastructure,0.0174,,False,21.8416,0.0019,-0.0063,Aligned,26,Unnamed Road,3273
4969,Unnamed Road,Urban Road,URB-04969,4969,13.0357,77.4845,13.0357,77.4847,30.9,1987.6,1987.631,65.8565,High Misalignment,0.7682,0.0309,0.2077,0.7619,-0.0088,28.409,31.0884,76.6926,50.7626,51.2606,29.9988,90.7997,0.0,39.4345,64.5106,No,0.0,0.0058,0.9916,Poor,Medium,1.9718,10.0,10.0,33.2755,Moderate Risk,66.7577,30.0776,38.4216,Moderate Misalignment,42.8094,59.7643,Significant Pedestrian Interaction,Urban,2.2245,True,Commercial,High Pedestrian Interaction | Above Human Tolerance Limit,0.1299,Light,False,32.5902,0.0105,-0.0038,High Misalignment,30,Unnamed Road,3274
4970,Unnamed Road,Urban Road,URB-04970,4970,13.0357,77.4845,13.0351,77.4845,71.1,1988.0,1988.071,13.5546,Aligned,0.8963,0.9292,0.1153,-0.01,-0.0206,67.8541,69.1947,98.7938,0.0,12.1948,81.1565,29.3942,0.0,60.0,3.9825,No,0.0,0.0024,-0.0442,Poor,High,0.0253,10.0,10.0,20.189,Safe,69.2451,69.4533,16.0241,Aligned,68.891,33.1456,Separated Traffic,Rural,7.967,True,Residential,Active Congestion | Poor Infrastructure,0.688,Severe,False,24.4551,-0.0208,0.0037,Aligned,69,Unnamed Road,3275
4971,Unnamed Road,Urban Road,URB-04971,4971,13.0361,77.4813,13.0361,77.4816,31.5,1988.4,1988.432,42.2374,Moderate Misalignment,0.9114,-0.023,0.9604,0.0472,-0.0033,48.9748,48.8114,94.3174,29.9971,23.3612,50.5599,76.2837,0.3155,60.0,15.4002,No,0.0,0.0099,-0.0379,Good,Medium,0.6505,10.0,10.2874,30.5472,Moderate Risk,59.6982,48.9544,45.1141,Moderate Misalignment,61.6702,57.2111,Side Impact Potential,Urban,7.368,False,Commercial,Poor Infrastructure | Above Human Tolerance Limit,0.0139,,False,52.751,-0.0002,-0.0045,Moderate Misalignment,49,Unnamed Road,3276
4972,Unnamed Road,Urban Road,URB-04972,4972,13.0361,77.4813,13.0361,77.481,29.5,1988.8,1988.83,70.4583,High Misalignment,0.8756,-0.0221,0.0667,0.8873,0.0129,30.2497,29.4912,84.1487,49.1019,48.9952,29.8739,63.4735,0.0,60.0,58.2015,No,0.0,0.0067,2.0615,Good,Medium,1.8703,10.0,10.0,42.6239,Moderate Risk,52.1833,29.279,61.6998,High Misalignment,45.877,66.3547,Significant Pedestrian Interaction,Urban,5.1856,True,Mixed,Speed Limit Misaligned | High Pedestrian Interaction | Above Human Tolerance Limit,0.2015,Light,False,36.2373,0.0118,0.0073,High Misalignment,31,Unnamed Road,3277
4973,Unnamed Road,Urban Road,URB-04973,4973,13.0361,77.481,13.0361,77.4807,32.8,1989.2,1989.233,43.8632,Moderate Misalignment,0.6969,0.0526,0.7308,0.22,0.0144,50.4466,52.1834,96.5824,43.6401,27.9195,49.6578,74.6297,0.1488,59.8077,13.0963,No,0.0,0.0036,0.0587,Good,High,0.5697,10.0,10.0,34.9779,Moderate Risk,54.5333,49.7744,56.5303,High Misalignment,70.1719,68.7368,Side Impact Potential,Urban,6.9655,False,Residential,Speed Limit Misaligned | Above Human Tolerance Limit,-0.0091,,False,62.9264,0.0077,-0.0035,Moderate Misalignment,50,Unnamed Road,3278
4974,Unnamed Road,Urban Road,URB-04974,4974,13.0333,77.4841,13.0336,77.4842,31.9,1989.6,1989.632,8.7481,Aligned,0.9966,0.9816,0.0085,-0.0155,-0.0009,25.3395,25.4783,26.8718,0.0,17.0187,49.7241,84.2784,0.0,39.132,1.4885,No,0.0,0.006,-0.0157,Poor,High,3.2517,10.0,10.3549,21.6475,Safe,67.5694,25.6326,17.4656,Aligned,24.4291,50.7801,Side Impact Potential,Peri-Urban,0.8014,False,Commercial,Poor Infrastructure,0.2061,Light,False,17.4869,0.0014,0.0055,Aligned,25,Unnamed Road,3279
4975,Unnamed Road,Urban Road,URB-04975,4975,13.0333,77.4841,13.0326,77.4839,83.0,1990.0,1990.083,12.1232,Aligned,0.9572,0.9336,0.0187,0.0187,-0.0003,34.9023,34.2996,70.7224,23.1971,32.9989,49.6768,85.9407,0.1483,40.7434,27.6862,No,0.0,0.0062,1.0338,Good,High,1.6796,10.0,10.0,24.6846,Safe,72.5495,35.0163,21.0247,Aligned,33.3899,57.4248,Side Impact Potential,Urban,1.9649,False,Commercial,Poor Infrastructure,0.0215,,False,30.8711,0.0095,-0.0085,Aligned,35,Unnamed Road,3280
4976,Unnamed Road,Urban Road,URB-04976,4976,13.0336,77.4842,13.0339,77.4843,32.3,1990.4,1990.432,12.7979,Aligned,0.9094,0.8956,0.069,0.0334,-0.0067,60.3192,64.1088,100.0,0.0,17.6362,81.2047,59.5459,0.0,60.0,8.6094,No,0.0,-0.0033,-0.0215,Poor,Medium,0.2239,10.0,10.0,22.6049,Safe,68.6592,66.7281,21.9879,Aligned,65.0954,43.3642,Separated Traffic,Rural,7.9503,True,Residential,Poor Infrastructure,0.0024,,False,52.6097,-0.0126,-0.0078,Aligned,64,Unnamed Road,3281
4977,Unnamed Road,Urban Road,URB-04977,4977,13.0341,77.4843,13.0339,77.4843,29.1,1990.8,1990.829,9.1745,Aligned,0.9744,0.9635,0.0056,-0.0172,0.0084,36.7143,36.983,78.7647,32.1048,34.3631,49.2645,71.6689,0.1426,49.4496,28.3634,No,0.0,-0.0026,0.0085,Good,Low,1.6982,10.0,10.0,23.4926,Safe,74.5912,38.121,21.4151,Aligned,39.8424,65.8517,Side Impact Potential,Urban,6.0659,False,Mixed,Poor Infrastructure,-0.0267,,False,31.914,-0.0018,-0.0068,Aligned,37,Unnamed Road,3282
4978,Unnamed Road,Urban Road,URB-04978,4978,13.0341,77.4843,13.0351,77.4845,110.6,1991.2,1991.311,10.2886,Aligned,0.9857,1.044,0.0029,0.0256,-0.0028,25.0797,27.6565,24.5642,0.9888,17.066,49.2589,81.0644,0.2003,30.8339,7.3227,No,0.0,-0.0038,-0.0487,Poor,High,3.2025,10.0,10.0748,22.4554,Safe,69.0713,25.3048,17.4463,Aligned,24.9489,52.6076,Side Impact Potential,Peri-Urban,0.819,False,Commercial,Poor Infrastructure,0.2054,Light,False,20.4519,0.0046,-0.0038,Aligned,24,Unnamed Road,3283
4979,Unnamed Road,Urban Road,URB-04979,4979,13.0362,77.4803,13.0361,77.4807,45.3,1991.6,1991.645,11.269,Aligned,0.9739,0.9917,0.0015,0.0025,-0.0026,33.4702,34.2346,82.0817,9.087,27.7408,50.0196,82.457,0.1093,39.8683,16.5375,No,0.0,-0.008,-0.0597,Good,Low,1.8881,10.0,10.7135,23.6466,Safe,69.2873,31.2735,20.1328,Aligned,31.7391,62.2691,Side Impact Potential,Urban,2.937,True,Residential,Poor Infrastructure,0.0009,,False,27.9161,0.0072,-0.0034,Aligned,32,Unnamed Road,3284
4980,Unnamed Road,Urban Road,URB-04980,4980,12.9213,77.6185,12.9222,77.6196,161.9,1992.0,1992.162,65.7009,High Misalignment,0.7468,-0.0012,0.247,0.7416,-0.0027,30.9239,31.2552,76.8492,51.9175,51.0892,30.8051,88.629,0.1958,40.4225,65.8721,No,0.0,-0.0077,1.0137,Poor,Medium,1.8729,10.0,10.4084,32.5553,Moderate Risk,66.0566,28.6983,38.2729,Moderate Misalignment,43.2131,59.2867,Significant Pedestrian Interaction,Urban,2.0547,True,Commercial,High Pedestrian Interaction | Above Human Tolerance Limit,0.1405,Light,False,32.0763,-0.0134,0.0053,High Misalignment,29,Unnamed Road,3285
4981,Unnamed Road,Urban Road,URB-04981,4981,13.0263,77.7209,13.0261,77.7206,77.6,1992.4,1992.478,38.1866,Moderate Misalignment,0.9295,0.0563,0.9242,0.0246,-0.0022,47.9447,49.4776,89.3798,39.7494,39.4126,50.2486,94.2553,0.0,41.3684,38.8316,No,0.0,-0.0006,1.0384,Good,Low,2.2674,10.0,20.0908,28.2584,Moderate Risk,69.9773,46.6923,30.6883,Moderate Misalignment,50.2421,68.5106,Side Impact Potential,Urban,6.0409,True,Commercial,Meets Safe System Standards,0.152,Light,False,35.5512,-0.0047,-0.0069,Moderate Misalignment,49,Unnamed Road,3286
4982,Unnamed Road,Urban Road,URB-04982,4982,13.0317,77.6359,13.0352,77.6333,543.7,1992.8,1993.344,14.2347,Aligned,0.875,0.9041,0.1075,0.0141,0.0097,44.5657,45.9315,77.581,26.3076,21.6424,46.8066,40.5561,0.0,60.0,13.6852,No,0.0,0.0095,0.046,Poor,High,1.8463,10.0,10.0124,19.0395,Safe,74.7672,45.4298,16.9641,Aligned,46.5729,47.9438,Side Impact Potential,Peri-Urban,4.9361,False,Industrial,Active Congestion | Poor Infrastructure,0.761,Severe,False,11.7885,-0.0071,0.0092,Aligned,44,Unnamed Road,3287
4983,Unnamed Road,Urban Road,URB-04983,4983,12.903,77.5564,12.9035,77.5565,54.2,1993.2,1993.254,49.793,Moderate Misalignment,0.6451,0.0095,0.6018,0.275,-0.0115,79.1636,80.5521,100.0,2.4743,18.4752,79.9307,95.6336,0.3331,60.0,11.701,No,0.0,0.0015,-0.0093,Poor,Medium,0.1659,10.0,19.3338,34.6737,Moderate Risk,50.2129,81.0142,51.2431,High Misalignment,108.1096,39.1518,Separated Traffic,Rural,6.9013,True,Industrial,Speed Limit Misaligned | Poor Infrastructure | Above Human Tolerance Limit,-0.0021,,False,89.0128,-0.0142,0.0003,Moderate Misalignment,80,Unnamed Road,3288
4984,Unnamed Road,Urban Road,URB-04984,4984,12.9183,77.6183,12.9182,77.6219,397.4,1993.6,1993.997,11.5781,Aligned,0.9479,0.9611,0.0787,0.0001,-0.0049,18.241,20.1755,29.4979,0.0,11.7794,49.7554,90.0347,0.1182,20.0,3.4308,No,0.0,0.0027,0.0631,Poor,Medium,1.5945,10.0,10.434,19.1899,Safe,69.4108,17.5135,16.732,Aligned,15.6729,34.5756,Side Impact Potential,Rural,0.8669,False,Residential,Poor Infrastructure,0.1438,Light,False,14.6273,0.0035,0.01,Aligned,18,Unnamed Road,3289
4985,Unnamed Road,Urban Road,URB-04985,4985,12.9762,77.5774,12.977,77.5776,90.7,1994.0,1994.091,37.0033,Moderate Misalignment,0.8811,0.0767,0.8889,0.0265,0.001,57.8081,55.2314,89.0008,40.292,30.0179,70.0133,96.7443,0.0761,48.4365,20.4746,No,0.0,0.0003,0.067,Poor,Medium,1.3996,10.0,13.9552,22.8743,Safe,73.675,56.5057,25.4141,Moderate Misalignment,54.3959,61.5667,Separated Traffic,Peri-Urban,5.9223,True,Residential,Meets Safe System Standards,0.0038,,False,48.5459,-0.0045,-0.0034,Moderate Misalignment,60,Unnamed Road,3290
4986,Unnamed Road,Urban Road,URB-04986,4986,12.9981,77.6634,13.0016,77.6635,434.2,1994.4,1994.834,66.0955,High Misalignment,0.8362,0.1032,0.0889,0.8299,-0.0148,79.3085,79.6099,98.2771,8.0472,21.8996,80.5329,10.4522,0.4292,60.0,13.2069,No,0.0,-0.0,0.0053,Poor,Low,0.0579,10.0,28.0158,37.9095,Moderate Risk,46.9826,80.1918,59.1402,High Misalignment,115.9255,47.2571,Separated Traffic,Rural,5.0435,True,Residential,Speed Limit Misaligned | Active Congestion | Poor Infrastructure,0.7382,Severe,False,32.9949,0.007,0.0121,High Misalignment,78,Unnamed Road,3291
4987,Unnamed Road,Urban Road,URB-04987,4987,12.9547,77.5463,12.956,77.5463,150.5,1994.8,1994.951,10.8388,Aligned,0.9257,0.9331,0.0536,-0.0004,-0.0051,56.9505,59.3985,100.0,15.9315,23.3252,80.9201,69.0372,0.171,60.0,10.8209,No,0.0,0.0011,-0.0102,Good,High,0.1765,10.0,10.0,21.4833,Safe,71.0929,58.3758,19.0578,Aligned,57.7711,60.5463,Separated Traffic,Peri-Urban,5.8761,True,Residential,Poor Infrastructure,-0.0095,,False,48.1217,0.0011,-0.0019,Aligned,57,Unnamed Road,3292
4988,Unnamed Road,Urban Road,URB-04988,4988,12.9486,77.5494,12.9487,77.5491,30.9,1995.2,1995.231,28.6809,Moderate Misalignment,0.5937,0.3959,0.5974,0.0101,0.0002,29.7047,29.5065,52.4296,34.4825,37.5005,49.242,95.2503,0.0,30.1783,33.9975,No,0.0,-0.002,1.0241,Good,Medium,2.6265,10.0,10.0,23.9895,Safe,72.836,29.5406,22.4946,Aligned,30.2858,62.7585,Side Impact Potential,Urban,3.7959,False,Mixed,Poor Infrastructure,0.0027,,False,26.9322,-0.01,-0.0092,Moderate Misalignment,29,Unnamed Road,3293
4989,Unnamed Road,Urban Road,URB-04989,4989,12.9487,77.5491,12.9487,77.5488,34.9,1995.6,1995.635,12.5517,Aligned,0.9837,1.0102,0.0037,-0.0124,0.0101,32.7496,33.1273,27.154,32.16,21.0977,49.3615,93.4698,0.2144,26.5189,17.1166,No,0.0,0.0077,0.0528,Poor,High,2.1648,10.0,10.4939,18.7036,Safe,75.9882,33.4908,18.1451,Aligned,33.393,38.2848,Side Impact Potential,Rural,1.9705,False,Residential,Poor Infrastructure,0.1586,Light,False,23.9354,-0.0015,-0.013,Aligned,31,Unnamed Road,3294
4990,Unnamed Road,Urban Road,URB-04990,4990,12.9489,77.5485,12.9487,77.5488,36.7,1996.0,1996.037,10.2825,Aligned,0.9586,0.9894,0.0328,-0.001,-0.0006,42.3347,47.1052,54.6975,24.6935,34.2662,51.0827,76.3482,0.1676,59.8508,25.5004,No,0.0,-0.007,0.9352,Good,Low,2.6646,10.0,10.0115,24.3726,Safe,72.4999,43.7971,21.0648,Aligned,45.5563,67.5047,Side Impact Potential,Urban,4.0193,False,Commercial,Poor Infrastructure,0.1592,Light,False,36.8557,0.001,-0.009,Aligned,45,Unnamed Road,3295
4991,Unnamed Road,Urban Road,URB-04991,4991,12.9489,77.5485,12.9491,77.5479,64.6,1996.4,1996.465,40.5411,Moderate Misalignment,0.9768,-0.0073,0.9709,0.0136,-0.0006,30.121,29.9489,88.3221,54.3431,46.1641,28.3527,100.0,0.0616,38.8649,60.8353,No,0.0,-0.0037,1.977,Good,High,1.8811,10.0,13.5997,31.882,Moderate Risk,66.715,31.0939,42.3709,Moderate Misalignment,45.5036,52.8229,Significant Pedestrian Interaction,Peri-Urban,6.177,True,Residential,High Pedestrian Interaction | Above Human Tolerance Limit,0.0108,,False,40.9327,-0.0007,0.0054,Moderate Misalignment,29,Unnamed Road,3296
4992,Unnamed Road,Urban Road,URB-04992,4992,12.9491,77.5479,12.9492,77.5476,33.6,1996.8,1996.834,14.2137,Aligned,0.8805,0.864,0.0961,0.0112,0.0076,46.9026,46.8789,100.0,29.8309,24.7151,79.5965,52.6507,0.0,58.914,31.0601,No,0.0,0.0005,1.0107,Poor,Medium,0.1857,10.0,10.0,21.3102,Safe,75.0561,44.7772,18.3512,Aligned,49.7706,33.7661,Separated Traffic,Rural,6.0742,True,Mixed,Poor Infrastructure,0.1506,Light,False,37.7946,-0.0081,-0.0008,Aligned,47,Unnamed Road,3297
4993,Unnamed Road,Urban Road,URB-04993,4993,12.9493,77.5474,12.9492,77.5476,27.0,1997.2,1997.227,12.3291,Aligned,0.9618,0.9336,0.0255,0.0013,-0.009,31.1918,32.2381,53.6985,11.9575,25.9174,50.637,78.7989,0.0,40.4734,18.2242,No,0.0,-0.004,0.0568,Poor,Low,2.1186,10.0,10.0,23.691,Safe,69.7119,33.0786,21.1897,Aligned,29.4064,51.785,Side Impact Potential,Peri-Urban,3.1736,False,Industrial,Poor Infrastructure,0.1742,Light,False,24.9129,-0.0026,-0.0126,Aligned,32,Unnamed Road,3298
4994,Unnamed Road,Urban Road,URB-04994,4994,12.9493,77.5474,12.9491,77.547,49.3,1997.6,1997.649,13.0291,Aligned,0.897,0.9326,0.0648,0.0308,-0.0018,54.6582,55.8325,100.0,7.8422,17.9329,79.8817,60.0367,0.0,59.2939,11.9404,No,0.0,0.0012,-0.0728,Poor,Low,0.1288,10.0,10.0,19.9117,Safe,71.0445,55.1576,17.5218,Aligned,55.8866,39.5265,Separated Traffic,Rural,7.0778,True,Industrial,Poor Infrastructure,0.1471,Light,False,45.5566,-0.0001,0.0159,Aligned,56,Unnamed Road,3299
4995,Unnamed Road,Urban Road,URB-04995,4995,12.9498,77.5478,12.9493,77.5474,75.2,1998.0,1998.075,25.5023,Aligned,0.4875,0.4719,0.4241,0.039,-0.0007,80.9604,78.8597,99.1215,7.1931,13.6408,81.446,88.8396,0.1119,59.9589,0.7546,No,0.0,0.0092,-0.0808,Poor,Medium,0.0359,10.0,30.6641,29.0294,Moderate Risk,56.9831,80.1229,39.8324,Moderate Misalignment,87.6899,42.6178,Separated Traffic,Rural,5.1567,True,Residential,Poor Infrastructure,-0.0179,,False,77.884,0.0003,-0.0076,Aligned,78,Unnamed Road,3300
4996,Unnamed Road,Urban Road,URB-04996,4996,12.9491,77.547,12.9489,77.5466,52.3,1998.4,1998.452,9.9507,Aligned,1.0022,0.9907,0.0195,0.0046,0.0022,24.5039,26.1251,30.0348,29.5362,26.6706,49.0576,88.3475,0.0,28.0105,19.2809,No,0.0,0.003,1.0705,Poor,Low,2.7241,10.0,10.1083,21.1516,Safe,73.6462,24.1902,19.264,Aligned,19.2187,50.8976,Side Impact Potential,Peri-Urban,2.1132,False,Industrial,Poor Infrastructure,-0.006,,False,21.5346,0.0093,-0.0143,Aligned,25,Unnamed Road,3301
4997,Unnamed Road,Urban Road,URB-04997,4997,12.9516,77.5462,12.9519,77.5462,37.7,1998.8,1998.838,13.9546,Aligned,0.8934,0.8792,0.1178,-0.0018,-0.0135,56.8056,56.9972,99.1424,1.0003,17.6935,79.1048,68.0581,0.0,59.5383,6.6932,No,0.0,-0.0079,-0.0679,Poor,High,0.5072,10.0,10.0,21.8869,Safe,68.8085,56.932,19.5451,Aligned,56.0666,51.9811,Separated Traffic,Peri-Urban,3.8725,True,Industrial,Poor Infrastructure,-0.025,,False,49.8806,0.0037,0.0045,Aligned,54,Unnamed Road,3302
4998,Unnamed Road,Urban Road,URB-04998,4998,12.9504,77.5465,12.9516,77.5462,133.7,1999.2,1999.334,12.24,Aligned,0.9289,0.9427,0.0806,-0.0083,-0.0055,31.763,33.0487,52.4939,10.995,24.4147,49.623,78.1772,0.0,59.076,18.6709,No,0.0,-0.0054,0.0321,Poor,Low,2.1372,10.0,10.0,23.3219,Safe,70.0095,32.744,21.4197,Aligned,33.3387,51.7938,Side Impact Potential,Peri-Urban,3.2148,False,Industrial,Poor Infrastructure,0.1918,Light,False,24.1816,-0.0162,0.0018,Aligned,31,Unnamed Road,3303
4999,Unnamed Road,Urban Road,URB-04999,4999,12.954,77.5463,12.9519,77.5462,233.9,1999.6,1999.834,38.3825,Moderate Misalignment,1.0065,0.0248,0.9658,0.0037,0.0107,80.1503,80.0184,100.0,24.1349,15.7481,80.1083,10.0,0.0,60.0,8.2,No,0.0,-0.0025,-0.0215,Poor,Low,0.1144,10.0,10.0,23.3514,Safe,68.2505,78.3318,27.9119,Moderate Misalignment,78.2957,36.8237,Separated Traffic,Rural,4.9099,True,Residential,Active Congestion | Poor Infrastructure | Above Human Tolerance Limit,0.6706,Severe,False,27.5078,-0.0068,-0.0124,Moderate Misalignment,81,Unnamed Road,3304
5000,Unnamed Road,Urban Road,URB-05000,5000,12.9487,77.5462,12.9489,77.5466,52.9,2000.0,2000.053,13.2966,Aligned,0.98,0.9172,0.0624,0.0019,0.0032,43.4936,47.3668,79.3288,25.9147,21.4049,50.9128,80.065,0.0635,49.5028,11.2271,No,0.0,-0.0057,0.0173,Poor,Low,1.5553,10.0,10.0,19.8403,Safe,74.1267,45.2397,16.027,Aligned,45.3106,51.3206,Side Impact Potential,Peri-Urban,6.1787,False,Residential,Poor Infrastructure,0.1522,Light,False,36.8066,-0.0044,-0.0187,Aligned,45,Unnamed Road,3305
5001,Unnamed Road,Urban Road,URB-05001,5001,12.9487,77.5462,12.9504,77.5465,195.9,2000.4,2000.596,67.6662,High Misalignment,0.8202,-0.0117,0.1642,0.8265,0.0186,51.1883,51.1616,98.6612,0.7265,15.1625,47.639,84.1166,0.2878,59.3544,3.9438,No,0.0,-0.0023,0.0434,Poor,Low,0.2976,10.0,30.5132,47.1177,Moderate Risk,30.4769,48.0879,81.9116,Critical Misalignment,105.6577,46.1959,Side Impact Potential,Rural,6.2862,False,Mixed,Speed Limit Misaligned | Poor Infrastructure | Above Human Tolerance Limit,-0.004,,False,91.8996,0.0065,-0.0102,High Misalignment,51,Unnamed Road,3306
5002,Unnamed Road,Urban Road,URB-05002,5002,12.9487,77.5462,12.9484,77.5455,81.8,2000.8,2000.882,13.6702,Aligned,0.9316,0.9533,0.0743,0.0085,-0.0004,48.8105,47.5445,100.0,10.5366,12.4547,78.9004,75.3802,0.1174,59.8616,5.9918,No,0.0,0.0069,-0.0116,Good,Low,-0.0471,10.0,10.0,18.768,Safe,71.9849,44.9786,17.5421,Aligned,47.8581,33.3555,Separated Traffic,Rural,7.9221,True,Industrial,Poor Infrastructure,-0.0008,,False,44.3926,-0.0029,0.0039,Aligned,49,Unnamed Road,3307
5003,Unnamed Road,Urban Road,URB-05003,5003,12.9478,77.5444,12.9484,77.5455,133.1,2001.2,2001.333,15.8714,Aligned,0.8658,0.8509,0.1159,0.021,-0.0048,57.9678,56.8583,100.0,0.0,15.9914,80.1252,27.5742,0.0,60.0,10.7782,No,0.0,0.0067,0.0359,Poor,Medium,0.2333,10.0,10.0,21.2759,Safe,68.533,56.7993,17.6108,Aligned,56.5339,35.9252,Separated Traffic,Rural,5.0021,True,Residential,Active Congestion | Poor Infrastructure,0.6298,Severe,False,21.3367,-0.0015,0.004,Aligned,58,Unnamed Road,3308
5004,Unnamed Road,Urban Road,URB-05004,5004,12.954,77.5463,12.9547,77.5463,73.6,2001.6,2001.674,8.5267,Aligned,0.9822,1.0106,0.0138,-0.0083,0.0018,17.8256,17.5661,26.4811,0.5722,18.6389,45.5662,91.9594,0.1404,20.3429,11.4426,No,0.0,-0.0043,-0.0292,Poor,Medium,0.767,10.0,10.0,21.6435,Safe,68.4462,17.9306,17.4995,Aligned,19.8503,42.6131,Side Impact Potential,Rural,0.9445,False,Residential,Poor Infrastructure,0.0079,,False,11.7819,0.0079,0.0151,Aligned,17,Unnamed Road,3309
5005,Unnamed Road,Urban Road,URB-05005,5005,12.9967,77.6919,12.9962,77.6934,176.7,2002.0,2002.177,36.9234,Aligned,0.5614,0.5374,0.055,0.3858,-0.0009,80.3944,78.7829,100.0,6.3992,15.9486,80.0413,70.566,0.0317,60.0,7.5104,No,0.0,-0.0,-0.0226,Poor,Low,0.2547,10.0,32.5799,37.8548,Moderate Risk,45.1871,80.2521,59.718,High Misalignment,119.2831,43.0106,Separated Traffic,Rural,4.8498,True,Commercial,Speed Limit Misaligned | Poor Infrastructure | Above Human Tolerance Limit,0.0029,,False,112.3064,0.0116,0.0002,Aligned,80,Unnamed Road,3310
5006,Unnamed Road,Urban Road,URB-05006,5006,12.9166,77.6202,12.9169,77.6215,150.2,2002.4,2002.55,36.385,Moderate Misalignment,0.9487,0.0064,0.9671,-0.0226,-0.0023,51.5584,50.8724,86.1595,4.6458,21.3531,49.4017,95.8231,0.2373,50.2268,10.1026,No,0.0,-0.0101,0.0392,Good,High,1.7192,10.0,16.071,26.0458,Moderate Risk,63.8315,50.36,27.726,Moderate Misalignment,56.9609,54.8272,Side Impact Potential,Peri-Urban,5.2827,True,Industrial,Poor Infrastructure,0.0023,,False,48.0486,0.0086,0.0087,Moderate Misalignment,51,Unnamed Road,3311
5007,Unnamed Road,Urban Road,URB-05007,5007,12.9932,77.7045,12.9936,77.7029,193.5,2002.8,2002.994,11.1314,Aligned,0.9853,0.9916,0.0014,-0.016,-0.005,33.2068,35.3309,76.9828,29.8944,41.9565,50.6096,79.5366,0.2456,40.7188,45.3685,No,0.0,0.0016,0.9677,Good,High,1.571,10.0,10.1042,26.9123,Moderate Risk,71.8232,31.6335,23.5252,Aligned,33.1779,55.2815,Side Impact Potential,Urban,4.9822,False,Industrial,Poor Infrastructure,-0.0002,,False,28.755,0.0087,0.0062,Aligned,34,Unnamed Road,3312
5008,Unnamed Road,Urban Road,URB-05008,5008,12.9704,77.6324,12.9688,77.633,185.9,2003.2,2003.386,15.2295,Aligned,0.8998,0.8829,0.0782,0.0228,-0.0033,37.993,35.5223,76.3551,48.7101,46.7153,51.0469,86.8844,0.1119,38.5937,52.8089,No,0.0,-0.0073,1.0189,Good,High,1.8984,10.0,10.0,26.1158,Moderate Risk,75.511,35.4234,22.5078,Aligned,32.9556,62.0112,Side Impact Potential,Urban,2.2615,True,Mixed,Meets Safe System Standards,0.0239,,False,29.6019,-0.0074,0.0065,Aligned,38,Unnamed Road,3313
5009,Unnamed Road,Urban Road,URB-05009,5009,12.874,77.561,12.8744,77.5596,152.1,2003.6,2003.752,10.1336,Aligned,0.9507,0.946,0.0911,0.0027,-0.0026,41.3258,40.9377,90.5255,43.5045,26.2844,49.4832,73.9841,0.2485,50.7457,19.5629,No,0.0,-0.0049,-0.017,Poor,Medium,2.182,10.0,10.0,19.482,Safe,78.1177,40.7632,16.407,Aligned,40.5858,58.2144,Side Impact Potential,Urban,5.7928,True,Mixed,Meets Safe System Standards,-0.0312,,False,30.526,0.0025,-0.0021,Aligned,42,Unnamed Road,3314