segment_id,road_name,road_type,human_segment_id,internal_id,start_lat,start_lon,end_lat,end_lon,length_m,start_km,end_km,road_risk_score,ai_risk_label,ai_risk_probability,prob_low_risk,prob_medium_risk,prob_high_risk,prob_critical_risk,ai_recommended_speed,recommended_safe_speed,road_function_score,infrastructure_score,exposure_score,human_tolerance_limit,operating_speed_score,crash_risk_score,posted_speed_limit,pedestrian_exposure_score,blackspot_flag,crash_count,fatal_crashes,schools_count,lighting_quality,roadside_hazards,intersection_density,speed_compliance_rate,speed_violation_score,hotspot_score,hotspot_category,speed_safety_score,original_safe_speed,misalignment_score,misalignment_category,speed_p85,ptw_share_pct,exposure_tier,urban_rural_flag,lane_count,median_presence,land_use_type,top_ai_factors,congestion_index,congestion_category,congestion_smoothed,operating_speed_mean,minor_crashes,major_crashes,risk_category,final_safe_speed,corridor_base,corridor_seq
5010,Unnamed Road,Urban Road,URB-05010,5010,13.0719,77.619,13.0748,77.619,337.4,2004.0,2004.337,38.9982,Moderate Misalignment,0.8697,0.1131,0.8655,0.037,0.0038,80.0983,77.6931,100.0,37.7421,22.083,80.0186,96.7759,0.138,60.0,13.0442,No,0.0,-0.0006,0.0449,Poor,Medium,0.3791,10.0,26.35,25.5256,Moderate Risk,66.1337,79.4658,35.7668,Moderate Misalignment,100.1944,52.5057,Separated Traffic,Peri-Urban,3.994,True,Industrial,Meets Safe System Standards,0.0025,,False,81.5578,0.0077,-0.0104,Moderate Misalignment,81,Unnamed Road,3315
5011,Unnamed Road,Urban Road,URB-05011,5011,13.0778,77.553,13.0799,77.5542,263.1,2004.4,2004.663,45.6273,Moderate Misalignment,0.6773,0.1129,0.6776,0.2318,-0.0005,51.2525,48.6421,98.8234,13.4323,17.8387,50.1905,82.4385,0.0181,58.9897,10.1292,No,0.0,0.0007,0.9961,Poor,Medium,0.235,10.0,10.5295,24.9832,Moderate Risk,64.2342,49.2087,30.6025,Moderate Misalignment,51.1682,43.9411,Side Impact Potential,Rural,5.0716,False,Residential,Poor Infrastructure | Above Human Tolerance Limit,-0.0144,,False,49.7886,-0.0019,-0.0039,Moderate Misalignment,50,Unnamed Road,3316
5012,Unnamed Road,Urban Road,URB-05012,5012,12.9158,77.5458,12.923,77.5488,973.3,2004.8,2005.773,9.9462,Aligned,0.9826,0.9592,0.0574,0.0079,-0.0019,18.485,20.1831,26.6561,10.201,21.0238,50.3787,90.3676,0.0,20.0751,12.2862,No,0.0,0.0017,0.0505,Good,Medium,2.2194,10.0,10.3058,22.0178,Safe,72.0429,16.7883,17.9357,Aligned,19.1077,48.6406,Side Impact Potential,Peri-Urban,1.2154,False,Industrial,Poor Infrastructure,-0.0118,,False,14.912,-0.0098,-0.0201,Aligned,18,Unnamed Road,3317
5013,Unnamed Road,Urban Road,URB-05013,5013,12.9623,77.5759,12.9615,77.5777,220.3,2005.2,2005.42,10.3066,Aligned,0.9526,0.9228,0.0736,-0.0093,0.002,28.7708,28.2391,84.7664,58.0183,43.3809,49.1671,73.9971,0.3645,58.9198,52.7918,No,0.0,0.0,1.0245,Poor,High,2.2408,10.0,10.0,23.124,Safe,79.018,29.4592,20.3758,Aligned,28.5517,56.0203,Side Impact Potential,Urban,4.8808,True,Commercial,Meets Safe System Standards,0.1731,Light,False,19.9572,0.0006,-0.0152,Aligned,28,Unnamed Road,3318
5014,Unnamed Road,Urban Road,URB-05014,5014,12.9893,77.5058,12.9895,77.5059,28.4,2005.6,2005.628,11.0261,Aligned,0.9621,0.9492,0.0176,0.0016,0.0055,40.3973,40.7592,75.6077,9.169,24.7134,49.1707,75.182,0.1011,50.4955,11.5907,No,0.0,-0.0092,-0.0053,Poor,Medium,1.7325,10.0,10.1538,23.7832,Safe,68.3165,39.6625,17.4847,Aligned,36.8863,57.7811,Side Impact Potential,Urban,3.879,False,Mixed,Poor Infrastructure,0.0226,,False,31.9251,-0.0023,-0.0036,Aligned,40,Unnamed Road,3319
5015,Unnamed Road,Urban Road,URB-05015,5015,13.0146,77.5346,13.0139,77.534,102.8,2006.0,2006.103,8.7111,Aligned,0.9828,0.9685,0.0391,0.0151,0.0054,23.8942,22.3928,26.2595,16.2654,24.9991,49.7001,77.7311,0.0892,20.0,12.7537,No,0.0,-0.0003,0.0273,Poor,High,2.2821,10.0,20.5986,25.2656,Safe,69.581,23.0923,24.3152,Aligned,23.1272,57.6337,Side Impact Potential,Peri-Urban,0.9863,False,Mixed,Active Congestion | Poor Infrastructure,0.7965,Severe,False,10.378,0.0095,0.0066,Aligned,24,Unnamed Road,3320
5016,Unnamed Road,Urban Road,URB-05016,5016,13.0137,77.5339,13.0139,77.534,23.6,2006.4,2006.424,12.1802,Aligned,0.9105,0.9534,0.0417,0.0199,0.0005,22.5385,22.3816,23.8224,30.7902,34.3635,31.1476,77.6677,0.127,29.8717,33.1045,No,0.0,0.0074,1.0161,Poor,High,2.6936,10.0,10.0,24.4302,Safe,73.1603,23.3492,20.271,Aligned,21.6678,55.9284,Significant Pedestrian Interaction,Peri-Urban,0.9544,False,Residential,High Pedestrian Interaction | Poor Infrastructure,0.2127,Light,False,15.4811,0.009,0.0143,Aligned,25,Unnamed Road,3321
5017,Unnamed Road,Urban Road,URB-05017,5017,13.0144,77.5388,13.015,77.5376,147.2,2006.8,2006.947,26.3403,Moderate Misalignment,0.5109,0.4083,0.4827,0.0143,0.0027,67.8158,71.7668,100.0,0.3884,14.0162,79.8652,47.0599,0.2514,60.0,4.543,No,0.0,0.0016,0.0595,Good,Low,0.3955,10.0,10.1118,26.046,Moderate Risk,61.5739,71.816,31.6535,Moderate Misalignment,71.5521,41.6043,Separated Traffic,Rural,7.3062,True,Residential,Approach to Congestion (Tapered) | Poor Infrastructure | Above Human Tolerance Limit,0.1573,Light,True,52.2925,0.0039,-0.0002,Moderate Misalignment,68,Unnamed Road,3322
5018,Unnamed Road,Urban Road,URB-05018,5018,13.0152,77.537,13.0144,77.5388,225.1,2007.2,2007.425,44.8035,Moderate Misalignment,0.7964,0.0916,0.8115,0.1461,0.0003,43.9267,45.8705,98.8012,17.9232,18.2568,49.6319,67.2983,0.1466,58.784,9.934,No,0.0,-0.0024,-0.0083,Good,Medium,0.0165,10.0,10.0057,25.0177,Safe,65.6086,45.3187,28.7865,Moderate Misalignment,49.7194,41.8065,Side Impact Potential,Rural,8.1327,False,Industrial,Poor Infrastructure | Above Human Tolerance Limit,-0.0004,,False,36.0506,0.0053,0.0104,Moderate Misalignment,46,Unnamed Road,3323
5019,Unnamed Road,Urban Road,URB-05019,5019,13.015,77.5376,13.0152,77.537,76.2,2007.6,2007.676,38.1247,Moderate Misalignment,0.9503,0.0608,0.95,0.0186,0.0001,80.7966,81.2353,99.5348,38.7727,27.5938,81.1807,10.3931,0.0,59.5661,22.7258,No,0.0,-0.0026,-0.0838,Poor,Medium,0.1834,10.0,10.0,30.9414,Moderate Risk,61.1248,79.8845,42.7455,Moderate Misalignment,94.3416,49.9553,Separated Traffic,Peri-Urban,8.2346,True,Commercial,Active Congestion | Above Human Tolerance Limit,0.8005,Severe,False,20.1073,0.0031,0.0181,Moderate Misalignment,80,Unnamed Road,3324
5020,Unnamed Road,Urban Road,URB-05020,5020,13.0152,77.537,13.0152,77.5365,50.4,2008.0,2008.05,11.1731,Aligned,1.0137,1.0253,-0.0164,-0.0126,-0.0078,32.9454,32.397,27.773,0.7963,17.434,51.9428,71.1154,0.2348,32.0812,9.0951,No,0.0,0.002,0.0044,Good,Medium,0.8386,10.0,10.0,22.7464,Safe,67.7485,33.1198,20.5593,Aligned,28.312,41.5154,Side Impact Potential,Rural,0.9958,False,Residential,Active Congestion | Poor Infrastructure,0.6663,Severe,False,10.0,0.0111,0.0084,Aligned,35,Unnamed Road,3325
5021,Unnamed Road,Urban Road,URB-05021,5021,13.0152,77.5365,13.0146,77.5346,222.5,2008.4,2008.623,10.9528,Aligned,0.9887,0.9966,0.0203,-0.0111,-0.0002,27.0729,24.7815,63.8849,66.4686,38.0236,49.0553,84.0134,0.0,39.7635,37.7298,No,0.0,0.004,-0.0136,Poor,High,2.5898,10.0,10.2889,19.8888,Safe,82.6499,25.839,16.9126,Aligned,23.6868,58.3714,Side Impact Potential,Urban,4.1196,True,Mixed,Meets Safe System Standards,0.1965,Light,False,18.3852,0.0131,0.0025,Aligned,25,Unnamed Road,3326
5022,Unnamed Road,Urban Road,URB-05022,5022,12.8994,77.6502,12.8988,77.6513,1111.0,2008.8,2009.911,27.0338,Moderate Misalignment,0.5599,0.4282,0.5738,-0.009,0.0008,50.1482,48.83,51.4162,0.0,24.2288,48.5779,93.3611,0.2703,41.8073,11.8272,No,0.0,0.0075,-0.0016,Poor,Low,2.1777,10.0,24.9005,28.7403,Moderate Risk,61.1007,50.9034,32.8409,Moderate Misalignment,50.3966,58.3411,Side Impact Potential,Peri-Urban,3.0042,False,Commercial,Poor Infrastructure,-0.0099,,False,44.7151,-0.0086,-0.0224,Moderate Misalignment,51,Unnamed Road,3327
5023,Unnamed Road,Urban Road,URB-05023,5023,13.0438,77.5208,13.0427,77.5248,449.8,2009.2,2009.65,12.0324,Aligned,0.8846,0.8804,0.1118,0.0193,-0.0081,47.4956,47.1025,84.0309,29.6817,30.1079,49.98,89.9489,0.2904,48.5201,27.8203,No,0.0,-0.0028,1.0864,Good,Low,1.6453,10.0,10.2033,23.4088,Safe,74.2798,47.0867,18.8589,Aligned,48.4016,51.156,Side Impact Potential,Peri-Urban,3.9871,True,Residential,Poor Infrastructure,-0.0095,,False,43.3089,-0.0028,-0.0027,Aligned,47,Unnamed Road,3328
5024,Unnamed Road,Urban Road,URB-05024,5024,13.093,77.591,13.0971,77.5922,490.3,2009.6,2010.09,10.8075,Aligned,0.9936,0.9996,0.0177,-0.0043,0.0105,40.1192,40.642,74.2453,22.0402,33.9769,50.927,74.3383,0.0657,49.0014,24.4642,No,0.0,0.0051,-0.047,Good,High,1.4343,10.0,10.0,24.9894,Moderate Risk,71.3716,40.6316,22.1518,Aligned,40.762,66.9456,Side Impact Potential,Urban,3.0543,False,Commercial,Poor Infrastructure,-0.014,,False,34.152,0.0026,0.0129,Aligned,39,Unnamed Road,3329
5025,Unnamed Road,Urban Road,URB-05025,5025,13.0275,77.6327,13.0276,77.6325,34.5,2010.0,2010.034,40.9795,Moderate Misalignment,0.7893,0.1413,0.815,0.1058,0.0012,28.4307,28.8036,83.1013,55.6566,48.4406,31.4817,87.7654,0.5898,59.3966,55.6229,No,0.0,-0.0042,1.9764,Good,Medium,1.8966,10.0,10.0,40.796,Moderate Risk,52.791,28.3342,59.6954,High Misalignment,58.0714,59.75,Significant Pedestrian Interaction,Urban,5.1278,True,Mixed,Speed Limit Misaligned | High Pedestrian Interaction | Above Human Tolerance Limit,-0.0295,,False,52.966,-0.0107,-0.0,Moderate Misalignment,28,Unnamed Road,3330
5026,Unnamed Road,Urban Road,URB-05026,5026,12.9421,77.6027,12.9398,77.6024,268.4,2010.4,2010.668,25.9503,Moderate Misalignment,0.5257,0.4457,0.5616,-0.0041,0.017,48.916,48.6415,49.4907,0.7795,25.1534,49.3817,94.8482,0.0847,41.4288,14.8055,No,0.0,-0.0031,-0.0612,Poor,Medium,4.0953,10.0,29.941,29.8388,Moderate Risk,60.3909,50.0371,34.9093,Moderate Misalignment,50.6433,57.0785,Side Impact Potential,Urban,1.9357,False,Commercial,Poor Infrastructure,-0.017,,False,42.859,0.007,0.0012,Moderate Misalignment,50,Unnamed Road,3331
5027,Unnamed Road,Urban Road,URB-05027,5027,12.9709,77.5311,12.976,77.5328,668.9,2010.8,2011.469,23.8626,Aligned,0.6503,0.6057,0.1911,0.1462,-0.0001,79.8823,80.7538,97.2055,25.1277,28.5472,78.2221,85.698,0.0209,59.3378,23.12,No,0.0,0.0025,0.971,Good,High,0.3916,10.0,10.8334,27.1331,Moderate Risk,68.1972,80.5394,29.8548,Moderate Misalignment,91.8043,56.3673,Separated Traffic,Urban,4.2685,True,Residential,Poor Infrastructure,0.1542,Light,False,68.8549,0.0075,0.0123,Aligned,81,Unnamed Road,3332
5028,Unnamed Road,Urban Road,URB-05028,5028,13.0277,77.5333,13.0267,77.535,218.2,2011.2,2011.418,38.8456,Moderate Misalignment,1.0,0.0408,0.9465,0.01,0.0014,50.1644,50.1601,73.1624,45.1937,35.875,48.0402,99.2005,0.0,50.9842,31.5226,No,0.0,0.0064,-0.0142,Poor,Low,1.8322,10.0,20.1032,27.2739,Moderate Risk,70.9554,47.9061,30.2509,Moderate Misalignment,59.593,61.5071,Side Impact Potential,Urban,4.0121,False,Mixed,Meets Safe System Standards,0.0292,,False,49.6232,-0.0009,-0.0091,Moderate Misalignment,50,Unnamed Road,3333
5029,Unnamed Road,Urban Road,URB-05029,5029,12.9604,77.6013,12.9606,77.601,43.5,2011.6,2011.644,37.5258,Moderate Misalignment,0.7417,0.1617,0.7944,0.0347,-0.01,80.831,79.9844,100.0,10.2975,18.6159,80.5719,89.0402,0.2207,60.0,14.7866,No,0.0,0.0033,-0.0135,Good,High,0.1387,10.0,12.0456,26.229,Moderate Risk,64.2988,81.9432,28.3486,Moderate Misalignment,93.7487,39.0378,Separated Traffic,Rural,6.9787,True,Industrial,Approach to Congestion (Tapered) | Poor Infrastructure,-0.012,,True,74.8283,-0.0092,-0.0042,Moderate Misalignment,80,Unnamed Road,3334
5030,Unnamed Road,Urban Road,URB-05030,5030,12.8841,77.6493,12.8822,77.6444,722.1,2012.0,2012.722,13.0941,Aligned,0.8948,0.8283,0.136,0.0083,-0.005,55.7632,54.7756,96.9368,0.8277,18.3947,78.6243,68.111,0.1048,60.0,7.6161,No,0.0,0.0131,-0.016,Poor,High,0.3516,10.0,10.3545,22.2071,Safe,68.9944,57.0429,18.6352,Aligned,55.9781,50.7902,Separated Traffic,Peri-Urban,4.1926,True,Industrial,Poor Infrastructure,0.0143,,False,47.9083,-0.0108,0.0022,Aligned,55,Unnamed Road,3335
5031,Unnamed Road,Urban Road,URB-05031,5031,12.9609,77.549,12.9647,77.5491,498.9,2012.4,2012.899,12.6283,Aligned,0.8862,0.9096,0.063,0.0109,0.0013,72.0692,70.866,97.945,0.2158,13.7894,80.2451,69.469,0.0,60.0,1.0986,No,0.0,-0.0008,-0.0085,Poor,Low,0.1501,10.0,10.6417,21.3225,Safe,68.9587,69.9329,17.2356,Aligned,71.3246,44.3427,Separated Traffic,Rural,3.7723,True,Mixed,Poor Infrastructure,-0.0039,,False,60.2327,0.0185,0.0069,Aligned,71,Unnamed Road,3336
5032,Unnamed Road,Urban Road,URB-05032,5032,12.9398,77.5772,12.9397,77.5769,33.0,2012.8,2012.833,11.1472,Aligned,0.9804,1.0111,0.0522,0.0059,-0.0039,19.4682,19.0849,31.7106,18.7182,16.6231,50.4946,94.4091,0.1391,20.5391,9.2152,No,0.0,-0.0007,0.0604,Poor,Low,1.0421,10.0,10.3312,18.9854,Safe,74.8333,18.1598,14.9111,Aligned,21.9007,36.1856,Side Impact Potential,Rural,1.9501,False,Residential,Poor Infrastructure,0.1232,Light,False,14.6343,0.0127,-0.0065,Aligned,20,Unnamed Road,3337
5033,Unnamed Road,Urban Road,URB-05033,5033,12.9133,77.5368,12.9177,77.542,933.9,2013.2,2014.134,12.3245,Aligned,0.9759,1.0057,0.0169,-0.009,-0.0107,26.674,29.3441,78.6261,27.4885,29.4599,50.4648,75.7903,0.3316,41.8618,9.9397,No,0.0,-0.0025,-0.0339,Good,High,2.0437,10.0,10.2035,21.7782,Safe,73.4404,29.7867,18.8762,Aligned,28.1027,68.1014,Side Impact Potential,Urban,1.9703,True,Commercial,Poor Infrastructure,0.0131,,False,22.5184,-0.0038,0.0094,Aligned,27,Unnamed Road,3338
5034,Unnamed Road,Urban Road,URB-05034,5034,12.9398,77.6022,12.9422,77.6026,278.3,2013.6,2013.878,38.4325,Moderate Misalignment,0.9558,-0.0256,0.9369,-0.0041,0.0092,80.0197,80.6597,100.0,0.0,15.5317,81.5603,93.0508,0.1556,60.0,7.9639,No,0.0,-0.007,0.0039,Poor,Medium,0.3327,10.0,29.3591,30.7527,Moderate Risk,55.3618,78.6682,43.0324,Moderate Misalignment,103.8183,36.2725,Separated Traffic,Rural,8.019,True,Residential,Poor Infrastructure,0.0195,,False,83.3491,-0.0199,-0.0036,Moderate Misalignment,82,Unnamed Road,3339
5035,Unnamed Road,Urban Road,URB-05035,5035,12.8784,77.6196,12.8793,77.6196,99.0,2014.0,2014.099,11.5263,Aligned,0.9759,0.9853,0.0164,-0.0196,-0.0004,34.6728,36.6145,80.5254,50.8917,35.7462,50.7745,67.4625,0.14,49.0044,36.2519,No,0.0,0.0014,-0.0366,Poor,Low,2.0795,10.0,10.2648,21.6462,Safe,79.4674,33.412,18.0525,Aligned,34.9809,57.1499,Side Impact Potential,Urban,5.7867,False,Residential,Meets Safe System Standards,-0.0265,,False,26.5964,0.0208,0.0131,Aligned,35,Unnamed Road,3340
5036,Unnamed Road,Urban Road,URB-05036,5036,12.878,77.6195,12.8784,77.6196,38.9,2014.4,2014.439,11.4835,Aligned,0.9908,0.9898,0.0003,-0.0182,0.0128,19.1554,20.7597,29.5686,0.0,17.4818,49.8509,78.6803,0.0,31.0927,10.4917,No,0.0,0.0141,0.0282,Poor,Low,1.2284,10.0,10.7353,21.8738,Safe,68.986,20.5742,19.0921,Aligned,18.63,37.2955,Side Impact Potential,Rural,1.1434,False,Industrial,Poor Infrastructure,0.1886,Light,False,13.0765,-0.0098,0.0003,Aligned,21,Unnamed Road,3341
5037,Unnamed Road,Urban Road,URB-05037,5037,12.8795,77.6197,12.8793,77.6196,30.9,2014.8,2014.831,25.5262,Aligned,0.5716,0.5616,0.4404,0.0133,-0.004,49.7294,49.9443,49.6167,7.4378,26.7512,50.4252,94.4998,0.0,60.0,13.1857,No,0.0,0.0049,0.0033,Poor,Medium,3.7419,10.0,29.8347,29.2237,Moderate Risk,60.7265,50.7796,33.7926,Moderate Misalignment,50.1126,64.284,Side Impact Potential,Urban,1.9075,False,Industrial,Poor Infrastructure,-0.0097,,False,43.9044,0.0092,0.0003,Aligned,53,Unnamed Road,3342
5038,Unnamed Road,Urban Road,URB-05038,5038,12.8792,77.624,12.8796,77.6242,62.7,2015.2,2015.263,8.9079,Aligned,0.9862,1.004,0.0398,0.0083,0.0031,25.7033,24.4285,53.6285,0.0,15.4402,50.5292,80.5028,0.0916,27.9015,2.5215,No,0.0,0.0002,-0.0053,Poor,Medium,1.136,10.0,10.0,20.4802,Safe,68.978,24.5789,19.3963,Aligned,23.4818,44.9712,Side Impact Potential,Rural,3.8918,False,Industrial,Poor Infrastructure,0.2145,Light,False,16.9621,0.0209,-0.0177,Aligned,26,Unnamed Road,3343
5039,Unnamed Road,Urban Road,URB-05039,5039,12.8796,77.6246,12.8796,77.6242,37.8,2015.6,2015.638,16.0296,Aligned,0.7871,0.7947,0.1527,-0.0026,-0.0012,50.4035,50.201,99.6386,35.015,27.5923,80.7556,55.4444,0.0,59.8629,18.3022,No,0.0,0.0097,0.0193,Good,Low,0.3474,10.0,10.0,20.2662,Safe,75.783,51.0579,18.7656,Aligned,49.4038,59.6315,Separated Traffic,Urban,6.9346,True,Industrial,Poor Infrastructure,0.022,,False,38.7565,0.0017,-0.0123,Aligned,50,Unnamed Road,3344
5040,Unnamed Road,Urban Road,URB-05040,5040,12.8795,77.6204,12.8795,77.6207,37.7,2016.0,2016.038,25.1626,Aligned,0.535,0.6365,0.4461,-0.0018,0.0101,43.6228,44.8909,78.0105,40.0625,28.0897,71.007,97.1195,0.2532,39.5943,20.8851,No,0.0,0.0077,-0.0136,Good,Low,1.5944,10.0,10.0,20.7544,Safe,74.9078,45.162,20.8089,Aligned,43.2221,57.805,Separated Traffic,Urban,1.9088,True,Residential,Meets Safe System Standards,-0.0199,,False,37.7807,-0.0097,-0.0159,Aligned,44,Unnamed Road,3345
5041,Unnamed Road,Urban Road,URB-05041,5041,12.8794,77.6207,12.8795,77.6204,37.9,2016.4,2016.438,9.8858,Aligned,0.9904,0.9973,0.0365,0.0135,0.0056,37.7116,38.3491,51.5186,1.8089,16.1564,47.8132,83.4995,0.0,40.3611,4.8723,No,0.0,-0.001,0.0423,Poor,High,1.4879,10.0,10.2433,21.6934,Safe,68.9034,40.6792,17.3812,Aligned,41.4599,40.3371,Side Impact Potential,Rural,1.8724,False,Residential,Poor Infrastructure,0.1938,Light,False,28.2533,-0.0075,-0.0035,Aligned,37,Unnamed Road,3346
5042,Unnamed Road,Urban Road,URB-05042,5042,12.8795,77.62,12.8795,77.6204,37.0,2016.8,2016.837,9.3044,Aligned,0.9695,0.965,0.0075,-0.0021,0.0005,27.5882,27.3803,31.5097,2.5049,15.883,50.7585,79.6568,0.2881,22.1232,6.6756,No,0.0,-0.012,-0.0074,Poor,Medium,2.4221,10.0,34.4916,23.4229,Safe,66.8375,27.5427,24.6814,Aligned,26.1978,39.5823,Side Impact Potential,Rural,1.855,False,Residential,Active Congestion | Poor Infrastructure,0.7431,Severe,False,10.2521,-0.0036,0.0081,Aligned,27,Unnamed Road,3347
5043,Unnamed Road,Urban Road,URB-05043,5043,12.8794,77.6211,12.8794,77.6207,40.7,2017.2,2017.241,11.2239,Aligned,0.9373,0.9335,0.0561,-0.001,-0.0044,30.3593,29.3884,47.315,24.9346,32.0542,50.1436,87.8861,0.4875,59.9807,37.2052,No,0.0,0.0006,0.9472,Poor,High,1.4583,10.0,10.4395,23.396,Safe,71.808,27.9927,21.4916,Aligned,28.7952,34.2365,Side Impact Potential,Rural,1.8603,False,Industrial,Poor Infrastructure,0.1694,Light,False,23.3291,0.0118,-0.0086,Aligned,30,Unnamed Road,3348
5044,Unnamed Road,Urban Road,URB-05044,5044,12.8794,77.6214,12.8794,77.6211,39.1,2017.6,2017.639,15.9404,Aligned,0.9005,0.8813,0.0762,0.0185,0.0067,48.8384,47.8733,96.8159,29.5876,24.8938,80.3867,51.7729,0.0,60.0,31.0099,No,0.0,-0.0073,0.9913,Poor,Medium,0.1958,10.0,10.0,20.1182,Safe,74.2455,48.2097,18.8659,Aligned,46.6511,33.1949,Separated Traffic,Rural,6.3213,True,Mixed,Poor Infrastructure,0.1611,Light,False,37.4569,0.0036,-0.0016,Aligned,50,Unnamed Road,3349
5045,Unnamed Road,Urban Road,URB-05045,5045,12.8793,77.6218,12.8794,77.6214,35.5,2018.0,2018.035,11.1394,Aligned,0.9734,1.0193,0.0593,0.0126,0.0084,22.1912,22.4415,66.6463,0.6565,19.4757,50.2464,81.3326,0.1547,30.1768,1.187,No,0.0,0.0041,-0.0095,Poor,Medium,3.5461,10.0,10.0,23.242,Safe,67.6403,20.1113,19.9768,Aligned,20.855,64.9029,Side Impact Potential,Urban,3.2639,True,Commercial,Poor Infrastructure,-0.0005,,False,16.1735,0.0082,0.0035,Aligned,20,Unnamed Road,3350
5046,Unnamed Road,Urban Road,URB-05046,5046,12.8793,77.6222,12.8793,77.6218,46.2,2018.4,2018.446,38.4982,Moderate Misalignment,0.9697,-0.0205,0.9173,0.0027,0.0058,80.8496,80.9831,100.0,0.0,14.643,80.3458,92.431,0.1937,60.0,7.9336,No,0.0,-0.0073,-0.0021,Poor,Medium,0.2357,10.0,29.2806,31.235,Moderate Risk,55.5627,79.6662,42.729,Moderate Misalignment,102.0168,34.9634,Separated Traffic,Rural,8.0698,True,Residential,Poor Infrastructure,-0.0097,,False,83.2986,-0.0106,0.001,Moderate Misalignment,81,Unnamed Road,3351
5047,Unnamed Road,Urban Road,URB-05047,5047,12.8793,77.6226,12.8793,77.6222,45.3,2018.8,2018.845,13.4678,Aligned,0.9113,0.9477,0.1075,-0.0084,0.0017,25.8044,25.9462,57.2398,35.7514,45.009,50.6969,87.5688,0.0,29.0919,43.5449,No,0.0,-0.0026,1.9758,Good,Medium,2.5559,10.0,10.0855,27.6996,Moderate Risk,71.5161,24.2735,23.8992,Aligned,25.5215,65.6288,Side Impact Potential,Urban,3.8777,False,Commercial,Poor Infrastructure,-0.0104,,False,21.5417,-0.007,0.0075,Aligned,26,Unnamed Road,3352
5048,Unnamed Road,Urban Road,URB-05048,5048,12.8792,77.623,12.8793,77.6226,47.0,2019.2,2019.247,36.1613,Moderate Misalignment,0.8659,0.0785,0.9019,0.031,0.0047,80.3371,81.3267,99.3161,1.5632,13.0954,80.4046,80.9294,0.0,60.0,5.0819,No,0.0,-0.0013,0.0194,Poor,Medium,0.055,10.0,32.4803,30.081,Moderate Risk,52.6707,79.2198,43.6962,Moderate Misalignment,107.8645,32.4161,Separated Traffic,Rural,6.7494,True,Residential,Poor Infrastructure,0.0459,,False,93.0443,-0.0019,0.0118,Moderate Misalignment,81,Unnamed Road,3353
5049,Unnamed Road,Urban Road,URB-05049,5049,12.8792,77.6235,12.8792,77.623,51.2,2019.6,2019.651,40.8087,Moderate Misalignment,0.9596,0.0232,0.9604,0.0168,-0.0058,50.0061,48.5744,83.4005,44.6672,44.6661,50.0689,96.4393,0.5681,51.5004,47.9162,No,0.0,0.0,0.9784,Poor,High,2.2729,10.0,29.457,30.8981,Moderate Risk,66.2671,50.8897,37.9646,Moderate Misalignment,62.3572,65.1481,Side Impact Potential,Urban,3.9768,True,Commercial,Meets Safe System Standards,-0.0225,,False,51.1559,0.0058,0.0002,Moderate Misalignment,49,Unnamed Road,3354
5050,Unnamed Road,Urban Road,URB-05050,5050,12.8792,77.624,12.8792,77.6235,49.5,2020.0,2020.05,10.7624,Aligned,0.9834,0.9399,0.0159,0.0047,-0.0049,35.6762,33.8949,57.7371,54.8892,43.6886,48.9735,89.2715,0.3006,38.2457,46.4735,No,0.0,-0.009,0.9269,Good,Low,3.3323,10.0,10.0743,23.9592,Safe,79.2178,35.4295,21.3552,Aligned,36.4755,62.609,Side Impact Potential,Urban,1.8112,True,Commercial,Meets Safe System Standards,0.0287,,False,33.8558,-0.004,-0.009,Aligned,36,Unnamed Road,3355
5051,Unnamed Road,Urban Road,URB-05051,5051,12.8793,77.6235,12.8792,77.624,49.5,2020.4,2020.45,37.2985,Moderate Misalignment,0.8126,0.1861,0.8038,0.0409,-0.0051,74.551,74.4602,99.9641,1.1135,16.9152,80.159,93.0834,0.5264,60.0,13.8116,No,0.0,0.0019,0.004,Poor,Low,0.241,10.0,22.5427,27.5,Moderate Risk,60.2799,74.0613,34.571,Moderate Misalignment,72.6226,33.4465,Separated Traffic,Rural,7.8868,True,Residential,Poor Infrastructure,0.0102,,False,64.9934,0.002,-0.0035,Moderate Misalignment,74,Unnamed Road,3356
5052,Unnamed Road,Urban Road,URB-05052,5052,12.8793,77.623,12.8793,77.6235,51.1,2020.8,2020.851,25.3646,Moderate Misalignment,0.4927,0.4651,0.5156,0.0147,-0.008,77.9963,78.203,98.7485,27.3864,26.4445,78.8342,75.7989,0.2066,60.0,15.228,No,0.0,-0.0035,0.0101,Poor,Low,0.5049,10.0,10.1553,25.6644,Moderate Risk,66.5548,80.795,31.3113,Moderate Misalignment,86.0372,54.0799,Separated Traffic,Peri-Urban,5.9561,True,Residential,Poor Infrastructure | Above Human Tolerance Limit,0.0139,,False,74.3403,-0.0051,0.0028,Moderate Misalignment,78,Unnamed Road,3357
5053,Unnamed Road,Urban Road,URB-05053,5053,12.8793,77.6226,12.8793,77.623,47.2,2021.2,2021.247,25.153,Moderate Misalignment,0.5154,0.4653,0.4716,0.0128,0.0045,75.156,74.2943,99.174,0.3404,15.108,78.9862,68.4558,0.0349,60.0,3.2481,No,0.0,-0.001,0.083,Poor,Low,0.3036,10.0,10.0,26.5295,Moderate Risk,61.5882,72.6894,30.7985,Moderate Misalignment,74.8083,41.8364,Separated Traffic,Rural,5.1869,True,Residential,Poor Infrastructure | Above Human Tolerance Limit,-0.0041,,False,64.8351,-0.0094,-0.0082,Moderate Misalignment,74,Unnamed Road,3358
5054,Unnamed Road,Urban Road,URB-05054,5054,12.8794,77.6222,12.8793,77.6226,45.1,2021.6,2021.645,10.7742,Aligned,0.9737,0.9602,0.0203,0.0076,0.0023,50.8663,49.5548,78.4985,22.7978,36.9824,49.5003,82.952,0.0,49.2514,40.4997,No,0.0,-0.0041,1.0025,Poor,High,1.7717,10.0,30.7607,32.7057,Moderate Risk,61.0156,51.2545,38.9476,Moderate Misalignment,65.8165,50.0006,Side Impact Potential,Peri-Urban,4.9964,False,Industrial,Poor Infrastructure,-0.0086,,False,61.4925,-0.0141,-0.012,Aligned,50,Unnamed Road,3359