segment_id,road_name,road_type,human_segment_id,internal_id,start_lat,start_lon,end_lat,end_lon,length_m,start_km,end_km,road_risk_score,ai_risk_label,ai_risk_probability,prob_low_risk,prob_medium_risk,prob_high_risk,prob_critical_risk,ai_recommended_speed,recommended_safe_speed,road_function_score,infrastructure_score,exposure_score,human_tolerance_limit,operating_speed_score,crash_risk_score,posted_speed_limit,pedestrian_exposure_score,blackspot_flag,crash_count,fatal_crashes,schools_count,lighting_quality,roadside_hazards,intersection_density,speed_compliance_rate,speed_violation_score,hotspot_score,hotspot_category,speed_safety_score,original_safe_speed,misalignment_score,misalignment_category,speed_p85,ptw_share_pct,exposure_tier,urban_rural_flag,lane_count,median_presence,land_use_type,top_ai_factors,congestion_index,congestion_category,congestion_smoothed,operating_speed_mean,minor_crashes,major_crashes,risk_category,final_safe_speed,corridor_base,corridor_seq
5055,Unnamed Road,Urban Road,URB-05055,5055,12.8794,77.6218,12.8794,77.6222,46.2,2022.0,2022.046,22.769,Aligned,0.5356,0.5006,0.4297,0.0291,-0.0037,46.0682,44.7809,98.8568,10.7837,16.2189,79.3707,48.0795,0.543,59.2053,6.3845,No,0.0,0.0017,-0.0249,Poor,Medium,-0.0146,10.0,10.0,20.3577,Safe,72.5007,43.7266,18.1616,Aligned,46.3196,43.4935,Separated Traffic,Rural,6.9445,True,Residential,Poor Infrastructure,0.1442,Light,False,35.1051,0.0061,0.0255,Aligned,46,Unnamed Road,3360
5056,Unnamed Road,Urban Road,URB-05056,5056,12.8794,77.6214,12.8794,77.6218,35.5,2022.4,2022.436,39.6425,Moderate Misalignment,0.9887,0.0133,0.9719,0.0147,0.0066,29.0733,30.8527,79.8944,85.6147,56.4497,29.2467,91.9567,0.1073,41.8569,70.3301,No,0.0,-0.0044,2.9283,Good,High,1.578,10.0,10.0,29.1899,Moderate Risk,77.2826,30.2292,33.684,Moderate Misalignment,38.0404,57.8382,Significant Pedestrian Interaction,Urban,2.78,True,Residential,High Pedestrian Interaction | Above Human Tolerance Limit,-0.0072,,False,35.0979,-0.0063,-0.0017,Moderate Misalignment,31,Unnamed Road,3361
5057,Unnamed Road,Urban Road,URB-05057,5057,12.8794,77.6211,12.8794,77.6214,40.8,2022.8,2022.841,9.6112,Aligned,0.9951,0.991,0.0368,-0.0029,0.0021,22.7393,20.9454,59.4476,9.133,17.7678,70.4798,86.3308,0.182,39.0404,12.0481,No,0.0,-0.0039,0.0083,Poor,Medium,1.0529,10.0,10.2568,20.7653,Safe,70.783,22.1334,19.0058,Aligned,19.8156,36.5513,Separated Traffic,Rural,2.9183,True,Residential,Poor Infrastructure,-0.0148,,False,19.0827,0.0008,-0.015,Aligned,23,Unnamed Road,3362
5058,Unnamed Road,Urban Road,URB-05058,5058,12.8795,77.6207,12.8794,77.6211,39.0,2023.2,2023.239,10.6483,Aligned,0.9099,0.8646,0.0495,-0.0049,-0.0151,52.9066,51.866,99.325,0.0,12.3633,80.7746,67.3001,0.3226,59.144,3.9073,No,0.0,0.0101,-0.02,Good,Low,0.1486,10.0,10.0,20.3625,Safe,69.3094,54.9739,20.189,Aligned,54.8602,32.7632,Separated Traffic,Rural,4.9706,True,Residential,Poor Infrastructure,0.2528,Light,False,37.933,0.0029,0.0012,Aligned,54,Unnamed Road,3363
5059,Unnamed Road,Urban Road,URB-05059,5059,12.8795,77.62,12.8795,77.6197,38.8,2023.6,2023.639,13.3635,Aligned,0.9681,1.0112,0.04,0.0141,-0.0017,20.6006,18.2713,56.3538,55.2286,39.5958,50.2166,77.082,0.636,41.1759,40.4549,No,0.0,0.0005,1.0037,Poor,Medium,3.8377,10.0,10.0,22.7111,Safe,77.8903,21.7187,20.577,Aligned,20.8649,63.1004,Side Impact Potential,Urban,4.0708,False,Commercial,Meets Safe System Standards,0.2282,Light,False,14.2779,0.0064,-0.0019,Aligned,22,Unnamed Road,3364
5060,Unnamed Road,Urban Road,URB-05060,5060,13.079,77.6106,13.0802,77.6114,180.1,2024.0,2024.18,12.456,Aligned,0.9708,1.0079,0.0263,-0.0008,-0.0068,16.9235,19.7185,61.3615,0.1899,19.5009,49.975,79.4647,0.3378,27.7309,1.3489,No,0.0,-0.0051,-0.0001,Poor,Medium,3.5963,10.0,10.0,23.1892,Safe,67.9716,19.772,18.141,Aligned,19.6226,64.6182,Side Impact Potential,Urban,3.0116,True,Commercial,Poor Infrastructure,-0.0063,,False,18.3909,-0.0155,-0.017,Aligned,19,Unnamed Road,3365
5061,Unnamed Road,Urban Road,URB-05061,5061,13.0153,77.667,13.0123,77.6664,349.1,2024.4,2024.749,35.1095,Moderate Misalignment,0.6949,0.3003,0.6888,0.0377,-0.0101,81.6201,80.0589,100.0,28.6078,36.5374,79.2382,82.8168,0.4796,59.8535,30.4041,No,0.0,-0.0086,1.0042,Good,Medium,0.4526,10.0,10.2554,32.3214,Moderate Risk,62.4557,79.1418,40.6395,Moderate Misalignment,96.8128,68.7167,Separated Traffic,Urban,8.0563,True,Residential,Poor Infrastructure | Above Human Tolerance Limit,-0.0206,,False,81.3443,0.0038,-0.0139,Moderate Misalignment,81,Unnamed Road,3366
5062,Unnamed Road,Urban Road,URB-05062,5062,12.9278,77.5461,12.9281,77.5463,29.3,2024.8,2024.829,38.5575,Moderate Misalignment,0.9917,-0.0302,1.0058,0.0104,0.0072,79.606,81.098,100.0,11.557,14.3886,81.1068,99.1678,0.1355,60.0,8.2763,No,0.0,-0.007,0.0051,Poor,Low,0.1797,10.0,23.6968,27.0764,Moderate Risk,61.1439,77.7633,36.332,Moderate Misalignment,99.0501,35.2794,Separated Traffic,Rural,4.2605,True,Residential,Poor Infrastructure,-0.0089,,False,79.75,0.008,-0.0175,Moderate Misalignment,77,Unnamed Road,3367
5063,Unnamed Road,Urban Road,URB-05063,5063,12.9011,77.6324,12.8995,77.6333,218.5,2025.2,2025.418,39.4652,Moderate Misalignment,0.9328,0.0552,0.9732,0.0089,-0.0104,65.0412,64.6185,80.3866,43.9132,28.5276,70.859,95.3838,0.0,48.1191,19.7551,No,0.0,0.0018,-0.0144,Good,Medium,1.6048,10.0,30.4592,26.6637,Moderate Risk,68.6721,64.4202,32.0429,Moderate Misalignment,66.0166,63.3207,Separated Traffic,Urban,3.1037,True,Mixed,Meets Safe System Standards,0.1478,Light,False,50.2921,-0.0013,0.0008,Moderate Misalignment,66,Unnamed Road,3368
5064,Unnamed Road,Urban Road,URB-05064,5064,12.8938,77.6565,12.8936,77.6566,24.9,2025.6,2025.625,10.2862,Aligned,0.9462,0.96,0.0391,0.0291,0.0056,53.0149,50.9837,98.8403,0.0,12.6368,78.8184,57.6406,0.3791,60.0,1.6543,No,0.0,0.0091,-0.0136,Poor,Medium,-0.0132,10.0,10.1384,19.6773,Safe,68.409,51.2928,17.3734,Aligned,51.6024,34.7217,Separated Traffic,Rural,4.9999,True,Residential,Poor Infrastructure,0.0073,,False,42.0756,0.0164,0.0041,Aligned,54,Unnamed Road,3369
5065,Unnamed Road,Urban Road,URB-05065,5065,12.9513,77.5522,12.9514,77.5527,47.4,2026.0,2026.047,24.7117,Aligned,0.5174,0.5187,0.4541,0.0207,0.0026,43.7404,40.72,79.6557,12.6175,27.8118,50.9169,95.9805,0.1133,39.1794,15.5817,No,0.0,0.0003,-0.0608,Good,High,1.5584,10.0,10.0,24.4031,Moderate Risk,67.9594,40.7432,23.9314,Aligned,42.1989,67.1031,Side Impact Potential,Urban,5.9776,False,Residential,Poor Infrastructure,-0.0111,,False,36.3691,-0.0111,-0.0098,Aligned,41,Unnamed Road,3370
5066,Unnamed Road,Urban Road,URB-05066,5066,12.9514,77.5527,12.9515,77.5529,22.6,2026.4,2026.423,12.6441,Aligned,0.9404,0.9001,0.0321,0.0232,0.012,20.0853,20.6183,55.5797,22.7712,21.3316,47.8583,75.8671,0.0,27.5977,19.2839,No,0.0,0.0049,0.0137,Good,Low,0.6413,10.0,10.0,19.702,Safe,74.3618,18.69,16.9994,Aligned,19.1899,36.2018,Side Impact Potential,Rural,2.8104,False,Industrial,Poor Infrastructure,0.219,Light,False,14.7384,-0.0036,0.0097,Aligned,22,Unnamed Road,3371
5067,Unnamed Road,Urban Road,URB-05067,5067,12.9517,77.5536,12.9515,77.5529,85.0,2026.8,2026.885,9.4258,Aligned,0.9959,1.0602,0.0294,0.0047,0.0081,29.3506,24.3708,27.5368,1.6709,18.5557,49.8141,90.2833,0.023,28.4372,0.6639,No,0.0,-0.0092,0.0233,Good,Medium,2.6812,10.0,10.2978,22.0243,Safe,68.7,25.3235,20.9091,Aligned,28.1938,61.3839,Side Impact Potential,Peri-Urban,0.9304,False,Residential,Poor Infrastructure,0.0036,,False,24.0563,-0.0115,-0.0035,Aligned,27,Unnamed Road,3372
5068,Unnamed Road,Urban Road,URB-05068,5068,12.9517,77.5536,12.9522,77.5537,62.3,2027.2,2027.262,11.2442,Aligned,0.9781,1.0001,0.0018,0.0042,0.0005,27.0442,27.4785,78.7639,29.4493,28.1659,69.4932,73.2605,0.0306,41.0133,14.8266,No,0.0,0.0034,0.0023,Poor,Low,1.4878,10.0,10.0,22.2676,Safe,74.9805,23.37,18.8137,Aligned,25.5533,66.1162,Separated Traffic,Urban,2.1369,True,Mixed,Poor Infrastructure,-0.0176,,False,23.0472,0.0102,0.0041,Aligned,28,Unnamed Road,3373
5069,Unnamed Road,Urban Road,URB-05069,5069,12.9517,77.5536,12.9519,77.5544,92.7,2027.6,2027.693,19.5686,Aligned,0.7301,0.7054,0.2266,0.033,-0.0115,61.914,62.5745,98.7114,50.3892,25.5906,82.0918,58.7409,0.0,58.8693,18.2333,No,0.0,0.0024,-0.0266,Good,Medium,0.3635,10.0,10.1887,17.6265,Safe,80.848,62.2554,17.4867,Aligned,62.314,53.5806,Separated Traffic,Urban,6.7692,True,Mixed,Meets Safe System Standards,-0.0158,,False,54.7813,-0.0113,-0.0071,Aligned,61,Unnamed Road,3374
5070,Unnamed Road,Urban Road,URB-05070,5070,12.953,77.5546,12.9527,77.5543,38.4,2028.0,2028.038,17.0389,Aligned,0.805,0.8423,0.2019,-0.025,-0.0052,30.49,30.9112,55.7303,10.4337,17.9576,48.1924,96.5353,0.0369,60.0,9.3795,No,0.0,0.0027,-0.013,Good,Low,1.4369,10.0,10.447,21.2104,Safe,70.8632,31.1183,19.4629,Aligned,33.7131,39.63,Side Impact Potential,Rural,4.2594,False,Residential,Poor Infrastructure,-0.0108,,False,25.2543,0.005,0.0037,Aligned,33,Unnamed Road,3375
5071,Unnamed Road,Urban Road,URB-05071,5071,12.9522,77.5537,12.9526,77.554,52.9,2028.4,2028.453,14.3067,Aligned,0.922,0.8742,0.1307,0.017,-0.0034,22.5975,20.6474,28.887,18.6095,20.3115,49.364,98.2094,0.3247,20.0635,7.014,No,0.0,0.0043,0.0106,Poor,Low,3.0394,10.0,10.4017,21.1004,Safe,73.2417,20.8583,18.0283,Aligned,20.6521,53.7602,Side Impact Potential,Peri-Urban,1.7745,False,Residential,Poor Infrastructure,-0.0131,,False,15.3687,-0.0007,0.0029,Aligned,21,Unnamed Road,3376
5072,Unnamed Road,Urban Road,URB-05072,5072,12.9527,77.5543,12.9526,77.554,39.2,2028.8,2028.839,14.0405,Aligned,0.8798,0.8742,0.1019,-0.0131,-0.0031,56.3921,54.9651,99.7487,1.1112,18.5046,81.0875,68.1887,0.0,59.4554,6.6782,No,0.0,-0.0072,0.0021,Poor,High,0.5502,10.0,10.0,22.6902,Safe,68.7122,56.7804,18.4594,Aligned,56.4023,51.5688,Separated Traffic,Peri-Urban,3.8776,True,Industrial,Poor Infrastructure,-0.02,,False,49.72,-0.0034,-0.0113,Aligned,55,Unnamed Road,3377
5073,Unnamed Road,Urban Road,URB-05073,5073,12.9517,77.5557,12.9519,77.5548,106.0,2029.2,2029.306,10.8626,Aligned,0.9708,0.9345,0.054,-0.0007,0.0026,22.1289,20.7383,27.5072,0.0948,14.7501,51.7964,83.2975,0.9387,29.4987,7.2188,No,0.0,-0.0073,-0.0267,Poor,Medium,1.3029,10.0,10.1078,21.0884,Safe,69.1652,23.1678,17.8008,Aligned,21.0681,37.9447,Side Impact Potential,Rural,1.0088,False,Residential,Poor Infrastructure,-0.0037,,False,20.8644,-0.0079,-0.0052,Aligned,21,Unnamed Road,3378
5074,Unnamed Road,Urban Road,URB-05074,5074,12.9519,77.5548,12.9519,77.5544,34.2,2029.6,2029.634,14.237,Aligned,0.912,0.8793,0.1459,0.0073,-0.0122,53.2154,52.2512,96.539,0.0,14.8462,79.5747,61.1463,0.0137,60.0,10.4242,No,0.0,-0.0071,0.0018,Poor,Low,0.3371,10.0,10.0,20.6233,Safe,70.0652,52.9621,18.3294,Aligned,49.1642,36.7853,Separated Traffic,Rural,6.9985,True,Industrial,Approach to Congestion (Tapered) | Poor Infrastructure,-0.0179,,True,45.9885,0.0202,-0.0078,Aligned,52,Unnamed Road,3379
5075,Unnamed Road,Urban Road,URB-05075,5075,12.9444,77.5773,12.9445,77.5776,36.1,2030.0,2030.036,29.3127,Moderate Misalignment,0.5741,0.3806,0.584,0.0118,0.0036,56.6516,59.1879,100.0,13.5068,23.5462,79.9975,38.7231,0.0,60.0,28.0554,No,0.0,0.0075,0.9813,Poor,Low,0.0386,10.0,10.1021,27.3151,Moderate Risk,63.8809,62.4659,33.2981,Moderate Misalignment,60.3531,35.0892,Separated Traffic,Rural,3.833,True,Residential,Poor Infrastructure | Above Human Tolerance Limit,0.0137,,False,49.1336,-0.0014,0.0115,Moderate Misalignment,57,Unnamed Road,3380
5076,Unnamed Road,Urban Road,URB-05076,5076,13.0151,77.6497,13.0146,77.6511,159.4,2030.4,2030.559,9.2503,Aligned,0.9868,0.9892,0.0293,0.0008,0.0008,34.6437,33.0295,82.8073,30.1017,28.1725,49.4185,79.5958,0.5217,42.7371,15.0993,No,0.0,0.0021,0.0003,Good,Low,2.0438,10.0,10.014,22.0052,Safe,73.4336,33.709,18.5925,Aligned,32.2566,67.356,Side Impact Potential,Urban,5.8806,False,Industrial,Poor Infrastructure,0.008,,False,27.6848,-0.0072,0.0054,Aligned,32,Unnamed Road,3381
5077,Unnamed Road,Urban Road,URB-05077,5077,12.995,77.629,12.9947,77.6291,94.9,2030.8,2030.895,11.3668,Aligned,0.9842,1.028,0.0205,-0.0078,0.0045,32.0204,32.7341,47.1642,0.6003,18.8134,49.4391,85.2857,0.0067,39.9422,9.026,No,0.0,0.0055,0.0068,Good,Low,1.3518,10.0,10.4395,22.6067,Safe,68.3318,32.976,20.7889,Aligned,35.2982,46.9722,Side Impact Potential,Rural,2.0057,False,Residential,Poor Infrastructure,0.0057,,False,28.3915,-0.0077,-0.018,Aligned,32,Unnamed Road,3382
5078,Unnamed Road,Urban Road,URB-05078,5078,12.9685,77.629,12.9692,77.629,80.6,2031.2,2031.281,18.3103,Aligned,0.7966,0.7742,0.2306,0.0451,-0.0005,76.9227,78.297,100.0,0.1665,13.5826,78.323,78.9029,0.0,60.0,5.8911,No,0.0,-0.0017,-0.0298,Poor,High,0.1049,10.0,10.0,23.0442,Safe,65.5416,78.7531,24.3286,Aligned,87.4164,35.4063,Separated Traffic,Rural,7.024,True,Mixed,Approach to Congestion (Tapered) | Poor Infrastructure,0.1794,Light,True,65.916,0.0035,-0.0041,Aligned,76,Unnamed Road,3383
5079,Unnamed Road,Urban Road,URB-05079,5079,12.9763,77.5257,12.9738,77.5256,302.7,2031.6,2031.903,31.509,Moderate Misalignment,0.6699,0.2495,0.682,0.0096,-0.004,27.5494,31.6443,50.3174,7.5067,24.7144,49.179,97.9738,0.2997,29.5179,18.4023,No,0.0,-0.0041,0.0724,Good,Low,2.4137,10.0,10.0,23.3172,Safe,70.3415,28.949,19.7807,Aligned,31.9848,48.9849,Side Impact Potential,Peri-Urban,3.2497,False,Residential,Poor Infrastructure,-0.017,,False,26.2445,0.0053,0.0216,Moderate Misalignment,29,Unnamed Road,3384
5080,Unnamed Road,Urban Road,URB-05080,5080,12.8675,77.5771,12.8674,77.5815,478.3,2032.0,2032.478,27.29,Moderate Misalignment,0.5009,0.4638,0.5012,-0.0162,0.002,75.8991,73.3515,98.4427,0.7994,13.6538,78.536,66.8109,0.8889,60.0,2.307,No,0.0,-0.0061,0.0025,Poor,Low,0.3499,10.0,10.0585,25.5978,Moderate Risk,61.9445,74.5818,30.4434,Moderate Misalignment,74.2983,42.1216,Separated Traffic,Rural,5.1083,True,Residential,Poor Infrastructure | Above Human Tolerance Limit,0.0063,,False,66.84,0.0072,0.0068,Moderate Misalignment,74,Unnamed Road,3385
5081,Unnamed Road,Urban Road,URB-05081,5081,12.879,77.5673,12.8789,77.5675,29.3,2032.4,2032.429,44.5838,Moderate Misalignment,0.8261,0.0075,0.8083,0.1728,0.005,27.7194,30.0005,78.5556,50.7831,51.9855,31.6774,96.5375,0.0,40.1285,60.8811,No,0.0,-0.0013,0.9641,Good,High,1.6912,10.0,15.4912,35.7734,Moderate Risk,65.0111,30.9916,43.9705,Moderate Misalignment,49.3797,68.912,Significant Pedestrian Interaction,Urban,2.1309,True,Residential,High Pedestrian Interaction | Above Human Tolerance Limit,-0.0025,,False,38.4229,0.0086,0.0033,Moderate Misalignment,29,Unnamed Road,3386
5082,Unnamed Road,Urban Road,URB-05082,5082,13.0602,77.5514,13.0626,77.552,339.6,2032.8,2033.14,39.3727,Moderate Misalignment,0.9791,0.0493,0.9765,0.0134,0.0097,30.8387,28.9051,53.8644,52.3644,51.3056,30.4133,95.677,0.0718,30.9737,67.1127,No,0.0,0.0044,1.9641,Poor,Low,3.4782,10.0,26.7747,31.138,Moderate Risk,70.9937,33.2331,32.1527,Moderate Misalignment,39.1825,56.0353,Significant Pedestrian Interaction,Urban,4.0759,False,Commercial,High Pedestrian Interaction,0.2247,Light,False,28.9348,-0.0018,-0.0079,Moderate Misalignment,29,Unnamed Road,3387
5083,Unnamed Road,Urban Road,URB-05083,5083,12.9589,77.5067,12.9594,77.5068,47.6,2033.2,2033.248,15.7852,Aligned,0.8708,0.8373,0.1154,-0.0068,-0.0089,49.8642,51.3479,99.0129,22.0124,33.6195,82.089,73.5476,0.3488,59.6982,28.7695,No,0.0,0.0035,0.9885,Poor,High,0.6859,10.0,10.4331,24.486,Moderate Risk,70.903,52.0802,21.445,Aligned,50.0619,66.4282,Separated Traffic,Urban,5.0797,True,Commercial,Poor Infrastructure,0.0024,,False,44.8566,-0.0166,-0.0092,Aligned,50,Unnamed Road,3388
5084,Unnamed Road,Urban Road,URB-05084,5084,12.9589,77.5067,12.9589,77.5071,39.9,2033.6,2033.64,13.9135,Aligned,0.8551,0.8974,0.1239,-0.0049,0.0113,29.4328,29.7456,47.4208,99.5616,66.7357,31.8478,96.4138,0.0,40.0698,94.9577,No,0.0,0.0034,0.9446,Poor,High,2.5107,10.0,10.8629,26.7528,Moderate Risk,85.2111,32.6411,24.8705,Aligned,29.5706,61.7256,Significant Pedestrian Interaction,Urban,2.2736,False,Residential,High Pedestrian Interaction,-0.0028,,False,29.7925,0.0166,-0.022,Aligned,29,Unnamed Road,3389
5085,Unnamed Road,Urban Road,URB-05085,5085,12.9594,77.5068,12.9597,77.5069,34.6,2034.0,2034.035,36.243,Moderate Misalignment,0.7354,0.2356,0.7327,0.0104,0.0059,51.0877,50.1953,85.0082,13.0836,24.5272,51.7613,93.1751,0.0,38.7025,11.5006,No,0.0,-0.0036,-0.0096,Poor,Medium,2.4943,10.0,31.5361,27.8784,Moderate Risk,63.2637,49.2245,31.7405,Moderate Misalignment,52.5092,63.688,Side Impact Potential,Urban,4.9083,True,Residential,Poor Infrastructure,0.0008,,False,42.812,-0.019,0.0013,Moderate Misalignment,50,Unnamed Road,3390
5086,Unnamed Road,Urban Road,URB-05086,5086,12.9588,77.5074,12.9589,77.5071,39.5,2034.4,2034.44,30.9557,Moderate Misalignment,0.7567,0.2543,0.7786,-0.0,-0.0005,50.9775,51.498,86.2224,13.485,23.8869,49.1426,92.173,0.2216,39.9511,9.7638,No,0.0,-0.0037,0.0314,Poor,Medium,2.4078,10.0,31.1199,28.3419,Moderate Risk,63.6905,50.9268,32.6178,Moderate Misalignment,50.2384,61.4322,Side Impact Potential,Urban,4.8324,True,Residential,Poor Infrastructure,0.0011,,False,44.2881,-0.0077,-0.0144,Moderate Misalignment,52,Unnamed Road,3391
5087,Unnamed Road,Urban Road,URB-05087,5087,12.9583,77.5093,12.9588,77.5094,52.2,2034.8,2034.852,19.9549,Aligned,0.5851,0.6107,0.4003,0.0064,0.0087,51.9968,49.101,49.5395,0.0,22.6387,51.5091,65.7289,0.4236,41.4196,12.9114,No,0.0,-0.0113,0.035,Good,Medium,1.8142,10.0,21.8787,27.8858,Moderate Risk,62.4607,48.9156,29.0594,Moderate Misalignment,47.7689,55.1725,Side Impact Potential,Peri-Urban,2.0139,False,Commercial,Active Congestion | Poor Infrastructure,0.6833,Severe,False,17.409,0.003,-0.0012,Aligned,50,Unnamed Road,3392
5088,Unnamed Road,Urban Road,URB-05088,5088,12.9583,77.5093,12.9588,77.5074,205.3,2035.2,2035.405,37.7157,Moderate Misalignment,0.9002,0.075,0.9059,0.0347,-0.0152,32.2804,27.2255,74.7199,69.901,41.6297,29.1967,80.3367,0.0,51.4858,39.1459,No,0.0,-0.0117,-0.0123,Good,Low,1.4006,10.0,10.1039,30.3048,Moderate Risk,67.9096,29.1269,43.7814,Moderate Misalignment,42.7435,64.3856,Significant Pedestrian Interaction,Urban,2.7602,False,Mixed,High Pedestrian Interaction | Above Human Tolerance Limit,0.1533,Light,False,34.3619,0.0158,0.0028,Moderate Misalignment,31,Unnamed Road,3393
5089,Unnamed Road,Urban Road,URB-05089,5089,12.9583,77.5093,12.9582,77.5097,45.7,2035.6,2035.646,22.9437,Aligned,0.6026,0.6332,0.3825,-0.0019,0.0004,30.9658,27.8759,49.1243,42.0853,36.8352,30.2262,96.7411,0.4642,30.9323,36.7601,No,0.0,-0.0045,0.9541,Good,Low,2.57,10.0,10.5207,23.4078,Safe,76.1918,29.3996,21.7365,Aligned,31.6767,61.261,Significant Pedestrian Interaction,Urban,1.9574,False,Industrial,High Pedestrian Interaction,-0.0055,,False,26.9526,0.0086,-0.0091,Aligned,29,Unnamed Road,3394
5090,Unnamed Road,Urban Road,URB-05090,5090,12.9588,77.5094,12.9591,77.5094,42.1,2036.0,2036.042,28.4124,Moderate Misalignment,0.5436,0.364,0.5857,0.0292,0.0044,79.919,80.624,100.0,12.1671,15.6763,79.7378,53.858,0.153,59.2953,9.6958,No,0.0,-0.0039,0.0094,Poor,Low,0.1699,10.0,10.142,25.3025,Moderate Risk,63.4768,79.5579,29.6926,Moderate Misalignment,78.7027,35.5035,Separated Traffic,Rural,4.2291,True,Industrial,Poor Infrastructure | Above Human Tolerance Limit,0.155,Light,False,64.42,0.0001,0.0093,Moderate Misalignment,79,Unnamed Road,3395
5091,Unnamed Road,Urban Road,URB-05091,5091,12.9582,77.5097,12.958,77.5103,74.7,2036.4,2036.475,69.5108,High Misalignment,0.905,-0.0056,0.0656,0.8988,-0.0003,50.3944,50.5211,99.3578,8.5269,19.6135,50.1488,43.9306,0.5339,59.9704,8.8508,No,0.0,-0.0071,0.0335,Poor,Low,0.4023,10.0,10.2673,42.8912,Moderate Risk,38.9283,47.6158,70.3307,High Misalignment,73.1798,54.4498,Side Impact Potential,Peri-Urban,5.8953,False,Residential,Speed Limit Misaligned | Poor Infrastructure | Above Human Tolerance Limit,0.1763,Light,False,50.9503,0.0053,0.0075,High Misalignment,49,Unnamed Road,3396
5092,Unnamed Road,Urban Road,URB-05092,5092,12.9577,77.5117,12.958,77.5103,151.1,2036.8,2036.951,39.3872,Moderate Misalignment,0.9234,0.0853,0.928,0.0379,0.0008,67.592,65.5884,100.0,15.757,25.4999,79.6222,91.9335,0.1908,58.6689,16.5058,No,0.0,0.0019,-0.0217,Poor,Low,0.3655,10.0,11.3841,26.6171,Moderate Risk,65.6077,69.4716,27.1108,Moderate Misalignment,66.8745,57.5709,Separated Traffic,Peri-Urban,5.9914,True,Residential,Poor Infrastructure,0.0015,,False,57.4445,0.0063,-0.0083,Moderate Misalignment,67,Unnamed Road,3397
5093,Unnamed Road,Urban Road,URB-05093,5093,12.9577,77.5117,12.9573,77.5116,47.3,2037.2,2037.247,13.5635,Aligned,0.9203,0.9394,0.0686,0.0376,0.0,77.5948,77.8235,99.3466,1.1374,13.0499,81.3405,23.6283,0.2873,59.7282,3.018,No,0.0,0.0035,-0.0846,Poor,Medium,0.155,10.0,10.0953,21.0633,Safe,69.544,76.6926,16.8661,Aligned,75.7612,46.7751,Separated Traffic,Rural,4.9602,True,Residential,Active Congestion | Poor Infrastructure,0.6299,Severe,False,28.1064,-0.0015,-0.0036,Aligned,78,Unnamed Road,3398
5094,Unnamed Road,Urban Road,URB-05094,5094,12.9591,77.5094,12.9597,77.5096,60.4,2037.6,2037.66,20.9673,Aligned,0.6384,0.6549,0.3617,0.0108,0.0021,66.4958,66.4485,99.9296,21.1559,24.4149,80.3354,56.1709,0.0,59.8028,12.1948,No,0.0,0.0044,-0.0286,Poor,High,0.5283,10.0,10.0,26.8838,Moderate Risk,65.9012,68.3878,31.2502,Moderate Misalignment,66.8536,57.6322,Separated Traffic,Urban,7.053,True,Commercial,Poor Infrastructure | Above Human Tolerance Limit,-0.0175,,False,59.6096,0.0097,0.0089,Aligned,66,Unnamed Road,3399
5095,Unnamed Road,Urban Road,URB-05095,5095,12.9597,77.5096,12.961,77.5099,157.0,2038.0,2038.157,27.1666,Moderate Misalignment,0.5697,0.4244,0.5488,0.0014,-0.0012,51.7235,51.5369,51.4993,20.8505,21.7988,50.9826,93.0527,0.0,41.8532,10.2637,No,0.0,0.009,0.0393,Poor,Low,2.1513,10.0,24.4203,24.5498,Safe,67.3245,52.9618,26.4589,Moderate Misalignment,51.5635,52.1583,Side Impact Potential,Peri-Urban,2.971,False,Commercial,Poor Infrastructure,0.0144,,False,44.5306,-0.0211,0.0073,Moderate Misalignment,52,Unnamed Road,3400
5096,Unnamed Road,Urban Road,URB-05096,5096,12.9602,77.507,12.9597,77.5069,59.6,2038.4,2038.46,14.9899,Aligned,0.8877,0.9035,0.1433,0.0066,-0.0099,54.1154,51.6671,99.66,0.7693,14.2761,79.9957,63.3522,0.1887,60.0,10.0335,No,0.0,-0.0051,0.0246,Poor,Low,0.1264,10.0,10.0745,20.8233,Safe,69.9363,51.7727,17.018,Aligned,49.5091,35.5773,Separated Traffic,Rural,6.8992,True,Industrial,Approach to Congestion (Tapered) | Poor Infrastructure,-0.0146,,True,43.309,0.001,-0.007,Aligned,55,Unnamed Road,3401
5097,Unnamed Road,Urban Road,URB-05097,5097,12.9602,77.507,12.9607,77.5071,53.4,2038.8,2038.853,40.5609,Moderate Misalignment,0.9463,0.0116,0.9505,0.0179,0.002,80.8956,80.6619,98.1044,37.0077,27.8393,79.6986,10.3248,0.2236,59.6885,23.8646,No,0.0,-0.0038,1.02,Poor,Medium,0.4849,10.0,10.4228,25.5714,Moderate Risk,68.4112,81.4383,30.9826,Moderate Misalignment,83.0693,47.0256,Separated Traffic,Peri-Urban,7.6955,True,Industrial,Active Congestion | Poor Infrastructure | Above Human Tolerance Limit,0.6527,Severe,False,29.7804,0.0117,-0.0241,Moderate Misalignment,81,Unnamed Road,3402
5098,Unnamed Road,Urban Road,URB-05098,5098,12.9732,77.7179,12.9769,77.7213,813.4,2039.2,2040.013,36.7843,Moderate Misalignment,0.9855,0.01,0.9208,0.0095,-0.0093,80.5111,80.4154,100.0,0.0,13.8575,79.1697,10.1259,0.0,59.772,0.3727,No,0.0,-0.0013,-0.0267,Poor,Low,0.1269,10.0,10.0,29.3231,Moderate Risk,56.9701,80.0558,38.0323,Moderate Misalignment,94.7137,46.0945,Separated Traffic,Rural,6.8756,True,Residential,Active Congestion | Poor Infrastructure | Above Human Tolerance Limit,0.7804,Severe,False,24.2234,0.0071,-0.0015,Moderate Misalignment,79,Unnamed Road,3403