segment_id,road_name,road_type,human_segment_id,internal_id,start_lat,start_lon,end_lat,end_lon,length_m,start_km,end_km,road_risk_score,ai_risk_label,ai_risk_probability,prob_low_risk,prob_medium_risk,prob_high_risk,prob_critical_risk,ai_recommended_speed,recommended_safe_speed,road_function_score,infrastructure_score,exposure_score,human_tolerance_limit,operating_speed_score,crash_risk_score,posted_speed_limit,pedestrian_exposure_score,blackspot_flag,crash_count,fatal_crashes,schools_count,lighting_quality,roadside_hazards,intersection_density,speed_compliance_rate,speed_violation_score,hotspot_score,hotspot_category,speed_safety_score,original_safe_speed,misalignment_score,misalignment_category,speed_p85,ptw_share_pct,exposure_tier,urban_rural_flag,lane_count,median_presence,land_use_type,top_ai_factors,congestion_index,congestion_category,congestion_smoothed,operating_speed_mean,minor_crashes,major_crashes,risk_category,final_safe_speed,corridor_base,corridor_seq
5099,Unnamed Road,Urban Road,URB-05099,5099,12.9918,77.5637,12.9915,77.5638,35.8,2039.6,2039.636,40.0023,Moderate Misalignment,0.8316,0.084,0.8187,0.105,-0.0014,49.3107,49.5981,99.1641,4.7851,15.037,50.2315,79.3591,0.5263,58.6063,3.2227,No,0.0,0.0028,0.0228,Poor,Medium,0.4107,10.0,10.3186,25.9787,Moderate Risk,63.2335,47.1299,30.1202,Moderate Misalignment,56.7062,47.7306,Side Impact Potential,Rural,6.0009,False,Commercial,Poor Infrastructure | Above Human Tolerance Limit,0.1644,Light,False,45.7085,0.0122,0.0011,Moderate Misalignment,51,Unnamed Road,3404
5100,Unnamed Road,Urban Road,URB-05100,5100,12.9774,77.4878,12.9856,77.4914,1037.6,2040.0,2041.038,12.0291,Aligned,0.984,0.9938,0.0041,0.0007,-0.0061,35.0527,37.7369,68.2319,38.7265,31.7243,50.6904,79.6,0.0,58.9891,26.0699,No,0.0,-0.0055,0.0357,Poor,High,1.6525,10.0,10.0387,20.7233,Safe,77.2188,36.3885,19.7559,Aligned,35.6843,60.6478,Side Impact Potential,Urban,2.8282,False,Mixed,Meets Safe System Standards,0.0089,,False,29.0057,-0.0018,0.001,Aligned,34,Unnamed Road,3405
5101,Unnamed Road,Urban Road,URB-05101,5101,12.8871,77.4865,12.8881,77.4855,157.5,2040.4,2040.558,21.0961,Aligned,0.6658,0.7245,0.2483,0.0126,-0.0127,18.2807,21.2161,26.6878,6.887,20.7276,48.0759,97.189,0.0,20.8674,5.4988,No,0.0,0.0021,-0.0153,Good,Medium,3.3085,10.0,10.2538,22.5587,Safe,69.7014,20.9224,19.5976,Aligned,23.0743,58.8147,Side Impact Potential,Peri-Urban,0.9162,False,Commercial,Poor Infrastructure,0.0012,,False,18.1269,0.0022,0.0114,Aligned,19,Unnamed Road,3406
5102,Unnamed Road,Urban Road,URB-05102,5102,12.9487,77.6974,12.9479,77.6989,180.5,2040.8,2040.981,33.5211,Moderate Misalignment,0.8282,0.1858,0.7674,0.0136,-0.0086,50.9707,47.8652,85.5351,0.8653,27.9192,50.1815,92.4374,0.0918,50.5622,13.3962,No,0.0,0.0034,-0.0605,Good,High,1.8354,10.0,21.3488,31.0274,Moderate Risk,59.6083,49.6873,34.6637,Moderate Misalignment,61.5703,68.0397,Side Impact Potential,Urban,5.0254,True,Commercial,Poor Infrastructure,0.0144,,False,55.1601,0.0107,-0.0092,Moderate Misalignment,50,Unnamed Road,3407
5103,Unnamed Road,Urban Road,URB-05103,5103,12.9964,77.5428,12.9951,77.5429,148.0,2041.2,2041.348,20.4082,Aligned,0.6563,0.6551,0.2806,0.0072,0.0008,63.9164,64.3245,100.0,6.8596,13.8942,78.7094,70.9475,0.0,58.9656,8.647,No,0.0,0.009,0.0275,Poor,Low,0.0433,10.0,10.0,19.8058,Safe,71.0232,65.2864,16.1835,Aligned,64.8098,33.4496,Separated Traffic,Rural,4.0224,True,Residential,Poor Infrastructure,-0.0041,,False,58.2576,-0.0036,-0.0225,Aligned,66,Unnamed Road,3408
5104,Unnamed Road,Urban Road,URB-05104,5104,13.0596,77.5899,13.0606,77.5895,137.8,2041.6,2041.738,11.8609,Aligned,0.9797,0.9586,0.045,-0.0156,-0.0054,27.6448,27.6125,75.9141,29.0842,27.2486,50.8114,75.0194,0.0576,38.3887,13.2188,No,0.0,-0.0041,-0.012,Good,High,2.0015,10.0,10.2662,21.6591,Safe,74.5128,27.5038,18.5544,Aligned,28.1678,68.905,Side Impact Potential,Urban,2.0699,True,Commercial,Poor Infrastructure,-0.0207,,False,22.8503,0.0124,0.0069,Aligned,26,Unnamed Road,3409
5105,Unnamed Road,Urban Road,URB-05105,5105,12.9537,77.5955,12.9511,77.5989,475.6,2042.0,2042.476,33.4072,Moderate Misalignment,0.711,0.2884,0.7263,-0.0185,-0.0137,49.0164,49.0406,70.4133,46.6471,32.9682,50.3088,92.7319,0.3326,49.8089,29.3461,No,0.0,-0.0027,0.0159,Poor,High,2.2928,10.0,19.9895,24.8613,Safe,72.4597,50.3338,26.3471,Moderate Misalignment,59.0146,55.1891,Side Impact Potential,Urban,2.0657,False,Commercial,Meets Safe System Standards,-0.0123,,False,54.6291,0.0027,-0.0046,Moderate Misalignment,49,Unnamed Road,3410
5106,Unnamed Road,Urban Road,URB-05106,5106,12.9045,77.5648,12.9043,77.5651,35.1,2042.4,2042.435,9.9831,Aligned,0.9863,0.9691,0.0221,0.0055,0.0025,26.5185,27.1412,81.0621,0.1165,22.1459,49.0886,69.1426,0.1235,39.8248,7.7857,No,0.0,0.0044,0.007,Poor,Medium,1.6986,10.0,10.6555,23.5119,Safe,67.9445,28.1769,17.9775,Aligned,24.652,55.7001,Side Impact Potential,Urban,3.1281,True,Residential,Poor Infrastructure,0.1863,Light,False,21.5998,-0.0002,-0.0027,Aligned,27,Unnamed Road,3411
5107,Unnamed Road,Urban Road,URB-05107,5107,13.0604,77.6309,13.0607,77.631,44.4,2042.8,2042.844,13.457,Aligned,0.9021,0.9609,0.0832,-0.0139,0.0023,43.8565,36.8136,49.6898,0.2982,15.5608,49.2689,97.8961,40.1121,38.9038,6.907,Yes,0.0,0.9965,-0.0163,Poor,High,1.5408,10.0,12.0965,33.4052,Moderate Risk,57.3636,45.4668,24.0079,Aligned,45.9282,39.3854,Side Impact Potential,Rural,1.8503,False,Industrial,Poor Infrastructure,0.0018,,False,37.3599,0.0,0.0024,Aligned,45,Unnamed Road,3412
5108,Unnamed Road,Urban Road,URB-05108,5108,13.0064,77.5403,13.0069,77.5403,65.7,2043.2,2043.266,42.6904,Moderate Misalignment,0.7707,0.0254,0.7707,0.1438,0.002,51.7884,51.6613,99.4257,34.8924,26.3695,49.6382,70.9421,0.444,60.0,12.4812,No,0.0,0.0079,0.0246,Good,Low,0.3794,10.0,10.3616,25.795,Moderate Risk,68.2918,49.2767,29.9939,Moderate Misalignment,51.134,63.2293,Side Impact Potential,Urban,6.0089,False,Commercial,Poor Infrastructure | Above Human Tolerance Limit,0.0008,,False,38.2693,0.0101,-0.0025,Moderate Misalignment,51,Unnamed Road,3413
5109,Unnamed Road,Urban Road,URB-05109,5109,12.9606,77.6681,12.9618,77.6703,341.2,2043.6,2043.941,12.0845,Aligned,0.9287,0.9519,0.0888,-0.0094,0.0011,28.6506,31.8543,86.4434,58.8227,42.6078,49.356,71.436,0.0,39.2267,48.1346,No,0.0,0.0004,0.9617,Poor,High,2.1073,10.0,10.0,22.7516,Safe,78.851,28.4706,19.9849,Aligned,32.1779,55.9094,Side Impact Potential,Urban,4.939,True,Commercial,Meets Safe System Standards,0.1805,Light,False,22.8813,0.0063,0.01,Aligned,30,Unnamed Road,3414
5110,Unnamed Road,Urban Road,URB-05110,5110,13.0684,77.5784,13.0689,77.5786,64.5,2044.0,2044.064,40.0516,Moderate Misalignment,0.9296,0.0636,0.9283,-0.0071,0.0062,29.2804,31.601,80.3019,53.4962,36.5435,31.1015,93.0616,0.1256,60.0,36.1169,No,0.0,0.0011,-0.0592,Good,Medium,2.5233,10.0,19.184,29.1792,Moderate Risk,66.6866,29.6248,41.0776,Moderate Misalignment,50.9606,55.1661,Significant Pedestrian Interaction,Urban,2.8365,True,Mixed,High Pedestrian Interaction | Above Human Tolerance Limit,0.1952,Light,False,35.5367,-0.0049,-0.004,Moderate Misalignment,30,Unnamed Road,3415
5111,Unnamed Road,Urban Road,URB-05111,5111,12.8927,77.5856,12.8919,77.5856,87.4,2044.4,2044.487,30.8111,Moderate Misalignment,0.6699,0.3179,0.6675,-0.0025,0.0218,49.9509,49.1579,30.506,9.222,15.295,51.3991,93.9127,0.4365,39.8597,3.3297,No,0.0,0.0028,0.051,Poor,Medium,0.6617,10.0,30.0952,24.2236,Safe,64.2136,49.6903,28.5838,Moderate Misalignment,53.3242,42.8947,Side Impact Potential,Rural,2.073,False,Industrial,Poor Infrastructure,0.0005,,False,42.434,0.0066,-0.0055,Moderate Misalignment,51,Unnamed Road,3416
5112,Unnamed Road,Urban Road,URB-05112,5112,12.9612,77.5465,12.9617,77.5455,158.1,2044.8,2044.958,13.1256,Aligned,0.9429,0.9196,0.0839,-0.0098,-0.0077,57.3366,59.732,100.0,0.0,12.9659,80.148,59.2865,0.1566,59.8698,1.3671,No,0.0,0.0028,-0.0329,Poor,High,0.1534,10.0,10.0,20.5149,Safe,68.9536,61.1885,16.3699,Aligned,58.007,39.684,Separated Traffic,Rural,4.2125,True,Residential,Poor Infrastructure,0.2164,Light,False,45.883,0.0018,-0.0102,Aligned,59,Unnamed Road,3417
5113,Unnamed Road,Urban Road,URB-05113,5113,13.0064,77.7356,13.0067,77.7355,27.6,2045.2,2045.228,11.0568,Aligned,0.9583,0.9853,-0.0013,0.004,-0.0098,38.9707,35.744,77.1113,17.5289,31.5717,51.0367,70.1707,0.0,48.1888,21.1633,No,0.0,-0.0034,0.0196,Good,High,1.6578,10.0,10.0,24.6144,Safe,70.925,37.5687,20.3357,Aligned,35.6885,63.7842,Side Impact Potential,Urban,1.8808,True,Commercial,Poor Infrastructure,-0.0204,,False,32.1683,-0.0054,0.0088,Aligned,38,Unnamed Road,3418
5114,Unnamed Road,Urban Road,URB-05114,5114,13.0501,77.512,13.0505,77.512,52.7,2045.6,2045.653,13.7532,Aligned,0.8723,0.8269,0.1708,0.0185,0.0002,36.8502,36.3632,79.5523,28.7529,26.4863,48.3179,89.7279,0.0568,41.8342,19.6076,No,0.0,-0.0015,0.0152,Good,Low,1.9056,10.0,10.2709,20.872,Safe,74.7243,35.7482,19.9486,Aligned,35.5546,56.8935,Side Impact Potential,Urban,6.0455,False,Industrial,Poor Infrastructure,0.004,,False,33.0342,0.0001,0.0051,Aligned,37,Unnamed Road,3419
5115,Unnamed Road,Urban Road,URB-05115,5115,12.9381,77.6329,12.9385,77.6327,48.5,2046.0,2046.049,65.5398,High Misalignment,0.7984,-0.0087,0.1889,0.8073,0.007,50.9344,49.0684,100.0,32.2459,24.329,49.8781,53.6323,0.0,60.0,16.1992,No,0.0,-0.0012,0.0902,Poor,Medium,0.3261,10.0,10.0,35.3771,Moderate Risk,53.201,47.4884,57.222,High Misalignment,57.2303,51.4156,Side Impact Potential,Peri-Urban,8.1341,False,Mixed,Speed Limit Misaligned | Poor Infrastructure | Above Human Tolerance Limit,0.0023,,False,49.9987,0.0004,0.0001,High Misalignment,52,Unnamed Road,3420
5116,Unnamed Road,Urban Road,URB-05116,5116,13.0295,77.5927,13.0285,77.5936,199.5,2046.4,2046.6,12.6792,Aligned,0.9665,0.9954,0.0273,-0.0071,0.0037,40.3284,39.7127,77.1086,13.4162,25.1493,49.6041,76.1181,0.0,50.4455,15.4764,No,0.0,0.0077,0.9925,Good,High,1.2498,10.0,10.07,22.5216,Safe,71.0256,41.6624,19.0807,Aligned,36.9288,50.1585,Side Impact Potential,Peri-Urban,3.8376,False,Industrial,Approach to Congestion (Tapered) | Poor Infrastructure,0.001,,True,35.2845,0.0047,0.0045,Aligned,42,Unnamed Road,3421
5117,Unnamed Road,Urban Road,URB-05117,5117,13.0381,77.5647,13.0382,77.5649,28.6,2046.8,2046.829,16.9146,Aligned,0.8618,0.8746,0.1429,0.016,-0.0129,27.3123,29.0658,54.3602,10.3666,25.0893,48.8678,91.3788,0.0944,30.1128,9.4255,No,0.0,0.0031,-0.0304,Good,Low,2.8937,10.0,10.5049,23.379,Safe,70.0518,30.9961,17.4622,Aligned,24.9027,68.7003,Side Impact Potential,Urban,4.1935,False,Residential,Poor Infrastructure,0.0034,,False,28.1625,0.0062,-0.0058,Aligned,28,Unnamed Road,3422
5118,Unnamed Road,Urban Road,URB-05118,5118,13.0665,77.5815,13.066,77.5808,82.0,2047.2,2047.282,10.4457,Aligned,0.9819,1.0121,0.0443,0.0164,0.0074,19.3026,21.4494,54.1607,0.962,19.2208,50.1281,82.7816,0.4386,29.1522,2.5081,No,0.0,0.0032,0.0304,Poor,Medium,2.2031,10.0,10.8613,22.7706,Safe,67.1134,21.6467,18.5108,Aligned,17.563,61.9717,Side Impact Potential,Peri-Urban,3.9367,False,Commercial,Poor Infrastructure,0.01,,False,18.8189,-0.0049,0.0073,Aligned,21,Unnamed Road,3423
5119,Unnamed Road,Urban Road,URB-05119,5119,12.9569,77.7009,12.9567,77.7013,64.0,2047.6,2047.664,10.5352,Aligned,0.9685,0.9368,0.0281,0.0036,0.0131,53.5612,53.7993,86.1422,20.1877,27.9618,71.8469,75.8461,0.304,58.5949,21.9567,No,0.0,0.0143,-0.0027,Poor,High,1.4215,10.0,10.8845,22.7879,Safe,71.1699,53.9533,20.2056,Aligned,54.0836,47.9136,Separated Traffic,Peri-Urban,4.8104,True,Industrial,Poor Infrastructure,-0.0361,,False,44.8405,0.0019,-0.0115,Aligned,54,Unnamed Road,3424
5120,Unnamed Road,Urban Road,URB-05120,5120,12.9452,77.5278,12.9456,77.5275,50.4,2048.0,2048.05,13.8936,Aligned,0.9201,0.9257,0.0369,0.0312,-0.0081,80.1419,77.2383,98.9971,0.5975,14.5299,80.6311,20.5232,0.0,60.0,1.0996,No,0.0,-0.0009,0.0156,Poor,Medium,0.3182,10.0,10.0,20.5197,Safe,69.0233,76.5909,17.7308,Aligned,78.7997,47.6761,Separated Traffic,Rural,5.2475,True,Residential,Active Congestion | Poor Infrastructure,0.6425,Severe,False,27.7408,-0.0067,0.011,Aligned,79,Unnamed Road,3425
5121,Unnamed Road,Urban Road,URB-05121,5121,13.0732,77.6013,13.0729,77.6018,61.7,2048.4,2048.462,35.5967,Moderate Misalignment,0.5597,0.2941,0.5448,0.1142,-0.0171,57.6348,60.4268,98.3324,0.7045,16.6631,77.6065,88.3672,0.0,59.5746,7.303,No,0.0,-0.0109,-0.004,Poor,Low,0.0098,10.0,10.4437,21.4433,Safe,68.964,55.8855,16.4541,Aligned,57.5659,38.9957,Separated Traffic,Rural,5.0499,True,Residential,Poor Infrastructure,0.014,,False,51.1987,0.0096,-0.0011,Moderate Misalignment,59,Unnamed Road,3426
5122,Unnamed Road,Urban Road,URB-05122,5122,13.0329,77.5338,13.032,77.5347,143.9,2048.8,2048.944,10.6566,Aligned,0.9771,1.012,0.0149,-0.0074,0.0075,26.9653,28.8287,47.2004,3.9248,19.0852,51.4587,89.346,0.7086,29.8501,3.6369,No,0.0,0.0101,-0.0417,Good,Low,2.5009,10.0,10.3709,22.1124,Safe,68.9114,29.1222,19.2839,Aligned,26.0775,57.2406,Side Impact Potential,Peri-Urban,1.7843,False,Residential,Poor Infrastructure,0.1122,Light,False,21.9177,0.001,0.0065,Aligned,26,Unnamed Road,3427
5123,Unnamed Road,Urban Road,URB-05123,5123,12.8895,77.6399,12.8893,77.6403,46.3,2049.2,2049.246,10.8717,Aligned,0.911,0.8994,0.1031,-0.0026,0.0072,36.2795,37.8971,87.1545,24.6901,46.0057,47.9639,71.7969,0.0,60.0,49.3868,No,0.0,-0.0031,1.0228,Good,Low,1.9667,10.0,10.3473,29.14,Moderate Risk,69.7439,37.0754,24.8049,Moderate Misalignment,37.2429,64.5279,Side Impact Potential,Urban,5.14,True,Mixed,Approach to Congestion (Tapered) | Poor Infrastructure,-0.0193,,True,28.8181,-0.0063,0.0067,Aligned,40,Unnamed Road,3428
5124,Unnamed Road,Urban Road,URB-05124,5124,12.9798,77.6947,12.9798,77.6944,56.3,2049.6,2049.656,9.8847,Aligned,0.9621,0.9755,0.0438,0.0014,0.0077,37.8547,37.8032,84.7739,60.0007,34.7165,48.2704,74.6252,0.3631,51.3533,24.0134,No,0.0,-0.0062,-0.0237,Good,Medium,1.8178,10.0,10.0061,18.8807,Safe,81.9255,36.8837,16.0386,Aligned,36.5669,66.9308,Side Impact Potential,Urban,4.9624,True,Commercial,Meets Safe System Standards,0.0011,,False,34.7971,-0.0005,0.0032,Aligned,37,Unnamed Road,3429
5125,Unnamed Road,Urban Road,URB-05125,5125,12.9971,77.7173,12.9971,77.7175,22.6,2050.0,2050.023,45.3436,Moderate Misalignment,0.7813,0.0298,0.7992,0.1467,0.0081,51.1206,47.1942,100.0,35.6891,26.5133,49.8896,71.5938,0.0311,59.6227,11.5132,No,0.0,-0.0015,-0.0252,Good,Low,0.4276,10.0,10.0,25.1055,Moderate Risk,67.3049,48.1828,29.5522,Moderate Misalignment,50.6576,62.4246,Side Impact Potential,Urban,5.6813,False,Commercial,Poor Infrastructure | Above Human Tolerance Limit,0.0289,,False,38.1004,0.0031,0.0088,Moderate Misalignment,51,Unnamed Road,3430
5126,Unnamed Road,Urban Road,URB-05126,5126,12.9247,77.6859,12.926,77.6858,147.7,2050.4,2050.548,18.9784,Aligned,0.7459,0.7391,0.279,0.0015,-0.0035,34.599,35.321,48.4122,0.0,20.194,50.2398,96.0892,0.0,30.064,8.4399,No,0.0,-0.0012,0.004,Good,Low,2.4231,10.0,15.6157,24.9918,Moderate Risk,65.8406,35.0529,25.4082,Aligned,33.1722,53.312,Side Impact Potential,Peri-Urban,1.7974,False,Residential,Poor Infrastructure,-0.0066,,False,31.7915,0.0067,0.0081,Aligned,35,Unnamed Road,3431
5127,Unnamed Road,Urban Road,URB-05127,5127,12.9664,77.6142,12.9662,77.614,46.4,2050.8,2050.846,8.9137,Aligned,0.951,0.9477,0.0548,-0.0084,-0.001,38.8717,36.2605,48.0478,56.4394,34.9908,50.0926,86.0512,19.7664,40.7174,30.7928,No,0.0,-0.0033,-0.0341,Good,High,2.7349,10.0,10.0,25.6694,Moderate Risk,77.2974,39.4292,18.3557,Aligned,41.2434,61.556,Side Impact Potential,Urban,2.7956,False,Commercial,Meets Safe System Standards,0.176,Light,False,30.2899,0.0023,1.0076,Aligned,39,Unnamed Road,3432
5128,Unnamed Road,Urban Road,URB-05128,5128,12.9781,77.6068,12.9779,77.6067,42.1,2051.2,2051.242,27.1157,Moderate Misalignment,0.5599,0.3585,0.602,0.0067,0.0053,51.5813,50.9208,85.9248,31.7236,35.9575,51.4936,93.7709,0.0,59.1742,28.5387,No,0.0,-0.0146,0.0545,Good,Medium,1.9796,10.0,26.4864,28.4372,Moderate Risk,67.0648,49.9638,31.962,Moderate Misalignment,53.8065,65.0496,Side Impact Potential,Urban,3.9351,True,Commercial,Poor Infrastructure,-0.0022,,False,46.1407,0.0036,0.0023,Moderate Misalignment,50,Unnamed Road,3433
5129,Unnamed Road,Urban Road,URB-05129,5129,13.0032,77.6355,13.0029,77.6351,50.2,2051.6,2051.65,26.0057,Moderate Misalignment,0.4986,0.4786,0.5134,0.0209,-0.0164,75.0736,74.2748,100.0,0.0,14.1071,79.5481,65.04,0.0,60.0,2.0643,No,0.0,-0.0066,-0.0526,Poor,Low,0.4079,10.0,10.0,25.633,Moderate Risk,62.9667,74.0177,30.1039,Moderate Misalignment,75.8632,42.1964,Separated Traffic,Rural,5.0103,True,Residential,Poor Infrastructure | Above Human Tolerance Limit,-0.0099,,False,68.8684,0.0008,0.0076,Moderate Misalignment,75,Unnamed Road,3434
5130,Unnamed Road,Urban Road,URB-05130,5130,12.9137,77.566,12.9138,77.5662,34.2,2052.0,2052.034,9.4703,Aligned,0.9721,0.9768,0.0048,0.0146,0.0052,34.2277,30.9243,80.2715,55.0001,42.563,48.9815,75.7231,0.3626,41.3225,44.6331,No,0.0,0.003,1.9425,Good,Medium,1.9649,10.0,10.1818,23.8565,Safe,78.0779,30.3297,20.7963,Aligned,33.1129,57.7698,Side Impact Potential,Urban,4.0385,True,Commercial,Meets Safe System Standards,0.1772,Light,False,24.0359,-0.0034,0.0033,Aligned,34,Unnamed Road,3435
5131,Unnamed Road,Urban Road,URB-05131,5131,12.9488,77.5229,12.9491,77.5233,61.3,2052.4,2052.461,13.6577,Aligned,0.9077,0.8973,0.1005,0.01,0.0017,65.2361,62.0531,100.0,5.185,14.3715,81.0065,59.6155,0.0,60.0,8.283,No,0.0,0.0096,0.0631,Poor,High,0.352,10.0,10.0,19.2942,Safe,71.2877,62.3798,16.0662,Aligned,61.3037,33.8197,Separated Traffic,Rural,5.0667,True,Residential,Poor Infrastructure,-0.013,,False,52.7443,0.0019,0.0035,Aligned,65,Unnamed Road,3436
5132,Unnamed Road,Urban Road,URB-05132,5132,12.9572,77.7015,12.9572,77.701,75.1,2052.8,2052.875,14.9659,Aligned,0.9184,0.9113,0.0665,0.0335,0.0046,44.059,46.9577,100.0,31.7233,25.5975,80.6079,49.3446,0.6888,59.9125,31.0993,No,0.0,0.0022,1.0296,Poor,Medium,0.0714,10.0,10.0,21.7412,Safe,75.4014,47.1794,17.3016,Aligned,47.9807,34.294,Separated Traffic,Rural,5.9642,True,Mixed,Poor Infrastructure,0.1514,Light,False,35.9843,0.0185,-0.0077,Aligned,44,Unnamed Road,3437
5133,Unnamed Road,Urban Road,URB-05133,5133,12.9334,77.5396,12.9342,77.5382,190.9,2053.2,2053.391,12.2842,Aligned,0.934,0.9349,0.0385,-0.0033,-0.0023,27.5784,25.5384,28.3455,6.903,20.3125,51.4121,88.5339,0.0,28.6781,13.2949,No,0.0,-0.0012,-0.0197,Poor,Low,0.951,10.0,10.0,21.9914,Safe,69.0124,24.2519,20.0992,Aligned,26.6127,44.5448,Side Impact Potential,Rural,0.9847,False,Residential,Poor Infrastructure,-0.0049,,False,25.1776,0.0014,-0.0048,Aligned,25,Unnamed Road,3438
5134,Unnamed Road,Urban Road,URB-05134,5134,12.9939,77.5953,12.9943,77.5958,85.9,2053.6,2053.686,11.3155,Aligned,0.9781,1.0006,0.0095,-0.0022,0.0026,47.2344,44.36,70.0929,43.6321,39.0245,50.4586,86.4755,0.0,49.4817,34.4494,No,0.0,0.0045,0.9675,Good,Medium,1.3885,10.0,10.0,22.9779,Safe,76.8213,45.0962,21.3699,Aligned,46.3225,62.9671,Side Impact Potential,Urban,2.2034,False,Residential,Meets Safe System Standards,-0.0107,,False,42.0398,-0.0098,0.0019,Aligned,46,Unnamed Road,3439
5135,Unnamed Road,Urban Road,URB-05135,5135,12.9573,77.5282,12.9569,77.5286,98.5,2054.0,2054.099,28.5656,Moderate Misalignment,0.5741,0.4495,0.5909,0.0103,-0.0042,42.8606,44.4222,81.0313,34.0382,34.815,51.0615,99.1108,0.7609,40.5294,28.3001,No,0.0,-0.0086,0.0166,Good,Medium,1.888,10.0,10.1632,24.3909,Safe,72.0983,43.0914,23.887,Aligned,43.4224,56.9387,Side Impact Potential,Urban,5.843,False,Mixed,Meets Safe System Standards,-0.0046,,False,39.3453,-0.0064,-0.0041,Moderate Misalignment,44,Unnamed Road,3440
5136,Unnamed Road,Urban Road,URB-05136,5136,12.9904,77.601,12.9901,77.6009,38.1,2054.4,2054.438,38.6425,Moderate Misalignment,0.9154,0.0595,0.9034,0.0178,-0.004,30.9128,30.4464,52.9426,64.9567,51.2772,30.6839,80.824,0.0,59.9696,67.8583,No,0.0,-0.0042,1.0178,Good,Medium,2.8147,10.0,10.0,36.5074,Moderate Risk,65.0239,28.0352,48.8757,Moderate Misalignment,44.2333,64.0291,Significant Pedestrian Interaction,Urban,3.2189,False,Industrial,High Pedestrian Interaction | Above Human Tolerance Limit,0.0085,,False,39.5572,0.0073,0.0079,Moderate Misalignment,32,Unnamed Road,3441
5137,Unnamed Road,Urban Road,URB-05137,5137,12.9913,77.5856,12.991,77.5863,84.4,2054.8,2054.884,35.5069,Moderate Misalignment,0.8329,0.1645,0.865,-0.0039,0.0085,50.3865,50.3396,84.5269,10.3851,22.036,49.7512,97.3444,0.0,39.2442,14.0891,No,0.0,-0.0057,0.0448,Good,Low,2.127,10.0,34.4351,28.1694,Moderate Risk,61.5883,48.4335,33.2845,Moderate Misalignment,54.6843,59.1106,Side Impact Potential,Urban,4.9936,True,Residential,Poor Infrastructure,0.0088,,False,43.1299,-0.0011,0.0094,Moderate Misalignment,51,Unnamed Road,3442
5138,Unnamed Road,Urban Road,URB-05138,5138,12.9258,77.6767,12.9263,77.6767,46.4,2055.2,2055.246,15.3328,Aligned,0.8219,0.8344,0.1994,0.0082,-0.0015,59.9543,63.1807,99.872,13.4686,18.6175,80.1632,73.0972,0.4083,60.0,10.2691,No,0.0,0.0024,1.0337,Poor,Low,0.3246,10.0,10.0,20.7075,Safe,71.7735,61.2121,17.2534,Aligned,61.2906,49.8,Separated Traffic,Peri-Urban,3.9135,True,Mixed,Poor Infrastructure,-0.0077,,False,51.526,0.0011,-0.0097,Aligned,60,Unnamed Road,3443
5139,Unnamed Road,Urban Road,URB-05139,5139,12.9916,77.5742,12.9927,77.5743,137.7,2055.6,2055.738,20.9458,Aligned,0.7198,0.7092,0.2291,0.0491,0.0036,81.5071,81.3823,98.9863,12.01,17.3062,80.5645,82.0671,0.2899,59.4741,11.4639,No,0.0,-0.0009,0.0237,Poor,Low,0.1903,10.0,10.2758,27.2842,Moderate Risk,62.2222,78.8426,36.1543,Moderate Misalignment,94.3815,34.1825,Separated Traffic,Rural,5.0295,True,Residential,Poor Infrastructure | Above Human Tolerance Limit,-0.0025,,False,81.0198,0.0071,0.0199,Aligned,79,Unnamed Road,3444
5140,Unnamed Road,Urban Road,URB-05140,5140,12.9878,77.5194,12.9877,77.5197,52.8,2056.0,2056.053,40.2213,Moderate Misalignment,0.9945,-0.0061,0.9838,-0.0044,0.0045,79.4465,77.9969,100.0,25.7416,15.781,82.2076,10.0,0.0119,60.0,8.0511,No,0.0,0.0054,-0.0376,Poor,Low,0.1058,10.0,10.0846,23.1707,Safe,69.3308,80.3393,28.7283,Moderate Misalignment,80.3363,36.1724,Separated Traffic,Rural,4.8424,True,Residential,Active Congestion | Poor Infrastructure | Above Human Tolerance Limit,0.6718,Severe,False,27.3554,-0.0038,-0.0045,Moderate Misalignment,79,Unnamed Road,3445
5141,Unnamed Road,Urban Road,URB-05141,5141,13.0437,77.5389,13.0436,77.5391,25.6,2056.4,2056.426,15.6746,Aligned,0.9502,0.978,0.061,0.013,0.0112,32.9202,33.4034,87.4886,26.0139,27.7749,49.369,67.4121,0.0,51.1688,20.4274,No,0.0,0.0038,0.9637,Good,Medium,1.8857,10.0,10.3932,22.9052,Safe,73.1564,30.5994,20.6619,Aligned,35.0534,59.063,Side Impact Potential,Urban,5.0528,True,Residential,Poor Infrastructure,0.0012,,False,27.8001,0.0039,-0.0037,Aligned,33,Unnamed Road,3446
5142,Unnamed Road,Urban Road,URB-05142,5142,12.925,77.5536,12.925,77.5534,26.2,2056.8,2056.826,16.5466,Aligned,0.803,0.8312,0.2018,0.0086,0.0093,20.8336,24.2919,28.855,0.8221,21.2185,50.2136,94.5843,0.3049,60.0,6.551,No,0.0,0.0037,-0.0447,Good,Low,2.7782,10.0,10.078,24.7082,Safe,67.3727,18.2241,21.6667,Aligned,23.5733,57.6412,Side Impact Potential,Peri-Urban,2.1844,False,Industrial,Poor Infrastructure,0.1544,Light,False,14.4472,0.0104,0.0092,Aligned,21,Unnamed Road,3447