segment_id,road_name,road_type,human_segment_id,internal_id,start_lat,start_lon,end_lat,end_lon,length_m,start_km,end_km,road_risk_score,ai_risk_label,ai_risk_probability,prob_low_risk,prob_medium_risk,prob_high_risk,prob_critical_risk,ai_recommended_speed,recommended_safe_speed,road_function_score,infrastructure_score,exposure_score,human_tolerance_limit,operating_speed_score,crash_risk_score,posted_speed_limit,pedestrian_exposure_score,blackspot_flag,crash_count,fatal_crashes,schools_count,lighting_quality,roadside_hazards,intersection_density,speed_compliance_rate,speed_violation_score,hotspot_score,hotspot_category,speed_safety_score,original_safe_speed,misalignment_score,misalignment_category,speed_p85,ptw_share_pct,exposure_tier,urban_rural_flag,lane_count,median_presence,land_use_type,top_ai_factors,congestion_index,congestion_category,congestion_smoothed,operating_speed_mean,minor_crashes,major_crashes,risk_category,final_safe_speed,corridor_base,corridor_seq
5143,Unnamed Road,Urban Road,URB-05143,5143,12.9993,77.5825,12.9991,77.5825,28.9,2057.2,2057.229,32.5607,Moderate Misalignment,0.7657,0.2496,0.7266,0.0124,-0.0047,39.1988,37.8706,29.8364,1.2617,19.2653,51.7274,96.4949,0.1426,31.0689,11.635,No,0.0,0.0008,-0.0547,Poor,High,1.2239,10.0,27.395,26.0172,Moderate Risk,61.8846,37.0847,26.2318,Moderate Misalignment,37.8511,45.431,Side Impact Potential,Rural,1.8114,False,Residential,Poor Infrastructure,0.2044,Light,False,25.894,-0.0092,-0.0006,Moderate Misalignment,37,Unnamed Road,3448
5144,Unnamed Road,Urban Road,URB-05144,5144,13.0211,77.5536,13.02,77.5555,249.3,2057.6,2057.849,10.6904,Aligned,0.99,0.9696,0.0059,-0.0109,0.0011,52.2924,48.897,81.4677,11.9689,36.74,50.3556,79.9395,0.044,60.0,36.5193,No,0.0,-0.0017,1.002,Good,High,1.3541,10.0,10.1697,32.4553,Moderate Risk,61.5638,47.8273,38.8767,Moderate Misalignment,48.6469,58.279,Side Impact Potential,Urban,6.2271,False,Residential,Poor Infrastructure | Above Human Tolerance Limit,0.011,,False,46.4163,-0.0077,-0.0077,Aligned,53,Unnamed Road,3449
5145,Unnamed Road,Urban Road,URB-05145,5145,13.0239,77.5846,13.0238,77.5849,34.6,2058.0,2058.035,11.4197,Aligned,0.9565,0.945,0.0541,0.0063,-0.0077,38.5969,36.2906,47.9703,45.8506,37.3286,49.6723,72.74,0.2113,29.2172,29.8668,No,0.0,0.0074,0.0107,Good,Medium,2.8327,10.0,30.7575,26.509,Moderate Risk,70.698,38.3553,29.6279,Moderate Misalignment,43.2707,66.9483,Side Impact Potential,Urban,1.9776,False,Commercial,Active Congestion,0.7166,Severe,False,10.0,-0.0111,-0.0172,Aligned,38,Unnamed Road,3450
5146,Unnamed Road,Urban Road,URB-05146,5146,12.9246,77.6946,12.9246,77.6949,32.5,2058.4,2058.432,11.4763,Aligned,0.914,0.9004,0.1199,0.0112,0.012,56.3966,54.9094,97.9793,0.5988,12.4551,79.8278,70.12,0.0396,58.9663,5.2156,No,0.0,-0.0017,-0.0007,Good,Low,0.0436,10.0,10.4787,20.4116,Safe,69.9955,53.0382,16.8168,Aligned,50.5481,33.5222,Separated Traffic,Rural,5.1077,True,Residential,Poor Infrastructure,0.2538,Light,False,37.3374,0.0111,-0.0191,Aligned,54,Unnamed Road,3451
5147,Unnamed Road,Urban Road,URB-05147,5147,13.0232,77.5842,13.0233,77.5845,37.8,2058.8,2058.838,31.5062,Moderate Misalignment,0.7057,0.261,0.6905,0.0088,0.0058,79.3536,79.7193,100.0,16.5412,16.8557,79.5223,54.6894,0.3576,59.8884,3.7727,No,0.0,0.0073,0.0337,Poor,Low,0.1656,10.0,10.0,24.6228,Safe,63.9961,79.2713,28.6522,Moderate Misalignment,78.8105,44.1474,Separated Traffic,Rural,7.9305,True,Industrial,Poor Infrastructure | Above Human Tolerance Limit,0.1849,Light,False,59.622,-0.0013,-0.0197,Moderate Misalignment,80,Unnamed Road,3452
5148,Unnamed Road,Urban Road,URB-05148,5148,12.987,77.5192,12.9869,77.5195,33.9,2059.2,2059.234,12.4708,Aligned,0.9604,1.0089,0.0394,-0.0063,0.0037,32.8979,33.039,89.0617,19.8136,27.2886,48.4259,79.9387,0.0,39.728,16.3046,No,0.0,-0.0015,-0.075,Good,Medium,1.6809,10.0,10.1539,23.5593,Safe,70.2061,34.1156,20.171,Aligned,33.6575,64.6459,Side Impact Potential,Urban,3.9781,True,Commercial,Poor Infrastructure,-0.014,,False,24.5972,0.0136,-0.0207,Aligned,34,Unnamed Road,3453
5149,Unnamed Road,Urban Road,URB-05149,5149,12.9459,77.5288,12.9457,77.5289,32.8,2059.6,2059.633,11.31,Aligned,0.9242,0.9595,0.0614,0.0012,-0.0039,57.2233,61.7945,100.0,12.3632,14.9293,80.0006,15.1655,0.1418,60.0,8.2132,No,0.0,0.0014,-0.1006,Poor,Medium,0.2746,10.0,10.0,19.1778,Safe,71.9903,64.0415,16.5054,Aligned,62.4547,33.3708,Separated Traffic,Rural,5.2216,True,Residential,Active Congestion | Poor Infrastructure,0.6227,Severe,False,23.3517,0.0167,-0.0071,Aligned,61,Unnamed Road,3454
5150,Unnamed Road,Urban Road,URB-05150,5150,12.9604,77.6013,12.9606,77.6016,58.9,2060.0,2060.059,13.234,Aligned,0.9155,0.8973,0.1162,0.0123,0.0082,47.1713,45.9043,99.9292,38.4921,32.5616,81.63,66.0651,0.0,60.0,25.0959,No,0.0,0.0045,1.0628,Good,Medium,0.5817,10.0,10.0,21.0614,Safe,76.899,46.4861,18.0621,Aligned,43.8938,56.251,Separated Traffic,Urban,5.9361,True,Mixed,Meets Safe System Standards,-0.0093,,False,38.171,-0.0084,0.0074,Aligned,45,Unnamed Road,3455
5151,Unnamed Road,Urban Road,URB-05151,5151,12.9815,77.608,12.9816,77.6083,37.8,2060.4,2060.438,14.9989,Aligned,0.9258,0.9298,0.0808,-0.0034,0.0001,28.8483,28.6358,56.7904,47.6838,29.0704,50.9232,92.3219,0.0,30.2769,21.1911,No,0.0,0.0034,0.0301,Poor,High,3.3118,10.0,10.0,17.7305,Safe,81.0803,27.346,16.9323,Aligned,26.3283,56.2221,Side Impact Potential,Urban,3.9004,False,Industrial,Meets Safe System Standards,-0.0199,,False,27.4528,-0.0009,0.005,Aligned,29,Unnamed Road,3456
5152,Unnamed Road,Urban Road,URB-05152,5152,12.87,77.5254,12.8701,77.5256,29.4,2060.8,2060.829,23.478,Aligned,0.5651,0.5586,0.4327,0.0152,-0.0064,57.8443,57.5659,98.3756,1.0164,15.2337,79.7389,65.1157,0.192,60.0,1.9459,No,0.0,-0.0027,0.085,Good,Medium,0.2541,10.0,10.0,21.1453,Safe,69.1482,55.8407,17.4401,Aligned,55.7285,44.2556,Separated Traffic,Rural,7.2043,True,Residential,Poor Infrastructure,-0.0086,,False,48.1931,-0.0062,0.0029,Aligned,57,Unnamed Road,3457
5153,Unnamed Road,Urban Road,URB-05153,5153,13.0236,77.5848,13.0236,77.5846,31.5,2061.2,2061.232,31.1626,Moderate Misalignment,0.6904,0.3195,0.6906,0.0029,-0.0024,50.5086,50.2513,81.2012,10.0801,19.4787,50.9582,92.7533,0.0,50.4898,6.5307,No,0.0,-0.0055,0.0159,Good,Low,1.5334,10.0,25.0684,25.9767,Moderate Risk,63.211,49.2058,31.0888,Moderate Misalignment,62.7253,55.9467,Side Impact Potential,Urban,3.0014,True,Commercial,Poor Infrastructure,0.0242,,False,54.3785,0.0015,0.0011,Moderate Misalignment,48,Unnamed Road,3458
5154,Unnamed Road,Urban Road,URB-05154,5154,12.9826,77.5427,12.9829,77.5446,232.1,2061.6,2061.832,22.3449,Aligned,0.6079,0.5987,0.4266,0.0381,0.0076,43.8606,49.0131,50.1013,28.4425,31.5085,51.3614,97.8601,0.3286,41.2637,28.8899,No,0.0,0.0098,1.0065,Good,Low,2.5135,10.0,16.783,25.3066,Moderate Risk,70.968,47.6973,25.5571,Moderate Misalignment,48.0992,57.9326,Side Impact Potential,Urban,1.979,False,Mixed,Poor Infrastructure,0.0036,,False,41.3922,0.0078,0.0021,Aligned,44,Unnamed Road,3459
5155,Unnamed Road,Urban Road,URB-05155,5155,12.9169,77.6989,12.9156,77.6985,155.1,2062.0,2062.155,9.5098,Aligned,0.9979,0.9842,0.054,0.0065,0.0049,37.8789,40.4741,53.5435,34.6395,28.6069,49.5123,85.1678,0.1736,38.6185,18.0229,No,0.0,-0.0033,0.069,Poor,Low,2.7884,10.0,10.0,20.7685,Safe,75.7351,37.7619,18.1136,Aligned,40.4061,63.0599,Side Impact Potential,Urban,3.1277,False,Mixed,Poor Infrastructure,0.1922,Light,False,29.5719,-0.0002,-0.0056,Aligned,39,Unnamed Road,3460
5156,Unnamed Road,Urban Road,URB-05156,5156,13.0426,77.621,13.0431,77.619,232.5,2062.4,2062.633,10.3442,Aligned,0.966,0.9781,0.0577,0.0008,-0.0055,37.7366,35.9113,62.9538,53.3698,44.2875,49.5172,89.6207,0.1906,39.4046,46.7477,No,0.0,-0.0042,0.9707,Good,Low,3.356,10.0,10.0,24.3942,Safe,78.3327,35.5495,22.1185,Aligned,36.3836,61.4708,Side Impact Potential,Urban,1.8705,True,Commercial,Meets Safe System Standards,-0.0223,,False,32.1524,0.0127,-0.0125,Aligned,36,Unnamed Road,3461
5157,Unnamed Road,Urban Road,URB-05157,5157,13.043,77.6208,13.0444,77.6192,338.8,2062.8,2063.139,10.4142,Aligned,0.967,0.9851,0.0303,0.0116,0.0066,40.2487,39.4605,76.4099,39.3922,40.8232,48.7755,69.8955,0.5889,59.9696,46.6241,No,0.0,-0.0096,1.0222,Good,Low,1.6125,10.0,10.3486,26.5342,Moderate Risk,74.0668,39.4728,22.4354,Aligned,40.7304,58.7636,Side Impact Potential,Urban,5.0055,False,Residential,Meets Safe System Standards,-0.0056,,False,29.727,-0.0025,-0.011,Aligned,39,Unnamed Road,3462
5158,Unnamed Road,Urban Road,URB-05158,5158,12.9223,77.5048,12.9229,77.5054,96.4,2063.2,2063.296,42.4597,Moderate Misalignment,0.9138,0.0212,0.8655,0.0638,-0.0015,47.6605,48.4233,99.3553,27.879,23.5601,48.8183,72.8795,0.0,60.0,14.8939,No,0.0,-0.0047,0.0361,Good,Medium,0.545,10.0,10.1451,31.1899,Moderate Risk,60.3937,49.1934,44.4922,Moderate Misalignment,61.292,54.3747,Side Impact Potential,Urban,7.1942,False,Commercial,Poor Infrastructure | Above Human Tolerance Limit,0.0154,,False,53.585,-0.0065,-0.0081,Moderate Misalignment,49,Unnamed Road,3463
5159,Unnamed Road,National Highway,NH-05159,5159,13.0735,77.5926,13.0819,77.5931,935.1,2063.6,2064.535,10.0735,Aligned,0.9894,0.9607,0.0377,-0.0248,-0.0008,30.8924,29.3194,80.8904,25.696,29.4875,50.4412,75.0637,0.299,60.0,17.0696,No,0.0,-0.0008,0.0757,Good,Low,1.9196,10.0,10.1322,22.4365,Safe,73.1079,33.2022,19.7909,Aligned,31.7707,67.3416,Side Impact Potential,Urban,1.8923,True,Mixed,Poor Infrastructure,0.0098,,False,25.4957,-0.0234,0.0245,Aligned,30,Unnamed Road,3464
5160,Unnamed Road,National Highway,NH-05160,5160,13.0534,77.5934,13.0574,77.5932,445.7,2064.0,2064.446,10.4313,Aligned,0.9413,0.9721,0.1001,0.0192,0.0031,32.329,34.3124,86.6942,23.8104,27.682,50.2493,65.5943,0.0933,60.0,17.2053,No,0.0,0.0015,1.0212,Good,Medium,1.7835,10.0,10.0,22.5523,Safe,72.6261,33.5366,18.8987,Aligned,33.2808,59.1739,Side Impact Potential,Urban,5.0266,True,Residential,Poor Infrastructure,0.0013,,False,27.5912,0.0106,-0.0023,Aligned,30,Unnamed Road,3465
5161,Unnamed Road,National Highway,NH-05161,5161,13.0321,77.5345,13.032,77.5347,39.5,2064.4,2064.439,9.7191,Aligned,0.9927,0.9594,0.0042,0.0035,0.005,21.3506,20.7913,27.1804,22.0836,22.0707,48.4994,82.298,0.0304,60.0,14.5149,No,0.0,0.004,0.0194,Poor,High,2.1276,10.0,10.0,20.4987,Safe,73.4821,20.5522,19.2446,Aligned,21.5721,48.0888,Side Impact Potential,Peri-Urban,0.9658,False,Mixed,Poor Infrastructure,0.1327,Light,False,17.6207,-0.0157,0.0045,Aligned,22,Unnamed Road,3466
5162,Unnamed Road,National Highway,NH-05162,5162,12.9507,77.538,12.9507,77.5375,61.3,2064.8,2064.861,9.2899,Aligned,0.9544,0.9598,0.0589,-0.0032,0.011,36.5587,38.7262,81.1422,12.1888,24.1829,49.9731,75.6295,0.0311,60.0,4.3542,No,0.0,-0.0056,0.0517,Good,Low,2.0715,10.0,10.0,21.9586,Safe,71.2792,35.9818,20.1126,Aligned,36.1095,62.1309,Side Impact Potential,Urban,6.0318,False,Industrial,Poor Infrastructure,-0.0074,,False,34.0259,0.0007,0.0058,Aligned,38,Unnamed Road,3467
5163,Unnamed Road,National Highway,NH-05163,5163,12.9922,77.6864,12.9931,77.686,121.2,2065.2,2065.321,17.4495,Aligned,0.8791,0.8596,0.1448,0.0126,0.0113,45.5528,46.2537,100.0,29.1104,31.2474,79.3302,71.1968,0.0151,60.0,16.7154,No,0.0,0.0021,0.0442,Good,Low,0.3671,10.0,10.0,21.9839,Safe,74.7893,47.7444,20.5044,Aligned,45.3875,68.6109,Separated Traffic,Urban,8.109,True,Mixed,Poor Infrastructure,-0.0163,,False,39.2282,0.0088,0.0047,Aligned,44,Unnamed Road,3468
5164,Unnamed Road,National Highway,NH-05164,5164,13.0015,77.6633,13.0019,77.6632,45.9,2065.6,2065.646,64.199,High Misalignment,0.7344,0.0528,0.2015,0.7314,0.0012,31.1787,25.0825,73.4901,64.585,54.7409,27.1951,86.4159,19.5904,60.0,64.061,No,0.0,0.0048,1.9684,Poor,Medium,1.5065,10.0,10.0,41.5556,Moderate Risk,58.3788,28.749,50.8217,High Misalignment,50.0187,67.1164,Significant Pedestrian Interaction,Urban,4.1284,False,Mixed,Speed Limit Misaligned | High Pedestrian Interaction | Above Human Tolerance Limit,0.163,Light,False,42.8555,-0.0051,0.9931,High Misalignment,32,Unnamed Road,3469
5165,Unnamed Road,National Highway,NH-05165,5165,12.9969,77.6687,12.9966,77.6685,32.5,2066.0,2066.032,10.9382,Aligned,1.0006,0.979,0.0093,0.0039,0.0021,26.3408,25.2122,30.2103,30.2701,26.1069,49.8944,85.0092,0.0,60.0,21.1417,No,0.0,0.0038,1.0481,Poor,Low,2.7078,10.0,10.0,20.6773,Safe,75.0024,24.1169,17.5817,Aligned,23.4096,51.172,Side Impact Potential,Peri-Urban,1.9089,False,Industrial,Poor Infrastructure,0.0085,,False,21.3396,0.011,0.0002,Aligned,25,Unnamed Road,3470
5166,Unnamed Road,National Highway,NH-05166,5166,13.0088,77.5267,13.0088,77.5265,34.1,2066.4,2066.434,12.88,Aligned,0.9637,0.9744,-0.0116,-0.0025,0.0038,25.1714,23.9342,49.6086,15.6623,25.0626,50.216,84.6798,0.0277,60.0,11.9653,No,0.0,0.0019,0.0093,Good,Medium,1.849,10.0,10.0,22.7082,Safe,70.638,22.5584,19.8475,Aligned,23.2779,60.7202,Side Impact Potential,Peri-Urban,2.0361,False,Industrial,Poor Infrastructure,-0.0136,,False,19.634,-0.0055,0.0235,Aligned,25,Unnamed Road,3471
5167,Unnamed Road,National Highway,NH-05167,5167,12.9361,77.6919,12.9359,77.6919,20.8,2066.8,2066.821,24.1243,Aligned,0.5659,0.5536,0.4277,0.0192,-0.0078,79.0516,80.3082,99.8966,7.3441,19.166,79.7196,74.2542,0.2236,60.0,13.2202,No,0.0,-0.0058,-0.0192,Good,Medium,0.3165,10.0,10.0,28.1379,Moderate Risk,61.355,78.4671,31.6401,Moderate Misalignment,83.6082,42.8281,Separated Traffic,Rural,4.913,True,Residential,Poor Infrastructure | Above Human Tolerance Limit,0.0192,,False,71.6763,0.0104,-0.0072,Aligned,80,Unnamed Road,3472
5168,Unnamed Road,National Highway,NH-05168,5168,12.9283,77.6817,12.9282,77.6816,24.4,2067.2,2067.224,11.3698,Aligned,0.9769,0.9788,0.0209,0.0002,0.0033,26.2864,27.8307,57.218,6.07,21.693,48.6376,70.4582,0.0041,60.0,6.9497,No,0.0,-0.0002,-0.0129,Poor,Low,3.3265,10.0,10.342,21.4687,Safe,69.4549,29.5825,19.9462,Aligned,28.4416,58.7544,Side Impact Potential,Urban,3.7388,False,Mixed,Poor Infrastructure,0.2105,Light,False,19.8181,-0.0119,-0.0119,Aligned,26,Unnamed Road,3473
5169,Unnamed Road,National Highway,NH-05169,5169,12.9374,77.6934,12.9414,77.6963,574.1,2067.6,2068.174,9.2039,Aligned,0.9895,0.9795,-0.0277,-0.0072,0.0006,29.0726,27.6011,54.9749,50.6631,33.7864,50.4325,70.0275,0.2252,60.0,25.4669,No,0.0,0.0012,-0.0851,Good,Medium,2.9053,10.0,10.6558,20.0544,Safe,79.3624,24.5909,17.2714,Aligned,29.0275,64.0934,Side Impact Potential,Urban,2.8282,False,Residential,Meets Safe System Standards,0.1787,Light,False,18.4795,0.0019,0.0065,Aligned,29,Unnamed Road,3474
5170,Unnamed Road,National Highway,NH-05170,5170,12.9642,77.5702,12.9624,77.5692,235.1,2068.0,2068.235,10.9197,Aligned,0.9746,1.0249,0.0649,-0.0022,0.0062,38.6493,39.2081,56.326,12.8358,20.0709,49.5618,87.8771,0.0,60.0,4.0613,No,0.0,-0.009,-0.0208,Poor,High,3.0817,10.0,10.0,21.1102,Safe,71.8987,39.3346,18.4369,Aligned,35.4427,56.0768,Side Impact Potential,Urban,3.7907,False,Commercial,Poor Infrastructure,0.0016,,False,31.958,-0.0009,-0.0038,Aligned,37,Unnamed Road,3475
5171,Unnamed Road,National Highway,NH-05171,5171,13.0145,77.5844,13.0144,77.5841,62.9,2068.4,2068.463,10.6859,Aligned,0.9668,1.0053,0.0603,-0.011,-0.0012,28.2835,26.0841,57.7661,0.723,18.1771,50.4644,89.232,0.0168,60.0,2.3836,No,0.0,0.0014,-0.0248,Poor,Low,2.0657,10.0,10.0816,22.3376,Safe,68.8432,27.6446,16.8223,Aligned,26.0084,56.2475,Side Impact Potential,Peri-Urban,4.1592,False,Mixed,Poor Infrastructure,0.0172,,False,24.3721,0.0076,-0.0089,Aligned,28,Unnamed Road,3476
5172,Unnamed Road,National Highway,NH-05172,5172,13.0144,77.5841,13.0108,77.5839,404.1,2068.8,2069.204,43.7668,Moderate Misalignment,0.8748,0.0024,0.8569,0.1085,-0.0044,29.6118,29.4665,78.5029,45.3159,54.5525,28.2226,93.9558,0.1313,60.0,65.0297,No,0.0,0.0091,0.9574,Good,Medium,2.0216,10.0,27.193,39.1171,Moderate Risk,60.2501,29.0304,49.3271,Moderate Misalignment,50.4971,59.2635,Significant Pedestrian Interaction,Urban,5.1969,False,Industrial,High Pedestrian Interaction | Above Human Tolerance Limit,0.0055,,False,45.6317,0.008,0.0122,Moderate Misalignment,28,Unnamed Road,3477
5173,Unnamed Road,National Highway,NH-05173,5173,13.0144,77.5841,13.0145,77.5838,50.4,2069.2,2069.25,10.0149,Aligned,0.9885,0.9355,0.0575,0.0073,-0.0017,44.5093,43.6332,75.1398,32.3748,34.7767,49.4289,84.464,0.0,60.0,36.1855,No,0.0,0.0001,1.9844,Poor,Low,2.0031,10.0,10.0,23.5196,Safe,74.5362,44.9481,21.8801,Aligned,42.8691,59.307,Side Impact Potential,Urban,2.7866,False,Residential,Poor Infrastructure,0.003,,False,40.7659,-0.0185,-0.0042,Aligned,45,Unnamed Road,3478
5174,Unnamed Road,National Highway,NH-05174,5174,13.0149,77.5841,13.0144,77.5841,55.0,2069.6,2069.655,23.6731,Aligned,0.7285,0.7415,0.0788,0.1746,0.0071,60.9879,59.9786,100.0,10.8403,21.963,81.5669,81.3471,0.2466,60.0943,5.3832,No,0.0,0.0003,-0.0022,Good,Low,0.2648,10.0,10.0,21.5404,Safe,70.3859,60.7324,17.259,Aligned,61.0912,56.9593,Separated Traffic,Peri-Urban,7.1858,True,Residential,Poor Infrastructure,-0.0163,,False,47.7762,-0.0046,-0.0078,Aligned,58,Unnamed Road,3479
5175,Unnamed Road,National Highway,NH-05175,5175,13.0113,77.5837,13.0128,77.5838,170.9,2070.0,2070.171,98.4147,Critical Misalignment,0.9793,0.0439,0.0121,0.0071,0.9752,49.7218,49.4726,98.4974,12.1591,14.1062,48.8682,97.9804,0.2987,60.0,3.3918,No,0.0,-0.0062,-0.0666,Poor,High,0.1811,10.0,19.927,46.51,Moderate Risk,31.3786,49.9281,87.5829,Critical Misalignment,106.2952,36.6625,Side Impact Potential,Rural,8.032,False,Residential,Speed Limit Misaligned | Poor Infrastructure | Above Human Tolerance Limit,-0.0111,,False,92.4626,-0.0083,-0.0009,Critical Misalignment,53,Unnamed Road,3480
5176,Unnamed Road,National Highway,NH-05176,5176,13.0108,77.5838,13.0113,77.5837,61.9,2070.4,2070.462,10.9498,Aligned,0.9675,0.9891,-0.0202,-0.001,0.0091,29.2666,32.8085,79.156,26.0146,29.2537,50.9606,78.9429,0.3489,60.0,17.7356,No,0.0,-0.002,0.0082,Good,Low,2.1647,10.0,10.5119,22.2145,Safe,73.9834,30.7552,20.3623,Aligned,31.6638,66.8933,Side Impact Potential,Urban,1.9086,True,Mixed,Poor Infrastructure,-0.0042,,False,25.108,-0.005,0.0049,Aligned,31,Unnamed Road,3481
5177,Unnamed Road,National Highway,NH-05177,5177,13.0128,77.5838,13.0142,77.5838,150.2,2070.8,2070.95,13.0528,Aligned,0.9195,0.8362,0.0311,0.0041,-0.0109,52.4701,53.0311,100.0,0.0,12.1261,78.5722,67.6719,0.0,60.0,5.9435,No,0.0,0.0027,-0.0057,Good,Low,0.028,10.0,10.4137,20.2874,Safe,70.1809,52.6561,18.7111,Aligned,55.4851,33.8048,Separated Traffic,Rural,4.9779,True,Residential,Poor Infrastructure,0.2452,Light,False,38.1036,-0.0024,0.0001,Aligned,53,Unnamed Road,3482
5178,Unnamed Road,National Highway,NH-05178,5178,13.0145,77.5838,13.0149,77.5838,51.9,2071.2,2071.252,23.0526,Aligned,0.5745,0.614,0.3609,0.0278,0.0042,62.88,61.0243,99.8808,0.3172,12.9317,78.2908,46.7465,0.1517,60.4775,0.0,No,0.0,0.0062,-0.0746,Poor,Medium,0.1003,10.0,10.0,25.2662,Moderate Risk,61.7703,61.2587,29.972,Moderate Misalignment,66.3604,40.6746,Separated Traffic,Rural,7.8122,True,Residential,Poor Infrastructure | Above Human Tolerance Limit,-0.0001,,False,52.9325,-0.0052,-0.0058,Aligned,62,Unnamed Road,3483
5179,Unnamed Road,National Highway,NH-05179,5179,13.0142,77.5838,13.0145,77.5838,32.1,2071.6,2071.632,19.4668,Aligned,0.7067,0.7098,0.313,0.0031,-0.0115,31.7605,29.4278,49.8639,0.0,20.639,50.1421,97.4376,0.0,60.0,11.2252,No,0.0,-0.0054,-0.0078,Poor,Medium,0.5463,10.0,10.1497,23.7469,Safe,67.5238,31.7553,19.7013,Aligned,32.5722,46.8592,Side Impact Potential,Rural,2.9996,False,Residential,Poor Infrastructure,-0.0312,,False,30.7526,-0.005,0.001,Aligned,34,Unnamed Road,3484
5180,Unnamed Road,National Highway,NH-05180,5180,13.0149,77.5838,13.0167,77.5839,199.2,2072.0,2072.199,9.8514,Aligned,0.9617,0.9565,0.024,-0.0181,-0.0065,47.4866,46.0587,72.1295,45.5978,38.3076,50.8039,90.8751,0.1578,60.0,36.5625,No,0.0,0.0008,1.0016,Good,Medium,1.3848,10.0,10.285,23.2494,Safe,76.9287,45.1171,19.6919,Aligned,46.4429,62.9473,Side Impact Potential,Urban,2.1183,False,Residential,Meets Safe System Standards,0.0143,,False,42.0856,-0.0074,0.0036,Aligned,47,Unnamed Road,3485
5181,Unnamed Road,National Highway,NH-05181,5181,13.0146,77.5834,13.0149,77.5838,57.4,2072.4,2072.457,12.8677,Aligned,0.9234,0.9597,0.0755,0.0113,0.0015,23.2187,22.2837,32.4834,0.0,15.7525,49.4686,96.7177,0.0,60.0,9.1458,No,0.0,-0.0061,0.0576,Poor,Low,1.1498,10.0,20.8921,23.3406,Safe,65.4285,27.6006,22.7844,Aligned,22.5063,36.7648,Side Impact Potential,Rural,2.1309,False,Industrial,Poor Infrastructure,0.1901,Light,False,18.848,-0.0128,0.0011,Aligned,21,Unnamed Road,3486
5182,Unnamed Road,National Highway,NH-05182,5182,13.0149,77.5841,13.0146,77.5845,54.7,2072.8,2072.855,13.6638,Aligned,0.8463,0.8721,0.1233,-0.0037,-0.0078,15.0428,19.7549,31.374,2.0134,14.3774,48.4621,91.1885,0.0656,60.0,9.0541,No,0.0,0.006,-0.0138,Good,Medium,1.9367,10.0,10.0,20.6791,Safe,68.365,14.4586,18.3386,Aligned,14.4211,35.5358,Side Impact Potential,Rural,2.3009,False,Residential,Poor Infrastructure,0.0089,,False,15.2098,-0.0113,-0.0086,Aligned,16,Unnamed Road,3487
5183,Unnamed Road,National Highway,NH-05183,5183,13.0142,77.5838,13.0145,77.5834,62.3,2073.2,2073.262,10.6659,Aligned,0.9556,0.9277,0.0455,-0.0131,-0.0137,51.6668,49.187,81.802,13.7501,29.2863,47.9877,81.4498,0.0,60.0,16.8054,No,0.0,-0.0033,1.0148,Good,Low,2.2019,10.0,10.0073,24.7398,Moderate Risk,68.6686,51.6491,23.7286,Aligned,50.9985,58.8288,Side Impact Potential,Urban,6.1668,False,Commercial,Poor Infrastructure,0.2345,Light,False,39.2769,0.0023,0.0172,Aligned,50,Unnamed Road,3488
5184,Unnamed Road,National Highway,NH-05184,5184,13.0166,77.584,13.0149,77.5841,193.7,2073.6,2073.794,39.239,Moderate Misalignment,0.9738,0.0549,0.9335,0.0143,0.0021,51.0712,51.6181,78.2102,15.8621,29.2242,50.3406,98.4096,0.2015,60.0,20.7105,No,0.0,0.0035,-0.0032,Poor,Low,1.5091,10.0,27.0457,28.8567,Moderate Risk,64.1454,50.7405,33.11,Moderate Misalignment,48.2737,55.479,Side Impact Potential,Peri-Urban,5.7659,False,Commercial,Approach to Congestion (Tapered) | Poor Infrastructure,0.127,Light,True,39.523,0.0051,-0.0206,Moderate Misalignment,48,Unnamed Road,3489
5185,Unnamed Road,National Highway,NH-05185,5185,13.0295,77.6312,13.0296,77.6311,21.0,2074.0,2074.021,13.6707,Aligned,0.9114,0.8405,0.018,-0.0185,-0.01,54.6766,52.191,97.8235,0.0,13.1738,78.4917,66.7292,0.0,60.0,7.0514,No,0.0,0.0058,-0.0372,Good,Low,-0.0027,10.0,10.3817,20.2661,Safe,69.485,54.4651,20.0253,Aligned,53.9657,32.584,Separated Traffic,Rural,4.983,True,Residential,Poor Infrastructure,0.2226,Light,False,38.2331,-0.0108,0.0003,Aligned,53,Unnamed Road,3490
5186,Unnamed Road,National Highway,NH-05186,5186,12.936,77.5129,12.9357,77.5134,67.4,2074.4,2074.467,17.4593,Aligned,0.7684,0.8105,0.2288,-0.0096,0.0045,32.3625,33.1805,53.4774,19.0813,25.0369,52.193,97.8203,0.087,60.0,9.2908,No,0.0,0.0153,0.0183,Poor,Medium,2.1979,10.0,10.8042,23.1433,Safe,70.8387,34.4262,23.6667,Aligned,32.7561,58.8325,Side Impact Potential,Urban,3.0893,False,Industrial,Poor Infrastructure,-0.0052,,False,29.0152,0.0175,-0.0045,Aligned,33,Unnamed Road,3491
5187,Unnamed Road,National Highway,NH-05187,5187,12.9215,77.5601,12.9215,77.5602,114.0,2074.8,2074.914,9.0274,Aligned,1.0164,1.0004,0.0137,-0.0039,-0.0151,23.9664,24.5684,29.0933,24.0534,23.0848,46.3138,87.7498,0.1319,60.0,15.7748,No,0.0,-0.0098,0.0448,Poor,Medium,2.3541,10.0,10.0,20.7369,Safe,73.9715,23.6354,17.7435,Aligned,25.5945,53.1895,Side Impact Potential,Peri-Urban,2.0819,False,Industrial,Poor Infrastructure,-0.0102,,False,19.9451,0.0007,0.0004,Aligned,26,Unnamed Road,3492