segment_id,road_name,road_type,human_segment_id,internal_id,start_lat,start_lon,end_lat,end_lon,length_m,start_km,end_km,road_risk_score,ai_risk_label,ai_risk_probability,prob_low_risk,prob_medium_risk,prob_high_risk,prob_critical_risk,ai_recommended_speed,recommended_safe_speed,road_function_score,infrastructure_score,exposure_score,human_tolerance_limit,operating_speed_score,crash_risk_score,posted_speed_limit,pedestrian_exposure_score,blackspot_flag,crash_count,fatal_crashes,schools_count,lighting_quality,roadside_hazards,intersection_density,speed_compliance_rate,speed_violation_score,hotspot_score,hotspot_category,speed_safety_score,original_safe_speed,misalignment_score,misalignment_category,speed_p85,ptw_share_pct,exposure_tier,urban_rural_flag,lane_count,median_presence,land_use_type,top_ai_factors,congestion_index,congestion_category,congestion_smoothed,operating_speed_mean,minor_crashes,major_crashes,risk_category,final_safe_speed,corridor_base,corridor_seq
5188,Unnamed Road,National Highway,NH-05188,5188,12.922,77.5602,12.9222,77.5603,46.8,2075.2,2075.247,38.7021,Moderate Misalignment,0.8735,0.0416,0.8972,0.0152,0.0186,78.9786,79.7178,96.1028,9.4195,16.6643,80.8151,86.5729,4.8494,60.0,6.5575,No,0.0,0.0004,0.0116,Poor,High,0.0124,10.0,31.0635,31.6248,Moderate Risk,56.7164,78.78,40.9689,Moderate Misalignment,94.4581,42.5127,Separated Traffic,Rural,7.8405,True,Industrial,Poor Infrastructure,0.0105,,False,79.0246,1.003,-0.0107,Moderate Misalignment,80,Unnamed Road,3493
5189,Unnamed Road,National Highway,NH-05189,5189,12.9083,77.6003,12.9084,77.6001,20.0,2075.6,2075.62,34.9053,Moderate Misalignment,0.5363,0.3859,0.5788,0.1349,-0.0039,82.5392,79.9337,99.6058,13.0291,17.9541,79.7715,86.8537,0.2985,79.9999,9.7638,No,0.0,-0.0008,0.0538,Poor,Low,0.2572,10.0,15.793,31.5729,Moderate Risk,53.8438,80.4005,44.7609,Moderate Misalignment,104.7731,42.6795,Separated Traffic,Rural,7.9574,True,Residential,Poor Infrastructure | Above Human Tolerance Limit,0.1623,Light,False,80.5015,-0.0017,0.0173,Moderate Misalignment,82,Unnamed Road,3494
5190,Unnamed Road,National Highway,NH-05190,5190,12.9173,77.6228,12.9177,77.6223,71.8,2076.0,2076.072,39.2579,Moderate Misalignment,0.9599,0.0307,1.015,-0.0164,-0.0024,48.9435,52.3346,79.8669,15.5371,27.1585,51.7056,99.3541,0.2954,60.0,20.6833,No,0.0,0.0022,0.0294,Poor,Low,1.3988,10.0,27.8261,28.0663,Moderate Risk,65.7737,49.7066,31.1658,Moderate Misalignment,51.1903,56.6002,Side Impact Potential,Peri-Urban,5.9589,False,Commercial,Approach to Congestion (Tapered) | Poor Infrastructure,0.1233,Light,True,38.8797,-0.0162,-0.0045,Moderate Misalignment,48,Unnamed Road,3495
5191,Unnamed Road,National Highway,NH-05191,5191,12.9177,77.6223,12.9179,77.6222,30.2,2076.4,2076.43,41.13,Moderate Misalignment,0.9237,0.0292,0.934,0.0657,0.0086,29.6613,28.1169,80.8836,64.5829,52.3454,28.5336,51.6438,0.3689,60.0,57.431,No,0.0,-0.0017,1.9699,Good,Low,1.6251,10.0,10.0,30.6021,Moderate Risk,71.6697,29.3278,35.2249,Moderate Misalignment,27.4345,66.4576,Significant Pedestrian Interaction,Urban,1.9786,True,Mixed,High Pedestrian Interaction | Active Congestion | Above Human Tolerance Limit,0.7466,Severe,False,10.6305,0.0003,0.0106,Moderate Misalignment,30,Unnamed Road,3496
5192,Unnamed Road,National Highway,NH-05192,5192,12.9172,77.6222,12.9177,77.6223,66.1,2076.8,2076.866,23.2567,Aligned,0.6388,0.6339,0.196,0.1669,-0.003,78.46,81.0704,100.0,22.6518,29.317,79.8444,84.6262,0.6237,79.3141,25.0726,No,0.0,-0.0036,0.942,Good,High,0.511,10.0,10.0,27.0335,Moderate Risk,67.131,77.529,28.7852,Moderate Misalignment,91.4288,57.1203,Separated Traffic,Urban,4.1827,True,Residential,Poor Infrastructure,0.1225,Light,False,72.513,-0.0051,-0.0118,Aligned,79,Unnamed Road,3497
5193,Unnamed Road,National Highway,NH-05193,5193,12.9181,77.6225,12.9175,77.6231,109.1,2077.2,2077.309,35.21,Moderate Misalignment,0.8108,0.1866,0.8383,0.0214,-0.0085,50.82,49.5564,91.0363,44.7876,30.9157,49.6853,93.6621,0.1872,60.0,24.3311,No,0.0,0.0004,-0.0377,Good,High,1.6759,10.0,14.1228,23.9035,Safe,74.4494,51.1407,25.2047,Moderate Misalignment,55.1886,63.705,Side Impact Potential,Urban,5.8702,True,Commercial,Meets Safe System Standards,0.0117,,False,45.9514,0.0042,-0.002,Moderate Misalignment,51,Unnamed Road,3498
5194,Unnamed Road,National Highway,NH-05194,5194,12.9182,77.6219,12.9197,77.621,197.8,2077.6,2077.798,13.3431,Aligned,0.8989,0.8989,0.0963,0.0178,0.0002,57.2272,56.4239,100.0,20.2951,19.5422,77.3375,62.4236,0.3422,60.8703,6.5722,No,0.0,-0.0143,-0.014,Poor,Low,0.4629,10.0,10.0,19.6125,Safe,74.0803,59.1489,17.1969,Aligned,56.733,54.4672,Separated Traffic,Peri-Urban,7.878,True,Commercial,Poor Infrastructure,0.2077,Light,False,44.5956,-0.0143,-0.0068,Aligned,58,Unnamed Road,3499
5195,Unnamed Road,National Highway,NH-05195,5195,12.9179,77.6222,12.9182,77.6219,51.4,2078.0,2078.051,54.7133,Moderate Misalignment,0.7132,-0.0219,0.7165,0.2417,0.0772,50.011,49.0596,100.0,0.0,15.7234,49.6016,97.7411,0.1024,71.5549,1.6708,No,0.0,-0.0043,0.0859,Good,High,0.31,10.0,10.0,35.0569,Moderate Risk,50.4549,49.9804,49.3689,High Misalignment,71.7752,53.9376,Side Impact Potential,Peri-Urban,8.0815,False,Industrial,Speed Limit Misaligned | Poor Infrastructure | Above Human Tolerance Limit,0.0232,,False,70.0731,-0.0092,-0.0046,Moderate Misalignment,50,Unnamed Road,3500
5196,Unnamed Road,National Highway,NH-05196,5196,12.9181,77.6225,12.9179,77.6222,35.6,2078.4,2078.436,24.4394,Aligned,0.5069,0.5195,0.4724,0.0135,0.0014,44.7074,42.1227,77.7447,13.0044,28.6014,48.1904,94.756,0.0237,60.0,13.7052,No,0.0,0.0109,0.0416,Good,High,1.2632,10.0,10.4251,23.9795,Moderate Risk,69.0797,41.7633,23.0783,Aligned,42.8209,68.069,Side Impact Potential,Urban,6.0168,False,Residential,Poor Infrastructure,0.0143,,False,37.8358,-0.0015,-0.0032,Aligned,43,Unnamed Road,3501
5197,Unnamed Road,National Highway,NH-05197,5197,12.9194,77.6214,12.9185,77.6222,135.1,2078.8,2078.935,33.3982,Moderate Misalignment,0.7713,0.1964,0.7655,-0.0232,0.0057,49.4101,52.138,70.7351,7.8211,21.3113,49.9476,98.232,0.408,60.0,11.1151,No,0.0,0.0019,0.0658,Poor,High,1.7962,10.0,27.5582,28.1013,Moderate Risk,61.3377,49.942,33.4411,Moderate Misalignment,63.5696,53.5247,Side Impact Potential,Peri-Urban,2.1482,False,Residential,Poor Infrastructure,0.1745,Light,False,48.7669,0.0022,-0.0003,Moderate Misalignment,49,Unnamed Road,3502
5198,Unnamed Road,National Highway,NH-05198,5198,12.9185,77.6222,12.9181,77.6225,61.4,2079.2,2079.261,68.8168,High Misalignment,0.8098,0.0184,0.2097,0.8213,-0.0058,50.5713,49.1537,100.0,0.0,17.5496,48.6404,86.3907,0.1581,60.0,4.6286,No,0.0,0.001,0.0131,Poor,Low,0.2572,10.0,30.8893,47.2697,Moderate Risk,30.4871,50.5219,83.25,Critical Misalignment,105.0381,45.8968,Side Impact Potential,Rural,6.0344,False,Mixed,Speed Limit Misaligned | Poor Infrastructure | Above Human Tolerance Limit,-0.0085,,False,89.7124,-0.0116,0.0076,High Misalignment,49,Unnamed Road,3503
5199,Unnamed Road,National Highway,NH-05199,5199,12.9181,77.6225,12.9173,77.6228,100.7,2079.6,2079.701,38.2873,Moderate Misalignment,0.8368,0.1428,0.8377,-0.0078,-0.0046,50.322,50.8291,54.881,13.8577,20.6891,50.4506,95.0214,0.1067,60.0,8.111,No,0.0,0.0005,0.0245,Good,High,2.2708,10.0,29.6894,26.3691,Moderate Risk,64.4106,49.2003,31.6089,Moderate Misalignment,51.8396,57.8588,Side Impact Potential,Peri-Urban,3.9742,False,Industrial,Poor Infrastructure,0.0206,,False,42.7649,0.0086,-0.0005,Moderate Misalignment,51,Unnamed Road,3504
5200,Unnamed Road,National Highway,NH-05200,5200,12.9175,77.6408,12.9175,77.641,22.9,2080.0,2080.023,20.6018,Aligned,0.7408,0.743,0.2319,0.0313,-0.0035,78.2857,79.7267,99.2894,0.5013,16.6836,78.2335,78.1851,0.0,60.0,10.8821,No,0.0,0.0097,-0.0293,Poor,High,0.46,10.0,10.0,24.3107,Safe,65.2884,80.1282,24.353,Moderate Misalignment,85.7753,43.5976,Separated Traffic,Rural,6.886,True,Residential,Poor Infrastructure,0.1506,Light,False,66.7874,-0.0007,-0.0029,Aligned,79,Unnamed Road,3505
5201,Unnamed Road,National Highway,NH-05201,5201,12.9242,77.6474,12.9242,77.6476,20.2,2080.4,2080.42,30.553,Moderate Misalignment,0.6903,0.2698,0.7121,0.0353,-0.0029,79.1634,79.2466,100.0,30.3876,37.5039,81.0933,84.2404,0.3022,60.2852,31.4726,No,0.0,0.0134,1.0176,Good,Medium,0.3257,10.0,10.2618,32.5875,Moderate Risk,61.3893,80.2682,40.5787,Moderate Misalignment,94.3926,69.4079,Separated Traffic,Urban,8.3367,True,Residential,Poor Infrastructure | Above Human Tolerance Limit,0.0029,,False,82.9637,0.0095,-0.0033,Moderate Misalignment,80,Unnamed Road,3506
5202,Unnamed Road,National Highway,NH-05202,5202,13.0561,77.5932,13.0559,77.5936,75.7,2080.8,2080.876,24.3205,Moderate Misalignment,0.5018,0.4922,0.501,0.028,0.0016,78.9993,79.4889,100.0,0.0,9.947,79.2654,86.8122,0.4018,60.0,1.5555,No,0.0,0.0039,0.0232,Poor,Low,0.267,10.0,10.0,24.4654,Safe,61.9155,80.3038,30.9032,Moderate Misalignment,88.7216,33.9115,Separated Traffic,Rural,6.94,True,Industrial,Poor Infrastructure | Above Human Tolerance Limit,-0.0085,,False,80.7851,-0.0071,-0.0065,Moderate Misalignment,78,Unnamed Road,3507
5203,Unnamed Road,National Highway,NH-05203,5203,13.1286,77.6143,13.1286,77.614,26.7,2081.2,2081.227,99.9604,Critical Misalignment,0.9644,0.0302,0.0135,0.0026,0.9657,50.9116,51.8641,97.0151,14.3044,30.934,50.5715,88.2931,0.0,60.0,26.0634,No,0.0,0.0099,1.0261,Poor,Medium,0.509,10.0,26.0752,49.442,Moderate Risk,33.2761,50.6716,82.2318,Critical Misalignment,99.0294,55.094,Side Impact Potential,Peri-Urban,7.3037,False,Industrial,Speed Limit Misaligned | Poor Infrastructure | Above Human Tolerance Limit,-0.0173,,False,89.6353,-0.0209,-0.0137,Critical Misalignment,51,Unnamed Road,3508
5204,Unnamed Road,National Highway,NH-05204,5204,13.0267,77.637,13.0265,77.6371,37.6,2081.6,2081.638,19.4603,Aligned,0.7418,0.7085,0.2966,-0.0061,0.008,73.4525,72.8253,100.0,5.4502,13.4804,80.6558,57.127,0.192,60.0,2.3384,No,0.0,0.0057,-0.014,Poor,High,0.1807,10.0,10.0861,24.0602,Safe,63.3988,71.9347,28.9768,Moderate Misalignment,72.7887,37.8561,Separated Traffic,Rural,7.0235,True,Industrial,Poor Infrastructure | Above Human Tolerance Limit,0.0067,,False,58.6981,0.0041,-0.0072,Aligned,72,Unnamed Road,3509
5205,Unnamed Road,National Highway,NH-05205,5205,13.0266,77.6359,13.0264,77.6357,28.1,2082.0,2082.028,12.1119,Aligned,0.8836,0.9382,0.0897,0.0075,-0.0045,62.0355,59.8316,100.0,0.7659,11.8254,79.5008,63.9217,0.565,61.4093,0.995,No,0.0,-0.0011,0.0176,Poor,Low,0.0957,10.0,10.3188,20.534,Safe,69.0086,61.1883,17.4284,Aligned,62.0833,42.2754,Separated Traffic,Rural,6.1064,True,Residential,Poor Infrastructure,0.1804,Light,False,46.1781,0.0044,-0.0014,Aligned,60,Unnamed Road,3510
5206,Unnamed Road,National Highway,NH-05206,5206,13.0154,77.555,13.0147,77.5541,147.3,2082.4,2082.547,11.5904,Aligned,0.909,0.9079,0.0646,0.0104,-0.0055,66.2792,65.3383,100.0,0.0,13.8818,79.3412,70.7871,0.0379,60.2366,4.4527,No,0.0,-0.0075,-0.0626,Good,Medium,0.2729,10.0,10.058,20.1223,Safe,70.0424,65.8872,18.8415,Aligned,66.6935,36.1445,Separated Traffic,Rural,6.2628,True,Residential,Poor Infrastructure,0.1884,Light,False,52.5181,0.017,0.0011,Aligned,64,Unnamed Road,3511
5207,Unnamed Road,National Highway,NH-05207,5207,12.9419,77.5314,12.9411,77.5319,115.7,2082.8,2082.916,45.8207,Moderate Misalignment,0.7141,0.0608,0.7355,0.1989,0.0015,48.97,51.3624,100.0,42.1494,28.6515,50.369,76.0119,0.004,60.1259,14.1073,No,0.0,0.0013,0.0447,Good,High,0.4782,10.0,10.0,35.2663,Moderate Risk,55.2763,48.319,56.6053,High Misalignment,71.9881,67.4196,Side Impact Potential,Urban,7.067,False,Residential,Speed Limit Misaligned | Above Human Tolerance Limit,-0.0085,,False,64.2329,0.0059,0.0013,Moderate Misalignment,52,Unnamed Road,3512
5208,Unnamed Road,National Highway,NH-05208,5208,13.0227,77.6468,13.0241,77.6433,411.8,2083.2,2083.612,11.5978,Aligned,0.9482,0.9651,0.0821,0.0004,0.0058,21.2459,20.0598,53.0047,14.1615,24.2054,51.6823,80.0635,0.0,60.0,17.1954,No,0.0,-0.0003,0.0028,Poor,Medium,1.5954,10.0,10.1645,23.4316,Safe,70.4126,19.61,16.2357,Aligned,19.8334,45.2449,Side Impact Potential,Rural,1.9523,False,Industrial,Poor Infrastructure,0.1654,Light,False,16.9124,0.0086,-0.0059,Aligned,22,Unnamed Road,3513
5209,Unnamed Road,National Highway,NH-05209,5209,13.0246,77.6433,13.0241,77.6433,63.5,2083.6,2083.664,11.1545,Aligned,1.0035,1.0141,0.0045,-0.007,-0.0097,21.5124,19.6103,30.287,15.561,28.2635,49.885,81.9308,0.0,60.0,16.8203,No,0.0,0.0109,1.0234,Poor,Medium,2.288,10.0,10.0,23.093,Safe,69.8895,21.4666,20.1878,Aligned,21.7097,60.0303,Side Impact Potential,Peri-Urban,1.7846,False,Residential,Poor Infrastructure,-0.0095,,False,19.3232,-0.0013,0.0098,Aligned,21,Unnamed Road,3514
5210,Unnamed Road,National Highway,NH-05210,5210,13.0241,77.6433,13.0254,77.6407,325.7,2084.0,2084.326,12.1221,Aligned,0.9199,0.9328,0.1024,0.0093,-0.0054,51.7186,51.3985,80.4997,32.0217,33.1759,52.3993,85.324,0.3021,60.0,29.8295,No,0.0,0.0086,0.9845,Poor,High,2.0312,10.0,10.0,25.0697,Moderate Risk,70.0114,51.7456,25.3835,Moderate Misalignment,55.4276,57.1463,Side Impact Potential,Urban,2.9914,True,Residential,Poor Infrastructure,0.2004,Light,False,41.4232,-0.0043,0.0049,Aligned,49,Unnamed Road,3515
5211,Unnamed Road,National Highway,NH-05211,5211,13.0255,77.6408,13.0246,77.6433,302.8,2084.4,2084.703,8.7285,Aligned,0.9918,1.0143,-0.0109,-0.0019,0.0064,25.3488,24.5226,33.5668,0.5405,19.0066,48.7645,85.6055,0.0,60.0,8.079,No,0.0,0.0067,-0.0909,Good,Medium,3.5251,10.0,10.0,23.1523,Safe,68.1148,25.1447,19.5037,Aligned,23.5537,52.1205,Side Impact Potential,Peri-Urban,1.0088,True,Residential,Poor Infrastructure,0.1358,Light,False,20.1426,0.0041,0.0021,Aligned,24,Unnamed Road,3516
5212,Unnamed Road,National Highway,NH-05212,5212,13.0246,77.6433,13.0228,77.6469,439.9,2084.8,2085.24,13.6891,Aligned,0.9004,0.8986,0.088,0.0056,0.003,54.4692,57.2731,98.8502,19.9446,28.528,81.1862,60.1426,0.0643,60.5115,16.1969,No,0.0,0.0088,0.0166,Good,Low,0.535,10.0,10.4003,22.8907,Safe,72.3418,56.3553,20.3718,Aligned,52.3447,64.6418,Separated Traffic,Urban,4.0602,True,Commercial,Poor Infrastructure,0.161,Light,False,42.7346,0.0047,0.0021,Aligned,56,Unnamed Road,3517
5213,Unnamed Road,National Highway,NH-05213,5213,12.9645,77.7021,12.9643,77.7022,21.9,2085.2,2085.222,7.9781,Aligned,0.9882,0.9254,0.0227,-0.0058,-0.007,15.1017,18.6619,27.7965,0.0,17.1767,49.351,91.7357,0.5211,60.0,4.1866,No,0.0,0.003,0.0263,Poor,High,0.8272,10.0,10.4557,21.5107,Safe,68.7849,15.2289,19.2353,Aligned,16.0967,44.5868,Side Impact Potential,Rural,1.01,False,Mixed,Poor Infrastructure,0.0132,,False,16.3661,-0.0154,-0.0037,Aligned,15,Unnamed Road,3518
5214,Unnamed Road,National Highway,NH-05214,5214,13.0419,77.5939,13.0427,77.5904,393.6,2085.6,2085.994,40.1759,Moderate Misalignment,0.9862,0.024,0.9859,0.0156,-0.0106,26.8498,29.8571,70.8267,70.4189,61.5938,30.6997,84.341,0.294,60.0,79.4503,No,0.0,0.0043,1.0069,Good,High,2.1165,10.0,10.0,33.2217,Moderate Risk,71.5866,29.4652,37.7956,Moderate Misalignment,39.2362,62.5064,Significant Pedestrian Interaction,Urban,1.9683,False,Residential,High Pedestrian Interaction | Approach to Congestion (Tapered) | Above Human Tolerance Limit,0.1926,Light,True,29.2824,0.0116,-0.0091,Moderate Misalignment,26,Unnamed Road,3519
5215,Unnamed Road,National Highway,NH-05215,5215,13.0429,77.5914,13.0427,77.5904,526.9,2086.0,2086.527,34.6688,Moderate Misalignment,0.793,0.1775,0.7696,0.0024,0.0035,45.7023,43.7357,84.365,23.1257,32.9435,51.3615,91.9749,0.0,60.0,25.7845,No,0.0,0.0023,0.9719,Good,Low,1.8181,10.0,10.087,26.3038,Moderate Risk,68.9724,44.8011,25.5342,Moderate Misalignment,43.394,61.0832,Side Impact Potential,Urban,5.0123,True,Commercial,Poor Infrastructure,0.1443,Light,False,33.0823,-0.0069,0.0107,Moderate Misalignment,47,Unnamed Road,3520
5216,Unnamed Road,National Highway,NH-05216,5216,13.0459,77.5915,13.0429,77.591,352.4,2086.4,2086.752,18.3344,Aligned,0.8375,0.8555,0.174,-0.0033,-0.003,38.564,35.1371,29.619,9.9351,15.1371,48.8722,95.2352,0.3596,60.0,8.1851,No,0.0,-0.0078,-0.0004,Good,Medium,2.0557,10.0,27.3401,22.1693,Safe,67.0602,40.4389,24.1047,Aligned,35.3571,33.1248,Side Impact Potential,Rural,1.0352,False,Residential,Poor Infrastructure,0.0129,,False,31.8184,-0.0015,0.0173,Aligned,37,Unnamed Road,3521
5217,Unnamed Road,National Highway,NH-05217,5217,13.0429,77.591,13.0429,77.5914,45.1,2086.8,2086.845,19.4776,Aligned,0.7731,0.7635,0.1325,0.0701,-0.006,58.7931,58.4576,96.6708,11.598,19.0735,79.9244,85.4812,0.0584,60.3373,6.2321,No,0.0,-0.0057,0.0563,Poor,High,0.3391,10.0,10.1341,20.5757,Safe,71.3925,58.5215,17.2985,Aligned,56.7839,51.8231,Separated Traffic,Peri-Urban,8.2297,True,Commercial,Poor Infrastructure,-0.0214,,False,49.3315,-0.0108,0.0038,Aligned,58,Unnamed Road,3522
5218,Unnamed Road,National Highway,NH-05218,5218,13.0427,77.5908,13.0429,77.591,39.3,2087.2,2087.239,65.7896,High Misalignment,0.8395,0.0636,0.0541,0.8348,-0.002,76.4255,78.8026,100.0,6.8093,20.9242,80.3342,12.8232,0.3359,60.2637,13.36,No,0.0,-0.0003,0.0305,Poor,Low,0.2102,10.0,27.4444,37.5266,Moderate Risk,45.6391,79.0968,57.9578,High Misalignment,116.1051,45.9732,Separated Traffic,Rural,5.0425,True,Residential,Speed Limit Misaligned | Active Congestion | Poor Infrastructure,0.7204,Severe,False,33.5937,-0.0052,0.0107,High Misalignment,80,Unnamed Road,3523
5219,Unnamed Road,National Highway,NH-05219,5219,12.9163,77.6197,12.9161,77.6196,20.2,2087.6,2087.62,36.4094,Moderate Misalignment,0.9457,0.0511,0.9543,0.0002,-0.0059,50.3256,50.8904,87.3881,3.7382,20.3332,49.3406,96.0223,0.0427,60.0,10.2162,No,0.0,-0.0092,-0.0105,Good,High,1.7149,10.0,16.7463,26.3027,Moderate Risk,64.3039,50.2322,28.5019,Moderate Misalignment,57.7528,53.486,Side Impact Potential,Peri-Urban,5.2368,True,Industrial,Poor Infrastructure,-0.0043,,False,48.5254,0.0011,0.0136,Moderate Misalignment,50,Unnamed Road,3524
5220,Unnamed Road,National Highway,NH-05220,5220,13.0437,77.5909,13.0438,77.5906,43.9,2088.0,2088.044,25.4978,Moderate Misalignment,0.5632,0.425,0.5431,0.0043,0.0005,52.4485,51.1151,54.0116,19.1256,20.8478,52.0945,93.1344,0.0,60.0,9.0681,No,0.0,-0.0037,0.0132,Poor,Low,2.1887,10.0,25.0646,24.2617,Safe,67.7178,54.2064,26.5296,Moderate Misalignment,50.8817,52.4823,Side Impact Potential,Peri-Urban,2.911,False,Commercial,Poor Infrastructure,0.0023,,False,43.99,-0.0162,0.0094,Moderate Misalignment,53,Unnamed Road,3525
5221,Unnamed Road,National Highway,NH-05221,5221,12.9634,77.7021,12.9633,77.7019,20.7,2088.4,2088.421,9.5091,Aligned,1.0017,0.9984,0.0413,-0.0157,0.0076,19.3609,18.4296,33.3739,6.5572,17.693,49.4122,92.7586,0.2725,60.0,3.6456,No,0.0,0.0066,0.0102,Poor,High,3.0453,10.0,10.0,21.1875,Safe,69.215,19.318,17.5823,Aligned,20.56,53.9765,Side Impact Potential,Peri-Urban,1.9557,False,Residential,Poor Infrastructure,-0.0067,,False,14.6821,-0.0244,0.0011,Aligned,18,Unnamed Road,3526
5222,Unnamed Road,National Highway,NH-05222,5222,12.9166,77.6236,12.9164,77.623,67.0,2088.8,2088.867,20.2238,Aligned,0.5945,0.6176,0.3848,0.0187,-0.0005,49.6338,48.3563,50.953,0.0,22.9215,50.9477,64.7059,0.3705,60.0,15.0841,No,0.0,-0.004,0.007,Good,Medium,1.8602,10.0,22.6646,28.6025,Moderate Risk,62.4185,49.429,30.9159,Moderate Misalignment,49.8355,55.7329,Side Impact Potential,Peri-Urban,2.1973,False,Commercial,Active Congestion | Poor Infrastructure,0.679,Severe,False,17.4737,-0.0082,0.0025,Aligned,50,Unnamed Road,3527
5223,Unnamed Road,National Highway,NH-05223,5223,13.0936,77.5975,13.0936,77.5973,22.6,2089.2,2089.223,12.4286,Aligned,0.9634,0.9305,0.0317,0.0055,-0.0001,23.9734,23.6667,27.0152,0.0,14.8185,49.2485,76.8271,0.3958,60.0,4.4244,No,0.0,0.004,0.0037,Poor,Low,1.1443,10.0,19.4381,22.0401,Safe,67.0101,24.355,21.2294,Aligned,25.134,41.9227,Side Impact Potential,Rural,0.9232,False,Industrial,Active Congestion | Poor Infrastructure,0.7956,Severe,False,11.1524,0.0075,-0.0035,Aligned,24,Unnamed Road,3528
5224,Unnamed Road,National Highway,NH-05224,5224,12.9279,77.6811,12.9278,77.6806,55.2,2089.6,2089.655,26.3238,Moderate Misalignment,0.5746,0.4261,0.5952,0.0175,0.0011,44.6909,43.6549,78.4862,38.2107,34.0594,52.4744,100.0,0.4575,60.0,29.1797,No,0.0,-0.007,-0.0332,Good,Medium,1.9171,10.0,10.0,24.2772,Safe,71.5809,45.4667,24.708,Aligned,42.981,56.7326,Side Impact Potential,Urban,5.9017,False,Mixed,Meets Safe System Standards,0.0023,,False,39.8734,0.0019,-0.0021,Moderate Misalignment,45,Unnamed Road,3529
5225,Unnamed Road,National Highway,NH-05225,5225,12.9758,77.6969,12.9759,77.6967,28.1,2090.0,2090.028,40.1055,Moderate Misalignment,0.9754,-0.0148,1.0171,0.0067,-0.004,82.4578,78.8697,100.0,1.0526,15.9119,77.48,100.0,0.196,60.8928,9.614,No,0.0,0.0012,0.0942,Poor,Medium,0.0884,10.0,25.5225,29.3279,Moderate Risk,56.5252,79.6853,40.4192,Moderate Misalignment,100.1474,34.1243,Separated Traffic,Rural,5.8609,True,Industrial,Poor Infrastructure,0.1451,Light,False,79.8841,-0.0263,0.0015,Moderate Misalignment,81,Unnamed Road,3530
5226,Unnamed Road,National Highway,NH-05226,5226,12.9285,77.6817,12.9298,77.6845,327.4,2090.4,2090.727,36.4129,Moderate Misalignment,0.9834,0.0277,0.9427,0.0092,0.0054,78.6628,80.9012,97.6495,0.0,13.5637,80.3154,10.0,0.2446,60.4696,1.167,No,0.0,0.0037,0.0156,Poor,Low,0.1107,10.0,10.0,29.0803,Moderate Risk,55.5622,81.019,37.951,Moderate Misalignment,97.1024,46.2513,Separated Traffic,Rural,6.8137,True,Residential,Active Congestion | Poor Infrastructure | Above Human Tolerance Limit,0.7844,Severe,False,22.716,0.005,0.0064,Moderate Misalignment,79,Unnamed Road,3531
5227,Unnamed Road,National Highway,NH-05227,5227,12.9298,77.6845,12.9299,77.6846,28.7,2090.8,2090.829,13.011,Aligned,0.8836,0.8799,0.1412,0.0047,-0.0002,56.6954,59.4954,99.4085,17.7355,19.3266,78.4623,58.8639,0.0,60.0506,5.524,No,0.0,-0.0042,0.0666,Poor,Low,0.609,10.0,10.0,19.867,Safe,72.8413,58.4549,18.4226,Aligned,58.7006,53.5479,Separated Traffic,Peri-Urban,8.1151,True,Commercial,Poor Infrastructure,0.2049,Light,False,41.8049,0.0013,-0.0007,Aligned,58,Unnamed Road,3532
5228,Unnamed Road,National Highway,NH-05228,5228,12.9298,77.6845,12.9295,77.6844,39.7,2091.2,2091.24,37.7697,Moderate Misalignment,0.9403,0.0386,0.9405,0.0056,0.0008,64.8984,65.0909,80.9914,46.4394,28.5011,70.1021,97.1782,0.1403,60.0,17.9744,No,0.0,0.0008,0.0293,Good,Medium,1.5457,10.0,28.4074,26.4253,Moderate Risk,68.7748,64.4364,32.093,Moderate Misalignment,65.951,63.8537,Separated Traffic,Urban,2.9341,True,Mixed,Meets Safe System Standards,0.1326,Light,False,50.1205,0.0175,0.0038,Moderate Misalignment,65,Unnamed Road,3533
5229,Unnamed Road,National Highway,NH-05229,5229,12.9299,77.6846,12.9302,77.6851,81.8,2091.6,2091.682,11.6861,Aligned,0.9572,0.9473,0.0267,-0.0181,0.0136,23.0621,24.1304,27.2537,25.3851,22.132,50.9732,97.8046,0.2792,60.0,11.2385,No,0.0,-0.0051,0.0115,Good,Medium,2.4502,10.0,15.9743,21.4824,Safe,71.9418,23.0917,20.6146,Aligned,20.498,50.571,Side Impact Potential,Peri-Urban,0.8089,False,Commercial,Poor Infrastructure,0.0106,,False,18.8549,-0.0207,-0.0052,Aligned,23,Unnamed Road,3534
5230,Unnamed Road,National Highway,NH-05230,5230,12.9302,77.6851,12.9321,77.6873,332.6,2092.0,2092.333,10.1632,Aligned,0.9861,0.9733,0.0945,0.001,0.0024,23.7488,25.5258,52.5402,23.4617,27.6665,49.4107,86.223,0.2889,60.0,16.1787,No,0.0,0.0007,-0.0461,Good,Low,2.2151,10.0,10.0,21.9844,Safe,72.6813,27.2755,20.097,Aligned,26.092,64.9522,Side Impact Potential,Urban,2.5747,False,Commercial,Poor Infrastructure,-0.0031,,False,22.6219,-0.0046,-0.0068,Aligned,25,Unnamed Road,3535