segment_id,road_name,road_type,human_segment_id,internal_id,start_lat,start_lon,end_lat,end_lon,length_m,start_km,end_km,road_risk_score,ai_risk_label,ai_risk_probability,prob_low_risk,prob_medium_risk,prob_high_risk,prob_critical_risk,ai_recommended_speed,recommended_safe_speed,road_function_score,infrastructure_score,exposure_score,human_tolerance_limit,operating_speed_score,crash_risk_score,posted_speed_limit,pedestrian_exposure_score,blackspot_flag,crash_count,fatal_crashes,schools_count,lighting_quality,roadside_hazards,intersection_density,speed_compliance_rate,speed_violation_score,hotspot_score,hotspot_category,speed_safety_score,original_safe_speed,misalignment_score,misalignment_category,speed_p85,ptw_share_pct,exposure_tier,urban_rural_flag,lane_count,median_presence,land_use_type,top_ai_factors,congestion_index,congestion_category,congestion_smoothed,operating_speed_mean,minor_crashes,major_crashes,risk_category,final_safe_speed,corridor_base,corridor_seq
5231,Unnamed Road,National Highway,NH-05231,5231,12.9748,77.6978,12.9751,77.6977,39.1,2092.4,2092.439,31.7257,Moderate Misalignment,0.6569,0.3399,0.637,0.0059,0.0,37.3307,36.3806,48.3231,0.0,14.2197,50.0162,96.6824,0.0233,60.0,0.0552,No,0.0,-0.0015,-0.0464,Good,Low,1.5581,10.0,23.1174,23.6953,Safe,64.8823,38.1789,26.0283,Moderate Misalignment,35.8185,46.1301,Side Impact Potential,Rural,3.1966,False,Industrial,Poor Infrastructure,0.1572,Light,False,28.8649,0.0235,-0.0097,Moderate Misalignment,38,Unnamed Road,3536
5232,Unnamed Road,National Highway,NH-05232,5232,13.091,77.597,13.0911,77.5968,24.7,2092.8,2092.825,10.4969,Aligned,0.994,0.9759,-0.0463,0.0194,-0.0005,20.6198,20.3434,28.2427,8.6853,22.0344,52.3748,77.98,0.1489,60.0,7.85,No,0.0,0.0007,-0.0186,Poor,Medium,2.8037,10.0,10.0,22.0319,Safe,70.6258,22.5234,21.2959,Aligned,21.8979,58.8887,Side Impact Potential,Peri-Urban,0.6778,False,Commercial,Poor Infrastructure,0.1276,Light,False,17.6387,-0.0026,-0.003,Aligned,19,Unnamed Road,3537
5233,Unnamed Road,National Highway,NH-05233,5233,12.9679,77.702,12.9679,77.7018,20.3,2093.2,2093.22,10.2767,Aligned,0.9847,0.9767,0.0265,-0.0089,-0.007,31.9169,33.2826,74.1256,24.4315,34.2396,51.7427,80.9175,0.0,60.0,32.7751,No,0.0,-0.0047,1.0891,Good,Low,1.7039,10.0,10.6373,25.0448,Safe,71.7085,32.6082,21.2096,Aligned,32.3166,59.2058,Side Impact Potential,Urban,2.9034,False,Residential,Poor Infrastructure,0.0003,,False,27.9657,-0.0183,0.0073,Aligned,34,Unnamed Road,3538
5234,Unnamed Road,National Highway,NH-05234,5234,12.9063,77.5876,12.9063,77.5826,549.0,2093.6,2094.149,28.6661,Moderate Misalignment,0.5524,0.4278,0.5312,-0.0101,0.0,49.6674,49.6483,50.6171,0.0,23.3121,49.975,93.7055,0.6415,60.0,16.8854,No,0.0,0.0026,0.0273,Poor,Medium,3.9607,10.0,30.2816,28.8986,Moderate Risk,59.6105,49.3038,34.5087,Moderate Misalignment,54.18,56.3372,Side Impact Potential,Urban,2.0733,False,Commercial,Poor Infrastructure,0.0183,,False,45.2586,-0.0032,0.0021,Moderate Misalignment,49,Unnamed Road,3539
5235,Unnamed Road,National Highway,NH-05235,5235,13.0814,77.5931,13.0814,77.5934,37.9,2094.0,2094.038,38.3574,Moderate Misalignment,0.8924,0.0512,0.8549,0.034,0.0006,27.0825,29.1864,79.9908,32.0407,41.6758,29.3087,75.572,0.026,60.0,48.894,No,0.0,-0.0047,1.0482,Poor,Low,1.5672,10.0,10.6138,31.7906,Moderate Risk,65.325,25.782,35.3304,Moderate Misalignment,25.3681,51.488,Significant Pedestrian Interaction,Peri-Urban,2.8761,True,Industrial,High Pedestrian Interaction | Poor Infrastructure | Above Human Tolerance Limit,0.0077,,False,22.9446,0.0133,-0.0095,Moderate Misalignment,27,Unnamed Road,3540
5236,Unnamed Road,National Highway,NH-05236,5236,13.0819,77.5931,13.0821,77.5932,26.7,2094.4,2094.427,13.5868,Aligned,0.8999,0.9135,0.0843,0.0278,0.0061,45.3186,44.5168,100.0,40.3245,32.0347,80.8479,66.613,0.1316,60.4097,22.5766,No,0.0,-0.0063,0.9971,Good,Medium,0.5636,10.0,10.0,21.6277,Safe,76.8442,47.3482,17.6968,Aligned,47.2565,58.1376,Separated Traffic,Urban,5.8919,True,Mixed,Meets Safe System Standards,0.0149,,False,38.2437,0.0097,-0.0001,Aligned,45,Unnamed Road,3541
5237,Unnamed Road,National Highway,NH-05237,5237,13.1292,77.6143,13.1289,77.6144,29.2,2094.8,2094.829,22.0743,Aligned,0.5561,0.5254,0.4272,0.0124,0.0042,79.1799,78.7226,99.8542,0.8162,14.0817,80.2039,74.7007,0.2723,60.0,5.565,No,0.0,-0.0007,0.0054,Poor,Medium,0.1586,10.0,10.4393,26.3057,Moderate Risk,61.9656,80.4018,31.1711,Moderate Misalignment,85.9636,39.7051,Separated Traffic,Rural,5.9467,True,Residential,Poor Infrastructure | Above Human Tolerance Limit,-0.0027,,False,73.3063,0.0001,0.0103,Aligned,80,Unnamed Road,3542
5238,Unnamed Road,National Highway,NH-05238,5238,12.9463,77.5302,12.9445,77.53,274.0,2095.2,2095.474,11.6156,Aligned,0.9442,0.9481,0.069,-0.009,0.0019,19.7925,21.1863,27.3814,0.7686,15.5795,49.865,75.9841,0.0116,60.0,1.3066,No,0.0,-0.0001,-0.0348,Poor,Low,1.3312,10.0,10.1866,20.2305,Safe,69.9073,20.0828,18.9264,Aligned,20.0521,43.4425,Side Impact Potential,Rural,0.8894,False,Mixed,Active Congestion | Poor Infrastructure,0.8094,Severe,False,10.0,-0.0134,0.0045,Aligned,20,Unnamed Road,3543
5239,Unnamed Road,National Highway,NH-05239,5239,13.0299,77.6312,13.0295,77.6315,48.8,2095.6,2095.649,12.3461,Aligned,0.899,0.8736,0.0463,0.0279,0.0009,56.6134,56.3109,99.1038,7.1585,17.0911,77.8286,56.8261,0.0594,70.8554,9.3995,No,0.0,-0.0031,-0.0271,Poor,Low,0.2331,10.0,10.0,21.4439,Safe,70.6425,54.776,19.2277,Aligned,54.8078,42.1185,Separated Traffic,Rural,6.761,True,Residential,Poor Infrastructure,0.18,Light,False,39.9237,-0.0073,-0.0012,Aligned,56,Unnamed Road,3544
5240,Unnamed Road,National Highway,NH-05240,5240,13.0278,77.6326,13.0293,77.6313,227.2,2096.0,2096.227,13.381,Aligned,0.9206,0.9083,0.0564,0.0018,-0.0086,27.4381,27.5605,53.7726,7.0493,24.3129,50.7652,87.7678,0.0,60.0,12.6125,No,0.0,0.0047,-0.0904,Poor,Low,2.4287,10.0,10.1129,23.3991,Safe,69.6416,30.3609,21.2951,Aligned,27.6583,59.1709,Side Impact Potential,Peri-Urban,2.9469,False,Commercial,Poor Infrastructure,0.0016,,False,22.5554,0.0143,0.0101,Aligned,29,Unnamed Road,3545
5241,Unnamed Road,National Highway,NH-05241,5241,13.0943,77.5974,13.0949,77.5974,73.0,2096.4,2096.473,37.6464,Moderate Misalignment,0.9833,0.0466,0.968,-0.0053,-0.0023,62.3804,61.2644,90.2295,15.8345,26.8045,69.1227,96.9208,0.0348,60.0,19.2824,No,0.0,-0.0065,0.01,Good,Low,1.425,10.0,23.4803,27.8546,Moderate Risk,65.4575,61.9219,33.2566,Moderate Misalignment,62.4796,57.5255,Separated Traffic,Urban,5.5992,True,Commercial,Poor Infrastructure,0.1441,Light,False,44.5611,-0.0015,0.0209,Moderate Misalignment,63,Unnamed Road,3546
5242,Unnamed Road,National Highway,NH-05242,5242,12.8988,77.4636,12.901,77.4672,463.6,2096.8,2097.264,11.5212,Aligned,0.9527,1.0221,0.02,-0.0115,0.0047,32.9932,31.2356,80.6871,0.6853,23.4275,49.6888,79.0498,0.0,60.0,5.8412,No,0.0,-0.0016,-0.0285,Good,Low,2.0912,10.0,10.2358,23.8885,Safe,67.5685,30.0338,20.729,Aligned,28.3712,62.9241,Side Impact Potential,Urban,1.9021,True,Mixed,Approach to Congestion (Tapered) | Poor Infrastructure,0.0199,,True,27.0616,0.0083,-0.0013,Aligned,29,Unnamed Road,3547
5243,Unnamed Road,National Highway,NH-05243,5243,12.9258,77.6762,12.9246,77.674,266.8,2097.2,2097.467,28.4692,Moderate Misalignment,0.5729,0.4653,0.6065,-0.001,0.0024,50.4337,52.1106,53.5931,19.9014,20.8868,50.1232,96.2848,0.2754,60.0,10.2855,No,0.0,0.0009,-0.0218,Poor,Low,2.1884,10.0,24.5208,23.9203,Safe,68.5866,50.271,27.8693,Moderate Misalignment,49.3527,52.1349,Side Impact Potential,Peri-Urban,2.8926,False,Commercial,Poor Infrastructure,0.0079,,False,44.1142,0.0024,-0.0023,Moderate Misalignment,49,Unnamed Road,3548
5244,Unnamed Road,National Highway,NH-05244,5244,13.0393,77.5895,13.0391,77.5896,37.8,2097.6,2097.638,38.2872,Moderate Misalignment,0.877,0.1097,0.8522,0.0418,-0.007,79.0656,77.6731,100.0,20.3759,24.2998,78.5064,92.4468,0.0,60.4842,16.2735,No,0.0,-0.0001,0.0105,Poor,High,0.2983,10.0,10.0466,28.4633,Moderate Risk,60.6539,81.9926,37.528,Moderate Misalignment,96.8984,48.919,Separated Traffic,Peri-Urban,7.6732,True,Residential,Poor Infrastructure | Above Human Tolerance Limit,-0.0012,,False,87.122,0.0109,-0.0004,Moderate Misalignment,80,Unnamed Road,3549
5245,Unnamed Road,National Highway,NH-05245,5245,13.0292,77.5392,13.0304,77.5372,265.1,2098.0,2098.265,13.5444,Aligned,0.9588,0.9789,0.0352,0.0188,0.0081,37.1033,38.2086,77.793,23.8169,37.5716,47.0893,85.2076,0.2947,60.0,27.9858,No,0.0,-0.0031,0.9573,Good,Low,1.9797,10.0,10.0,25.7173,Moderate Risk,71.7808,35.8781,23.5551,Aligned,36.896,67.693,Side Impact Potential,Urban,2.7545,True,Commercial,Poor Infrastructure,0.1902,Light,False,29.3238,0.0024,-0.001,Aligned,36,Unnamed Road,3550
5246,Unnamed Road,National Highway,NH-05246,5246,13.0302,77.5375,13.0303,77.5377,28.5,2098.4,2098.428,33.0511,Moderate Misalignment,0.8185,0.1704,0.8844,0.0142,-0.0067,49.4734,51.1282,86.4703,12.8519,24.1416,50.168,95.6825,0.0,60.0,13.9609,No,0.0,0.0026,0.0531,Good,Low,2.1048,10.0,34.1808,27.5158,Moderate Risk,61.7837,49.4434,33.5811,Moderate Misalignment,54.0536,57.2394,Side Impact Potential,Urban,5.0493,True,Residential,Poor Infrastructure,-0.0052,,False,42.6042,0.0029,0.0099,Moderate Misalignment,51,Unnamed Road,3551
5247,Unnamed Road,National Highway,NH-05247,5247,13.0228,77.6475,13.0226,77.6474,41.9,2098.8,2098.842,36.7403,Moderate Misalignment,0.8681,0.1119,0.8424,0.0111,0.0083,49.5953,49.2447,73.9191,32.1806,27.5859,48.8071,95.7791,0.0,60.0,13.3123,No,0.0,0.007,-0.0163,Good,Low,1.8473,10.0,25.8302,26.3647,Moderate Risk,68.1692,48.7378,30.8682,Moderate Misalignment,64.5156,65.7858,Side Impact Potential,Urban,4.1604,False,Commercial,Poor Infrastructure,0.1892,Light,False,46.2049,0.0069,0.0008,Moderate Misalignment,50,Unnamed Road,3552
5248,Unnamed Road,National Highway,NH-05248,5248,12.9442,77.5272,12.9443,77.527,21.1,2099.2,2099.221,32.2454,Moderate Misalignment,0.7699,0.2273,0.7473,0.0034,-0.0006,37.0901,34.3664,28.8369,17.1037,26.614,49.4082,99.1815,0.261,60.0,17.7461,No,0.0,0.0063,-0.0002,Good,High,3.1894,10.0,20.2338,25.1165,Moderate Risk,67.2223,39.1349,26.0804,Moderate Misalignment,36.5294,58.1484,Side Impact Potential,Peri-Urban,2.0692,False,Industrial,Poor Infrastructure,-0.0075,,False,29.7995,0.0022,-0.0029,Moderate Misalignment,36,Unnamed Road,3553
5249,Unnamed Road,National Highway,NH-05249,5249,13.0397,77.5186,13.0396,77.5184,34.1,2099.6,2099.634,11.7342,Aligned,0.9332,0.9719,0.0582,0.0016,0.0041,26.7752,26.8965,84.7916,29.2552,36.9055,50.7173,68.5067,0.0631,60.0,32.7401,No,0.0,-0.002,1.0192,Poor,Low,1.7532,10.0,10.5323,24.6309,Moderate Risk,73.1978,27.2178,21.7901,Aligned,25.0564,67.1287,Side Impact Potential,Urban,5.9893,True,Residential,Poor Infrastructure,0.2239,Light,False,18.1943,0.0127,0.0129,Aligned,26,Unnamed Road,3554
5250,Unnamed Road,National Highway,NH-05250,5250,13.0191,77.5319,13.021,77.5321,209.0,2100.0,2100.209,11.2918,Aligned,0.9919,1.0194,-0.0079,-0.0014,0.0105,35.2575,33.5499,69.1751,23.9577,27.2231,50.5899,85.1184,0.2875,60.0,14.5118,No,0.0,0.0047,0.04,Good,Medium,1.8747,10.0,10.8807,21.7702,Safe,73.1331,34.7396,18.4229,Aligned,36.4559,64.1752,Side Impact Potential,Urban,2.1549,False,Commercial,Poor Infrastructure,0.0053,,False,31.688,-0.0222,-0.021,Aligned,35,Unnamed Road,3555
5251,Unnamed Road,National Highway,NH-05251,5251,12.9166,77.623,12.9169,77.622,115.1,2100.4,2100.515,34.8067,Moderate Misalignment,0.8369,0.1737,0.8449,-0.0061,-0.0183,29.6599,28.7685,49.0249,37.3965,43.5322,30.1629,94.5648,0.0,60.0,51.2491,No,0.0,-0.0128,1.9661,Poor,Low,2.674,10.0,23.9058,29.6741,Moderate Risk,69.8663,30.0326,30.4333,Moderate Misalignment,37.111,56.106,Significant Pedestrian Interaction,Urban,3.0412,False,Mixed,High Pedestrian Interaction,0.0036,,False,36.5035,-0.0019,0.0105,Moderate Misalignment,29,Unnamed Road,3556
5252,Unnamed Road,National Highway,NH-05252,5252,12.9161,77.6232,12.9163,77.6235,40.5,2100.8,2100.841,15.2685,Aligned,0.8293,0.8654,0.1747,0.0197,0.0047,65.2679,63.8456,100.0,43.2464,32.3699,79.5433,70.4655,0.3095,79.4389,29.3894,No,0.0,-0.007,0.9675,Good,Medium,0.4158,10.0,10.0,20.7589,Safe,78.4669,65.472,18.9412,Aligned,67.7893,52.4821,Separated Traffic,Peri-Urban,5.1645,True,Residential,Meets Safe System Standards,0.0078,,False,62.7953,-0.0083,-0.011,Aligned,65,Unnamed Road,3557
5253,Unnamed Road,National Highway,NH-05253,5253,13.0467,77.5034,13.0465,77.5033,24.4,2101.2,2101.224,9.4285,Aligned,0.9498,0.9787,0.0431,0.004,-0.0036,23.695,23.9343,50.3727,16.7376,24.5136,48.2504,79.2041,0.0933,60.0,17.569,No,0.0,-0.0029,-0.034,Good,High,2.2698,10.0,10.6599,21.8238,Safe,71.92,21.2911,20.7078,Aligned,23.6203,51.8136,Side Impact Potential,Peri-Urban,2.0511,False,Commercial,Poor Infrastructure,0.1621,Light,False,18.7731,0.0091,0.001,Aligned,21,Unnamed Road,3558
5254,Unnamed Road,National Highway,NH-05254,5254,12.9457,77.527,12.9459,77.5267,44.9,2101.6,2101.645,17.655,Aligned,0.7789,0.7611,0.223,0.0063,-0.0022,67.692,68.1648,100.0,9.499,16.1934,79.6257,77.2069,0.0,72.6476,12.0629,No,0.0,-0.0027,-0.0136,Poor,High,0.0947,10.0,10.0,19.6731,Safe,73.6808,65.1512,17.266,Aligned,70.892,32.6088,Separated Traffic,Rural,4.9429,True,Residential,Poor Infrastructure,0.0163,,False,56.3319,-0.0012,0.0079,Aligned,67,Unnamed Road,3559
5255,Unnamed Road,National Highway,NH-05255,5255,12.946,77.5267,12.946,77.5271,42.6,2102.0,2102.043,18.7097,Aligned,0.6932,0.7506,0.26,0.0403,0.0019,67.2741,65.6922,97.5124,5.2419,17.5755,82.7308,76.8254,0.5116,69.7744,11.0605,No,0.0,-0.0015,0.0334,Poor,Low,0.2554,10.0,10.0833,20.9111,Safe,70.0538,69.1122,17.7185,Aligned,66.936,37.8331,Separated Traffic,Rural,5.2064,True,Industrial,Poor Infrastructure,-0.02,,False,54.3507,0.0007,-0.0036,Aligned,68,Unnamed Road,3560
5256,Unnamed Road,National Highway,NH-05256,5256,12.9209,77.6661,12.9211,77.666,43.2,2102.4,2102.443,41.2093,Moderate Misalignment,0.96,0.0225,0.9655,0.0235,0.0041,32.3552,29.4303,77.3712,84.761,58.0341,30.1026,80.4669,0.0,60.0,74.9109,No,0.0,0.0033,2.9784,Good,Medium,2.2801,10.0,10.0667,30.5895,Moderate Risk,76.8678,30.4558,35.178,Moderate Misalignment,38.1899,61.2079,Significant Pedestrian Interaction,Urban,1.9043,True,Mixed,High Pedestrian Interaction | Above Human Tolerance Limit,0.2414,Light,False,26.9867,0.0145,0.003,Moderate Misalignment,31,Unnamed Road,3561
5257,Unnamed Road,Urban Road,URB-05257,5257,12.9239,77.4978,12.9248,77.4987,157.7,2102.8,2102.958,11.7461,Aligned,0.9355,0.9246,0.0463,-0.0143,0.0045,31.4082,32.3235,54.9606,48.0606,44.8832,48.9633,87.4166,0.0,29.3061,49.2219,No,0.0,-0.0009,0.9536,Good,High,3.0999,10.0,10.0,25.4695,Moderate Risk,77.0046,30.5173,23.1828,Aligned,28.9391,68.2555,Side Impact Potential,Urban,3.9306,False,Commercial,Meets Safe System Standards,0.2066,Light,False,20.9084,-0.0021,-0.0137,Aligned,31,Unnamed Road,3562
5258,Unnamed Road,Urban Road,URB-05258,5258,12.9969,77.6687,12.9972,77.6691,62.1,2103.2,2103.262,15.9622,Aligned,0.7722,0.6892,0.2388,0.0048,0.0047,27.6736,28.437,52.6093,50.7057,43.7625,29.8484,87.5192,0.4654,60.0,44.5484,No,0.0,-0.0046,3.0413,Good,Low,2.8772,10.0,10.0,24.2845,Safe,77.2045,25.1195,20.5254,Aligned,26.3348,64.5628,Significant Pedestrian Interaction,Urban,3.973,False,Residential,High Pedestrian Interaction,0.1588,Light,False,19.3166,-0.0091,-0.0035,Aligned,26,Unnamed Road,3563
5259,Unnamed Road,Urban Road,URB-05259,5259,12.9972,77.6691,12.9975,77.67,105.3,2103.6,2103.705,87.6674,High Misalignment,0.5157,0.036,-0.0286,0.5258,0.4865,30.2682,28.096,100.0,87.6703,55.4908,29.4769,98.4247,0.0,60.0,67.6083,No,0.0,0.0075,2.0194,Good,Low,0.5259,10.0,28.582,46.0141,Moderate Risk,51.1172,30.319,78.3601,Critical Misalignment,75.0947,64.9093,Significant Pedestrian Interaction,Urban,4.1448,True,Commercial,Speed Limit Misaligned | High Pedestrian Interaction | Above Human Tolerance Limit,0.1382,Light,False,58.7521,0.0043,-0.0107,High Misalignment,30,Unnamed Road,3564
5260,Unnamed Road,Urban Road,URB-05260,5260,12.995,77.6649,12.9969,77.6687,478.9,2104.0,2104.479,13.67,Aligned,0.8766,0.9366,0.1115,0.0094,-0.0045,29.2273,29.691,50.9797,7.5104,21.7727,50.5573,91.9139,0.1116,30.7941,12.1978,No,0.0,0.0038,0.0397,Poor,Low,2.3747,10.0,10.5481,23.0962,Safe,69.6041,28.0521,19.6125,Aligned,26.4745,59.1611,Side Impact Potential,Peri-Urban,2.9375,False,Commercial,Poor Infrastructure,-0.0037,,False,21.5057,0.0042,0.013,Aligned,29,Unnamed Road,3565
5261,Unnamed Road,Urban Road,URB-05261,5261,12.9732,77.5811,12.973,77.5817,73.1,2104.4,2104.473,24.5119,Aligned,0.5589,0.6042,0.3856,0.0228,-0.0011,50.8751,52.4071,49.5511,7.6277,27.0377,47.9213,93.1004,0.1527,59.6502,12.1582,No,0.0,-0.0019,0.0171,Poor,Medium,3.7436,10.0,30.2417,29.5098,Moderate Risk,61.0058,51.3708,32.815,Moderate Misalignment,50.6679,64.6991,Side Impact Potential,Urban,1.938,False,Industrial,Poor Infrastructure,0.0029,,False,44.5554,0.0116,-0.0024,Aligned,52,Unnamed Road,3566
5262,Unnamed Road,Urban Road,URB-05262,5262,12.8943,77.6449,12.8962,77.6423,454.6,2104.8,2105.255,22.2732,Aligned,0.6419,0.6769,0.3188,-0.0064,-0.0109,49.0091,49.6981,54.8205,13.0329,29.98,51.814,87.8901,0.1231,39.6675,17.5962,No,0.0,0.0028,0.0836,Good,Medium,2.6201,10.0,31.8681,29.9145,Moderate Risk,61.5312,50.6553,34.1102,Moderate Misalignment,49.6412,69.5679,Side Impact Potential,Urban,4.0777,False,Mixed,Poor Infrastructure,-0.0101,,False,47.1146,0.0074,0.0155,Aligned,48,Unnamed Road,3567
5263,Unnamed Road,Urban Road,URB-05263,5263,13.0242,77.5459,13.0251,77.5464,112.7,2105.2,2105.313,9.3752,Aligned,0.9695,0.9709,0.0308,-0.0136,-0.0066,41.657,41.4275,84.0242,32.3049,32.0525,69.7629,76.9052,0.0,59.8199,23.1011,No,0.0,0.0077,0.0501,Good,Low,1.5386,10.0,10.4587,22.8206,Safe,74.6935,41.0256,19.1827,Aligned,39.4825,66.3872,Separated Traffic,Urban,5.0489,True,Mixed,Poor Infrastructure,0.0097,,False,36.1324,0.0022,0.0017,Aligned,43,Unnamed Road,3568
5264,Unnamed Road,Urban Road,URB-05264,5264,12.8907,77.6388,12.8891,77.6397,232.9,2105.6,2105.833,33.3173,Moderate Misalignment,0.556,0.3272,0.5816,0.109,-0.0086,57.1615,57.5227,100.0,0.1043,15.1474,81.6197,86.2647,0.4165,59.3338,8.0437,No,0.0,0.0057,-0.0205,Poor,Low,0.1926,10.0,10.1015,21.7686,Safe,69.1708,56.2281,17.3981,Aligned,55.5451,38.2057,Separated Traffic,Rural,4.8294,True,Residential,Poor Infrastructure,-0.0085,,False,51.0839,0.0105,-0.0152,Moderate Misalignment,56,Unnamed Road,3569
5265,Unnamed Road,Urban Road,URB-05265,5265,12.9356,77.513,12.935,77.5115,183.2,2106.0,2106.183,16.8397,Aligned,0.7644,0.765,0.1922,0.0349,-0.0121,79.3929,80.1519,99.2364,0.5672,13.6189,78.8171,83.4011,0.0955,59.3264,6.1974,No,0.0,0.0019,-0.0252,Poor,High,0.1364,10.0,10.0,23.4861,Safe,64.4568,80.2949,24.8852,Aligned,86.1082,35.0892,Separated Traffic,Rural,6.8884,True,Mixed,Approach to Congestion (Tapered) | Poor Infrastructure,0.1656,Light,True,65.8206,-0.0286,0.004,Aligned,79,Unnamed Road,3570
5266,Unnamed Road,Urban Road,URB-05266,5266,12.9768,77.7241,12.9767,77.7256,173.0,2106.4,2106.573,16.2403,Aligned,0.8258,0.8484,0.1936,0.03,-0.001,61.7808,62.736,100.0,11.2175,14.8758,79.4526,62.9908,0.0,60.0,7.5213,No,0.0,0.0047,-0.0202,Poor,Medium,0.3139,10.0,10.0,18.7367,Safe,72.6776,63.0572,17.108,Aligned,59.9936,33.2773,Separated Traffic,Rural,5.2482,True,Mixed,Poor Infrastructure,0.2353,Light,False,46.7237,0.0019,-0.0056,Aligned,61,Unnamed Road,3571
5267,Unnamed Road,Urban Road,URB-05267,5267,12.9749,77.7271,12.9765,77.7247,418.3,2106.8,2107.218,11.8036,Aligned,0.9394,0.9128,0.0955,-0.0086,-0.0032,33.4429,31.5551,87.4137,24.6792,28.3659,48.7001,66.2801,0.0,50.8369,18.9329,No,0.0,0.0045,0.9945,Good,Medium,1.88,10.0,10.0,22.3729,Safe,73.4958,33.1689,18.9961,Aligned,36.5428,60.0194,Side Impact Potential,Urban,4.8018,True,Residential,Poor Infrastructure,0.0188,,False,26.2201,-0.0024,-0.0016,Aligned,34,Unnamed Road,3572
5268,Unnamed Road,Urban Road,URB-05268,5268,12.9765,77.726,12.9765,77.7255,51.1,2107.2,2107.251,15.8273,Aligned,0.8052,0.8203,0.1748,0.0167,-0.0017,77.6986,78.7866,98.267,22.4101,22.3716,77.8253,77.2325,0.0797,59.6402,8.3056,No,0.0,0.0041,-0.0248,Good,Medium,0.4241,10.0,10.0,20.5921,Safe,73.6401,80.1739,17.8925,Aligned,78.9083,57.3322,Separated Traffic,Peri-Urban,3.8889,True,Industrial,Poor Infrastructure,-0.0087,,False,65.0507,-0.0071,-0.0172,Aligned,77,Unnamed Road,3573
5269,Unnamed Road,Urban Road,URB-05269,5269,12.9765,77.7247,12.9767,77.724,82.4,2107.6,2107.682,30.1665,Moderate Misalignment,0.7053,0.3166,0.6993,0.0102,-0.0129,39.3758,40.1321,53.2212,10.13,14.0798,49.9325,96.9188,0.0,28.5918,7.1475,No,0.0,-0.0005,-0.0056,Poor,Low,1.5734,10.0,33.4119,23.4981,Safe,66.1744,40.3127,27.8825,Moderate Misalignment,37.9982,35.2479,Side Impact Potential,Rural,2.8617,False,Residential,Poor Infrastructure,0.0037,,False,31.4698,0.002,0.0199,Moderate Misalignment,40,Unnamed Road,3574
5270,Unnamed Road,Urban Road,URB-05270,5270,12.9765,77.7247,12.9765,77.7255,96.4,2108.0,2108.096,11.8697,Aligned,0.9745,0.9632,0.0001,-0.0111,-0.0002,21.1325,21.1282,51.1584,31.1562,32.5164,49.0194,78.7303,0.3159,59.9036,25.7333,No,0.0,0.0081,-0.0147,Poor,Medium,2.1509,10.0,10.0,22.7738,Safe,74.421,20.135,18.7532,Aligned,22.5406,51.9191,Side Impact Potential,Peri-Urban,2.9401,False,Residential,Poor Infrastructure,0.168,Light,False,18.7002,-0.0051,0.0082,Aligned,21,Unnamed Road,3575
5271,Unnamed Road,Urban Road,URB-05271,5271,12.8801,77.5957,12.8801,77.5958,386.4,2108.4,2108.786,33.9303,Moderate Misalignment,0.7951,0.1381,0.7928,0.0164,0.0048,59.1196,58.8958,100.0,24.8966,26.695,79.8314,38.9032,0.4038,59.7012,17.3244,No,0.0,0.0011,0.0158,Poor,Low,0.5423,10.0,10.2474,26.7724,Moderate Risk,65.9451,56.2816,33.7958,Moderate Misalignment,57.5422,57.9892,Separated Traffic,Peri-Urban,5.7527,True,Industrial,Poor Infrastructure | Above Human Tolerance Limit,-0.0059,,False,48.4667,0.0034,-0.0084,Moderate Misalignment,60,Unnamed Road,3576
5272,Unnamed Road,Urban Road,URB-05272,5272,12.9933,77.7046,12.9936,77.7034,141.3,2108.8,2108.941,16.0105,Aligned,0.8937,0.8897,0.1142,-0.0095,-0.006,36.6792,37.2863,61.0578,21.5442,38.3415,49.0343,91.0598,0.0,39.2727,34.5677,No,0.0,-0.0013,0.9741,Good,Medium,2.5821,10.0,10.0,27.175,Moderate Risk,69.3393,36.1252,22.8371,Aligned,38.7678,68.8694,Side Impact Potential,Urban,1.91,True,Mixed,Poor Infrastructure,-0.0058,,False,33.5662,-0.0051,-0.0058,Aligned,37,Unnamed Road,3577
5273,Unnamed Road,Urban Road,URB-05273,5273,12.9999,77.6767,12.9994,77.6751,205.1,2109.2,2109.405,10.4095,Aligned,0.9556,0.8937,0.0583,0.0031,-0.0148,37.6259,36.6674,90.5545,25.3439,32.5129,49.565,52.861,0.2675,40.5648,24.6314,No,0.0,-0.0007,0.021,Poor,High,2.4377,10.0,10.1216,23.8547,Safe,72.3233,37.2659,21.0509,Aligned,37.6574,59.0889,Side Impact Potential,Urban,6.0687,True,Residential,Active Congestion | Poor Infrastructure,0.8044,Severe,False,10.1424,0.0147,0.0102,Aligned,35,Unnamed Road,3578
5274,Unnamed Road,Urban Road,URB-05274,5274,13.0397,77.5701,13.0393,77.5741,438.0,2109.6,2110.038,15.6044,Aligned,0.8988,0.9169,0.0634,0.0098,-0.0072,27.0802,26.4454,56.8369,35.6342,43.8284,50.7092,85.4966,0.0233,29.9537,43.8444,No,0.0,-0.0036,2.0126,Good,Medium,2.726,10.0,10.3494,27.2833,Moderate Risk,72.7514,26.5176,25.6272,Aligned,27.0921,63.8909,Side Impact Potential,Urban,3.6943,False,Commercial,Poor Infrastructure,-0.0034,,False,21.6578,0.0077,-0.0084,Aligned,25,Unnamed Road,3579