segment_id,road_name,road_type,human_segment_id,internal_id,start_lat,start_lon,end_lat,end_lon,length_m,start_km,end_km,road_risk_score,ai_risk_label,ai_risk_probability,prob_low_risk,prob_medium_risk,prob_high_risk,prob_critical_risk,ai_recommended_speed,recommended_safe_speed,road_function_score,infrastructure_score,exposure_score,human_tolerance_limit,operating_speed_score,crash_risk_score,posted_speed_limit,pedestrian_exposure_score,blackspot_flag,crash_count,fatal_crashes,schools_count,lighting_quality,roadside_hazards,intersection_density,speed_compliance_rate,speed_violation_score,hotspot_score,hotspot_category,speed_safety_score,original_safe_speed,misalignment_score,misalignment_category,speed_p85,ptw_share_pct,exposure_tier,urban_rural_flag,lane_count,median_presence,land_use_type,top_ai_factors,congestion_index,congestion_category,congestion_smoothed,operating_speed_mean,minor_crashes,major_crashes,risk_category,final_safe_speed,corridor_base,corridor_seq
5275,Unnamed Road,Urban Road,URB-05275,5275,12.8646,77.6574,12.8633,77.6584,206.9,2110.0,2110.207,14.3745,Aligned,0.9006,0.8914,0.0885,0.0036,0.0182,53.3782,53.2041,99.9619,0.0,16.604,79.3385,61.8484,0.0,60.0,6.6677,No,0.0,0.0101,-0.011,Poor,Medium,0.3102,10.0,10.0,21.1153,Safe,69.2417,52.3048,18.7755,Aligned,51.3367,41.4886,Separated Traffic,Rural,3.9833,True,Mixed,Poor Infrastructure,-0.0059,,False,44.1523,-0.0004,0.0128,Aligned,54,Unnamed Road,3580
5276,Unnamed Road,Urban Road,URB-05276,5276,12.9794,77.6641,12.9799,77.6563,954.8,2110.4,2111.355,9.4335,Aligned,0.9855,0.9593,0.0107,0.0077,0.0034,22.2685,22.3172,60.5237,27.8195,27.7313,48.5823,81.8576,0.1677,29.2712,18.5604,No,0.0,-0.0103,0.0822,Good,Low,3.131,10.0,10.3157,21.5908,Safe,75.1833,20.704,19.9681,Aligned,20.9182,59.4625,Side Impact Potential,Urban,4.089,True,Industrial,Poor Infrastructure,0.1206,Light,False,16.8219,0.0198,0.0062,Aligned,22,Unnamed Road,3581
5277,Unnamed Road,Urban Road,URB-05277,5277,12.9968,77.568,12.9963,77.5667,210.2,2110.8,2111.01,24.1774,Moderate Misalignment,0.5155,0.4634,0.5252,-0.0013,0.0006,74.902,75.8533,97.3964,0.0,13.9892,78.8257,67.8084,0.0,60.0,2.846,No,0.0,-0.0011,0.065,Poor,Low,0.1943,10.0,10.0,26.8263,Moderate Risk,60.6182,73.1351,30.2385,Moderate Misalignment,73.4245,41.5809,Separated Traffic,Rural,5.0961,True,Residential,Poor Infrastructure | Above Human Tolerance Limit,-0.0088,,False,65.9044,-0.0218,-0.0051,Moderate Misalignment,74,Unnamed Road,3582
5278,Unnamed Road,Urban Road,URB-05278,5278,12.9866,77.7535,12.9881,77.7542,194.3,2111.2,2111.394,11.1143,Aligned,0.9967,0.9681,-0.0112,-0.0028,0.007,35.3056,34.5896,29.6399,0.0,16.7606,47.7756,90.2145,0.0693,31.6142,6.5985,No,0.0,-0.0044,-0.023,Good,Low,2.2039,10.0,10.0,21.8074,Safe,66.7843,33.6779,22.2403,Aligned,33.146,40.9093,Side Impact Potential,Rural,2.0839,False,Residential,Poor Infrastructure,0.2186,Light,False,23.9163,-0.0018,0.0148,Aligned,36,Unnamed Road,3583
5279,Unnamed Road,Urban Road,URB-05279,5279,12.9166,77.6106,12.9166,77.612,156.5,2111.6,2111.756,12.6065,Aligned,0.9323,0.8829,0.0881,-0.0068,-0.0082,32.5142,34.5673,81.7601,44.614,41.2001,49.6992,66.2568,0.0,48.4358,38.432,No,0.0,-0.0015,1.8999,Good,Low,1.986,10.0,10.0,23.7327,Safe,76.5104,35.5556,21.8393,Aligned,35.9189,63.3251,Side Impact Potential,Urban,6.1138,False,Mixed,Meets Safe System Standards,-0.0079,,False,28.0273,-0.0025,-0.0044,Aligned,33,Unnamed Road,3584
5280,Unnamed Road,Urban Road,URB-05280,5280,12.9928,77.7571,12.9962,77.7582,460.5,2112.0,2112.461,11.3976,Aligned,0.9913,0.9756,0.0114,-0.0058,-0.0048,30.3961,30.5708,29.376,0.0,15.1904,49.9948,93.6308,0.6667,29.9235,1.2182,No,0.0,-0.0028,-0.0017,Poor,Medium,2.6697,10.0,10.1928,21.4826,Safe,69.0933,30.7662,18.8214,Aligned,29.1744,50.9898,Side Impact Potential,Peri-Urban,2.2243,False,Residential,Poor Infrastructure,-0.0103,,False,27.4574,0.0092,0.0005,Aligned,30,Unnamed Road,3585
5281,Unnamed Road,Urban Road,URB-05281,5281,13.0319,77.5204,13.0324,77.5182,246.5,2112.4,2112.647,35.9823,Moderate Misalignment,0.6603,0.2198,0.7197,0.0863,-0.0002,48.7,50.8914,100.0,0.0,11.5206,49.8478,63.1096,5.2293,60.0,0.0,No,0.0,0.0002,-0.0367,Poor,Medium,0.1689,10.0,10.0844,31.2375,Moderate Risk,53.3148,48.3976,44.2924,Moderate Misalignment,62.5332,40.1519,Side Impact Potential,Rural,6.9827,False,Residential,Poor Infrastructure | Above Human Tolerance Limit,0.2388,Light,False,45.0254,1.0054,-0.0038,Moderate Misalignment,49,Unnamed Road,3586
5282,Unnamed Road,Urban Road,URB-05282,5282,12.9752,77.5903,12.9759,77.5904,82.4,2112.8,2112.882,10.4156,Aligned,0.9764,0.9453,0.0695,-0.0162,0.0005,29.3738,30.6847,52.5935,7.7624,25.0551,52.4107,88.9067,0.2992,30.257,9.395,No,0.0,-0.0015,0.0284,Poor,Low,2.8032,10.0,10.0,23.1351,Safe,69.8954,31.1507,19.8812,Aligned,30.6096,66.2387,Side Impact Potential,Urban,3.7596,False,Residential,Poor Infrastructure,0.1592,Light,False,21.7379,0.0044,-0.007,Aligned,29,Unnamed Road,3587
5283,Unnamed Road,Urban Road,URB-05283,5283,12.9759,77.5904,12.976,77.5914,125.7,2113.2,2113.326,15.6039,Aligned,0.8414,0.8477,0.1337,0.01,0.0044,68.4492,59.4536,96.498,0.5946,16.8244,80.5404,77.422,40.3461,60.0,3.1066,Yes,0.0,0.9958,0.0296,Good,Medium,0.1732,10.0,10.3116,31.3494,Moderate Risk,60.2523,66.7096,18.1906,Aligned,69.6355,45.9132,Separated Traffic,Rural,6.1728,True,Residential,Poor Infrastructure,-0.0214,,False,65.2025,-0.0236,0.001,Aligned,69,Unnamed Road,3588
5284,Unnamed Road,Urban Road,URB-05284,5284,12.9759,77.5904,12.9771,77.5912,158.7,2113.6,2113.759,34.4832,Moderate Misalignment,0.8438,0.1734,0.8495,-0.0103,0.0004,78.4714,80.0545,98.5658,16.5793,13.441,78.9883,88.5148,0.2356,60.0,4.3859,No,0.0,0.0095,-0.0236,Poor,Low,0.1489,10.0,33.6087,26.7466,Moderate Risk,61.1291,78.4768,37.0396,Moderate Misalignment,78.0987,34.4061,Separated Traffic,Rural,8.0599,True,Industrial,Poor Infrastructure,-0.0133,,False,65.9022,0.0117,0.0102,Moderate Misalignment,80,Unnamed Road,3589
5285,Unnamed Road,Urban Road,URB-05285,5285,12.9752,77.5937,12.975,77.5929,93.5,2114.0,2114.093,15.2027,Aligned,0.8516,0.8933,0.1598,-0.0061,0.0056,80.3668,80.7593,98.9414,11.2201,16.3746,81.2063,73.013,0.0,59.9885,3.9383,No,0.0,0.0069,-0.0236,Poor,Low,0.4141,10.0,10.0,21.134,Safe,70.0876,80.9814,19.52,Aligned,81.948,50.9375,Separated Traffic,Peri-Urban,7.792,True,Commercial,Poor Infrastructure,0.1862,Light,False,62.8393,0.0032,-0.0003,Aligned,81,Unnamed Road,3590
5286,Unnamed Road,Urban Road,URB-05286,5286,12.975,77.5929,12.9748,77.5934,62.4,2114.4,2114.462,13.9966,Aligned,0.9196,0.9039,0.0395,0.0037,0.0034,63.497,61.2364,98.7584,11.8342,13.2674,79.5226,17.2689,0.0,60.0,8.2799,No,0.0,0.0046,-0.0599,Poor,Medium,0.2342,10.0,10.0021,19.0225,Safe,72.5037,61.5684,16.3491,Aligned,61.9415,33.2869,Separated Traffic,Rural,5.1999,True,Residential,Active Congestion | Poor Infrastructure,0.6219,Severe,False,25.8225,0.0005,-0.0082,Aligned,62,Unnamed Road,3591
5287,Unnamed Road,Urban Road,URB-05287,5287,12.975,77.5929,12.9747,77.591,204.6,2114.8,2115.005,9.9352,Aligned,0.9497,0.9836,0.036,-0.0027,-0.0025,39.3417,38.5969,80.6463,27.4946,31.772,50.5882,67.175,0.0,49.1977,19.226,No,0.0,0.0072,-0.0744,Good,Low,2.1496,10.0,10.3416,23.2286,Safe,73.2633,40.8887,20.5172,Aligned,38.5249,65.4727,Side Impact Potential,Urban,5.8397,False,Residential,Poor Infrastructure,0.2236,Light,False,26.3994,-0.0197,-0.0044,Aligned,41,Unnamed Road,3592
5288,Unnamed Road,Urban Road,URB-05288,5288,12.976,77.5914,12.975,77.5929,191.6,2115.2,2115.392,38.9137,Moderate Misalignment,0.9615,-0.0217,0.9733,-0.0315,-0.0038,57.2018,54.0679,78.3241,21.045,31.4943,69.048,96.7199,0.2854,50.3781,22.2332,No,0.0,0.0017,1.0802,Good,High,1.4212,10.0,10.7145,25.7847,Moderate Risk,68.3545,54.8289,25.5521,Moderate Misalignment,53.9133,62.8563,Separated Traffic,Urban,3.1336,True,Residential,Poor Infrastructure,0.0037,,False,47.5361,0.001,0.0007,Moderate Misalignment,57,Unnamed Road,3593
5289,Unnamed Road,Urban Road,URB-05289,5289,12.9752,77.5937,12.9748,77.5934,62.0,2115.6,2115.662,37.0999,Moderate Misalignment,0.9448,0.0831,0.9719,0.0223,-0.0013,80.846,81.1678,100.0,37.6228,28.564,81.6366,10.0,0.2934,59.7488,21.76,No,0.0,-0.0003,-0.024,Poor,Medium,0.3065,10.0,10.0,30.8932,Moderate Risk,60.5978,78.2601,42.5717,Moderate Misalignment,94.5538,49.848,Separated Traffic,Peri-Urban,7.9241,True,Commercial,Active Congestion | Above Human Tolerance Limit,0.7891,Severe,False,17.7889,-0.0016,0.0009,Moderate Misalignment,79,Unnamed Road,3594
5290,Unnamed Road,Urban Road,URB-05290,5290,12.9748,77.5934,12.9724,77.5938,274.8,2116.0,2116.275,28.5065,Moderate Misalignment,0.5777,0.4452,0.5151,0.0181,-0.0014,39.5248,37.6044,29.1563,5.2757,22.5399,50.6536,94.8158,0.3898,39.4701,7.5884,No,0.0,-0.0034,0.0326,Good,Low,2.3595,10.0,25.5871,26.3992,Moderate Risk,65.2872,38.8464,28.0004,Moderate Misalignment,38.5706,61.4698,Side Impact Potential,Peri-Urban,1.1714,False,Commercial,Poor Infrastructure,0.001,,False,33.4696,-0.0113,0.0035,Moderate Misalignment,38,Unnamed Road,3595
5291,Unnamed Road,Urban Road,URB-05291,5291,12.9754,77.5881,12.9758,77.5875,76.8,2116.4,2116.477,41.259,Moderate Misalignment,0.9195,0.0533,0.9174,0.0791,0.0033,78.9768,80.5655,100.0,22.1079,20.9078,79.8815,98.899,0.2224,60.0,12.39,No,0.0,0.0029,-0.0039,Poor,High,0.4902,10.0,14.7308,24.3447,Moderate Risk,65.3071,79.8668,30.7496,Moderate Misalignment,91.3708,50.4834,Separated Traffic,Peri-Urban,8.0729,True,Residential,Poor Infrastructure,-0.0078,,False,79.1634,0.0149,-0.0199,Moderate Misalignment,79,Unnamed Road,3596
5292,Unnamed Road,Urban Road,URB-05292,5292,12.975,77.5902,12.9754,77.5881,235.2,2116.8,2117.035,12.0684,Aligned,0.95,0.9301,-0.0088,0.0035,0.006,36.2879,35.4021,79.2092,52.9004,35.9947,48.2757,69.1475,0.2318,51.7079,37.3094,No,0.0,-0.0001,-0.0423,Poor,Low,1.9812,10.0,10.3655,21.0164,Safe,79.4637,34.1968,17.677,Aligned,32.5661,57.3852,Side Impact Potential,Urban,6.1084,False,Residential,Meets Safe System Standards,0.0113,,False,28.0588,0.0013,0.0163,Aligned,37,Unnamed Road,3597
5293,Unnamed Road,Urban Road,URB-05293,5293,12.976,77.5945,12.9752,77.5937,127.0,2117.2,2117.327,14.3408,Aligned,0.9234,0.9295,0.1118,0.0169,-0.0023,56.9181,56.6883,99.5529,16.178,23.2638,80.2387,71.0876,0.1514,59.1795,9.714,No,0.0,0.0042,0.0293,Good,High,0.3539,10.0,10.0,22.195,Safe,72.7398,57.3958,18.9846,Aligned,58.4338,58.255,Separated Traffic,Peri-Urban,5.9613,True,Residential,Poor Infrastructure,0.0026,,False,50.8872,0.0004,0.0074,Aligned,57,Unnamed Road,3598
5294,Unnamed Road,Urban Road,URB-05294,5294,12.9762,77.5946,12.976,77.5945,34.8,2117.6,2117.635,9.8094,Aligned,0.9922,1.0241,0.0056,-0.007,0.0004,18.6781,22.0102,29.3876,0.0,20.0362,50.6073,80.2164,0.2629,29.3606,5.2513,No,0.0,-0.0009,-0.081,Poor,Low,3.3667,10.0,10.2807,23.1938,Safe,67.9335,20.6227,18.3845,Aligned,19.9442,58.0388,Side Impact Potential,Peri-Urban,2.0066,False,Commercial,Poor Infrastructure,-0.0028,,False,17.051,0.0022,-0.0049,Aligned,20,Unnamed Road,3599
5295,Unnamed Road,Urban Road,URB-05295,5295,12.9771,77.5912,12.9772,77.5913,21.2,2118.0,2118.021,17.4163,Aligned,0.7785,0.7909,0.223,-0.0064,-0.0103,38.5328,41.8125,50.995,32.612,36.6385,51.4338,92.0511,0.7091,31.1628,32.5952,No,0.0,-0.0064,1.0509,Good,Low,2.8069,10.0,33.8786,28.1297,Moderate Risk,66.1502,37.9116,33.2291,Moderate Misalignment,38.8039,64.2227,Side Impact Potential,Urban,2.1725,False,Mixed,Poor Infrastructure,-0.0099,,False,36.617,-0.0115,-0.0025,Aligned,39,Unnamed Road,3600
5296,Unnamed Road,Urban Road,URB-05296,5296,12.9771,77.5912,12.976,77.5914,131.0,2118.4,2118.531,16.4717,Aligned,0.7879,0.8291,0.1975,-0.0289,-0.0089,38.7908,41.1901,50.2228,33.6217,37.2822,52.0543,92.537,0.1653,31.0134,33.0001,No,0.0,0.0011,1.0045,Good,Low,2.7367,10.0,33.9089,29.1006,Moderate Risk,66.6175,38.319,33.6418,Moderate Misalignment,39.1133,64.7286,Side Impact Potential,Urban,2.003,False,Mixed,Poor Infrastructure,-0.0076,,False,35.6117,0.0122,0.002,Aligned,38,Unnamed Road,3601
5297,Unnamed Road,Urban Road,URB-05297,5297,12.975,77.5904,12.9752,77.5903,31.7,2118.8,2118.832,35.855,Moderate Misalignment,0.7823,0.2056,0.7946,0.014,0.0051,49.6547,49.2075,74.6717,41.7621,27.124,50.3128,95.5358,0.0,55.9733,21.4571,No,0.0,-0.0028,0.0076,Good,High,2.0115,10.0,19.6082,29.2423,Moderate Risk,62.6509,51.4902,40.8264,Moderate Misalignment,73.5937,54.9179,Side Impact Potential,Urban,3.1357,False,Mixed,Above Human Tolerance Limit,-0.016,,False,63.706,-0.0105,-0.0056,Moderate Misalignment,50,Unnamed Road,3602
5298,Unnamed Road,Urban Road,URB-05298,5298,12.975,77.5902,12.9752,77.5903,30.3,2119.2,2119.23,9.8227,Aligned,0.9889,0.9417,-0.0141,0.0043,-0.0088,20.0042,18.7409,29.8994,0.0,15.2338,50.664,78.8403,0.1511,21.974,6.6963,No,0.0,0.0019,0.0119,Poor,Low,1.4191,10.0,10.0,20.3825,Safe,69.9596,18.2192,18.5796,Aligned,18.7733,37.3497,Side Impact Potential,Rural,2.2129,False,Residential,Active Congestion | Poor Infrastructure,0.6317,Severe,False,10.0,-0.005,-0.0064,Aligned,19,Unnamed Road,3603
5299,Unnamed Road,Urban Road,URB-05299,5299,12.975,77.5904,12.975,77.5902,32.3,2119.6,2119.632,98.4035,Critical Misalignment,0.9726,0.0165,0.0316,0.0059,0.9892,27.4015,27.1781,77.3547,53.7521,54.2925,30.0059,90.4194,4.8176,57.3683,65.2665,No,0.0,-0.0042,1.0685,Good,Medium,2.2562,10.0,24.4519,51.0414,High Risk,42.4659,28.5809,78.8203,Critical Misalignment,76.1975,65.0466,Significant Pedestrian Interaction,Urban,1.7873,True,Mixed,Speed Limit Misaligned | High Pedestrian Interaction | Above Human Tolerance Limit,-0.0064,,False,66.6105,1.0058,-0.0008,Critical Misalignment,27,Unnamed Road,3604
5300,Unnamed Road,Urban Road,URB-05300,5300,12.9747,77.591,12.9748,77.5908,24.4,2120.0,2120.024,38.2249,Moderate Misalignment,0.9621,0.0455,1.0018,0.0105,0.0026,80.1995,80.9318,96.7898,36.6078,28.1978,80.1432,11.2233,0.0495,60.0,20.1186,No,0.0,-0.0071,-0.0142,Poor,Medium,0.3842,10.0,10.0097,30.6872,Moderate Risk,60.3032,80.2326,45.9795,Moderate Misalignment,96.3272,48.7296,Separated Traffic,Peri-Urban,7.9008,True,Commercial,Active Congestion | Above Human Tolerance Limit,0.8019,Severe,False,21.8501,-0.0063,-0.0016,Moderate Misalignment,79,Unnamed Road,3605
5301,Unnamed Road,Urban Road,URB-05301,5301,12.9748,77.5908,12.975,77.5904,48.8,2120.4,2120.449,18.4576,Aligned,0.8252,0.8039,0.183,0.0203,-0.01,38.4147,38.5945,25.7801,9.0716,12.8215,48.9903,94.0303,0.0,30.2599,6.1349,No,0.0,0.0073,-0.0206,Good,Medium,2.0876,10.0,26.7406,21.6003,Safe,67.7607,38.0917,24.1178,Aligned,39.204,31.5504,Side Impact Potential,Rural,1.0458,False,Residential,Poor Infrastructure,0.0147,,False,32.9024,0.0133,-0.0118,Aligned,40,Unnamed Road,3606
5302,Unnamed Road,Urban Road,URB-05302,5302,12.976,77.5914,12.9748,77.5908,194.4,2120.8,2120.994,16.944,Aligned,0.7603,0.7759,0.1904,0.0189,0.0015,49.6889,49.1105,99.6135,19.575,32.5646,80.3617,64.106,0.0,60.0,28.8013,No,0.0,0.0067,1.0174,Good,Low,0.4741,10.0,10.1383,25.3215,Safe,71.885,48.168,21.4823,Aligned,47.7398,61.0414,Separated Traffic,Urban,6.9088,True,Mixed,Poor Infrastructure,0.1881,Light,False,36.5191,0.0099,-0.0088,Aligned,50,Unnamed Road,3607
5303,Unnamed Road,Urban Road,URB-05303,5303,12.9772,77.5913,12.9778,77.5908,86.4,2121.2,2121.286,11.626,Aligned,0.9705,1.0058,0.0237,0.0088,0.0017,16.0264,20.8003,28.2715,21.0952,33.0644,30.3817,86.5725,0.0268,20.0,31.0471,No,0.0,0.0,1.0053,Poor,High,3.7834,10.0,10.1055,25.5571,Moderate Risk,70.881,12.9069,23.6773,Aligned,17.6736,59.1935,Significant Pedestrian Interaction,Peri-Urban,1.9019,False,Mixed,High Pedestrian Interaction | Poor Infrastructure,0.1853,Light,False,14.168,0.0029,0.0069,Aligned,17,Unnamed Road,3608
5304,Unnamed Road,Urban Road,URB-05304,5304,12.9766,77.5992,12.9768,77.5984,96.4,2121.6,2121.696,9.5003,Aligned,0.9466,0.9166,0.0939,0.0003,0.0116,20.2782,21.15,51.4977,20.1241,21.3677,49.3218,74.325,0.0,28.7633,16.6952,No,0.0,0.0001,0.1197,Good,Low,0.5695,10.0,10.2305,20.0925,Safe,74.1388,18.6914,17.3155,Aligned,17.3356,37.9984,Side Impact Potential,Rural,3.236,False,Industrial,Poor Infrastructure,0.2049,Light,False,15.62,0.0084,0.0139,Aligned,22,Unnamed Road,3609
5305,Unnamed Road,Urban Road,URB-05305,5305,12.9768,77.5984,12.9762,77.5946,440.7,2122.0,2122.441,10.7599,Aligned,0.971,0.9573,0.011,0.0024,0.0101,33.6687,35.0496,80.068,14.8986,29.207,50.1649,71.9431,0.236,48.3406,22.6078,No,0.0,0.003,-0.0867,Poor,Low,1.592,10.0,10.0902,23.9001,Safe,70.6734,38.1467,21.9314,Aligned,37.5929,58.7864,Side Impact Potential,Urban,5.9078,False,Commercial,Poor Infrastructure,-0.0085,,False,29.6205,0.0045,-0.0137,Aligned,34,Unnamed Road,3610
5306,Unnamed Road,Urban Road,URB-05306,5306,12.9724,77.5938,12.9747,77.591,405.4,2122.4,2122.805,27.0928,Moderate Misalignment,0.6438,0.3209,0.6501,0.0031,0.0067,48.3801,51.4871,74.0542,7.6222,19.904,48.4813,92.5987,0.0,39.6285,5.4163,No,0.0,-0.0015,-0.0232,Poor,Medium,1.5293,10.0,23.9785,26.8273,Moderate Risk,63.8272,50.3782,29.2335,Moderate Misalignment,47.7016,61.445,Side Impact Potential,Urban,3.9996,False,Mixed,Poor Infrastructure,0.1995,Light,False,35.8161,-0.0008,0.0013,Moderate Misalignment,52,Unnamed Road,3611
5307,Unnamed Road,Urban Road,URB-05307,5307,12.9722,77.594,12.9724,77.5938,44.6,2122.8,2122.845,10.7481,Aligned,0.969,0.9736,0.0203,-0.0184,0.011,24.3324,28.1311,50.3438,8.6292,27.459,50.1737,84.4116,0.0,31.3784,16.4609,No,0.0,-0.0032,0.0291,Good,Low,3.6244,10.0,10.0,24.3443,Safe,69.2514,26.3464,21.1839,Aligned,28.5975,64.7664,Side Impact Potential,Urban,2.9886,False,Commercial,Poor Infrastructure,0.1967,Light,False,19.1121,0.0075,0.0051,Aligned,25,Unnamed Road,3612
5308,Unnamed Road,Urban Road,URB-05308,5308,12.9505,77.6411,12.9493,77.6422,181.8,2123.2,2123.382,37.4496,Moderate Misalignment,0.8798,0.1013,0.9026,0.0119,0.0109,48.869,49.3017,71.9037,29.1638,28.4324,51.2236,97.983,0.0,59.8758,16.2003,No,0.0,-0.0091,0.0124,Good,Low,1.4149,10.0,10.0,20.9709,Safe,74.2164,50.3364,18.1704,Aligned,49.0931,65.9521,Side Impact Potential,Urban,2.7793,False,Mixed,Poor Infrastructure,0.0118,,False,47.7153,0.0231,-0.0062,Moderate Misalignment,51,Unnamed Road,3613
5309,Unnamed Road,Urban Road,URB-05309,5309,12.9493,77.6422,12.9505,77.6424,137.8,2123.6,2123.738,9.698,Aligned,0.9755,0.9973,0.0246,-0.0103,-0.0016,25.2987,24.1301,32.959,0.0,11.9291,50.62,84.561,0.0,31.0863,2.3848,No,0.0,-0.0089,-0.025,Poor,Medium,2.3779,10.0,10.0,20.0487,Safe,70.9157,23.9969,17.0197,Aligned,25.4829,38.3761,Side Impact Potential,Rural,0.9526,False,Residential,Poor Infrastructure,-0.0003,,False,25.0423,-0.0056,-0.0055,Aligned,25,Unnamed Road,3614
5310,Unnamed Road,Urban Road,URB-05310,5310,12.9493,77.6422,12.9486,77.643,116.1,2124.0,2124.116,15.7107,Aligned,0.8465,0.8302,0.1419,0.011,0.0041,31.8073,31.897,31.5816,13.4427,21.3234,49.465,100.0,0.0,28.1354,11.6643,No,0.0,-0.0046,-0.0482,Good,Medium,2.6467,10.0,10.0,22.4641,Safe,69.5256,34.3827,20.7999,Aligned,33.9958,49.0729,Side Impact Potential,Peri-Urban,2.105,False,Residential,Poor Infrastructure,-0.0006,,False,31.5255,-0.0132,0.0003,Aligned,33,Unnamed Road,3615
5311,Unnamed Road,Urban Road,URB-05311,5311,12.9504,77.6408,12.9506,77.6407,27.8,2124.4,2124.428,17.6055,Aligned,0.7146,0.7163,0.2373,0.0149,0.0001,36.249,34.4342,76.451,17.7557,29.4521,49.0249,91.7376,0.0183,39.993,13.8152,No,0.0,-0.0062,0.0078,Good,Medium,2.2001,10.0,10.1135,23.0094,Safe,71.2585,37.1637,21.755,Aligned,36.2409,65.6359,Side Impact Potential,Urban,5.2762,False,Commercial,Poor Infrastructure,0.0197,,False,32.8832,-0.0001,0.009,Aligned,36,Unnamed Road,3616
5312,Unnamed Road,Urban Road,URB-05312,5312,12.9509,77.6408,12.9506,77.6407,42.1,2124.8,2124.842,11.008,Aligned,0.9781,0.9964,0.0211,0.0015,-0.0009,43.6185,42.467,71.9767,30.5111,34.594,50.3224,86.9554,0.0654,49.8558,36.0498,No,0.0,0.0002,1.972,Poor,Low,1.8869,10.0,10.0,24.8068,Safe,73.751,47.0031,21.376,Aligned,46.8598,61.5348,Side Impact Potential,Urban,3.0032,False,Residential,Poor Infrastructure,-0.0262,,False,43.3686,0.006,-0.0123,Aligned,43,Unnamed Road,3617
5313,Unnamed Road,Urban Road,URB-05313,5313,12.9506,77.6407,12.9514,77.6398,142.5,2125.2,2125.343,27.6485,Moderate Misalignment,0.4811,0.493,0.4704,0.0125,-0.0012,59.3981,58.7146,100.0,10.4181,13.7872,78.7822,90.0227,0.0,60.0,3.2992,No,0.0,-0.0031,0.0406,Poor,Medium,0.2234,10.0,10.0,19.0982,Safe,72.3176,58.028,15.4832,Aligned,55.7625,41.1583,Separated Traffic,Rural,3.9203,True,Industrial,Poor Infrastructure,-0.0074,,False,53.4604,-0.0072,-0.0035,Moderate Misalignment,58,Unnamed Road,3618
5314,Unnamed Road,Urban Road,URB-05314,5314,12.9487,77.6449,12.9496,77.6453,117.9,2125.6,2125.718,13.2165,Aligned,0.8615,0.8522,0.1152,0.0147,-0.0022,43.1792,45.742,51.6493,32.7698,31.0408,49.5012,93.894,0.1122,41.2821,26.3366,No,0.0,0.0001,0.0172,Good,Medium,2.3639,10.0,10.0,24.4801,Safe,71.6924,45.2775,23.787,Aligned,42.8575,54.3558,Side Impact Potential,Peri-Urban,2.1382,False,Mixed,Poor Infrastructure,-0.0052,,False,36.6082,-0.0037,-0.004,Aligned,43,Unnamed Road,3619
5315,Unnamed Road,Urban Road,URB-05315,5315,12.9487,77.6449,12.9482,77.6449,70.9,2126.0,2126.071,20.0902,Aligned,0.7947,0.8156,0.1219,0.0873,-0.0068,57.5071,59.4656,100.0,49.2522,31.2704,80.3436,45.4813,0.1326,60.0,21.3064,No,0.0,-0.0115,-0.0009,Good,Medium,0.5162,10.0,10.1968,19.5509,Safe,79.7301,57.8967,17.5066,Aligned,56.2642,68.2433,Separated Traffic,Urban,6.2282,True,Mixed,Meets Safe System Standards,0.1712,Light,False,43.5609,-0.0081,0.0051,Aligned,60,Unnamed Road,3620
5316,Unnamed Road,Urban Road,URB-05316,5316,12.9489,77.6432,12.9486,77.643,50.3,2126.4,2126.45,29.4236,Moderate Misalignment,0.5552,0.4426,0.5383,0.0391,0.0034,77.6442,78.7752,97.8974,11.8995,15.7368,78.6397,55.4602,0.0,59.9376,9.187,No,0.0,-0.0119,0.0477,Poor,Low,0.0388,10.0,10.0,25.5378,Moderate Risk,63.2311,79.198,30.1925,Moderate Misalignment,78.5336,35.4902,Separated Traffic,Rural,3.7492,True,Industrial,Poor Infrastructure | Above Human Tolerance Limit,0.1553,Light,False,61.001,-0.0124,-0.0036,Moderate Misalignment,78,Unnamed Road,3621
5317,Unnamed Road,Urban Road,URB-05317,5317,12.9489,77.6432,12.9506,77.6438,196.5,2126.8,2126.997,9.9237,Aligned,0.9552,0.9202,0.0622,-0.0009,-0.009,37.8688,39.6503,84.0366,27.9061,43.8291,50.4884,72.5537,0.7297,49.7016,45.556,No,0.0,0.0029,0.9856,Poor,Low,1.8593,10.0,10.0,27.3049,Moderate Risk,70.6489,38.4819,24.1117,Aligned,39.3208,66.6109,Side Impact Potential,Urban,4.9362,True,Residential,Poor Infrastructure,0.1233,Light,False,31.153,0.0067,-0.0067,Aligned,42,Unnamed Road,3622
5318,Unnamed Road,Urban Road,URB-05318,5318,12.9486,77.643,12.9504,77.6408,312.9,2127.2,2127.513,12.923,Aligned,0.9208,0.9199,0.0624,0.0005,0.0103,60.3549,61.1899,99.7565,0.6306,12.6681,78.7027,66.5328,0.3266,60.0,1.3122,No,0.0,-0.0024,0.0638,Poor,Medium,0.2091,10.0,10.0,20.019,Safe,69.4471,61.67,17.7973,Aligned,63.259,42.0771,Separated Traffic,Rural,7.9088,True,Residential,Poor Infrastructure,0.1763,Light,False,48.8768,-0.0022,0.0057,Aligned,59,Unnamed Road,3623
5319,Unnamed Road,Urban Road,URB-05319,5319,12.9505,77.6411,12.9504,77.6408,26.0,2127.6,2127.626,10.5182,Aligned,0.9688,0.9774,0.0306,-0.006,-0.0012,22.9122,19.5876,49.5911,8.9347,22.2144,51.04,82.7026,0.2385,30.4078,13.8943,No,0.0,-0.0101,0.0097,Poor,High,2.4149,10.0,10.0,22.6314,Safe,69.6938,18.5696,19.5614,Aligned,20.0324,49.1587,Side Impact Potential,Peri-Urban,3.055,False,Industrial,Poor Infrastructure,-0.0002,,False,18.6041,-0.0198,-0.0003,Aligned,22,Unnamed Road,3624