segment_id,road_name,road_type,human_segment_id,internal_id,start_lat,start_lon,end_lat,end_lon,length_m,start_km,end_km,road_risk_score,ai_risk_label,ai_risk_probability,prob_low_risk,prob_medium_risk,prob_high_risk,prob_critical_risk,ai_recommended_speed,recommended_safe_speed,road_function_score,infrastructure_score,exposure_score,human_tolerance_limit,operating_speed_score,crash_risk_score,posted_speed_limit,pedestrian_exposure_score,blackspot_flag,crash_count,fatal_crashes,schools_count,lighting_quality,roadside_hazards,intersection_density,speed_compliance_rate,speed_violation_score,hotspot_score,hotspot_category,speed_safety_score,original_safe_speed,misalignment_score,misalignment_category,speed_p85,ptw_share_pct,exposure_tier,urban_rural_flag,lane_count,median_presence,land_use_type,top_ai_factors,congestion_index,congestion_category,congestion_smoothed,operating_speed_mean,minor_crashes,major_crashes,risk_category,final_safe_speed,corridor_base,corridor_seq
5320,Unnamed Road,Urban Road,URB-05320,5320,12.9477,77.6462,12.948,77.6464,42.8,2128.0,2128.043,13.0181,Aligned,0.9509,1.0046,-0.0171,0.0222,0.01,30.1267,30.8216,51.149,48.0744,45.5599,47.8776,90.3974,0.0,30.3459,48.0338,No,0.0,-0.0052,1.0361,Good,High,3.0263,10.0,10.0,25.1059,Moderate Risk,76.5834,28.8832,20.1545,Aligned,32.8098,68.9899,Side Impact Potential,Urban,3.8047,False,Commercial,Meets Safe System Standards,0.2142,Light,False,23.8943,-0.0069,-0.0016,Aligned,32,Unnamed Road,3625
5321,Unnamed Road,Urban Road,URB-05321,5321,12.9477,77.6462,12.9459,77.6468,274.6,2128.4,2128.675,10.0771,Aligned,0.986,1.0356,0.0116,-0.0109,-0.0061,30.175,33.66,78.5146,37.1641,29.8076,70.8541,77.0158,0.0,59.4501,17.2177,No,0.0,-0.0109,-0.0561,Good,Low,1.4454,10.0,10.0,21.4356,Safe,76.5928,32.2901,17.6481,Aligned,31.7395,63.6362,Separated Traffic,Urban,2.9872,True,Commercial,Meets Safe System Standards,0.1377,Light,False,26.1208,0.0059,0.0064,Aligned,33,Unnamed Road,3626
5322,Unnamed Road,Urban Road,URB-05322,5322,12.9477,77.6462,12.9482,77.6449,153.0,2128.8,2128.953,10.3394,Aligned,0.9637,0.9678,0.0459,0.0163,-0.013,35.2801,35.6412,81.4734,17.5893,30.3778,49.9529,71.1098,0.2057,51.5329,21.507,No,0.0,-0.0026,0.0415,Good,High,1.9138,10.0,10.3376,24.5302,Safe,71.6105,38.1724,20.7181,Aligned,38.9284,63.9801,Side Impact Potential,Urban,1.958,True,Commercial,Poor Infrastructure,0.02,,False,31.172,-0.0016,0.011,Aligned,38,Unnamed Road,3627
5323,Unnamed Road,Urban Road,URB-05323,5323,12.9472,77.6445,12.9459,77.6468,297.9,2129.2,2129.498,38.3364,Moderate Misalignment,0.9905,0.003,0.9841,0.0223,-0.0019,29.8456,29.6674,69.9539,73.2557,60.9764,30.6214,83.3277,0.218,37.314,81.065,No,0.0,0.0002,1.0005,Good,High,2.2521,10.0,10.0,32.9049,Moderate Risk,71.8177,28.4122,38.7437,Moderate Misalignment,38.9997,62.4971,Significant Pedestrian Interaction,Urban,2.0274,False,Residential,High Pedestrian Interaction | Approach to Congestion (Tapered) | Above Human Tolerance Limit,0.1875,Light,True,31.4801,0.0092,-0.0052,Moderate Misalignment,29,Unnamed Road,3628
5324,Unnamed Road,Urban Road,URB-05324,5324,12.9482,77.6449,12.9472,77.6445,124.3,2129.6,2129.724,8.3869,Aligned,0.9938,0.996,0.012,0.0055,0.0168,32.4874,32.0022,70.1994,38.6905,31.4002,53.146,77.2277,0.0193,43.4849,27.9077,No,0.0,0.0066,-0.0411,Poor,High,2.1973,10.0,10.2897,21.1458,Safe,77.3178,32.0092,18.4742,Aligned,31.7667,59.5153,Side Impact Potential,Urban,2.033,False,Residential,Meets Safe System Standards,0.1863,Light,False,23.0202,0.0155,0.0016,Aligned,35,Unnamed Road,3629
5325,Unnamed Road,Urban Road,URB-05325,5325,12.9486,77.643,12.9472,77.6445,223.6,2130.0,2130.224,10.0266,Aligned,0.937,0.9072,0.0493,-0.0022,-0.0029,29.5692,29.8031,77.9533,38.5665,47.0114,49.6798,73.4846,0.113,38.4692,55.2097,No,0.0,0.0015,0.9904,Good,Low,1.6897,10.0,10.1515,27.3704,Moderate Risk,71.7381,29.3775,24.3122,Aligned,29.288,66.0656,Side Impact Potential,Urban,1.9911,True,Residential,Meets Safe System Standards,0.1657,Light,False,23.1707,0.0043,-0.0003,Aligned,28,Unnamed Road,3630
5326,Unnamed Road,Urban Road,URB-05326,5326,12.9506,77.6438,12.9506,77.6447,102.7,2130.4,2130.503,15.0125,Aligned,0.8466,0.8351,0.1141,0.0186,-0.0058,68.9708,61.48,98.3944,0.0,17.2926,79.6985,75.7232,40.2916,60.0,3.2294,Yes,0.0,0.9989,-0.0465,Good,Medium,0.1779,10.0,10.0,31.9738,Moderate Risk,59.9318,69.1823,19.0462,Aligned,70.0183,46.3065,Separated Traffic,Rural,6.0894,True,Residential,Poor Infrastructure,-0.0022,,False,63.7584,-0.0148,0.0047,Aligned,68,Unnamed Road,3631
5327,Unnamed Road,Urban Road,URB-05327,5327,12.9505,77.6424,12.9506,77.6438,178.3,2130.8,2130.978,41.6695,Moderate Misalignment,0.9578,0.0535,0.9546,0.0228,0.0084,30.9783,29.1446,79.84,84.4079,57.4611,31.2036,79.6566,0.0,39.7668,75.0735,No,0.0,-0.0086,2.9312,Good,Medium,2.266,10.0,10.0,30.4905,Moderate Risk,76.2206,29.5653,34.7758,Moderate Misalignment,39.3822,61.6834,Significant Pedestrian Interaction,Urban,2.0407,True,Mixed,High Pedestrian Interaction | Above Human Tolerance Limit,0.2497,Light,False,25.9429,-0.0004,0.0159,Moderate Misalignment,31,Unnamed Road,3632
5328,Unnamed Road,Urban Road,URB-05328,5328,12.9517,77.6399,12.9509,77.6408,140.4,2131.2,2131.34,12.1869,Aligned,0.9132,0.94,0.1231,0.0211,-0.0061,51.5498,51.4981,96.0954,13.8623,20.5722,80.4423,69.2971,0.0412,58.9841,15.547,No,0.0,0.0055,0.9775,Poor,Medium,0.1359,10.0,10.0,21.4982,Safe,72.0249,52.0422,18.7609,Aligned,50.595,42.8496,Separated Traffic,Rural,6.8222,True,Industrial,Poor Infrastructure,0.1846,Light,False,40.6391,0.0108,0.0073,Aligned,52,Unnamed Road,3633
5329,Unnamed Road,Urban Road,URB-05329,5329,12.9509,77.6408,12.9507,77.6414,68.7,2131.6,2131.669,7.8679,Aligned,1.0071,0.9941,0.0508,0.0019,0.0055,23.8723,25.0031,27.859,23.9632,23.0091,48.6614,88.8056,0.1236,29.2282,13.464,No,0.0,0.0016,0.0051,Poor,Medium,2.3291,10.0,10.4025,20.2085,Safe,74.9592,23.4008,18.1571,Aligned,26.7055,52.6568,Side Impact Potential,Peri-Urban,2.0735,False,Industrial,Poor Infrastructure,0.0047,,False,22.6616,0.0201,0.0018,Aligned,26,Unnamed Road,3634
5330,Unnamed Road,Urban Road,URB-05330,5330,12.9509,77.6408,12.9505,77.6411,55.0,2132.0,2132.055,42.4967,Moderate Misalignment,0.7599,0.0712,0.7773,0.1397,0.0072,48.3119,49.1616,100.0,23.6424,21.3118,50.0336,71.2291,0.1432,58.6471,14.2297,No,0.0,-0.0096,0.0166,Poor,Medium,0.3861,10.0,10.146,30.53,Moderate Risk,58.1671,51.2753,43.1858,Moderate Misalignment,68.0228,48.4354,Side Impact Potential,Peri-Urban,7.9703,False,Residential,Poor Infrastructure | Above Human Tolerance Limit,-0.0053,,False,52.5784,0.0058,-0.0061,Moderate Misalignment,50,Unnamed Road,3635
5331,Unnamed Road,Urban Road,URB-05331,5331,12.9507,77.6414,12.9505,77.6424,104.0,2132.4,2132.504,15.0294,Aligned,0.7621,0.7745,0.181,0.0465,0.0046,57.3785,58.5498,96.5482,9.7763,18.9002,82.2889,86.5855,0.0,59.297,8.0408,No,0.0,0.0024,0.0362,Poor,High,0.3855,10.0,10.0,20.3651,Safe,72.5141,59.8869,18.5196,Aligned,57.2917,52.1626,Separated Traffic,Peri-Urban,7.8019,True,Commercial,Poor Infrastructure,0.0143,,False,48.3642,-0.0061,-0.0042,Aligned,54,Unnamed Road,3636
5332,Unnamed Road,Urban Road,URB-05332,5332,12.9507,77.6414,12.9505,77.6411,54.8,2132.8,2132.855,18.6119,Aligned,0.7657,0.7926,0.2311,-0.0063,0.0005,48.8408,48.3372,99.4035,13.7725,14.2374,78.68,58.4579,5.0636,59.953,7.3082,No,0.0,-0.0052,-0.091,Poor,High,0.2584,10.0,10.0,19.9646,Safe,72.4966,49.749,17.0423,Aligned,47.2863,37.413,Separated Traffic,Rural,7.0721,True,Residential,Poor Infrastructure,-0.0053,,False,42.1363,1.0169,-0.0064,Aligned,48,Unnamed Road,3637
5333,Unnamed Road,Urban Road,URB-05333,5333,12.9172,77.5872,12.9172,77.5894,250.3,2133.2,2133.45,13.3295,Aligned,0.9941,0.9597,0.0238,0.004,0.0031,33.6941,35.8336,76.6554,28.9655,42.9018,48.7459,83.613,0.3526,39.9516,45.1174,No,0.0,0.0049,1.0177,Good,High,1.4774,10.0,10.0,26.3207,Moderate Risk,71.9683,32.3245,24.0402,Aligned,33.198,56.6184,Side Impact Potential,Urban,5.0162,False,Industrial,Poor Infrastructure,-0.0089,,False,30.0366,0.0094,0.0103,Aligned,33,Unnamed Road,3638
5334,Unnamed Road,Urban Road,URB-05334,5334,12.9805,77.7068,12.9776,77.7076,572.7,2133.6,2134.173,11.1502,Aligned,0.9797,0.983,0.0359,0.0221,-0.0013,22.3319,21.5732,30.1693,15.3409,18.9747,50.1335,95.1743,0.3687,60.0,12.1621,No,0.0,-0.0018,0.0029,Poor,Low,0.7602,10.0,10.2064,20.4296,Safe,70.8908,22.2877,18.6525,Aligned,21.6831,39.525,Side Impact Potential,Rural,1.8879,False,Residential,Poor Infrastructure,0.176,Light,False,17.5851,0.0,-0.0056,Aligned,23,Unnamed Road,3639
5335,Unnamed Road,Urban Road,URB-05335,5335,13.021,77.5441,13.0208,77.5455,146.7,2134.0,2134.147,12.487,Aligned,0.9056,0.8919,0.0619,0.0242,0.0019,47.3089,46.896,98.4645,31.1005,25.0466,79.6112,69.6101,0.0,60.0,18.7076,No,0.0,0.0,-0.0086,Good,Medium,0.0845,10.0,10.0228,18.8968,Safe,76.897,46.9608,18.0267,Aligned,47.9075,45.2601,Separated Traffic,Rural,8.0412,True,Residential,Poor Infrastructure,-0.0121,,False,40.3166,-0.0193,-0.0045,Aligned,46,Unnamed Road,3640
5336,Unnamed Road,Urban Road,URB-05336,5336,13.0206,77.5458,13.0208,77.5455,51.6,2134.4,2134.452,43.2566,Moderate Misalignment,0.9229,-0.005,0.94,0.0723,-0.0081,27.0117,30.2095,73.6531,62.3402,54.0897,29.7007,51.6292,0.1971,59.74,65.7049,No,0.0,0.003,2.009,Good,Medium,2.056,10.0,10.2974,36.5847,Moderate Risk,63.9471,30.563,49.5912,Moderate Misalignment,47.5758,67.8023,Significant Pedestrian Interaction,Urban,3.9777,False,Industrial,High Pedestrian Interaction | Active Congestion | Above Human Tolerance Limit,0.5856,Severe,False,18.1403,0.0007,0.0094,Moderate Misalignment,29,Unnamed Road,3641
5337,Unnamed Road,Urban Road,URB-05337,5337,13.0208,77.5455,13.0215,77.5454,77.9,2134.8,2134.878,9.2089,Aligned,0.9889,0.9731,-0.0314,-0.0167,0.0087,40.0504,41.8016,28.6228,18.3254,20.0379,49.8065,89.8769,0.0,41.0887,8.9927,No,0.0,-0.0037,-0.0339,Good,High,3.2205,10.0,10.1423,20.4373,Safe,73.3629,42.5022,18.552,Aligned,41.0771,51.9981,Side Impact Potential,Peri-Urban,1.9265,False,Residential,Poor Infrastructure,-0.0147,,False,31.8679,0.0144,0.0012,Aligned,41,Unnamed Road,3642
5338,Unnamed Road,Urban Road,URB-05338,5338,13.0207,77.5489,13.021,77.5478,122.3,2135.2,2135.322,13.2958,Aligned,0.9051,0.9048,0.0776,0.0041,0.0009,41.7542,39.2503,51.8015,17.5976,29.1853,50.4258,91.3512,0.0,38.1457,20.3055,No,0.0,0.002,-0.0331,Poor,Low,1.602,10.0,10.0,23.2893,Safe,71.9731,42.0889,21.4809,Aligned,36.2011,60.5758,Side Impact Potential,Peri-Urban,2.9632,False,Residential,Poor Infrastructure,-0.0207,,False,31.9033,-0.014,0.0044,Aligned,41,Unnamed Road,3643
5339,Unnamed Road,Urban Road,URB-05339,5339,13.0207,77.5489,13.0213,77.549,66.3,2135.6,2135.666,12.52,Aligned,0.8925,0.9275,0.1146,0.0015,0.007,21.9486,20.1331,39.1982,0.0055,11.5717,70.4847,96.4869,0.0225,20.0,1.3128,No,0.0,-0.0099,-0.0376,Poor,Medium,0.8507,10.0,10.3984,19.0684,Safe,70.5867,21.3458,17.4998,Aligned,23.1127,38.0705,Separated Traffic,Rural,2.3719,True,Residential,Poor Infrastructure,-0.0,,False,16.5654,0.0047,-0.0011,Aligned,20,Unnamed Road,3644
5340,Unnamed Road,Urban Road,URB-05340,5340,13.0204,77.5475,13.021,77.5478,73.2,2136.0,2136.073,22.7768,Aligned,0.6113,0.6056,0.3721,0.0082,-0.0055,29.797,29.6993,49.3286,40.5668,38.2119,31.1062,96.5747,0.0,31.8896,37.0869,No,0.0,-0.0015,0.9669,Good,Low,2.5987,10.0,10.0,23.9391,Safe,75.8517,29.0431,22.4311,Aligned,31.8456,61.7034,Significant Pedestrian Interaction,Urban,1.9186,False,Industrial,High Pedestrian Interaction,-0.0031,,False,25.2271,-0.013,-0.0147,Aligned,30,Unnamed Road,3645
5341,Unnamed Road,Urban Road,URB-05341,5341,13.0212,77.5469,13.021,77.5478,109.7,2136.4,2136.51,12.487,Aligned,0.9606,0.9353,0.0129,0.0057,0.0062,32.3712,29.8025,67.2581,54.6846,38.476,50.7557,77.1883,0.0764,40.0676,34.0138,No,0.0,-0.0039,-0.0676,Good,Low,1.5667,10.0,10.1202,21.5055,Safe,79.5301,27.5717,19.5259,Aligned,29.2891,62.6397,Side Impact Potential,Urban,2.0095,False,Mixed,Meets Safe System Standards,-0.0205,,False,23.8808,-0.0037,0.0047,Aligned,33,Unnamed Road,3646
5342,Unnamed Road,Urban Road,URB-05342,5342,13.0206,77.5458,13.0209,77.5459,36.4,2136.8,2136.836,10.9366,Aligned,0.9655,0.9451,0.0734,0.0193,0.0012,27.8137,26.3443,82.2382,0.0,21.4759,49.6234,70.1891,0.0,39.62,6.6233,No,0.0,-0.0007,0.0199,Poor,Medium,1.6773,10.0,10.1462,23.5346,Safe,68.0332,25.3151,18.6464,Aligned,29.3598,55.6163,Side Impact Potential,Urban,2.9297,True,Residential,Poor Infrastructure,0.16,Light,False,21.2851,-0.0014,-0.007,Aligned,28,Unnamed Road,3647
5343,Unnamed Road,Urban Road,URB-05343,5343,13.0212,77.5469,13.0218,77.547,67.8,2137.2,2137.268,26.4049,Aligned,0.5954,0.6296,0.4012,0.0169,0.0073,40.5898,43.1903,85.5504,27.0488,24.3211,49.6199,92.207,0.0,39.2392,11.6713,No,0.0,0.0069,-0.0247,Good,Low,1.9382,10.0,10.0,22.7095,Safe,73.0328,44.2299,19.0311,Aligned,40.2241,63.1686,Side Impact Potential,Urban,4.7962,True,Residential,Poor Infrastructure,0.0027,,False,34.9011,0.0002,-0.0076,Aligned,42,Unnamed Road,3648
5344,Unnamed Road,Urban Road,URB-05344,5344,13.0212,77.5469,13.0213,77.5464,58.4,2137.6,2137.658,11.271,Aligned,0.976,1.0096,0.0099,-0.0116,0.0063,24.9016,24.9699,26.8128,10.0917,19.7514,50.3647,97.0738,0.0,59.6057,13.4709,No,0.0,0.0037,0.0841,Poor,High,1.1235,10.0,30.9994,23.0692,Safe,67.1972,22.7333,24.9433,Aligned,27.9888,37.7256,Side Impact Potential,Rural,0.899,False,Residential,Poor Infrastructure,0.1767,Light,False,20.1312,-0.0053,0.0156,Aligned,25,Unnamed Road,3649
5345,Unnamed Road,Urban Road,URB-05345,5345,13.0212,77.5469,13.0207,77.5467,60.2,2138.0,2138.06,14.425,Aligned,0.8995,0.9526,0.0764,0.012,0.0031,19.2514,21.2717,29.4234,15.4978,28.89,28.7922,93.7159,0.114,20.0,27.9014,No,0.0,0.0046,1.029,Poor,Low,2.6733,10.0,10.0,24.3949,Safe,69.5304,19.4099,20.8687,Aligned,20.0712,49.1947,Significant Pedestrian Interaction,Peri-Urban,1.9914,False,Commercial,High Pedestrian Interaction | Poor Infrastructure,-0.0024,,False,14.9831,0.0008,-0.0049,Aligned,20,Unnamed Road,3650
5346,Unnamed Road,Urban Road,URB-05346,5346,13.0213,77.549,13.0218,77.547,225.6,2138.4,2138.626,15.4907,Aligned,0.8232,0.8299,0.2237,-0.0127,0.0036,33.2205,30.2883,59.9736,39.8502,36.3466,50.3146,93.6527,0.1219,28.4225,30.2563,No,0.0,0.0003,1.0011,Good,Low,3.179,10.0,10.5077,23.9046,Safe,74.8985,30.592,22.9323,Aligned,31.3461,67.6321,Side Impact Potential,Urban,2.9009,True,Residential,Meets Safe System Standards,0.1719,Light,False,22.577,-0.0015,-0.0027,Aligned,32,Unnamed Road,3651
5347,Unnamed Road,Urban Road,URB-05347,5347,13.0218,77.5465,13.0218,77.547,55.4,2138.8,2138.855,32.194,Moderate Misalignment,0.787,0.2023,0.8245,0.0218,0.0076,51.4501,50.8201,50.1359,33.9294,44.9061,51.1295,94.958,0.1038,40.0339,49.907,No,0.0,0.0027,0.9794,Good,Medium,2.0318,10.0,29.4872,32.9498,Moderate Risk,64.0573,47.0957,37.9187,Moderate Misalignment,54.2648,61.9319,Side Impact Potential,Peri-Urban,2.1908,False,Residential,Poor Infrastructure,-0.0211,,False,43.4842,0.0008,0.011,Moderate Misalignment,51,Unnamed Road,3652
5348,Unnamed Road,Urban Road,URB-05348,5348,13.0224,77.5471,13.0218,77.547,60.3,2139.2,2139.26,12.8446,Aligned,0.915,0.9477,0.0943,0.0001,-0.0043,27.2036,26.1952,52.3177,57.3294,47.9321,51.7152,87.3932,0.1275,39.5794,55.9456,No,0.0,-0.0072,0.9928,Good,Low,3.4748,10.0,10.0,24.5982,Safe,78.7828,25.3378,21.5438,Aligned,23.9837,59.3231,Side Impact Potential,Urban,3.0858,False,Residential,Meets Safe System Standards,-0.0114,,False,19.4478,-0.001,-0.0088,Aligned,26,Unnamed Road,3653
5349,Unnamed Road,Urban Road,URB-05349,5349,13.0218,77.549,13.0213,77.549,61.3,2139.6,2139.661,15.0465,Aligned,0.8308,0.8448,0.1301,0.0103,0.0145,79.4336,79.6058,100.0,19.948,27.0856,80.2406,72.9954,0.6036,60.0,16.7048,No,0.0,0.0019,0.0308,Good,Low,0.3892,10.0,10.3385,27.8566,Moderate Risk,64.3562,77.9074,34.5813,Moderate Misalignment,86.0653,64.2377,Separated Traffic,Urban,6.2356,True,Mixed,Poor Infrastructure | Above Human Tolerance Limit,0.0144,,False,73.8108,0.0157,-0.0213,Aligned,81,Unnamed Road,3654
5350,Unnamed Road,Urban Road,URB-05350,5350,13.0223,77.5491,13.0218,77.549,59.4,2140.0,2140.059,38.4963,Moderate Misalignment,0.969,0.0555,0.9766,0.0057,0.0015,81.0406,79.5957,99.0552,0.0,13.7234,80.0467,92.0134,0.0,59.6649,5.689,No,0.0,-0.0088,-0.0379,Poor,Medium,0.2291,10.0,30.281,31.2933,Moderate Risk,54.1188,78.0757,42.8362,Moderate Misalignment,104.1183,35.2022,Separated Traffic,Rural,8.22,True,Residential,Poor Infrastructure,-0.0077,,False,84.1267,0.015,-0.0038,Moderate Misalignment,81,Unnamed Road,3655
5351,Unnamed Road,Urban Road,URB-05351,5351,13.0218,77.549,13.0222,77.5478,144.0,2140.4,2140.544,10.808,Aligned,0.9303,0.9158,0.0794,0.0068,0.012,52.56,53.1889,96.9859,15.7869,20.6982,80.3642,70.965,0.2632,60.0,17.1785,No,0.0,0.007,1.0061,Poor,Medium,0.1986,10.0,10.0,21.6393,Safe,71.5989,51.275,17.9544,Aligned,51.3644,44.2038,Separated Traffic,Rural,6.7764,True,Industrial,Poor Infrastructure,0.1624,Light,False,39.272,0.0119,0.0042,Aligned,53,Unnamed Road,3656
5352,Unnamed Road,Urban Road,URB-05352,5352,13.0222,77.5478,13.0228,77.5482,86.3,2140.8,2140.886,18.4637,Aligned,0.8018,0.796,0.1189,0.0532,0.0032,58.9145,54.6444,99.462,49.6284,30.4431,80.6128,48.5979,0.0,60.0,19.2559,No,0.0,0.0009,-0.0057,Good,Medium,0.5842,10.0,10.0,19.8556,Safe,80.268,56.0542,17.9213,Aligned,57.642,67.5389,Separated Traffic,Urban,5.877,True,Mixed,Meets Safe System Standards,0.1495,Light,False,44.7143,0.0012,-0.0033,Aligned,57,Unnamed Road,3657
5353,Unnamed Road,Urban Road,URB-05353,5353,13.0207,77.5467,13.0204,77.5475,103.3,2141.2,2141.303,43.5651,Moderate Misalignment,0.923,0.0292,0.9569,0.0732,-0.009,28.2114,29.576,73.2889,60.9334,53.2854,29.6756,51.5772,0.315,60.0,64.3694,No,0.0,-0.0005,1.976,Good,Medium,2.0351,10.0,10.0,36.48,Moderate Risk,63.9799,29.8876,48.6179,Moderate Misalignment,45.5952,67.7883,Significant Pedestrian Interaction,Urban,3.9509,False,Industrial,High Pedestrian Interaction | Active Congestion | Above Human Tolerance Limit,0.5751,Severe,False,17.3842,-0.0018,-0.0027,Moderate Misalignment,30,Unnamed Road,3658
5354,Unnamed Road,Urban Road,URB-05354,5354,13.0209,77.5459,13.0207,77.5467,92.0,2141.6,2141.692,11.982,Aligned,0.9511,0.9149,0.0369,-0.0054,0.009,37.0042,37.3932,78.7796,10.6542,20.9197,50.9097,67.8826,0.0,49.4202,8.4617,No,0.0,0.0006,-0.0391,Good,Low,1.8789,10.0,10.0892,21.7668,Safe,70.3649,36.7275,19.1614,Aligned,39.717,61.7098,Side Impact Potential,Urban,4.6628,False,Residential,Poor Infrastructure,0.2263,Light,False,28.8489,-0.0068,-0.0001,Aligned,37,Unnamed Road,3659
5355,Unnamed Road,Urban Road,URB-05355,5355,13.0214,77.546,13.0209,77.5459,55.1,2142.0,2142.055,12.427,Aligned,0.9125,0.9306,0.0556,-0.0011,0.0088,50.6596,49.5893,100.0,9.672,20.6166,79.384,68.3031,0.6865,58.6768,12.081,No,0.0,-0.0022,0.0235,Poor,Low,0.1864,10.0,10.0462,20.1153,Safe,71.1597,50.8757,18.4801,Aligned,50.6731,36.0617,Separated Traffic,Rural,7.0217,True,Residential,Poor Infrastructure,0.1713,Light,False,37.5937,-0.0117,-0.0142,Aligned,50,Unnamed Road,3660
5356,Unnamed Road,Urban Road,URB-05356,5356,13.0215,77.5454,13.0216,77.5444,106.6,2142.4,2142.507,13.5352,Aligned,0.9592,0.9387,0.0167,-0.0071,0.0044,16.9404,19.3528,30.3817,13.6246,23.9968,52.8694,89.5547,0.0,39.2561,23.26,No,0.0,-0.0084,0.9937,Poor,Low,1.6789,10.0,10.1933,23.29,Safe,69.9965,16.8515,20.4632,Aligned,15.594,41.0195,Side Impact Potential,Rural,1.9166,False,Residential,Poor Infrastructure,0.1524,Light,False,13.1697,0.012,-0.0018,Aligned,18,Unnamed Road,3661
5357,Unnamed Road,Urban Road,URB-05357,5357,13.0217,77.5454,13.0215,77.5454,21.4,2142.8,2142.821,27.9577,Moderate Misalignment,0.6022,0.4529,0.6065,-0.0007,0.0089,27.5458,29.7147,53.3442,32.4037,37.2579,51.8248,93.9183,0.2719,31.5678,32.1763,No,0.0,-0.0026,0.9421,Good,Medium,2.7315,10.0,10.0,23.9181,Safe,73.1255,31.2994,20.9101,Aligned,29.4386,61.799,Side Impact Potential,Urban,3.7968,False,Mixed,Poor Infrastructure,-0.0128,,False,25.9966,0.0108,0.0072,Moderate Misalignment,26,Unnamed Road,3662
5358,Unnamed Road,Urban Road,URB-05358,5358,13.0225,77.5453,13.0217,77.5454,89.8,2143.2,2143.29,32.9117,Moderate Misalignment,0.74,0.2215,0.6843,0.0219,-0.0052,53.3083,51.9819,53.6337,40.3747,35.7402,50.255,95.9062,0.2572,40.3108,29.599,No,0.0,-0.008,0.0696,Good,High,3.3573,10.0,25.5988,27.2515,Moderate Risk,69.8007,49.9437,31.8816,Moderate Misalignment,52.4491,61.4415,Side Impact Potential,Urban,4.0035,False,Commercial,Meets Safe System Standards,0.0039,,False,39.0527,0.0099,0.0003,Moderate Misalignment,54,Unnamed Road,3663
5359,Unnamed Road,Urban Road,URB-05359,5359,13.0225,77.5453,13.0227,77.5449,53.8,2143.6,2143.654,72.7475,High Misalignment,0.9292,0.0132,0.0599,0.9277,0.0043,29.8587,29.5973,89.3814,44.6463,53.1411,28.5115,92.3136,0.2547,51.4156,59.9102,No,0.0,-0.0018,1.0132,Good,Medium,1.7822,10.0,11.0097,41.2419,Moderate Risk,54.7913,30.1505,56.5212,High Misalignment,57.059,63.8559,Significant Pedestrian Interaction,Urban,6.009,True,Commercial,Speed Limit Misaligned | High Pedestrian Interaction | Above Human Tolerance Limit,0.1542,Light,False,44.8838,-0.0001,-0.0046,High Misalignment,30,Unnamed Road,3664
5360,Unnamed Road,Urban Road,URB-05360,5360,13.0225,77.5453,13.0221,77.5459,83.4,2144.0,2144.083,11.6637,Aligned,0.9633,0.9703,-0.0084,0.0046,-0.003,28.9328,28.8674,54.9644,54.8669,37.5232,48.8071,77.1099,0.0,40.0364,36.729,No,0.0,0.009,0.0817,Good,Low,2.5164,10.0,10.0,21.2751,Safe,79.7445,30.9979,20.553,Aligned,29.5139,58.6366,Side Impact Potential,Peri-Urban,3.7894,False,Industrial,Meets Safe System Standards,0.1475,Light,False,23.1361,-0.0103,-0.0065,Aligned,29,Unnamed Road,3665
5361,Unnamed Road,Urban Road,URB-05361,5361,13.0218,77.5445,13.0217,77.5454,96.5,2144.4,2144.497,9.0783,Aligned,0.9459,0.9184,0.0507,-0.0108,0.0021,28.6638,28.973,52.4395,9.1159,22.8028,48.3413,88.3427,0.0745,30.6949,8.4883,No,0.0,-0.0012,0.0383,Good,Medium,3.6865,10.0,10.1198,22.2318,Safe,70.2089,26.369,18.8523,Aligned,27.4306,62.9005,Side Impact Potential,Urban,2.0436,False,Residential,Poor Infrastructure,0.1361,Light,False,25.7506,0.009,-0.0042,Aligned,30,Unnamed Road,3666
5362,Unnamed Road,Urban Road,URB-05362,5362,13.0221,77.5459,13.0214,77.546,76.5,2144.8,2144.877,10.4512,Aligned,0.9307,0.9598,0.0526,0.0034,-0.0003,29.5103,29.0467,54.957,48.7866,27.9262,52.9795,93.4479,0.4265,30.4115,22.7852,No,0.0,-0.0052,0.0164,Poor,High,3.2601,10.0,10.1453,18.8602,Safe,80.4214,26.9004,14.7629,Aligned,27.824,55.2237,Side Impact Potential,Urban,3.9039,False,Industrial,Meets Safe System Standards,-0.0029,,False,23.3755,0.0061,-0.0065,Aligned,28,Unnamed Road,3667
5363,Unnamed Road,Urban Road,URB-05363,5363,13.0221,77.5459,13.0218,77.5465,71.7,2145.2,2145.272,12.9625,Aligned,0.9317,0.991,0.0392,0.0209,0.0059,76.1079,74.3303,99.4455,6.0276,22.0851,80.6876,68.0132,0.0359,60.0,12.6851,No,0.0,0.0016,-0.0103,Poor,Low,0.2091,10.0,10.551,22.8187,Safe,69.4896,74.5643,19.5799,Aligned,72.7614,45.2691,Separated Traffic,Rural,6.0422,True,Industrial,Poor Infrastructure,0.1392,Light,False,59.5395,0.0108,-0.0045,Aligned,74,Unnamed Road,3668
5364,Unnamed Road,Urban Road,URB-05364,5364,13.0214,77.546,13.0213,77.5464,39.1,2145.6,2145.639,11.4975,Aligned,0.9675,0.982,0.0811,0.0017,0.0146,36.7587,35.8062,77.0387,15.0133,40.613,50.1373,80.6521,0.0597,38.0351,38.7909,No,0.0,-0.0036,0.9921,Good,Low,1.7602,10.0,10.1578,28.8207,Moderate Risk,67.7154,36.2528,24.6284,Moderate Misalignment,35.1862,67.2426,Side Impact Potential,Urban,6.1997,False,Commercial,Poor Infrastructure,0.1879,Light,False,28.0057,0.0066,0.0029,Aligned,36,Unnamed Road,3669