segment_id,road_name,road_type,human_segment_id,internal_id,start_lat,start_lon,end_lat,end_lon,length_m,start_km,end_km,road_risk_score,ai_risk_label,ai_risk_probability,prob_low_risk,prob_medium_risk,prob_high_risk,prob_critical_risk,ai_recommended_speed,recommended_safe_speed,road_function_score,infrastructure_score,exposure_score,human_tolerance_limit,operating_speed_score,crash_risk_score,posted_speed_limit,pedestrian_exposure_score,blackspot_flag,crash_count,fatal_crashes,schools_count,lighting_quality,roadside_hazards,intersection_density,speed_compliance_rate,speed_violation_score,hotspot_score,hotspot_category,speed_safety_score,original_safe_speed,misalignment_score,misalignment_category,speed_p85,ptw_share_pct,exposure_tier,urban_rural_flag,lane_count,median_presence,land_use_type,top_ai_factors,congestion_index,congestion_category,congestion_smoothed,operating_speed_mean,minor_crashes,major_crashes,risk_category,final_safe_speed,corridor_base,corridor_seq
5365,Unnamed Road,Urban Road,URB-05365,5365,13.0218,77.5465,13.0213,77.5464,53.1,2146.0,2146.053,27.5441,Moderate Misalignment,0.5586,0.4275,0.5598,0.0238,-0.014,52.1471,49.3035,50.5613,18.5541,20.4431,50.4535,95.0684,0.0486,40.5118,11.2611,No,0.0,-0.0101,0.0278,Poor,Low,2.2052,10.0,23.4997,23.7114,Safe,67.9212,48.4709,27.9899,Moderate Misalignment,50.0054,52.2682,Side Impact Potential,Peri-Urban,2.8392,False,Commercial,Poor Infrastructure,0.0027,,False,42.0991,-0.011,0.0098,Moderate Misalignment,49,Unnamed Road,3670
5366,Unnamed Road,Urban Road,URB-05366,5366,13.0205,77.5467,13.0207,77.5467,28.0,2146.4,2146.428,9.6536,Aligned,1.0118,1.0126,0.0205,0.0003,-0.0076,24.012,24.1475,30.3577,23.5684,22.6082,46.8289,87.8862,0.4347,31.3053,15.3072,No,0.0,-0.011,-0.0228,Poor,Medium,2.2064,10.0,10.4464,20.8948,Safe,74.8238,24.6298,17.8335,Aligned,26.3386,52.8347,Side Impact Potential,Peri-Urban,2.1239,False,Industrial,Poor Infrastructure,-0.0036,,False,19.5742,0.0074,-0.0022,Aligned,23,Unnamed Road,3671
5367,Unnamed Road,Urban Road,URB-05367,5367,13.0224,77.5471,13.0233,77.5475,108.1,2146.8,2146.908,40.5308,Moderate Misalignment,0.9427,-0.0014,0.9453,0.0261,0.0059,36.2561,38.0939,54.0796,21.4284,25.1002,50.8608,99.7188,0.3051,40.5167,15.8528,No,0.0,-0.0071,-0.0284,Good,Medium,3.211,10.0,23.0452,25.0223,Moderate Risk,67.933,37.8637,27.3973,Moderate Misalignment,36.9998,63.0856,Side Impact Potential,Urban,4.0249,False,Commercial,Poor Infrastructure,-0.009,,False,28.3907,0.0217,-0.0019,Moderate Misalignment,37,Unnamed Road,3672
5368,Unnamed Road,Urban Road,URB-05368,5368,13.0224,77.5471,13.0222,77.5478,75.1,2147.2,2147.275,8.7523,Aligned,0.9998,1.0042,0.0178,0.0007,-0.0009,16.4476,21.1947,29.0771,27.4917,23.0255,49.9415,90.4427,0.2084,39.3061,11.176,No,0.0,0.0079,-0.0503,Poor,Low,3.2891,10.0,10.0,19.9158,Safe,75.0274,19.3755,17.2662,Aligned,15.7551,61.5264,Side Impact Potential,Peri-Urban,0.9509,False,Residential,Poor Infrastructure,0.0045,,False,14.2321,0.0042,-0.0047,Aligned,17,Unnamed Road,3673
5369,Unnamed Road,Urban Road,URB-05369,5369,12.9919,77.5943,12.9903,77.5954,216.4,2147.6,2147.816,31.026,Moderate Misalignment,0.7184,0.326,0.6918,-0.012,0.0082,52.1117,49.614,52.6784,8.7452,23.1734,51.9412,95.8572,0.2091,40.5932,16.6347,No,0.0,0.0111,-0.0133,Good,High,1.8033,10.0,23.5102,26.5697,Moderate Risk,64.0528,52.3513,31.4683,Moderate Misalignment,50.6545,51.1418,Side Impact Potential,Peri-Urban,3.9658,False,Mixed,Poor Infrastructure,0.0303,,False,45.4248,0.011,-0.0182,Moderate Misalignment,50,Unnamed Road,3674
5370,Unnamed Road,Urban Road,URB-05370,5370,13.0174,77.5006,13.0179,77.5009,66.1,2148.0,2148.066,14.0032,Aligned,0.8886,0.8808,0.0696,0.0097,-0.0003,52.5933,51.4176,99.9855,0.0086,16.2382,79.7006,60.5805,0.6275,59.9254,8.498,No,0.0,0.0129,0.0609,Poor,Medium,0.4951,10.0,10.0,22.1074,Safe,69.105,51.1558,21.2008,Aligned,53.9442,43.3592,Separated Traffic,Rural,4.1646,True,Mixed,Poor Infrastructure,-0.0149,,False,44.8877,-0.0222,0.0123,Aligned,52,Unnamed Road,3675
5371,Unnamed Road,Urban Road,URB-05371,5371,13.0179,77.5009,13.0187,77.5014,101.7,2148.4,2148.502,10.4897,Aligned,0.9569,0.9253,0.0459,0.0021,0.009,22.911,22.8821,51.5358,17.899,25.4567,49.443,81.0719,0.0,30.4429,17.4685,No,0.0,-0.0033,-0.0361,Good,High,2.4587,10.0,10.0,22.4596,Safe,72.0659,21.6809,19.2466,Aligned,24.2365,52.0421,Side Impact Potential,Peri-Urban,2.0151,False,Commercial,Poor Infrastructure,0.1692,Light,False,15.6276,-0.0056,0.014,Aligned,23,Unnamed Road,3676
5372,Unnamed Road,Urban Road,URB-05372,5372,13.0181,77.5006,13.0179,77.5009,42.0,2148.8,2148.842,11.0437,Aligned,0.9821,0.9856,0.0441,-0.0167,-0.0068,33.285,33.9537,82.1913,30.1852,29.1968,48.9943,81.2325,0.4696,42.9966,15.5423,No,0.0,-0.0032,0.0093,Good,Low,2.0156,10.0,10.2998,22.2825,Safe,73.9484,34.4696,17.0045,Aligned,33.7277,66.4262,Side Impact Potential,Urban,5.8675,False,Industrial,Poor Infrastructure,0.0002,,False,27.8878,-0.0079,0.0109,Aligned,31,Unnamed Road,3677
5373,Unnamed Road,Urban Road,URB-05373,5373,13.0177,77.5012,13.0179,77.5009,40.1,2149.2,2149.24,23.9663,Aligned,0.5543,0.4955,0.4565,-0.0112,0.009,79.3469,81.0251,100.0,0.9288,14.9135,79.484,73.297,0.0,60.0,6.2753,No,0.0,-0.0013,-0.0497,Poor,Medium,0.2344,10.0,10.0,26.0455,Moderate Risk,61.2445,81.381,30.7146,Moderate Misalignment,86.9416,40.5359,Separated Traffic,Rural,6.1569,True,Residential,Poor Infrastructure | Above Human Tolerance Limit,0.0332,,False,72.9472,-0.0019,-0.014,Aligned,79,Unnamed Road,3678
5374,Unnamed Road,Urban Road,URB-05374,5374,13.017,77.5012,13.0168,77.5015,41.1,2149.6,2149.641,34.8073,Moderate Misalignment,0.7748,0.2242,0.7696,0.0354,-0.0005,79.495,78.0364,98.9043,7.371,18.4007,78.9274,89.3223,0.0,58.5713,13.4802,No,0.0,-0.0034,-0.0466,Good,High,0.1827,10.0,11.5722,25.2367,Moderate Risk,64.4357,81.9239,28.1921,Moderate Misalignment,90.7306,37.2566,Separated Traffic,Rural,7.0796,True,Industrial,Approach to Congestion (Tapered) | Poor Infrastructure,-0.0207,,True,73.9875,-0.0127,0.0174,Moderate Misalignment,79,Unnamed Road,3679
5375,Unnamed Road,Urban Road,URB-05375,5375,13.0172,77.5009,13.017,77.5012,39.4,2150.0,2150.039,13.6857,Aligned,0.8729,0.9102,0.1119,-0.0214,-0.0112,67.2912,65.7808,97.1979,9.3262,17.9031,79.6508,74.8897,0.1278,60.0,11.6673,No,0.0,-0.0076,-0.0281,Poor,Medium,0.0919,10.0,10.0,20.8988,Safe,70.8293,65.4797,16.9423,Aligned,67.615,40.0935,Separated Traffic,Rural,6.3134,True,Residential,Poor Infrastructure,-0.0086,,False,52.4346,0.0153,-0.0021,Aligned,66,Unnamed Road,3680
5376,Unnamed Road,Urban Road,URB-05376,5376,13.0175,77.5016,13.017,77.5012,64.7,2150.4,2150.465,33.8182,Moderate Misalignment,0.8392,0.1544,0.8644,0.0014,0.0147,48.2742,49.9896,87.2221,11.7126,23.9899,49.7656,95.3528,0.0712,41.5138,13.2883,No,0.0,0.0084,-0.0564,Good,Low,2.0443,10.0,33.7672,28.2655,Moderate Risk,61.5697,48.7946,35.2729,Moderate Misalignment,55.0345,57.5879,Side Impact Potential,Urban,4.994,True,Residential,Poor Infrastructure,-0.0085,,False,45.2348,0.0092,-0.0008,Moderate Misalignment,51,Unnamed Road,3681
5377,Unnamed Road,Urban Road,URB-05377,5377,13.0173,77.5019,13.0168,77.5015,65.9,2150.8,2150.866,9.5917,Aligned,1.0034,0.9902,-0.0203,0.0099,0.0003,24.8431,24.4333,29.718,23.5021,23.7624,49.8726,87.2115,0.3923,31.2531,15.5687,No,0.0,0.0068,0.0477,Poor,Medium,2.34,10.0,10.0175,21.001,Safe,74.283,23.5268,17.5363,Aligned,22.9901,53.2911,Side Impact Potential,Peri-Urban,2.1947,False,Industrial,Poor Infrastructure,-0.0119,,False,21.1178,0.009,-0.011,Aligned,25,Unnamed Road,3682
5378,Unnamed Road,Urban Road,URB-05378,5378,13.0166,77.5019,13.0168,77.5015,42.5,2151.2,2151.243,17.897,Aligned,0.7913,0.7581,0.2021,0.0101,-0.0032,55.0368,52.791,100.0,28.2155,35.4864,79.6463,49.018,0.0277,60.0,30.3158,No,0.0,-0.0044,1.0221,Good,High,0.6354,10.0,10.0,24.3727,Safe,71.9106,54.8343,22.2108,Aligned,48.6379,68.697,Separated Traffic,Urban,4.093,True,Residential,Poor Infrastructure,0.0073,,False,46.9055,-0.0035,0.0082,Aligned,56,Unnamed Road,3683
5379,Unnamed Road,Urban Road,URB-05379,5379,13.0175,77.5016,13.0183,77.502,103.3,2151.6,2151.703,13.7169,Aligned,0.8424,0.8141,0.1599,0.0182,0.0011,67.3154,61.2563,97.5893,0.9942,16.2052,80.4247,76.9241,40.5998,59.8916,4.0845,Yes,0.0,0.9962,-0.0315,Good,Medium,0.2362,10.0,10.0,31.5088,Moderate Risk,60.9979,69.2679,19.9335,Aligned,69.7557,45.5714,Separated Traffic,Rural,6.0698,True,Residential,Poor Infrastructure,-0.0144,,False,65.2716,-0.015,0.0063,Aligned,70,Unnamed Road,3684
5380,Unnamed Road,Urban Road,URB-05380,5380,13.0181,77.5023,13.0173,77.5019,102.2,2152.0,2152.102,18.1843,Aligned,0.7535,0.7618,0.2575,0.001,0.0127,50.8743,48.7428,97.9912,13.3829,25.5253,80.1559,78.9155,0.5807,59.2798,22.2437,No,0.0,0.0031,1.0025,Poor,Medium,0.0218,10.0,10.4747,22.958,Safe,70.9504,50.8237,21.7306,Aligned,49.0671,46.8394,Separated Traffic,Rural,7.0549,True,Residential,Poor Infrastructure,0.016,,False,44.0328,-0.0008,0.0023,Aligned,51,Unnamed Road,3685
5381,Unnamed Road,Urban Road,URB-05381,5381,13.0171,77.5022,13.0173,77.5019,42.9,2152.4,2152.443,49.1259,Moderate Misalignment,0.7241,0.0147,0.7245,0.251,0.029,50.6135,51.3786,98.5293,29.0463,25.5162,51.291,96.6419,0.1258,60.0,9.0549,No,0.0,-0.0142,0.0347,Poor,Low,0.4091,10.0,23.0397,30.4326,Moderate Risk,59.0102,51.2929,44.2393,Moderate Misalignment,74.4618,60.961,Side Impact Potential,Urban,7.857,False,Commercial,Poor Infrastructure | Above Human Tolerance Limit,0.0227,,False,62.6333,-0.0093,0.0046,Moderate Misalignment,50,Unnamed Road,3686
5382,Unnamed Road,Urban Road,URB-05382,5382,13.0175,77.5016,13.0173,77.5019,39.6,2152.8,2152.84,9.3762,Aligned,0.9994,0.9677,-0.0189,-0.019,-0.0044,17.794,22.0011,28.3382,1.7618,16.5333,49.7797,79.8773,0.0048,29.4579,10.0567,No,0.0,-0.0037,-0.0243,Poor,Low,1.2051,10.0,10.1624,21.8716,Safe,67.7997,22.2685,19.332,Aligned,21.924,38.2074,Side Impact Potential,Rural,1.2746,False,Industrial,Poor Infrastructure,0.1725,Light,False,13.2433,-0.0115,-0.0042,Aligned,19,Unnamed Road,3687
5383,Unnamed Road,Urban Road,URB-05383,5383,13.0198,77.4994,13.019,77.499,101.6,2153.2,2153.302,21.3212,Aligned,0.7696,0.7527,0.2542,-0.0082,-0.0116,69.1021,69.8483,99.1438,12.1207,16.2341,81.8267,76.0266,0.3885,60.0,9.456,No,0.0,-0.0044,-0.0028,Poor,High,0.2372,10.0,10.1779,19.5158,Safe,71.8009,67.0795,17.4159,Aligned,68.2765,33.8483,Separated Traffic,Rural,4.9784,True,Residential,Poor Infrastructure,-0.0008,,False,54.7602,-0.0197,-0.0105,Aligned,69,Unnamed Road,3688
5384,Unnamed Road,Urban Road,URB-05384,5384,13.0189,77.4993,13.0196,77.4998,101.5,2153.6,2153.702,13.3745,Aligned,0.9152,0.9253,0.102,-0.0031,0.0011,25.9559,24.3349,55.1407,32.4856,45.6283,49.394,91.0643,0.4788,29.0822,43.9964,No,0.0,-0.0029,1.9666,Good,Medium,2.7079,10.0,10.1462,27.6747,Moderate Risk,72.5824,24.2555,22.9354,Aligned,24.8722,64.2354,Side Impact Potential,Urban,3.8479,False,Commercial,Poor Infrastructure,-0.0202,,False,21.4955,0.001,0.0093,Aligned,25,Unnamed Road,3689
5385,Unnamed Road,Urban Road,URB-05385,5385,13.019,77.499,13.0189,77.4993,44.0,2154.0,2154.044,10.1265,Aligned,0.9512,0.9256,0.0462,0.0018,0.0067,33.5901,28.6183,29.4885,1.6704,16.968,50.1637,92.6689,0.219,29.4537,3.0443,No,0.0,0.0041,0.0381,Poor,Low,3.2193,10.0,10.0,22.5247,Safe,67.386,33.4615,20.9049,Aligned,31.294,55.8621,Side Impact Potential,Peri-Urban,1.9909,False,Residential,Poor Infrastructure,-0.0073,,False,28.6568,-0.0062,-0.004,Aligned,31,Unnamed Road,3690
5386,Unnamed Road,Urban Road,URB-05386,5386,13.0189,77.4989,13.019,77.499,23.4,2154.4,2154.423,32.79,Moderate Misalignment,0.8491,0.1536,0.8017,0.0014,0.0009,50.0402,48.4086,52.6549,14.6171,21.9453,50.9235,95.0204,0.6627,39.9934,7.0284,No,0.0,0.0041,-0.0465,Good,High,2.2173,10.0,29.2635,26.1444,Moderate Risk,64.6497,51.0745,29.6947,Moderate Misalignment,48.877,56.8008,Side Impact Potential,Peri-Urban,3.8369,False,Industrial,Poor Infrastructure,0.0008,,False,41.5834,-0.0063,0.0107,Moderate Misalignment,51,Unnamed Road,3691
5387,Unnamed Road,Urban Road,URB-05387,5387,13.0189,77.4993,13.0183,77.499,75.1,2154.8,2154.875,44.2338,Moderate Misalignment,0.7775,0.0546,0.8186,0.1564,-0.0058,50.9752,50.1825,98.4581,32.9901,25.8144,49.8467,69.7792,0.0,60.0,11.9733,No,0.0,-0.0015,0.0219,Good,Low,0.3809,10.0,10.1293,24.9082,Moderate Risk,69.2623,51.797,31.8305,Moderate Misalignment,49.7346,64.0695,Side Impact Potential,Urban,6.0915,False,Commercial,Poor Infrastructure | Above Human Tolerance Limit,0.0272,,False,40.9124,0.0007,0.0088,Moderate Misalignment,50,Unnamed Road,3692
5388,Unnamed Road,Urban Road,URB-05388,5388,13.0189,77.4993,13.0187,77.4996,38.3,2155.2,2155.238,12.4293,Aligned,0.9399,0.9246,0.0416,0.0008,0.0019,48.1674,46.5636,55.7541,26.8451,30.2092,48.9216,91.7926,0.2162,50.8003,21.5308,No,0.0,-0.0077,1.0149,Poor,Low,3.1521,10.0,10.0,23.3795,Safe,73.3106,48.2806,20.5514,Aligned,50.4579,67.2854,Side Impact Potential,Urban,2.0417,True,Mixed,Poor Infrastructure,0.0056,,False,45.9999,0.0069,0.0058,Aligned,46,Unnamed Road,3693
5389,Unnamed Road,Urban Road,URB-05389,5389,13.0182,77.4993,13.0183,77.499,37.2,2155.6,2155.637,13.1696,Aligned,0.9893,0.9678,0.0461,-0.0043,0.0086,24.699,25.7268,53.0196,49.1133,35.9926,49.2571,82.336,0.3351,29.729,29.9732,No,0.0,0.0048,-0.0484,Good,High,2.3651,10.0,10.3795,21.3785,Safe,78.0039,22.3938,18.0815,Aligned,24.5166,62.0401,Side Impact Potential,Urban,3.0864,False,Commercial,Meets Safe System Standards,0.1701,Light,False,19.7175,-0.0029,-0.0028,Aligned,25,Unnamed Road,3694
5390,Unnamed Road,Urban Road,URB-05390,5390,13.0182,77.4993,13.018,77.4996,38.8,2156.0,2156.039,11.0509,Aligned,0.969,0.9659,0.0512,0.004,-0.0005,28.7434,29.2653,56.978,2.1235,17.4048,50.7565,89.2087,0.15,30.0182,1.1203,No,0.0,0.002,0.079,Poor,Low,2.007,10.0,10.0,22.3875,Safe,68.2786,28.9156,19.4032,Aligned,28.7028,57.164,Side Impact Potential,Peri-Urban,3.8857,False,Mixed,Poor Infrastructure,0.0161,,False,23.7388,-0.0026,0.006,Aligned,28,Unnamed Road,3695
5391,Unnamed Road,Urban Road,URB-05391,5391,13.0182,77.4993,13.0187,77.4996,70.4,2156.4,2156.47,12.5905,Aligned,0.9627,0.9885,0.0514,0.007,-0.0163,33.1628,30.8239,72.6567,27.2495,38.2011,50.1538,65.9995,0.0,50.9165,40.6456,No,0.0,-0.0092,0.9917,Good,Low,1.5208,10.0,10.0741,25.3613,Moderate Risk,71.9214,32.8064,23.1762,Aligned,34.7227,57.1059,Side Impact Potential,Urban,2.2717,False,Residential,Poor Infrastructure,-0.0135,,False,28.7245,0.0119,-0.0046,Aligned,37,Unnamed Road,3696
5392,Unnamed Road,Urban Road,URB-05392,5392,13.018,77.4996,13.0178,77.4999,40.8,2156.8,2156.841,26.1293,Moderate Misalignment,0.521,0.4786,0.5441,0.0189,0.001,69.9569,71.1165,95.5522,2.2904,13.1113,80.6641,46.982,0.0878,58.6434,2.8624,No,0.0,0.0033,-0.0273,Good,Low,0.1924,10.0,10.0409,25.1786,Moderate Risk,62.071,70.4425,28.5161,Moderate Misalignment,71.505,42.8358,Separated Traffic,Rural,7.0178,True,Residential,Approach to Congestion (Tapered) | Poor Infrastructure | Above Human Tolerance Limit,0.1503,Light,True,55.4974,0.0012,0.001,Moderate Misalignment,70,Unnamed Road,3697
5393,Unnamed Road,Urban Road,URB-05393,5393,13.018,77.4996,13.0185,77.4999,72.3,2157.2,2157.272,26.0514,Aligned,0.5578,0.4997,0.4668,0.0253,0.0126,36.9212,37.8581,51.1682,0.2097,21.024,51.3701,64.8286,0.3494,29.5875,14.5795,No,0.0,0.0004,0.0514,Poor,High,1.6349,10.0,27.7709,26.4856,Moderate Risk,62.3266,39.2777,28.4561,Moderate Misalignment,40.8763,46.0808,Side Impact Potential,Rural,2.9962,False,Industrial,Active Congestion | Poor Infrastructure,0.8106,Severe,False,10.9681,0.0078,-0.0037,Aligned,38,Unnamed Road,3698
5394,Unnamed Road,Urban Road,URB-05394,5394,13.0216,77.5013,13.0219,77.5008,64.3,2157.6,2157.664,11.3519,Aligned,0.9769,0.9495,0.033,0.0065,0.0029,41.4203,42.0289,31.9943,24.1089,22.2295,50.1429,90.1036,0.0,41.3735,8.6354,No,0.0,0.0022,-0.0048,Good,High,3.4124,10.0,10.0,20.9578,Safe,73.0001,42.0188,19.0608,Aligned,41.0967,53.374,Side Impact Potential,Peri-Urban,1.8433,False,Residential,Poor Infrastructure,-0.0055,,False,36.8705,0.0166,0.0006,Aligned,42,Unnamed Road,3699
5395,Unnamed Road,Urban Road,URB-05395,5395,13.0216,77.5013,13.0213,77.5018,66.1,2158.0,2158.066,46.3662,Moderate Misalignment,0.4899,0.2283,0.4762,0.2689,0.0017,77.1499,81.1286,100.0,0.0,15.4435,80.0638,86.7875,0.5893,59.9881,4.3012,No,0.0,0.0059,0.0303,Poor,Low,0.0751,10.0,12.6875,31.1209,Moderate Risk,55.2571,80.2237,40.8445,Moderate Misalignment,100.3928,46.2819,Separated Traffic,Rural,4.0678,True,Residential,Poor Infrastructure | Above Human Tolerance Limit,0.0071,,False,84.8039,0.0028,-0.0085,Moderate Misalignment,79,Unnamed Road,3700
5396,Unnamed Road,Urban Road,URB-05396,5396,13.0187,77.4996,13.0185,77.4999,32.9,2158.4,2158.433,9.772,Aligned,0.947,0.9273,0.0525,-0.0131,-0.0015,34.8253,34.5903,75.6604,18.0749,29.3611,52.1969,66.0565,0.0,48.1844,18.4234,No,0.0,-0.0066,0.0089,Good,Medium,2.0446,10.0,10.0,23.6428,Safe,70.3734,36.4343,21.1289,Aligned,34.3246,62.5689,Side Impact Potential,Urban,3.8669,False,Commercial,Poor Infrastructure,0.1719,Light,False,28.1372,0.0006,0.0173,Aligned,36,Unnamed Road,3701
5397,Unnamed Road,Urban Road,URB-05397,5397,13.0187,77.4996,13.0194,77.5001,99.0,2158.8,2158.899,40.3708,Moderate Misalignment,0.8873,0.0611,0.89,0.053,0.0027,49.8215,45.9206,99.6251,53.801,41.5307,51.1512,72.6224,0.0827,60.0,43.0276,No,0.0,0.0032,0.9814,Poor,Medium,0.4865,10.0,10.0,28.2086,Moderate Risk,71.4913,46.7489,31.9008,Moderate Misalignment,50.3443,62.6353,Side Impact Potential,Urban,5.0686,True,Commercial,Above Human Tolerance Limit,0.0243,,False,42.2373,-0.0006,-0.0001,Moderate Misalignment,51,Unnamed Road,3702
5398,Unnamed Road,Urban Road,URB-05398,5398,13.0178,77.4999,13.0176,77.5002,40.2,2159.2,2159.24,12.9699,Aligned,0.984,0.9931,-0.009,0.0137,-0.0008,34.3538,35.3731,80.2798,27.8087,25.6688,48.2715,82.5866,0.0,60.0,12.7025,No,0.0,0.0103,0.0445,Poor,Medium,2.061,10.0,10.0,20.1003,Safe,74.475,36.6781,18.3282,Aligned,37.8215,61.9728,Side Impact Potential,Urban,4.9488,False,Residential,Poor Infrastructure,0.1443,Light,False,30.8735,0.0007,-0.0096,Aligned,36,Unnamed Road,3703
5399,Unnamed Road,Urban Road,URB-05399,5399,13.0178,77.4999,13.0183,77.5003,67.9,2159.6,2159.668,11.9259,Aligned,0.9435,0.9718,0.0734,-0.0075,-0.0029,35.9874,34.209,57.8665,11.9895,25.7864,51.3179,90.6837,0.0525,39.7106,19.831,No,0.0,0.0054,0.043,Good,Medium,1.9519,10.0,10.2177,23.0105,Safe,70.8807,36.362,19.8812,Aligned,35.2807,55.4833,Side Impact Potential,Peri-Urban,3.8228,False,Residential,Poor Infrastructure,-0.0111,,False,32.4873,0.0081,0.0118,Aligned,34,Unnamed Road,3704
5400,Unnamed Road,Urban Road,URB-05400,5400,13.0175,77.5016,13.0177,77.5012,42.2,2160.0,2160.042,8.6585,Aligned,1.0015,0.9483,-0.0069,0.0168,0.0038,49.0203,49.5457,26.5027,12.2812,14.4654,51.0034,95.1532,0.0,40.3908,5.2955,No,0.0,0.0091,0.0624,Poor,Medium,1.7004,10.0,21.8424,23.2422,Safe,67.1903,47.9977,25.2543,Moderate Misalignment,53.2519,42.3361,Side Impact Potential,Rural,0.9496,False,Industrial,Poor Infrastructure,0.0214,,False,45.5195,0.0018,0.0043,Aligned,49,Unnamed Road,3705
5401,Unnamed Road,Urban Road,URB-05401,5401,13.0185,77.4987,13.0183,77.499,37.2,2160.4,2160.437,100.0,Critical Misalignment,0.9854,-0.036,-0.0033,0.0013,0.9898,30.8665,29.1824,100.0,58.6745,46.2604,31.8859,81.9667,0.0,60.0,50.5671,No,0.0,0.0068,1.0336,Good,Low,0.7007,10.0,10.3131,53.909,High Risk,32.8349,27.2199,99.1381,Critical Misalignment,83.0116,57.4046,Significant Pedestrian Interaction,Urban,5.0293,True,Commercial,Speed Limit Misaligned | High Pedestrian Interaction | Above Human Tolerance Limit,-0.001,,False,79.293,-0.0065,-0.0095,Critical Misalignment,30,Unnamed Road,3706
5402,Unnamed Road,Urban Road,URB-05402,5402,13.0185,77.4987,13.0189,77.4989,43.4,2160.8,2160.843,17.0097,Aligned,0.748,0.7275,0.2447,0.0231,0.0012,49.9301,52.1182,100.0,19.4124,19.5396,80.003,80.225,0.3019,60.0,14.8331,No,0.0,-0.0033,0.0226,Good,Low,0.1736,10.0,10.0,18.788,Safe,73.9603,50.7293,17.1819,Aligned,49.4745,41.9847,Separated Traffic,Rural,6.9602,True,Residential,Poor Infrastructure,-0.0247,,False,48.1624,-0.0024,-0.0001,Aligned,52,Unnamed Road,3707
5403,Unnamed Road,Urban Road,URB-05403,5403,13.0189,77.4989,13.019,77.4986,36.4,2161.2,2161.236,12.2776,Aligned,0.9435,0.9259,0.0743,0.0165,0.0033,29.1075,27.2752,51.325,10.6701,20.9303,49.8545,87.3523,0.0801,28.8586,7.4009,No,0.0,-0.0025,-0.0041,Good,Medium,3.5999,10.0,10.0,22.3853,Safe,69.6184,27.8431,18.5498,Aligned,28.9795,61.5889,Side Impact Potential,Urban,2.2328,False,Residential,Poor Infrastructure,0.1412,Light,False,24.0184,0.0061,-0.0024,Aligned,28,Unnamed Road,3708
5404,Unnamed Road,Urban Road,URB-05404,5404,13.0183,77.5003,13.0181,77.5006,40.5,2161.6,2161.64,36.303,Moderate Misalignment,0.9231,0.0829,0.9084,0.0022,-0.0093,39.8736,36.2764,53.5208,9.7654,25.0387,48.97,99.7092,0.0,31.6423,9.9978,No,0.0,-0.017,-0.0476,Poor,Low,3.0182,10.0,24.3676,26.0974,Moderate Risk,64.7668,38.0584,28.7873,Moderate Misalignment,35.6989,64.5268,Side Impact Potential,Urban,3.0453,False,Residential,Poor Infrastructure,0.0377,,False,32.9115,0.0153,-0.0007,Moderate Misalignment,38,Unnamed Road,3709
5405,Unnamed Road,Urban Road,URB-05405,5405,13.0183,77.5003,13.0185,77.4999,48.0,2162.0,2162.048,10.3563,Aligned,0.954,0.9443,0.0891,-0.0025,0.0032,16.5987,21.2265,27.0285,1.0688,12.0027,50.0189,90.533,0.4923,20.3851,3.0603,No,0.0,-0.0016,0.0028,Poor,Medium,1.7926,10.0,10.0,19.06,Safe,68.8397,17.0072,17.0921,Aligned,14.8315,35.3964,Side Impact Potential,Rural,1.0796,False,Residential,Poor Infrastructure,0.1713,Light,False,15.7004,-0.0023,0.0037,Aligned,16,Unnamed Road,3710
5406,Unnamed Road,Urban Road,URB-05406,5406,13.0183,77.5003,13.0191,77.5007,100.5,2162.4,2162.501,12.0564,Aligned,0.9542,0.8901,0.0491,0.0074,-0.0021,18.3391,19.0466,29.1074,8.296,23.9337,49.8843,92.7193,0.5355,58.442,12.9976,No,0.0,0.0067,0.026,Good,Medium,2.4456,10.0,10.0,23.2286,Safe,69.7331,18.4076,19.7438,Aligned,18.4575,61.1295,Side Impact Potential,Peri-Urban,1.0484,False,Residential,Poor Infrastructure,0.0099,,False,16.2221,0.0084,-0.0059,Aligned,20,Unnamed Road,3711
5407,Unnamed Road,Urban Road,URB-05407,5407,13.0181,77.5006,13.0176,77.5002,67.2,2162.8,2162.867,14.6772,Aligned,0.8846,0.9089,0.069,0.0046,-0.001,66.2682,64.9586,100.0,0.794,15.9012,80.3587,61.8445,0.5479,60.0,10.3763,No,0.0,0.0014,-0.0373,Poor,Medium,0.2154,10.0,10.2922,21.6489,Safe,69.744,67.9549,19.2612,Aligned,66.6796,33.0238,Separated Traffic,Rural,5.1147,True,Industrial,Poor Infrastructure,-0.0006,,False,53.4605,0.0015,0.0101,Aligned,67,Unnamed Road,3712
5408,Unnamed Road,Urban Road,URB-05408,5408,13.0189,77.5011,13.0181,77.5006,100.8,2163.2,2163.301,15.7339,Aligned,0.8517,0.8565,0.1599,0.0092,-0.0087,31.7636,31.3292,28.0364,13.5274,22.5528,49.9762,99.2201,0.0,29.0683,11.9498,No,0.0,0.0092,-0.0269,Good,Medium,2.7359,10.0,10.3059,22.0499,Safe,68.9272,30.7435,21.9593,Aligned,31.6268,48.1842,Side Impact Potential,Peri-Urban,1.9721,False,Residential,Poor Infrastructure,0.0112,,False,28.6829,-0.0075,-0.0037,Aligned,32,Unnamed Road,3713
5409,Unnamed Road,Urban Road,URB-05409,5409,13.0176,77.5002,13.0174,77.5006,46.1,2163.6,2163.646,17.1919,Aligned,0.8258,0.8746,0.1935,0.0183,-0.001,36.9742,36.3496,25.9349,11.2264,14.3306,48.4891,95.4766,0.0701,29.4091,5.8163,No,0.0,0.0051,0.0668,Good,Medium,2.1525,10.0,28.2843,23.1178,Safe,67.7213,38.5525,24.0766,Aligned,38.0573,33.6173,Side Impact Potential,Rural,0.8207,False,Residential,Poor Infrastructure,-0.0214,,False,31.6626,-0.0019,0.0106,Aligned,39,Unnamed Road,3714