segment_id,road_name,road_type,human_segment_id,internal_id,start_lat,start_lon,end_lat,end_lon,length_m,start_km,end_km,road_risk_score,ai_risk_label,ai_risk_probability,prob_low_risk,prob_medium_risk,prob_high_risk,prob_critical_risk,ai_recommended_speed,recommended_safe_speed,road_function_score,infrastructure_score,exposure_score,human_tolerance_limit,operating_speed_score,crash_risk_score,posted_speed_limit,pedestrian_exposure_score,blackspot_flag,crash_count,fatal_crashes,schools_count,lighting_quality,roadside_hazards,intersection_density,speed_compliance_rate,speed_violation_score,hotspot_score,hotspot_category,speed_safety_score,original_safe_speed,misalignment_score,misalignment_category,speed_p85,ptw_share_pct,exposure_tier,urban_rural_flag,lane_count,median_presence,land_use_type,top_ai_factors,congestion_index,congestion_category,congestion_smoothed,operating_speed_mean,minor_crashes,major_crashes,risk_category,final_safe_speed,corridor_base,corridor_seq
5410,Unnamed Road,Urban Road,URB-05410,5410,13.0208,77.5027,13.0213,77.5018,114.4,2164.0,2164.114,14.5196,Aligned,0.8497,0.789,0.1159,0.0043,0.0076,15.7872,19.8345,31.3567,2.4068,14.5587,49.978,90.3773,0.2507,59.115,8.0261,No,0.0,-0.0012,0.0277,Good,Medium,1.9382,10.0,10.0,20.5657,Safe,68.7133,16.0194,17.0877,Aligned,10.7147,34.9175,Side Impact Potential,Rural,1.9571,False,Residential,Poor Infrastructure,0.0193,,False,13.5862,-0.0047,-0.0024,Aligned,18,Unnamed Road,3715
5411,Unnamed Road,Urban Road,URB-05411,5411,13.0204,77.4985,13.0194,77.4979,125.9,2164.4,2164.526,39.0522,Moderate Misalignment,0.9772,0.0209,0.9804,0.0215,0.0065,32.1212,29.2216,55.1608,52.8616,51.1938,29.1863,97.0263,0.0199,30.8965,64.4393,No,0.0,-0.0032,2.0312,Poor,Low,3.4839,10.0,28.0916,30.8395,Moderate Risk,71.8046,30.3868,33.1107,Moderate Misalignment,34.9222,54.7617,Significant Pedestrian Interaction,Urban,3.7496,False,Commercial,High Pedestrian Interaction,0.2214,Light,False,27.8978,-0.0034,0.0021,Moderate Misalignment,31,Unnamed Road,3716
5412,Unnamed Road,Urban Road,URB-05412,5412,13.0194,77.4979,13.0192,77.4983,43.2,2164.8,2164.843,37.2227,Moderate Misalignment,0.9547,0.0092,0.9386,0.0023,0.0013,27.7152,26.0526,46.9618,52.6823,55.8413,30.8279,75.965,0.137,40.5109,69.4261,No,0.0,-0.004,0.9825,Good,Low,3.6734,10.0,10.6882,33.8134,Moderate Risk,67.5215,27.638,38.1254,Moderate Misalignment,27.9809,58.844,Significant Pedestrian Interaction,Urban,2.1233,False,Residential,High Pedestrian Interaction | Above Human Tolerance Limit,0.0168,,False,22.6261,0.0065,-0.0007,Moderate Misalignment,28,Unnamed Road,3717
5413,Unnamed Road,Urban Road,URB-05413,5413,13.0177,77.5012,13.0172,77.5009,64.5,2165.2,2165.265,12.8931,Aligned,0.9471,0.9557,0.0295,-0.0014,0.0018,32.9532,33.7794,87.0062,23.7462,27.4877,50.5668,68.0754,0.0,50.7258,20.9711,No,0.0,-0.0008,1.0198,Good,Medium,1.8282,10.0,10.0,23.1663,Safe,73.2599,32.1804,19.3303,Aligned,33.5331,59.5148,Side Impact Potential,Urban,5.1507,True,Residential,Poor Infrastructure,0.02,,False,27.159,0.0,-0.0094,Aligned,35,Unnamed Road,3718
5414,Unnamed Road,Urban Road,URB-05414,5414,13.0172,77.5009,13.0174,77.5006,40.4,2165.6,2165.64,10.9941,Aligned,0.9557,1.0045,0.0328,0.0008,0.0049,48.0891,47.6487,50.2573,11.3478,22.3685,49.4431,89.4482,0.7131,50.0124,7.2029,No,0.0,-0.0072,-0.0364,Good,Medium,3.4292,10.0,10.047,21.596,Safe,71.761,47.1055,18.8786,Aligned,47.3138,63.2402,Side Impact Potential,Urban,3.1308,False,Commercial,Poor Infrastructure,0.0103,,False,39.3525,0.0007,0.0207,Aligned,47,Unnamed Road,3719
5415,Unnamed Road,Urban Road,URB-05415,5415,13.0185,77.5017,13.0177,77.5012,102.7,2166.0,2166.103,11.4076,Aligned,0.9708,0.929,0.0165,-0.0099,-0.0091,27.8853,23.8241,76.7277,38.1765,31.1696,49.8368,50.9248,0.4817,39.5855,21.3341,No,0.0,0.0032,-0.0412,Good,Low,1.6291,10.0,10.0,21.8784,Safe,74.7395,27.504,20.0792,Aligned,27.7885,67.3214,Side Impact Potential,Urban,4.0497,False,Commercial,Active Congestion,0.7197,Severe,False,10.0,-0.0016,-0.0081,Aligned,29,Unnamed Road,3720
5416,Unnamed Road,Urban Road,URB-05416,5416,13.0187,77.5018,13.0185,77.5017,20.4,2166.4,2166.42,10.9933,Aligned,0.9745,0.9298,0.0598,-0.0003,0.0087,28.6824,27.4056,29.2855,19.6193,20.1784,49.1871,92.9703,0.1514,29.1902,13.3377,No,0.0,0.0133,-0.0069,Poor,Low,1.9902,10.0,10.0,19.9815,Safe,74.1082,30.7801,17.2637,Aligned,27.3795,42.7628,Side Impact Potential,Rural,1.9515,False,Industrial,Poor Infrastructure,0.0041,,False,25.7164,-0.0117,0.0056,Aligned,29,Unnamed Road,3721
5417,Unnamed Road,Urban Road,URB-05417,5417,13.0216,77.4987,13.022,77.4988,37.2,2166.8,2166.837,14.1363,Aligned,0.9708,0.976,0.0219,-0.0212,0.0078,36.2236,35.4282,79.7692,52.5764,36.3785,49.9969,68.3344,0.4381,50.5215,36.3016,No,0.0,0.002,-0.0407,Poor,Low,1.9726,10.0,10.0,21.5095,Safe,80.2001,33.4333,17.843,Aligned,35.4763,57.7763,Side Impact Potential,Urban,5.9934,False,Residential,Meets Safe System Standards,-0.0122,,False,28.1073,0.0176,0.0114,Aligned,35,Unnamed Road,3722
5418,Unnamed Road,Urban Road,URB-05418,5418,13.0209,77.4977,13.0216,77.4987,187.4,2167.2,2167.387,31.8334,Moderate Misalignment,0.7398,0.2435,0.7696,0.0038,0.0089,29.4918,30.9574,52.2919,36.6992,45.5185,29.8477,97.9041,0.1665,30.4688,51.4756,No,0.0,-0.0041,0.9936,Good,Medium,3.5831,10.0,23.2256,30.9893,Moderate Risk,67.2558,30.0946,31.5746,Moderate Misalignment,36.246,55.314,Significant Pedestrian Interaction,Urban,1.8614,False,Commercial,High Pedestrian Interaction,0.013,,False,29.0529,-0.0056,0.0141,Moderate Misalignment,29,Unnamed Road,3723
5419,Unnamed Road,Urban Road,URB-05419,5419,13.0239,77.4998,13.022,77.4988,281.6,2167.6,2167.882,34.8797,Moderate Misalignment,0.7781,0.1676,0.7793,-0.0038,0.0064,44.5553,43.2622,85.6102,23.116,33.2327,50.0331,91.9155,0.0,38.9162,23.087,No,0.0,-0.0018,0.9868,Good,Low,1.753,10.0,10.1116,25.4977,Moderate Risk,69.7099,46.6932,26.0205,Moderate Misalignment,43.9454,61.2972,Side Impact Potential,Urban,4.9303,True,Commercial,Poor Infrastructure,0.1605,Light,False,34.2942,0.0018,0.0024,Moderate Misalignment,43,Unnamed Road,3724
5420,Unnamed Road,Urban Road,URB-05420,5420,13.0224,77.5,13.0229,77.5002,58.7,2168.0,2168.059,8.7909,Aligned,1.0068,0.9984,-0.0041,-0.0341,0.0073,20.4978,20.6766,28.0628,8.2194,18.3092,50.0361,73.3161,0.1474,40.2233,3.9888,No,0.0,0.0021,-0.0143,Poor,High,3.0627,10.0,10.2844,20.5526,Safe,71.5514,20.2928,16.5558,Aligned,22.0583,50.3792,Side Impact Potential,Peri-Urban,0.9245,False,Residential,Poor Infrastructure,0.1962,Light,False,14.7569,-0.0148,-0.004,Aligned,20,Unnamed Road,3725
5421,Unnamed Road,Urban Road,URB-05421,5421,13.0224,77.5,13.0221,77.5004,56.9,2168.4,2168.457,13.6751,Aligned,0.9008,0.8941,0.1114,-0.0216,-0.006,68.1952,68.6313,100.0,0.0,12.38,82.9576,30.7285,0.0,60.0,4.7299,No,0.0,0.0056,-0.0189,Poor,High,0.0057,10.0,10.2691,19.0337,Safe,69.8934,69.3734,16.5606,Aligned,68.0015,34.0325,Separated Traffic,Rural,8.0304,True,Residential,Active Congestion | Poor Infrastructure,0.6625,Severe,False,23.6073,0.0055,0.0078,Aligned,66,Unnamed Road,3726
5422,Unnamed Road,Urban Road,URB-05422,5422,13.0229,77.5002,13.0221,77.5004,93.0,2168.8,2168.893,12.2599,Aligned,0.9289,0.8878,0.0625,-0.0097,-0.005,26.6098,29.1574,86.92,55.3747,41.9174,49.5725,73.9035,0.0,40.4709,51.1643,No,0.0,0.0027,0.9662,Poor,High,2.3683,10.0,10.256,23.5341,Safe,78.9351,28.9571,19.9292,Aligned,30.5753,54.0349,Side Impact Potential,Urban,4.8783,True,Commercial,Meets Safe System Standards,0.1886,Light,False,21.6488,0.0044,0.0083,Aligned,29,Unnamed Road,3727
5423,Unnamed Road,Urban Road,URB-05423,5423,13.0239,77.4998,13.0229,77.5002,148.4,2169.2,2169.348,10.2946,Aligned,0.9987,1.0114,0.0399,0.0003,0.0031,27.5354,23.4221,29.2493,1.8788,15.1238,49.6332,86.146,0.0819,28.3956,0.4153,No,0.0,0.0009,0.0466,Poor,Medium,1.327,10.0,10.0,20.7576,Safe,68.2092,23.636,17.9537,Aligned,22.728,46.1305,Side Impact Potential,Rural,1.9163,False,Residential,Poor Infrastructure,-0.0036,,False,21.4285,-0.0074,-0.0128,Aligned,27,Unnamed Road,3728
5424,Unnamed Road,Urban Road,URB-05424,5424,13.0219,77.5008,13.0221,77.5004,45.0,2169.6,2169.645,29.7334,Moderate Misalignment,0.673,0.3574,0.6423,-0.0001,0.0029,50.8079,49.8737,28.9241,11.5,16.6221,50.8861,93.1341,0.1043,39.3665,3.2131,No,0.0,0.0062,0.0175,Poor,Medium,0.8201,10.0,30.359,24.0335,Safe,64.998,50.3481,28.8497,Moderate Misalignment,54.6686,42.8171,Side Impact Potential,Rural,2.0878,False,Industrial,Poor Infrastructure,0.0194,,False,43.5331,0.004,-0.0016,Moderate Misalignment,49,Unnamed Road,3729
5425,Unnamed Road,Urban Road,URB-05425,5425,13.0207,77.498,13.0206,77.4982,31.0,2170.0,2170.031,16.755,Aligned,0.754,0.7916,0.2675,0.0101,-0.0065,72.2846,72.0819,97.8706,5.837,12.4776,78.437,58.0204,0.1176,60.0,4.0505,No,0.0,0.0051,-0.025,Poor,High,0.2182,10.0,10.0,24.3934,Safe,62.9054,72.3776,30.0125,Moderate Misalignment,73.6574,38.9859,Separated Traffic,Rural,6.8229,True,Industrial,Poor Infrastructure | Above Human Tolerance Limit,0.0068,,False,60.9454,0.0062,-0.014,Aligned,72,Unnamed Road,3730
5426,Unnamed Road,Urban Road,URB-05426,5426,13.0209,77.4977,13.0207,77.498,34.8,2170.4,2170.435,16.0871,Aligned,0.8409,0.8511,0.0927,0.0504,-0.0015,72.3642,76.8973,99.2923,0.0,14.4329,80.9885,82.3969,0.0,59.6245,3.1677,No,0.0,0.0044,0.0057,Poor,Medium,0.2453,10.0,10.0,20.6199,Safe,69.4861,74.675,17.8813,Aligned,76.0957,40.352,Separated Traffic,Rural,4.8579,True,Residential,Poor Infrastructure,0.0167,,False,64.7563,-0.0314,-0.0035,Aligned,72,Unnamed Road,3731
5427,Unnamed Road,Urban Road,URB-05427,5427,13.0206,77.4982,13.0204,77.4985,39.5,2170.8,2170.84,39.1026,Moderate Misalignment,0.9307,0.0598,0.8954,0.0318,0.0066,78.8647,80.275,97.9603,4.6301,21.2466,80.1632,100.0,0.1501,59.3548,11.8196,No,0.0,0.0078,0.0378,Good,High,0.3559,10.0,21.1652,29.2184,Moderate Risk,59.7492,80.521,37.3374,Moderate Misalignment,96.7785,51.6952,Separated Traffic,Peri-Urban,7.9417,True,Residential,Poor Infrastructure,-0.0205,,False,80.1825,-0.0114,0.004,Moderate Misalignment,79,Unnamed Road,3732
5428,Unnamed Road,Urban Road,URB-05428,5428,13.0219,77.5008,13.023,77.5013,129.6,2171.2,2171.33,17.4222,Aligned,0.689,0.6616,0.2811,-0.0031,-0.0026,48.6526,47.6667,74.8117,19.3299,31.4844,50.0603,89.1309,0.3595,51.418,24.8171,No,0.0,-0.001,1.0039,Good,Low,2.0203,10.0,18.8592,28.3408,Moderate Risk,65.8729,47.2802,32.1106,Moderate Misalignment,57.5515,67.9925,Side Impact Potential,Urban,3.9867,False,Industrial,Poor Infrastructure,0.2,Light,False,44.5867,0.0041,0.0152,Aligned,49,Unnamed Road,3733
5429,Unnamed Road,Urban Road,URB-05429,5429,13.023,77.5013,13.0213,77.5018,273.5,2171.6,2171.873,13.1484,Aligned,0.9195,0.8864,0.1155,0.0071,0.012,52.6949,52.771,100.0,0.0,12.3891,81.8769,68.7048,0.4535,59.0703,4.5541,No,0.0,0.0103,-0.0231,Good,Low,0.1584,10.0,10.3782,19.5117,Safe,69.0502,56.1331,17.6643,Aligned,54.0369,34.2808,Separated Traffic,Rural,5.0978,True,Residential,Poor Infrastructure,0.2272,Light,False,38.5658,-0.0055,0.0008,Aligned,56,Unnamed Road,3734
5430,Unnamed Road,Urban Road,URB-05430,5430,13.02,77.4991,13.019,77.4986,129.9,2172.0,2172.13,10.7877,Aligned,0.9348,0.9594,0.1273,0.0026,0.006,66.6363,66.8551,98.5793,0.0,12.4359,78.6529,71.7283,0.4391,59.9867,2.5372,No,0.0,-0.0023,-0.0574,Good,Medium,0.3009,10.0,10.1252,20.8268,Safe,70.1673,65.7894,18.3932,Aligned,67.9789,35.4743,Separated Traffic,Rural,5.8908,True,Residential,Poor Infrastructure,0.1936,Light,False,48.6145,-0.0006,-0.0018,Aligned,66,Unnamed Road,3735
5431,Unnamed Road,Urban Road,URB-05431,5431,13.0202,77.4989,13.0192,77.4983,123.9,2172.4,2172.524,8.4779,Aligned,0.9775,0.9844,0.0173,0.0239,-0.0061,28.6038,26.9996,79.3846,26.6866,27.0494,49.8592,73.3038,0.0,40.4815,12.3561,No,0.0,-0.0118,0.0236,Good,High,2.0193,10.0,10.0939,21.3417,Safe,73.4788,26.0145,19.0788,Aligned,32.2717,67.7395,Side Impact Potential,Urban,2.1087,True,Commercial,Poor Infrastructure,-0.0226,,False,21.0043,-0.0062,0.006,Aligned,26,Unnamed Road,3736
5432,Unnamed Road,Urban Road,URB-05432,5432,13.019,77.4986,13.0192,77.4983,40.0,2172.8,2172.84,25.2826,Aligned,0.5509,0.5752,0.4354,0.0205,-0.0029,29.0472,32.0524,52.88,8.263,22.9238,50.5218,98.6253,0.3045,29.9281,14.6822,No,0.0,0.0047,0.0959,Poor,Medium,1.8855,10.0,10.0,22.9059,Safe,68.9125,30.8868,18.9383,Aligned,32.3229,48.8795,Side Impact Potential,Peri-Urban,3.9402,False,Commercial,Poor Infrastructure,-0.0105,,False,27.2584,0.0125,-0.0078,Aligned,28,Unnamed Road,3737
5433,Unnamed Road,Urban Road,URB-05433,5433,13.0185,77.4999,13.0192,77.5004,108.2,2173.2,2173.308,12.914,Aligned,0.9458,0.9873,0.0953,-0.0064,0.0124,39.4444,38.3302,71.6398,24.2273,26.7965,51.8963,85.1636,0.0531,40.1255,12.1515,No,0.0,0.0049,0.039,Good,Low,1.7949,10.0,10.0,21.3522,Safe,74.8615,36.693,17.3155,Aligned,37.3821,64.8422,Side Impact Potential,Urban,1.9714,False,Industrial,Poor Infrastructure,0.1563,Light,False,31.2551,-0.0105,0.0077,Aligned,34,Unnamed Road,3738
5434,Unnamed Road,Urban Road,URB-05434,5434,12.9819,77.7278,12.9804,77.7275,178.7,2173.6,2173.779,12.2509,Aligned,0.8523,0.8875,0.1344,-0.0016,0.0025,17.0544,20.9992,28.9373,0.0,13.8757,49.5424,91.4517,0.0,20.1463,8.4168,No,0.0,0.0139,0.018,Good,Medium,1.8755,10.0,10.0,21.1451,Safe,70.0235,15.5589,18.1359,Aligned,15.255,35.4485,Side Impact Potential,Rural,2.0818,False,Residential,Poor Infrastructure,-0.0178,,False,12.5073,-0.0189,0.0156,Aligned,16,Unnamed Road,3739
5435,Unnamed Road,Urban Road,URB-05435,5435,12.9356,77.7058,12.9306,77.7033,966.4,2174.0,2174.966,10.5118,Aligned,0.9793,0.9461,-0.0128,-0.0143,-0.002,32.172,30.226,28.1767,0.1677,15.856,51.368,95.5655,0.1883,29.741,1.8958,No,0.0,-0.0069,-0.0194,Poor,Medium,2.6998,10.0,10.6319,21.5656,Safe,69.2639,29.7886,18.1585,Aligned,28.5846,51.0816,Side Impact Potential,Peri-Urban,2.2612,False,Residential,Poor Infrastructure,-0.016,,False,25.427,0.0163,-0.0027,Aligned,30,Unnamed Road,3740
5436,Unnamed Road,Urban Road,URB-05436,5436,12.9802,77.5969,12.9805,77.5969,30.7,2174.4,2174.431,38.5634,Moderate Misalignment,0.9441,0.0584,0.9445,0.0108,0.0082,80.1807,80.5907,100.0,37.7701,26.0634,79.5337,10.0,0.1406,60.0,29.243,No,0.0,-0.0036,1.9793,Poor,Low,0.0228,10.0,10.2407,25.4061,Moderate Risk,68.9355,79.6768,31.0886,Moderate Misalignment,81.6949,39.4966,Separated Traffic,Rural,6.0617,True,Residential,Active Congestion | Above Human Tolerance Limit,0.6453,Severe,False,29.5559,0.0122,0.0082,Moderate Misalignment,80,Unnamed Road,3741
5437,Unnamed Road,Urban Road,URB-05437,5437,12.9809,77.5938,12.9802,77.5969,393.7,2174.8,2175.194,39.0806,Moderate Misalignment,0.7955,0.1554,0.8153,0.0614,0.008,79.9988,80.664,98.8064,18.6145,18.7681,79.8627,85.2692,0.0,59.2122,8.213,No,0.0,-0.0057,0.0004,Poor,Medium,0.1881,10.0,10.1357,24.5781,Safe,66.489,77.7441,29.52,Moderate Misalignment,85.4947,42.9006,Separated Traffic,Rural,5.0876,True,Residential,Poor Infrastructure | Above Human Tolerance Limit,0.0056,,False,81.5467,-0.003,-0.0127,Moderate Misalignment,80,Unnamed Road,3742
5438,Unnamed Road,Urban Road,URB-05438,5438,12.9807,77.5974,12.9805,77.5969,51.9,2175.2,2175.252,13.1196,Aligned,0.895,0.9101,0.0572,-0.0123,0.0063,39.2374,38.3037,89.1503,21.2152,23.4019,50.7349,55.297,0.0,40.3622,13.2147,No,0.0,0.0041,0.1176,Poor,Medium,1.5661,10.0,10.0,22.134,Safe,73.0413,38.1907,19.4857,Aligned,41.7127,58.1368,Side Impact Potential,Peri-Urban,5.0829,True,Mixed,Active Congestion | Poor Infrastructure,0.7561,Severe,False,10.5764,-0.0099,0.0032,Aligned,41,Unnamed Road,3743
5439,Unnamed Road,Urban Road,URB-05439,5439,12.9805,77.5969,12.981,77.5971,58.4,2175.6,2175.658,36.0763,Moderate Misalignment,0.7779,0.2198,0.7645,-0.0146,0.0028,34.9336,35.992,59.6479,3.3523,19.1776,50.4387,100.0,0.1628,29.8051,8.9141,No,0.0,-0.0037,-0.0472,Poor,High,1.8969,10.0,18.8261,25.7593,Moderate Risk,64.7619,37.4421,25.7986,Moderate Misalignment,36.336,50.0909,Side Impact Potential,Peri-Urban,1.8144,True,Commercial,Poor Infrastructure,-0.0077,,False,30.1405,-0.0118,-0.021,Moderate Misalignment,36,Unnamed Road,3744
5440,Unnamed Road,Urban Road,URB-05440,5440,13.0279,77.5397,13.0287,77.54,96.3,2176.0,2176.096,9.6745,Aligned,0.9989,0.996,-0.0047,-0.0068,0.0057,21.5723,23.2532,25.5675,6.2916,22.6651,50.0931,79.5698,0.0,29.6026,9.5448,No,0.0,0.0003,0.0033,Poor,Medium,2.8951,10.0,10.8518,22.9567,Safe,70.0659,20.2763,19.5722,Aligned,23.5634,57.7733,Side Impact Potential,Peri-Urban,0.9084,False,Commercial,Poor Infrastructure,0.143,Light,False,16.7475,0.0059,0.0106,Aligned,22,Unnamed Road,3745
5441,Unnamed Road,Urban Road,URB-05441,5441,13.0215,77.5508,13.0207,77.5506,90.2,2176.4,2176.49,9.9474,Aligned,0.924,0.9237,0.095,-0.0301,0.0131,14.5512,18.9496,30.494,1.891,12.1268,49.3959,87.6432,0.1,20.0,3.3029,No,0.0,-0.0071,0.0136,Poor,Medium,1.7388,10.0,10.0269,20.0207,Safe,70.7267,15.7161,17.4899,Aligned,14.2274,35.0607,Side Impact Potential,Rural,0.8989,False,Residential,Poor Infrastructure,0.1594,Light,False,12.6989,-0.01,0.0014,Aligned,18,Unnamed Road,3746
5442,Unnamed Road,Urban Road,URB-05442,5442,13.0204,77.55,13.0207,77.5506,67.8,2176.8,2176.868,24.9426,Aligned,0.5267,0.5605,0.5071,0.0011,-0.0134,37.5215,36.7813,32.1771,9.0273,24.5788,50.3338,98.3566,0.0,30.6399,13.3224,No,0.0,0.0058,0.0202,Poor,Medium,3.0056,10.0,22.7575,26.1335,Moderate Risk,66.2626,35.5675,27.6398,Moderate Misalignment,37.4163,59.5504,Side Impact Potential,Peri-Urban,1.9813,False,Residential,Poor Infrastructure,0.0158,,False,30.527,-0.0037,0.0043,Aligned,36,Unnamed Road,3747
5443,Unnamed Road,Urban Road,URB-05443,5443,13.0217,77.5502,13.0204,77.55,151.6,2177.2,2177.352,35.8847,Moderate Misalignment,0.5474,0.3278,0.539,0.1362,-0.0092,79.056,79.1549,100.0,10.3667,16.2437,78.4367,85.1653,0.338,60.0,9.9561,No,0.0,-0.0075,0.0341,Poor,Low,0.241,10.0,15.7775,31.4588,Moderate Risk,54.6438,79.7183,46.1656,Moderate Misalignment,104.071,41.4878,Separated Traffic,Rural,7.9966,True,Residential,Poor Infrastructure | Above Human Tolerance Limit,0.127,Light,False,80.2596,-0.0033,-0.0031,Moderate Misalignment,80,Unnamed Road,3748
5444,Unnamed Road,Urban Road,URB-05444,5444,13.0202,77.5497,13.0204,77.55,38.9,2177.6,2177.639,40.2653,Moderate Misalignment,0.9955,-0.0301,0.9972,0.0233,0.0087,81.172,81.217,100.0,0.0581,14.3665,80.3416,98.9654,0.0,60.0,8.2353,No,0.0,-0.0049,-0.0378,Poor,Medium,0.2132,10.0,25.6795,28.7187,Moderate Risk,56.4761,80.2426,39.7409,Moderate Misalignment,100.8951,35.0929,Separated Traffic,Rural,5.9909,True,Industrial,Poor Infrastructure,0.1427,Light,False,80.9529,0.0101,0.0022,Moderate Misalignment,79,Unnamed Road,3749
5445,Unnamed Road,Urban Road,URB-05445,5445,13.0184,77.5438,13.0188,77.5442,65.8,2178.0,2178.066,11.128,Aligned,0.9593,0.9351,0.0479,-0.0044,-0.0053,28.6219,29.9065,29.1677,15.8061,24.9383,51.2658,91.0723,0.0,32.5493,16.2149,No,0.0,-0.0008,0.0447,Poor,Medium,3.069,10.0,10.0,22.6148,Safe,71.448,28.786,19.4214,Aligned,25.2517,53.7853,Side Impact Potential,Peri-Urban,0.9433,False,Residential,Poor Infrastructure,0.1517,Light,False,23.3292,-0.0046,-0.0081,Aligned,27,Unnamed Road,3750
5446,Unnamed Road,Urban Road,URB-05446,5446,13.0188,77.5442,13.0191,77.5446,49.2,2178.4,2178.449,9.9891,Aligned,0.9358,0.9521,0.0871,0.0042,0.0029,36.2739,34.0908,58.1275,11.2762,25.4939,51.4106,91.8004,0.3031,41.0554,18.8815,No,0.0,0.011,0.0844,Good,Medium,1.7971,10.0,10.4084,23.2179,Safe,70.247,36.7814,18.3087,Aligned,36.043,55.8089,Side Impact Potential,Peri-Urban,3.9029,False,Residential,Poor Infrastructure,-0.0204,,False,32.4851,0.0059,0.0073,Aligned,34,Unnamed Road,3751
5447,Unnamed Road,Urban Road,URB-05447,5447,13.0188,77.5442,13.0193,77.5439,60.8,2178.8,2178.861,14.0639,Aligned,0.9007,0.8748,0.0924,0.0016,-0.0033,40.0374,39.8752,100.0,22.9444,25.0879,80.291,57.8227,0.0758,59.6627,19.058,No,0.0,0.0012,-0.0428,Good,High,0.2251,10.0,10.0,21.7591,Safe,73.3488,40.1219,19.9841,Aligned,38.873,49.2135,Separated Traffic,Peri-Urban,3.9604,True,Residential,Poor Infrastructure,-0.0028,,False,33.3314,0.0001,0.0007,Aligned,38,Unnamed Road,3752
5448,Unnamed Road,Urban Road,URB-05448,5448,13.0174,77.5471,13.0186,77.5465,146.5,2179.2,2179.347,11.2196,Aligned,0.9718,1.0008,0.037,-0.0078,0.0056,31.0248,30.8173,78.2136,50.0501,25.9015,50.959,76.9286,0.0,38.8259,18.1528,No,0.0,-0.0045,0.0626,Good,High,1.9878,10.0,10.3229,17.9338,Safe,80.42,29.3231,17.3815,Aligned,30.7103,57.1752,Side Impact Potential,Urban,1.8446,True,Commercial,Meets Safe System Standards,-0.007,,False,28.0779,0.0096,-0.0057,Aligned,29,Unnamed Road,3753
5449,Unnamed Road,Urban Road,URB-05449,5449,13.0186,77.5465,13.0192,77.546,92.3,2179.6,2179.692,10.354,Aligned,0.9932,1.0413,0.0298,-0.0134,-0.0043,31.454,32.3374,79.4098,39.019,30.0605,69.6908,77.0868,0.0,59.1929,16.8844,No,0.0,0.0001,0.0105,Good,Low,1.5011,10.0,10.0,20.9947,Safe,76.5922,33.9516,18.029,Aligned,30.3208,64.8034,Separated Traffic,Urban,2.9537,True,Commercial,Meets Safe System Standards,0.1594,Light,False,23.5673,0.0035,0.0171,Aligned,32,Unnamed Road,3754
5450,Unnamed Road,Urban Road,URB-05450,5450,13.0186,77.5465,13.0191,77.5476,136.5,2180.0,2180.137,10.5998,Aligned,0.9337,0.9375,0.0773,0.0024,0.0009,33.9351,32.2712,53.1088,9.5034,24.709,48.5469,75.1594,0.0,42.3831,18.5535,No,0.0,0.0029,0.0258,Poor,Low,2.0714,10.0,10.2009,23.459,Safe,69.6826,31.8085,20.3713,Aligned,33.2064,49.9563,Side Impact Potential,Peri-Urban,2.957,False,Industrial,Poor Infrastructure,0.1848,Light,False,25.3089,0.0009,0.006,Aligned,34,Unnamed Road,3755
5451,Unnamed Road,Urban Road,URB-05451,5451,13.0186,77.5465,13.019,77.546,69.3,2180.4,2180.469,19.1001,Aligned,0.6812,0.7022,0.2686,0.0214,0.001,38.4672,38.1085,52.4436,13.287,23.405,48.9974,93.948,0.0,30.6523,14.2428,No,0.0,0.0122,-0.0087,Good,High,2.5584,10.0,29.5605,26.1574,Moderate Risk,65.2886,38.2585,28.5892,Moderate Misalignment,37.8468,52.8855,Side Impact Potential,Peri-Urban,3.3345,False,Mixed,Poor Infrastructure,-0.0097,,False,36.5296,0.0009,0.0023,Aligned,38,Unnamed Road,3756
5452,Unnamed Road,Urban Road,URB-05452,5452,13.018,77.5451,13.0186,77.5465,273.7,2180.8,2181.074,14.192,Aligned,0.93,0.9829,0.0597,0.0139,-0.0116,32.7057,29.5609,49.4326,25.6509,31.1628,47.2663,88.1347,0.2303,26.8286,38.5249,No,0.0,-0.003,1.0195,Poor,High,1.4831,10.0,10.5993,23.7245,Safe,72.3417,27.8877,22.0168,Aligned,29.316,34.5988,Side Impact Potential,Rural,2.1816,False,Industrial,Poor Infrastructure,0.1575,Light,False,22.7649,0.0106,-0.016,Aligned,33,Unnamed Road,3757
5453,Unnamed Road,Urban Road,URB-05453,5453,13.0201,77.5467,13.0192,77.546,158.4,2181.2,2181.358,10.7161,Aligned,0.9853,1.0153,-0.0028,0.0018,0.0008,20.0732,19.588,27.7395,0.0,17.0312,50.1908,78.817,0.0,32.4071,10.1401,No,0.0,0.0071,0.0055,Poor,Low,1.2302,10.0,10.1311,21.7035,Safe,69.5495,20.2456,19.4123,Aligned,18.1718,37.9883,Side Impact Potential,Rural,1.153,False,Industrial,Poor Infrastructure,0.1798,Light,False,14.7967,-0.0323,0.0107,Aligned,19,Unnamed Road,3758
5454,Unnamed Road,Urban Road,URB-05454,5454,13.0192,77.5479,13.0191,77.5476,33.8,2181.6,2181.634,13.8923,Aligned,0.9147,0.9181,0.078,0.0222,-0.0031,20.8214,17.2741,38.1838,0.6367,11.1075,71.6539,93.4754,0.0698,20.0,0.0,No,0.0,-0.0092,0.0915,Poor,Medium,0.7437,10.0,10.0,19.8031,Safe,69.9412,18.443,16.3952,Aligned,20.7727,37.0325,Separated Traffic,Rural,2.0471,True,Residential,Poor Infrastructure,0.0084,,False,17.1136,0.0007,-0.0026,Aligned,22,Unnamed Road,3759