segment_id,road_name,road_type,human_segment_id,internal_id,start_lat,start_lon,end_lat,end_lon,length_m,start_km,end_km,road_risk_score,ai_risk_label,ai_risk_probability,prob_low_risk,prob_medium_risk,prob_high_risk,prob_critical_risk,ai_recommended_speed,recommended_safe_speed,road_function_score,infrastructure_score,exposure_score,human_tolerance_limit,operating_speed_score,crash_risk_score,posted_speed_limit,pedestrian_exposure_score,blackspot_flag,crash_count,fatal_crashes,schools_count,lighting_quality,roadside_hazards,intersection_density,speed_compliance_rate,speed_violation_score,hotspot_score,hotspot_category,speed_safety_score,original_safe_speed,misalignment_score,misalignment_category,speed_p85,ptw_share_pct,exposure_tier,urban_rural_flag,lane_count,median_presence,land_use_type,top_ai_factors,congestion_index,congestion_category,congestion_smoothed,operating_speed_mean,minor_crashes,major_crashes,risk_category,final_safe_speed,corridor_base,corridor_seq
5455,Unnamed Road,Urban Road,URB-05455,5455,13.0204,77.5449,13.0207,77.5449,36.2,2182.0,2182.036,39.7593,Moderate Misalignment,0.9139,0.0292,0.9519,0.0402,0.0031,28.3601,30.8697,84.4391,69.2643,51.1305,29.704,95.9889,0.494,40.9496,55.1091,No,0.0,-0.0037,1.018,Good,Medium,1.8477,10.0,13.1728,31.6842,Moderate Risk,70.0757,31.3028,39.8893,Moderate Misalignment,46.9041,63.1899,Significant Pedestrian Interaction,Urban,4.0184,True,Commercial,High Pedestrian Interaction | Above Human Tolerance Limit,-0.0355,,False,38.3561,-0.0152,0.008,Moderate Misalignment,28,Unnamed Road,3760
5456,Unnamed Road,Urban Road,URB-05456,5456,13.0204,77.5449,13.0202,77.5452,47.7,2182.4,2182.448,12.3414,Aligned,0.9799,1.0006,0.0499,-0.0222,0.002,35.0581,36.7118,84.0235,60.2292,33.7271,50.5148,75.2408,0.0182,50.4617,25.9834,No,0.0,-0.0063,-0.0782,Good,Medium,1.6101,10.0,10.0,19.1903,Safe,81.844,36.0791,17.1709,Aligned,37.6419,67.6382,Side Impact Potential,Urban,4.8486,True,Commercial,Meets Safe System Standards,0.004,,False,31.7316,0.0181,-0.0005,Aligned,37,Unnamed Road,3761
5457,Unnamed Road,Urban Road,URB-05457,5457,13.0204,77.5449,13.0193,77.545,128.9,2182.8,2182.929,9.9022,Aligned,0.9728,1.015,0.0468,-0.011,-0.0084,38.8414,39.3979,77.9644,28.1276,27.9966,49.1509,78.1546,0.0,59.7086,16.2494,No,0.0,-0.0063,0.0457,Good,Medium,2.3162,10.0,10.0,21.8135,Safe,73.7846,40.8861,18.7287,Aligned,39.8416,63.4048,Side Impact Potential,Urban,2.7502,True,Residential,Poor Infrastructure,0.0044,,False,34.0137,-0.0054,-0.0142,Aligned,41,Unnamed Road,3762
5458,Unnamed Road,Urban Road,URB-05458,5458,13.0202,77.5452,13.0195,77.5453,109.4,2183.2,2183.309,39.5761,Moderate Misalignment,0.8827,0.0993,0.8452,0.0484,-0.001,26.153,28.8314,80.1154,33.8251,39.8503,30.4315,73.5501,0.4169,40.2799,49.3899,No,0.0,-0.0099,1.0368,Poor,Low,1.7632,10.0,10.0,31.2042,Moderate Risk,64.7492,27.3541,36.3907,Moderate Misalignment,24.6292,52.7739,Significant Pedestrian Interaction,Peri-Urban,3.1126,True,Industrial,High Pedestrian Interaction | Poor Infrastructure | Above Human Tolerance Limit,-0.0184,,False,23.1296,-0.0131,-0.0014,Moderate Misalignment,25,Unnamed Road,3763
5459,Unnamed Road,Urban Road,URB-05459,5459,13.0193,77.545,13.019,77.5451,26.0,2183.6,2183.626,17.7595,Aligned,0.7665,0.7832,0.2252,0.02,-0.0028,49.0125,50.8471,82.9983,31.1853,25.5442,48.7089,94.0766,0.0,50.6355,16.9713,No,0.0,0.0013,-0.0396,Good,Low,1.6638,10.0,11.1137,21.9869,Safe,72.9716,49.3294,22.8376,Aligned,56.4819,57.8805,Side Impact Potential,Urban,4.9305,True,Commercial,Poor Infrastructure,0.0102,,False,46.068,0.0058,-0.0013,Aligned,50,Unnamed Road,3764
5460,Unnamed Road,Urban Road,URB-05460,5460,13.0195,77.5453,13.0193,77.545,39.0,2184.0,2184.039,37.1868,Moderate Misalignment,0.8431,0.1071,0.8459,0.0389,-0.0033,71.2948,73.282,97.1585,12.1334,19.0257,78.3227,91.4936,0.0358,60.0,8.0671,No,0.0,-0.0017,0.0099,Poor,Medium,0.1115,10.0,18.4025,24.3519,Safe,64.9186,71.748,29.0999,Moderate Misalignment,70.98,46.7813,Separated Traffic,Rural,4.0867,True,Mixed,Poor Infrastructure,0.1552,Light,False,54.3797,-0.0095,-0.0023,Moderate Misalignment,70,Unnamed Road,3765
5461,Unnamed Road,Urban Road,URB-05461,5461,13.019,77.5451,13.0189,77.5448,37.3,2184.4,2184.437,13.6313,Aligned,0.9294,0.9729,0.0858,-0.0032,-0.0015,31.4643,30.7149,51.0082,12.2451,26.6473,49.2101,77.0205,0.17,38.6225,16.8219,No,0.0,-0.0045,-0.0025,Poor,Low,2.0723,10.0,10.0913,22.8295,Safe,70.2724,31.0573,20.0979,Aligned,31.6999,50.682,Side Impact Potential,Peri-Urban,3.6372,False,Industrial,Poor Infrastructure,0.1846,Light,False,25.1278,-0.0052,-0.0038,Aligned,32,Unnamed Road,3766
5462,Unnamed Road,Urban Road,URB-05462,5462,13.019,77.5451,13.019,77.546,121.6,2184.8,2184.922,9.2618,Aligned,0.9775,0.9752,0.0542,0.0016,-0.0081,39.9515,40.4251,83.2658,32.5565,44.8515,49.8007,71.8467,0.5357,49.3219,41.7672,No,0.0,-0.0012,1.0147,Poor,Low,1.8473,10.0,10.0,28.0661,Moderate Risk,71.2983,39.5309,25.848,Aligned,38.5698,65.9832,Side Impact Potential,Urban,5.1091,True,Residential,Poor Infrastructure,0.1211,Light,False,30.5058,0.0016,-0.0035,Aligned,40,Unnamed Road,3767
5463,Unnamed Road,Urban Road,URB-05463,5463,13.0189,77.5448,13.0191,77.5446,41.1,2185.2,2185.241,29.3227,Moderate Misalignment,0.7004,0.275,0.7108,-0.0017,0.0086,29.7156,29.7262,49.4726,10.4715,25.5481,50.1843,94.5087,0.7799,27.2707,20.0441,No,0.0,0.0029,0.0461,Good,Low,2.37,10.0,10.0,23.2046,Safe,69.3021,31.5902,21.2077,Aligned,30.2882,48.712,Side Impact Potential,Peri-Urban,2.952,False,Residential,Poor Infrastructure,0.0071,,False,27.7202,0.0062,0.0164,Moderate Misalignment,30,Unnamed Road,3768
5464,Unnamed Road,Urban Road,URB-05464,5464,13.0189,77.5448,13.0185,77.5449,55.2,2185.6,2185.655,14.3075,Aligned,0.8965,0.85,0.1165,0.0139,0.0014,69.6074,71.3625,99.2064,0.0,13.094,80.4189,70.8512,0.0,60.0,0.0,No,0.0,0.0038,0.041,Poor,Low,0.0935,10.0,10.0615,21.0672,Safe,68.6747,70.5565,17.5773,Aligned,68.2384,46.048,Separated Traffic,Rural,4.0729,True,Mixed,Poor Infrastructure,-0.0184,,False,61.1366,-0.0136,0.0171,Aligned,69,Unnamed Road,3769
5465,Unnamed Road,Urban Road,URB-05465,5465,13.0192,77.5479,13.0201,77.5488,161.2,2186.0,2186.161,17.5404,Aligned,0.7895,0.7819,0.2268,0.0086,-0.0012,70.1468,67.8472,99.1222,11.6197,14.2456,77.5817,79.3931,0.0698,59.3077,9.9821,No,0.0,-0.0086,0.0047,Poor,High,0.2183,10.0,10.0,19.5661,Safe,72.509,66.1035,16.8822,Aligned,67.2184,32.7207,Separated Traffic,Rural,4.9274,True,Residential,Poor Infrastructure,0.0002,,False,54.5396,-0.0004,0.0138,Aligned,70,Unnamed Road,3770
5466,Unnamed Road,Urban Road,URB-05466,5466,13.0192,77.5479,13.0201,77.5467,190.0,2186.4,2186.59,12.2253,Aligned,0.9493,0.9299,0.0183,0.0035,0.0216,34.2781,37.063,87.3248,27.2694,31.2547,48.9721,53.4529,0.4738,39.7115,24.1523,No,0.0,0.004,0.0056,Poor,High,2.3193,10.0,10.0352,23.2524,Safe,72.1651,36.8356,19.7272,Aligned,35.2649,60.1646,Side Impact Potential,Urban,6.1015,True,Residential,Active Congestion | Poor Infrastructure,0.8106,Severe,False,10.0,0.0131,-0.0066,Aligned,37,Unnamed Road,3771
5467,Unnamed Road,Urban Road,URB-05467,5467,13.0198,77.544,13.0191,77.5446,105.5,2186.8,2186.906,9.3768,Aligned,0.9774,0.9688,0.0493,0.0189,0.0162,30.0186,27.4746,29.1828,18.9262,19.018,49.586,91.3187,0.0964,39.9395,13.4879,No,0.0,-0.0004,0.003,Poor,Low,2.0743,10.0,10.0,20.0774,Safe,74.8039,29.986,17.9626,Aligned,26.0862,43.3925,Side Impact Potential,Rural,1.799,False,Industrial,Poor Infrastructure,-0.0057,,False,27.121,0.0032,0.0119,Aligned,30,Unnamed Road,3772
5468,Unnamed Road,Urban Road,URB-05468,5468,13.0191,77.5446,13.0208,77.5446,185.8,2187.2,2187.386,39.4585,Moderate Misalignment,0.7865,0.1523,0.7728,0.0535,0.0004,81.0519,81.0169,100.0,0.3624,15.4143,80.8095,84.9147,0.0,59.92,6.797,No,0.0,-0.0087,-0.0259,Poor,Medium,0.0959,10.0,10.0,25.7517,Moderate Risk,61.3425,81.5469,30.7645,Moderate Misalignment,85.8996,38.6588,Separated Traffic,Rural,6.783,True,Commercial,Poor Infrastructure | Above Human Tolerance Limit,-0.0088,,False,78.3184,-0.0106,-0.0029,Moderate Misalignment,80,Unnamed Road,3773
5469,Unnamed Road,Urban Road,URB-05469,5469,13.018,77.5451,13.0185,77.5449,58.6,2187.6,2187.659,67.6703,High Misalignment,0.7939,-0.0079,0.1866,0.7974,0.0076,30.1169,30.559,80.5778,50.3274,49.9235,29.6384,67.5694,0.0,58.2939,60.2183,No,0.0,0.0035,1.0639,Good,Medium,1.701,10.0,10.0622,42.5246,Moderate Risk,53.1381,27.8262,60.9335,High Misalignment,45.4421,59.8916,Significant Pedestrian Interaction,Urban,2.0365,True,Mixed,Speed Limit Misaligned | High Pedestrian Interaction | Above Human Tolerance Limit,-0.0196,,False,38.115,0.0017,0.0031,High Misalignment,29,Unnamed Road,3774
5470,Unnamed Road,Urban Road,URB-05470,5470,13.0185,77.5449,13.019,77.546,137.4,2188.0,2188.137,13.1416,Aligned,0.8802,0.8714,0.0801,-0.012,0.0074,58.0462,58.038,100.0,0.4165,19.0926,79.8553,71.5487,0.2859,60.0,10.0441,No,0.0,-0.0068,-0.0255,Poor,High,0.2483,10.0,10.0,22.7269,Safe,68.6957,56.5551,20.0612,Aligned,58.6262,46.3727,Separated Traffic,Rural,8.0391,True,Residential,Poor Infrastructure,-0.0123,,False,47.9041,0.0126,-0.0026,Aligned,59,Unnamed Road,3775
5471,Unnamed Road,Urban Road,URB-05471,5471,13.0168,77.5448,13.0164,77.544,91.6,2188.4,2188.492,18.579,Aligned,0.7545,0.7471,0.2626,-0.0121,0.0046,76.706,80.11,100.0,1.632,12.2933,82.615,94.0976,0.4695,59.729,1.6902,No,0.0,-0.0034,0.0207,Good,Low,0.2102,10.0,10.3786,21.963,Safe,66.4241,74.4648,22.8806,Aligned,78.0239,34.4682,Separated Traffic,Rural,6.915,True,Residential,Poor Infrastructure,0.0239,,False,68.4968,0.0058,0.0045,Aligned,76,Unnamed Road,3776
5472,Unnamed Road,Urban Road,URB-05472,5472,13.0169,77.5439,13.0168,77.5448,134.9,2188.8,2188.935,10.941,Aligned,0.9573,0.8789,0.018,0.014,-0.0022,34.8525,35.8211,78.1225,52.6544,35.47,48.79,69.3378,0.1479,50.7684,37.007,No,0.0,-0.0023,-0.0744,Poor,Low,2.147,10.0,10.2416,20.3644,Safe,80.0759,34.7825,19.0478,Aligned,34.1731,57.001,Side Impact Potential,Urban,6.1097,False,Residential,Meets Safe System Standards,0.0104,,False,27.7575,-0.0055,0.0045,Aligned,37,Unnamed Road,3777
5473,Unnamed Road,Urban Road,URB-05473,5473,13.0164,77.544,13.0161,77.5442,41.7,2189.2,2189.242,7.9733,Aligned,0.9884,1.0056,0.0219,-0.0149,-0.0031,36.5137,34.2073,77.1154,57.697,31.3439,50.5782,78.8222,0.0,39.2584,24.0644,No,0.0,-0.0018,-0.0851,Good,High,1.8525,10.0,10.0839,18.233,Safe,81.5173,34.8471,15.6472,Aligned,31.2196,59.6763,Side Impact Potential,Urban,5.9333,False,Residential,Meets Safe System Standards,0.1531,Light,False,26.2053,-0.0009,0.0019,Aligned,35,Unnamed Road,3778
5474,Unnamed Road,Urban Road,URB-05474,5474,13.0164,77.544,13.0169,77.5439,52.4,2189.6,2189.652,11.1938,Aligned,0.9784,0.9677,0.0125,-0.0065,-0.0074,40.8747,40.2027,28.4778,11.3397,19.0852,50.3205,92.7086,0.0,30.4396,3.2397,No,0.0,0.0015,0.0109,Poor,High,2.5513,10.0,33.4234,23.8637,Moderate Risk,65.7799,38.0766,28.6986,Moderate Misalignment,39.6464,56.295,Side Impact Potential,Peri-Urban,2.0067,False,Mixed,Poor Infrastructure,0.0024,,False,33.7269,0.0001,0.0008,Aligned,39,Unnamed Road,3779
5475,Unnamed Road,Urban Road,URB-05475,5475,13.0173,77.5437,13.0169,77.5439,55.3,2190.0,2190.055,12.898,Aligned,0.9552,0.9604,0.0671,0.0019,-0.0025,35.2464,35.1924,50.5601,0.0,13.7267,51.3461,80.1971,0.1082,58.8137,3.1096,No,0.0,-0.0009,0.0122,Poor,Low,1.7247,10.0,10.0,20.9175,Safe,69.1555,37.5143,17.1793,Aligned,34.8195,38.9742,Side Impact Potential,Rural,1.9706,False,Residential,Poor Infrastructure,0.2378,Light,False,26.4782,0.0145,-0.0164,Aligned,36,Unnamed Road,3780
5476,Unnamed Road,Urban Road,URB-05476,5476,13.0178,77.5435,13.0173,77.5437,51.7,2190.4,2190.452,11.6507,Aligned,0.9565,0.9097,0.0088,-0.0021,0.0002,36.9987,38.2983,52.1843,36.9696,47.0662,49.3788,83.1793,0.1441,41.0043,56.1531,No,0.0,0.0011,1.0233,Good,Low,2.339,10.0,10.3052,28.0387,Moderate Risk,71.6479,36.9764,26.1273,Aligned,36.1643,60.248,Side Impact Potential,Urban,2.0982,False,Residential,Poor Infrastructure,0.1564,Light,False,26.6386,0.0168,0.0051,Aligned,36,Unnamed Road,3781
5477,Unnamed Road,Urban Road,URB-05477,5477,12.9583,77.696,12.9615,77.701,871.7,2190.8,2191.672,44.2289,Moderate Misalignment,0.5006,0.2369,0.4915,0.2852,0.0015,78.0169,80.1487,98.6811,0.0,15.9334,81.0095,85.0762,0.0,60.0,4.9307,No,0.0,0.0001,-0.0171,Poor,Low,-0.0123,10.0,11.9994,31.0019,Moderate Risk,53.9092,80.3016,42.5993,Moderate Misalignment,102.4712,47.4849,Separated Traffic,Rural,3.755,True,Residential,Poor Infrastructure | Above Human Tolerance Limit,-0.0064,,False,82.7814,0.0027,-0.0029,Moderate Misalignment,79,Unnamed Road,3782
5478,Unnamed Road,Urban Road,URB-05478,5478,12.9646,77.6068,12.9651,77.6069,65.6,2191.2,2191.266,18.4234,Aligned,0.7281,0.7643,0.2425,0.0376,-0.002,61.7573,61.79,99.6382,49.1324,25.8148,78.9213,61.0405,0.0907,60.0,16.91,No,0.0,0.0026,0.0138,Good,Medium,0.4554,10.0,10.0,17.2946,Safe,81.1663,62.8774,17.0673,Aligned,61.0081,55.0396,Separated Traffic,Urban,6.8258,True,Mixed,Meets Safe System Standards,0.0064,,False,54.8399,-0.0208,-0.0007,Aligned,61,Unnamed Road,3783
5479,Unnamed Road,Urban Road,URB-05479,5479,13.0001,77.6797,13.0,77.6773,289.8,2191.6,2191.89,6.9629,Aligned,1.0041,0.9921,-0.0051,0.0197,0.0041,20.8104,22.3246,30.4289,8.7699,17.4634,50.4383,75.4465,0.2136,59.578,4.1835,No,0.0,0.0008,0.0403,Poor,High,3.0605,10.0,10.4016,21.1021,Safe,70.9784,21.4091,18.4023,Aligned,20.5869,49.4614,Side Impact Potential,Peri-Urban,1.1564,False,Residential,Poor Infrastructure,0.2023,Light,False,14.7784,0.0034,0.0141,Aligned,21,Unnamed Road,3784
5480,Unnamed Road,Urban Road,URB-05480,5480,12.9107,77.6845,12.9118,77.6821,314.2,2192.0,2192.314,9.8952,Aligned,0.9943,1.0028,0.0256,-0.0147,-0.0024,39.8272,39.877,29.7458,11.9406,18.1336,49.6951,92.1549,0.0,40.5367,4.088,No,0.0,-0.0122,-0.0249,Poor,High,2.6937,10.0,33.372,25.1116,Moderate Risk,65.2825,39.8698,26.9932,Moderate Misalignment,39.3617,54.2238,Side Impact Potential,Peri-Urban,1.643,False,Mixed,Poor Infrastructure,-0.0007,,False,32.582,0.0023,-0.0101,Aligned,38,Unnamed Road,3785
5481,Unnamed Road,Urban Road,URB-05481,5481,12.917,77.5889,12.917,77.5873,184.2,2192.4,2192.584,69.2236,High Misalignment,0.8424,0.0407,0.0864,0.8356,0.0038,49.3654,48.5709,70.978,1.0231,21.8078,51.6142,100.0,0.3523,60.0,12.7644,No,0.0,-0.0013,-0.0067,Good,Low,1.6226,10.0,30.5304,36.3742,Moderate Risk,49.3568,51.1794,51.1615,High Misalignment,75.2746,49.6439,Side Impact Potential,Peri-Urban,2.8503,False,Mixed,Speed Limit Misaligned | Poor Infrastructure | Above Human Tolerance Limit,0.1719,Light,False,59.8007,-0.0148,0.0055,High Misalignment,48,Unnamed Road,3786
5482,Unnamed Road,Urban Road,URB-05482,5482,12.9804,77.7274,12.9819,77.7277,183.0,2192.8,2192.983,15.8393,Aligned,0.8103,0.8657,0.1927,-0.0049,-0.0043,62.5857,62.5557,100.0,11.7313,15.8635,81.2167,64.7845,0.5591,59.9645,6.2491,No,0.0,-0.0001,0.0073,Poor,Medium,0.2019,10.0,10.286,19.5683,Safe,72.3216,61.5248,15.2695,Aligned,64.0145,35.5771,Separated Traffic,Rural,4.9988,True,Mixed,Poor Infrastructure,0.2295,Light,False,45.124,-0.0051,0.0161,Aligned,62,Unnamed Road,3787
5483,Unnamed Road,Urban Road,URB-05483,5483,13.0228,77.5421,13.0215,77.5443,283.6,2193.2,2193.484,65.1448,High Misalignment,0.7857,-0.0047,0.215,0.775,0.0026,28.6793,28.4589,76.0623,40.6674,50.2929,31.3647,89.5987,0.3105,58.7208,62.0038,No,0.0,-0.0018,2.0081,Good,Low,1.8669,10.0,15.0512,48.1809,Moderate Risk,43.5989,30.4996,75.3648,High Misalignment,68.2463,63.4622,Significant Pedestrian Interaction,Urban,1.9521,True,Residential,Speed Limit Misaligned | High Pedestrian Interaction | Above Human Tolerance Limit,0.1467,Light,False,52.766,0.0165,-0.0053,High Misalignment,28,Unnamed Road,3788
5484,Unnamed Road,Urban Road,URB-05484,5484,12.9169,77.6222,12.9162,77.6199,263.3,2193.6,2193.863,18.075,Aligned,0.7481,0.7977,0.1503,0.0226,-0.001,63.5552,61.1445,99.0307,4.8971,16.3962,81.4886,73.9745,0.113,60.0,9.3216,No,0.0,-0.0052,0.0016,Poor,High,0.2016,10.0,10.0,20.9606,Safe,71.3099,62.6907,18.6719,Aligned,63.8247,33.8521,Separated Traffic,Rural,7.0585,True,Mixed,Approach to Congestion (Tapered) | Poor Infrastructure,-0.0083,,True,56.4963,0.0028,-0.005,Aligned,64,Unnamed Road,3789
5485,Unnamed Road,Urban Road,URB-05485,5485,13.0206,77.5495,13.0228,77.5502,268.0,2194.0,2194.268,38.2881,Moderate Misalignment,0.9318,0.0721,0.9281,-0.0099,0.0082,32.4613,30.3424,83.668,78.4558,42.2923,28.9006,88.0518,0.0,59.4993,43.0495,No,0.0,-0.0147,-0.0177,Good,Low,1.7492,10.0,12.9986,32.037,Moderate Risk,67.5417,30.4303,47.7732,Moderate Misalignment,56.4269,64.2632,Significant Pedestrian Interaction,Urban,5.1722,True,Residential,High Pedestrian Interaction | Above Human Tolerance Limit,0.1695,Light,False,41.5012,-0.0002,0.003,Moderate Misalignment,31,Unnamed Road,3790
5486,Unnamed Road,Urban Road,URB-05486,5486,13.0263,77.5147,13.024,77.5117,419.9,2194.4,2194.82,41.9295,Moderate Misalignment,0.9377,0.0216,0.9476,0.0529,0.0048,31.277,32.2506,71.1149,34.5764,45.3929,29.0632,40.0487,0.532,51.9029,54.8051,No,0.0,-0.0073,1.0696,Good,Medium,1.474,10.0,10.0,38.557,Moderate Risk,56.2906,31.2498,51.5754,High Misalignment,36.3387,57.372,Significant Pedestrian Interaction,Urban,3.1878,False,Commercial,Speed Limit Misaligned | High Pedestrian Interaction | Active Congestion,0.7455,Severe,False,10.6506,0.0037,0.009,Moderate Misalignment,29,Unnamed Road,3791
5487,Unnamed Road,Urban Road,URB-05487,5487,12.8801,77.6451,12.8815,77.6444,187.0,2194.8,2194.987,41.5121,Moderate Misalignment,0.9537,-0.0044,0.9176,0.0464,-0.0026,28.476,30.1876,80.6087,70.0042,50.8068,30.5791,49.1209,0.0,48.4424,65.6024,No,0.0,0.005,1.999,Good,High,1.3413,10.0,10.0,36.246,Moderate Risk,62.017,32.0825,51.5948,High Misalignment,55.4487,56.8074,Significant Pedestrian Interaction,Urban,4.0959,True,Mixed,Speed Limit Misaligned | High Pedestrian Interaction | Active Congestion,0.7498,Severe,False,14.7041,0.0006,0.0049,Moderate Misalignment,27,Unnamed Road,3792
5488,Unnamed Road,Urban Road,URB-05488,5488,12.9503,77.618,12.9497,77.606,1350.6,2195.2,2196.551,71.3803,High Misalignment,0.8832,0.0172,0.1215,0.8914,-0.0069,51.6643,49.8781,94.0333,6.5878,15.199,48.2326,58.1661,0.2006,59.4687,13.4617,No,0.0,0.0163,0.06,Good,Low,0.2561,10.0,10.0,35.9108,Moderate Risk,46.746,49.2904,55.7233,High Misalignment,58.9005,34.2154,Side Impact Potential,Rural,8.1278,False,Residential,Speed Limit Misaligned | Poor Infrastructure | Above Human Tolerance Limit,-0.0005,,False,49.4296,0.0016,0.0117,High Misalignment,52,Unnamed Road,3793
5489,Unnamed Road,Urban Road,URB-05489,5489,12.9011,77.6324,12.9024,77.6316,199.2,2195.6,2195.799,37.6896,Moderate Misalignment,0.8423,0.1316,0.8409,0.031,0.0011,68.7186,72.8431,100.0,14.1287,18.6969,77.9328,92.0803,0.0,60.0,9.4627,No,0.0,-0.0006,-0.0063,Poor,Medium,0.1497,10.0,18.9212,24.5535,Safe,64.8258,71.722,29.0923,Moderate Misalignment,69.8781,46.9769,Separated Traffic,Rural,4.1021,True,Mixed,Poor Infrastructure,0.1522,Light,False,54.9622,0.0006,0.0096,Moderate Misalignment,70,Unnamed Road,3794
5490,Unnamed Road,Urban Road,URB-05490,5490,12.9985,77.6738,12.9987,77.6737,35.3,2196.0,2196.035,19.3309,Aligned,0.7502,0.7647,0.2497,-0.0021,0.0101,33.0467,33.2258,52.5815,0.0,22.5512,48.0499,95.7998,0.0,29.1764,7.6092,No,0.0,-0.0012,0.0039,Poor,High,2.5411,10.0,10.1313,24.7326,Moderate Risk,65.712,34.4889,24.1004,Aligned,34.5062,60.3123,Side Impact Potential,Urban,1.9691,False,Mixed,Poor Infrastructure,-0.0029,,False,28.7525,0.0057,-0.0064,Aligned,33,Unnamed Road,3795
5491,Unnamed Road,Urban Road,URB-05491,5491,12.9985,77.6738,12.998,77.6737,56.0,2196.4,2196.456,11.7695,Aligned,1.0076,0.965,0.0026,-0.008,-0.0099,26.8342,28.5985,29.7574,17.8311,25.0728,49.2378,89.9517,0.2796,20.8892,19.482,No,0.0,0.0056,0.0723,Good,Low,3.6113,10.0,33.4421,24.5852,Safe,68.6284,27.1606,25.5074,Moderate Misalignment,26.3,51.2929,Side Impact Potential,Peri-Urban,1.9412,False,Commercial,Poor Infrastructure,0.0004,,False,27.1974,-0.0041,0.0109,Aligned,27,Unnamed Road,3796
5492,Unnamed Road,Urban Road,URB-05492,5492,12.9985,77.6738,12.9983,77.6754,176.9,2196.8,2196.977,29.7674,Moderate Misalignment,0.5625,0.3984,0.5383,0.0317,-0.0027,81.41,77.3948,97.9087,12.4949,16.3448,78.7427,54.8106,0.1377,60.0,8.7997,No,0.0,0.0101,-0.0389,Poor,Low,0.1376,10.0,10.1716,25.0674,Moderate Risk,63.655,80.776,29.1492,Moderate Misalignment,79.0229,37.3166,Separated Traffic,Rural,4.0385,True,Industrial,Poor Infrastructure | Above Human Tolerance Limit,0.1837,Light,False,58.4581,-0.0002,-0.0141,Moderate Misalignment,81,Unnamed Road,3797
5493,Unnamed Road,Urban Road,URB-05493,5493,12.9983,77.6754,12.9981,77.6758,42.3,2197.2,2197.242,33.3057,Moderate Misalignment,0.7975,0.2456,0.785,0.0088,-0.003,28.6192,29.19,54.4957,45.2247,45.5395,30.4855,78.7862,0.0,40.146,54.3456,No,0.0,-0.0037,0.9371,Good,Low,1.7045,10.0,10.1414,30.8738,Moderate Risk,66.5088,29.4075,35.2776,Moderate Misalignment,30.6461,49.9639,Significant Pedestrian Interaction,Peri-Urban,2.969,False,Industrial,High Pedestrian Interaction | Above Human Tolerance Limit,0.0099,,False,25.7253,-0.0088,-0.0062,Moderate Misalignment,29,Unnamed Road,3798
5494,Unnamed Road,Urban Road,URB-05494,5494,12.9981,77.6762,12.9981,77.6758,38.0,2197.6,2197.638,17.6603,Aligned,0.7146,0.7336,0.277,0.0198,-0.0041,68.1351,67.2003,99.5196,7.7723,17.7388,81.4028,79.1783,0.0,60.0,9.5525,No,0.0,0.0037,0.0445,Poor,Low,0.1118,10.0,10.4859,21.2858,Safe,69.6813,71.2845,17.4425,Aligned,70.2343,38.1993,Separated Traffic,Rural,4.8998,True,Industrial,Poor Infrastructure,-0.0108,,False,54.6568,0.0205,-0.0063,Aligned,68,Unnamed Road,3799
5495,Unnamed Road,Urban Road,URB-05495,5495,12.9347,77.7435,12.9345,77.7434,709.8,2198.0,2198.71,11.7016,Aligned,0.9638,1.0039,0.0409,-0.0087,0.006,30.5718,32.0165,78.8093,0.0,23.1546,50.202,80.2904,0.0,40.6336,6.7982,No,0.0,-0.0052,-0.0153,Good,Low,2.165,10.0,10.0,24.0946,Safe,67.4085,30.0321,20.6984,Aligned,27.8044,63.448,Side Impact Potential,Urban,1.9268,True,Mixed,Approach to Congestion (Tapered) | Poor Infrastructure,-0.0008,,True,26.4788,0.0171,0.0013,Aligned,32,Unnamed Road,3800
5496,Unnamed Road,Urban Road,URB-05496,5496,12.8773,77.6544,12.8773,77.6542,25.2,2198.4,2198.425,23.4716,Aligned,0.6527,0.6468,0.2474,0.0481,-0.004,49.6846,49.4346,54.8473,15.8795,20.5163,49.3348,99.0335,0.2769,40.538,3.9385,No,0.0,-0.0037,0.0424,Poor,High,3.0744,10.0,18.9501,24.2279,Safe,67.6158,48.4096,25.7188,Moderate Misalignment,49.0872,55.7531,Side Impact Potential,Urban,2.9243,False,Residential,Approach to Congestion (Tapered) | Poor Infrastructure,-0.0029,,True,41.1109,-0.0171,-0.0016,Aligned,49,Unnamed Road,3801
5497,Unnamed Road,Urban Road,URB-05497,5497,12.8773,77.6542,12.8783,77.6545,131.2,2198.8,2198.931,11.0606,Aligned,0.9886,0.9775,0.0122,-0.0158,-0.0024,39.7313,40.1063,80.533,26.6704,26.7315,48.8527,78.0978,0.3017,60.0,15.6837,No,0.0,0.0053,0.0271,Good,Medium,2.2837,10.0,10.0476,21.2604,Safe,74.2254,38.7364,18.3166,Aligned,38.4741,64.633,Side Impact Potential,Urban,2.9392,True,Residential,Poor Infrastructure,-0.0059,,False,31.1072,0.01,0.0034,Aligned,40,Unnamed Road,3802
5498,Unnamed Road,Urban Road,URB-05498,5498,13.0261,77.525,13.0236,77.5219,426.4,2199.2,2199.626,11.8741,Aligned,0.9131,0.9002,0.0365,0.0233,-0.0021,53.2814,51.84,100.0,11.1583,21.8573,79.5775,51.9872,0.2375,60.0,9.3225,No,0.0,-0.0118,0.0127,Good,Low,0.3324,10.0,10.0,22.1754,Safe,69.6245,51.9572,18.2536,Aligned,49.7776,57.8908,Separated Traffic,Peri-Urban,3.8874,True,Industrial,Poor Infrastructure,0.1896,Light,False,38.3434,-0.0188,-0.0063,Aligned,53,Unnamed Road,3803